Workbook
Name الحد_الأدنى: المدخلات!$N$3
Name فرق_المباراة: المدخلات!$AD$3
Name قائمة_المدن: المدخلات!$AA$3:$AA$98
Name ملاعب_الفئات: المدخلات!$AC$6:$AI$12

Sheet عدد الملاعب
B2: ملخص الملاعب لكل يوم (المجموعات المكتملة فقط)
B3: الفئة | C3: اليوم | D3: نوع الملعب | E3: المجموعات | F3: عدد الفرق | G3: ملاعب قانونية
B4: =المدخلات!$AC$6 | C4: =المدخلات!$AD$6 | D4: =المدخلات!$AE$6 | E4: =COUNTIFS($C$14:$C$197,المدخلات!$AC$6,$G$14:$G$197,">="&الحد_الأدنى) | F4: =SUMIFS($G$14:$G$197,$C$14:$C$197,المدخلات!$AC$6,$G$14:$G$197,">="&الحد_الأدنى) | G4: =SUMIFS($K$14:$K$197,$C$14:$C$197,المدخلات!$AC$6)
B5: =المدخلات!$AC$7 | C5: =المدخلات!$AD$7 | D5: =المدخلات!$AE$7 | E5: =COUNTIFS($C$14:$C$197,المدخلات!$AC$7,$G$14:$G$197,">="&الحد_الأدنى) | F5: =SUMIFS($G$14:$G$197,$C$14:$C$197,المدخلات!$AC$7,$G$14:$G$197,">="&الحد_الأدنى) | G5: =SUMIFS($K$14:$K$197,$C$14:$C$197,المدخلات!$AC$7)
B6: =المدخلات!$AC$8 | C6: =المدخلات!$AD$8 | D6: =المدخلات!$AE$8 | E6: =COUNTIFS($C$14:$C$197,المدخلات!$AC$8,$G$14:$G$197,">="&الحد_الأدنى) | F6: =SUMIFS($G$14:$G$197,$C$14:$C$197,المدخلات!$AC$8,$G$14:$G$197,">="&الحد_الأدنى) | G6: =SUMIFS($K$14:$K$197,$C$14:$C$197,المدخلات!$AC$8)
B7: =المدخلات!$AC$9 | C7: =المدخلات!$AD$9 | D7: =المدخلات!$AE$9 | E7: =COUNTIFS($C$14:$C$197,المدخلات!$AC$9,$G$14:$G$197,">="&الحد_الأدنى) | F7: =SUMIFS($G$14:$G$197,$C$14:$C$197,المدخلات!$AC$9,$G$14:$G$197,">="&الحد_الأدنى) | G7: =SUMIFS($K$14:$K$197,$C$14:$C$197,المدخلات!$AC$9)
B8: =المدخلات!$AC$10 | C8: =المدخلات!$AD$10 | D8: =المدخلات!$AE$10 | E8: =COUNTIFS($C$14:$C$197,المدخلات!$AC$10,$G$14:$G$197,">="&الحد_الأدنى) | F8: =SUMIFS($G$14:$G$197,$C$14:$C$197,المدخلات!$AC$10,$G$14:$G$197,">="&الحد_الأدنى) | G8: =SUMIFS($K$14:$K$197,$C$14:$C$197,المدخلات!$AC$10)
B9: =المدخلات!$AC$11 | C9: =المدخلات!$AD$11 | D9: =المدخلات!$AE$11 | E9: =COUNTIFS($C$14:$C$197,المدخلات!$AC$11,$G$14:$G$197,">="&الحد_الأدنى) | F9: =SUMIFS($G$14:$G$197,$C$14:$C$197,المدخلات!$AC$11,$G$14:$G$197,">="&الحد_الأدنى) | G9: =SUMIFS($K$14:$K$197,$C$14:$C$197,المدخلات!$AC$11)
B10: =المدخلات!$AC$12 | C10: =المدخلات!$AD$12 | D10: =المدخلات!$AE$12 | E10: =COUNTIFS($C$14:$C$197,المدخلات!$AC$12,$G$14:$G$197,">="&الحد_الأدنى) | F10: =SUMIFS($G$14:$G$197,$C$14:$C$197,المدخلات!$AC$12,$G$14:$G$197,">="&الحد_الأدنى) | G10: =SUMIFS($K$14:$K$197,$C$14:$C$197,المدخلات!$AC$12)
B11: الإجمالي | E11: =SUM(E4:E10) | F11: =SUM(F4:F10) | G11: =SUM(G4:G10)
B13: المنطقة | C13: الفئة | D13: اليوم | E13: المجموعة | F13: المدن | G13: عدد الفرق | H13: نوع الملعب | I13: عدد المباريات في اليوم | J13: ملاعب اللعب المطلوبة | K13: ملاعب قانونية معادلة
B14: ='عدد اللاعبين'!B3 | C14: ='عدد اللاعبين'!C3 | D14: =IFERROR(INDEX(المدخلات!$AD$6:$AD$12,MATCH($C14,المدخلات!$AC$6:$AC$12,0)),"") | E14: ='عدد اللاعبين'!D3 | F14: ='عدد اللاعبين'!F3 | G14: ='عدد اللاعبين'!G3 | H14: =IFERROR(INDEX(المدخلات!$AE$6:$AE$12,MATCH($C14,المدخلات!$AC$6:$AC$12,0)),"") | I14: =IF($G14<الحد_الأدنى,0,ROUNDDOWN($G14/فرق_المباراة,0)) | J14: =ROUNDUP($I14/IFERROR(INDEX(المدخلات!$AJ$6:$AJ$12,MATCH($C14,المدخلات!$AC$6:$AC$12,0)),1),0) | K14: =ROUNDUP($J14/IFERROR(INDEX(المدخلات!$AF$6:$AF$12,MATCH($C14,المدخلات!$AC$6:$AC$12,0)),1),0)
B15: ='عدد اللاعبين'!B4 | C15: ='عدد اللاعبين'!C4 | D15: =IFERROR(INDEX(المدخلات!$AD$6:$AD$12,MATCH($C15,المدخلات!$AC$6:$AC$12,0)),"") | E15: ='عدد اللاعبين'!D4 | F15: ='عدد اللاعبين'!F4 | G15: ='عدد اللاعبين'!G4 | H15: =IFERROR(INDEX(المدخلات!$AE$6:$AE$12,MATCH($C15,المدخلات!$AC$6:$AC$12,0)),"") | I15: =IF($G15<الحد_الأدنى,0,ROUNDDOWN($G15/فرق_المباراة,0)) | J15: =ROUNDUP($I15/IFERROR(INDEX(المدخلات!$AJ$6:$AJ$12,MATCH($C15,المدخلات!$AC$6:$AC$12,0)),1),0) | K15: =ROUNDUP($J15/IFERROR(INDEX(المدخلات!$AF$6:$AF$12,MATCH($C15,المدخلات!$AC$6:$AC$12,0)),1),0)
B16: ='عدد اللاعبين'!B5 | C16: ='عدد اللاعبين'!C5 | D16: =IFERROR(INDEX(المدخلات!$AD$6:$AD$12,MATCH($C16,المدخلات!$AC$6:$AC$12,0)),"") | E16: ='عدد اللاعبين'!D5 | F16: ='عدد اللاعبين'!F5 | G16: ='عدد اللاعبين'!G5 | H16: =IFERROR(INDEX(المدخلات!$AE$6:$AE$12,MATCH($C16,المدخلات!$AC$6:$AC$12,0)),"") | I16: =IF($G16<الحد_الأدنى,0,ROUNDDOWN($G16/فرق_المباراة,0)) | J16: =ROUNDUP($I16/IFERROR(INDEX(المدخلات!$AJ$6:$AJ$12,MATCH($C16,المدخلات!$AC$6:$AC$12,0)),1),0) | K16: =ROUNDUP($J16/IFERROR(INDEX(المدخلات!$AF$6:$AF$12,MATCH($C16,المدخلات!$AC$6:$AC$12,0)),1),0)
B17: ='عدد اللاعبين'!B6 | C17: ='عدد اللاعبين'!C6 | D17: =IFERROR(INDEX(المدخلات!$AD$6:$AD$12,MATCH($C17,المدخلات!$AC$6:$AC$12,0)),"") | E17: ='عدد اللاعبين'!D6 | F17: ='عدد اللاعبين'!F6 | G17: ='عدد اللاعبين'!G6 | H17: =IFERROR(INDEX(المدخلات!$AE$6:$AE$12,MATCH($C17,المدخلات!$AC$6:$AC$12,0)),"") | I17: =IF($G17<الحد_الأدنى,0,ROUNDDOWN($G17/فرق_المباراة,0)) | J17: =ROUNDUP($I17/IFERROR(INDEX(المدخلات!$AJ$6:$AJ$12,MATCH($C17,المدخلات!$AC$6:$AC$12,0)),1),0) | K17: =ROUNDUP($J17/IFERROR(INDEX(المدخلات!$AF$6:$AF$12,MATCH($C17,المدخلات!$AC$6:$AC$12,0)),1),0)
B18: ='عدد اللاعبين'!B7 | C18: ='عدد اللاعبين'!C7 | D18: =IFERROR(INDEX(المدخلات!$AD$6:$AD$12,MATCH($C18,المدخلات!$AC$6:$AC$12,0)),"") | E18: ='عدد اللاعبين'!D7 | F18: ='عدد اللاعبين'!F7 | G18: ='عدد اللاعبين'!G7 | H18: =IFERROR(INDEX(المدخلات!$AE$6:$AE$12,MATCH($C18,المدخلات!$AC$6:$AC$12,0)),"") | I18: =IF($G18<الحد_الأدنى,0,ROUNDDOWN($G18/فرق_المباراة,0)) | J18: =ROUNDUP($I18/IFERROR(INDEX(المدخلات!$AJ$6:$AJ$12,MATCH($C18,المدخلات!$AC$6:$AC$12,0)),1),0) | K18: =ROUNDUP($J18/IFERROR(INDEX(المدخلات!$AF$6:$AF$12,MATCH($C18,المدخلات!$AC$6:$AC$12,0)),1),0)
B19: ='عدد اللاعبين'!B8 | C19: ='عدد اللاعبين'!C8 | D19: =IFERROR(INDEX(المدخلات!$AD$6:$AD$12,MATCH($C19,المدخلات!$AC$6:$AC$12,0)),"") | E19: ='عدد اللاعبين'!D8 | F19: ='عدد اللاعبين'!F8 | G19: ='عدد اللاعبين'!G8 | H19: =IFERROR(INDEX(المدخلات!$AE$6:$AE$12,MATCH($C19,المدخلات!$AC$6:$AC$12,0)),"") | I19: =IF($G19<الحد_الأدنى,0,ROUNDDOWN($G19/فرق_المباراة,0)) | J19: =ROUNDUP($I19/IFERROR(INDEX(المدخلات!$AJ$6:$AJ$12,MATCH($C19,المدخلات!$AC$6:$AC$12,0)),1),0) | K19: =ROUNDUP($J19/IFERROR(INDEX(المدخلات!$AF$6:$AF$12,MATCH($C19,المدخلات!$AC$6:$AC$12,0)),1),0)
B20: ='عدد اللاعبين'!B9 | C20: ='عدد اللاعبين'!C9 | D20: =IFERROR(INDEX(المدخلات!$AD$6:$AD$12,MATCH($C20,المدخلات!$AC$6:$AC$12,0)),"") | E20: ='عدد اللاعبين'!D9 | F20: ='عدد اللاعبين'!F9 | G20: ='عدد اللاعبين'!G9 | H20: =IFERROR(INDEX(المدخلات!$AE$6:$AE$12,MATCH($C20,المدخلات!$AC$6:$AC$12,0)),"") | I20: =IF($G20<الحد_الأدنى,0,ROUNDDOWN($G20/فرق_المباراة,0)) | J20: =ROUNDUP($I20/IFERROR(INDEX(المدخلات!$AJ$6:$AJ$12,MATCH($C20,المدخلات!$AC$6:$AC$12,0)),1),0) | K20: =ROUNDUP($J20/IFERROR(INDEX(المدخلات!$AF$6:$AF$12,MATCH($C20,المدخلات!$AC$6:$AC$12,0)),1),0)
B21: ='عدد اللاعبين'!B10 | C21: ='عدد اللاعبين'!C10 | D21: =IFERROR(INDEX(المدخلات!$AD$6:$AD$12,MATCH($C21,المدخلات!$AC$6:$AC$12,0)),"") | E21: ='عدد اللاعبين'!D10 | F21: ='عدد اللاعبين'!F10 | G21: ='عدد اللاعبين'!G10 | H21: =IFERROR(INDEX(المدخلات!$AE$6:$AE$12,MATCH($C21,المدخلات!$AC$6:$AC$12,0)),"") | I21: =IF($G21<الحد_الأدنى,0,ROUNDDOWN($G21/فرق_المباراة,0)) | J21: =ROUNDUP($I21/IFERROR(INDEX(المدخلات!$AJ$6:$AJ$12,MATCH($C21,المدخلات!$AC$6:$AC$12,0)),1),0) | K21: =ROUNDUP($J21/IFERROR(INDEX(المدخلات!$AF$6:$AF$12,MATCH($C21,المدخلات!$AC$6:$AC$12,0)),1),0)
B22: ='عدد اللاعبين'!B11 | C22: ='عدد اللاعبين'!C11 | D22: =IFERROR(INDEX(المدخلات!$AD$6:$AD$12,MATCH($C22,المدخلات!$AC$6:$AC$12,0)),"") | E22: ='عدد اللاعبين'!D11 | F22: ='عدد اللاعبين'!F11 | G22: ='عدد اللاعبين'!G11 | H22: =IFERROR(INDEX(المدخلات!$AE$6:$AE$12,MATCH($C22,المدخلات!$AC$6:$AC$12,0)),"") | I22: =IF($G22<الحد_الأدنى,0,ROUNDDOWN($G22/فرق_المباراة,0)) | J22: =ROUNDUP($I22/IFERROR(INDEX(المدخلات!$AJ$6:$AJ$12,MATCH($C22,المدخلات!$AC$6:$AC$12,0)),1),0) | K22: =ROUNDUP($J22/IFERROR(INDEX(المدخلات!$AF$6:$AF$12,MATCH($C22,المدخلات!$AC$6:$AC$12,0)),1),0)
B23: ='عدد اللاعبين'!B12 | C23: ='عدد اللاعبين'!C12 | D23: =IFERROR(INDEX(المدخلات!$AD$6:$AD$12,MATCH($C23,المدخلات!$AC$6:$AC$12,0)),"") | E23: ='عدد اللاعبين'!D12 | F23: ='عدد اللاعبين'!F12 | G23: ='عدد اللاعبين'!G12 | H23: =IFERROR(INDEX(المدخلات!$AE$6:$AE$12,MATCH($C23,المدخلات!$AC$6:$AC$12,0)),"") | I23: =IF($G23<الحد_الأدنى,0,ROUNDDOWN($G23/فرق_المباراة,0)) | J23: =ROUNDUP($I23/IFERROR(INDEX(المدخلات!$AJ$6:$AJ$12,MATCH($C23,المدخلات!$AC$6:$AC$12,0)),1),0) | K23: =ROUNDUP($J23/IFERROR(INDEX(المدخلات!$AF$6:$AF$12,MATCH($C23,المدخلات!$AC$6:$AC$12,0)),1),0)
B24: ='عدد اللاعبين'!B13 | C24: ='عدد اللاعبين'!C13 | D24: =IFERROR(INDEX(المدخلات!$AD$6:$AD$12,MATCH($C24,المدخلات!$AC$6:$AC$12,0)),"") | E24: ='عدد اللاعبين'!D13 | F24: ='عدد اللاعبين'!F13 | G24: ='عدد اللاعبين'!G13 | H24: =IFERROR(INDEX(المدخلات!$AE$6:$AE$12,MATCH($C24,المدخلات!$AC$6:$AC$12,0)),"") | I24: =IF($G24<الحد_الأدنى,0,ROUNDDOWN($G24/فرق_المباراة,0)) | J24: =ROUNDUP($I24/IFERROR(INDEX(المدخلات!$AJ$6:$AJ$12,MATCH($C24,المدخلات!$AC$6:$AC$12,0)),1),0) | K24: =ROUNDUP($J24/IFERROR(INDEX(المدخلات!$AF$6:$AF$12,MATCH($C24,المدخلات!$AC$6:$AC$12,0)),1),0)
B25: ='عدد اللاعبين'!B14 | C25: ='عدد اللاعبين'!C14 | D25: =IFERROR(INDEX(المدخلات!$AD$6:$AD$12,MATCH($C25,المدخلات!$AC$6:$AC$12,0)),"") | E25: ='عدد اللاعبين'!D14 | F25: ='عدد اللاعبين'!F14 | G25: ='عدد اللاعبين'!G14 | H25: =IFERROR(INDEX(المدخلات!$AE$6:$AE$12,MATCH($C25,المدخلات!$AC$6:$AC$12,0)),"") | I25: =IF($G25<الحد_الأدنى,0,ROUNDDOWN($G25/فرق_المباراة,0)) | J25: =ROUNDUP($I25/IFERROR(INDEX(المدخلات!$AJ$6:$AJ$12,MATCH($C25,المدخلات!$AC$6:$AC$12,0)),1),0) | K25: =ROUNDUP($J25/IFERROR(INDEX(المدخلات!$AF$6:$AF$12,MATCH($C25,المدخلات!$AC$6:$AC$12,0)),1),0)
... B197: ='عدد اللاعبين'!B186 | C197: ='عدد اللاعبين'!C186 | D197: =IFERROR(INDEX(المدخلات!$AD$6:$AD$12,MATCH($C197,المدخلات!$AC$6:$AC$12,0)),"") | E197: ='عدد اللاعبين'!D186 | F197: ='عدد اللاعبين'!F186 | G197: ='عدد اللاعبين'!G186 | H197: =IFERROR(INDEX(المدخلات!$AE$6:$AE$12,MATCH($C197,المدخلات!$AC$6:$AC$12,0)),"") | I197: =IF($G197<الحد_الأدنى,0,ROUNDDOWN($G197/فرق_المباراة,0)) | J197: =ROUNDUP($I197/IFERROR(INDEX(المدخلات!$AJ$6:$AJ$12,MATCH($C197,المدخلات!$AC$6:$AC$12,0)),1),0) | K197: =ROUNDUP($J197/IFERROR(INDEX(المدخلات!$AF$6:$AF$12,MATCH($C197,المدخلات!$AC$6:$AC$12,0)),1),0)
B202: الطلب لكل مجموعة — الملاعب القانونية المطلوبة
B203: المنطقة | C203: المجموعة | D203: المدن | E203: تحت 5 / 7 / 9 (الأعلى) | F203: =المدخلات!$AC$9 | G203: =المدخلات!$AC$10 | H203: =المدخلات!$AC$11 | I203: =المدخلات!$AC$12 | J203: أقصى ملاعب في يوم واحد | K203: إجمالي الفرق | L203: الحالة
B204: — | C204: — | D204: — | E204: =المدخلات!$AD$6 | F204: =المدخلات!$AD$9 | G204: =المدخلات!$AD$10 | H204: =المدخلات!$AD$11 | I204: =المدخلات!$AD$12 | J204: — | K204: — | L204: —
B205: الباحة | C205: مجموعة الباحة | D205: =IFERROR(INDEX('عدد اللاعبين'!$F$3:$F$186,MATCH($C205,'عدد اللاعبين'!$D$3:$D$186,0)),"") | E205: =MAX(SUMIFS($K$14:$K$197,$E$14:$E$197,$C205,$C$14:$C$197,المدخلات!$AC$6),SUMIFS($K$14:$K$197,$E$14:$E$197,$C205,$C$14:$C$197,المدخلات!$AC$7),SUMIFS($K$14:$K$197,$E$14:$E$197,$C205,$C$14:$C$197,المدخلات!$AC$8)) | F205: =SUMIFS($K$14:$K$197,$E$14:$E$197,$C205,$C$14:$C$197,المدخلات!$AC$9) | G205: =SUMIFS($K$14:$K$197,$E$14:$E$197,$C205,$C$14:$C$197,المدخلات!$AC$10) | H205: =SUMIFS($K$14:$K$197,$E$14:$E$197,$C205,$C$14:$C$197,المدخلات!$AC$11) | I205: =SUMIFS($K$14:$K$197,$E$14:$E$197,$C205,$C$14:$C$197,المدخلات!$AC$12) | J205: =MAX($E205:$I205) | K205: =SUMIFS($G$14:$G$197,$E$14:$E$197,$C205,$G$14:$G$197,">="&الحد_الأدنى) | L205: =IF($K205=0,"غير مكتملة","مكتملة")
B206: الجوف | C206: مجموعة القريات | D206: =IFERROR(INDEX('عدد اللاعبين'!$F$3:$F$186,MATCH($C206,'عدد اللاعبين'!$D$3:$D$186,0)),"") | E206: =MAX(SUMIFS($K$14:$K$197,$E$14:$E$197,$C206,$C$14:$C$197,المدخلات!$AC$6),SUMIFS($K$14:$K$197,$E$14:$E$197,$C206,$C$14:$C$197,المدخلات!$AC$7),SUMIFS($K$14:$K$197,$E$14:$E$197,$C206,$C$14:$C$197,المدخلات!$AC$8)) | F206: =SUMIFS($K$14:$K$197,$E$14:$E$197,$C206,$C$14:$C$197,المدخلات!$AC$9) | G206: =SUMIFS($K$14:$K$197,$E$14:$E$197,$C206,$C$14:$C$197,المدخلات!$AC$10) | H206: =SUMIFS($K$14:$K$197,$E$14:$E$197,$C206,$C$14:$C$197,المدخلات!$AC$11) | I206: =SUMIFS($K$14:$K$197,$E$14:$E$197,$C206,$C$14:$C$197,المدخلات!$AC$12) | J206: =MAX($E206:$I206) | K206: =SUMIFS($G$14:$G$197,$E$14:$E$197,$C206,$G$14:$G$197,">="&الحد_الأدنى) | L206: =IF($K206=0,"غير مكتملة","مكتملة")
B207: الجوف | C207: مجموعة سكاكا | D207: =IFERROR(INDEX('عدد اللاعبين'!$F$3:$F$186,MATCH($C207,'عدد اللاعبين'!$D$3:$D$186,0)),"") | E207: =MAX(SUMIFS($K$14:$K$197,$E$14:$E$197,$C207,$C$14:$C$197,المدخلات!$AC$6),SUMIFS($K$14:$K$197,$E$14:$E$197,$C207,$C$14:$C$197,المدخلات!$AC$7),SUMIFS($K$14:$K$197,$E$14:$E$197,$C207,$C$14:$C$197,المدخلات!$AC$8)) | F207: =SUMIFS($K$14:$K$197,$E$14:$E$197,$C207,$C$14:$C$197,المدخلات!$AC$9) | G207: =SUMIFS($K$14:$K$197,$E$14:$E$197,$C207,$C$14:$C$197,المدخلات!$AC$10) | H207: =SUMIFS($K$14:$K$197,$E$14:$E$197,$C207,$C$14:$C$197,المدخلات!$AC$11) | I207: =SUMIFS($K$14:$K$197,$E$14:$E$197,$C207,$C$14:$C$197,المدخلات!$AC$12) | J207: =MAX($E207:$I207) | K207: =SUMIFS($G$14:$G$197,$E$14:$E$197,$C207,$G$14:$G$197,">="&الحد_الأدنى) | L207: =IF($K207=0,"غير مكتملة","مكتملة")
B208: الجوف | C208: مجموعة طبرجل | D208: =IFERROR(INDEX('عدد اللاعبين'!$F$3:$F$186,MATCH($C208,'عدد اللاعبين'!$D$3:$D$186,0)),"") | E208: =MAX(SUMIFS($K$14:$K$197,$E$14:$E$197,$C208,$C$14:$C$197,المدخلات!$AC$6),SUMIFS($K$14:$K$197,$E$14:$E$197,$C208,$C$14:$C$197,المدخلات!$AC$7),SUMIFS($K$14:$K$197,$E$14:$E$197,$C208,$C$14:$C$197,المدخلات!$AC$8)) | F208: =SUMIFS($K$14:$K$197,$E$14:$E$197,$C208,$C$14:$C$197,المدخلات!$AC$9) | G208: =SUMIFS($K$14:$K$197,$E$14:$E$197,$C208,$C$14:$C$197,المدخلات!$AC$10) | H208: =SUMIFS($K$14:$K$197,$E$14:$E$197,$C208,$C$14:$C$197,المدخلات!$AC$11) | I208: =SUMIFS($K$14:$K$197,$E$14:$E$197,$C208,$C$14:$C$197,المدخلات!$AC$12) | J208: =MAX($E208:$I208) | K208: =SUMIFS($G$14:$G$197,$E$14:$E$197,$C208,$G$14:$G$197,">="&الحد_الأدنى) | L208: =IF($K208=0,"غير مكتملة","مكتملة")
B209: الرياض | C209: مجموعة الخرج | D209: =IFERROR(INDEX('عدد اللاعبين'!$F$3:$F$186,MATCH($C209,'عدد اللاعبين'!$D$3:$D$186,0)),"") | E209: =MAX(SUMIFS($K$14:$K$197,$E$14:$E$197,$C209,$C$14:$C$197,المدخلات!$AC$6),SUMIFS($K$14:$K$197,$E$14:$E$197,$C209,$C$14:$C$197,المدخلات!$AC$7),SUMIFS($K$14:$K$197,$E$14:$E$197,$C209,$C$14:$C$197,المدخلات!$AC$8)) | F209: =SUMIFS($K$14:$K$197,$E$14:$E$197,$C209,$C$14:$C$197,المدخلات!$AC$9) | G209: =SUMIFS($K$14:$K$197,$E$14:$E$197,$C209,$C$14:$C$197,المدخلات!$AC$10) | H209: =SUMIFS($K$14:$K$197,$E$14:$E$197,$C209,$C$14:$C$197,المدخلات!$AC$11) | I209: =SUMIFS($K$14:$K$197,$E$14:$E$197,$C209,$C$14:$C$197,المدخلات!$AC$12) | J209: =MAX($E209:$I209) | K209: =SUMIFS($G$14:$G$197,$E$14:$E$197,$C209,$G$14:$G$197,">="&الحد_الأدنى) | L209: =IF($K209=0,"غير مكتملة","مكتملة")
B210: الرياض | C210: مجموعة الدوادمي | D210: =IFERROR(INDEX('عدد اللاعبين'!$F$3:$F$186,MATCH($C210,'عدد اللاعبين'!$D$3:$D$186,0)),"") | E210: =MAX(SUMIFS($K$14:$K$197,$E$14:$E$197,$C210,$C$14:$C$197,المدخلات!$AC$6),SUMIFS($K$14:$K$197,$E$14:$E$197,$C210,$C$14:$C$197,المدخلات!$AC$7),SUMIFS($K$14:$K$197,$E$14:$E$197,$C210,$C$14:$C$197,المدخلات!$AC$8)) | F210: =SUMIFS($K$14:$K$197,$E$14:$E$197,$C210,$C$14:$C$197,المدخلات!$AC$9) | G210: =SUMIFS($K$14:$K$197,$E$14:$E$197,$C210,$C$14:$C$197,المدخلات!$AC$10) | H210: =SUMIFS($K$14:$K$197,$E$14:$E$197,$C210,$C$14:$C$197,المدخلات!$AC$11) | I210: =SUMIFS($K$14:$K$197,$E$14:$E$197,$C210,$C$14:$C$197,المدخلات!$AC$12) | J210: =MAX($E210:$I210) | K210: =SUMIFS($G$14:$G$197,$E$14:$E$197,$C210,$G$14:$G$197,">="&الحد_الأدنى) | L210: =IF($K210=0,"غير مكتملة","مكتملة")
B211: الرياض | C211: مجموعة الرياض | D211: =IFERROR(INDEX('عدد اللاعبين'!$F$3:$F$186,MATCH($C211,'عدد اللاعبين'!$D$3:$D$186,0)),"") | E211: =MAX(SUMIFS($K$14:$K$197,$E$14:$E$197,$C211,$C$14:$C$197,المدخلات!$AC$6),SUMIFS($K$14:$K$197,$E$14:$E$197,$C211,$C$14:$C$197,المدخلات!$AC$7),SUMIFS($K$14:$K$197,$E$14:$E$197,$C211,$C$14:$C$197,المدخلات!$AC$8)) | F211: =SUMIFS($K$14:$K$197,$E$14:$E$197,$C211,$C$14:$C$197,المدخلات!$AC$9) | G211: =SUMIFS($K$14:$K$197,$E$14:$E$197,$C211,$C$14:$C$197,المدخلات!$AC$10) | H211: =SUMIFS($K$14:$K$197,$E$14:$E$197,$C211,$C$14:$C$197,المدخلات!$AC$11) | I211: =SUMIFS($K$14:$K$197,$E$14:$E$197,$C211,$C$14:$C$197,المدخلات!$AC$12) | J211: =MAX($E211:$I211) | K211: =SUMIFS($G$14:$G$197,$E$14:$E$197,$C211,$G$14:$G$197,">="&الحد_الأدنى) | L211: =IF($K211=0,"غير مكتملة","مكتملة")
B212: الشرقية | C212: مجموعة الأحساء | D212: =IFERROR(INDEX('عدد اللاعبين'!$F$3:$F$186,MATCH($C212,'عدد اللاعبين'!$D$3:$D$186,0)),"") | E212: =MAX(SUMIFS($K$14:$K$197,$E$14:$E$197,$C212,$C$14:$C$197,المدخلات!$AC$6),SUMIFS($K$14:$K$197,$E$14:$E$197,$C212,$C$14:$C$197,المدخلات!$AC$7),SUMIFS($K$14:$K$197,$E$14:$E$197,$C212,$C$14:$C$197,المدخلات!$AC$8)) | F212: =SUMIFS($K$14:$K$197,$E$14:$E$197,$C212,$C$14:$C$197,المدخلات!$AC$9) | G212: =SUMIFS($K$14:$K$197,$E$14:$E$197,$C212,$C$14:$C$197,المدخلات!$AC$10) | H212: =SUMIFS($K$14:$K$197,$E$14:$E$197,$C212,$C$14:$C$197,المدخلات!$AC$11) | I212: =SUMIFS($K$14:$K$197,$E$14:$E$197,$C212,$C$14:$C$197,المدخلات!$AC$12) | J212: =MAX($E212:$I212) | K212: =SUMIFS($G$14:$G$197,$E$14:$E$197,$C212,$G$14:$G$197,">="&الحد_الأدنى) | L212: =IF($K212=0,"غير مكتملة","مكتملة")
B213: الشرقية | C213: مجموعة الخبر | D213: =IFERROR(INDEX('عدد اللاعبين'!$F$3:$F$186,MATCH($C213,'عدد اللاعبين'!$D$3:$D$186,0)),"") | E213: =MAX(SUMIFS($K$14:$K$197,$E$14:$E$197,$C213,$C$14:$C$197,المدخلات!$AC$6),SUMIFS($K$14:$K$197,$E$14:$E$197,$C213,$C$14:$C$197,المدخلات!$AC$7),SUMIFS($K$14:$K$197,$E$14:$E$197,$C213,$C$14:$C$197,المدخلات!$AC$8)) | F213: =SUMIFS($K$14:$K$197,$E$14:$E$197,$C213,$C$14:$C$197,المدخلات!$AC$9) | G213: =SUMIFS($K$14:$K$197,$E$14:$E$197,$C213,$C$14:$C$197,المدخلات!$AC$10) | H213: =SUMIFS($K$14:$K$197,$E$14:$E$197,$C213,$C$14:$C$197,المدخلات!$AC$11) | I213: =SUMIFS($K$14:$K$197,$E$14:$E$197,$C213,$C$14:$C$197,المدخلات!$AC$12) | J213: =MAX($E213:$I213) | K213: =SUMIFS($G$14:$G$197,$E$14:$E$197,$C213,$G$14:$G$197,">="&الحد_الأدنى) | L213: =IF($K213=0,"غير مكتملة","مكتملة")
B214: الشرقية | C214: مجموعة الخفجي | D214: =IFERROR(INDEX('عدد اللاعبين'!$F$3:$F$186,MATCH($C214,'عدد اللاعبين'!$D$3:$D$186,0)),"") | E214: =MAX(SUMIFS($K$14:$K$197,$E$14:$E$197,$C214,$C$14:$C$197,المدخلات!$AC$6),SUMIFS($K$14:$K$197,$E$14:$E$197,$C214,$C$14:$C$197,المدخلات!$AC$7),SUMIFS($K$14:$K$197,$E$14:$E$197,$C214,$C$14:$C$197,المدخلات!$AC$8)) | F214: =SUMIFS($K$14:$K$197,$E$14:$E$197,$C214,$C$14:$C$197,المدخلات!$AC$9) | G214: =SUMIFS($K$14:$K$197,$E$14:$E$197,$C214,$C$14:$C$197,المدخلات!$AC$10) | H214: =SUMIFS($K$14:$K$197,$E$14:$E$197,$C214,$C$14:$C$197,المدخلات!$AC$11) | I214: =SUMIFS($K$14:$K$197,$E$14:$E$197,$C214,$C$14:$C$197,المدخلات!$AC$12) | J214: =MAX($E214:$I214) | K214: =SUMIFS($G$14:$G$197,$E$14:$E$197,$C214,$G$14:$G$197,">="&الحد_الأدنى) | L214: =IF($K214=0,"غير مكتملة","مكتملة")
B215: الشرقية | C215: مجموعة الدمام | D215: =IFERROR(INDEX('عدد اللاعبين'!$F$3:$F$186,MATCH($C215,'عدد اللاعبين'!$D$3:$D$186,0)),"") | E215: =MAX(SUMIFS($K$14:$K$197,$E$14:$E$197,$C215,$C$14:$C$197,المدخلات!$AC$6),SUMIFS($K$14:$K$197,$E$14:$E$197,$C215,$C$14:$C$197,المدخلات!$AC$7),SUMIFS($K$14:$K$197,$E$14:$E$197,$C215,$C$14:$C$197,المدخلات!$AC$8)) | F215: =SUMIFS($K$14:$K$197,$E$14:$E$197,$C215,$C$14:$C$197,المدخلات!$AC$9) | G215: =SUMIFS($K$14:$K$197,$E$14:$E$197,$C215,$C$14:$C$197,المدخلات!$AC$10) | H215: =SUMIFS($K$14:$K$197,$E$14:$E$197,$C215,$C$14:$C$197,المدخلات!$AC$11) | I215: =SUMIFS($K$14:$K$197,$E$14:$E$197,$C215,$C$14:$C$197,المدخلات!$AC$12) | J215: =MAX($E215:$I215) | K215: =SUMIFS($G$14:$G$197,$E$14:$E$197,$C215,$G$14:$G$197,">="&الحد_الأدنى) | L215: =IF($K215=0,"غير مكتملة","مكتملة")
B216: الشرقية | C216: مجموعة القطيف | D216: =IFERROR(INDEX('عدد اللاعبين'!$F$3:$F$186,MATCH($C216,'عدد اللاعبين'!$D$3:$D$186,0)),"") | E216: =MAX(SUMIFS($K$14:$K$197,$E$14:$E$197,$C216,$C$14:$C$197,المدخلات!$AC$6),SUMIFS($K$14:$K$197,$E$14:$E$197,$C216,$C$14:$C$197,المدخلات!$AC$7),SUMIFS($K$14:$K$197,$E$14:$E$197,$C216,$C$14:$C$197,المدخلات!$AC$8)) | F216: =SUMIFS($K$14:$K$197,$E$14:$E$197,$C216,$C$14:$C$197,المدخلات!$AC$9) | G216: =SUMIFS($K$14:$K$197,$E$14:$E$197,$C216,$C$14:$C$197,المدخلات!$AC$10) | H216: =SUMIFS($K$14:$K$197,$E$14:$E$197,$C216,$C$14:$C$197,المدخلات!$AC$11) | I216: =SUMIFS($K$14:$K$197,$E$14:$E$197,$C216,$C$14:$C$197,المدخلات!$AC$12) | J216: =MAX($E216:$I216) | K216: =SUMIFS($G$14:$G$197,$E$14:$E$197,$C216,$G$14:$G$197,">="&الحد_الأدنى) | L216: =IF($K216=0,"غير مكتملة","مكتملة")
... B236: نجران | C236: مجموعة نجران | D236: =IFERROR(INDEX('عدد اللاعبين'!$F$3:$F$186,MATCH($C236,'عدد اللاعبين'!$D$3:$D$186,0)),"") | E236: =MAX(SUMIFS($K$14:$K$197,$E$14:$E$197,$C236,$C$14:$C$197,المدخلات!$AC$6),SUMIFS($K$14:$K$197,$E$14:$E$197,$C236,$C$14:$C$197,المدخلات!$AC$7),SUMIFS($K$14:$K$197,$E$14:$E$197,$C236,$C$14:$C$197,المدخلات!$AC$8)) | F236: =SUMIFS($K$14:$K$197,$E$14:$E$197,$C236,$C$14:$C$197,المدخلات!$AC$9) | G236: =SUMIFS($K$14:$K$197,$E$14:$E$197,$C236,$C$14:$C$197,المدخلات!$AC$10) | H236: =SUMIFS($K$14:$K$197,$E$14:$E$197,$C236,$C$14:$C$197,المدخلات!$AC$11) | I236: =SUMIFS($K$14:$K$197,$E$14:$E$197,$C236,$C$14:$C$197,المدخلات!$AC$12) | J236: =MAX($E236:$I236) | K236: =SUMIFS($G$14:$G$197,$E$14:$E$197,$C236,$G$14:$G$197,">="&الحد_الأدنى) | L236: =IF($K236=0,"غير مكتملة","مكتملة")
B237: الإجمالي | E237: =SUM(E205:E236) | F237: =SUM(F205:F236) | G237: =SUM(G205:G236) | H237: =SUM(H205:H236) | I237: =SUM(I205:I236) | J237: =SUM(J205:J236) | K237: =SUM(K205:K236) | L237: =COUNTIF(L205:L236,"مكتملة")&" من "&COUNTA(L205:L236)

Sheet عدد المباريات
B2: المنطقة | C2: الفئة | D2: المجموعة | E2: عدد المدن | F2: المدن | G2: عدد الفرق | H2: مجموع مباريات المجموعة
B3: =IFERROR(INDEX(المكاتب_المصدر[المنطقة],MATCH(Table10[[#This Row],[المجموعة]],المكاتب_المصدر[المجموعة],0)),"") | C3: ='ملخص المجموعات'!B3 | D3: ='ملخص المجموعات'!C3 | E3: ='ملخص المجموعات'!D3 | F3: ='ملخص المجموعات'!E3 | G3: ='ملخص المجموعات'!F3 | H3: =IF(Table10[[#This Row],[عدد الفرق]]<الحد_الأدنى,0,Table10[[#This Row],[عدد الفرق]]*IF(OR(Table10[[#This Row],[الفئة]]="تحت 5",Table10[[#This Row],[الفئة]]="تحت 7",Table10[[#This Row],[الفئة]]="تحت 9"),المدخلات!$T$3,المدخلات!$V$3)/2)
B4: =IFERROR(INDEX(المكاتب_المصدر[المنطقة],MATCH(Table10[[#This Row],[المجموعة]],المكاتب_المصدر[المجموعة],0)),"") | C4: ='ملخص المجموعات'!B4 | D4: ='ملخص المجموعات'!C4 | E4: ='ملخص المجموعات'!D4 | F4: ='ملخص المجموعات'!E4 | G4: ='ملخص المجموعات'!F4 | H4: =IF(Table10[[#This Row],[عدد الفرق]]<الحد_الأدنى,0,Table10[[#This Row],[عدد الفرق]]*IF(OR(Table10[[#This Row],[الفئة]]="تحت 5",Table10[[#This Row],[الفئة]]="تحت 7",Table10[[#This Row],[الفئة]]="تحت 9"),المدخلات!$T$3,المدخلات!$V$3)/2)
B5: =IFERROR(INDEX(المكاتب_المصدر[المنطقة],MATCH(Table10[[#This Row],[المجموعة]],المكاتب_المصدر[المجموعة],0)),"") | C5: ='ملخص المجموعات'!B5 | D5: ='ملخص المجموعات'!C5 | E5: ='ملخص المجموعات'!D5 | F5: ='ملخص المجموعات'!E5 | G5: ='ملخص المجموعات'!F5 | H5: =IF(Table10[[#This Row],[عدد الفرق]]<الحد_الأدنى,0,Table10[[#This Row],[عدد الفرق]]*IF(OR(Table10[[#This Row],[الفئة]]="تحت 5",Table10[[#This Row],[الفئة]]="تحت 7",Table10[[#This Row],[الفئة]]="تحت 9"),المدخلات!$T$3,المدخلات!$V$3)/2)
B6: =IFERROR(INDEX(المكاتب_المصدر[المنطقة],MATCH(Table10[[#This Row],[المجموعة]],المكاتب_المصدر[المجموعة],0)),"") | C6: ='ملخص المجموعات'!B6 | D6: ='ملخص المجموعات'!C6 | E6: ='ملخص المجموعات'!D6 | F6: ='ملخص المجموعات'!E6 | G6: ='ملخص المجموعات'!F6 | H6: =IF(Table10[[#This Row],[عدد الفرق]]<الحد_الأدنى,0,Table10[[#This Row],[عدد الفرق]]*IF(OR(Table10[[#This Row],[الفئة]]="تحت 5",Table10[[#This Row],[الفئة]]="تحت 7",Table10[[#This Row],[الفئة]]="تحت 9"),المدخلات!$T$3,المدخلات!$V$3)/2)
B7: =IFERROR(INDEX(المكاتب_المصدر[المنطقة],MATCH(Table10[[#This Row],[المجموعة]],المكاتب_المصدر[المجموعة],0)),"") | C7: ='ملخص المجموعات'!B7 | D7: ='ملخص المجموعات'!C7 | E7: ='ملخص المجموعات'!D7 | F7: ='ملخص المجموعات'!E7 | G7: ='ملخص المجموعات'!F7 | H7: =IF(Table10[[#This Row],[عدد الفرق]]<الحد_الأدنى,0,Table10[[#This Row],[عدد الفرق]]*IF(OR(Table10[[#This Row],[الفئة]]="تحت 5",Table10[[#This Row],[الفئة]]="تحت 7",Table10[[#This Row],[الفئة]]="تحت 9"),المدخلات!$T$3,المدخلات!$V$3)/2)
B8: =IFERROR(INDEX(المكاتب_المصدر[المنطقة],MATCH(Table10[[#This Row],[المجموعة]],المكاتب_المصدر[المجموعة],0)),"") | C8: ='ملخص المجموعات'!B8 | D8: ='ملخص المجموعات'!C8 | E8: ='ملخص المجموعات'!D8 | F8: ='ملخص المجموعات'!E8 | G8: ='ملخص المجموعات'!F8 | H8: =IF(Table10[[#This Row],[عدد الفرق]]<الحد_الأدنى,0,Table10[[#This Row],[عدد الفرق]]*IF(OR(Table10[[#This Row],[الفئة]]="تحت 5",Table10[[#This Row],[الفئة]]="تحت 7",Table10[[#This Row],[الفئة]]="تحت 9"),المدخلات!$T$3,المدخلات!$V$3)/2)
B9: =IFERROR(INDEX(المكاتب_المصدر[المنطقة],MATCH(Table10[[#This Row],[المجموعة]],المكاتب_المصدر[المجموعة],0)),"") | C9: ='ملخص المجموعات'!B9 | D9: ='ملخص المجموعات'!C9 | E9: ='ملخص المجموعات'!D9 | F9: ='ملخص المجموعات'!E9 | G9: ='ملخص المجموعات'!F9 | H9: =IF(Table10[[#This Row],[عدد الفرق]]<الحد_الأدنى,0,Table10[[#This Row],[عدد الفرق]]*IF(OR(Table10[[#This Row],[الفئة]]="تحت 5",Table10[[#This Row],[الفئة]]="تحت 7",Table10[[#This Row],[الفئة]]="تحت 9"),المدخلات!$T$3,المدخلات!$V$3)/2)
B10: =IFERROR(INDEX(المكاتب_المصدر[المنطقة],MATCH(Table10[[#This Row],[المجموعة]],المكاتب_المصدر[المجموعة],0)),"") | C10: ='ملخص المجموعات'!B10 | D10: ='ملخص المجموعات'!C10 | E10: ='ملخص المجموعات'!D10 | F10: ='ملخص المجموعات'!E10 | G10: ='ملخص المجموعات'!F10 | H10: =IF(Table10[[#This Row],[عدد الفرق]]<الحد_الأدنى,0,Table10[[#This Row],[عدد الفرق]]*IF(OR(Table10[[#This Row],[الفئة]]="تحت 5",Table10[[#This Row],[الفئة]]="تحت 7",Table10[[#This Row],[الفئة]]="تحت 9"),المدخلات!$T$3,المدخلات!$V$3)/2)
B11: =IFERROR(INDEX(المكاتب_المصدر[المنطقة],MATCH(Table10[[#This Row],[المجموعة]],المكاتب_المصدر[المجموعة],0)),"") | C11: ='ملخص المجموعات'!B11 | D11: ='ملخص المجموعات'!C11 | E11: ='ملخص المجموعات'!D11 | F11: ='ملخص المجموعات'!E11 | G11: ='ملخص المجموعات'!F11 | H11: =IF(Table10[[#This Row],[عدد الفرق]]<الحد_الأدنى,0,Table10[[#This Row],[عدد الفرق]]*IF(OR(Table10[[#This Row],[الفئة]]="تحت 5",Table10[[#This Row],[الفئة]]="تحت 7",Table10[[#This Row],[الفئة]]="تحت 9"),المدخلات!$T$3,المدخلات!$V$3)/2)
B12: =IFERROR(INDEX(المكاتب_المصدر[المنطقة],MATCH(Table10[[#This Row],[المجموعة]],المكاتب_المصدر[المجموعة],0)),"") | C12: ='ملخص المجموعات'!B12 | D12: ='ملخص المجموعات'!C12 | E12: ='ملخص المجموعات'!D12 | F12: ='ملخص المجموعات'!E12 | G12: ='ملخص المجموعات'!F12 | H12: =IF(Table10[[#This Row],[عدد الفرق]]<الحد_الأدنى,0,Table10[[#This Row],[عدد الفرق]]*IF(OR(Table10[[#This Row],[الفئة]]="تحت 5",Table10[[#This Row],[الفئة]]="تحت 7",Table10[[#This Row],[الفئة]]="تحت 9"),المدخلات!$T$3,المدخلات!$V$3)/2)
B13: =IFERROR(INDEX(المكاتب_المصدر[المنطقة],MATCH(Table10[[#This Row],[المجموعة]],المكاتب_المصدر[المجموعة],0)),"") | C13: ='ملخص المجموعات'!B13 | D13: ='ملخص المجموعات'!C13 | E13: ='ملخص المجموعات'!D13 | F13: ='ملخص المجموعات'!E13 | G13: ='ملخص المجموعات'!F13 | H13: =IF(Table10[[#This Row],[عدد الفرق]]<الحد_الأدنى,0,Table10[[#This Row],[عدد الفرق]]*IF(OR(Table10[[#This Row],[الفئة]]="تحت 5",Table10[[#This Row],[الفئة]]="تحت 7",Table10[[#This Row],[الفئة]]="تحت 9"),المدخلات!$T$3,المدخلات!$V$3)/2)
B14: =IFERROR(INDEX(المكاتب_المصدر[المنطقة],MATCH(Table10[[#This Row],[المجموعة]],المكاتب_المصدر[المجموعة],0)),"") | C14: ='ملخص المجموعات'!B14 | D14: ='ملخص المجموعات'!C14 | E14: ='ملخص المجموعات'!D14 | F14: ='ملخص المجموعات'!E14 | G14: ='ملخص المجموعات'!F14 | H14: =IF(Table10[[#This Row],[عدد الفرق]]<الحد_الأدنى,0,Table10[[#This Row],[عدد الفرق]]*IF(OR(Table10[[#This Row],[الفئة]]="تحت 5",Table10[[#This Row],[الفئة]]="تحت 7",Table10[[#This Row],[الفئة]]="تحت 9"),المدخلات!$T$3,المدخلات!$V$3)/2)
... B186: =IFERROR(INDEX(المكاتب_المصدر[المنطقة],MATCH(Table10[[#This Row],[المجموعة]],المكاتب_المصدر[المجموعة],0)),"") | C186: ='ملخص المجموعات'!B186 | D186: ='ملخص المجموعات'!C186 | E186: ='ملخص المجموعات'!D186 | F186: ='ملخص المجموعات'!E186 | G186: ='ملخص المجموعات'!F186 | H186: =IF(Table10[[#This Row],[عدد الفرق]]<الحد_الأدنى,0,Table10[[#This Row],[عدد الفرق]]*IF(OR(Table10[[#This Row],[الفئة]]="تحت 5",Table10[[#This Row],[الفئة]]="تحت 7",Table10[[#This Row],[الفئة]]="تحت 9"),المدخلات!$T$3,المدخلات!$V$3)/2)

Sheet عدد اللاعبين
B2: المنطقة | C2: الفئة | D2: المجموعة | E2: عدد المدن | F2: المدن | G2: عدد الفرق | H2: عدد اللاعبين
B3: =IFERROR(INDEX(المكاتب_المصدر[المنطقة],MATCH('عدد اللاعبين'!$D3,المكاتب_المصدر[المجموعة],0)),"") | C3: ='ملخص المجموعات'!B3 | D3: ='ملخص المجموعات'!C3 | E3: ='ملخص المجموعات'!D3 | F3: ='ملخص المجموعات'!E3 | G3: ='ملخص المجموعات'!F3 | H3: =IF('عدد اللاعبين'!$G3<الحد_الأدنى,0,'عدد اللاعبين'!$G3*IFERROR(INDEX(المدخلات!$Y$3:$Y$9,MATCH('عدد اللاعبين'!$C3,المدخلات!$X$3:$X$9,0)),0))
B4: =IFERROR(INDEX(المكاتب_المصدر[المنطقة],MATCH('عدد اللاعبين'!$D4,المكاتب_المصدر[المجموعة],0)),"") | C4: ='ملخص المجموعات'!B4 | D4: ='ملخص المجموعات'!C4 | E4: ='ملخص المجموعات'!D4 | F4: ='ملخص المجموعات'!E4 | G4: ='ملخص المجموعات'!F4 | H4: =IF('عدد اللاعبين'!$G4<الحد_الأدنى,0,'عدد اللاعبين'!$G4*IFERROR(INDEX(المدخلات!$Y$3:$Y$9,MATCH('عدد اللاعبين'!$C4,المدخلات!$X$3:$X$9,0)),0))
B5: =IFERROR(INDEX(المكاتب_المصدر[المنطقة],MATCH('عدد اللاعبين'!$D5,المكاتب_المصدر[المجموعة],0)),"") | C5: ='ملخص المجموعات'!B5 | D5: ='ملخص المجموعات'!C5 | E5: ='ملخص المجموعات'!D5 | F5: ='ملخص المجموعات'!E5 | G5: ='ملخص المجموعات'!F5 | H5: =IF('عدد اللاعبين'!$G5<الحد_الأدنى,0,'عدد اللاعبين'!$G5*IFERROR(INDEX(المدخلات!$Y$3:$Y$9,MATCH('عدد اللاعبين'!$C5,المدخلات!$X$3:$X$9,0)),0))
B6: =IFERROR(INDEX(المكاتب_المصدر[المنطقة],MATCH('عدد اللاعبين'!$D6,المكاتب_المصدر[المجموعة],0)),"") | C6: ='ملخص المجموعات'!B6 | D6: ='ملخص المجموعات'!C6 | E6: ='ملخص المجموعات'!D6 | F6: ='ملخص المجموعات'!E6 | G6: ='ملخص المجموعات'!F6 | H6: =IF('عدد اللاعبين'!$G6<الحد_الأدنى,0,'عدد اللاعبين'!$G6*IFERROR(INDEX(المدخلات!$Y$3:$Y$9,MATCH('عدد اللاعبين'!$C6,المدخلات!$X$3:$X$9,0)),0))
B7: =IFERROR(INDEX(المكاتب_المصدر[المنطقة],MATCH('عدد اللاعبين'!$D7,المكاتب_المصدر[المجموعة],0)),"") | C7: ='ملخص المجموعات'!B7 | D7: ='ملخص المجموعات'!C7 | E7: ='ملخص المجموعات'!D7 | F7: ='ملخص المجموعات'!E7 | G7: ='ملخص المجموعات'!F7 | H7: =IF('عدد اللاعبين'!$G7<الحد_الأدنى,0,'عدد اللاعبين'!$G7*IFERROR(INDEX(المدخلات!$Y$3:$Y$9,MATCH('عدد اللاعبين'!$C7,المدخلات!$X$3:$X$9,0)),0))
B8: =IFERROR(INDEX(المكاتب_المصدر[المنطقة],MATCH('عدد اللاعبين'!$D8,المكاتب_المصدر[المجموعة],0)),"") | C8: ='ملخص المجموعات'!B8 | D8: ='ملخص المجموعات'!C8 | E8: ='ملخص المجموعات'!D8 | F8: ='ملخص المجموعات'!E8 | G8: ='ملخص المجموعات'!F8 | H8: =IF('عدد اللاعبين'!$G8<الحد_الأدنى,0,'عدد اللاعبين'!$G8*IFERROR(INDEX(المدخلات!$Y$3:$Y$9,MATCH('عدد اللاعبين'!$C8,المدخلات!$X$3:$X$9,0)),0))
B9: =IFERROR(INDEX(المكاتب_المصدر[المنطقة],MATCH('عدد اللاعبين'!$D9,المكاتب_المصدر[المجموعة],0)),"") | C9: ='ملخص المجموعات'!B9 | D9: ='ملخص المجموعات'!C9 | E9: ='ملخص المجموعات'!D9 | F9: ='ملخص المجموعات'!E9 | G9: ='ملخص المجموعات'!F9 | H9: =IF('عدد اللاعبين'!$G9<الحد_الأدنى,0,'عدد اللاعبين'!$G9*IFERROR(INDEX(المدخلات!$Y$3:$Y$9,MATCH('عدد اللاعبين'!$C9,المدخلات!$X$3:$X$9,0)),0))
B10: =IFERROR(INDEX(المكاتب_المصدر[المنطقة],MATCH('عدد اللاعبين'!$D10,المكاتب_المصدر[المجموعة],0)),"") | C10: ='ملخص المجموعات'!B10 | D10: ='ملخص المجموعات'!C10 | E10: ='ملخص المجموعات'!D10 | F10: ='ملخص المجموعات'!E10 | G10: ='ملخص المجموعات'!F10 | H10: =IF('عدد اللاعبين'!$G10<الحد_الأدنى,0,'عدد اللاعبين'!$G10*IFERROR(INDEX(المدخلات!$Y$3:$Y$9,MATCH('عدد اللاعبين'!$C10,المدخلات!$X$3:$X$9,0)),0))
B11: =IFERROR(INDEX(المكاتب_المصدر[المنطقة],MATCH('عدد اللاعبين'!$D11,المكاتب_المصدر[المجموعة],0)),"") | C11: ='ملخص المجموعات'!B11 | D11: ='ملخص المجموعات'!C11 | E11: ='ملخص المجموعات'!D11 | F11: ='ملخص المجموعات'!E11 | G11: ='ملخص المجموعات'!F11 | H11: =IF('عدد اللاعبين'!$G11<الحد_الأدنى,0,'عدد اللاعبين'!$G11*IFERROR(INDEX(المدخلات!$Y$3:$Y$9,MATCH('عدد اللاعبين'!$C11,المدخلات!$X$3:$X$9,0)),0))
B12: =IFERROR(INDEX(المكاتب_المصدر[المنطقة],MATCH('عدد اللاعبين'!$D12,المكاتب_المصدر[المجموعة],0)),"") | C12: ='ملخص المجموعات'!B12 | D12: ='ملخص المجموعات'!C12 | E12: ='ملخص المجموعات'!D12 | F12: ='ملخص المجموعات'!E12 | G12: ='ملخص المجموعات'!F12 | H12: =IF('عدد اللاعبين'!$G12<الحد_الأدنى,0,'عدد اللاعبين'!$G12*IFERROR(INDEX(المدخلات!$Y$3:$Y$9,MATCH('عدد اللاعبين'!$C12,المدخلات!$X$3:$X$9,0)),0))
B13: =IFERROR(INDEX(المكاتب_المصدر[المنطقة],MATCH('عدد اللاعبين'!$D13,المكاتب_المصدر[المجموعة],0)),"") | C13: ='ملخص المجموعات'!B13 | D13: ='ملخص المجموعات'!C13 | E13: ='ملخص المجموعات'!D13 | F13: ='ملخص المجموعات'!E13 | G13: ='ملخص المجموعات'!F13 | H13: =IF('عدد اللاعبين'!$G13<الحد_الأدنى,0,'عدد اللاعبين'!$G13*IFERROR(INDEX(المدخلات!$Y$3:$Y$9,MATCH('عدد اللاعبين'!$C13,المدخلات!$X$3:$X$9,0)),0))
B14: =IFERROR(INDEX(المكاتب_المصدر[المنطقة],MATCH('عدد اللاعبين'!$D14,المكاتب_المصدر[المجموعة],0)),"") | C14: ='ملخص المجموعات'!B14 | D14: ='ملخص المجموعات'!C14 | E14: ='ملخص المجموعات'!D14 | F14: ='ملخص المجموعات'!E14 | G14: ='ملخص المجموعات'!F14 | H14: =IF('عدد اللاعبين'!$G14<الحد_الأدنى,0,'عدد اللاعبين'!$G14*IFERROR(INDEX(المدخلات!$Y$3:$Y$9,MATCH('عدد اللاعبين'!$C14,المدخلات!$X$3:$X$9,0)),0))
... B186: =IFERROR(INDEX(المكاتب_المصدر[المنطقة],MATCH('عدد اللاعبين'!$D186,المكاتب_المصدر[المجموعة],0)),"") | C186: ='ملخص المجموعات'!B186 | D186: ='ملخص المجموعات'!C186 | E186: ='ملخص المجموعات'!D186 | F186: ='ملخص المجموعات'!E186 | G186: ='ملخص المجموعات'!F186 | H186: =IF('عدد اللاعبين'!$G186<الحد_الأدنى,0,'عدد اللاعبين'!$G186*IFERROR(INDEX(المدخلات!$Y$3:$Y$9,MATCH('عدد اللاعبين'!$C186,المدخلات!$X$3:$X$9,0)),0))

Sheet ملخص المجموعات
B2: الفئة | C2: المجموعة | D2: عدد المدن | E2: المدن | F2: مجموع الفرق | G2: المتبقي | I2: المدن في مجموعات مكتملة (بها نادي واحد على الأقل)
B3: تحت 14 | C3: مجموعة نجران | D3: =COUNTIFS(تفاصيل_الفرق[الفئة العمرية],ملخص_المجموعات[[#This Row],[الفئة]],تفاصيل_الفرق[المجموعة],ملخص_المجموعات[[#This Row],[المجموعة]],تفاصيل_الفرق[عدد الفرق],">0") | E3: {=_xlfn.TEXTJOIN("، ",TRUE,IF((تفاصيل_الفرق[الفئة العمرية]=ملخص_المجموعات[[#This Row],[الفئة]])*(تفاصيل_الفرق[المجموعة]=ملخص_المجموعات[[#This Row],[المجموعة]])*(تفاصيل_الفرق[عدد الفرق]>0),تفاصيل_الفرق[المدينة/المحافظة],""))} | F3: =SUMIFS(تفاصيل_الفرق[عدد الفرق],تفاصيل_الفرق[الفئة العمرية],ملخص_المجموعات[[#This Row],[الفئة]],تفاصيل_الفرق[المجموعة],ملخص_المجموعات[[#This Row],[المجموعة]]) | G3: =MAX(0,الحد_الأدنى-ملخص_المجموعات[[#This Row],[مجموع الفرق]]) | I3: {=_xlfn.LET(_xlpm.t,ملخص_المجموعات[المدن],_xlpm.r,ملخص_المجموعات[المتبقي],_xlpm.f,ملخص_المجموعات[مجموع الفرق],_xlpm.s,_xlfn.TEXTJOIN("، ",TRUE,IF((_xlpm.r=0)*(_xlpm.f>=1),_xlpm.t,"")),COUNTA(_xlfn.UNIQUE(TRIM(_xlfn.TEXTSPLIT(_xlpm.s,"، ")),TRUE)))} | J3: عدد المدن (بدون تكرار)
B4: تحت 5 | C4: مجموعة طبرجل | D4: =COUNTIFS(تفاصيل_الفرق[الفئة العمرية],ملخص_المجموعات[[#This Row],[الفئة]],تفاصيل_الفرق[المجموعة],ملخص_المجموعات[[#This Row],[المجموعة]],تفاصيل_الفرق[عدد الفرق],">0") | E4: {=_xlfn.TEXTJOIN("، ",TRUE,IF((تفاصيل_الفرق[الفئة العمرية]=ملخص_المجموعات[[#This Row],[الفئة]])*(تفاصيل_الفرق[المجموعة]=ملخص_المجموعات[[#This Row],[المجموعة]])*(تفاصيل_الفرق[عدد الفرق]>0),تفاصيل_الفرق[المدينة/المحافظة],""))} | F4: =SUMIFS(تفاصيل_الفرق[عدد الفرق],تفاصيل_الفرق[الفئة العمرية],ملخص_المجموعات[[#This Row],[الفئة]],تفاصيل_الفرق[المجموعة],ملخص_المجموعات[[#This Row],[المجموعة]]) | G4: =MAX(0,الحد_الأدنى-ملخص_المجموعات[[#This Row],[مجموع الفرق]]) | I4: {=SUMPRODUCT((ملخص_المجموعات[المتبقي]=0)*(ملخص_المجموعات[مجموع الفرق]>=1))} | J4: عدد المجموعات المكتملة
B5: تحت 7 | C5: مجموعة طبرجل | D5: =COUNTIFS(تفاصيل_الفرق[الفئة العمرية],ملخص_المجموعات[[#This Row],[الفئة]],تفاصيل_الفرق[المجموعة],ملخص_المجموعات[[#This Row],[المجموعة]],تفاصيل_الفرق[عدد الفرق],">0") | E5: {=_xlfn.TEXTJOIN("، ",TRUE,IF((تفاصيل_الفرق[الفئة العمرية]=ملخص_المجموعات[[#This Row],[الفئة]])*(تفاصيل_الفرق[المجموعة]=ملخص_المجموعات[[#This Row],[المجموعة]])*(تفاصيل_الفرق[عدد الفرق]>0),تفاصيل_الفرق[المدينة/المحافظة],""))} | F5: =SUMIFS(تفاصيل_الفرق[عدد الفرق],تفاصيل_الفرق[الفئة العمرية],ملخص_المجموعات[[#This Row],[الفئة]],تفاصيل_الفرق[المجموعة],ملخص_المجموعات[[#This Row],[المجموعة]]) | G5: =MAX(0,الحد_الأدنى-ملخص_المجموعات[[#This Row],[مجموع الفرق]]) | I5: {=SUMPRODUCT((تفاصيل_الفرق[عدد الفرق]>=1)*(تفاصيل_الفرق[مجموعة مكتملة]=1))} | J5: عدد (مدينة × فئة) في مجموعات مكتملة ولها فرق
B6: تحت 9 | C6: مجموعة الخرج | D6: =COUNTIFS(تفاصيل_الفرق[الفئة العمرية],ملخص_المجموعات[[#This Row],[الفئة]],تفاصيل_الفرق[المجموعة],ملخص_المجموعات[[#This Row],[المجموعة]],تفاصيل_الفرق[عدد الفرق],">0") | E6: {=_xlfn.TEXTJOIN("، ",TRUE,IF((تفاصيل_الفرق[الفئة العمرية]=ملخص_المجموعات[[#This Row],[الفئة]])*(تفاصيل_الفرق[المجموعة]=ملخص_المجموعات[[#This Row],[المجموعة]])*(تفاصيل_الفرق[عدد الفرق]>0),تفاصيل_الفرق[المدينة/المحافظة],""))} | F6: =SUMIFS(تفاصيل_الفرق[عدد الفرق],تفاصيل_الفرق[الفئة العمرية],ملخص_المجموعات[[#This Row],[الفئة]],تفاصيل_الفرق[المجموعة],ملخص_المجموعات[[#This Row],[المجموعة]]) | G6: =MAX(0,الحد_الأدنى-ملخص_المجموعات[[#This Row],[مجموع الفرق]]) | I6: {=COUNTA(_xlfn.UNIQUE(_xlfn._xlws.FILTER(تفاصيل_الفرق[المدينة/المحافظة],(تفاصيل_الفرق[عدد الفرق]>=1)*(تفاصيل_الفرق[مجموعة مكتملة]=1))))} | J6: عدد المدن الفريدة (بنفس الشرط)
B7: تحت 12 | C7: مجموعة طبرجل | D7: =COUNTIFS(تفاصيل_الفرق[الفئة العمرية],ملخص_المجموعات[[#This Row],[الفئة]],تفاصيل_الفرق[المجموعة],ملخص_المجموعات[[#This Row],[المجموعة]],تفاصيل_الفرق[عدد الفرق],">0") | E7: {=_xlfn.TEXTJOIN("، ",TRUE,IF((تفاصيل_الفرق[الفئة العمرية]=ملخص_المجموعات[[#This Row],[الفئة]])*(تفاصيل_الفرق[المجموعة]=ملخص_المجموعات[[#This Row],[المجموعة]])*(تفاصيل_الفرق[عدد الفرق]>0),تفاصيل_الفرق[المدينة/المحافظة],""))} | F7: =SUMIFS(تفاصيل_الفرق[عدد الفرق],تفاصيل_الفرق[الفئة العمرية],ملخص_المجموعات[[#This Row],[الفئة]],تفاصيل_الفرق[المجموعة],ملخص_المجموعات[[#This Row],[المجموعة]]) | G7: =MAX(0,الحد_الأدنى-ملخص_المجموعات[[#This Row],[مجموع الفرق]])
B8: تحت 14 | C8: مجموعة طبرجل | D8: =COUNTIFS(تفاصيل_الفرق[الفئة العمرية],ملخص_المجموعات[[#This Row],[الفئة]],تفاصيل_الفرق[المجموعة],ملخص_المجموعات[[#This Row],[المجموعة]],تفاصيل_الفرق[عدد الفرق],">0") | E8: {=_xlfn.TEXTJOIN("، ",TRUE,IF((تفاصيل_الفرق[الفئة العمرية]=ملخص_المجموعات[[#This Row],[الفئة]])*(تفاصيل_الفرق[المجموعة]=ملخص_المجموعات[[#This Row],[المجموعة]])*(تفاصيل_الفرق[عدد الفرق]>0),تفاصيل_الفرق[المدينة/المحافظة],""))} | F8: =SUMIFS(تفاصيل_الفرق[عدد الفرق],تفاصيل_الفرق[الفئة العمرية],ملخص_المجموعات[[#This Row],[الفئة]],تفاصيل_الفرق[المجموعة],ملخص_المجموعات[[#This Row],[المجموعة]]) | G8: =MAX(0,الحد_الأدنى-ملخص_المجموعات[[#This Row],[مجموع الفرق]])
B9: تحت 7 | C9: مجموعة شرورة | D9: =COUNTIFS(تفاصيل_الفرق[الفئة العمرية],ملخص_المجموعات[[#This Row],[الفئة]],تفاصيل_الفرق[المجموعة],ملخص_المجموعات[[#This Row],[المجموعة]],تفاصيل_الفرق[عدد الفرق],">0") | E9: {=_xlfn.TEXTJOIN("، ",TRUE,IF((تفاصيل_الفرق[الفئة العمرية]=ملخص_المجموعات[[#This Row],[الفئة]])*(تفاصيل_الفرق[المجموعة]=ملخص_المجموعات[[#This Row],[المجموعة]])*(تفاصيل_الفرق[عدد الفرق]>0),تفاصيل_الفرق[المدينة/المحافظة],""))} | F9: =SUMIFS(تفاصيل_الفرق[عدد الفرق],تفاصيل_الفرق[الفئة العمرية],ملخص_المجموعات[[#This Row],[الفئة]],تفاصيل_الفرق[المجموعة],ملخص_المجموعات[[#This Row],[المجموعة]]) | G9: =MAX(0,الحد_الأدنى-ملخص_المجموعات[[#This Row],[مجموع الفرق]]) | I9: مجموعات فيها 5 فرق بالضبط
B10: تحت 9 | C10: مجموعة شرورة | D10: =COUNTIFS(تفاصيل_الفرق[الفئة العمرية],ملخص_المجموعات[[#This Row],[الفئة]],تفاصيل_الفرق[المجموعة],ملخص_المجموعات[[#This Row],[المجموعة]],تفاصيل_الفرق[عدد الفرق],">0") | E10: {=_xlfn.TEXTJOIN("، ",TRUE,IF((تفاصيل_الفرق[الفئة العمرية]=ملخص_المجموعات[[#This Row],[الفئة]])*(تفاصيل_الفرق[المجموعة]=ملخص_المجموعات[[#This Row],[المجموعة]])*(تفاصيل_الفرق[عدد الفرق]>0),تفاصيل_الفرق[المدينة/المحافظة],""))} | F10: =SUMIFS(تفاصيل_الفرق[عدد الفرق],تفاصيل_الفرق[الفئة العمرية],ملخص_المجموعات[[#This Row],[الفئة]],تفاصيل_الفرق[المجموعة],ملخص_المجموعات[[#This Row],[المجموعة]]) | G10: =MAX(0,الحد_الأدنى-ملخص_المجموعات[[#This Row],[مجموع الفرق]]) | I10: الفئة | J10: المجموعة | K10: مجموع الفرق
B11: تحت 9 | C11: مجموعة الدوادمي | D11: =COUNTIFS(تفاصيل_الفرق[الفئة العمرية],ملخص_المجموعات[[#This Row],[الفئة]],تفاصيل_الفرق[المجموعة],ملخص_المجموعات[[#This Row],[المجموعة]],تفاصيل_الفرق[عدد الفرق],">0") | E11: {=_xlfn.TEXTJOIN("، ",TRUE,IF((تفاصيل_الفرق[الفئة العمرية]=ملخص_المجموعات[[#This Row],[الفئة]])*(تفاصيل_الفرق[المجموعة]=ملخص_المجموعات[[#This Row],[المجموعة]])*(تفاصيل_الفرق[عدد الفرق]>0),تفاصيل_الفرق[المدينة/المحافظة],""))} | F11: =SUMIFS(تفاصيل_الفرق[عدد الفرق],تفاصيل_الفرق[الفئة العمرية],ملخص_المجموعات[[#This Row],[الفئة]],تفاصيل_الفرق[المجموعة],ملخص_المجموعات[[#This Row],[المجموعة]]) | G11: =MAX(0,الحد_الأدنى-ملخص_المجموعات[[#This Row],[مجموع الفرق]]) | I11: {=_xlfn._xlws.FILTER(ملخص_المجموعات[الفئة],ملخص_المجموعات[مجموع الفرق]=5,"لا يوجد")} | J11: {=_xlfn._xlws.FILTER(ملخص_المجموعات[المجموعة],ملخص_المجموعات[مجموع الفرق]=5,"")} | K11: {=_xlfn._xlws.FILTER(ملخص_المجموعات[مجموع الفرق],ملخص_المجموعات[مجموع الفرق]=5,"")}
B12: تحت 11 | C12: مجموعة القريات | D12: =COUNTIFS(تفاصيل_الفرق[الفئة العمرية],ملخص_المجموعات[[#This Row],[الفئة]],تفاصيل_الفرق[المجموعة],ملخص_المجموعات[[#This Row],[المجموعة]],تفاصيل_الفرق[عدد الفرق],">0") | E12: {=_xlfn.TEXTJOIN("، ",TRUE,IF((تفاصيل_الفرق[الفئة العمرية]=ملخص_المجموعات[[#This Row],[الفئة]])*(تفاصيل_الفرق[المجموعة]=ملخص_المجموعات[[#This Row],[المجموعة]])*(تفاصيل_الفرق[عدد الفرق]>0),تفاصيل_الفرق[المدينة/المحافظة],""))} | F12: =SUMIFS(تفاصيل_الفرق[عدد الفرق],تفاصيل_الفرق[الفئة العمرية],ملخص_المجموعات[[#This Row],[الفئة]],تفاصيل_الفرق[المجموعة],ملخص_المجموعات[[#This Row],[المجموعة]]) | G12: =MAX(0,الحد_الأدنى-ملخص_المجموعات[[#This Row],[مجموع الفرق]]) | I12: تحت 5 | J12: مجموعة طبرجل | K12: 5
B13: تحت 12 | C13: مجموعة القريات | D13: =COUNTIFS(تفاصيل_الفرق[الفئة العمرية],ملخص_المجموعات[[#This Row],[الفئة]],تفاصيل_الفرق[المجموعة],ملخص_المجموعات[[#This Row],[المجموعة]],تفاصيل_الفرق[عدد الفرق],">0") | E13: {=_xlfn.TEXTJOIN("، ",TRUE,IF((تفاصيل_الفرق[الفئة العمرية]=ملخص_المجموعات[[#This Row],[الفئة]])*(تفاصيل_الفرق[المجموعة]=ملخص_المجموعات[[#This Row],[المجموعة]])*(تفاصيل_الفرق[عدد الفرق]>0),تفاصيل_الفرق[المدينة/المحافظة],""))} | F13: =SUMIFS(تفاصيل_الفرق[عدد الفرق],تفاصيل_الفرق[الفئة العمرية],ملخص_المجموعات[[#This Row],[الفئة]],تفاصيل_الفرق[المجموعة],ملخص_المجموعات[[#This Row],[المجموعة]]) | G13: =MAX(0,الحد_الأدنى-ملخص_المجموعات[[#This Row],[مجموع الفرق]]) | I13: تحت 7 | J13: مجموعة طبرجل | K13: 5
B14: تحت 13 | C14: مجموعة القريات | D14: =COUNTIFS(تفاصيل_الفرق[الفئة العمرية],ملخص_المجموعات[[#This Row],[الفئة]],تفاصيل_الفرق[المجموعة],ملخص_المجموعات[[#This Row],[المجموعة]],تفاصيل_الفرق[عدد الفرق],">0") | E14: {=_xlfn.TEXTJOIN("، ",TRUE,IF((تفاصيل_الفرق[الفئة العمرية]=ملخص_المجموعات[[#This Row],[الفئة]])*(تفاصيل_الفرق[المجموعة]=ملخص_المجموعات[[#This Row],[المجموعة]])*(تفاصيل_الفرق[عدد الفرق]>0),تفاصيل_الفرق[المدينة/المحافظة],""))} | F14: =SUMIFS(تفاصيل_الفرق[عدد الفرق],تفاصيل_الفرق[الفئة العمرية],ملخص_المجموعات[[#This Row],[الفئة]],تفاصيل_الفرق[المجموعة],ملخص_المجموعات[[#This Row],[المجموعة]]) | G14: =MAX(0,الحد_الأدنى-ملخص_المجموعات[[#This Row],[مجموع الفرق]]) | I14: تحت 9 | J14: مجموعة الخرج | K14: 5
B15: تحت 14 | C15: مجموعة القريات | D15: =COUNTIFS(تفاصيل_الفرق[الفئة العمرية],ملخص_المجموعات[[#This Row],[الفئة]],تفاصيل_الفرق[المجموعة],ملخص_المجموعات[[#This Row],[المجموعة]],تفاصيل_الفرق[عدد الفرق],">0") | E15: {=_xlfn.TEXTJOIN("، ",TRUE,IF((تفاصيل_الفرق[الفئة العمرية]=ملخص_المجموعات[[#This Row],[الفئة]])*(تفاصيل_الفرق[المجموعة]=ملخص_المجموعات[[#This Row],[المجموعة]])*(تفاصيل_الفرق[عدد الفرق]>0),تفاصيل_الفرق[المدينة/المحافظة],""))} | F15: =SUMIFS(تفاصيل_الفرق[عدد الفرق],تفاصيل_الفرق[الفئة العمرية],ملخص_المجموعات[[#This Row],[الفئة]],تفاصيل_الفرق[المجموعة],ملخص_المجموعات[[#This Row],[المجموعة]]) | G15: =MAX(0,الحد_الأدنى-ملخص_المجموعات[[#This Row],[مجموع الفرق]]) | I15: تحت 12 | J15: مجموعة طبرجل | K15: 5
B16: تحت 12 | C16: مجموعة الباحة | D16: =COUNTIFS(تفاصيل_الفرق[الفئة العمرية],ملخص_المجموعات[[#This Row],[الفئة]],تفاصيل_الفرق[المجموعة],ملخص_المجموعات[[#This Row],[المجموعة]],تفاصيل_الفرق[عدد الفرق],">0") | E16: {=_xlfn.TEXTJOIN("، ",TRUE,IF((تفاصيل_الفرق[الفئة العمرية]=ملخص_المجموعات[[#This Row],[الفئة]])*(تفاصيل_الفرق[المجموعة]=ملخص_المجموعات[[#This Row],[المجموعة]])*(تفاصيل_الفرق[عدد الفرق]>0),تفاصيل_الفرق[المدينة/المحافظة],""))} | F16: =SUMIFS(تفاصيل_الفرق[عدد الفرق],تفاصيل_الفرق[الفئة العمرية],ملخص_المجموعات[[#This Row],[الفئة]],تفاصيل_الفرق[المجموعة],ملخص_المجموعات[[#This Row],[المجموعة]]) | G16: =MAX(0,الحد_الأدنى-ملخص_المجموعات[[#This Row],[مجموع الفرق]]) | I16: تحت 14 | J16: مجموعة طبرجل | K16: 5
B17: تحت 13 | C17: مجموعة نجران | D17: =COUNTIFS(تفاصيل_الفرق[الفئة العمرية],ملخص_المجموعات[[#This Row],[الفئة]],تفاصيل_الفرق[المجموعة],ملخص_المجموعات[[#This Row],[المجموعة]],تفاصيل_الفرق[عدد الفرق],">0") | E17: {=_xlfn.TEXTJOIN("، ",TRUE,IF((تفاصيل_الفرق[الفئة العمرية]=ملخص_المجموعات[[#This Row],[الفئة]])*(تفاصيل_الفرق[المجموعة]=ملخص_المجموعات[[#This Row],[المجموعة]])*(تفاصيل_الفرق[عدد الفرق]>0),تفاصيل_الفرق[المدينة/المحافظة],""))} | F17: =SUMIFS(تفاصيل_الفرق[عدد الفرق],تفاصيل_الفرق[الفئة العمرية],ملخص_المجموعات[[#This Row],[الفئة]],تفاصيل_الفرق[المجموعة],ملخص_المجموعات[[#This Row],[المجموعة]]) | G17: =MAX(0,الحد_الأدنى-ملخص_المجموعات[[#This Row],[مجموع الفرق]]) | I17: تحت 9 | J17: مجموعة الدوادمي | K17: 5
B18: تحت 13 | C18: مجموعة الباحة | D18: =COUNTIFS(تفاصيل_الفرق[الفئة العمرية],ملخص_المجموعات[[#This Row],[الفئة]],تفاصيل_الفرق[المجموعة],ملخص_المجموعات[[#This Row],[المجموعة]],تفاصيل_الفرق[عدد الفرق],">0") | E18: {=_xlfn.TEXTJOIN("، ",TRUE,IF((تفاصيل_الفرق[الفئة العمرية]=ملخص_المجموعات[[#This Row],[الفئة]])*(تفاصيل_الفرق[المجموعة]=ملخص_المجموعات[[#This Row],[المجموعة]])*(تفاصيل_الفرق[عدد الفرق]>0),تفاصيل_الفرق[المدينة/المحافظة],""))} | F18: =SUMIFS(تفاصيل_الفرق[عدد الفرق],تفاصيل_الفرق[الفئة العمرية],ملخص_المجموعات[[#This Row],[الفئة]],تفاصيل_الفرق[المجموعة],ملخص_المجموعات[[#This Row],[المجموعة]]) | G18: =MAX(0,الحد_الأدنى-ملخص_المجموعات[[#This Row],[مجموع الفرق]]) | I18: تحت 5 | J18: مجموعة القريات | K18: 5
B19: تحت 14 | C19: مجموعة الباحة | D19: =COUNTIFS(تفاصيل_الفرق[الفئة العمرية],ملخص_المجموعات[[#This Row],[الفئة]],تفاصيل_الفرق[المجموعة],ملخص_المجموعات[[#This Row],[المجموعة]],تفاصيل_الفرق[عدد الفرق],">0") | E19: {=_xlfn.TEXTJOIN("، ",TRUE,IF((تفاصيل_الفرق[الفئة العمرية]=ملخص_المجموعات[[#This Row],[الفئة]])*(تفاصيل_الفرق[المجموعة]=ملخص_المجموعات[[#This Row],[المجموعة]])*(تفاصيل_الفرق[عدد الفرق]>0),تفاصيل_الفرق[المدينة/المحافظة],""))} | F19: =SUMIFS(تفاصيل_الفرق[عدد الفرق],تفاصيل_الفرق[الفئة العمرية],ملخص_المجموعات[[#This Row],[الفئة]],تفاصيل_الفرق[المجموعة],ملخص_المجموعات[[#This Row],[المجموعة]]) | G19: =MAX(0,الحد_الأدنى-ملخص_المجموعات[[#This Row],[مجموع الفرق]]) | I19: تحت 5 | J19: مجموعة شرورة | K19: 5
B20: تحت 5 | C20: مجموعة حائل | D20: =COUNTIFS(تفاصيل_الفرق[الفئة العمرية],ملخص_المجموعات[[#This Row],[الفئة]],تفاصيل_الفرق[المجموعة],ملخص_المجموعات[[#This Row],[المجموعة]],تفاصيل_الفرق[عدد الفرق],">0") | E20: {=_xlfn.TEXTJOIN("، ",TRUE,IF((تفاصيل_الفرق[الفئة العمرية]=ملخص_المجموعات[[#This Row],[الفئة]])*(تفاصيل_الفرق[المجموعة]=ملخص_المجموعات[[#This Row],[المجموعة]])*(تفاصيل_الفرق[عدد الفرق]>0),تفاصيل_الفرق[المدينة/المحافظة],""))} | F20: =SUMIFS(تفاصيل_الفرق[عدد الفرق],تفاصيل_الفرق[الفئة العمرية],ملخص_المجموعات[[#This Row],[الفئة]],تفاصيل_الفرق[المجموعة],ملخص_المجموعات[[#This Row],[المجموعة]]) | G20: =MAX(0,الحد_الأدنى-ملخص_المجموعات[[#This Row],[مجموع الفرق]]) | I20: تحت 9 | J20: مجموعة القريات | K20: 5
B21: تحت 5 | C21: مجموعة القريات | D21: =COUNTIFS(تفاصيل_الفرق[الفئة العمرية],ملخص_المجموعات[[#This Row],[الفئة]],تفاصيل_الفرق[المجموعة],ملخص_المجموعات[[#This Row],[المجموعة]],تفاصيل_الفرق[عدد الفرق],">0") | E21: {=_xlfn.TEXTJOIN("، ",TRUE,IF((تفاصيل_الفرق[الفئة العمرية]=ملخص_المجموعات[[#This Row],[الفئة]])*(تفاصيل_الفرق[المجموعة]=ملخص_المجموعات[[#This Row],[المجموعة]])*(تفاصيل_الفرق[عدد الفرق]>0),تفاصيل_الفرق[المدينة/المحافظة],""))} | F21: =SUMIFS(تفاصيل_الفرق[عدد الفرق],تفاصيل_الفرق[الفئة العمرية],ملخص_المجموعات[[#This Row],[الفئة]],تفاصيل_الفرق[المجموعة],ملخص_المجموعات[[#This Row],[المجموعة]]) | G21: =MAX(0,الحد_الأدنى-ملخص_المجموعات[[#This Row],[مجموع الفرق]])
B22: تحت 5 | C22: مجموعة شرورة | D22: =COUNTIFS(تفاصيل_الفرق[الفئة العمرية],ملخص_المجموعات[[#This Row],[الفئة]],تفاصيل_الفرق[المجموعة],ملخص_المجموعات[[#This Row],[المجموعة]],تفاصيل_الفرق[عدد الفرق],">0") | E22: {=_xlfn.TEXTJOIN("، ",TRUE,IF((تفاصيل_الفرق[الفئة العمرية]=ملخص_المجموعات[[#This Row],[الفئة]])*(تفاصيل_الفرق[المجموعة]=ملخص_المجموعات[[#This Row],[المجموعة]])*(تفاصيل_الفرق[عدد الفرق]>0),تفاصيل_الفرق[المدينة/المحافظة],""))} | F22: =SUMIFS(تفاصيل_الفرق[عدد الفرق],تفاصيل_الفرق[الفئة العمرية],ملخص_المجموعات[[#This Row],[الفئة]],تفاصيل_الفرق[المجموعة],ملخص_المجموعات[[#This Row],[المجموعة]]) | G22: =MAX(0,الحد_الأدنى-ملخص_المجموعات[[#This Row],[مجموع الفرق]])
B23: تحت 7 | C23: مجموعة الباحة | D23: =COUNTIFS(تفاصيل_الفرق[الفئة العمرية],ملخص_المجموعات[[#This Row],[الفئة]],تفاصيل_الفرق[المجموعة],ملخص_المجموعات[[#This Row],[المجموعة]],تفاصيل_الفرق[عدد الفرق],">0") | E23: {=_xlfn.TEXTJOIN("، ",TRUE,IF((تفاصيل_الفرق[الفئة العمرية]=ملخص_المجموعات[[#This Row],[الفئة]])*(تفاصيل_الفرق[المجموعة]=ملخص_المجموعات[[#This Row],[المجموعة]])*(تفاصيل_الفرق[عدد الفرق]>0),تفاصيل_الفرق[المدينة/المحافظة],""))} | F23: =SUMIFS(تفاصيل_الفرق[عدد الفرق],تفاصيل_الفرق[الفئة العمرية],ملخص_المجموعات[[#This Row],[الفئة]],تفاصيل_الفرق[المجموعة],ملخص_المجموعات[[#This Row],[المجموعة]]) | G23: =MAX(0,الحد_الأدنى-ملخص_المجموعات[[#This Row],[مجموع الفرق]])
B24: تحت 7 | C24: مجموعة أبها | D24: =COUNTIFS(تفاصيل_الفرق[الفئة العمرية],ملخص_المجموعات[[#This Row],[الفئة]],تفاصيل_الفرق[المجموعة],ملخص_المجموعات[[#This Row],[المجموعة]],تفاصيل_الفرق[عدد الفرق],">0") | E24: {=_xlfn.TEXTJOIN("، ",TRUE,IF((تفاصيل_الفرق[الفئة العمرية]=ملخص_المجموعات[[#This Row],[الفئة]])*(تفاصيل_الفرق[المجموعة]=ملخص_المجموعات[[#This Row],[المجموعة]])*(تفاصيل_الفرق[عدد الفرق]>0),تفاصيل_الفرق[المدينة/المحافظة],""))} | F24: =SUMIFS(تفاصيل_الفرق[عدد الفرق],تفاصيل_الفرق[الفئة العمرية],ملخص_المجموعات[[#This Row],[الفئة]],تفاصيل_الفرق[المجموعة],ملخص_المجموعات[[#This Row],[المجموعة]]) | G24: =MAX(0,الحد_الأدنى-ملخص_المجموعات[[#This Row],[مجموع الفرق]])
B25: تحت 9 | C25: مجموعة القريات | D25: =COUNTIFS(تفاصيل_الفرق[الفئة العمرية],ملخص_المجموعات[[#This Row],[الفئة]],تفاصيل_الفرق[المجموعة],ملخص_المجموعات[[#This Row],[المجموعة]],تفاصيل_الفرق[عدد الفرق],">0") | E25: {=_xlfn.TEXTJOIN("، ",TRUE,IF((تفاصيل_الفرق[الفئة العمرية]=ملخص_المجموعات[[#This Row],[الفئة]])*(تفاصيل_الفرق[المجموعة]=ملخص_المجموعات[[#This Row],[المجموعة]])*(تفاصيل_الفرق[عدد الفرق]>0),تفاصيل_الفرق[المدينة/المحافظة],""))} | F25: =SUMIFS(تفاصيل_الفرق[عدد الفرق],تفاصيل_الفرق[الفئة العمرية],ملخص_المجموعات[[#This Row],[الفئة]],تفاصيل_الفرق[المجموعة],ملخص_المجموعات[[#This Row],[المجموعة]]) | G25: =MAX(0,الحد_الأدنى-ملخص_المجموعات[[#This Row],[مجموع الفرق]])
B26: تحت 9 | C26: مجموعة طبرجل | D26: =COUNTIFS(تفاصيل_الفرق[الفئة العمرية],ملخص_المجموعات[[#This Row],[الفئة]],تفاصيل_الفرق[المجموعة],ملخص_المجموعات[[#This Row],[المجموعة]],تفاصيل_الفرق[عدد الفرق],">0") | E26: {=_xlfn.TEXTJOIN("، ",TRUE,IF((تفاصيل_الفرق[الفئة العمرية]=ملخص_المجموعات[[#This Row],[الفئة]])*(تفاصيل_الفرق[المجموعة]=ملخص_المجموعات[[#This Row],[المجموعة]])*(تفاصيل_الفرق[عدد الفرق]>0),تفاصيل_الفرق[المدينة/المحافظة],""))} | F26: =SUMIFS(تفاصيل_الفرق[عدد الفرق],تفاصيل_الفرق[الفئة العمرية],ملخص_المجموعات[[#This Row],[الفئة]],تفاصيل_الفرق[المجموعة],ملخص_المجموعات[[#This Row],[المجموعة]]) | G26: =MAX(0,الحد_الأدنى-ملخص_المجموعات[[#This Row],[مجموع الفرق]])
B27: تحت 13 | C27: مجموعة الرس | D27: =COUNTIFS(تفاصيل_الفرق[الفئة العمرية],ملخص_المجموعات[[#This Row],[الفئة]],تفاصيل_الفرق[المجموعة],ملخص_المجموعات[[#This Row],[المجموعة]],تفاصيل_الفرق[عدد الفرق],">0") | E27: {=_xlfn.TEXTJOIN("، ",TRUE,IF((تفاصيل_الفرق[الفئة العمرية]=ملخص_المجموعات[[#This Row],[الفئة]])*(تفاصيل_الفرق[المجموعة]=ملخص_المجموعات[[#This Row],[المجموعة]])*(تفاصيل_الفرق[عدد الفرق]>0),تفاصيل_الفرق[المدينة/المحافظة],""))} | F27: =SUMIFS(تفاصيل_الفرق[عدد الفرق],تفاصيل_الفرق[الفئة العمرية],ملخص_المجموعات[[#This Row],[الفئة]],تفاصيل_الفرق[المجموعة],ملخص_المجموعات[[#This Row],[المجموعة]]) | G27: =MAX(0,الحد_الأدنى-ملخص_المجموعات[[#This Row],[مجموع الفرق]])
B28: تحت 13 | C28: مجموعة جازان | D28: =COUNTIFS(تفاصيل_الفرق[الفئة العمرية],ملخص_المجموعات[[#This Row],[الفئة]],تفاصيل_الفرق[المجموعة],ملخص_المجموعات[[#This Row],[المجموعة]],تفاصيل_الفرق[عدد الفرق],">0") | E28: {=_xlfn.TEXTJOIN("، ",TRUE,IF((تفاصيل_الفرق[الفئة العمرية]=ملخص_المجموعات[[#This Row],[الفئة]])*(تفاصيل_الفرق[المجموعة]=ملخص_المجموعات[[#This Row],[المجموعة]])*(تفاصيل_الفرق[عدد الفرق]>0),تفاصيل_الفرق[المدينة/المحافظة],""))} | F28: =SUMIFS(تفاصيل_الفرق[عدد الفرق],تفاصيل_الفرق[الفئة العمرية],ملخص_المجموعات[[#This Row],[الفئة]],تفاصيل_الفرق[المجموعة],ملخص_المجموعات[[#This Row],[المجموعة]]) | G28: =MAX(0,الحد_الأدنى-ملخص_المجموعات[[#This Row],[مجموع الفرق]])
B29: تحت 14 | C29: مجموعة حائل | D29: =COUNTIFS(تفاصيل_الفرق[الفئة العمرية],ملخص_المجموعات[[#This Row],[الفئة]],تفاصيل_الفرق[المجموعة],ملخص_المجموعات[[#This Row],[المجموعة]],تفاصيل_الفرق[عدد الفرق],">0") | E29: {=_xlfn.TEXTJOIN("، ",TRUE,IF((تفاصيل_الفرق[الفئة العمرية]=ملخص_المجموعات[[#This Row],[الفئة]])*(تفاصيل_الفرق[المجموعة]=ملخص_المجموعات[[#This Row],[المجموعة]])*(تفاصيل_الفرق[عدد الفرق]>0),تفاصيل_الفرق[المدينة/المحافظة],""))} | F29: =SUMIFS(تفاصيل_الفرق[عدد الفرق],تفاصيل_الفرق[الفئة العمرية],ملخص_المجموعات[[#This Row],[الفئة]],تفاصيل_الفرق[المجموعة],ملخص_المجموعات[[#This Row],[المجموعة]]) | G29: =MAX(0,الحد_الأدنى-ملخص_المجموعات[[#This Row],[مجموع الفرق]])
B30: تحت 14 | C30: مجموعة الخرج | D30: =COUNTIFS(تفاصيل_الفرق[الفئة العمرية],ملخص_المجموعات[[#This Row],[الفئة]],تفاصيل_الفرق[المجموعة],ملخص_المجموعات[[#This Row],[المجموعة]],تفاصيل_الفرق[عدد الفرق],">0") | E30: {=_xlfn.TEXTJOIN("، ",TRUE,IF((تفاصيل_الفرق[الفئة العمرية]=ملخص_المجموعات[[#This Row],[الفئة]])*(تفاصيل_الفرق[المجموعة]=ملخص_المجموعات[[#This Row],[المجموعة]])*(تفاصيل_الفرق[عدد الفرق]>0),تفاصيل_الفرق[المدينة/المحافظة],""))} | F30: =SUMIFS(تفاصيل_الفرق[عدد الفرق],تفاصيل_الفرق[الفئة العمرية],ملخص_المجموعات[[#This Row],[الفئة]],تفاصيل_الفرق[المجموعة],ملخص_المجموعات[[#This Row],[المجموعة]]) | G30: =MAX(0,الحد_الأدنى-ملخص_المجموعات[[#This Row],[مجموع الفرق]])
B31: تحت 5 | C31: مجموعة مركز الرفيعة | D31: =COUNTIFS(تفاصيل_الفرق[الفئة العمرية],ملخص_المجموعات[[#This Row],[الفئة]],تفاصيل_الفرق[المجموعة],ملخص_المجموعات[[#This Row],[المجموعة]],تفاصيل_الفرق[عدد الفرق],">0") | E31: {=_xlfn.TEXTJOIN("، ",TRUE,IF((تفاصيل_الفرق[الفئة العمرية]=ملخص_المجموعات[[#This Row],[الفئة]])*(تفاصيل_الفرق[المجموعة]=ملخص_المجموعات[[#This Row],[المجموعة]])*(تفاصيل_الفرق[عدد الفرق]>0),تفاصيل_الفرق[المدينة/المحافظة],""))} | F31: =SUMIFS(تفاصيل_الفرق[عدد الفرق],تفاصيل_الفرق[الفئة العمرية],ملخص_المجموعات[[#This Row],[الفئة]],تفاصيل_الفرق[المجموعة],ملخص_المجموعات[[#This Row],[المجموعة]]) | G31: =MAX(0,الحد_الأدنى-ملخص_المجموعات[[#This Row],[مجموع الفرق]])
B32: تحت 5 | C32: مجموعة القطيف | D32: =COUNTIFS(تفاصيل_الفرق[الفئة العمرية],ملخص_المجموعات[[#This Row],[الفئة]],تفاصيل_الفرق[المجموعة],ملخص_المجموعات[[#This Row],[المجموعة]],تفاصيل_الفرق[عدد الفرق],">0") | E32: {=_xlfn.TEXTJOIN("، ",TRUE,IF((تفاصيل_الفرق[الفئة العمرية]=ملخص_المجموعات[[#This Row],[الفئة]])*(تفاصيل_الفرق[المجموعة]=ملخص_المجموعات[[#This Row],[المجموعة]])*(تفاصيل_الفرق[عدد الفرق]>0),تفاصيل_الفرق[المدينة/المحافظة],""))} | F32: =SUMIFS(تفاصيل_الفرق[عدد الفرق],تفاصيل_الفرق[الفئة العمرية],ملخص_المجموعات[[#This Row],[الفئة]],تفاصيل_الفرق[المجموعة],ملخص_المجموعات[[#This Row],[المجموعة]]) | G32: =MAX(0,الحد_الأدنى-ملخص_المجموعات[[#This Row],[مجموع الفرق]])
... B186: تحت 12 | C186: مجموعة جدة | D186: =COUNTIFS(تفاصيل_الفرق[الفئة العمرية],ملخص_المجموعات[[#This Row],[الفئة]],تفاصيل_الفرق[المجموعة],ملخص_المجموعات[[#This Row],[المجموعة]],تفاصيل_الفرق[عدد الفرق],">0") | E186: {=_xlfn.TEXTJOIN("، ",TRUE,IF((تفاصيل_الفرق[الفئة العمرية]=ملخص_المجموعات[[#This Row],[الفئة]])*(تفاصيل_الفرق[المجموعة]=ملخص_المجموعات[[#This Row],[المجموعة]])*(تفاصيل_الفرق[عدد الفرق]>0),تفاصيل_الفرق[المدينة/المحافظة],""))} | F186: =SUMIFS(تفاصيل_الفرق[عدد الفرق],تفاصيل_الفرق[الفئة العمرية],ملخص_المجموعات[[#This Row],[الفئة]],تفاصيل_الفرق[المجموعة],ملخص_المجموعات[[#This Row],[المجموعة]]) | G186: =MAX(0,الحد_الأدنى-ملخص_المجموعات[[#This Row],[مجموع الفرق]])

Sheet بيانات التسجيل
A2: Entry Id | B2: اسم الفريق | C2: الاسم | D2: رقم الجوال | E2: اسم الملعب | F2: الصفة | G2: المنطقة | H2: المدينة | I2: مكتب الوزارة | J2: المشاركة تحت 14 | K2: المشاركة تحت 13 | L2: المشاركة تحت 12 | M2: المشاركة تحت 11 | N2: المشاركة تحت 9 | O2: المشاركة تحت 7 | P2: المشاركة تحت 5 | Q2: ليس في أي مجموعة مكتملة | R2: حالة السداد | S2: فتح حساب لتسجيل اللاعبين
A3: 1 | B3: الزوري | C3: سالم محمد الدوسري | D3: 562311110 | E3: ملاعب المنافسة | F3: أكاديمية | G3: الشرقية | H3: الدمام | I3: الشرقية | J3: 0 | K3: 0 | L3: 1 | M3: 1 | N3: 1 | O3: 0 | P3: 0 | Q3: =IF(SUM([1]!التسجيل[[#This Row],[المشاركة تحت 14]],[1]!التسجيل[[#This Row],[المشاركة تحت 13]],[1]!التسجيل[[#This Row],[المشاركة تحت 12]],[1]!التسجيل[[#This Row],[المشاركة تحت 11]],[1]!التسجيل[[#This Row],[المشاركة تحت 9]],[1]!التسجيل[[#This Row],[المشاركة تحت 7 ]],[1]!التسجيل[[#This Row],[المشاركة تحت 5]])=0,"لا يوجد تسجيل",IF((([1]!التسجيل[[#This Row],[المشاركة تحت 14]]>=1)*(COUNTIFS([1]!تفاصيل_الفرق[الفئة العمرية],"تحت 14",[1]!تفاصيل_الفرق[مدينة منظفة],TRIM([1]!التسجيل[[#This Row],[المدينة]]),[1]!تفاصيل_الفرق[مجموعة مكتملة],1)>0))+(([1]!التسجيل[[#This Row],[المشاركة تحت 13]]>=1)*(COUNTIFS([1]!تفاصيل_الفرق[الفئة العمرية],"تحت 13",[1]!تفاصيل_الفرق[مدينة منظفة],TRIM([1]!التسجيل[[#This Row],[المدينة]]),[1]!تفاصيل_الفرق[مجموعة مكتملة],1)>0))+(([1]!التسجيل[[#This Row],[المشاركة تحت 12]]>=1)*(COUNTIFS([1]!تفاصيل_الفرق[الفئة العمرية],"تحت 12",[1]!تفاصيل_الفرق[مدينة منظفة],TRIM([1]!التسجيل[[#This Row],[المدينة]]),[1]!تفاصيل_الفرق[مجموعة مكتملة],1)>0))+(([1]!التسجيل[[#This Row],[المشاركة تحت 11]]>=1)*(COUNTIFS([1]!تفاصيل_الفرق[الفئة العمرية],"تحت 11",[1]!تفاصيل_الفرق[مدينة منظفة],TRIM([1]!التسجيل[[#This Row],[المدينة]]),[1]!تفاصيل_الفرق[مجموعة مكتملة],1)>0))+(([1]!التسجيل[[#This Row],[المشاركة تحت 9]]>=1)*(COUNTIFS([1]!تفاصيل_الفرق[الفئة العمرية],"تحت 9",[1]!تفاصيل_الفرق[مدينة منظفة],TRIM([1]!التسجيل[[#This Row],[المدينة]]),[1]!تفاصيل_الفرق[مجموعة مكتملة],1)>0))+(([1]!التسجيل[[#This Row],[المشاركة تحت 7 ]]>=1)*(COUNTIFS([1]!تفاصيل_الفرق[الفئة العمرية],"تحت 7",[1]!تفاصيل_الفرق[مدينة منظفة],TRIM([1]!التسجيل[[#This Row],[المدينة]]),[1]!تفاصيل_الفرق[مجموعة مكتملة],1)>0))+(([1]!التسجيل[[#This Row],[المشاركة تحت 5]]>=1)*(COUNTIFS([1]!تفاصيل_الفرق[الفئة العمرية],"تحت 5",[1]!تفاصيل_الفرق[مدينة منظفة],TRIM([1]!التسجيل[[#This Row],[المدينة]]),[1]!تفاصيل_الفرق[مجموعة مكتملة],1)>0))=0,"نعم","لا"))
A4: =1+A3 | B4: المطوع | C4: محمد عساف العتيبي | D4: 539099199 | E4: المطوع بارك | F4: نادي | G4: الرياض | H4: الرياض | I4: الرياض | J4: 1 | K4: 1 | L4: 1 | M4: 1 | N4: 0 | O4: 0 | P4: 0 | Q4: =IF(SUM([1]!التسجيل[[#This Row],[المشاركة تحت 14]],[1]!التسجيل[[#This Row],[المشاركة تحت 13]],[1]!التسجيل[[#This Row],[المشاركة تحت 12]],[1]!التسجيل[[#This Row],[المشاركة تحت 11]],[1]!التسجيل[[#This Row],[المشاركة تحت 9]],[1]!التسجيل[[#This Row],[المشاركة تحت 7 ]],[1]!التسجيل[[#This Row],[المشاركة تحت 5]])=0,"لا يوجد تسجيل",IF((([1]!التسجيل[[#This Row],[المشاركة تحت 14]]>=1)*(COUNTIFS([1]!تفاصيل_الفرق[الفئة العمرية],"تحت 14",[1]!تفاصيل_الفرق[مدينة منظفة],TRIM([1]!التسجيل[[#This Row],[المدينة]]),[1]!تفاصيل_الفرق[مجموعة مكتملة],1)>0))+(([1]!التسجيل[[#This Row],[المشاركة تحت 13]]>=1)*(COUNTIFS([1]!تفاصيل_الفرق[الفئة العمرية],"تحت 13",[1]!تفاصيل_الفرق[مدينة منظفة],TRIM([1]!التسجيل[[#This Row],[المدينة]]),[1]!تفاصيل_الفرق[مجموعة مكتملة],1)>0))+(([1]!التسجيل[[#This Row],[المشاركة تحت 12]]>=1)*(COUNTIFS([1]!تفاصيل_الفرق[الفئة العمرية],"تحت 12",[1]!تفاصيل_الفرق[مدينة منظفة],TRIM([1]!التسجيل[[#This Row],[المدينة]]),[1]!تفاصيل_الفرق[مجموعة مكتملة],1)>0))+(([1]!التسجيل[[#This Row],[المشاركة تحت 11]]>=1)*(COUNTIFS([1]!تفاصيل_الفرق[الفئة العمرية],"تحت 11",[1]!تفاصيل_الفرق[مدينة منظفة],TRIM([1]!التسجيل[[#This Row],[المدينة]]),[1]!تفاصيل_الفرق[مجموعة مكتملة],1)>0))+(([1]!التسجيل[[#This Row],[المشاركة تحت 9]]>=1)*(COUNTIFS([1]!تفاصيل_الفرق[الفئة العمرية],"تحت 9",[1]!تفاصيل_الفرق[مدينة منظفة],TRIM([1]!التسجيل[[#This Row],[المدينة]]),[1]!تفاصيل_الفرق[مجموعة مكتملة],1)>0))+(([1]!التسجيل[[#This Row],[المشاركة تحت 7 ]]>=1)*(COUNTIFS([1]!تفاصيل_الفرق[الفئة العمرية],"تحت 7",[1]!تفاصيل_الفرق[مدينة منظفة],TRIM([1]!التسجيل[[#This Row],[المدينة]]),[1]!تفاصيل_الفرق[مجموعة مكتملة],1)>0))+(([1]!التسجيل[[#This Row],[المشاركة تحت 5]]>=1)*(COUNTIFS([1]!تفاصيل_الفرق[الفئة العمرية],"تحت 5",[1]!تفاصيل_الفرق[مدينة منظفة],TRIM([1]!التسجيل[[#This Row],[المدينة]]),[1]!تفاصيل_الفرق[مجموعة مكتملة],1)>0))=0,"نعم","لا"))
A5: =1+A4 | B5: القوارة | C5: مثني فهد الحرابي | D5: 544394481 | E5: رديف نادي القوارة | F5: نادي | G5: القصيم | H5: بريدة | I5: القصيم | J5: 1 | K5: 0 | L5: 0 | M5: 0 | N5: 0 | O5: 0 | P5: 0 | Q5: =IF(SUM([1]!التسجيل[[#This Row],[المشاركة تحت 14]],[1]!التسجيل[[#This Row],[المشاركة تحت 13]],[1]!التسجيل[[#This Row],[المشاركة تحت 12]],[1]!التسجيل[[#This Row],[المشاركة تحت 11]],[1]!التسجيل[[#This Row],[المشاركة تحت 9]],[1]!التسجيل[[#This Row],[المشاركة تحت 7 ]],[1]!التسجيل[[#This Row],[المشاركة تحت 5]])=0,"لا يوجد تسجيل",IF((([1]!التسجيل[[#This Row],[المشاركة تحت 14]]>=1)*(COUNTIFS([1]!تفاصيل_الفرق[الفئة العمرية],"تحت 14",[1]!تفاصيل_الفرق[مدينة منظفة],TRIM([1]!التسجيل[[#This Row],[المدينة]]),[1]!تفاصيل_الفرق[مجموعة مكتملة],1)>0))+(([1]!التسجيل[[#This Row],[المشاركة تحت 13]]>=1)*(COUNTIFS([1]!تفاصيل_الفرق[الفئة العمرية],"تحت 13",[1]!تفاصيل_الفرق[مدينة منظفة],TRIM([1]!التسجيل[[#This Row],[المدينة]]),[1]!تفاصيل_الفرق[مجموعة مكتملة],1)>0))+(([1]!التسجيل[[#This Row],[المشاركة تحت 12]]>=1)*(COUNTIFS([1]!تفاصيل_الفرق[الفئة العمرية],"تحت 12",[1]!تفاصيل_الفرق[مدينة منظفة],TRIM([1]!التسجيل[[#This Row],[المدينة]]),[1]!تفاصيل_الفرق[مجموعة مكتملة],1)>0))+(([1]!التسجيل[[#This Row],[المشاركة تحت 11]]>=1)*(COUNTIFS([1]!تفاصيل_الفرق[الفئة العمرية],"تحت 11",[1]!تفاصيل_الفرق[مدينة منظفة],TRIM([1]!التسجيل[[#This Row],[المدينة]]),[1]!تفاصيل_الفرق[مجموعة مكتملة],1)>0))+(([1]!التسجيل[[#This Row],[المشاركة تحت 9]]>=1)*(COUNTIFS([1]!تفاصيل_الفرق[الفئة العمرية],"تحت 9",[1]!تفاصيل_الفرق[مدينة منظفة],TRIM([1]!التسجيل[[#This Row],[المدينة]]),[1]!تفاصيل_الفرق[مجموعة مكتملة],1)>0))+(([1]!التسجيل[[#This Row],[المشاركة تحت 7 ]]>=1)*(COUNTIFS([1]!تفاصيل_الفرق[الفئة العمرية],"تحت 7",[1]!تفاصيل_الفرق[مدينة منظفة],TRIM([1]!التسجيل[[#This Row],[المدينة]]),[1]!تفاصيل_الفرق[مجموعة مكتملة],1)>0))+(([1]!التسجيل[[#This Row],[المشاركة تحت 5]]>=1)*(COUNTIFS([1]!تفاصيل_الفرق[الفئة العمرية],"تحت 5",[1]!تفاصيل_الفرق[مدينة منظفة],TRIM([1]!التسجيل[[#This Row],[المدينة]]),[1]!تفاصيل_الفرق[مجموعة مكتملة],1)>0))=0,"نعم","لا"))
A6: =1+A5 | B6: الصقر | C6: محمد عثمان المحيميد | D6: 546496199 | E6: الصقر | F6: نادي | G6: القصيم | H6: بريدة | I6: القصيم | J6: 0 | K6: 1 | L6: 0 | M6: 1 | N6: 0 | O6: 0 | P6: 0 | Q6: =IF(SUM([1]!التسجيل[[#This Row],[المشاركة تحت 14]],[1]!التسجيل[[#This Row],[المشاركة تحت 13]],[1]!التسجيل[[#This Row],[المشاركة تحت 12]],[1]!التسجيل[[#This Row],[المشاركة تحت 11]],[1]!التسجيل[[#This Row],[المشاركة تحت 9]],[1]!التسجيل[[#This Row],[المشاركة تحت 7 ]],[1]!التسجيل[[#This Row],[المشاركة تحت 5]])=0,"لا يوجد تسجيل",IF((([1]!التسجيل[[#This Row],[المشاركة تحت 14]]>=1)*(COUNTIFS([1]!تفاصيل_الفرق[الفئة العمرية],"تحت 14",[1]!تفاصيل_الفرق[مدينة منظفة],TRIM([1]!التسجيل[[#This Row],[المدينة]]),[1]!تفاصيل_الفرق[مجموعة مكتملة],1)>0))+(([1]!التسجيل[[#This Row],[المشاركة تحت 13]]>=1)*(COUNTIFS([1]!تفاصيل_الفرق[الفئة العمرية],"تحت 13",[1]!تفاصيل_الفرق[مدينة منظفة],TRIM([1]!التسجيل[[#This Row],[المدينة]]),[1]!تفاصيل_الفرق[مجموعة مكتملة],1)>0))+(([1]!التسجيل[[#This Row],[المشاركة تحت 12]]>=1)*(COUNTIFS([1]!تفاصيل_الفرق[الفئة العمرية],"تحت 12",[1]!تفاصيل_الفرق[مدينة منظفة],TRIM([1]!التسجيل[[#This Row],[المدينة]]),[1]!تفاصيل_الفرق[مجموعة مكتملة],1)>0))+(([1]!التسجيل[[#This Row],[المشاركة تحت 11]]>=1)*(COUNTIFS([1]!تفاصيل_الفرق[الفئة العمرية],"تحت 11",[1]!تفاصيل_الفرق[مدينة منظفة],TRIM([1]!التسجيل[[#This Row],[المدينة]]),[1]!تفاصيل_الفرق[مجموعة مكتملة],1)>0))+(([1]!التسجيل[[#This Row],[المشاركة تحت 9]]>=1)*(COUNTIFS([1]!تفاصيل_الفرق[الفئة العمرية],"تحت 9",[1]!تفاصيل_الفرق[مدينة منظفة],TRIM([1]!التسجيل[[#This Row],[المدينة]]),[1]!تفاصيل_الفرق[مجموعة مكتملة],1)>0))+(([1]!التسجيل[[#This Row],[المشاركة تحت 7 ]]>=1)*(COUNTIFS([1]!تفاصيل_الفرق[الفئة العمرية],"تحت 7",[1]!تفاصيل_الفرق[مدينة منظفة],TRIM([1]!التسجيل[[#This Row],[المدينة]]),[1]!تفاصيل_الفرق[مجموعة مكتملة],1)>0))+(([1]!التسجيل[[#This Row],[المشاركة تحت 5]]>=1)*(COUNTIFS([1]!تفاصيل_الفرق[الفئة العمرية],"تحت 5",[1]!تفاصيل_الفرق[مدينة منظفة],TRIM([1]!التسجيل[[#This Row],[المدينة]]),[1]!تفاصيل_الفرق[مجموعة مكتملة],1)>0))=0,"نعم","لا"))
A7: =1+A6 | B7: عيون الجواء | C7: فيصل فهد الجماز | D7: 508279319 | E7: البدائع | F7: نادي | G7: القصيم | H7: عيون الجواء | I7: الرس | J7: 1 | K7: 1 | L7: 1 | M7: 1 | N7: 1 | O7: 1 | P7: 0 | Q7: =IF(SUM([1]!التسجيل[[#This Row],[المشاركة تحت 14]],[1]!التسجيل[[#This Row],[المشاركة تحت 13]],[1]!التسجيل[[#This Row],[المشاركة تحت 12]],[1]!التسجيل[[#This Row],[المشاركة تحت 11]],[1]!التسجيل[[#This Row],[المشاركة تحت 9]],[1]!التسجيل[[#This Row],[المشاركة تحت 7 ]],[1]!التسجيل[[#This Row],[المشاركة تحت 5]])=0,"لا يوجد تسجيل",IF((([1]!التسجيل[[#This Row],[المشاركة تحت 14]]>=1)*(COUNTIFS([1]!تفاصيل_الفرق[الفئة العمرية],"تحت 14",[1]!تفاصيل_الفرق[مدينة منظفة],TRIM([1]!التسجيل[[#This Row],[المدينة]]),[1]!تفاصيل_الفرق[مجموعة مكتملة],1)>0))+(([1]!التسجيل[[#This Row],[المشاركة تحت 13]]>=1)*(COUNTIFS([1]!تفاصيل_الفرق[الفئة العمرية],"تحت 13",[1]!تفاصيل_الفرق[مدينة منظفة],TRIM([1]!التسجيل[[#This Row],[المدينة]]),[1]!تفاصيل_الفرق[مجموعة مكتملة],1)>0))+(([1]!التسجيل[[#This Row],[المشاركة تحت 12]]>=1)*(COUNTIFS([1]!تفاصيل_الفرق[الفئة العمرية],"تحت 12",[1]!تفاصيل_الفرق[مدينة منظفة],TRIM([1]!التسجيل[[#This Row],[المدينة]]),[1]!تفاصيل_الفرق[مجموعة مكتملة],1)>0))+(([1]!التسجيل[[#This Row],[المشاركة تحت 11]]>=1)*(COUNTIFS([1]!تفاصيل_الفرق[الفئة العمرية],"تحت 11",[1]!تفاصيل_الفرق[مدينة منظفة],TRIM([1]!التسجيل[[#This Row],[المدينة]]),[1]!تفاصيل_الفرق[مجموعة مكتملة],1)>0))+(([1]!التسجيل[[#This Row],[المشاركة تحت 9]]>=1)*(COUNTIFS([1]!تفاصيل_الفرق[الفئة العمرية],"تحت 9",[1]!تفاصيل_الفرق[مدينة منظفة],TRIM([1]!التسجيل[[#This Row],[المدينة]]),[1]!تفاصيل_الفرق[مجموعة مكتملة],1)>0))+(([1]!التسجيل[[#This Row],[المشاركة تحت 7 ]]>=1)*(COUNTIFS([1]!تفاصيل_الفرق[الفئة العمرية],"تحت 7",[1]!تفاصيل_الفرق[مدينة منظفة],TRIM([1]!التسجيل[[#This Row],[المدينة]]),[1]!تفاصيل_الفرق[مجموعة مكتملة],1)>0))+(([1]!التسجيل[[#This Row],[المشاركة تحت 5]]>=1)*(COUNTIFS([1]!تفاصيل_الفرق[الفئة العمرية],"تحت 5",[1]!تفاصيل_الفرق[مدينة منظفة],TRIM([1]!التسجيل[[#This Row],[المدينة]]),[1]!تفاصيل_الفرق[مجموعة مكتملة],1)>0))=0,"نعم","لا"))
A8: =1+A7 | B8: ليوبارد | C8: بدر عبدالعزيز الجربوع | D8: 564110010 | E8: المطوع بارك | F8: نادي | G8: الرياض | H8: الرياض | I8: الرياض | J8: 1 | K8: 1 | L8: 1 | M8: 1 | N8: 0 | O8: 0 | P8: 0 | Q8: =IF(SUM([1]!التسجيل[[#This Row],[المشاركة تحت 14]],[1]!التسجيل[[#This Row],[المشاركة تحت 13]],[1]!التسجيل[[#This Row],[المشاركة تحت 12]],[1]!التسجيل[[#This Row],[المشاركة تحت 11]],[1]!التسجيل[[#This Row],[المشاركة تحت 9]],[1]!التسجيل[[#This Row],[المشاركة تحت 7 ]],[1]!التسجيل[[#This Row],[المشاركة تحت 5]])=0,"لا يوجد تسجيل",IF((([1]!التسجيل[[#This Row],[المشاركة تحت 14]]>=1)*(COUNTIFS([1]!تفاصيل_الفرق[الفئة العمرية],"تحت 14",[1]!تفاصيل_الفرق[مدينة منظفة],TRIM([1]!التسجيل[[#This Row],[المدينة]]),[1]!تفاصيل_الفرق[مجموعة مكتملة],1)>0))+(([1]!التسجيل[[#This Row],[المشاركة تحت 13]]>=1)*(COUNTIFS([1]!تفاصيل_الفرق[الفئة العمرية],"تحت 13",[1]!تفاصيل_الفرق[مدينة منظفة],TRIM([1]!التسجيل[[#This Row],[المدينة]]),[1]!تفاصيل_الفرق[مجموعة مكتملة],1)>0))+(([1]!التسجيل[[#This Row],[المشاركة تحت 12]]>=1)*(COUNTIFS([1]!تفاصيل_الفرق[الفئة العمرية],"تحت 12",[1]!تفاصيل_الفرق[مدينة منظفة],TRIM([1]!التسجيل[[#This Row],[المدينة]]),[1]!تفاصيل_الفرق[مجموعة مكتملة],1)>0))+(([1]!التسجيل[[#This Row],[المشاركة تحت 11]]>=1)*(COUNTIFS([1]!تفاصيل_الفرق[الفئة العمرية],"تحت 11",[1]!تفاصيل_الفرق[مدينة منظفة],TRIM([1]!التسجيل[[#This Row],[المدينة]]),[1]!تفاصيل_الفرق[مجموعة مكتملة],1)>0))+(([1]!التسجيل[[#This Row],[المشاركة تحت 9]]>=1)*(COUNTIFS([1]!تفاصيل_الفرق[الفئة العمرية],"تحت 9",[1]!تفاصيل_الفرق[مدينة منظفة],TRIM([1]!التسجيل[[#This Row],[المدينة]]),[1]!تفاصيل_الفرق[مجموعة مكتملة],1)>0))+(([1]!التسجيل[[#This Row],[المشاركة تحت 7 ]]>=1)*(COUNTIFS([1]!تفاصيل_الفرق[الفئة العمرية],"تحت 7",[1]!تفاصيل_الفرق[مدينة منظفة],TRIM([1]!التسجيل[[#This Row],[المدينة]]),[1]!تفاصيل_الفرق[مجموعة مكتملة],1)>0))+(([1]!التسجيل[[#This Row],[المشاركة تحت 5]]>=1)*(COUNTIFS([1]!تفاصيل_الفرق[الفئة العمرية],"تحت 5",[1]!تفاصيل_الفرق[مدينة منظفة],TRIM([1]!التسجيل[[#This Row],[المدينة]]),[1]!تفاصيل_الفرق[مجموعة مكتملة],1)>0))=0,"نعم","لا"))
A9: =1+A8 | B9: الاعب الموهوب | C9: ياسر ال خليتيت | D9: 0597302630 | E9: سوكر القطيف | F9: أكاديمية | G9: الشرقية | H9: القطيف | I9: القطيف | J9: 0 | K9: 1 | L9: 1 | M9: 1 | N9: 1 | O9: 0 | P9: 0 | Q9: =IF(SUM([1]!التسجيل[[#This Row],[المشاركة تحت 14]],[1]!التسجيل[[#This Row],[المشاركة تحت 13]],[1]!التسجيل[[#This Row],[المشاركة تحت 12]],[1]!التسجيل[[#This Row],[المشاركة تحت 11]],[1]!التسجيل[[#This Row],[المشاركة تحت 9]],[1]!التسجيل[[#This Row],[المشاركة تحت 7 ]],[1]!التسجيل[[#This Row],[المشاركة تحت 5]])=0,"لا يوجد تسجيل",IF((([1]!التسجيل[[#This Row],[المشاركة تحت 14]]>=1)*(COUNTIFS([1]!تفاصيل_الفرق[الفئة العمرية],"تحت 14",[1]!تفاصيل_الفرق[مدينة منظفة],TRIM([1]!التسجيل[[#This Row],[المدينة]]),[1]!تفاصيل_الفرق[مجموعة مكتملة],1)>0))+(([1]!التسجيل[[#This Row],[المشاركة تحت 13]]>=1)*(COUNTIFS([1]!تفاصيل_الفرق[الفئة العمرية],"تحت 13",[1]!تفاصيل_الفرق[مدينة منظفة],TRIM([1]!التسجيل[[#This Row],[المدينة]]),[1]!تفاصيل_الفرق[مجموعة مكتملة],1)>0))+(([1]!التسجيل[[#This Row],[المشاركة تحت 12]]>=1)*(COUNTIFS([1]!تفاصيل_الفرق[الفئة العمرية],"تحت 12",[1]!تفاصيل_الفرق[مدينة منظفة],TRIM([1]!التسجيل[[#This Row],[المدينة]]),[1]!تفاصيل_الفرق[مجموعة مكتملة],1)>0))+(([1]!التسجيل[[#This Row],[المشاركة تحت 11]]>=1)*(COUNTIFS([1]!تفاصيل_الفرق[الفئة العمرية],"تحت 11",[1]!تفاصيل_الفرق[مدينة منظفة],TRIM([1]!التسجيل[[#This Row],[المدينة]]),[1]!تفاصيل_الفرق[مجموعة مكتملة],1)>0))+(([1]!التسجيل[[#This Row],[المشاركة تحت 9]]>=1)*(COUNTIFS([1]!تفاصيل_الفرق[الفئة العمرية],"تحت 9",[1]!تفاصيل_الفرق[مدينة منظفة],TRIM([1]!التسجيل[[#This Row],[المدينة]]),[1]!تفاصيل_الفرق[مجموعة مكتملة],1)>0))+(([1]!التسجيل[[#This Row],[المشاركة تحت 7 ]]>=1)*(COUNTIFS([1]!تفاصيل_الفرق[الفئة العمرية],"تحت 7",[1]!تفاصيل_الفرق[مدينة منظفة],TRIM([1]!التسجيل[[#This Row],[المدينة]]),[1]!تفاصيل_الفرق[مجموعة مكتملة],1)>0))+(([1]!التسجيل[[#This Row],[المشاركة تحت 5]]>=1)*(COUNTIFS([1]!تفاصيل_الفرق[الفئة العمرية],"تحت 5",[1]!تفاصيل_الفرق[مدينة منظفة],TRIM([1]!التسجيل[[#This Row],[المدينة]]),[1]!تفاصيل_الفرق[مجموعة مكتملة],1)>0))=0,"نعم","لا"))
A10: =1+A9 | B10: نجد الرياض | C10: مرعي عسيري | D10: 0569339451 | E10: محترفي الوادي | F10: نادي | G10: الرياض | H10: الرياض | I10: الرياض | J10: 1 | K10: 1 | L10: 0 | M10: 2 | N10: 0 | O10: 0 | P10: 0 | Q10: =IF(SUM([1]!التسجيل[[#This Row],[المشاركة تحت 14]],[1]!التسجيل[[#This Row],[المشاركة تحت 13]],[1]!التسجيل[[#This Row],[المشاركة تحت 12]],[1]!التسجيل[[#This Row],[المشاركة تحت 11]],[1]!التسجيل[[#This Row],[المشاركة تحت 9]],[1]!التسجيل[[#This Row],[المشاركة تحت 7 ]],[1]!التسجيل[[#This Row],[المشاركة تحت 5]])=0,"لا يوجد تسجيل",IF((([1]!التسجيل[[#This Row],[المشاركة تحت 14]]>=1)*(COUNTIFS([1]!تفاصيل_الفرق[الفئة العمرية],"تحت 14",[1]!تفاصيل_الفرق[مدينة منظفة],TRIM([1]!التسجيل[[#This Row],[المدينة]]),[1]!تفاصيل_الفرق[مجموعة مكتملة],1)>0))+(([1]!التسجيل[[#This Row],[المشاركة تحت 13]]>=1)*(COUNTIFS([1]!تفاصيل_الفرق[الفئة العمرية],"تحت 13",[1]!تفاصيل_الفرق[مدينة منظفة],TRIM([1]!التسجيل[[#This Row],[المدينة]]),[1]!تفاصيل_الفرق[مجموعة مكتملة],1)>0))+(([1]!التسجيل[[#This Row],[المشاركة تحت 12]]>=1)*(COUNTIFS([1]!تفاصيل_الفرق[الفئة العمرية],"تحت 12",[1]!تفاصيل_الفرق[مدينة منظفة],TRIM([1]!التسجيل[[#This Row],[المدينة]]),[1]!تفاصيل_الفرق[مجموعة مكتملة],1)>0))+(([1]!التسجيل[[#This Row],[المشاركة تحت 11]]>=1)*(COUNTIFS([1]!تفاصيل_الفرق[الفئة العمرية],"تحت 11",[1]!تفاصيل_الفرق[مدينة منظفة],TRIM([1]!التسجيل[[#This Row],[المدينة]]),[1]!تفاصيل_الفرق[مجموعة مكتملة],1)>0))+(([1]!التسجيل[[#This Row],[المشاركة تحت 9]]>=1)*(COUNTIFS([1]!تفاصيل_الفرق[الفئة العمرية],"تحت 9",[1]!تفاصيل_الفرق[مدينة منظفة],TRIM([1]!التسجيل[[#This Row],[المدينة]]),[1]!تفاصيل_الفرق[مجموعة مكتملة],1)>0))+(([1]!التسجيل[[#This Row],[المشاركة تحت 7 ]]>=1)*(COUNTIFS([1]!تفاصيل_الفرق[الفئة العمرية],"تحت 7",[1]!تفاصيل_الفرق[مدينة منظفة],TRIM([1]!التسجيل[[#This Row],[المدينة]]),[1]!تفاصيل_الفرق[مجموعة مكتملة],1)>0))+(([1]!التسجيل[[#This Row],[المشاركة تحت 5]]>=1)*(COUNTIFS([1]!تفاصيل_الفرق[الفئة العمرية],"تحت 5",[1]!تفاصيل_الفرق[مدينة منظفة],TRIM([1]!التسجيل[[#This Row],[المدينة]]),[1]!تفاصيل_الفرق[مجموعة مكتملة],1)>0))=0,"نعم","لا"))
A11: =1+A10 | B11: ربوع العين | C11: جارالله حسين المتعاني | D11: 582506321 | E11: ملعب الشهداء | F11: نادي | G11: مكة المكرمة | H11: القنفذة | I11: مكة المكرمة | J11: 1 | K11: 0 | L11: 0 | M11: 0 | N11: 0 | O11: 0 | P11: 0 | Q11: =IF(SUM([1]!التسجيل[[#This Row],[المشاركة تحت 14]],[1]!التسجيل[[#This Row],[المشاركة تحت 13]],[1]!التسجيل[[#This Row],[المشاركة تحت 12]],[1]!التسجيل[[#This Row],[المشاركة تحت 11]],[1]!التسجيل[[#This Row],[المشاركة تحت 9]],[1]!التسجيل[[#This Row],[المشاركة تحت 7 ]],[1]!التسجيل[[#This Row],[المشاركة تحت 5]])=0,"لا يوجد تسجيل",IF((([1]!التسجيل[[#This Row],[المشاركة تحت 14]]>=1)*(COUNTIFS([1]!تفاصيل_الفرق[الفئة العمرية],"تحت 14",[1]!تفاصيل_الفرق[مدينة منظفة],TRIM([1]!التسجيل[[#This Row],[المدينة]]),[1]!تفاصيل_الفرق[مجموعة مكتملة],1)>0))+(([1]!التسجيل[[#This Row],[المشاركة تحت 13]]>=1)*(COUNTIFS([1]!تفاصيل_الفرق[الفئة العمرية],"تحت 13",[1]!تفاصيل_الفرق[مدينة منظفة],TRIM([1]!التسجيل[[#This Row],[المدينة]]),[1]!تفاصيل_الفرق[مجموعة مكتملة],1)>0))+(([1]!التسجيل[[#This Row],[المشاركة تحت 12]]>=1)*(COUNTIFS([1]!تفاصيل_الفرق[الفئة العمرية],"تحت 12",[1]!تفاصيل_الفرق[مدينة منظفة],TRIM([1]!التسجيل[[#This Row],[المدينة]]),[1]!تفاصيل_الفرق[مجموعة مكتملة],1)>0))+(([1]!التسجيل[[#This Row],[المشاركة تحت 11]]>=1)*(COUNTIFS([1]!تفاصيل_الفرق[الفئة العمرية],"تحت 11",[1]!تفاصيل_الفرق[مدينة منظفة],TRIM([1]!التسجيل[[#This Row],[المدينة]]),[1]!تفاصيل_الفرق[مجموعة مكتملة],1)>0))+(([1]!التسجيل[[#This Row],[المشاركة تحت 9]]>=1)*(COUNTIFS([1]!تفاصيل_الفرق[الفئة العمرية],"تحت 9",[1]!تفاصيل_الفرق[مدينة منظفة],TRIM([1]!التسجيل[[#This Row],[المدينة]]),[1]!تفاصيل_الفرق[مجموعة مكتملة],1)>0))+(([1]!التسجيل[[#This Row],[المشاركة تحت 7 ]]>=1)*(COUNTIFS([1]!تفاصيل_الفرق[الفئة العمرية],"تحت 7",[1]!تفاصيل_الفرق[مدينة منظفة],TRIM([1]!التسجيل[[#This Row],[المدينة]]),[1]!تفاصيل_الفرق[مجموعة مكتملة],1)>0))+(([1]!التسجيل[[#This Row],[المشاركة تحت 5]]>=1)*(COUNTIFS([1]!تفاصيل_الفرق[الفئة العمرية],"تحت 5",[1]!تفاصيل_الفرق[مدينة منظفة],TRIM([1]!التسجيل[[#This Row],[المدينة]]),[1]!تفاصيل_الفرق[مجموعة مكتملة],1)>0))=0,"نعم","لا"))
A12: =1+A11 | B12: أجيال الحياة | C12: محمد سلمان الشمري | D12: 57867222 | E12: العروبة | F12: أكاديمية | G12: الجوف | H12: سكاكا | I12: الجوف | J12: 1 | K12: 1 | L12: 1 | M12: 1 | N12: 1 | O12: 1 | P12: 1 | Q12: =IF(SUM([1]!التسجيل[[#This Row],[المشاركة تحت 14]],[1]!التسجيل[[#This Row],[المشاركة تحت 13]],[1]!التسجيل[[#This Row],[المشاركة تحت 12]],[1]!التسجيل[[#This Row],[المشاركة تحت 11]],[1]!التسجيل[[#This Row],[المشاركة تحت 9]],[1]!التسجيل[[#This Row],[المشاركة تحت 7 ]],[1]!التسجيل[[#This Row],[المشاركة تحت 5]])=0,"لا يوجد تسجيل",IF((([1]!التسجيل[[#This Row],[المشاركة تحت 14]]>=1)*(COUNTIFS([1]!تفاصيل_الفرق[الفئة العمرية],"تحت 14",[1]!تفاصيل_الفرق[مدينة منظفة],TRIM([1]!التسجيل[[#This Row],[المدينة]]),[1]!تفاصيل_الفرق[مجموعة مكتملة],1)>0))+(([1]!التسجيل[[#This Row],[المشاركة تحت 13]]>=1)*(COUNTIFS([1]!تفاصيل_الفرق[الفئة العمرية],"تحت 13",[1]!تفاصيل_الفرق[مدينة منظفة],TRIM([1]!التسجيل[[#This Row],[المدينة]]),[1]!تفاصيل_الفرق[مجموعة مكتملة],1)>0))+(([1]!التسجيل[[#This Row],[المشاركة تحت 12]]>=1)*(COUNTIFS([1]!تفاصيل_الفرق[الفئة العمرية],"تحت 12",[1]!تفاصيل_الفرق[مدينة منظفة],TRIM([1]!التسجيل[[#This Row],[المدينة]]),[1]!تفاصيل_الفرق[مجموعة مكتملة],1)>0))+(([1]!التسجيل[[#This Row],[المشاركة تحت 11]]>=1)*(COUNTIFS([1]!تفاصيل_الفرق[الفئة العمرية],"تحت 11",[1]!تفاصيل_الفرق[مدينة منظفة],TRIM([1]!التسجيل[[#This Row],[المدينة]]),[1]!تفاصيل_الفرق[مجموعة مكتملة],1)>0))+(([1]!التسجيل[[#This Row],[المشاركة تحت 9]]>=1)*(COUNTIFS([1]!تفاصيل_الفرق[الفئة العمرية],"تحت 9",[1]!تفاصيل_الفرق[مدينة منظفة],TRIM([1]!التسجيل[[#This Row],[المدينة]]),[1]!تفاصيل_الفرق[مجموعة مكتملة],1)>0))+(([1]!التسجيل[[#This Row],[المشاركة تحت 7 ]]>=1)*(COUNTIFS([1]!تفاصيل_الفرق[الفئة العمرية],"تحت 7",[1]!تفاصيل_الفرق[مدينة منظفة],TRIM([1]!التسجيل[[#This Row],[المدينة]]),[1]!تفاصيل_الفرق[مجموعة مكتملة],1)>0))+(([1]!التسجيل[[#This Row],[المشاركة تحت 5]]>=1)*(COUNTIFS([1]!تفاصيل_الفرق[الفئة العمرية],"تحت 5",[1]!تفاصيل_الفرق[مدينة منظفة],TRIM([1]!التسجيل[[#This Row],[المدينة]]),[1]!تفاصيل_الفرق[مجموعة مكتملة],1)>0))=0,"نعم","لا"))
A13: =1+A12 | B13: إيزوف | C13: عبدالله فهد الخليوي | D13: 505221717 | E13: لايوجد | F13: أكاديمية | G13: نجران | H13: نجران | I13: نجران | J13: 1 | K13: 1 | L13: 1 | M13: 0 | N13: 0 | O13: 0 | P13: 0 | Q13: =IF(SUM([1]!التسجيل[[#This Row],[المشاركة تحت 14]],[1]!التسجيل[[#This Row],[المشاركة تحت 13]],[1]!التسجيل[[#This Row],[المشاركة تحت 12]],[1]!التسجيل[[#This Row],[المشاركة تحت 11]],[1]!التسجيل[[#This Row],[المشاركة تحت 9]],[1]!التسجيل[[#This Row],[المشاركة تحت 7 ]],[1]!التسجيل[[#This Row],[المشاركة تحت 5]])=0,"لا يوجد تسجيل",IF((([1]!التسجيل[[#This Row],[المشاركة تحت 14]]>=1)*(COUNTIFS([1]!تفاصيل_الفرق[الفئة العمرية],"تحت 14",[1]!تفاصيل_الفرق[مدينة منظفة],TRIM([1]!التسجيل[[#This Row],[المدينة]]),[1]!تفاصيل_الفرق[مجموعة مكتملة],1)>0))+(([1]!التسجيل[[#This Row],[المشاركة تحت 13]]>=1)*(COUNTIFS([1]!تفاصيل_الفرق[الفئة العمرية],"تحت 13",[1]!تفاصيل_الفرق[مدينة منظفة],TRIM([1]!التسجيل[[#This Row],[المدينة]]),[1]!تفاصيل_الفرق[مجموعة مكتملة],1)>0))+(([1]!التسجيل[[#This Row],[المشاركة تحت 12]]>=1)*(COUNTIFS([1]!تفاصيل_الفرق[الفئة العمرية],"تحت 12",[1]!تفاصيل_الفرق[مدينة منظفة],TRIM([1]!التسجيل[[#This Row],[المدينة]]),[1]!تفاصيل_الفرق[مجموعة مكتملة],1)>0))+(([1]!التسجيل[[#This Row],[المشاركة تحت 11]]>=1)*(COUNTIFS([1]!تفاصيل_الفرق[الفئة العمرية],"تحت 11",[1]!تفاصيل_الفرق[مدينة منظفة],TRIM([1]!التسجيل[[#This Row],[المدينة]]),[1]!تفاصيل_الفرق[مجموعة مكتملة],1)>0))+(([1]!التسجيل[[#This Row],[المشاركة تحت 9]]>=1)*(COUNTIFS([1]!تفاصيل_الفرق[الفئة العمرية],"تحت 9",[1]!تفاصيل_الفرق[مدينة منظفة],TRIM([1]!التسجيل[[#This Row],[المدينة]]),[1]!تفاصيل_الفرق[مجموعة مكتملة],1)>0))+(([1]!التسجيل[[#This Row],[المشاركة تحت 7 ]]>=1)*(COUNTIFS([1]!تفاصيل_الفرق[الفئة العمرية],"تحت 7",[1]!تفاصيل_الفرق[مدينة منظفة],TRIM([1]!التسجيل[[#This Row],[المدينة]]),[1]!تفاصيل_الفرق[مجموعة مكتملة],1)>0))+(([1]!التسجيل[[#This Row],[المشاركة تحت 5]]>=1)*(COUNTIFS([1]!تفاصيل_الفرق[الفئة العمرية],"تحت 5",[1]!تفاصيل_الفرق[مدينة منظفة],TRIM([1]!التسجيل[[#This Row],[المدينة]]),[1]!تفاصيل_الفرق[مجموعة مكتملة],1)>0))=0,"نعم","لا"))
A14: =1+A13 | B14: مدارس الرياض | C14: صالح الخريجي | D14: 503605980 | E14: وادي مسك الرياضي | F14: أكاديمية | G14: الرياض | H14: الرياض | I14: الرياض | J14: 0 | K14: 1 | L14: 2 | M14: 2 | N14: 3 | O14: 1 | P14: 0 | Q14: =IF(SUM([1]!التسجيل[[#This Row],[المشاركة تحت 14]],[1]!التسجيل[[#This Row],[المشاركة تحت 13]],[1]!التسجيل[[#This Row],[المشاركة تحت 12]],[1]!التسجيل[[#This Row],[المشاركة تحت 11]],[1]!التسجيل[[#This Row],[المشاركة تحت 9]],[1]!التسجيل[[#This Row],[المشاركة تحت 7 ]],[1]!التسجيل[[#This Row],[المشاركة تحت 5]])=0,"لا يوجد تسجيل",IF((([1]!التسجيل[[#This Row],[المشاركة تحت 14]]>=1)*(COUNTIFS([1]!تفاصيل_الفرق[الفئة العمرية],"تحت 14",[1]!تفاصيل_الفرق[مدينة منظفة],TRIM([1]!التسجيل[[#This Row],[المدينة]]),[1]!تفاصيل_الفرق[مجموعة مكتملة],1)>0))+(([1]!التسجيل[[#This Row],[المشاركة تحت 13]]>=1)*(COUNTIFS([1]!تفاصيل_الفرق[الفئة العمرية],"تحت 13",[1]!تفاصيل_الفرق[مدينة منظفة],TRIM([1]!التسجيل[[#This Row],[المدينة]]),[1]!تفاصيل_الفرق[مجموعة مكتملة],1)>0))+(([1]!التسجيل[[#This Row],[المشاركة تحت 12]]>=1)*(COUNTIFS([1]!تفاصيل_الفرق[الفئة العمرية],"تحت 12",[1]!تفاصيل_الفرق[مدينة منظفة],TRIM([1]!التسجيل[[#This Row],[المدينة]]),[1]!تفاصيل_الفرق[مجموعة مكتملة],1)>0))+(([1]!التسجيل[[#This Row],[المشاركة تحت 11]]>=1)*(COUNTIFS([1]!تفاصيل_الفرق[الفئة العمرية],"تحت 11",[1]!تفاصيل_الفرق[مدينة منظفة],TRIM([1]!التسجيل[[#This Row],[المدينة]]),[1]!تفاصيل_الفرق[مجموعة مكتملة],1)>0))+(([1]!التسجيل[[#This Row],[المشاركة تحت 9]]>=1)*(COUNTIFS([1]!تفاصيل_الفرق[الفئة العمرية],"تحت 9",[1]!تفاصيل_الفرق[مدينة منظفة],TRIM([1]!التسجيل[[#This Row],[المدينة]]),[1]!تفاصيل_الفرق[مجموعة مكتملة],1)>0))+(([1]!التسجيل[[#This Row],[المشاركة تحت 7 ]]>=1)*(COUNTIFS([1]!تفاصيل_الفرق[الفئة العمرية],"تحت 7",[1]!تفاصيل_الفرق[مدينة منظفة],TRIM([1]!التسجيل[[#This Row],[المدينة]]),[1]!تفاصيل_الفرق[مجموعة مكتملة],1)>0))+(([1]!التسجيل[[#This Row],[المشاركة تحت 5]]>=1)*(COUNTIFS([1]!تفاصيل_الفرق[الفئة العمرية],"تحت 5",[1]!تفاصيل_الفرق[مدينة منظفة],TRIM([1]!التسجيل[[#This Row],[المدينة]]),[1]!تفاصيل_الفرق[مجموعة مكتملة],1)>0))=0,"نعم","لا"))
A15: =1+A14 | B15: الترجي | C15: نذير رضا المقبل | D15: 550558414 | E15: رديف نادي الترجي | F15: نادي | G15: الشرقية | H15: القطيف | I15: القطيف | J15: 1 | K15: 0 | L15: 1 | M15: 1 | N15: 1 | O15: 1 | P15: 1 | Q15: =IF(SUM([1]!التسجيل[[#This Row],[المشاركة تحت 14]],[1]!التسجيل[[#This Row],[المشاركة تحت 13]],[1]!التسجيل[[#This Row],[المشاركة تحت 12]],[1]!التسجيل[[#This Row],[المشاركة تحت 11]],[1]!التسجيل[[#This Row],[المشاركة تحت 9]],[1]!التسجيل[[#This Row],[المشاركة تحت 7 ]],[1]!التسجيل[[#This Row],[المشاركة تحت 5]])=0,"لا يوجد تسجيل",IF((([1]!التسجيل[[#This Row],[المشاركة تحت 14]]>=1)*(COUNTIFS([1]!تفاصيل_الفرق[الفئة العمرية],"تحت 14",[1]!تفاصيل_الفرق[مدينة منظفة],TRIM([1]!التسجيل[[#This Row],[المدينة]]),[1]!تفاصيل_الفرق[مجموعة مكتملة],1)>0))+(([1]!التسجيل[[#This Row],[المشاركة تحت 13]]>=1)*(COUNTIFS([1]!تفاصيل_الفرق[الفئة العمرية],"تحت 13",[1]!تفاصيل_الفرق[مدينة منظفة],TRIM([1]!التسجيل[[#This Row],[المدينة]]),[1]!تفاصيل_الفرق[مجموعة مكتملة],1)>0))+(([1]!التسجيل[[#This Row],[المشاركة تحت 12]]>=1)*(COUNTIFS([1]!تفاصيل_الفرق[الفئة العمرية],"تحت 12",[1]!تفاصيل_الفرق[مدينة منظفة],TRIM([1]!التسجيل[[#This Row],[المدينة]]),[1]!تفاصيل_الفرق[مجموعة مكتملة],1)>0))+(([1]!التسجيل[[#This Row],[المشاركة تحت 11]]>=1)*(COUNTIFS([1]!تفاصيل_الفرق[الفئة العمرية],"تحت 11",[1]!تفاصيل_الفرق[مدينة منظفة],TRIM([1]!التسجيل[[#This Row],[المدينة]]),[1]!تفاصيل_الفرق[مجموعة مكتملة],1)>0))+(([1]!التسجيل[[#This Row],[المشاركة تحت 9]]>=1)*(COUNTIFS([1]!تفاصيل_الفرق[الفئة العمرية],"تحت 9",[1]!تفاصيل_الفرق[مدينة منظفة],TRIM([1]!التسجيل[[#This Row],[المدينة]]),[1]!تفاصيل_الفرق[مجموعة مكتملة],1)>0))+(([1]!التسجيل[[#This Row],[المشاركة تحت 7 ]]>=1)*(COUNTIFS([1]!تفاصيل_الفرق[الفئة العمرية],"تحت 7",[1]!تفاصيل_الفرق[مدينة منظفة],TRIM([1]!التسجيل[[#This Row],[المدينة]]),[1]!تفاصيل_الفرق[مجموعة مكتملة],1)>0))+(([1]!التسجيل[[#This Row],[المشاركة تحت 5]]>=1)*(COUNTIFS([1]!تفاصيل_الفرق[الفئة العمرية],"تحت 5",[1]!تفاصيل_الفرق[مدينة منظفة],TRIM([1]!التسجيل[[#This Row],[المدينة]]),[1]!تفاصيل_الفرق[مجموعة مكتملة],1)>0))=0,"نعم","لا"))
A16: =1+A15 | B16: عكاظ | C16: ثامر سعد العتيبي | D16: 530603397 | E16: عكاظ | F16: نادي | G16: مكة المكرمة | H16: الطائف | I16: الطائف | J16: 1 | K16: 1 | L16: 1 | M16: 1 | N16: 1 | O16: 1 | P16: 1 | Q16: =IF(SUM([1]!التسجيل[[#This Row],[المشاركة تحت 14]],[1]!التسجيل[[#This Row],[المشاركة تحت 13]],[1]!التسجيل[[#This Row],[المشاركة تحت 12]],[1]!التسجيل[[#This Row],[المشاركة تحت 11]],[1]!التسجيل[[#This Row],[المشاركة تحت 9]],[1]!التسجيل[[#This Row],[المشاركة تحت 7 ]],[1]!التسجيل[[#This Row],[المشاركة تحت 5]])=0,"لا يوجد تسجيل",IF((([1]!التسجيل[[#This Row],[المشاركة تحت 14]]>=1)*(COUNTIFS([1]!تفاصيل_الفرق[الفئة العمرية],"تحت 14",[1]!تفاصيل_الفرق[مدينة منظفة],TRIM([1]!التسجيل[[#This Row],[المدينة]]),[1]!تفاصيل_الفرق[مجموعة مكتملة],1)>0))+(([1]!التسجيل[[#This Row],[المشاركة تحت 13]]>=1)*(COUNTIFS([1]!تفاصيل_الفرق[الفئة العمرية],"تحت 13",[1]!تفاصيل_الفرق[مدينة منظفة],TRIM([1]!التسجيل[[#This Row],[المدينة]]),[1]!تفاصيل_الفرق[مجموعة مكتملة],1)>0))+(([1]!التسجيل[[#This Row],[المشاركة تحت 12]]>=1)*(COUNTIFS([1]!تفاصيل_الفرق[الفئة العمرية],"تحت 12",[1]!تفاصيل_الفرق[مدينة منظفة],TRIM([1]!التسجيل[[#This Row],[المدينة]]),[1]!تفاصيل_الفرق[مجموعة مكتملة],1)>0))+(([1]!التسجيل[[#This Row],[المشاركة تحت 11]]>=1)*(COUNTIFS([1]!تفاصيل_الفرق[الفئة العمرية],"تحت 11",[1]!تفاصيل_الفرق[مدينة منظفة],TRIM([1]!التسجيل[[#This Row],[المدينة]]),[1]!تفاصيل_الفرق[مجموعة مكتملة],1)>0))+(([1]!التسجيل[[#This Row],[المشاركة تحت 9]]>=1)*(COUNTIFS([1]!تفاصيل_الفرق[الفئة العمرية],"تحت 9",[1]!تفاصيل_الفرق[مدينة منظفة],TRIM([1]!التسجيل[[#This Row],[المدينة]]),[1]!تفاصيل_الفرق[مجموعة مكتملة],1)>0))+(([1]!التسجيل[[#This Row],[المشاركة تحت 7 ]]>=1)*(COUNTIFS([1]!تفاصيل_الفرق[الفئة العمرية],"تحت 7",[1]!تفاصيل_الفرق[مدينة منظفة],TRIM([1]!التسجيل[[#This Row],[المدينة]]),[1]!تفاصيل_الفرق[مجموعة مكتملة],1)>0))+(([1]!التسجيل[[#This Row],[المشاركة تحت 5]]>=1)*(COUNTIFS([1]!تفاصيل_الفرق[الفئة العمرية],"تحت 5",[1]!تفاصيل_الفرق[مدينة منظفة],TRIM([1]!التسجيل[[#This Row],[المدينة]]),[1]!تفاصيل_الفرق[مجموعة مكتملة],1)>0))=0,"نعم","لا"))
A17: =1+A16 | B17: الطائي | C17: راكان عبدالله الجزاع | D17: 531609486 | E17: الطائي -القديم | F17: نادي | G17: حائل | H17: حائل | I17: حائل | J17: 1 | K17: 1 | L17: 1 | M17: 1 | N17: 1 | O17: 1 | P17: 1 | Q17: =IF(SUM([1]!التسجيل[[#This Row],[المشاركة تحت 14]],[1]!التسجيل[[#This Row],[المشاركة تحت 13]],[1]!التسجيل[[#This Row],[المشاركة تحت 12]],[1]!التسجيل[[#This Row],[المشاركة تحت 11]],[1]!التسجيل[[#This Row],[المشاركة تحت 9]],[1]!التسجيل[[#This Row],[المشاركة تحت 7 ]],[1]!التسجيل[[#This Row],[المشاركة تحت 5]])=0,"لا يوجد تسجيل",IF((([1]!التسجيل[[#This Row],[المشاركة تحت 14]]>=1)*(COUNTIFS([1]!تفاصيل_الفرق[الفئة العمرية],"تحت 14",[1]!تفاصيل_الفرق[مدينة منظفة],TRIM([1]!التسجيل[[#This Row],[المدينة]]),[1]!تفاصيل_الفرق[مجموعة مكتملة],1)>0))+(([1]!التسجيل[[#This Row],[المشاركة تحت 13]]>=1)*(COUNTIFS([1]!تفاصيل_الفرق[الفئة العمرية],"تحت 13",[1]!تفاصيل_الفرق[مدينة منظفة],TRIM([1]!التسجيل[[#This Row],[المدينة]]),[1]!تفاصيل_الفرق[مجموعة مكتملة],1)>0))+(([1]!التسجيل[[#This Row],[المشاركة تحت 12]]>=1)*(COUNTIFS([1]!تفاصيل_الفرق[الفئة العمرية],"تحت 12",[1]!تفاصيل_الفرق[مدينة منظفة],TRIM([1]!التسجيل[[#This Row],[المدينة]]),[1]!تفاصيل_الفرق[مجموعة مكتملة],1)>0))+(([1]!التسجيل[[#This Row],[المشاركة تحت 11]]>=1)*(COUNTIFS([1]!تفاصيل_الفرق[الفئة العمرية],"تحت 11",[1]!تفاصيل_الفرق[مدينة منظفة],TRIM([1]!التسجيل[[#This Row],[المدينة]]),[1]!تفاصيل_الفرق[مجموعة مكتملة],1)>0))+(([1]!التسجيل[[#This Row],[المشاركة تحت 9]]>=1)*(COUNTIFS([1]!تفاصيل_الفرق[الفئة العمرية],"تحت 9",[1]!تفاصيل_الفرق[مدينة منظفة],TRIM([1]!التسجيل[[#This Row],[المدينة]]),[1]!تفاصيل_الفرق[مجموعة مكتملة],1)>0))+(([1]!التسجيل[[#This Row],[المشاركة تحت 7 ]]>=1)*(COUNTIFS([1]!تفاصيل_الفرق[الفئة العمرية],"تحت 7",[1]!تفاصيل_الفرق[مدينة منظفة],TRIM([1]!التسجيل[[#This Row],[المدينة]]),[1]!تفاصيل_الفرق[مجموعة مكتملة],1)>0))+(([1]!التسجيل[[#This Row],[المشاركة تحت 5]]>=1)*(COUNTIFS([1]!تفاصيل_الفرق[الفئة العمرية],"تحت 5",[1]!تفاصيل_الفرق[مدينة منظفة],TRIM([1]!التسجيل[[#This Row],[المدينة]]),[1]!تفاصيل_الفرق[مجموعة مكتملة],1)>0))=0,"نعم","لا"))
A18: =1+A17 | B18: اي ار سي | C18: عمرو صالح | D18: 542146212 | E18: اي ار سي | F18: أكاديمية | G18: الرياض | H18: الرياض | I18: الرياض | J18: 0 | K18: 0 | L18: 0 | M18: 0 | N18: 0 | O18: 1 | P18: 0 | Q18: =IF(SUM([1]!التسجيل[[#This Row],[المشاركة تحت 14]],[1]!التسجيل[[#This Row],[المشاركة تحت 13]],[1]!التسجيل[[#This Row],[المشاركة تحت 12]],[1]!التسجيل[[#This Row],[المشاركة تحت 11]],[1]!التسجيل[[#This Row],[المشاركة تحت 9]],[1]!التسجيل[[#This Row],[المشاركة تحت 7 ]],[1]!التسجيل[[#This Row],[المشاركة تحت 5]])=0,"لا يوجد تسجيل",IF((([1]!التسجيل[[#This Row],[المشاركة تحت 14]]>=1)*(COUNTIFS([1]!تفاصيل_الفرق[الفئة العمرية],"تحت 14",[1]!تفاصيل_الفرق[مدينة منظفة],TRIM([1]!التسجيل[[#This Row],[المدينة]]),[1]!تفاصيل_الفرق[مجموعة مكتملة],1)>0))+(([1]!التسجيل[[#This Row],[المشاركة تحت 13]]>=1)*(COUNTIFS([1]!تفاصيل_الفرق[الفئة العمرية],"تحت 13",[1]!تفاصيل_الفرق[مدينة منظفة],TRIM([1]!التسجيل[[#This Row],[المدينة]]),[1]!تفاصيل_الفرق[مجموعة مكتملة],1)>0))+(([1]!التسجيل[[#This Row],[المشاركة تحت 12]]>=1)*(COUNTIFS([1]!تفاصيل_الفرق[الفئة العمرية],"تحت 12",[1]!تفاصيل_الفرق[مدينة منظفة],TRIM([1]!التسجيل[[#This Row],[المدينة]]),[1]!تفاصيل_الفرق[مجموعة مكتملة],1)>0))+(([1]!التسجيل[[#This Row],[المشاركة تحت 11]]>=1)*(COUNTIFS([1]!تفاصيل_الفرق[الفئة العمرية],"تحت 11",[1]!تفاصيل_الفرق[مدينة منظفة],TRIM([1]!التسجيل[[#This Row],[المدينة]]),[1]!تفاصيل_الفرق[مجموعة مكتملة],1)>0))+(([1]!التسجيل[[#This Row],[المشاركة تحت 9]]>=1)*(COUNTIFS([1]!تفاصيل_الفرق[الفئة العمرية],"تحت 9",[1]!تفاصيل_الفرق[مدينة منظفة],TRIM([1]!التسجيل[[#This Row],[المدينة]]),[1]!تفاصيل_الفرق[مجموعة مكتملة],1)>0))+(([1]!التسجيل[[#This Row],[المشاركة تحت 7 ]]>=1)*(COUNTIFS([1]!تفاصيل_الفرق[الفئة العمرية],"تحت 7",[1]!تفاصيل_الفرق[مدينة منظفة],TRIM([1]!التسجيل[[#This Row],[المدينة]]),[1]!تفاصيل_الفرق[مجموعة مكتملة],1)>0))+(([1]!التسجيل[[#This Row],[المشاركة تحت 5]]>=1)*(COUNTIFS([1]!تفاصيل_الفرق[الفئة العمرية],"تحت 5",[1]!تفاصيل_الفرق[مدينة منظفة],TRIM([1]!التسجيل[[#This Row],[المدينة]]),[1]!تفاصيل_الفرق[مجموعة مكتملة],1)>0))=0,"نعم","لا"))
A19: =1+A18 | B19: هجوم أتاك | C19: عبيد عبدالله السبيعي | D19: 533560034 | E19: مونديال عكاظ | F19: أكاديمية | G19: الرياض | H19: الرياض | I19: الرياض | J19: 0 | K19: 1 | L19: 1 | M19: 1 | N19: 0 | O19: 0 | P19: 0 | Q19: =IF(SUM([1]!التسجيل[[#This Row],[المشاركة تحت 14]],[1]!التسجيل[[#This Row],[المشاركة تحت 13]],[1]!التسجيل[[#This Row],[المشاركة تحت 12]],[1]!التسجيل[[#This Row],[المشاركة تحت 11]],[1]!التسجيل[[#This Row],[المشاركة تحت 9]],[1]!التسجيل[[#This Row],[المشاركة تحت 7 ]],[1]!التسجيل[[#This Row],[المشاركة تحت 5]])=0,"لا يوجد تسجيل",IF((([1]!التسجيل[[#This Row],[المشاركة تحت 14]]>=1)*(COUNTIFS([1]!تفاصيل_الفرق[الفئة العمرية],"تحت 14",[1]!تفاصيل_الفرق[مدينة منظفة],TRIM([1]!التسجيل[[#This Row],[المدينة]]),[1]!تفاصيل_الفرق[مجموعة مكتملة],1)>0))+(([1]!التسجيل[[#This Row],[المشاركة تحت 13]]>=1)*(COUNTIFS([1]!تفاصيل_الفرق[الفئة العمرية],"تحت 13",[1]!تفاصيل_الفرق[مدينة منظفة],TRIM([1]!التسجيل[[#This Row],[المدينة]]),[1]!تفاصيل_الفرق[مجموعة مكتملة],1)>0))+(([1]!التسجيل[[#This Row],[المشاركة تحت 12]]>=1)*(COUNTIFS([1]!تفاصيل_الفرق[الفئة العمرية],"تحت 12",[1]!تفاصيل_الفرق[مدينة منظفة],TRIM([1]!التسجيل[[#This Row],[المدينة]]),[1]!تفاصيل_الفرق[مجموعة مكتملة],1)>0))+(([1]!التسجيل[[#This Row],[المشاركة تحت 11]]>=1)*(COUNTIFS([1]!تفاصيل_الفرق[الفئة العمرية],"تحت 11",[1]!تفاصيل_الفرق[مدينة منظفة],TRIM([1]!التسجيل[[#This Row],[المدينة]]),[1]!تفاصيل_الفرق[مجموعة مكتملة],1)>0))+(([1]!التسجيل[[#This Row],[المشاركة تحت 9]]>=1)*(COUNTIFS([1]!تفاصيل_الفرق[الفئة العمرية],"تحت 9",[1]!تفاصيل_الفرق[مدينة منظفة],TRIM([1]!التسجيل[[#This Row],[المدينة]]),[1]!تفاصيل_الفرق[مجموعة مكتملة],1)>0))+(([1]!التسجيل[[#This Row],[المشاركة تحت 7 ]]>=1)*(COUNTIFS([1]!تفاصيل_الفرق[الفئة العمرية],"تحت 7",[1]!تفاصيل_الفرق[مدينة منظفة],TRIM([1]!التسجيل[[#This Row],[المدينة]]),[1]!تفاصيل_الفرق[مجموعة مكتملة],1)>0))+(([1]!التسجيل[[#This Row],[المشاركة تحت 5]]>=1)*(COUNTIFS([1]!تفاصيل_الفرق[الفئة العمرية],"تحت 5",[1]!تفاصيل_الفرق[مدينة منظفة],TRIM([1]!التسجيل[[#This Row],[المدينة]]),[1]!تفاصيل_الفرق[مجموعة مكتملة],1)>0))=0,"نعم","لا"))
A20: =1+A19 | B20: كات | C20: فاطمة محمد الصالح | D20: 549090796 | E20: اكاديمية كات | F20: أكاديمية | G20: الشرقية | H20: القطيف | I20: القطيف | J20: 0 | K20: 0 | L20: 1 | M20: 1 | N20: 2 | O20: 1 | P20: 1 | Q20: =IF(SUM([1]!التسجيل[[#This Row],[المشاركة تحت 14]],[1]!التسجيل[[#This Row],[المشاركة تحت 13]],[1]!التسجيل[[#This Row],[المشاركة تحت 12]],[1]!التسجيل[[#This Row],[المشاركة تحت 11]],[1]!التسجيل[[#This Row],[المشاركة تحت 9]],[1]!التسجيل[[#This Row],[المشاركة تحت 7 ]],[1]!التسجيل[[#This Row],[المشاركة تحت 5]])=0,"لا يوجد تسجيل",IF((([1]!التسجيل[[#This Row],[المشاركة تحت 14]]>=1)*(COUNTIFS([1]!تفاصيل_الفرق[الفئة العمرية],"تحت 14",[1]!تفاصيل_الفرق[مدينة منظفة],TRIM([1]!التسجيل[[#This Row],[المدينة]]),[1]!تفاصيل_الفرق[مجموعة مكتملة],1)>0))+(([1]!التسجيل[[#This Row],[المشاركة تحت 13]]>=1)*(COUNTIFS([1]!تفاصيل_الفرق[الفئة العمرية],"تحت 13",[1]!تفاصيل_الفرق[مدينة منظفة],TRIM([1]!التسجيل[[#This Row],[المدينة]]),[1]!تفاصيل_الفرق[مجموعة مكتملة],1)>0))+(([1]!التسجيل[[#This Row],[المشاركة تحت 12]]>=1)*(COUNTIFS([1]!تفاصيل_الفرق[الفئة العمرية],"تحت 12",[1]!تفاصيل_الفرق[مدينة منظفة],TRIM([1]!التسجيل[[#This Row],[المدينة]]),[1]!تفاصيل_الفرق[مجموعة مكتملة],1)>0))+(([1]!التسجيل[[#This Row],[المشاركة تحت 11]]>=1)*(COUNTIFS([1]!تفاصيل_الفرق[الفئة العمرية],"تحت 11",[1]!تفاصيل_الفرق[مدينة منظفة],TRIM([1]!التسجيل[[#This Row],[المدينة]]),[1]!تفاصيل_الفرق[مجموعة مكتملة],1)>0))+(([1]!التسجيل[[#This Row],[المشاركة تحت 9]]>=1)*(COUNTIFS([1]!تفاصيل_الفرق[الفئة العمرية],"تحت 9",[1]!تفاصيل_الفرق[مدينة منظفة],TRIM([1]!التسجيل[[#This Row],[المدينة]]),[1]!تفاصيل_الفرق[مجموعة مكتملة],1)>0))+(([1]!التسجيل[[#This Row],[المشاركة تحت 7 ]]>=1)*(COUNTIFS([1]!تفاصيل_الفرق[الفئة العمرية],"تحت 7",[1]!تفاصيل_الفرق[مدينة منظفة],TRIM([1]!التسجيل[[#This Row],[المدينة]]),[1]!تفاصيل_الفرق[مجموعة مكتملة],1)>0))+(([1]!التسجيل[[#This Row],[المشاركة تحت 5]]>=1)*(COUNTIFS([1]!تفاصيل_الفرق[الفئة العمرية],"تحت 5",[1]!تفاصيل_الفرق[مدينة منظفة],TRIM([1]!التسجيل[[#This Row],[المدينة]]),[1]!تفاصيل_الفرق[مجموعة مكتملة],1)>0))=0,"نعم","لا"))
A21: =1+A20 | B21: الفيصلي | C21: سلمان ناصر ابن ضاوي | D21: 533515111 | E21: استاد مهارة | F21: نادي | G21: القصيم | H21: الرس | I21: الرس | J21: 0 | K21: 0 | L21: 1 | M21: 1 | N21: 1 | O21: 0 | P21: 0 | Q21: =IF(SUM([1]!التسجيل[[#This Row],[المشاركة تحت 14]],[1]!التسجيل[[#This Row],[المشاركة تحت 13]],[1]!التسجيل[[#This Row],[المشاركة تحت 12]],[1]!التسجيل[[#This Row],[المشاركة تحت 11]],[1]!التسجيل[[#This Row],[المشاركة تحت 9]],[1]!التسجيل[[#This Row],[المشاركة تحت 7 ]],[1]!التسجيل[[#This Row],[المشاركة تحت 5]])=0,"لا يوجد تسجيل",IF((([1]!التسجيل[[#This Row],[المشاركة تحت 14]]>=1)*(COUNTIFS([1]!تفاصيل_الفرق[الفئة العمرية],"تحت 14",[1]!تفاصيل_الفرق[مدينة منظفة],TRIM([1]!التسجيل[[#This Row],[المدينة]]),[1]!تفاصيل_الفرق[مجموعة مكتملة],1)>0))+(([1]!التسجيل[[#This Row],[المشاركة تحت 13]]>=1)*(COUNTIFS([1]!تفاصيل_الفرق[الفئة العمرية],"تحت 13",[1]!تفاصيل_الفرق[مدينة منظفة],TRIM([1]!التسجيل[[#This Row],[المدينة]]),[1]!تفاصيل_الفرق[مجموعة مكتملة],1)>0))+(([1]!التسجيل[[#This Row],[المشاركة تحت 12]]>=1)*(COUNTIFS([1]!تفاصيل_الفرق[الفئة العمرية],"تحت 12",[1]!تفاصيل_الفرق[مدينة منظفة],TRIM([1]!التسجيل[[#This Row],[المدينة]]),[1]!تفاصيل_الفرق[مجموعة مكتملة],1)>0))+(([1]!التسجيل[[#This Row],[المشاركة تحت 11]]>=1)*(COUNTIFS([1]!تفاصيل_الفرق[الفئة العمرية],"تحت 11",[1]!تفاصيل_الفرق[مدينة منظفة],TRIM([1]!التسجيل[[#This Row],[المدينة]]),[1]!تفاصيل_الفرق[مجموعة مكتملة],1)>0))+(([1]!التسجيل[[#This Row],[المشاركة تحت 9]]>=1)*(COUNTIFS([1]!تفاصيل_الفرق[الفئة العمرية],"تحت 9",[1]!تفاصيل_الفرق[مدينة منظفة],TRIM([1]!التسجيل[[#This Row],[المدينة]]),[1]!تفاصيل_الفرق[مجموعة مكتملة],1)>0))+(([1]!التسجيل[[#This Row],[المشاركة تحت 7 ]]>=1)*(COUNTIFS([1]!تفاصيل_الفرق[الفئة العمرية],"تحت 7",[1]!تفاصيل_الفرق[مدينة منظفة],TRIM([1]!التسجيل[[#This Row],[المدينة]]),[1]!تفاصيل_الفرق[مجموعة مكتملة],1)>0))+(([1]!التسجيل[[#This Row],[المشاركة تحت 5]]>=1)*(COUNTIFS([1]!تفاصيل_الفرق[الفئة العمرية],"تحت 5",[1]!تفاصيل_الفرق[مدينة منظفة],TRIM([1]!التسجيل[[#This Row],[المدينة]]),[1]!تفاصيل_الفرق[مجموعة مكتملة],1)>0))=0,"نعم","لا"))
A22: =1+A21 | B22: الجندل | C22: زياد حامد السالم | D22: 558512190 | E22: الجندل | F22: نادي | G22: الجوف | H22: دومة الجندل | I22: الجوف | J22: 1 | K22: 1 | L22: 1 | M22: 1 | N22: 3 | O22: 3 | P22: 3 | Q22: =IF(SUM([1]!التسجيل[[#This Row],[المشاركة تحت 14]],[1]!التسجيل[[#This Row],[المشاركة تحت 13]],[1]!التسجيل[[#This Row],[المشاركة تحت 12]],[1]!التسجيل[[#This Row],[المشاركة تحت 11]],[1]!التسجيل[[#This Row],[المشاركة تحت 9]],[1]!التسجيل[[#This Row],[المشاركة تحت 7 ]],[1]!التسجيل[[#This Row],[المشاركة تحت 5]])=0,"لا يوجد تسجيل",IF((([1]!التسجيل[[#This Row],[المشاركة تحت 14]]>=1)*(COUNTIFS([1]!تفاصيل_الفرق[الفئة العمرية],"تحت 14",[1]!تفاصيل_الفرق[مدينة منظفة],TRIM([1]!التسجيل[[#This Row],[المدينة]]),[1]!تفاصيل_الفرق[مجموعة مكتملة],1)>0))+(([1]!التسجيل[[#This Row],[المشاركة تحت 13]]>=1)*(COUNTIFS([1]!تفاصيل_الفرق[الفئة العمرية],"تحت 13",[1]!تفاصيل_الفرق[مدينة منظفة],TRIM([1]!التسجيل[[#This Row],[المدينة]]),[1]!تفاصيل_الفرق[مجموعة مكتملة],1)>0))+(([1]!التسجيل[[#This Row],[المشاركة تحت 12]]>=1)*(COUNTIFS([1]!تفاصيل_الفرق[الفئة العمرية],"تحت 12",[1]!تفاصيل_الفرق[مدينة منظفة],TRIM([1]!التسجيل[[#This Row],[المدينة]]),[1]!تفاصيل_الفرق[مجموعة مكتملة],1)>0))+(([1]!التسجيل[[#This Row],[المشاركة تحت 11]]>=1)*(COUNTIFS([1]!تفاصيل_الفرق[الفئة العمرية],"تحت 11",[1]!تفاصيل_الفرق[مدينة منظفة],TRIM([1]!التسجيل[[#This Row],[المدينة]]),[1]!تفاصيل_الفرق[مجموعة مكتملة],1)>0))+(([1]!التسجيل[[#This Row],[المشاركة تحت 9]]>=1)*(COUNTIFS([1]!تفاصيل_الفرق[الفئة العمرية],"تحت 9",[1]!تفاصيل_الفرق[مدينة منظفة],TRIM([1]!التسجيل[[#This Row],[المدينة]]),[1]!تفاصيل_الفرق[مجموعة مكتملة],1)>0))+(([1]!التسجيل[[#This Row],[المشاركة تحت 7 ]]>=1)*(COUNTIFS([1]!تفاصيل_الفرق[الفئة العمرية],"تحت 7",[1]!تفاصيل_الفرق[مدينة منظفة],TRIM([1]!التسجيل[[#This Row],[المدينة]]),[1]!تفاصيل_الفرق[مجموعة مكتملة],1)>0))+(([1]!التسجيل[[#This Row],[المشاركة تحت 5]]>=1)*(COUNTIFS([1]!تفاصيل_الفرق[الفئة العمرية],"تحت 5",[1]!تفاصيل_الفرق[مدينة منظفة],TRIM([1]!التسجيل[[#This Row],[المدينة]]),[1]!تفاصيل_الفرق[مجموعة مكتملة],1)>0))=0,"نعم","لا"))
... A26: =1+A25 | B26: الكالتشيو | C26: مدني الهندي | D26: 566989990 | E26: الكالتشيو | F26: أكاديمية | G26: المدينة المنورة | H26: المدينة المنورة | I26: المدينة المنورة | J26: 1 | K26: 1 | L26: 1 | M26: 1 | N26: 2 | O26: 1 | P26: 1 | Q26: =IF(SUM([1]!التسجيل[[#This Row],[المشاركة تحت 14]],[1]!التسجيل[[#This Row],[المشاركة تحت 13]],[1]!التسجيل[[#This Row],[المشاركة تحت 12]],[1]!التسجيل[[#This Row],[المشاركة تحت 11]],[1]!التسجيل[[#This Row],[المشاركة تحت 9]],[1]!التسجيل[[#This Row],[المشاركة تحت 7 ]],[1]!التسجيل[[#This Row],[المشاركة تحت 5]])=0,"لا يوجد تسجيل",IF((([1]!التسجيل[[#This Row],[المشاركة تحت 14]]>=1)*(COUNTIFS([1]!تفاصيل_الفرق[الفئة العمرية],"تحت 14",[1]!تفاصيل_الفرق[مدينة منظفة],TRIM([1]!التسجيل[[#This Row],[المدينة]]),[1]!تفاصيل_الفرق[مجموعة مكتملة],1)>0))+(([1]!التسجيل[[#This Row],[المشاركة تحت 13]]>=1)*(COUNTIFS([1]!تفاصيل_الفرق[الفئة العمرية],"تحت 13",[1]!تفاصيل_الفرق[مدينة منظفة],TRIM([1]!التسجيل[[#This Row],[المدينة]]),[1]!تفاصيل_الفرق[مجموعة مكتملة],1)>0))+(([1]!التسجيل[[#This Row],[المشاركة تحت 12]]>=1)*(COUNTIFS([1]!تفاصيل_الفرق[الفئة العمرية],"تحت 12",[1]!تفاصيل_الفرق[مدينة منظفة],TRIM([1]!التسجيل[[#This Row],[المدينة]]),[1]!تفاصيل_الفرق[مجموعة مكتملة],1)>0))+(([1]!التسجيل[[#This Row],[المشاركة تحت 11]]>=1)*(COUNTIFS([1]!تفاصيل_الفرق[الفئة العمرية],"تحت 11",[1]!تفاصيل_الفرق[مدينة منظفة],TRIM([1]!التسجيل[[#This Row],[المدينة]]),[1]!تفاصيل_الفرق[مجموعة مكتملة],1)>0))+(([1]!التسجيل[[#This Row],[المشاركة تحت 9]]>=1)*(COUNTIFS([1]!تفاصيل_الفرق[الفئة العمرية],"تحت 9",[1]!تفاصيل_الفرق[مدينة منظفة],TRIM([1]!التسجيل[[#This Row],[المدينة]]),[1]!تفاصيل_الفرق[مجموعة مكتملة],1)>0))+(([1]!التسجيل[[#This Row],[المشاركة تحت 7 ]]>=1)*(COUNTIFS([1]!تفاصيل_الفرق[الفئة العمرية],"تحت 7",[1]!تفاصيل_الفرق[مدينة منظفة],TRIM([1]!التسجيل[[#This Row],[المدينة]]),[1]!تفاصيل_الفرق[مجموعة مكتملة],1)>0))+(([1]!التسجيل[[#This Row],[المشاركة تحت 5]]>=1)*(COUNTIFS([1]!تفاصيل_الفرق[الفئة العمرية],"تحت 5",[1]!تفاصيل_الفرق[مدينة منظفة],TRIM([1]!التسجيل[[#This Row],[المدينة]]),[1]!تفاصيل_الفرق[مجموعة مكتملة],1)>0))=0,"نعم","لا"))
A27: =1+A26 | B27: الدرعية | C27: ويليام فرانك مانينغ | D27: لايوجد | E27: الامل والمستقبل | F27: نادي | G27: الرياض | H27: الرياض | I27: الرياض | J27: 1 | K27: 0 | L27: 0 | M27: 0 | N27: 1 | O27: 0 | P27: 0 | Q27: =IF(SUM([1]!التسجيل[[#This Row],[المشاركة تحت 14]],[1]!التسجيل[[#This Row],[المشاركة تحت 13]],[1]!التسجيل[[#This Row],[المشاركة تحت 12]],[1]!التسجيل[[#This Row],[المشاركة تحت 11]],[1]!التسجيل[[#This Row],[المشاركة تحت 9]],[1]!التسجيل[[#This Row],[المشاركة تحت 7 ]],[1]!التسجيل[[#This Row],[المشاركة تحت 5]])=0,"لا يوجد تسجيل",IF((([1]!التسجيل[[#This Row],[المشاركة تحت 14]]>=1)*(COUNTIFS([1]!تفاصيل_الفرق[الفئة العمرية],"تحت 14",[1]!تفاصيل_الفرق[مدينة منظفة],TRIM([1]!التسجيل[[#This Row],[المدينة]]),[1]!تفاصيل_الفرق[مجموعة مكتملة],1)>0))+(([1]!التسجيل[[#This Row],[المشاركة تحت 13]]>=1)*(COUNTIFS([1]!تفاصيل_الفرق[الفئة العمرية],"تحت 13",[1]!تفاصيل_الفرق[مدينة منظفة],TRIM([1]!التسجيل[[#This Row],[المدينة]]),[1]!تفاصيل_الفرق[مجموعة مكتملة],1)>0))+(([1]!التسجيل[[#This Row],[المشاركة تحت 12]]>=1)*(COUNTIFS([1]!تفاصيل_الفرق[الفئة العمرية],"تحت 12",[1]!تفاصيل_الفرق[مدينة منظفة],TRIM([1]!التسجيل[[#This Row],[المدينة]]),[1]!تفاصيل_الفرق[مجموعة مكتملة],1)>0))+(([1]!التسجيل[[#This Row],[المشاركة تحت 11]]>=1)*(COUNTIFS([1]!تفاصيل_الفرق[الفئة العمرية],"تحت 11",[1]!تفاصيل_الفرق[مدينة منظفة],TRIM([1]!التسجيل[[#This Row],[المدينة]]),[1]!تفاصيل_الفرق[مجموعة مكتملة],1)>0))+(([1]!التسجيل[[#This Row],[المشاركة تحت 9]]>=1)*(COUNTIFS([1]!تفاصيل_الفرق[الفئة العمرية],"تحت 9",[1]!تفاصيل_الفرق[مدينة منظفة],TRIM([1]!التسجيل[[#This Row],[المدينة]]),[1]!تفاصيل_الفرق[مجموعة مكتملة],1)>0))+(([1]!التسجيل[[#This Row],[المشاركة تحت 7 ]]>=1)*(COUNTIFS([1]!تفاصيل_الفرق[الفئة العمرية],"تحت 7",[1]!تفاصيل_الفرق[مدينة منظفة],TRIM([1]!التسجيل[[#This Row],[المدينة]]),[1]!تفاصيل_الفرق[مجموعة مكتملة],1)>0))+(([1]!التسجيل[[#This Row],[المشاركة تحت 5]]>=1)*(COUNTIFS([1]!تفاصيل_الفرق[الفئة العمرية],"تحت 5",[1]!تفاصيل_الفرق[مدينة منظفة],TRIM([1]!التسجيل[[#This Row],[المدينة]]),[1]!تفاصيل_الفرق[مجموعة مكتملة],1)>0))=0,"نعم","لا"))
A28: =1+A27 | B28: دريمز إف سي | C28: وليد الهلال | D28: 533777202 | E28: المطوع بارك | F28: أكاديمية | G28: الرياض | H28: الرياض | I28: الرياض | J28: 0 | K28: 0 | L28: 1 | M28: 0 | N28: 1 | O28: 1 | P28: 0 | Q28: =IF(SUM([1]!التسجيل[[#This Row],[المشاركة تحت 14]],[1]!التسجيل[[#This Row],[المشاركة تحت 13]],[1]!التسجيل[[#This Row],[المشاركة تحت 12]],[1]!التسجيل[[#This Row],[المشاركة تحت 11]],[1]!التسجيل[[#This Row],[المشاركة تحت 9]],[1]!التسجيل[[#This Row],[المشاركة تحت 7 ]],[1]!التسجيل[[#This Row],[المشاركة تحت 5]])=0,"لا يوجد تسجيل",IF((([1]!التسجيل[[#This Row],[المشاركة تحت 14]]>=1)*(COUNTIFS([1]!تفاصيل_الفرق[الفئة العمرية],"تحت 14",[1]!تفاصيل_الفرق[مدينة منظفة],TRIM([1]!التسجيل[[#This Row],[المدينة]]),[1]!تفاصيل_الفرق[مجموعة مكتملة],1)>0))+(([1]!التسجيل[[#This Row],[المشاركة تحت 13]]>=1)*(COUNTIFS([1]!تفاصيل_الفرق[الفئة العمرية],"تحت 13",[1]!تفاصيل_الفرق[مدينة منظفة],TRIM([1]!التسجيل[[#This Row],[المدينة]]),[1]!تفاصيل_الفرق[مجموعة مكتملة],1)>0))+(([1]!التسجيل[[#This Row],[المشاركة تحت 12]]>=1)*(COUNTIFS([1]!تفاصيل_الفرق[الفئة العمرية],"تحت 12",[1]!تفاصيل_الفرق[مدينة منظفة],TRIM([1]!التسجيل[[#This Row],[المدينة]]),[1]!تفاصيل_الفرق[مجموعة مكتملة],1)>0))+(([1]!التسجيل[[#This Row],[المشاركة تحت 11]]>=1)*(COUNTIFS([1]!تفاصيل_الفرق[الفئة العمرية],"تحت 11",[1]!تفاصيل_الفرق[مدينة منظفة],TRIM([1]!التسجيل[[#This Row],[المدينة]]),[1]!تفاصيل_الفرق[مجموعة مكتملة],1)>0))+(([1]!التسجيل[[#This Row],[المشاركة تحت 9]]>=1)*(COUNTIFS([1]!تفاصيل_الفرق[الفئة العمرية],"تحت 9",[1]!تفاصيل_الفرق[مدينة منظفة],TRIM([1]!التسجيل[[#This Row],[المدينة]]),[1]!تفاصيل_الفرق[مجموعة مكتملة],1)>0))+(([1]!التسجيل[[#This Row],[المشاركة تحت 7 ]]>=1)*(COUNTIFS([1]!تفاصيل_الفرق[الفئة العمرية],"تحت 7",[1]!تفاصيل_الفرق[مدينة منظفة],TRIM([1]!التسجيل[[#This Row],[المدينة]]),[1]!تفاصيل_الفرق[مجموعة مكتملة],1)>0))+(([1]!التسجيل[[#This Row],[المشاركة تحت 5]]>=1)*(COUNTIFS([1]!تفاصيل_الفرق[الفئة العمرية],"تحت 5",[1]!تفاصيل_الفرق[مدينة منظفة],TRIM([1]!التسجيل[[#This Row],[المدينة]]),[1]!تفاصيل_الفرق[مجموعة مكتملة],1)>0))=0,"نعم","لا"))
A29: =1+A28 | B29: شباب المروج | C29: خلف الراوي الشمري | D29: 500992928 | E29: ملعب مدينة الامير عبدالله | F29: أكاديمية | G29: الجوف | H29: سكاكا | I29: الجوف | J29: 1 | K29: 0 | L29: 0 | M29: 0 | N29: 0 | O29: 0 | P29: 0 | Q29: =IF(SUM([1]!التسجيل[[#This Row],[المشاركة تحت 14]],[1]!التسجيل[[#This Row],[المشاركة تحت 13]],[1]!التسجيل[[#This Row],[المشاركة تحت 12]],[1]!التسجيل[[#This Row],[المشاركة تحت 11]],[1]!التسجيل[[#This Row],[المشاركة تحت 9]],[1]!التسجيل[[#This Row],[المشاركة تحت 7 ]],[1]!التسجيل[[#This Row],[المشاركة تحت 5]])=0,"لا يوجد تسجيل",IF((([1]!التسجيل[[#This Row],[المشاركة تحت 14]]>=1)*(COUNTIFS([1]!تفاصيل_الفرق[الفئة العمرية],"تحت 14",[1]!تفاصيل_الفرق[مدينة منظفة],TRIM([1]!التسجيل[[#This Row],[المدينة]]),[1]!تفاصيل_الفرق[مجموعة مكتملة],1)>0))+(([1]!التسجيل[[#This Row],[المشاركة تحت 13]]>=1)*(COUNTIFS([1]!تفاصيل_الفرق[الفئة العمرية],"تحت 13",[1]!تفاصيل_الفرق[مدينة منظفة],TRIM([1]!التسجيل[[#This Row],[المدينة]]),[1]!تفاصيل_الفرق[مجموعة مكتملة],1)>0))+(([1]!التسجيل[[#This Row],[المشاركة تحت 12]]>=1)*(COUNTIFS([1]!تفاصيل_الفرق[الفئة العمرية],"تحت 12",[1]!تفاصيل_الفرق[مدينة منظفة],TRIM([1]!التسجيل[[#This Row],[المدينة]]),[1]!تفاصيل_الفرق[مجموعة مكتملة],1)>0))+(([1]!التسجيل[[#This Row],[المشاركة تحت 11]]>=1)*(COUNTIFS([1]!تفاصيل_الفرق[الفئة العمرية],"تحت 11",[1]!تفاصيل_الفرق[مدينة منظفة],TRIM([1]!التسجيل[[#This Row],[المدينة]]),[1]!تفاصيل_الفرق[مجموعة مكتملة],1)>0))+(([1]!التسجيل[[#This Row],[المشاركة تحت 9]]>=1)*(COUNTIFS([1]!تفاصيل_الفرق[الفئة العمرية],"تحت 9",[1]!تفاصيل_الفرق[مدينة منظفة],TRIM([1]!التسجيل[[#This Row],[المدينة]]),[1]!تفاصيل_الفرق[مجموعة مكتملة],1)>0))+(([1]!التسجيل[[#This Row],[المشاركة تحت 7 ]]>=1)*(COUNTIFS([1]!تفاصيل_الفرق[الفئة العمرية],"تحت 7",[1]!تفاصيل_الفرق[مدينة منظفة],TRIM([1]!التسجيل[[#This Row],[المدينة]]),[1]!تفاصيل_الفرق[مجموعة مكتملة],1)>0))+(([1]!التسجيل[[#This Row],[المشاركة تحت 5]]>=1)*(COUNTIFS([1]!تفاصيل_الفرق[الفئة العمرية],"تحت 5",[1]!تفاصيل_الفرق[مدينة منظفة],TRIM([1]!التسجيل[[#This Row],[المدينة]]),[1]!تفاصيل_الفرق[مجموعة مكتملة],1)>0))=0,"نعم","لا"))
A30: =1+A29 | B30: مهد الرياضية | C30: عبدالله فيصل حماد | D30: 558381111 | E30: الصائغ | F30: أكاديمية | G30: الرياض | H30: الرياض | I30: الرياض | J30: 1 | K30: 0 | L30: 1 | M30: 2 | N30: 1 | O30: 0 | P30: 0 | Q30: =IF(SUM([1]!التسجيل[[#This Row],[المشاركة تحت 14]],[1]!التسجيل[[#This Row],[المشاركة تحت 13]],[1]!التسجيل[[#This Row],[المشاركة تحت 12]],[1]!التسجيل[[#This Row],[المشاركة تحت 11]],[1]!التسجيل[[#This Row],[المشاركة تحت 9]],[1]!التسجيل[[#This Row],[المشاركة تحت 7 ]],[1]!التسجيل[[#This Row],[المشاركة تحت 5]])=0,"لا يوجد تسجيل",IF((([1]!التسجيل[[#This Row],[المشاركة تحت 14]]>=1)*(COUNTIFS([1]!تفاصيل_الفرق[الفئة العمرية],"تحت 14",[1]!تفاصيل_الفرق[مدينة منظفة],TRIM([1]!التسجيل[[#This Row],[المدينة]]),[1]!تفاصيل_الفرق[مجموعة مكتملة],1)>0))+(([1]!التسجيل[[#This Row],[المشاركة تحت 13]]>=1)*(COUNTIFS([1]!تفاصيل_الفرق[الفئة العمرية],"تحت 13",[1]!تفاصيل_الفرق[مدينة منظفة],TRIM([1]!التسجيل[[#This Row],[المدينة]]),[1]!تفاصيل_الفرق[مجموعة مكتملة],1)>0))+(([1]!التسجيل[[#This Row],[المشاركة تحت 12]]>=1)*(COUNTIFS([1]!تفاصيل_الفرق[الفئة العمرية],"تحت 12",[1]!تفاصيل_الفرق[مدينة منظفة],TRIM([1]!التسجيل[[#This Row],[المدينة]]),[1]!تفاصيل_الفرق[مجموعة مكتملة],1)>0))+(([1]!التسجيل[[#This Row],[المشاركة تحت 11]]>=1)*(COUNTIFS([1]!تفاصيل_الفرق[الفئة العمرية],"تحت 11",[1]!تفاصيل_الفرق[مدينة منظفة],TRIM([1]!التسجيل[[#This Row],[المدينة]]),[1]!تفاصيل_الفرق[مجموعة مكتملة],1)>0))+(([1]!التسجيل[[#This Row],[المشاركة تحت 9]]>=1)*(COUNTIFS([1]!تفاصيل_الفرق[الفئة العمرية],"تحت 9",[1]!تفاصيل_الفرق[مدينة منظفة],TRIM([1]!التسجيل[[#This Row],[المدينة]]),[1]!تفاصيل_الفرق[مجموعة مكتملة],1)>0))+(([1]!التسجيل[[#This Row],[المشاركة تحت 7 ]]>=1)*(COUNTIFS([1]!تفاصيل_الفرق[الفئة العمرية],"تحت 7",[1]!تفاصيل_الفرق[مدينة منظفة],TRIM([1]!التسجيل[[#This Row],[المدينة]]),[1]!تفاصيل_الفرق[مجموعة مكتملة],1)>0))+(([1]!التسجيل[[#This Row],[المشاركة تحت 5]]>=1)*(COUNTIFS([1]!تفاصيل_الفرق[الفئة العمرية],"تحت 5",[1]!تفاصيل_الفرق[مدينة منظفة],TRIM([1]!التسجيل[[#This Row],[المدينة]]),[1]!تفاصيل_الفرق[مجموعة مكتملة],1)>0))=0,"نعم","لا"))
A31: =1+A30 | B31: الذهب الرياضي | C31: سعود محيا المطيري | D31: 500705735 | E31: مهد الذهب | F31: نادي | G31: المدينة المنورة | H31: المدينة المنورة | I31: المدينة المنورة | J31: 1 | K31: 0 | L31: 1 | M31: 0 | N31: 0 | O31: 0 | P31: 0 | Q31: =IF(SUM([1]!التسجيل[[#This Row],[المشاركة تحت 14]],[1]!التسجيل[[#This Row],[المشاركة تحت 13]],[1]!التسجيل[[#This Row],[المشاركة تحت 12]],[1]!التسجيل[[#This Row],[المشاركة تحت 11]],[1]!التسجيل[[#This Row],[المشاركة تحت 9]],[1]!التسجيل[[#This Row],[المشاركة تحت 7 ]],[1]!التسجيل[[#This Row],[المشاركة تحت 5]])=0,"لا يوجد تسجيل",IF((([1]!التسجيل[[#This Row],[المشاركة تحت 14]]>=1)*(COUNTIFS([1]!تفاصيل_الفرق[الفئة العمرية],"تحت 14",[1]!تفاصيل_الفرق[مدينة منظفة],TRIM([1]!التسجيل[[#This Row],[المدينة]]),[1]!تفاصيل_الفرق[مجموعة مكتملة],1)>0))+(([1]!التسجيل[[#This Row],[المشاركة تحت 13]]>=1)*(COUNTIFS([1]!تفاصيل_الفرق[الفئة العمرية],"تحت 13",[1]!تفاصيل_الفرق[مدينة منظفة],TRIM([1]!التسجيل[[#This Row],[المدينة]]),[1]!تفاصيل_الفرق[مجموعة مكتملة],1)>0))+(([1]!التسجيل[[#This Row],[المشاركة تحت 12]]>=1)*(COUNTIFS([1]!تفاصيل_الفرق[الفئة العمرية],"تحت 12",[1]!تفاصيل_الفرق[مدينة منظفة],TRIM([1]!التسجيل[[#This Row],[المدينة]]),[1]!تفاصيل_الفرق[مجموعة مكتملة],1)>0))+(([1]!التسجيل[[#This Row],[المشاركة تحت 11]]>=1)*(COUNTIFS([1]!تفاصيل_الفرق[الفئة العمرية],"تحت 11",[1]!تفاصيل_الفرق[مدينة منظفة],TRIM([1]!التسجيل[[#This Row],[المدينة]]),[1]!تفاصيل_الفرق[مجموعة مكتملة],1)>0))+(([1]!التسجيل[[#This Row],[المشاركة تحت 9]]>=1)*(COUNTIFS([1]!تفاصيل_الفرق[الفئة العمرية],"تحت 9",[1]!تفاصيل_الفرق[مدينة منظفة],TRIM([1]!التسجيل[[#This Row],[المدينة]]),[1]!تفاصيل_الفرق[مجموعة مكتملة],1)>0))+(([1]!التسجيل[[#This Row],[المشاركة تحت 7 ]]>=1)*(COUNTIFS([1]!تفاصيل_الفرق[الفئة العمرية],"تحت 7",[1]!تفاصيل_الفرق[مدينة منظفة],TRIM([1]!التسجيل[[#This Row],[المدينة]]),[1]!تفاصيل_الفرق[مجموعة مكتملة],1)>0))+(([1]!التسجيل[[#This Row],[المشاركة تحت 5]]>=1)*(COUNTIFS([1]!تفاصيل_الفرق[الفئة العمرية],"تحت 5",[1]!تفاصيل_الفرق[مدينة منظفة],TRIM([1]!التسجيل[[#This Row],[المدينة]]),[1]!تفاصيل_الفرق[مجموعة مكتملة],1)>0))=0,"نعم","لا"))
A32: =1+A31 | B32: الملوك الرياضية | C32: طلال عبدالعزيز العتيبي | D32: 557771151 | E32: لايوجد | F32: أكاديمية | G32: مكة المكرمة | H32: جدة | I32: جدة | J32: 1 | K32: 0 | L32: 0 | M32: 0 | N32: 0 | O32: 0 | P32: 0 | Q32: =IF(SUM([1]!التسجيل[[#This Row],[المشاركة تحت 14]],[1]!التسجيل[[#This Row],[المشاركة تحت 13]],[1]!التسجيل[[#This Row],[المشاركة تحت 12]],[1]!التسجيل[[#This Row],[المشاركة تحت 11]],[1]!التسجيل[[#This Row],[المشاركة تحت 9]],[1]!التسجيل[[#This Row],[المشاركة تحت 7 ]],[1]!التسجيل[[#This Row],[المشاركة تحت 5]])=0,"لا يوجد تسجيل",IF((([1]!التسجيل[[#This Row],[المشاركة تحت 14]]>=1)*(COUNTIFS([1]!تفاصيل_الفرق[الفئة العمرية],"تحت 14",[1]!تفاصيل_الفرق[مدينة منظفة],TRIM([1]!التسجيل[[#This Row],[المدينة]]),[1]!تفاصيل_الفرق[مجموعة مكتملة],1)>0))+(([1]!التسجيل[[#This Row],[المشاركة تحت 13]]>=1)*(COUNTIFS([1]!تفاصيل_الفرق[الفئة العمرية],"تحت 13",[1]!تفاصيل_الفرق[مدينة منظفة],TRIM([1]!التسجيل[[#This Row],[المدينة]]),[1]!تفاصيل_الفرق[مجموعة مكتملة],1)>0))+(([1]!التسجيل[[#This Row],[المشاركة تحت 12]]>=1)*(COUNTIFS([1]!تفاصيل_الفرق[الفئة العمرية],"تحت 12",[1]!تفاصيل_الفرق[مدينة منظفة],TRIM([1]!التسجيل[[#This Row],[المدينة]]),[1]!تفاصيل_الفرق[مجموعة مكتملة],1)>0))+(([1]!التسجيل[[#This Row],[المشاركة تحت 11]]>=1)*(COUNTIFS([1]!تفاصيل_الفرق[الفئة العمرية],"تحت 11",[1]!تفاصيل_الفرق[مدينة منظفة],TRIM([1]!التسجيل[[#This Row],[المدينة]]),[1]!تفاصيل_الفرق[مجموعة مكتملة],1)>0))+(([1]!التسجيل[[#This Row],[المشاركة تحت 9]]>=1)*(COUNTIFS([1]!تفاصيل_الفرق[الفئة العمرية],"تحت 9",[1]!تفاصيل_الفرق[مدينة منظفة],TRIM([1]!التسجيل[[#This Row],[المدينة]]),[1]!تفاصيل_الفرق[مجموعة مكتملة],1)>0))+(([1]!التسجيل[[#This Row],[المشاركة تحت 7 ]]>=1)*(COUNTIFS([1]!تفاصيل_الفرق[الفئة العمرية],"تحت 7",[1]!تفاصيل_الفرق[مدينة منظفة],TRIM([1]!التسجيل[[#This Row],[المدينة]]),[1]!تفاصيل_الفرق[مجموعة مكتملة],1)>0))+(([1]!التسجيل[[#This Row],[المشاركة تحت 5]]>=1)*(COUNTIFS([1]!تفاصيل_الفرق[الفئة العمرية],"تحت 5",[1]!تفاصيل_الفرق[مدينة منظفة],TRIM([1]!التسجيل[[#This Row],[المدينة]]),[1]!تفاصيل_الفرق[مجموعة مكتملة],1)>0))=0,"نعم","لا"))
A33: =1+A32 | B33: الرياض | C33: تركي عبدالله الحمودي | D33: 500008200 | E33: الانجيلة بنادي الرياض | F33: نادي | G33: الرياض | H33: الرياض | I33: الرياض | J33: 1 | K33: 1 | L33: 1 | M33: 1 | N33: 0 | O33: 0 | P33: 0 | Q33: =IF(SUM([1]!التسجيل[[#This Row],[المشاركة تحت 14]],[1]!التسجيل[[#This Row],[المشاركة تحت 13]],[1]!التسجيل[[#This Row],[المشاركة تحت 12]],[1]!التسجيل[[#This Row],[المشاركة تحت 11]],[1]!التسجيل[[#This Row],[المشاركة تحت 9]],[1]!التسجيل[[#This Row],[المشاركة تحت 7 ]],[1]!التسجيل[[#This Row],[المشاركة تحت 5]])=0,"لا يوجد تسجيل",IF((([1]!التسجيل[[#This Row],[المشاركة تحت 14]]>=1)*(COUNTIFS([1]!تفاصيل_الفرق[الفئة العمرية],"تحت 14",[1]!تفاصيل_الفرق[مدينة منظفة],TRIM([1]!التسجيل[[#This Row],[المدينة]]),[1]!تفاصيل_الفرق[مجموعة مكتملة],1)>0))+(([1]!التسجيل[[#This Row],[المشاركة تحت 13]]>=1)*(COUNTIFS([1]!تفاصيل_الفرق[الفئة العمرية],"تحت 13",[1]!تفاصيل_الفرق[مدينة منظفة],TRIM([1]!التسجيل[[#This Row],[المدينة]]),[1]!تفاصيل_الفرق[مجموعة مكتملة],1)>0))+(([1]!التسجيل[[#This Row],[المشاركة تحت 12]]>=1)*(COUNTIFS([1]!تفاصيل_الفرق[الفئة العمرية],"تحت 12",[1]!تفاصيل_الفرق[مدينة منظفة],TRIM([1]!التسجيل[[#This Row],[المدينة]]),[1]!تفاصيل_الفرق[مجموعة مكتملة],1)>0))+(([1]!التسجيل[[#This Row],[المشاركة تحت 11]]>=1)*(COUNTIFS([1]!تفاصيل_الفرق[الفئة العمرية],"تحت 11",[1]!تفاصيل_الفرق[مدينة منظفة],TRIM([1]!التسجيل[[#This Row],[المدينة]]),[1]!تفاصيل_الفرق[مجموعة مكتملة],1)>0))+(([1]!التسجيل[[#This Row],[المشاركة تحت 9]]>=1)*(COUNTIFS([1]!تفاصيل_الفرق[الفئة العمرية],"تحت 9",[1]!تفاصيل_الفرق[مدينة منظفة],TRIM([1]!التسجيل[[#This Row],[المدينة]]),[1]!تفاصيل_الفرق[مجموعة مكتملة],1)>0))+(([1]!التسجيل[[#This Row],[المشاركة تحت 7 ]]>=1)*(COUNTIFS([1]!تفاصيل_الفرق[الفئة العمرية],"تحت 7",[1]!تفاصيل_الفرق[مدينة منظفة],TRIM([1]!التسجيل[[#This Row],[المدينة]]),[1]!تفاصيل_الفرق[مجموعة مكتملة],1)>0))+(([1]!التسجيل[[#This Row],[المشاركة تحت 5]]>=1)*(COUNTIFS([1]!تفاصيل_الفرق[الفئة العمرية],"تحت 5",[1]!تفاصيل_الفرق[مدينة منظفة],TRIM([1]!التسجيل[[#This Row],[المدينة]]),[1]!تفاصيل_الفرق[مجموعة مكتملة],1)>0))=0,"نعم","لا"))
A34: =1+A33 | B34: مواهب الخالدية | C34: خالد محمد الاحمري | D34: 500426629 | E34: نجوم الملاعب | F34: أكاديمية | G34: الرياض | H34: الرياض | I34: الرياض | J34: 0 | K34: 0 | L34: 0 | M34: 1 | N34: 1 | O34: 1 | P34: 0 | Q34: =IF(SUM([1]!التسجيل[[#This Row],[المشاركة تحت 14]],[1]!التسجيل[[#This Row],[المشاركة تحت 13]],[1]!التسجيل[[#This Row],[المشاركة تحت 12]],[1]!التسجيل[[#This Row],[المشاركة تحت 11]],[1]!التسجيل[[#This Row],[المشاركة تحت 9]],[1]!التسجيل[[#This Row],[المشاركة تحت 7 ]],[1]!التسجيل[[#This Row],[المشاركة تحت 5]])=0,"لا يوجد تسجيل",IF((([1]!التسجيل[[#This Row],[المشاركة تحت 14]]>=1)*(COUNTIFS([1]!تفاصيل_الفرق[الفئة العمرية],"تحت 14",[1]!تفاصيل_الفرق[مدينة منظفة],TRIM([1]!التسجيل[[#This Row],[المدينة]]),[1]!تفاصيل_الفرق[مجموعة مكتملة],1)>0))+(([1]!التسجيل[[#This Row],[المشاركة تحت 13]]>=1)*(COUNTIFS([1]!تفاصيل_الفرق[الفئة العمرية],"تحت 13",[1]!تفاصيل_الفرق[مدينة منظفة],TRIM([1]!التسجيل[[#This Row],[المدينة]]),[1]!تفاصيل_الفرق[مجموعة مكتملة],1)>0))+(([1]!التسجيل[[#This Row],[المشاركة تحت 12]]>=1)*(COUNTIFS([1]!تفاصيل_الفرق[الفئة العمرية],"تحت 12",[1]!تفاصيل_الفرق[مدينة منظفة],TRIM([1]!التسجيل[[#This Row],[المدينة]]),[1]!تفاصيل_الفرق[مجموعة مكتملة],1)>0))+(([1]!التسجيل[[#This Row],[المشاركة تحت 11]]>=1)*(COUNTIFS([1]!تفاصيل_الفرق[الفئة العمرية],"تحت 11",[1]!تفاصيل_الفرق[مدينة منظفة],TRIM([1]!التسجيل[[#This Row],[المدينة]]),[1]!تفاصيل_الفرق[مجموعة مكتملة],1)>0))+(([1]!التسجيل[[#This Row],[المشاركة تحت 9]]>=1)*(COUNTIFS([1]!تفاصيل_الفرق[الفئة العمرية],"تحت 9",[1]!تفاصيل_الفرق[مدينة منظفة],TRIM([1]!التسجيل[[#This Row],[المدينة]]),[1]!تفاصيل_الفرق[مجموعة مكتملة],1)>0))+(([1]!التسجيل[[#This Row],[المشاركة تحت 7 ]]>=1)*(COUNTIFS([1]!تفاصيل_الفرق[الفئة العمرية],"تحت 7",[1]!تفاصيل_الفرق[مدينة منظفة],TRIM([1]!التسجيل[[#This Row],[المدينة]]),[1]!تفاصيل_الفرق[مجموعة مكتملة],1)>0))+(([1]!التسجيل[[#This Row],[المشاركة تحت 5]]>=1)*(COUNTIFS([1]!تفاصيل_الفرق[الفئة العمرية],"تحت 5",[1]!تفاصيل_الفرق[مدينة منظفة],TRIM([1]!التسجيل[[#This Row],[المدينة]]),[1]!تفاصيل_الفرق[مجموعة مكتملة],1)>0))=0,"نعم","لا"))
A35: =1+A34 | B35: أشبال البراعم | C35: منصور فوزي الدوسري | D35: 547639991 | E35: فور غروث | F35: أكاديمية | G35: الشرقية | H35: الدمام | I35: الشرقية | J35: 0 | K35: 1 | L35: 1 | M35: 1 | N35: 1 | O35: 1 | P35: 0 | Q35: =IF(SUM([1]!التسجيل[[#This Row],[المشاركة تحت 14]],[1]!التسجيل[[#This Row],[المشاركة تحت 13]],[1]!التسجيل[[#This Row],[المشاركة تحت 12]],[1]!التسجيل[[#This Row],[المشاركة تحت 11]],[1]!التسجيل[[#This Row],[المشاركة تحت 9]],[1]!التسجيل[[#This Row],[المشاركة تحت 7 ]],[1]!التسجيل[[#This Row],[المشاركة تحت 5]])=0,"لا يوجد تسجيل",IF((([1]!التسجيل[[#This Row],[المشاركة تحت 14]]>=1)*(COUNTIFS([1]!تفاصيل_الفرق[الفئة العمرية],"تحت 14",[1]!تفاصيل_الفرق[مدينة منظفة],TRIM([1]!التسجيل[[#This Row],[المدينة]]),[1]!تفاصيل_الفرق[مجموعة مكتملة],1)>0))+(([1]!التسجيل[[#This Row],[المشاركة تحت 13]]>=1)*(COUNTIFS([1]!تفاصيل_الفرق[الفئة العمرية],"تحت 13",[1]!تفاصيل_الفرق[مدينة منظفة],TRIM([1]!التسجيل[[#This Row],[المدينة]]),[1]!تفاصيل_الفرق[مجموعة مكتملة],1)>0))+(([1]!التسجيل[[#This Row],[المشاركة تحت 12]]>=1)*(COUNTIFS([1]!تفاصيل_الفرق[الفئة العمرية],"تحت 12",[1]!تفاصيل_الفرق[مدينة منظفة],TRIM([1]!التسجيل[[#This Row],[المدينة]]),[1]!تفاصيل_الفرق[مجموعة مكتملة],1)>0))+(([1]!التسجيل[[#This Row],[المشاركة تحت 11]]>=1)*(COUNTIFS([1]!تفاصيل_الفرق[الفئة العمرية],"تحت 11",[1]!تفاصيل_الفرق[مدينة منظفة],TRIM([1]!التسجيل[[#This Row],[المدينة]]),[1]!تفاصيل_الفرق[مجموعة مكتملة],1)>0))+(([1]!التسجيل[[#This Row],[المشاركة تحت 9]]>=1)*(COUNTIFS([1]!تفاصيل_الفرق[الفئة العمرية],"تحت 9",[1]!تفاصيل_الفرق[مدينة منظفة],TRIM([1]!التسجيل[[#This Row],[المدينة]]),[1]!تفاصيل_الفرق[مجموعة مكتملة],1)>0))+(([1]!التسجيل[[#This Row],[المشاركة تحت 7 ]]>=1)*(COUNTIFS([1]!تفاصيل_الفرق[الفئة العمرية],"تحت 7",[1]!تفاصيل_الفرق[مدينة منظفة],TRIM([1]!التسجيل[[#This Row],[المدينة]]),[1]!تفاصيل_الفرق[مجموعة مكتملة],1)>0))+(([1]!التسجيل[[#This Row],[المشاركة تحت 5]]>=1)*(COUNTIFS([1]!تفاصيل_الفرق[الفئة العمرية],"تحت 5",[1]!تفاصيل_الفرق[مدينة منظفة],TRIM([1]!التسجيل[[#This Row],[المدينة]]),[1]!تفاصيل_الفرق[مجموعة مكتملة],1)>0))=0,"نعم","لا"))
A36: =1+A35 | B36: المحيط | C36: سالم منصور السليمان | D36: 597611102 | E36: المحيط | F36: نادي | G36: الشرقية | H36: القطيف | I36: القطيف | J36: 0 | K36: 1 | L36: 1 | M36: 1 | N36: 0 | O36: 0 | P36: 0 | Q36: =IF(SUM([1]!التسجيل[[#This Row],[المشاركة تحت 14]],[1]!التسجيل[[#This Row],[المشاركة تحت 13]],[1]!التسجيل[[#This Row],[المشاركة تحت 12]],[1]!التسجيل[[#This Row],[المشاركة تحت 11]],[1]!التسجيل[[#This Row],[المشاركة تحت 9]],[1]!التسجيل[[#This Row],[المشاركة تحت 7 ]],[1]!التسجيل[[#This Row],[المشاركة تحت 5]])=0,"لا يوجد تسجيل",IF((([1]!التسجيل[[#This Row],[المشاركة تحت 14]]>=1)*(COUNTIFS([1]!تفاصيل_الفرق[الفئة العمرية],"تحت 14",[1]!تفاصيل_الفرق[مدينة منظفة],TRIM([1]!التسجيل[[#This Row],[المدينة]]),[1]!تفاصيل_الفرق[مجموعة مكتملة],1)>0))+(([1]!التسجيل[[#This Row],[المشاركة تحت 13]]>=1)*(COUNTIFS([1]!تفاصيل_الفرق[الفئة العمرية],"تحت 13",[1]!تفاصيل_الفرق[مدينة منظفة],TRIM([1]!التسجيل[[#This Row],[المدينة]]),[1]!تفاصيل_الفرق[مجموعة مكتملة],1)>0))+(([1]!التسجيل[[#This Row],[المشاركة تحت 12]]>=1)*(COUNTIFS([1]!تفاصيل_الفرق[الفئة العمرية],"تحت 12",[1]!تفاصيل_الفرق[مدينة منظفة],TRIM([1]!التسجيل[[#This Row],[المدينة]]),[1]!تفاصيل_الفرق[مجموعة مكتملة],1)>0))+(([1]!التسجيل[[#This Row],[المشاركة تحت 11]]>=1)*(COUNTIFS([1]!تفاصيل_الفرق[الفئة العمرية],"تحت 11",[1]!تفاصيل_الفرق[مدينة منظفة],TRIM([1]!التسجيل[[#This Row],[المدينة]]),[1]!تفاصيل_الفرق[مجموعة مكتملة],1)>0))+(([1]!التسجيل[[#This Row],[المشاركة تحت 9]]>=1)*(COUNTIFS([1]!تفاصيل_الفرق[الفئة العمرية],"تحت 9",[1]!تفاصيل_الفرق[مدينة منظفة],TRIM([1]!التسجيل[[#This Row],[المدينة]]),[1]!تفاصيل_الفرق[مجموعة مكتملة],1)>0))+(([1]!التسجيل[[#This Row],[المشاركة تحت 7 ]]>=1)*(COUNTIFS([1]!تفاصيل_الفرق[الفئة العمرية],"تحت 7",[1]!تفاصيل_الفرق[مدينة منظفة],TRIM([1]!التسجيل[[#This Row],[المدينة]]),[1]!تفاصيل_الفرق[مجموعة مكتملة],1)>0))+(([1]!التسجيل[[#This Row],[المشاركة تحت 5]]>=1)*(COUNTIFS([1]!تفاصيل_الفرق[الفئة العمرية],"تحت 5",[1]!تفاصيل_الفرق[مدينة منظفة],TRIM([1]!التسجيل[[#This Row],[المدينة]]),[1]!تفاصيل_الفرق[مجموعة مكتملة],1)>0))=0,"نعم","لا"))
A37: =1+A36 | B37: الرواد الرياضية | C37: عبدالله معدي ال عوض | D37: 555969798 | E37: الرواد ارينا | F37: أكاديمية | G37: عسير | H37: خميس مشيط | I37: عسير | J37: 1 | K37: 1 | L37: 0 | M37: 1 | N37: 1 | O37: 0 | P37: 0 | Q37: =IF(SUM([1]!التسجيل[[#This Row],[المشاركة تحت 14]],[1]!التسجيل[[#This Row],[المشاركة تحت 13]],[1]!التسجيل[[#This Row],[المشاركة تحت 12]],[1]!التسجيل[[#This Row],[المشاركة تحت 11]],[1]!التسجيل[[#This Row],[المشاركة تحت 9]],[1]!التسجيل[[#This Row],[المشاركة تحت 7 ]],[1]!التسجيل[[#This Row],[المشاركة تحت 5]])=0,"لا يوجد تسجيل",IF((([1]!التسجيل[[#This Row],[المشاركة تحت 14]]>=1)*(COUNTIFS([1]!تفاصيل_الفرق[الفئة العمرية],"تحت 14",[1]!تفاصيل_الفرق[مدينة منظفة],TRIM([1]!التسجيل[[#This Row],[المدينة]]),[1]!تفاصيل_الفرق[مجموعة مكتملة],1)>0))+(([1]!التسجيل[[#This Row],[المشاركة تحت 13]]>=1)*(COUNTIFS([1]!تفاصيل_الفرق[الفئة العمرية],"تحت 13",[1]!تفاصيل_الفرق[مدينة منظفة],TRIM([1]!التسجيل[[#This Row],[المدينة]]),[1]!تفاصيل_الفرق[مجموعة مكتملة],1)>0))+(([1]!التسجيل[[#This Row],[المشاركة تحت 12]]>=1)*(COUNTIFS([1]!تفاصيل_الفرق[الفئة العمرية],"تحت 12",[1]!تفاصيل_الفرق[مدينة منظفة],TRIM([1]!التسجيل[[#This Row],[المدينة]]),[1]!تفاصيل_الفرق[مجموعة مكتملة],1)>0))+(([1]!التسجيل[[#This Row],[المشاركة تحت 11]]>=1)*(COUNTIFS([1]!تفاصيل_الفرق[الفئة العمرية],"تحت 11",[1]!تفاصيل_الفرق[مدينة منظفة],TRIM([1]!التسجيل[[#This Row],[المدينة]]),[1]!تفاصيل_الفرق[مجموعة مكتملة],1)>0))+(([1]!التسجيل[[#This Row],[المشاركة تحت 9]]>=1)*(COUNTIFS([1]!تفاصيل_الفرق[الفئة العمرية],"تحت 9",[1]!تفاصيل_الفرق[مدينة منظفة],TRIM([1]!التسجيل[[#This Row],[المدينة]]),[1]!تفاصيل_الفرق[مجموعة مكتملة],1)>0))+(([1]!التسجيل[[#This Row],[المشاركة تحت 7 ]]>=1)*(COUNTIFS([1]!تفاصيل_الفرق[الفئة العمرية],"تحت 7",[1]!تفاصيل_الفرق[مدينة منظفة],TRIM([1]!التسجيل[[#This Row],[المدينة]]),[1]!تفاصيل_الفرق[مجموعة مكتملة],1)>0))+(([1]!التسجيل[[#This Row],[المشاركة تحت 5]]>=1)*(COUNTIFS([1]!تفاصيل_الفرق[الفئة العمرية],"تحت 5",[1]!تفاصيل_الفرق[مدينة منظفة],TRIM([1]!التسجيل[[#This Row],[المدينة]]),[1]!تفاصيل_الفرق[مجموعة مكتملة],1)>0))=0,"نعم","لا"))
A38: =1+A37 | B38: الانطلاق | C38: طلال الهريش الرويلي | D38: 530384363 | E38: الانطلاق | F38: نادي | G38: الجوف | H38: سكاكا | I38: الجوف | J38: 1 | K38: 0 | L38: 1 | M38: 1 | N38: 2 | O38: 2 | P38: 2 | Q38: =IF(SUM([1]!التسجيل[[#This Row],[المشاركة تحت 14]],[1]!التسجيل[[#This Row],[المشاركة تحت 13]],[1]!التسجيل[[#This Row],[المشاركة تحت 12]],[1]!التسجيل[[#This Row],[المشاركة تحت 11]],[1]!التسجيل[[#This Row],[المشاركة تحت 9]],[1]!التسجيل[[#This Row],[المشاركة تحت 7 ]],[1]!التسجيل[[#This Row],[المشاركة تحت 5]])=0,"لا يوجد تسجيل",IF((([1]!التسجيل[[#This Row],[المشاركة تحت 14]]>=1)*(COUNTIFS([1]!تفاصيل_الفرق[الفئة العمرية],"تحت 14",[1]!تفاصيل_الفرق[مدينة منظفة],TRIM([1]!التسجيل[[#This Row],[المدينة]]),[1]!تفاصيل_الفرق[مجموعة مكتملة],1)>0))+(([1]!التسجيل[[#This Row],[المشاركة تحت 13]]>=1)*(COUNTIFS([1]!تفاصيل_الفرق[الفئة العمرية],"تحت 13",[1]!تفاصيل_الفرق[مدينة منظفة],TRIM([1]!التسجيل[[#This Row],[المدينة]]),[1]!تفاصيل_الفرق[مجموعة مكتملة],1)>0))+(([1]!التسجيل[[#This Row],[المشاركة تحت 12]]>=1)*(COUNTIFS([1]!تفاصيل_الفرق[الفئة العمرية],"تحت 12",[1]!تفاصيل_الفرق[مدينة منظفة],TRIM([1]!التسجيل[[#This Row],[المدينة]]),[1]!تفاصيل_الفرق[مجموعة مكتملة],1)>0))+(([1]!التسجيل[[#This Row],[المشاركة تحت 11]]>=1)*(COUNTIFS([1]!تفاصيل_الفرق[الفئة العمرية],"تحت 11",[1]!تفاصيل_الفرق[مدينة منظفة],TRIM([1]!التسجيل[[#This Row],[المدينة]]),[1]!تفاصيل_الفرق[مجموعة مكتملة],1)>0))+(([1]!التسجيل[[#This Row],[المشاركة تحت 9]]>=1)*(COUNTIFS([1]!تفاصيل_الفرق[الفئة العمرية],"تحت 9",[1]!تفاصيل_الفرق[مدينة منظفة],TRIM([1]!التسجيل[[#This Row],[المدينة]]),[1]!تفاصيل_الفرق[مجموعة مكتملة],1)>0))+(([1]!التسجيل[[#This Row],[المشاركة تحت 7 ]]>=1)*(COUNTIFS([1]!تفاصيل_الفرق[الفئة العمرية],"تحت 7",[1]!تفاصيل_الفرق[مدينة منظفة],TRIM([1]!التسجيل[[#This Row],[المدينة]]),[1]!تفاصيل_الفرق[مجموعة مكتملة],1)>0))+(([1]!التسجيل[[#This Row],[المشاركة تحت 5]]>=1)*(COUNTIFS([1]!تفاصيل_الفرق[الفئة العمرية],"تحت 5",[1]!تفاصيل_الفرق[مدينة منظفة],TRIM([1]!التسجيل[[#This Row],[المدينة]]),[1]!تفاصيل_الفرق[مجموعة مكتملة],1)>0))=0,"نعم","لا"))
A39: =1+A38 | B39: الجبلين | C39: سالم محمد الراجح | D39: 503172526 | E39: رديف نادي الجبلين | F39: نادي | G39: حائل | H39: حائل | I39: حائل | J39: 1 | K39: 1 | L39: 1 | M39: 1 | N39: 1 | O39: 1 | P39: 1 | Q39: =IF(SUM([1]!التسجيل[[#This Row],[المشاركة تحت 14]],[1]!التسجيل[[#This Row],[المشاركة تحت 13]],[1]!التسجيل[[#This Row],[المشاركة تحت 12]],[1]!التسجيل[[#This Row],[المشاركة تحت 11]],[1]!التسجيل[[#This Row],[المشاركة تحت 9]],[1]!التسجيل[[#This Row],[المشاركة تحت 7 ]],[1]!التسجيل[[#This Row],[المشاركة تحت 5]])=0,"لا يوجد تسجيل",IF((([1]!التسجيل[[#This Row],[المشاركة تحت 14]]>=1)*(COUNTIFS([1]!تفاصيل_الفرق[الفئة العمرية],"تحت 14",[1]!تفاصيل_الفرق[مدينة منظفة],TRIM([1]!التسجيل[[#This Row],[المدينة]]),[1]!تفاصيل_الفرق[مجموعة مكتملة],1)>0))+(([1]!التسجيل[[#This Row],[المشاركة تحت 13]]>=1)*(COUNTIFS([1]!تفاصيل_الفرق[الفئة العمرية],"تحت 13",[1]!تفاصيل_الفرق[مدينة منظفة],TRIM([1]!التسجيل[[#This Row],[المدينة]]),[1]!تفاصيل_الفرق[مجموعة مكتملة],1)>0))+(([1]!التسجيل[[#This Row],[المشاركة تحت 12]]>=1)*(COUNTIFS([1]!تفاصيل_الفرق[الفئة العمرية],"تحت 12",[1]!تفاصيل_الفرق[مدينة منظفة],TRIM([1]!التسجيل[[#This Row],[المدينة]]),[1]!تفاصيل_الفرق[مجموعة مكتملة],1)>0))+(([1]!التسجيل[[#This Row],[المشاركة تحت 11]]>=1)*(COUNTIFS([1]!تفاصيل_الفرق[الفئة العمرية],"تحت 11",[1]!تفاصيل_الفرق[مدينة منظفة],TRIM([1]!التسجيل[[#This Row],[المدينة]]),[1]!تفاصيل_الفرق[مجموعة مكتملة],1)>0))+(([1]!التسجيل[[#This Row],[المشاركة تحت 9]]>=1)*(COUNTIFS([1]!تفاصيل_الفرق[الفئة العمرية],"تحت 9",[1]!تفاصيل_الفرق[مدينة منظفة],TRIM([1]!التسجيل[[#This Row],[المدينة]]),[1]!تفاصيل_الفرق[مجموعة مكتملة],1)>0))+(([1]!التسجيل[[#This Row],[المشاركة تحت 7 ]]>=1)*(COUNTIFS([1]!تفاصيل_الفرق[الفئة العمرية],"تحت 7",[1]!تفاصيل_الفرق[مدينة منظفة],TRIM([1]!التسجيل[[#This Row],[المدينة]]),[1]!تفاصيل_الفرق[مجموعة مكتملة],1)>0))+(([1]!التسجيل[[#This Row],[المشاركة تحت 5]]>=1)*(COUNTIFS([1]!تفاصيل_الفرق[الفئة العمرية],"تحت 5",[1]!تفاصيل_الفرق[مدينة منظفة],TRIM([1]!التسجيل[[#This Row],[المدينة]]),[1]!تفاصيل_الفرق[مجموعة مكتملة],1)>0))=0,"نعم","لا"))
... A71: =1+A70 | B71: اكاديمية لاتين | C71: سيف الغامدي | D71: 543644757 | E71: ملعب الشاطئ | F71: أكاديمية | G71: مكة المكرمة | H71: جدة | I71: جدة | J71: 1 | K71: 0 | L71: 2 | M71: 0 | N71: 0 | O71: 0 | P71: 0 | Q71: =IF(SUM([1]!التسجيل[[#This Row],[المشاركة تحت 14]],[1]!التسجيل[[#This Row],[المشاركة تحت 13]],[1]!التسجيل[[#This Row],[المشاركة تحت 12]],[1]!التسجيل[[#This Row],[المشاركة تحت 11]],[1]!التسجيل[[#This Row],[المشاركة تحت 9]],[1]!التسجيل[[#This Row],[المشاركة تحت 7 ]],[1]!التسجيل[[#This Row],[المشاركة تحت 5]])=0,"لا يوجد تسجيل",IF((([1]!التسجيل[[#This Row],[المشاركة تحت 14]]>=1)*(COUNTIFS([1]!تفاصيل_الفرق[الفئة العمرية],"تحت 14",[1]!تفاصيل_الفرق[مدينة منظفة],TRIM([1]!التسجيل[[#This Row],[المدينة]]),[1]!تفاصيل_الفرق[مجموعة مكتملة],1)>0))+(([1]!التسجيل[[#This Row],[المشاركة تحت 13]]>=1)*(COUNTIFS([1]!تفاصيل_الفرق[الفئة العمرية],"تحت 13",[1]!تفاصيل_الفرق[مدينة منظفة],TRIM([1]!التسجيل[[#This Row],[المدينة]]),[1]!تفاصيل_الفرق[مجموعة مكتملة],1)>0))+(([1]!التسجيل[[#This Row],[المشاركة تحت 12]]>=1)*(COUNTIFS([1]!تفاصيل_الفرق[الفئة العمرية],"تحت 12",[1]!تفاصيل_الفرق[مدينة منظفة],TRIM([1]!التسجيل[[#This Row],[المدينة]]),[1]!تفاصيل_الفرق[مجموعة مكتملة],1)>0))+(([1]!التسجيل[[#This Row],[المشاركة تحت 11]]>=1)*(COUNTIFS([1]!تفاصيل_الفرق[الفئة العمرية],"تحت 11",[1]!تفاصيل_الفرق[مدينة منظفة],TRIM([1]!التسجيل[[#This Row],[المدينة]]),[1]!تفاصيل_الفرق[مجموعة مكتملة],1)>0))+(([1]!التسجيل[[#This Row],[المشاركة تحت 9]]>=1)*(COUNTIFS([1]!تفاصيل_الفرق[الفئة العمرية],"تحت 9",[1]!تفاصيل_الفرق[مدينة منظفة],TRIM([1]!التسجيل[[#This Row],[المدينة]]),[1]!تفاصيل_الفرق[مجموعة مكتملة],1)>0))+(([1]!التسجيل[[#This Row],[المشاركة تحت 7 ]]>=1)*(COUNTIFS([1]!تفاصيل_الفرق[الفئة العمرية],"تحت 7",[1]!تفاصيل_الفرق[مدينة منظفة],TRIM([1]!التسجيل[[#This Row],[المدينة]]),[1]!تفاصيل_الفرق[مجموعة مكتملة],1)>0))+(([1]!التسجيل[[#This Row],[المشاركة تحت 5]]>=1)*(COUNTIFS([1]!تفاصيل_الفرق[الفئة العمرية],"تحت 5",[1]!تفاصيل_الفرق[مدينة منظفة],TRIM([1]!التسجيل[[#This Row],[المدينة]]),[1]!تفاصيل_الفرق[مجموعة مكتملة],1)>0))=0,"نعم","لا"))
A72: =1+A71 | B72: m 1 | C72: موسى علي جمعة | D72: 510301850 | E72: لايوجد | F72: هواة | G72: المدينة المنورة | H72: المدينة المنورة | I72: المدينة المنورة | J72: 0 | K72: 0 | L72: 1 | M72: 1 | N72: 1 | O72: 0 | P72: 0 | Q72: =IF(SUM([1]!التسجيل[[#This Row],[المشاركة تحت 14]],[1]!التسجيل[[#This Row],[المشاركة تحت 13]],[1]!التسجيل[[#This Row],[المشاركة تحت 12]],[1]!التسجيل[[#This Row],[المشاركة تحت 11]],[1]!التسجيل[[#This Row],[المشاركة تحت 9]],[1]!التسجيل[[#This Row],[المشاركة تحت 7 ]],[1]!التسجيل[[#This Row],[المشاركة تحت 5]])=0,"لا يوجد تسجيل",IF((([1]!التسجيل[[#This Row],[المشاركة تحت 14]]>=1)*(COUNTIFS([1]!تفاصيل_الفرق[الفئة العمرية],"تحت 14",[1]!تفاصيل_الفرق[مدينة منظفة],TRIM([1]!التسجيل[[#This Row],[المدينة]]),[1]!تفاصيل_الفرق[مجموعة مكتملة],1)>0))+(([1]!التسجيل[[#This Row],[المشاركة تحت 13]]>=1)*(COUNTIFS([1]!تفاصيل_الفرق[الفئة العمرية],"تحت 13",[1]!تفاصيل_الفرق[مدينة منظفة],TRIM([1]!التسجيل[[#This Row],[المدينة]]),[1]!تفاصيل_الفرق[مجموعة مكتملة],1)>0))+(([1]!التسجيل[[#This Row],[المشاركة تحت 12]]>=1)*(COUNTIFS([1]!تفاصيل_الفرق[الفئة العمرية],"تحت 12",[1]!تفاصيل_الفرق[مدينة منظفة],TRIM([1]!التسجيل[[#This Row],[المدينة]]),[1]!تفاصيل_الفرق[مجموعة مكتملة],1)>0))+(([1]!التسجيل[[#This Row],[المشاركة تحت 11]]>=1)*(COUNTIFS([1]!تفاصيل_الفرق[الفئة العمرية],"تحت 11",[1]!تفاصيل_الفرق[مدينة منظفة],TRIM([1]!التسجيل[[#This Row],[المدينة]]),[1]!تفاصيل_الفرق[مجموعة مكتملة],1)>0))+(([1]!التسجيل[[#This Row],[المشاركة تحت 9]]>=1)*(COUNTIFS([1]!تفاصيل_الفرق[الفئة العمرية],"تحت 9",[1]!تفاصيل_الفرق[مدينة منظفة],TRIM([1]!التسجيل[[#This Row],[المدينة]]),[1]!تفاصيل_الفرق[مجموعة مكتملة],1)>0))+(([1]!التسجيل[[#This Row],[المشاركة تحت 7 ]]>=1)*(COUNTIFS([1]!تفاصيل_الفرق[الفئة العمرية],"تحت 7",[1]!تفاصيل_الفرق[مدينة منظفة],TRIM([1]!التسجيل[[#This Row],[المدينة]]),[1]!تفاصيل_الفرق[مجموعة مكتملة],1)>0))+(([1]!التسجيل[[#This Row],[المشاركة تحت 5]]>=1)*(COUNTIFS([1]!تفاصيل_الفرق[الفئة العمرية],"تحت 5",[1]!تفاصيل_الفرق[مدينة منظفة],TRIM([1]!التسجيل[[#This Row],[المدينة]]),[1]!تفاصيل_الفرق[مجموعة مكتملة],1)>0))=0,"نعم","لا")) | S72: نعم
A73: =1+A72 | B73: الحزم جول | C73: ايهاب | D73: 542890420 | E73: لايوجد | F73: أكاديمية | G73: الرياض | H73: الرياض | I73: الرياض | J73: 0 | K73: 0 | L73: 1 | M73: 1 | N73: 1 | O73: 1 | P73: 0 | Q73: =IF(SUM([1]!التسجيل[[#This Row],[المشاركة تحت 14]],[1]!التسجيل[[#This Row],[المشاركة تحت 13]],[1]!التسجيل[[#This Row],[المشاركة تحت 12]],[1]!التسجيل[[#This Row],[المشاركة تحت 11]],[1]!التسجيل[[#This Row],[المشاركة تحت 9]],[1]!التسجيل[[#This Row],[المشاركة تحت 7 ]],[1]!التسجيل[[#This Row],[المشاركة تحت 5]])=0,"لا يوجد تسجيل",IF((([1]!التسجيل[[#This Row],[المشاركة تحت 14]]>=1)*(COUNTIFS([1]!تفاصيل_الفرق[الفئة العمرية],"تحت 14",[1]!تفاصيل_الفرق[مدينة منظفة],TRIM([1]!التسجيل[[#This Row],[المدينة]]),[1]!تفاصيل_الفرق[مجموعة مكتملة],1)>0))+(([1]!التسجيل[[#This Row],[المشاركة تحت 13]]>=1)*(COUNTIFS([1]!تفاصيل_الفرق[الفئة العمرية],"تحت 13",[1]!تفاصيل_الفرق[مدينة منظفة],TRIM([1]!التسجيل[[#This Row],[المدينة]]),[1]!تفاصيل_الفرق[مجموعة مكتملة],1)>0))+(([1]!التسجيل[[#This Row],[المشاركة تحت 12]]>=1)*(COUNTIFS([1]!تفاصيل_الفرق[الفئة العمرية],"تحت 12",[1]!تفاصيل_الفرق[مدينة منظفة],TRIM([1]!التسجيل[[#This Row],[المدينة]]),[1]!تفاصيل_الفرق[مجموعة مكتملة],1)>0))+(([1]!التسجيل[[#This Row],[المشاركة تحت 11]]>=1)*(COUNTIFS([1]!تفاصيل_الفرق[الفئة العمرية],"تحت 11",[1]!تفاصيل_الفرق[مدينة منظفة],TRIM([1]!التسجيل[[#This Row],[المدينة]]),[1]!تفاصيل_الفرق[مجموعة مكتملة],1)>0))+(([1]!التسجيل[[#This Row],[المشاركة تحت 9]]>=1)*(COUNTIFS([1]!تفاصيل_الفرق[الفئة العمرية],"تحت 9",[1]!تفاصيل_الفرق[مدينة منظفة],TRIM([1]!التسجيل[[#This Row],[المدينة]]),[1]!تفاصيل_الفرق[مجموعة مكتملة],1)>0))+(([1]!التسجيل[[#This Row],[المشاركة تحت 7 ]]>=1)*(COUNTIFS([1]!تفاصيل_الفرق[الفئة العمرية],"تحت 7",[1]!تفاصيل_الفرق[مدينة منظفة],TRIM([1]!التسجيل[[#This Row],[المدينة]]),[1]!تفاصيل_الفرق[مجموعة مكتملة],1)>0))+(([1]!التسجيل[[#This Row],[المشاركة تحت 5]]>=1)*(COUNTIFS([1]!تفاصيل_الفرق[الفئة العمرية],"تحت 5",[1]!تفاصيل_الفرق[مدينة منظفة],TRIM([1]!التسجيل[[#This Row],[المدينة]]),[1]!تفاصيل_الفرق[مجموعة مكتملة],1)>0))=0,"نعم","لا"))
A74: =1+A73 | B74: المنار | C74: عبدالعزيز الشوشان | D74: 505219942 | E74: المطوع | F74: أكاديمية | G74: الرياض | H74: الرياض | I74: الرياض | J74: 0 | K74: 0 | L74: 1 | M74: 0 | N74: 0 | O74: 0 | P74: 0 | Q74: =IF(SUM([1]!التسجيل[[#This Row],[المشاركة تحت 14]],[1]!التسجيل[[#This Row],[المشاركة تحت 13]],[1]!التسجيل[[#This Row],[المشاركة تحت 12]],[1]!التسجيل[[#This Row],[المشاركة تحت 11]],[1]!التسجيل[[#This Row],[المشاركة تحت 9]],[1]!التسجيل[[#This Row],[المشاركة تحت 7 ]],[1]!التسجيل[[#This Row],[المشاركة تحت 5]])=0,"لا يوجد تسجيل",IF((([1]!التسجيل[[#This Row],[المشاركة تحت 14]]>=1)*(COUNTIFS([1]!تفاصيل_الفرق[الفئة العمرية],"تحت 14",[1]!تفاصيل_الفرق[مدينة منظفة],TRIM([1]!التسجيل[[#This Row],[المدينة]]),[1]!تفاصيل_الفرق[مجموعة مكتملة],1)>0))+(([1]!التسجيل[[#This Row],[المشاركة تحت 13]]>=1)*(COUNTIFS([1]!تفاصيل_الفرق[الفئة العمرية],"تحت 13",[1]!تفاصيل_الفرق[مدينة منظفة],TRIM([1]!التسجيل[[#This Row],[المدينة]]),[1]!تفاصيل_الفرق[مجموعة مكتملة],1)>0))+(([1]!التسجيل[[#This Row],[المشاركة تحت 12]]>=1)*(COUNTIFS([1]!تفاصيل_الفرق[الفئة العمرية],"تحت 12",[1]!تفاصيل_الفرق[مدينة منظفة],TRIM([1]!التسجيل[[#This Row],[المدينة]]),[1]!تفاصيل_الفرق[مجموعة مكتملة],1)>0))+(([1]!التسجيل[[#This Row],[المشاركة تحت 11]]>=1)*(COUNTIFS([1]!تفاصيل_الفرق[الفئة العمرية],"تحت 11",[1]!تفاصيل_الفرق[مدينة منظفة],TRIM([1]!التسجيل[[#This Row],[المدينة]]),[1]!تفاصيل_الفرق[مجموعة مكتملة],1)>0))+(([1]!التسجيل[[#This Row],[المشاركة تحت 9]]>=1)*(COUNTIFS([1]!تفاصيل_الفرق[الفئة العمرية],"تحت 9",[1]!تفاصيل_الفرق[مدينة منظفة],TRIM([1]!التسجيل[[#This Row],[المدينة]]),[1]!تفاصيل_الفرق[مجموعة مكتملة],1)>0))+(([1]!التسجيل[[#This Row],[المشاركة تحت 7 ]]>=1)*(COUNTIFS([1]!تفاصيل_الفرق[الفئة العمرية],"تحت 7",[1]!تفاصيل_الفرق[مدينة منظفة],TRIM([1]!التسجيل[[#This Row],[المدينة]]),[1]!تفاصيل_الفرق[مجموعة مكتملة],1)>0))+(([1]!التسجيل[[#This Row],[المشاركة تحت 5]]>=1)*(COUNTIFS([1]!تفاصيل_الفرق[الفئة العمرية],"تحت 5",[1]!تفاصيل_الفرق[مدينة منظفة],TRIM([1]!التسجيل[[#This Row],[المدينة]]),[1]!تفاصيل_الفرق[مجموعة مكتملة],1)>0))=0,"نعم","لا"))
A75: =1+A74 | B75: اوتو مكة | C75: عمار عبدالله محمد | D75: 540782434 | E75: لايوجد | F75: هواة | G75: مكة المكرمة | H75: مكة المكرمة | I75: مكة المكرمة | J75: 1 | K75: 1 | L75: 1 | M75: 1 | N75: 1 | O75: 1 | P75: 1 | Q75: =IF(SUM([1]!التسجيل[[#This Row],[المشاركة تحت 14]],[1]!التسجيل[[#This Row],[المشاركة تحت 13]],[1]!التسجيل[[#This Row],[المشاركة تحت 12]],[1]!التسجيل[[#This Row],[المشاركة تحت 11]],[1]!التسجيل[[#This Row],[المشاركة تحت 9]],[1]!التسجيل[[#This Row],[المشاركة تحت 7 ]],[1]!التسجيل[[#This Row],[المشاركة تحت 5]])=0,"لا يوجد تسجيل",IF((([1]!التسجيل[[#This Row],[المشاركة تحت 14]]>=1)*(COUNTIFS([1]!تفاصيل_الفرق[الفئة العمرية],"تحت 14",[1]!تفاصيل_الفرق[مدينة منظفة],TRIM([1]!التسجيل[[#This Row],[المدينة]]),[1]!تفاصيل_الفرق[مجموعة مكتملة],1)>0))+(([1]!التسجيل[[#This Row],[المشاركة تحت 13]]>=1)*(COUNTIFS([1]!تفاصيل_الفرق[الفئة العمرية],"تحت 13",[1]!تفاصيل_الفرق[مدينة منظفة],TRIM([1]!التسجيل[[#This Row],[المدينة]]),[1]!تفاصيل_الفرق[مجموعة مكتملة],1)>0))+(([1]!التسجيل[[#This Row],[المشاركة تحت 12]]>=1)*(COUNTIFS([1]!تفاصيل_الفرق[الفئة العمرية],"تحت 12",[1]!تفاصيل_الفرق[مدينة منظفة],TRIM([1]!التسجيل[[#This Row],[المدينة]]),[1]!تفاصيل_الفرق[مجموعة مكتملة],1)>0))+(([1]!التسجيل[[#This Row],[المشاركة تحت 11]]>=1)*(COUNTIFS([1]!تفاصيل_الفرق[الفئة العمرية],"تحت 11",[1]!تفاصيل_الفرق[مدينة منظفة],TRIM([1]!التسجيل[[#This Row],[المدينة]]),[1]!تفاصيل_الفرق[مجموعة مكتملة],1)>0))+(([1]!التسجيل[[#This Row],[المشاركة تحت 9]]>=1)*(COUNTIFS([1]!تفاصيل_الفرق[الفئة العمرية],"تحت 9",[1]!تفاصيل_الفرق[مدينة منظفة],TRIM([1]!التسجيل[[#This Row],[المدينة]]),[1]!تفاصيل_الفرق[مجموعة مكتملة],1)>0))+(([1]!التسجيل[[#This Row],[المشاركة تحت 7 ]]>=1)*(COUNTIFS([1]!تفاصيل_الفرق[الفئة العمرية],"تحت 7",[1]!تفاصيل_الفرق[مدينة منظفة],TRIM([1]!التسجيل[[#This Row],[المدينة]]),[1]!تفاصيل_الفرق[مجموعة مكتملة],1)>0))+(([1]!التسجيل[[#This Row],[المشاركة تحت 5]]>=1)*(COUNTIFS([1]!تفاصيل_الفرق[الفئة العمرية],"تحت 5",[1]!تفاصيل_الفرق[مدينة منظفة],TRIM([1]!التسجيل[[#This Row],[المدينة]]),[1]!تفاصيل_الفرق[مجموعة مكتملة],1)>0))=0,"نعم","لا")) | S75: نعم
A76: =1+A75 | B76: الفيصلية | C76: فوزي لمنجومي | D76: 500003807 | E76: الفيصلية | F76: أكاديمية | G76: مكة المكرمة | H76: جدة | I76: جدة | J76: 0 | K76: 0 | L76: 1 | M76: 0 | N76: 1 | O76: 0 | P76: 0 | Q76: =IF(SUM([1]!التسجيل[[#This Row],[المشاركة تحت 14]],[1]!التسجيل[[#This Row],[المشاركة تحت 13]],[1]!التسجيل[[#This Row],[المشاركة تحت 12]],[1]!التسجيل[[#This Row],[المشاركة تحت 11]],[1]!التسجيل[[#This Row],[المشاركة تحت 9]],[1]!التسجيل[[#This Row],[المشاركة تحت 7 ]],[1]!التسجيل[[#This Row],[المشاركة تحت 5]])=0,"لا يوجد تسجيل",IF((([1]!التسجيل[[#This Row],[المشاركة تحت 14]]>=1)*(COUNTIFS([1]!تفاصيل_الفرق[الفئة العمرية],"تحت 14",[1]!تفاصيل_الفرق[مدينة منظفة],TRIM([1]!التسجيل[[#This Row],[المدينة]]),[1]!تفاصيل_الفرق[مجموعة مكتملة],1)>0))+(([1]!التسجيل[[#This Row],[المشاركة تحت 13]]>=1)*(COUNTIFS([1]!تفاصيل_الفرق[الفئة العمرية],"تحت 13",[1]!تفاصيل_الفرق[مدينة منظفة],TRIM([1]!التسجيل[[#This Row],[المدينة]]),[1]!تفاصيل_الفرق[مجموعة مكتملة],1)>0))+(([1]!التسجيل[[#This Row],[المشاركة تحت 12]]>=1)*(COUNTIFS([1]!تفاصيل_الفرق[الفئة العمرية],"تحت 12",[1]!تفاصيل_الفرق[مدينة منظفة],TRIM([1]!التسجيل[[#This Row],[المدينة]]),[1]!تفاصيل_الفرق[مجموعة مكتملة],1)>0))+(([1]!التسجيل[[#This Row],[المشاركة تحت 11]]>=1)*(COUNTIFS([1]!تفاصيل_الفرق[الفئة العمرية],"تحت 11",[1]!تفاصيل_الفرق[مدينة منظفة],TRIM([1]!التسجيل[[#This Row],[المدينة]]),[1]!تفاصيل_الفرق[مجموعة مكتملة],1)>0))+(([1]!التسجيل[[#This Row],[المشاركة تحت 9]]>=1)*(COUNTIFS([1]!تفاصيل_الفرق[الفئة العمرية],"تحت 9",[1]!تفاصيل_الفرق[مدينة منظفة],TRIM([1]!التسجيل[[#This Row],[المدينة]]),[1]!تفاصيل_الفرق[مجموعة مكتملة],1)>0))+(([1]!التسجيل[[#This Row],[المشاركة تحت 7 ]]>=1)*(COUNTIFS([1]!تفاصيل_الفرق[الفئة العمرية],"تحت 7",[1]!تفاصيل_الفرق[مدينة منظفة],TRIM([1]!التسجيل[[#This Row],[المدينة]]),[1]!تفاصيل_الفرق[مجموعة مكتملة],1)>0))+(([1]!التسجيل[[#This Row],[المشاركة تحت 5]]>=1)*(COUNTIFS([1]!تفاصيل_الفرق[الفئة العمرية],"تحت 5",[1]!تفاصيل_الفرق[مدينة منظفة],TRIM([1]!التسجيل[[#This Row],[المدينة]]),[1]!تفاصيل_الفرق[مجموعة مكتملة],1)>0))=0,"نعم","لا"))
A77: =1+A76 | B77: الامام يعقوب | C77: بدر قالط المطيري | D77: 560071810 | E77: لايوجد | F77: هواة | G77: المدينة المنورة | H77: المدينة المنورة | I77: المدينة المنورة | J77: 0 | K77: 0 | L77: 0 | M77: 0 | N77: 1 | O77: 0 | P77: 0 | Q77: =IF(SUM([1]!التسجيل[[#This Row],[المشاركة تحت 14]],[1]!التسجيل[[#This Row],[المشاركة تحت 13]],[1]!التسجيل[[#This Row],[المشاركة تحت 12]],[1]!التسجيل[[#This Row],[المشاركة تحت 11]],[1]!التسجيل[[#This Row],[المشاركة تحت 9]],[1]!التسجيل[[#This Row],[المشاركة تحت 7 ]],[1]!التسجيل[[#This Row],[المشاركة تحت 5]])=0,"لا يوجد تسجيل",IF((([1]!التسجيل[[#This Row],[المشاركة تحت 14]]>=1)*(COUNTIFS([1]!تفاصيل_الفرق[الفئة العمرية],"تحت 14",[1]!تفاصيل_الفرق[مدينة منظفة],TRIM([1]!التسجيل[[#This Row],[المدينة]]),[1]!تفاصيل_الفرق[مجموعة مكتملة],1)>0))+(([1]!التسجيل[[#This Row],[المشاركة تحت 13]]>=1)*(COUNTIFS([1]!تفاصيل_الفرق[الفئة العمرية],"تحت 13",[1]!تفاصيل_الفرق[مدينة منظفة],TRIM([1]!التسجيل[[#This Row],[المدينة]]),[1]!تفاصيل_الفرق[مجموعة مكتملة],1)>0))+(([1]!التسجيل[[#This Row],[المشاركة تحت 12]]>=1)*(COUNTIFS([1]!تفاصيل_الفرق[الفئة العمرية],"تحت 12",[1]!تفاصيل_الفرق[مدينة منظفة],TRIM([1]!التسجيل[[#This Row],[المدينة]]),[1]!تفاصيل_الفرق[مجموعة مكتملة],1)>0))+(([1]!التسجيل[[#This Row],[المشاركة تحت 11]]>=1)*(COUNTIFS([1]!تفاصيل_الفرق[الفئة العمرية],"تحت 11",[1]!تفاصيل_الفرق[مدينة منظفة],TRIM([1]!التسجيل[[#This Row],[المدينة]]),[1]!تفاصيل_الفرق[مجموعة مكتملة],1)>0))+(([1]!التسجيل[[#This Row],[المشاركة تحت 9]]>=1)*(COUNTIFS([1]!تفاصيل_الفرق[الفئة العمرية],"تحت 9",[1]!تفاصيل_الفرق[مدينة منظفة],TRIM([1]!التسجيل[[#This Row],[المدينة]]),[1]!تفاصيل_الفرق[مجموعة مكتملة],1)>0))+(([1]!التسجيل[[#This Row],[المشاركة تحت 7 ]]>=1)*(COUNTIFS([1]!تفاصيل_الفرق[الفئة العمرية],"تحت 7",[1]!تفاصيل_الفرق[مدينة منظفة],TRIM([1]!التسجيل[[#This Row],[المدينة]]),[1]!تفاصيل_الفرق[مجموعة مكتملة],1)>0))+(([1]!التسجيل[[#This Row],[المشاركة تحت 5]]>=1)*(COUNTIFS([1]!تفاصيل_الفرق[الفئة العمرية],"تحت 5",[1]!تفاصيل_الفرق[مدينة منظفة],TRIM([1]!التسجيل[[#This Row],[المدينة]]),[1]!تفاصيل_الفرق[مجموعة مكتملة],1)>0))=0,"نعم","لا")) | R77: لم يتم السداد | S77: نعم
A78: =1+A77 | B78: الغد | C78: عبدالعزيز عطية عشوي | D78: 537560942 | E78: لايوجد | F78: هواة | G78: الرياض | H78: الرياض | I78: الرياض | J78: 1 | K78: 0 | L78: 0 | M78: 0 | N78: 0 | O78: 0 | P78: 0 | Q78: =IF(SUM([1]!التسجيل[[#This Row],[المشاركة تحت 14]],[1]!التسجيل[[#This Row],[المشاركة تحت 13]],[1]!التسجيل[[#This Row],[المشاركة تحت 12]],[1]!التسجيل[[#This Row],[المشاركة تحت 11]],[1]!التسجيل[[#This Row],[المشاركة تحت 9]],[1]!التسجيل[[#This Row],[المشاركة تحت 7 ]],[1]!التسجيل[[#This Row],[المشاركة تحت 5]])=0,"لا يوجد تسجيل",IF((([1]!التسجيل[[#This Row],[المشاركة تحت 14]]>=1)*(COUNTIFS([1]!تفاصيل_الفرق[الفئة العمرية],"تحت 14",[1]!تفاصيل_الفرق[مدينة منظفة],TRIM([1]!التسجيل[[#This Row],[المدينة]]),[1]!تفاصيل_الفرق[مجموعة مكتملة],1)>0))+(([1]!التسجيل[[#This Row],[المشاركة تحت 13]]>=1)*(COUNTIFS([1]!تفاصيل_الفرق[الفئة العمرية],"تحت 13",[1]!تفاصيل_الفرق[مدينة منظفة],TRIM([1]!التسجيل[[#This Row],[المدينة]]),[1]!تفاصيل_الفرق[مجموعة مكتملة],1)>0))+(([1]!التسجيل[[#This Row],[المشاركة تحت 12]]>=1)*(COUNTIFS([1]!تفاصيل_الفرق[الفئة العمرية],"تحت 12",[1]!تفاصيل_الفرق[مدينة منظفة],TRIM([1]!التسجيل[[#This Row],[المدينة]]),[1]!تفاصيل_الفرق[مجموعة مكتملة],1)>0))+(([1]!التسجيل[[#This Row],[المشاركة تحت 11]]>=1)*(COUNTIFS([1]!تفاصيل_الفرق[الفئة العمرية],"تحت 11",[1]!تفاصيل_الفرق[مدينة منظفة],TRIM([1]!التسجيل[[#This Row],[المدينة]]),[1]!تفاصيل_الفرق[مجموعة مكتملة],1)>0))+(([1]!التسجيل[[#This Row],[المشاركة تحت 9]]>=1)*(COUNTIFS([1]!تفاصيل_الفرق[الفئة العمرية],"تحت 9",[1]!تفاصيل_الفرق[مدينة منظفة],TRIM([1]!التسجيل[[#This Row],[المدينة]]),[1]!تفاصيل_الفرق[مجموعة مكتملة],1)>0))+(([1]!التسجيل[[#This Row],[المشاركة تحت 7 ]]>=1)*(COUNTIFS([1]!تفاصيل_الفرق[الفئة العمرية],"تحت 7",[1]!تفاصيل_الفرق[مدينة منظفة],TRIM([1]!التسجيل[[#This Row],[المدينة]]),[1]!تفاصيل_الفرق[مجموعة مكتملة],1)>0))+(([1]!التسجيل[[#This Row],[المشاركة تحت 5]]>=1)*(COUNTIFS([1]!تفاصيل_الفرق[الفئة العمرية],"تحت 5",[1]!تفاصيل_الفرق[مدينة منظفة],TRIM([1]!التسجيل[[#This Row],[المدينة]]),[1]!تفاصيل_الفرق[مجموعة مكتملة],1)>0))=0,"نعم","لا")) | R78: لم يتم السداد | S78: نعم
A79: =1+A78 | B79: جسر النجوم | C79: سعود السعود | D79: 558122658 | E79: لايوجد | F79: هواة | G79: الرياض | H79: الرياض | I79: الرياض | J79: 1 | K79: 0 | L79: 0 | M79: 0 | N79: 0 | O79: 0 | P79: 0 | Q79: =IF(SUM([1]!التسجيل[[#This Row],[المشاركة تحت 14]],[1]!التسجيل[[#This Row],[المشاركة تحت 13]],[1]!التسجيل[[#This Row],[المشاركة تحت 12]],[1]!التسجيل[[#This Row],[المشاركة تحت 11]],[1]!التسجيل[[#This Row],[المشاركة تحت 9]],[1]!التسجيل[[#This Row],[المشاركة تحت 7 ]],[1]!التسجيل[[#This Row],[المشاركة تحت 5]])=0,"لا يوجد تسجيل",IF((([1]!التسجيل[[#This Row],[المشاركة تحت 14]]>=1)*(COUNTIFS([1]!تفاصيل_الفرق[الفئة العمرية],"تحت 14",[1]!تفاصيل_الفرق[مدينة منظفة],TRIM([1]!التسجيل[[#This Row],[المدينة]]),[1]!تفاصيل_الفرق[مجموعة مكتملة],1)>0))+(([1]!التسجيل[[#This Row],[المشاركة تحت 13]]>=1)*(COUNTIFS([1]!تفاصيل_الفرق[الفئة العمرية],"تحت 13",[1]!تفاصيل_الفرق[مدينة منظفة],TRIM([1]!التسجيل[[#This Row],[المدينة]]),[1]!تفاصيل_الفرق[مجموعة مكتملة],1)>0))+(([1]!التسجيل[[#This Row],[المشاركة تحت 12]]>=1)*(COUNTIFS([1]!تفاصيل_الفرق[الفئة العمرية],"تحت 12",[1]!تفاصيل_الفرق[مدينة منظفة],TRIM([1]!التسجيل[[#This Row],[المدينة]]),[1]!تفاصيل_الفرق[مجموعة مكتملة],1)>0))+(([1]!التسجيل[[#This Row],[المشاركة تحت 11]]>=1)*(COUNTIFS([1]!تفاصيل_الفرق[الفئة العمرية],"تحت 11",[1]!تفاصيل_الفرق[مدينة منظفة],TRIM([1]!التسجيل[[#This Row],[المدينة]]),[1]!تفاصيل_الفرق[مجموعة مكتملة],1)>0))+(([1]!التسجيل[[#This Row],[المشاركة تحت 9]]>=1)*(COUNTIFS([1]!تفاصيل_الفرق[الفئة العمرية],"تحت 9",[1]!تفاصيل_الفرق[مدينة منظفة],TRIM([1]!التسجيل[[#This Row],[المدينة]]),[1]!تفاصيل_الفرق[مجموعة مكتملة],1)>0))+(([1]!التسجيل[[#This Row],[المشاركة تحت 7 ]]>=1)*(COUNTIFS([1]!تفاصيل_الفرق[الفئة العمرية],"تحت 7",[1]!تفاصيل_الفرق[مدينة منظفة],TRIM([1]!التسجيل[[#This Row],[المدينة]]),[1]!تفاصيل_الفرق[مجموعة مكتملة],1)>0))+(([1]!التسجيل[[#This Row],[المشاركة تحت 5]]>=1)*(COUNTIFS([1]!تفاصيل_الفرق[الفئة العمرية],"تحت 5",[1]!تفاصيل_الفرق[مدينة منظفة],TRIM([1]!التسجيل[[#This Row],[المدينة]]),[1]!تفاصيل_الفرق[مجموعة مكتملة],1)>0))=0,"نعم","لا")) | S79: نعم
A80: =1+A79 | B80: فيفا املج | C80: رضا علي الجهني | D80: 566580588 | E80: لايوجد | F80: هواة | G80: تبوك | H80: أملج | I80: تبوك | J80: 0 | K80: 0 | L80: 1 | M80: 0 | N80: 0 | O80: 0 | P80: 0 | Q80: =IF(SUM([1]!التسجيل[[#This Row],[المشاركة تحت 14]],[1]!التسجيل[[#This Row],[المشاركة تحت 13]],[1]!التسجيل[[#This Row],[المشاركة تحت 12]],[1]!التسجيل[[#This Row],[المشاركة تحت 11]],[1]!التسجيل[[#This Row],[المشاركة تحت 9]],[1]!التسجيل[[#This Row],[المشاركة تحت 7 ]],[1]!التسجيل[[#This Row],[المشاركة تحت 5]])=0,"لا يوجد تسجيل",IF((([1]!التسجيل[[#This Row],[المشاركة تحت 14]]>=1)*(COUNTIFS([1]!تفاصيل_الفرق[الفئة العمرية],"تحت 14",[1]!تفاصيل_الفرق[مدينة منظفة],TRIM([1]!التسجيل[[#This Row],[المدينة]]),[1]!تفاصيل_الفرق[مجموعة مكتملة],1)>0))+(([1]!التسجيل[[#This Row],[المشاركة تحت 13]]>=1)*(COUNTIFS([1]!تفاصيل_الفرق[الفئة العمرية],"تحت 13",[1]!تفاصيل_الفرق[مدينة منظفة],TRIM([1]!التسجيل[[#This Row],[المدينة]]),[1]!تفاصيل_الفرق[مجموعة مكتملة],1)>0))+(([1]!التسجيل[[#This Row],[المشاركة تحت 12]]>=1)*(COUNTIFS([1]!تفاصيل_الفرق[الفئة العمرية],"تحت 12",[1]!تفاصيل_الفرق[مدينة منظفة],TRIM([1]!التسجيل[[#This Row],[المدينة]]),[1]!تفاصيل_الفرق[مجموعة مكتملة],1)>0))+(([1]!التسجيل[[#This Row],[المشاركة تحت 11]]>=1)*(COUNTIFS([1]!تفاصيل_الفرق[الفئة العمرية],"تحت 11",[1]!تفاصيل_الفرق[مدينة منظفة],TRIM([1]!التسجيل[[#This Row],[المدينة]]),[1]!تفاصيل_الفرق[مجموعة مكتملة],1)>0))+(([1]!التسجيل[[#This Row],[المشاركة تحت 9]]>=1)*(COUNTIFS([1]!تفاصيل_الفرق[الفئة العمرية],"تحت 9",[1]!تفاصيل_الفرق[مدينة منظفة],TRIM([1]!التسجيل[[#This Row],[المدينة]]),[1]!تفاصيل_الفرق[مجموعة مكتملة],1)>0))+(([1]!التسجيل[[#This Row],[المشاركة تحت 7 ]]>=1)*(COUNTIFS([1]!تفاصيل_الفرق[الفئة العمرية],"تحت 7",[1]!تفاصيل_الفرق[مدينة منظفة],TRIM([1]!التسجيل[[#This Row],[المدينة]]),[1]!تفاصيل_الفرق[مجموعة مكتملة],1)>0))+(([1]!التسجيل[[#This Row],[المشاركة تحت 5]]>=1)*(COUNTIFS([1]!تفاصيل_الفرق[الفئة العمرية],"تحت 5",[1]!تفاصيل_الفرق[مدينة منظفة],TRIM([1]!التسجيل[[#This Row],[المدينة]]),[1]!تفاصيل_الفرق[مجموعة مكتملة],1)>0))=0,"نعم","لا")) | R80: لم يتم السداد | S80: نعم
A81: =1+A80 | B81: أحلام الريان | C81: حسن محمد | D81: 545585613 | E81: لايوجد | F81: هواة | G81: جازان | H81: أحد المسارحة | I81: جازان | J81: 1 | K81: 0 | L81: 0 | M81: 0 | N81: 0 | O81: 0 | P81: 0 | Q81: =IF(SUM([1]!التسجيل[[#This Row],[المشاركة تحت 14]],[1]!التسجيل[[#This Row],[المشاركة تحت 13]],[1]!التسجيل[[#This Row],[المشاركة تحت 12]],[1]!التسجيل[[#This Row],[المشاركة تحت 11]],[1]!التسجيل[[#This Row],[المشاركة تحت 9]],[1]!التسجيل[[#This Row],[المشاركة تحت 7 ]],[1]!التسجيل[[#This Row],[المشاركة تحت 5]])=0,"لا يوجد تسجيل",IF((([1]!التسجيل[[#This Row],[المشاركة تحت 14]]>=1)*(COUNTIFS([1]!تفاصيل_الفرق[الفئة العمرية],"تحت 14",[1]!تفاصيل_الفرق[مدينة منظفة],TRIM([1]!التسجيل[[#This Row],[المدينة]]),[1]!تفاصيل_الفرق[مجموعة مكتملة],1)>0))+(([1]!التسجيل[[#This Row],[المشاركة تحت 13]]>=1)*(COUNTIFS([1]!تفاصيل_الفرق[الفئة العمرية],"تحت 13",[1]!تفاصيل_الفرق[مدينة منظفة],TRIM([1]!التسجيل[[#This Row],[المدينة]]),[1]!تفاصيل_الفرق[مجموعة مكتملة],1)>0))+(([1]!التسجيل[[#This Row],[المشاركة تحت 12]]>=1)*(COUNTIFS([1]!تفاصيل_الفرق[الفئة العمرية],"تحت 12",[1]!تفاصيل_الفرق[مدينة منظفة],TRIM([1]!التسجيل[[#This Row],[المدينة]]),[1]!تفاصيل_الفرق[مجموعة مكتملة],1)>0))+(([1]!التسجيل[[#This Row],[المشاركة تحت 11]]>=1)*(COUNTIFS([1]!تفاصيل_الفرق[الفئة العمرية],"تحت 11",[1]!تفاصيل_الفرق[مدينة منظفة],TRIM([1]!التسجيل[[#This Row],[المدينة]]),[1]!تفاصيل_الفرق[مجموعة مكتملة],1)>0))+(([1]!التسجيل[[#This Row],[المشاركة تحت 9]]>=1)*(COUNTIFS([1]!تفاصيل_الفرق[الفئة العمرية],"تحت 9",[1]!تفاصيل_الفرق[مدينة منظفة],TRIM([1]!التسجيل[[#This Row],[المدينة]]),[1]!تفاصيل_الفرق[مجموعة مكتملة],1)>0))+(([1]!التسجيل[[#This Row],[المشاركة تحت 7 ]]>=1)*(COUNTIFS([1]!تفاصيل_الفرق[الفئة العمرية],"تحت 7",[1]!تفاصيل_الفرق[مدينة منظفة],TRIM([1]!التسجيل[[#This Row],[المدينة]]),[1]!تفاصيل_الفرق[مجموعة مكتملة],1)>0))+(([1]!التسجيل[[#This Row],[المشاركة تحت 5]]>=1)*(COUNTIFS([1]!تفاصيل_الفرق[الفئة العمرية],"تحت 5",[1]!تفاصيل_الفرق[مدينة منظفة],TRIM([1]!التسجيل[[#This Row],[المدينة]]),[1]!تفاصيل_الفرق[مجموعة مكتملة],1)>0))=0,"نعم","لا")) | R81: لم يتم السداد | S81: نعم
A82: =1+A81 | B82: شعلة الهفوف | C82: بدر السعيد | D82: 567232330 | E82: لايوجد | F82: هواة | G82: الشرقية | H82: الأحساء | I82: الأحساء | J82: 1 | K82: 1 | L82: 0 | M82: 0 | N82: 0 | O82: 0 | P82: 0 | Q82: =IF(SUM([1]!التسجيل[[#This Row],[المشاركة تحت 14]],[1]!التسجيل[[#This Row],[المشاركة تحت 13]],[1]!التسجيل[[#This Row],[المشاركة تحت 12]],[1]!التسجيل[[#This Row],[المشاركة تحت 11]],[1]!التسجيل[[#This Row],[المشاركة تحت 9]],[1]!التسجيل[[#This Row],[المشاركة تحت 7 ]],[1]!التسجيل[[#This Row],[المشاركة تحت 5]])=0,"لا يوجد تسجيل",IF((([1]!التسجيل[[#This Row],[المشاركة تحت 14]]>=1)*(COUNTIFS([1]!تفاصيل_الفرق[الفئة العمرية],"تحت 14",[1]!تفاصيل_الفرق[مدينة منظفة],TRIM([1]!التسجيل[[#This Row],[المدينة]]),[1]!تفاصيل_الفرق[مجموعة مكتملة],1)>0))+(([1]!التسجيل[[#This Row],[المشاركة تحت 13]]>=1)*(COUNTIFS([1]!تفاصيل_الفرق[الفئة العمرية],"تحت 13",[1]!تفاصيل_الفرق[مدينة منظفة],TRIM([1]!التسجيل[[#This Row],[المدينة]]),[1]!تفاصيل_الفرق[مجموعة مكتملة],1)>0))+(([1]!التسجيل[[#This Row],[المشاركة تحت 12]]>=1)*(COUNTIFS([1]!تفاصيل_الفرق[الفئة العمرية],"تحت 12",[1]!تفاصيل_الفرق[مدينة منظفة],TRIM([1]!التسجيل[[#This Row],[المدينة]]),[1]!تفاصيل_الفرق[مجموعة مكتملة],1)>0))+(([1]!التسجيل[[#This Row],[المشاركة تحت 11]]>=1)*(COUNTIFS([1]!تفاصيل_الفرق[الفئة العمرية],"تحت 11",[1]!تفاصيل_الفرق[مدينة منظفة],TRIM([1]!التسجيل[[#This Row],[المدينة]]),[1]!تفاصيل_الفرق[مجموعة مكتملة],1)>0))+(([1]!التسجيل[[#This Row],[المشاركة تحت 9]]>=1)*(COUNTIFS([1]!تفاصيل_الفرق[الفئة العمرية],"تحت 9",[1]!تفاصيل_الفرق[مدينة منظفة],TRIM([1]!التسجيل[[#This Row],[المدينة]]),[1]!تفاصيل_الفرق[مجموعة مكتملة],1)>0))+(([1]!التسجيل[[#This Row],[المشاركة تحت 7 ]]>=1)*(COUNTIFS([1]!تفاصيل_الفرق[الفئة العمرية],"تحت 7",[1]!تفاصيل_الفرق[مدينة منظفة],TRIM([1]!التسجيل[[#This Row],[المدينة]]),[1]!تفاصيل_الفرق[مجموعة مكتملة],1)>0))+(([1]!التسجيل[[#This Row],[المشاركة تحت 5]]>=1)*(COUNTIFS([1]!تفاصيل_الفرق[الفئة العمرية],"تحت 5",[1]!تفاصيل_الفرق[مدينة منظفة],TRIM([1]!التسجيل[[#This Row],[المدينة]]),[1]!تفاصيل_الفرق[مجموعة مكتملة],1)>0))=0,"نعم","لا")) | S82: نعم
A83: =1+A82 | B83: نجوم الاحساء | C83: عبدالاله العيسى | D83: 504855301 | E83: لايوجد | F83: هواة | G83: الشرقية | H83: الأحساء | I83: الأحساء | J83: 1 | K83: 1 | L83: 1 | M83: 1 | N83: 1 | O83: 0 | P83: 0 | Q83: =IF(SUM([1]!التسجيل[[#This Row],[المشاركة تحت 14]],[1]!التسجيل[[#This Row],[المشاركة تحت 13]],[1]!التسجيل[[#This Row],[المشاركة تحت 12]],[1]!التسجيل[[#This Row],[المشاركة تحت 11]],[1]!التسجيل[[#This Row],[المشاركة تحت 9]],[1]!التسجيل[[#This Row],[المشاركة تحت 7 ]],[1]!التسجيل[[#This Row],[المشاركة تحت 5]])=0,"لا يوجد تسجيل",IF((([1]!التسجيل[[#This Row],[المشاركة تحت 14]]>=1)*(COUNTIFS([1]!تفاصيل_الفرق[الفئة العمرية],"تحت 14",[1]!تفاصيل_الفرق[مدينة منظفة],TRIM([1]!التسجيل[[#This Row],[المدينة]]),[1]!تفاصيل_الفرق[مجموعة مكتملة],1)>0))+(([1]!التسجيل[[#This Row],[المشاركة تحت 13]]>=1)*(COUNTIFS([1]!تفاصيل_الفرق[الفئة العمرية],"تحت 13",[1]!تفاصيل_الفرق[مدينة منظفة],TRIM([1]!التسجيل[[#This Row],[المدينة]]),[1]!تفاصيل_الفرق[مجموعة مكتملة],1)>0))+(([1]!التسجيل[[#This Row],[المشاركة تحت 12]]>=1)*(COUNTIFS([1]!تفاصيل_الفرق[الفئة العمرية],"تحت 12",[1]!تفاصيل_الفرق[مدينة منظفة],TRIM([1]!التسجيل[[#This Row],[المدينة]]),[1]!تفاصيل_الفرق[مجموعة مكتملة],1)>0))+(([1]!التسجيل[[#This Row],[المشاركة تحت 11]]>=1)*(COUNTIFS([1]!تفاصيل_الفرق[الفئة العمرية],"تحت 11",[1]!تفاصيل_الفرق[مدينة منظفة],TRIM([1]!التسجيل[[#This Row],[المدينة]]),[1]!تفاصيل_الفرق[مجموعة مكتملة],1)>0))+(([1]!التسجيل[[#This Row],[المشاركة تحت 9]]>=1)*(COUNTIFS([1]!تفاصيل_الفرق[الفئة العمرية],"تحت 9",[1]!تفاصيل_الفرق[مدينة منظفة],TRIM([1]!التسجيل[[#This Row],[المدينة]]),[1]!تفاصيل_الفرق[مجموعة مكتملة],1)>0))+(([1]!التسجيل[[#This Row],[المشاركة تحت 7 ]]>=1)*(COUNTIFS([1]!تفاصيل_الفرق[الفئة العمرية],"تحت 7",[1]!تفاصيل_الفرق[مدينة منظفة],TRIM([1]!التسجيل[[#This Row],[المدينة]]),[1]!تفاصيل_الفرق[مجموعة مكتملة],1)>0))+(([1]!التسجيل[[#This Row],[المشاركة تحت 5]]>=1)*(COUNTIFS([1]!تفاصيل_الفرق[الفئة العمرية],"تحت 5",[1]!تفاصيل_الفرق[مدينة منظفة],TRIM([1]!التسجيل[[#This Row],[المدينة]]),[1]!تفاصيل_الفرق[مجموعة مكتملة],1)>0))=0,"نعم","لا")) | S83: نعم
A84: =1+A83 | B84: الوطن الاحساء | C84: عبدالعزيز السلمان | D84: 505929798 | E84: لايوجد | F84: هواة | G84: الشرقية | H84: الأحساء | I84: الأحساء | J84: 1 | K84: 1 | L84: 1 | M84: 1 | N84: 0 | O84: 0 | P84: 0 | Q84: =IF(SUM([1]!التسجيل[[#This Row],[المشاركة تحت 14]],[1]!التسجيل[[#This Row],[المشاركة تحت 13]],[1]!التسجيل[[#This Row],[المشاركة تحت 12]],[1]!التسجيل[[#This Row],[المشاركة تحت 11]],[1]!التسجيل[[#This Row],[المشاركة تحت 9]],[1]!التسجيل[[#This Row],[المشاركة تحت 7 ]],[1]!التسجيل[[#This Row],[المشاركة تحت 5]])=0,"لا يوجد تسجيل",IF((([1]!التسجيل[[#This Row],[المشاركة تحت 14]]>=1)*(COUNTIFS([1]!تفاصيل_الفرق[الفئة العمرية],"تحت 14",[1]!تفاصيل_الفرق[مدينة منظفة],TRIM([1]!التسجيل[[#This Row],[المدينة]]),[1]!تفاصيل_الفرق[مجموعة مكتملة],1)>0))+(([1]!التسجيل[[#This Row],[المشاركة تحت 13]]>=1)*(COUNTIFS([1]!تفاصيل_الفرق[الفئة العمرية],"تحت 13",[1]!تفاصيل_الفرق[مدينة منظفة],TRIM([1]!التسجيل[[#This Row],[المدينة]]),[1]!تفاصيل_الفرق[مجموعة مكتملة],1)>0))+(([1]!التسجيل[[#This Row],[المشاركة تحت 12]]>=1)*(COUNTIFS([1]!تفاصيل_الفرق[الفئة العمرية],"تحت 12",[1]!تفاصيل_الفرق[مدينة منظفة],TRIM([1]!التسجيل[[#This Row],[المدينة]]),[1]!تفاصيل_الفرق[مجموعة مكتملة],1)>0))+(([1]!التسجيل[[#This Row],[المشاركة تحت 11]]>=1)*(COUNTIFS([1]!تفاصيل_الفرق[الفئة العمرية],"تحت 11",[1]!تفاصيل_الفرق[مدينة منظفة],TRIM([1]!التسجيل[[#This Row],[المدينة]]),[1]!تفاصيل_الفرق[مجموعة مكتملة],1)>0))+(([1]!التسجيل[[#This Row],[المشاركة تحت 9]]>=1)*(COUNTIFS([1]!تفاصيل_الفرق[الفئة العمرية],"تحت 9",[1]!تفاصيل_الفرق[مدينة منظفة],TRIM([1]!التسجيل[[#This Row],[المدينة]]),[1]!تفاصيل_الفرق[مجموعة مكتملة],1)>0))+(([1]!التسجيل[[#This Row],[المشاركة تحت 7 ]]>=1)*(COUNTIFS([1]!تفاصيل_الفرق[الفئة العمرية],"تحت 7",[1]!تفاصيل_الفرق[مدينة منظفة],TRIM([1]!التسجيل[[#This Row],[المدينة]]),[1]!تفاصيل_الفرق[مجموعة مكتملة],1)>0))+(([1]!التسجيل[[#This Row],[المشاركة تحت 5]]>=1)*(COUNTIFS([1]!تفاصيل_الفرق[الفئة العمرية],"تحت 5",[1]!تفاصيل_الفرق[مدينة منظفة],TRIM([1]!التسجيل[[#This Row],[المدينة]]),[1]!تفاصيل_الفرق[مجموعة مكتملة],1)>0))=0,"نعم","لا")) | S84: نعم
A85: =1+A84 | B85: الطليعة | C85: علي الفرج | D85: 540795210 | E85: لايوجد | F85: هواة | G85: الشرقية | H85: الأحساء | I85: الأحساء | J85: 1 | K85: 1 | L85: 0 | M85: 1 | N85: 0 | O85: 0 | P85: 0 | Q85: =IF(SUM([1]!التسجيل[[#This Row],[المشاركة تحت 14]],[1]!التسجيل[[#This Row],[المشاركة تحت 13]],[1]!التسجيل[[#This Row],[المشاركة تحت 12]],[1]!التسجيل[[#This Row],[المشاركة تحت 11]],[1]!التسجيل[[#This Row],[المشاركة تحت 9]],[1]!التسجيل[[#This Row],[المشاركة تحت 7 ]],[1]!التسجيل[[#This Row],[المشاركة تحت 5]])=0,"لا يوجد تسجيل",IF((([1]!التسجيل[[#This Row],[المشاركة تحت 14]]>=1)*(COUNTIFS([1]!تفاصيل_الفرق[الفئة العمرية],"تحت 14",[1]!تفاصيل_الفرق[مدينة منظفة],TRIM([1]!التسجيل[[#This Row],[المدينة]]),[1]!تفاصيل_الفرق[مجموعة مكتملة],1)>0))+(([1]!التسجيل[[#This Row],[المشاركة تحت 13]]>=1)*(COUNTIFS([1]!تفاصيل_الفرق[الفئة العمرية],"تحت 13",[1]!تفاصيل_الفرق[مدينة منظفة],TRIM([1]!التسجيل[[#This Row],[المدينة]]),[1]!تفاصيل_الفرق[مجموعة مكتملة],1)>0))+(([1]!التسجيل[[#This Row],[المشاركة تحت 12]]>=1)*(COUNTIFS([1]!تفاصيل_الفرق[الفئة العمرية],"تحت 12",[1]!تفاصيل_الفرق[مدينة منظفة],TRIM([1]!التسجيل[[#This Row],[المدينة]]),[1]!تفاصيل_الفرق[مجموعة مكتملة],1)>0))+(([1]!التسجيل[[#This Row],[المشاركة تحت 11]]>=1)*(COUNTIFS([1]!تفاصيل_الفرق[الفئة العمرية],"تحت 11",[1]!تفاصيل_الفرق[مدينة منظفة],TRIM([1]!التسجيل[[#This Row],[المدينة]]),[1]!تفاصيل_الفرق[مجموعة مكتملة],1)>0))+(([1]!التسجيل[[#This Row],[المشاركة تحت 9]]>=1)*(COUNTIFS([1]!تفاصيل_الفرق[الفئة العمرية],"تحت 9",[1]!تفاصيل_الفرق[مدينة منظفة],TRIM([1]!التسجيل[[#This Row],[المدينة]]),[1]!تفاصيل_الفرق[مجموعة مكتملة],1)>0))+(([1]!التسجيل[[#This Row],[المشاركة تحت 7 ]]>=1)*(COUNTIFS([1]!تفاصيل_الفرق[الفئة العمرية],"تحت 7",[1]!تفاصيل_الفرق[مدينة منظفة],TRIM([1]!التسجيل[[#This Row],[المدينة]]),[1]!تفاصيل_الفرق[مجموعة مكتملة],1)>0))+(([1]!التسجيل[[#This Row],[المشاركة تحت 5]]>=1)*(COUNTIFS([1]!تفاصيل_الفرق[الفئة العمرية],"تحت 5",[1]!تفاصيل_الفرق[مدينة منظفة],TRIM([1]!التسجيل[[#This Row],[المدينة]]),[1]!تفاصيل_الفرق[مجموعة مكتملة],1)>0))=0,"نعم","لا")) | S85: نعم
A86: =1+A85 | B86: الضحى | C86: محمد العبيدان | D86: 544474405 | E86: لايوجد | F86: هواة | G86: الشرقية | H86: الأحساء | I86: الأحساء | J86: 1 | K86: 1 | L86: 1 | M86: 1 | N86: 0 | O86: 0 | P86: 0 | Q86: =IF(SUM([1]!التسجيل[[#This Row],[المشاركة تحت 14]],[1]!التسجيل[[#This Row],[المشاركة تحت 13]],[1]!التسجيل[[#This Row],[المشاركة تحت 12]],[1]!التسجيل[[#This Row],[المشاركة تحت 11]],[1]!التسجيل[[#This Row],[المشاركة تحت 9]],[1]!التسجيل[[#This Row],[المشاركة تحت 7 ]],[1]!التسجيل[[#This Row],[المشاركة تحت 5]])=0,"لا يوجد تسجيل",IF((([1]!التسجيل[[#This Row],[المشاركة تحت 14]]>=1)*(COUNTIFS([1]!تفاصيل_الفرق[الفئة العمرية],"تحت 14",[1]!تفاصيل_الفرق[مدينة منظفة],TRIM([1]!التسجيل[[#This Row],[المدينة]]),[1]!تفاصيل_الفرق[مجموعة مكتملة],1)>0))+(([1]!التسجيل[[#This Row],[المشاركة تحت 13]]>=1)*(COUNTIFS([1]!تفاصيل_الفرق[الفئة العمرية],"تحت 13",[1]!تفاصيل_الفرق[مدينة منظفة],TRIM([1]!التسجيل[[#This Row],[المدينة]]),[1]!تفاصيل_الفرق[مجموعة مكتملة],1)>0))+(([1]!التسجيل[[#This Row],[المشاركة تحت 12]]>=1)*(COUNTIFS([1]!تفاصيل_الفرق[الفئة العمرية],"تحت 12",[1]!تفاصيل_الفرق[مدينة منظفة],TRIM([1]!التسجيل[[#This Row],[المدينة]]),[1]!تفاصيل_الفرق[مجموعة مكتملة],1)>0))+(([1]!التسجيل[[#This Row],[المشاركة تحت 11]]>=1)*(COUNTIFS([1]!تفاصيل_الفرق[الفئة العمرية],"تحت 11",[1]!تفاصيل_الفرق[مدينة منظفة],TRIM([1]!التسجيل[[#This Row],[المدينة]]),[1]!تفاصيل_الفرق[مجموعة مكتملة],1)>0))+(([1]!التسجيل[[#This Row],[المشاركة تحت 9]]>=1)*(COUNTIFS([1]!تفاصيل_الفرق[الفئة العمرية],"تحت 9",[1]!تفاصيل_الفرق[مدينة منظفة],TRIM([1]!التسجيل[[#This Row],[المدينة]]),[1]!تفاصيل_الفرق[مجموعة مكتملة],1)>0))+(([1]!التسجيل[[#This Row],[المشاركة تحت 7 ]]>=1)*(COUNTIFS([1]!تفاصيل_الفرق[الفئة العمرية],"تحت 7",[1]!تفاصيل_الفرق[مدينة منظفة],TRIM([1]!التسجيل[[#This Row],[المدينة]]),[1]!تفاصيل_الفرق[مجموعة مكتملة],1)>0))+(([1]!التسجيل[[#This Row],[المشاركة تحت 5]]>=1)*(COUNTIFS([1]!تفاصيل_الفرق[الفئة العمرية],"تحت 5",[1]!تفاصيل_الفرق[مدينة منظفة],TRIM([1]!التسجيل[[#This Row],[المدينة]]),[1]!تفاصيل_الفرق[مجموعة مكتملة],1)>0))=0,"نعم","لا")) | S86: نعم
A87: =1+A86 | B87: مواهب رماح | C87: ناصر جحيان | D87: 503118340 | E87: لايوجد | F87: هواة | G87: الرياض | H87: الرياض | I87: الرياض | J87: 1 | K87: 0 | L87: 0 | M87: 0 | N87: 0 | O87: 0 | P87: 0 | Q87: =IF(SUM([1]!التسجيل[[#This Row],[المشاركة تحت 14]],[1]!التسجيل[[#This Row],[المشاركة تحت 13]],[1]!التسجيل[[#This Row],[المشاركة تحت 12]],[1]!التسجيل[[#This Row],[المشاركة تحت 11]],[1]!التسجيل[[#This Row],[المشاركة تحت 9]],[1]!التسجيل[[#This Row],[المشاركة تحت 7 ]],[1]!التسجيل[[#This Row],[المشاركة تحت 5]])=0,"لا يوجد تسجيل",IF((([1]!التسجيل[[#This Row],[المشاركة تحت 14]]>=1)*(COUNTIFS([1]!تفاصيل_الفرق[الفئة العمرية],"تحت 14",[1]!تفاصيل_الفرق[مدينة منظفة],TRIM([1]!التسجيل[[#This Row],[المدينة]]),[1]!تفاصيل_الفرق[مجموعة مكتملة],1)>0))+(([1]!التسجيل[[#This Row],[المشاركة تحت 13]]>=1)*(COUNTIFS([1]!تفاصيل_الفرق[الفئة العمرية],"تحت 13",[1]!تفاصيل_الفرق[مدينة منظفة],TRIM([1]!التسجيل[[#This Row],[المدينة]]),[1]!تفاصيل_الفرق[مجموعة مكتملة],1)>0))+(([1]!التسجيل[[#This Row],[المشاركة تحت 12]]>=1)*(COUNTIFS([1]!تفاصيل_الفرق[الفئة العمرية],"تحت 12",[1]!تفاصيل_الفرق[مدينة منظفة],TRIM([1]!التسجيل[[#This Row],[المدينة]]),[1]!تفاصيل_الفرق[مجموعة مكتملة],1)>0))+(([1]!التسجيل[[#This Row],[المشاركة تحت 11]]>=1)*(COUNTIFS([1]!تفاصيل_الفرق[الفئة العمرية],"تحت 11",[1]!تفاصيل_الفرق[مدينة منظفة],TRIM([1]!التسجيل[[#This Row],[المدينة]]),[1]!تفاصيل_الفرق[مجموعة مكتملة],1)>0))+(([1]!التسجيل[[#This Row],[المشاركة تحت 9]]>=1)*(COUNTIFS([1]!تفاصيل_الفرق[الفئة العمرية],"تحت 9",[1]!تفاصيل_الفرق[مدينة منظفة],TRIM([1]!التسجيل[[#This Row],[المدينة]]),[1]!تفاصيل_الفرق[مجموعة مكتملة],1)>0))+(([1]!التسجيل[[#This Row],[المشاركة تحت 7 ]]>=1)*(COUNTIFS([1]!تفاصيل_الفرق[الفئة العمرية],"تحت 7",[1]!تفاصيل_الفرق[مدينة منظفة],TRIM([1]!التسجيل[[#This Row],[المدينة]]),[1]!تفاصيل_الفرق[مجموعة مكتملة],1)>0))+(([1]!التسجيل[[#This Row],[المشاركة تحت 5]]>=1)*(COUNTIFS([1]!تفاصيل_الفرق[الفئة العمرية],"تحت 5",[1]!تفاصيل_الفرق[مدينة منظفة],TRIM([1]!التسجيل[[#This Row],[المدينة]]),[1]!تفاصيل_الفرق[مجموعة مكتملة],1)>0))=0,"نعم","لا")) | R87: لم يتم السداد | S87: نعم
A88: =1+A87 | B88: العاصمة البيضاء | C88: نايف الحساني | D88: 555519604 | E88: لايوجد | F88: هواة | G88: مكة المكرمة | H88: مكة المكرمة | I88: مكة المكرمة | J88: 1 | K88: 1 | L88: 1 | M88: 1 | N88: 1 | O88: 1 | P88: 1 | Q88: =IF(SUM([1]!التسجيل[[#This Row],[المشاركة تحت 14]],[1]!التسجيل[[#This Row],[المشاركة تحت 13]],[1]!التسجيل[[#This Row],[المشاركة تحت 12]],[1]!التسجيل[[#This Row],[المشاركة تحت 11]],[1]!التسجيل[[#This Row],[المشاركة تحت 9]],[1]!التسجيل[[#This Row],[المشاركة تحت 7 ]],[1]!التسجيل[[#This Row],[المشاركة تحت 5]])=0,"لا يوجد تسجيل",IF((([1]!التسجيل[[#This Row],[المشاركة تحت 14]]>=1)*(COUNTIFS([1]!تفاصيل_الفرق[الفئة العمرية],"تحت 14",[1]!تفاصيل_الفرق[مدينة منظفة],TRIM([1]!التسجيل[[#This Row],[المدينة]]),[1]!تفاصيل_الفرق[مجموعة مكتملة],1)>0))+(([1]!التسجيل[[#This Row],[المشاركة تحت 13]]>=1)*(COUNTIFS([1]!تفاصيل_الفرق[الفئة العمرية],"تحت 13",[1]!تفاصيل_الفرق[مدينة منظفة],TRIM([1]!التسجيل[[#This Row],[المدينة]]),[1]!تفاصيل_الفرق[مجموعة مكتملة],1)>0))+(([1]!التسجيل[[#This Row],[المشاركة تحت 12]]>=1)*(COUNTIFS([1]!تفاصيل_الفرق[الفئة العمرية],"تحت 12",[1]!تفاصيل_الفرق[مدينة منظفة],TRIM([1]!التسجيل[[#This Row],[المدينة]]),[1]!تفاصيل_الفرق[مجموعة مكتملة],1)>0))+(([1]!التسجيل[[#This Row],[المشاركة تحت 11]]>=1)*(COUNTIFS([1]!تفاصيل_الفرق[الفئة العمرية],"تحت 11",[1]!تفاصيل_الفرق[مدينة منظفة],TRIM([1]!التسجيل[[#This Row],[المدينة]]),[1]!تفاصيل_الفرق[مجموعة مكتملة],1)>0))+(([1]!التسجيل[[#This Row],[المشاركة تحت 9]]>=1)*(COUNTIFS([1]!تفاصيل_الفرق[الفئة العمرية],"تحت 9",[1]!تفاصيل_الفرق[مدينة منظفة],TRIM([1]!التسجيل[[#This Row],[المدينة]]),[1]!تفاصيل_الفرق[مجموعة مكتملة],1)>0))+(([1]!التسجيل[[#This Row],[المشاركة تحت 7 ]]>=1)*(COUNTIFS([1]!تفاصيل_الفرق[الفئة العمرية],"تحت 7",[1]!تفاصيل_الفرق[مدينة منظفة],TRIM([1]!التسجيل[[#This Row],[المدينة]]),[1]!تفاصيل_الفرق[مجموعة مكتملة],1)>0))+(([1]!التسجيل[[#This Row],[المشاركة تحت 5]]>=1)*(COUNTIFS([1]!تفاصيل_الفرق[الفئة العمرية],"تحت 5",[1]!تفاصيل_الفرق[مدينة منظفة],TRIM([1]!التسجيل[[#This Row],[المدينة]]),[1]!تفاصيل_الفرق[مجموعة مكتملة],1)>0))=0,"نعم","لا")) | S88: نعم
A89: =1+A88 | B89: انوار الفضول | C89: ناجي العبدالرضا | D89: 504921358 | E89: لايوجد | F89: هواة | G89: الشرقية | H89: الأحساء | I89: الأحساء | J89: 1 | K89: 1 | L89: 0 | M89: 0 | N89: 0 | O89: 0 | P89: 0 | Q89: =IF(SUM([1]!التسجيل[[#This Row],[المشاركة تحت 14]],[1]!التسجيل[[#This Row],[المشاركة تحت 13]],[1]!التسجيل[[#This Row],[المشاركة تحت 12]],[1]!التسجيل[[#This Row],[المشاركة تحت 11]],[1]!التسجيل[[#This Row],[المشاركة تحت 9]],[1]!التسجيل[[#This Row],[المشاركة تحت 7 ]],[1]!التسجيل[[#This Row],[المشاركة تحت 5]])=0,"لا يوجد تسجيل",IF((([1]!التسجيل[[#This Row],[المشاركة تحت 14]]>=1)*(COUNTIFS([1]!تفاصيل_الفرق[الفئة العمرية],"تحت 14",[1]!تفاصيل_الفرق[مدينة منظفة],TRIM([1]!التسجيل[[#This Row],[المدينة]]),[1]!تفاصيل_الفرق[مجموعة مكتملة],1)>0))+(([1]!التسجيل[[#This Row],[المشاركة تحت 13]]>=1)*(COUNTIFS([1]!تفاصيل_الفرق[الفئة العمرية],"تحت 13",[1]!تفاصيل_الفرق[مدينة منظفة],TRIM([1]!التسجيل[[#This Row],[المدينة]]),[1]!تفاصيل_الفرق[مجموعة مكتملة],1)>0))+(([1]!التسجيل[[#This Row],[المشاركة تحت 12]]>=1)*(COUNTIFS([1]!تفاصيل_الفرق[الفئة العمرية],"تحت 12",[1]!تفاصيل_الفرق[مدينة منظفة],TRIM([1]!التسجيل[[#This Row],[المدينة]]),[1]!تفاصيل_الفرق[مجموعة مكتملة],1)>0))+(([1]!التسجيل[[#This Row],[المشاركة تحت 11]]>=1)*(COUNTIFS([1]!تفاصيل_الفرق[الفئة العمرية],"تحت 11",[1]!تفاصيل_الفرق[مدينة منظفة],TRIM([1]!التسجيل[[#This Row],[المدينة]]),[1]!تفاصيل_الفرق[مجموعة مكتملة],1)>0))+(([1]!التسجيل[[#This Row],[المشاركة تحت 9]]>=1)*(COUNTIFS([1]!تفاصيل_الفرق[الفئة العمرية],"تحت 9",[1]!تفاصيل_الفرق[مدينة منظفة],TRIM([1]!التسجيل[[#This Row],[المدينة]]),[1]!تفاصيل_الفرق[مجموعة مكتملة],1)>0))+(([1]!التسجيل[[#This Row],[المشاركة تحت 7 ]]>=1)*(COUNTIFS([1]!تفاصيل_الفرق[الفئة العمرية],"تحت 7",[1]!تفاصيل_الفرق[مدينة منظفة],TRIM([1]!التسجيل[[#This Row],[المدينة]]),[1]!تفاصيل_الفرق[مجموعة مكتملة],1)>0))+(([1]!التسجيل[[#This Row],[المشاركة تحت 5]]>=1)*(COUNTIFS([1]!تفاصيل_الفرق[الفئة العمرية],"تحت 5",[1]!تفاصيل_الفرق[مدينة منظفة],TRIM([1]!التسجيل[[#This Row],[المدينة]]),[1]!تفاصيل_الفرق[مجموعة مكتملة],1)>0))=0,"نعم","لا")) | S89: نعم
A90: =1+A89 | B90: الكواسر | C90: منصور العطية | D90: 506924761 | E90: لايوجد | F90: هواة | G90: الشرقية | H90: الأحساء | I90: الأحساء | J90: 1 | K90: 1 | L90: 1 | M90: 1 | N90: 1 | O90: 1 | P90: 1 | Q90: =IF(SUM([1]!التسجيل[[#This Row],[المشاركة تحت 14]],[1]!التسجيل[[#This Row],[المشاركة تحت 13]],[1]!التسجيل[[#This Row],[المشاركة تحت 12]],[1]!التسجيل[[#This Row],[المشاركة تحت 11]],[1]!التسجيل[[#This Row],[المشاركة تحت 9]],[1]!التسجيل[[#This Row],[المشاركة تحت 7 ]],[1]!التسجيل[[#This Row],[المشاركة تحت 5]])=0,"لا يوجد تسجيل",IF((([1]!التسجيل[[#This Row],[المشاركة تحت 14]]>=1)*(COUNTIFS([1]!تفاصيل_الفرق[الفئة العمرية],"تحت 14",[1]!تفاصيل_الفرق[مدينة منظفة],TRIM([1]!التسجيل[[#This Row],[المدينة]]),[1]!تفاصيل_الفرق[مجموعة مكتملة],1)>0))+(([1]!التسجيل[[#This Row],[المشاركة تحت 13]]>=1)*(COUNTIFS([1]!تفاصيل_الفرق[الفئة العمرية],"تحت 13",[1]!تفاصيل_الفرق[مدينة منظفة],TRIM([1]!التسجيل[[#This Row],[المدينة]]),[1]!تفاصيل_الفرق[مجموعة مكتملة],1)>0))+(([1]!التسجيل[[#This Row],[المشاركة تحت 12]]>=1)*(COUNTIFS([1]!تفاصيل_الفرق[الفئة العمرية],"تحت 12",[1]!تفاصيل_الفرق[مدينة منظفة],TRIM([1]!التسجيل[[#This Row],[المدينة]]),[1]!تفاصيل_الفرق[مجموعة مكتملة],1)>0))+(([1]!التسجيل[[#This Row],[المشاركة تحت 11]]>=1)*(COUNTIFS([1]!تفاصيل_الفرق[الفئة العمرية],"تحت 11",[1]!تفاصيل_الفرق[مدينة منظفة],TRIM([1]!التسجيل[[#This Row],[المدينة]]),[1]!تفاصيل_الفرق[مجموعة مكتملة],1)>0))+(([1]!التسجيل[[#This Row],[المشاركة تحت 9]]>=1)*(COUNTIFS([1]!تفاصيل_الفرق[الفئة العمرية],"تحت 9",[1]!تفاصيل_الفرق[مدينة منظفة],TRIM([1]!التسجيل[[#This Row],[المدينة]]),[1]!تفاصيل_الفرق[مجموعة مكتملة],1)>0))+(([1]!التسجيل[[#This Row],[المشاركة تحت 7 ]]>=1)*(COUNTIFS([1]!تفاصيل_الفرق[الفئة العمرية],"تحت 7",[1]!تفاصيل_الفرق[مدينة منظفة],TRIM([1]!التسجيل[[#This Row],[المدينة]]),[1]!تفاصيل_الفرق[مجموعة مكتملة],1)>0))+(([1]!التسجيل[[#This Row],[المشاركة تحت 5]]>=1)*(COUNTIFS([1]!تفاصيل_الفرق[الفئة العمرية],"تحت 5",[1]!تفاصيل_الفرق[مدينة منظفة],TRIM([1]!التسجيل[[#This Row],[المدينة]]),[1]!تفاصيل_الفرق[مجموعة مكتملة],1)>0))=0,"نعم","لا")) | S90: نعم
A91: =1+A90 | B91: ريف جواثا | C91: لافي المرفوعي | D91: 555903375 | E91: لايوجد | F91: هواة | G91: الشرقية | H91: الأحساء | I91: الأحساء | J91: 1 | K91: 1 | L91: 1 | M91: 1 | N91: 1 | O91: 0 | P91: 0 | Q91: =IF(SUM([1]!التسجيل[[#This Row],[المشاركة تحت 14]],[1]!التسجيل[[#This Row],[المشاركة تحت 13]],[1]!التسجيل[[#This Row],[المشاركة تحت 12]],[1]!التسجيل[[#This Row],[المشاركة تحت 11]],[1]!التسجيل[[#This Row],[المشاركة تحت 9]],[1]!التسجيل[[#This Row],[المشاركة تحت 7 ]],[1]!التسجيل[[#This Row],[المشاركة تحت 5]])=0,"لا يوجد تسجيل",IF((([1]!التسجيل[[#This Row],[المشاركة تحت 14]]>=1)*(COUNTIFS([1]!تفاصيل_الفرق[الفئة العمرية],"تحت 14",[1]!تفاصيل_الفرق[مدينة منظفة],TRIM([1]!التسجيل[[#This Row],[المدينة]]),[1]!تفاصيل_الفرق[مجموعة مكتملة],1)>0))+(([1]!التسجيل[[#This Row],[المشاركة تحت 13]]>=1)*(COUNTIFS([1]!تفاصيل_الفرق[الفئة العمرية],"تحت 13",[1]!تفاصيل_الفرق[مدينة منظفة],TRIM([1]!التسجيل[[#This Row],[المدينة]]),[1]!تفاصيل_الفرق[مجموعة مكتملة],1)>0))+(([1]!التسجيل[[#This Row],[المشاركة تحت 12]]>=1)*(COUNTIFS([1]!تفاصيل_الفرق[الفئة العمرية],"تحت 12",[1]!تفاصيل_الفرق[مدينة منظفة],TRIM([1]!التسجيل[[#This Row],[المدينة]]),[1]!تفاصيل_الفرق[مجموعة مكتملة],1)>0))+(([1]!التسجيل[[#This Row],[المشاركة تحت 11]]>=1)*(COUNTIFS([1]!تفاصيل_الفرق[الفئة العمرية],"تحت 11",[1]!تفاصيل_الفرق[مدينة منظفة],TRIM([1]!التسجيل[[#This Row],[المدينة]]),[1]!تفاصيل_الفرق[مجموعة مكتملة],1)>0))+(([1]!التسجيل[[#This Row],[المشاركة تحت 9]]>=1)*(COUNTIFS([1]!تفاصيل_الفرق[الفئة العمرية],"تحت 9",[1]!تفاصيل_الفرق[مدينة منظفة],TRIM([1]!التسجيل[[#This Row],[المدينة]]),[1]!تفاصيل_الفرق[مجموعة مكتملة],1)>0))+(([1]!التسجيل[[#This Row],[المشاركة تحت 7 ]]>=1)*(COUNTIFS([1]!تفاصيل_الفرق[الفئة العمرية],"تحت 7",[1]!تفاصيل_الفرق[مدينة منظفة],TRIM([1]!التسجيل[[#This Row],[المدينة]]),[1]!تفاصيل_الفرق[مجموعة مكتملة],1)>0))+(([1]!التسجيل[[#This Row],[المشاركة تحت 5]]>=1)*(COUNTIFS([1]!تفاصيل_الفرق[الفئة العمرية],"تحت 5",[1]!تفاصيل_الفرق[مدينة منظفة],TRIM([1]!التسجيل[[#This Row],[المدينة]]),[1]!تفاصيل_الفرق[مجموعة مكتملة],1)>0))=0,"نعم","لا")) | S91: نعم
A92: =1+A91 | B92: ون فاير | C92: يوسف المطيري | D92: 565503931 | E92: لايوجد | F92: هواة | G92: الرياض | H92: الرياض | I92: الرياض | J92: 1 | K92: 1 | L92: 1 | M92: 1 | N92: 0 | O92: 0 | P92: 0 | Q92: =IF(SUM([1]!التسجيل[[#This Row],[المشاركة تحت 14]],[1]!التسجيل[[#This Row],[المشاركة تحت 13]],[1]!التسجيل[[#This Row],[المشاركة تحت 12]],[1]!التسجيل[[#This Row],[المشاركة تحت 11]],[1]!التسجيل[[#This Row],[المشاركة تحت 9]],[1]!التسجيل[[#This Row],[المشاركة تحت 7 ]],[1]!التسجيل[[#This Row],[المشاركة تحت 5]])=0,"لا يوجد تسجيل",IF((([1]!التسجيل[[#This Row],[المشاركة تحت 14]]>=1)*(COUNTIFS([1]!تفاصيل_الفرق[الفئة العمرية],"تحت 14",[1]!تفاصيل_الفرق[مدينة منظفة],TRIM([1]!التسجيل[[#This Row],[المدينة]]),[1]!تفاصيل_الفرق[مجموعة مكتملة],1)>0))+(([1]!التسجيل[[#This Row],[المشاركة تحت 13]]>=1)*(COUNTIFS([1]!تفاصيل_الفرق[الفئة العمرية],"تحت 13",[1]!تفاصيل_الفرق[مدينة منظفة],TRIM([1]!التسجيل[[#This Row],[المدينة]]),[1]!تفاصيل_الفرق[مجموعة مكتملة],1)>0))+(([1]!التسجيل[[#This Row],[المشاركة تحت 12]]>=1)*(COUNTIFS([1]!تفاصيل_الفرق[الفئة العمرية],"تحت 12",[1]!تفاصيل_الفرق[مدينة منظفة],TRIM([1]!التسجيل[[#This Row],[المدينة]]),[1]!تفاصيل_الفرق[مجموعة مكتملة],1)>0))+(([1]!التسجيل[[#This Row],[المشاركة تحت 11]]>=1)*(COUNTIFS([1]!تفاصيل_الفرق[الفئة العمرية],"تحت 11",[1]!تفاصيل_الفرق[مدينة منظفة],TRIM([1]!التسجيل[[#This Row],[المدينة]]),[1]!تفاصيل_الفرق[مجموعة مكتملة],1)>0))+(([1]!التسجيل[[#This Row],[المشاركة تحت 9]]>=1)*(COUNTIFS([1]!تفاصيل_الفرق[الفئة العمرية],"تحت 9",[1]!تفاصيل_الفرق[مدينة منظفة],TRIM([1]!التسجيل[[#This Row],[المدينة]]),[1]!تفاصيل_الفرق[مجموعة مكتملة],1)>0))+(([1]!التسجيل[[#This Row],[المشاركة تحت 7 ]]>=1)*(COUNTIFS([1]!تفاصيل_الفرق[الفئة العمرية],"تحت 7",[1]!تفاصيل_الفرق[مدينة منظفة],TRIM([1]!التسجيل[[#This Row],[المدينة]]),[1]!تفاصيل_الفرق[مجموعة مكتملة],1)>0))+(([1]!التسجيل[[#This Row],[المشاركة تحت 5]]>=1)*(COUNTIFS([1]!تفاصيل_الفرق[الفئة العمرية],"تحت 5",[1]!تفاصيل_الفرق[مدينة منظفة],TRIM([1]!التسجيل[[#This Row],[المدينة]]),[1]!تفاصيل_الفرق[مجموعة مكتملة],1)>0))=0,"نعم","لا")) | R92: لم يتم السداد | S92: نعم
A93: =1+A92 | B93: الوسام | C93: يحيي علي علي | D93: 966506745595 | E93: لايوجد | F93: هواة | G93: جازان | H93: أحد المسارحة | I93: جازان | J93: 1 | K93: 1 | L93: 1 | M93: 1 | N93: 1 | O93: 1 | P93: 1 | Q93: =IF(SUM([1]!التسجيل[[#This Row],[المشاركة تحت 14]],[1]!التسجيل[[#This Row],[المشاركة تحت 13]],[1]!التسجيل[[#This Row],[المشاركة تحت 12]],[1]!التسجيل[[#This Row],[المشاركة تحت 11]],[1]!التسجيل[[#This Row],[المشاركة تحت 9]],[1]!التسجيل[[#This Row],[المشاركة تحت 7 ]],[1]!التسجيل[[#This Row],[المشاركة تحت 5]])=0,"لا يوجد تسجيل",IF((([1]!التسجيل[[#This Row],[المشاركة تحت 14]]>=1)*(COUNTIFS([1]!تفاصيل_الفرق[الفئة العمرية],"تحت 14",[1]!تفاصيل_الفرق[مدينة منظفة],TRIM([1]!التسجيل[[#This Row],[المدينة]]),[1]!تفاصيل_الفرق[مجموعة مكتملة],1)>0))+(([1]!التسجيل[[#This Row],[المشاركة تحت 13]]>=1)*(COUNTIFS([1]!تفاصيل_الفرق[الفئة العمرية],"تحت 13",[1]!تفاصيل_الفرق[مدينة منظفة],TRIM([1]!التسجيل[[#This Row],[المدينة]]),[1]!تفاصيل_الفرق[مجموعة مكتملة],1)>0))+(([1]!التسجيل[[#This Row],[المشاركة تحت 12]]>=1)*(COUNTIFS([1]!تفاصيل_الفرق[الفئة العمرية],"تحت 12",[1]!تفاصيل_الفرق[مدينة منظفة],TRIM([1]!التسجيل[[#This Row],[المدينة]]),[1]!تفاصيل_الفرق[مجموعة مكتملة],1)>0))+(([1]!التسجيل[[#This Row],[المشاركة تحت 11]]>=1)*(COUNTIFS([1]!تفاصيل_الفرق[الفئة العمرية],"تحت 11",[1]!تفاصيل_الفرق[مدينة منظفة],TRIM([1]!التسجيل[[#This Row],[المدينة]]),[1]!تفاصيل_الفرق[مجموعة مكتملة],1)>0))+(([1]!التسجيل[[#This Row],[المشاركة تحت 9]]>=1)*(COUNTIFS([1]!تفاصيل_الفرق[الفئة العمرية],"تحت 9",[1]!تفاصيل_الفرق[مدينة منظفة],TRIM([1]!التسجيل[[#This Row],[المدينة]]),[1]!تفاصيل_الفرق[مجموعة مكتملة],1)>0))+(([1]!التسجيل[[#This Row],[المشاركة تحت 7 ]]>=1)*(COUNTIFS([1]!تفاصيل_الفرق[الفئة العمرية],"تحت 7",[1]!تفاصيل_الفرق[مدينة منظفة],TRIM([1]!التسجيل[[#This Row],[المدينة]]),[1]!تفاصيل_الفرق[مجموعة مكتملة],1)>0))+(([1]!التسجيل[[#This Row],[المشاركة تحت 5]]>=1)*(COUNTIFS([1]!تفاصيل_الفرق[الفئة العمرية],"تحت 5",[1]!تفاصيل_الفرق[مدينة منظفة],TRIM([1]!التسجيل[[#This Row],[المدينة]]),[1]!تفاصيل_الفرق[مجموعة مكتملة],1)>0))=0,"نعم","لا")) | S93: نعم
A94: =1+A93 | B94: خليج الطرف | C94: محمد حسين الفرحان | D94: 966546003311 | E94: لايوجد | F94: هواة | G94: الشرقية | H94: الأحساء | I94: الأحساء | J94: 1 | K94: 1 | L94: 1 | M94: 0 | N94: 1 | O94: 0 | P94: 0 | Q94: =IF(SUM([1]!التسجيل[[#This Row],[المشاركة تحت 14]],[1]!التسجيل[[#This Row],[المشاركة تحت 13]],[1]!التسجيل[[#This Row],[المشاركة تحت 12]],[1]!التسجيل[[#This Row],[المشاركة تحت 11]],[1]!التسجيل[[#This Row],[المشاركة تحت 9]],[1]!التسجيل[[#This Row],[المشاركة تحت 7 ]],[1]!التسجيل[[#This Row],[المشاركة تحت 5]])=0,"لا يوجد تسجيل",IF((([1]!التسجيل[[#This Row],[المشاركة تحت 14]]>=1)*(COUNTIFS([1]!تفاصيل_الفرق[الفئة العمرية],"تحت 14",[1]!تفاصيل_الفرق[مدينة منظفة],TRIM([1]!التسجيل[[#This Row],[المدينة]]),[1]!تفاصيل_الفرق[مجموعة مكتملة],1)>0))+(([1]!التسجيل[[#This Row],[المشاركة تحت 13]]>=1)*(COUNTIFS([1]!تفاصيل_الفرق[الفئة العمرية],"تحت 13",[1]!تفاصيل_الفرق[مدينة منظفة],TRIM([1]!التسجيل[[#This Row],[المدينة]]),[1]!تفاصيل_الفرق[مجموعة مكتملة],1)>0))+(([1]!التسجيل[[#This Row],[المشاركة تحت 12]]>=1)*(COUNTIFS([1]!تفاصيل_الفرق[الفئة العمرية],"تحت 12",[1]!تفاصيل_الفرق[مدينة منظفة],TRIM([1]!التسجيل[[#This Row],[المدينة]]),[1]!تفاصيل_الفرق[مجموعة مكتملة],1)>0))+(([1]!التسجيل[[#This Row],[المشاركة تحت 11]]>=1)*(COUNTIFS([1]!تفاصيل_الفرق[الفئة العمرية],"تحت 11",[1]!تفاصيل_الفرق[مدينة منظفة],TRIM([1]!التسجيل[[#This Row],[المدينة]]),[1]!تفاصيل_الفرق[مجموعة مكتملة],1)>0))+(([1]!التسجيل[[#This Row],[المشاركة تحت 9]]>=1)*(COUNTIFS([1]!تفاصيل_الفرق[الفئة العمرية],"تحت 9",[1]!تفاصيل_الفرق[مدينة منظفة],TRIM([1]!التسجيل[[#This Row],[المدينة]]),[1]!تفاصيل_الفرق[مجموعة مكتملة],1)>0))+(([1]!التسجيل[[#This Row],[المشاركة تحت 7 ]]>=1)*(COUNTIFS([1]!تفاصيل_الفرق[الفئة العمرية],"تحت 7",[1]!تفاصيل_الفرق[مدينة منظفة],TRIM([1]!التسجيل[[#This Row],[المدينة]]),[1]!تفاصيل_الفرق[مجموعة مكتملة],1)>0))+(([1]!التسجيل[[#This Row],[المشاركة تحت 5]]>=1)*(COUNTIFS([1]!تفاصيل_الفرق[الفئة العمرية],"تحت 5",[1]!تفاصيل_الفرق[مدينة منظفة],TRIM([1]!التسجيل[[#This Row],[المدينة]]),[1]!تفاصيل_الفرق[مجموعة مكتملة],1)>0))=0,"نعم","لا")) | S94: نعم
A95: =1+A94 | B95: الوحوش | C95: أحمد يحيى عثمان مغفوري | D95: 966534241659 | E95: لايوجد | F95: هواة | G95: جازان | H95: أحد المسارحة | I95: جازان | J95: 1 | K95: 1 | L95: 1 | M95: 1 | N95: 1 | O95: 1 | P95: 1 | Q95: =IF(SUM([1]!التسجيل[[#This Row],[المشاركة تحت 14]],[1]!التسجيل[[#This Row],[المشاركة تحت 13]],[1]!التسجيل[[#This Row],[المشاركة تحت 12]],[1]!التسجيل[[#This Row],[المشاركة تحت 11]],[1]!التسجيل[[#This Row],[المشاركة تحت 9]],[1]!التسجيل[[#This Row],[المشاركة تحت 7 ]],[1]!التسجيل[[#This Row],[المشاركة تحت 5]])=0,"لا يوجد تسجيل",IF((([1]!التسجيل[[#This Row],[المشاركة تحت 14]]>=1)*(COUNTIFS([1]!تفاصيل_الفرق[الفئة العمرية],"تحت 14",[1]!تفاصيل_الفرق[مدينة منظفة],TRIM([1]!التسجيل[[#This Row],[المدينة]]),[1]!تفاصيل_الفرق[مجموعة مكتملة],1)>0))+(([1]!التسجيل[[#This Row],[المشاركة تحت 13]]>=1)*(COUNTIFS([1]!تفاصيل_الفرق[الفئة العمرية],"تحت 13",[1]!تفاصيل_الفرق[مدينة منظفة],TRIM([1]!التسجيل[[#This Row],[المدينة]]),[1]!تفاصيل_الفرق[مجموعة مكتملة],1)>0))+(([1]!التسجيل[[#This Row],[المشاركة تحت 12]]>=1)*(COUNTIFS([1]!تفاصيل_الفرق[الفئة العمرية],"تحت 12",[1]!تفاصيل_الفرق[مدينة منظفة],TRIM([1]!التسجيل[[#This Row],[المدينة]]),[1]!تفاصيل_الفرق[مجموعة مكتملة],1)>0))+(([1]!التسجيل[[#This Row],[المشاركة تحت 11]]>=1)*(COUNTIFS([1]!تفاصيل_الفرق[الفئة العمرية],"تحت 11",[1]!تفاصيل_الفرق[مدينة منظفة],TRIM([1]!التسجيل[[#This Row],[المدينة]]),[1]!تفاصيل_الفرق[مجموعة مكتملة],1)>0))+(([1]!التسجيل[[#This Row],[المشاركة تحت 9]]>=1)*(COUNTIFS([1]!تفاصيل_الفرق[الفئة العمرية],"تحت 9",[1]!تفاصيل_الفرق[مدينة منظفة],TRIM([1]!التسجيل[[#This Row],[المدينة]]),[1]!تفاصيل_الفرق[مجموعة مكتملة],1)>0))+(([1]!التسجيل[[#This Row],[المشاركة تحت 7 ]]>=1)*(COUNTIFS([1]!تفاصيل_الفرق[الفئة العمرية],"تحت 7",[1]!تفاصيل_الفرق[مدينة منظفة],TRIM([1]!التسجيل[[#This Row],[المدينة]]),[1]!تفاصيل_الفرق[مجموعة مكتملة],1)>0))+(([1]!التسجيل[[#This Row],[المشاركة تحت 5]]>=1)*(COUNTIFS([1]!تفاصيل_الفرق[الفئة العمرية],"تحت 5",[1]!تفاصيل_الفرق[مدينة منظفة],TRIM([1]!التسجيل[[#This Row],[المدينة]]),[1]!تفاصيل_الفرق[مجموعة مكتملة],1)>0))=0,"نعم","لا")) | S95: نعم
A96: =1+A95 | B96: النور بالبطالية | C96: حسن محمد | D96: 559469682 | E96: لايوجد | F96: هواة | G96: الشرقية | H96: الأحساء | I96: الأحساء | J96: 0 | K96: 1 | L96: 1 | M96: 1 | N96: 0 | O96: 0 | P96: 0 | Q96: =IF(SUM([1]!التسجيل[[#This Row],[المشاركة تحت 14]],[1]!التسجيل[[#This Row],[المشاركة تحت 13]],[1]!التسجيل[[#This Row],[المشاركة تحت 12]],[1]!التسجيل[[#This Row],[المشاركة تحت 11]],[1]!التسجيل[[#This Row],[المشاركة تحت 9]],[1]!التسجيل[[#This Row],[المشاركة تحت 7 ]],[1]!التسجيل[[#This Row],[المشاركة تحت 5]])=0,"لا يوجد تسجيل",IF((([1]!التسجيل[[#This Row],[المشاركة تحت 14]]>=1)*(COUNTIFS([1]!تفاصيل_الفرق[الفئة العمرية],"تحت 14",[1]!تفاصيل_الفرق[مدينة منظفة],TRIM([1]!التسجيل[[#This Row],[المدينة]]),[1]!تفاصيل_الفرق[مجموعة مكتملة],1)>0))+(([1]!التسجيل[[#This Row],[المشاركة تحت 13]]>=1)*(COUNTIFS([1]!تفاصيل_الفرق[الفئة العمرية],"تحت 13",[1]!تفاصيل_الفرق[مدينة منظفة],TRIM([1]!التسجيل[[#This Row],[المدينة]]),[1]!تفاصيل_الفرق[مجموعة مكتملة],1)>0))+(([1]!التسجيل[[#This Row],[المشاركة تحت 12]]>=1)*(COUNTIFS([1]!تفاصيل_الفرق[الفئة العمرية],"تحت 12",[1]!تفاصيل_الفرق[مدينة منظفة],TRIM([1]!التسجيل[[#This Row],[المدينة]]),[1]!تفاصيل_الفرق[مجموعة مكتملة],1)>0))+(([1]!التسجيل[[#This Row],[المشاركة تحت 11]]>=1)*(COUNTIFS([1]!تفاصيل_الفرق[الفئة العمرية],"تحت 11",[1]!تفاصيل_الفرق[مدينة منظفة],TRIM([1]!التسجيل[[#This Row],[المدينة]]),[1]!تفاصيل_الفرق[مجموعة مكتملة],1)>0))+(([1]!التسجيل[[#This Row],[المشاركة تحت 9]]>=1)*(COUNTIFS([1]!تفاصيل_الفرق[الفئة العمرية],"تحت 9",[1]!تفاصيل_الفرق[مدينة منظفة],TRIM([1]!التسجيل[[#This Row],[المدينة]]),[1]!تفاصيل_الفرق[مجموعة مكتملة],1)>0))+(([1]!التسجيل[[#This Row],[المشاركة تحت 7 ]]>=1)*(COUNTIFS([1]!تفاصيل_الفرق[الفئة العمرية],"تحت 7",[1]!تفاصيل_الفرق[مدينة منظفة],TRIM([1]!التسجيل[[#This Row],[المدينة]]),[1]!تفاصيل_الفرق[مجموعة مكتملة],1)>0))+(([1]!التسجيل[[#This Row],[المشاركة تحت 5]]>=1)*(COUNTIFS([1]!تفاصيل_الفرق[الفئة العمرية],"تحت 5",[1]!تفاصيل_الفرق[مدينة منظفة],TRIM([1]!التسجيل[[#This Row],[المدينة]]),[1]!تفاصيل_الفرق[مجموعة مكتملة],1)>0))=0,"نعم","لا")) | S96: نعم
A97: =1+A96 | B97: سحار | C97: سلطان سلمان حسين سحاري | D97: 966557635989 | E97: لايوجد | F97: هواة | G97: جازان | H97: جيزان | I97: جازان | J97: 1 | K97: 1 | L97: 1 | M97: 1 | N97: 1 | O97: 1 | P97: 1 | Q97: =IF(SUM([1]!التسجيل[[#This Row],[المشاركة تحت 14]],[1]!التسجيل[[#This Row],[المشاركة تحت 13]],[1]!التسجيل[[#This Row],[المشاركة تحت 12]],[1]!التسجيل[[#This Row],[المشاركة تحت 11]],[1]!التسجيل[[#This Row],[المشاركة تحت 9]],[1]!التسجيل[[#This Row],[المشاركة تحت 7 ]],[1]!التسجيل[[#This Row],[المشاركة تحت 5]])=0,"لا يوجد تسجيل",IF((([1]!التسجيل[[#This Row],[المشاركة تحت 14]]>=1)*(COUNTIFS([1]!تفاصيل_الفرق[الفئة العمرية],"تحت 14",[1]!تفاصيل_الفرق[مدينة منظفة],TRIM([1]!التسجيل[[#This Row],[المدينة]]),[1]!تفاصيل_الفرق[مجموعة مكتملة],1)>0))+(([1]!التسجيل[[#This Row],[المشاركة تحت 13]]>=1)*(COUNTIFS([1]!تفاصيل_الفرق[الفئة العمرية],"تحت 13",[1]!تفاصيل_الفرق[مدينة منظفة],TRIM([1]!التسجيل[[#This Row],[المدينة]]),[1]!تفاصيل_الفرق[مجموعة مكتملة],1)>0))+(([1]!التسجيل[[#This Row],[المشاركة تحت 12]]>=1)*(COUNTIFS([1]!تفاصيل_الفرق[الفئة العمرية],"تحت 12",[1]!تفاصيل_الفرق[مدينة منظفة],TRIM([1]!التسجيل[[#This Row],[المدينة]]),[1]!تفاصيل_الفرق[مجموعة مكتملة],1)>0))+(([1]!التسجيل[[#This Row],[المشاركة تحت 11]]>=1)*(COUNTIFS([1]!تفاصيل_الفرق[الفئة العمرية],"تحت 11",[1]!تفاصيل_الفرق[مدينة منظفة],TRIM([1]!التسجيل[[#This Row],[المدينة]]),[1]!تفاصيل_الفرق[مجموعة مكتملة],1)>0))+(([1]!التسجيل[[#This Row],[المشاركة تحت 9]]>=1)*(COUNTIFS([1]!تفاصيل_الفرق[الفئة العمرية],"تحت 9",[1]!تفاصيل_الفرق[مدينة منظفة],TRIM([1]!التسجيل[[#This Row],[المدينة]]),[1]!تفاصيل_الفرق[مجموعة مكتملة],1)>0))+(([1]!التسجيل[[#This Row],[المشاركة تحت 7 ]]>=1)*(COUNTIFS([1]!تفاصيل_الفرق[الفئة العمرية],"تحت 7",[1]!تفاصيل_الفرق[مدينة منظفة],TRIM([1]!التسجيل[[#This Row],[المدينة]]),[1]!تفاصيل_الفرق[مجموعة مكتملة],1)>0))+(([1]!التسجيل[[#This Row],[المشاركة تحت 5]]>=1)*(COUNTIFS([1]!تفاصيل_الفرق[الفئة العمرية],"تحت 5",[1]!تفاصيل_الفرق[مدينة منظفة],TRIM([1]!التسجيل[[#This Row],[المدينة]]),[1]!تفاصيل_الفرق[مجموعة مكتملة],1)>0))=0,"نعم","لا")) | S97: نعم
A98: =1+A97 | B98: تعاون الشعفولية | C98: سامي عبده علي كليبي | D98: 966537506528 | E98: لايوجد | F98: هواة | G98: جازان | H98: أحد المسارحة | I98: جازان | J98: 1 | K98: 1 | L98: 1 | M98: 1 | N98: 1 | O98: 1 | P98: 1 | Q98: =IF(SUM([1]!التسجيل[[#This Row],[المشاركة تحت 14]],[1]!التسجيل[[#This Row],[المشاركة تحت 13]],[1]!التسجيل[[#This Row],[المشاركة تحت 12]],[1]!التسجيل[[#This Row],[المشاركة تحت 11]],[1]!التسجيل[[#This Row],[المشاركة تحت 9]],[1]!التسجيل[[#This Row],[المشاركة تحت 7 ]],[1]!التسجيل[[#This Row],[المشاركة تحت 5]])=0,"لا يوجد تسجيل",IF((([1]!التسجيل[[#This Row],[المشاركة تحت 14]]>=1)*(COUNTIFS([1]!تفاصيل_الفرق[الفئة العمرية],"تحت 14",[1]!تفاصيل_الفرق[مدينة منظفة],TRIM([1]!التسجيل[[#This Row],[المدينة]]),[1]!تفاصيل_الفرق[مجموعة مكتملة],1)>0))+(([1]!التسجيل[[#This Row],[المشاركة تحت 13]]>=1)*(COUNTIFS([1]!تفاصيل_الفرق[الفئة العمرية],"تحت 13",[1]!تفاصيل_الفرق[مدينة منظفة],TRIM([1]!التسجيل[[#This Row],[المدينة]]),[1]!تفاصيل_الفرق[مجموعة مكتملة],1)>0))+(([1]!التسجيل[[#This Row],[المشاركة تحت 12]]>=1)*(COUNTIFS([1]!تفاصيل_الفرق[الفئة العمرية],"تحت 12",[1]!تفاصيل_الفرق[مدينة منظفة],TRIM([1]!التسجيل[[#This Row],[المدينة]]),[1]!تفاصيل_الفرق[مجموعة مكتملة],1)>0))+(([1]!التسجيل[[#This Row],[المشاركة تحت 11]]>=1)*(COUNTIFS([1]!تفاصيل_الفرق[الفئة العمرية],"تحت 11",[1]!تفاصيل_الفرق[مدينة منظفة],TRIM([1]!التسجيل[[#This Row],[المدينة]]),[1]!تفاصيل_الفرق[مجموعة مكتملة],1)>0))+(([1]!التسجيل[[#This Row],[المشاركة تحت 9]]>=1)*(COUNTIFS([1]!تفاصيل_الفرق[الفئة العمرية],"تحت 9",[1]!تفاصيل_الفرق[مدينة منظفة],TRIM([1]!التسجيل[[#This Row],[المدينة]]),[1]!تفاصيل_الفرق[مجموعة مكتملة],1)>0))+(([1]!التسجيل[[#This Row],[المشاركة تحت 7 ]]>=1)*(COUNTIFS([1]!تفاصيل_الفرق[الفئة العمرية],"تحت 7",[1]!تفاصيل_الفرق[مدينة منظفة],TRIM([1]!التسجيل[[#This Row],[المدينة]]),[1]!تفاصيل_الفرق[مجموعة مكتملة],1)>0))+(([1]!التسجيل[[#This Row],[المشاركة تحت 5]]>=1)*(COUNTIFS([1]!تفاصيل_الفرق[الفئة العمرية],"تحت 5",[1]!تفاصيل_الفرق[مدينة منظفة],TRIM([1]!التسجيل[[#This Row],[المدينة]]),[1]!تفاصيل_الفرق[مجموعة مكتملة],1)>0))=0,"نعم","لا")) | S98: نعم
A99: =1+A98 | B99: برذرتيم | C99: صالح خليفة صالح المزيعل | D99: 966508657775 | E99: لايوجد | F99: هواة | G99: الشرقية | H99: الأحساء | I99: الأحساء | J99: 1 | K99: 1 | L99: 1 | M99: 1 | N99: 1 | O99: 1 | P99: 0 | Q99: =IF(SUM([1]!التسجيل[[#This Row],[المشاركة تحت 14]],[1]!التسجيل[[#This Row],[المشاركة تحت 13]],[1]!التسجيل[[#This Row],[المشاركة تحت 12]],[1]!التسجيل[[#This Row],[المشاركة تحت 11]],[1]!التسجيل[[#This Row],[المشاركة تحت 9]],[1]!التسجيل[[#This Row],[المشاركة تحت 7 ]],[1]!التسجيل[[#This Row],[المشاركة تحت 5]])=0,"لا يوجد تسجيل",IF((([1]!التسجيل[[#This Row],[المشاركة تحت 14]]>=1)*(COUNTIFS([1]!تفاصيل_الفرق[الفئة العمرية],"تحت 14",[1]!تفاصيل_الفرق[مدينة منظفة],TRIM([1]!التسجيل[[#This Row],[المدينة]]),[1]!تفاصيل_الفرق[مجموعة مكتملة],1)>0))+(([1]!التسجيل[[#This Row],[المشاركة تحت 13]]>=1)*(COUNTIFS([1]!تفاصيل_الفرق[الفئة العمرية],"تحت 13",[1]!تفاصيل_الفرق[مدينة منظفة],TRIM([1]!التسجيل[[#This Row],[المدينة]]),[1]!تفاصيل_الفرق[مجموعة مكتملة],1)>0))+(([1]!التسجيل[[#This Row],[المشاركة تحت 12]]>=1)*(COUNTIFS([1]!تفاصيل_الفرق[الفئة العمرية],"تحت 12",[1]!تفاصيل_الفرق[مدينة منظفة],TRIM([1]!التسجيل[[#This Row],[المدينة]]),[1]!تفاصيل_الفرق[مجموعة مكتملة],1)>0))+(([1]!التسجيل[[#This Row],[المشاركة تحت 11]]>=1)*(COUNTIFS([1]!تفاصيل_الفرق[الفئة العمرية],"تحت 11",[1]!تفاصيل_الفرق[مدينة منظفة],TRIM([1]!التسجيل[[#This Row],[المدينة]]),[1]!تفاصيل_الفرق[مجموعة مكتملة],1)>0))+(([1]!التسجيل[[#This Row],[المشاركة تحت 9]]>=1)*(COUNTIFS([1]!تفاصيل_الفرق[الفئة العمرية],"تحت 9",[1]!تفاصيل_الفرق[مدينة منظفة],TRIM([1]!التسجيل[[#This Row],[المدينة]]),[1]!تفاصيل_الفرق[مجموعة مكتملة],1)>0))+(([1]!التسجيل[[#This Row],[المشاركة تحت 7 ]]>=1)*(COUNTIFS([1]!تفاصيل_الفرق[الفئة العمرية],"تحت 7",[1]!تفاصيل_الفرق[مدينة منظفة],TRIM([1]!التسجيل[[#This Row],[المدينة]]),[1]!تفاصيل_الفرق[مجموعة مكتملة],1)>0))+(([1]!التسجيل[[#This Row],[المشاركة تحت 5]]>=1)*(COUNTIFS([1]!تفاصيل_الفرق[الفئة العمرية],"تحت 5",[1]!تفاصيل_الفرق[مدينة منظفة],TRIM([1]!التسجيل[[#This Row],[المدينة]]),[1]!تفاصيل_الفرق[مجموعة مكتملة],1)>0))=0,"نعم","لا")) | S99: نعم
A100: =1+A99 | B100: السويديه | C100: احمد محمد عبدالله كليبي | D100: 966534565885 | E100: لايوجد | F100: هواة | G100: جازان | H100: أحد المسارحة | I100: جازان | J100: 1 | K100: 1 | L100: 1 | M100: 1 | N100: 1 | O100: 1 | P100: 1 | Q100: =IF(SUM([1]!التسجيل[[#This Row],[المشاركة تحت 14]],[1]!التسجيل[[#This Row],[المشاركة تحت 13]],[1]!التسجيل[[#This Row],[المشاركة تحت 12]],[1]!التسجيل[[#This Row],[المشاركة تحت 11]],[1]!التسجيل[[#This Row],[المشاركة تحت 9]],[1]!التسجيل[[#This Row],[المشاركة تحت 7 ]],[1]!التسجيل[[#This Row],[المشاركة تحت 5]])=0,"لا يوجد تسجيل",IF((([1]!التسجيل[[#This Row],[المشاركة تحت 14]]>=1)*(COUNTIFS([1]!تفاصيل_الفرق[الفئة العمرية],"تحت 14",[1]!تفاصيل_الفرق[مدينة منظفة],TRIM([1]!التسجيل[[#This Row],[المدينة]]),[1]!تفاصيل_الفرق[مجموعة مكتملة],1)>0))+(([1]!التسجيل[[#This Row],[المشاركة تحت 13]]>=1)*(COUNTIFS([1]!تفاصيل_الفرق[الفئة العمرية],"تحت 13",[1]!تفاصيل_الفرق[مدينة منظفة],TRIM([1]!التسجيل[[#This Row],[المدينة]]),[1]!تفاصيل_الفرق[مجموعة مكتملة],1)>0))+(([1]!التسجيل[[#This Row],[المشاركة تحت 12]]>=1)*(COUNTIFS([1]!تفاصيل_الفرق[الفئة العمرية],"تحت 12",[1]!تفاصيل_الفرق[مدينة منظفة],TRIM([1]!التسجيل[[#This Row],[المدينة]]),[1]!تفاصيل_الفرق[مجموعة مكتملة],1)>0))+(([1]!التسجيل[[#This Row],[المشاركة تحت 11]]>=1)*(COUNTIFS([1]!تفاصيل_الفرق[الفئة العمرية],"تحت 11",[1]!تفاصيل_الفرق[مدينة منظفة],TRIM([1]!التسجيل[[#This Row],[المدينة]]),[1]!تفاصيل_الفرق[مجموعة مكتملة],1)>0))+(([1]!التسجيل[[#This Row],[المشاركة تحت 9]]>=1)*(COUNTIFS([1]!تفاصيل_الفرق[الفئة العمرية],"تحت 9",[1]!تفاصيل_الفرق[مدينة منظفة],TRIM([1]!التسجيل[[#This Row],[المدينة]]),[1]!تفاصيل_الفرق[مجموعة مكتملة],1)>0))+(([1]!التسجيل[[#This Row],[المشاركة تحت 7 ]]>=1)*(COUNTIFS([1]!تفاصيل_الفرق[الفئة العمرية],"تحت 7",[1]!تفاصيل_الفرق[مدينة منظفة],TRIM([1]!التسجيل[[#This Row],[المدينة]]),[1]!تفاصيل_الفرق[مجموعة مكتملة],1)>0))+(([1]!التسجيل[[#This Row],[المشاركة تحت 5]]>=1)*(COUNTIFS([1]!تفاصيل_الفرق[الفئة العمرية],"تحت 5",[1]!تفاصيل_الفرق[مدينة منظفة],TRIM([1]!التسجيل[[#This Row],[المدينة]]),[1]!تفاصيل_الفرق[مجموعة مكتملة],1)>0))=0,"نعم","لا")) | S100: نعم
A101: =1+A100 | B101: الرابية | C101: امين الحنابي | D101: 966551745791 | E101: لايوجد | F101: هواة | G101: الشرقية | H101: الأحساء | I101: الأحساء | J101: 1 | K101: 1 | L101: 1 | M101: 1 | N101: 1 | O101: 0 | P101: 0 | Q101: =IF(SUM([1]!التسجيل[[#This Row],[المشاركة تحت 14]],[1]!التسجيل[[#This Row],[المشاركة تحت 13]],[1]!التسجيل[[#This Row],[المشاركة تحت 12]],[1]!التسجيل[[#This Row],[المشاركة تحت 11]],[1]!التسجيل[[#This Row],[المشاركة تحت 9]],[1]!التسجيل[[#This Row],[المشاركة تحت 7 ]],[1]!التسجيل[[#This Row],[المشاركة تحت 5]])=0,"لا يوجد تسجيل",IF((([1]!التسجيل[[#This Row],[المشاركة تحت 14]]>=1)*(COUNTIFS([1]!تفاصيل_الفرق[الفئة العمرية],"تحت 14",[1]!تفاصيل_الفرق[مدينة منظفة],TRIM([1]!التسجيل[[#This Row],[المدينة]]),[1]!تفاصيل_الفرق[مجموعة مكتملة],1)>0))+(([1]!التسجيل[[#This Row],[المشاركة تحت 13]]>=1)*(COUNTIFS([1]!تفاصيل_الفرق[الفئة العمرية],"تحت 13",[1]!تفاصيل_الفرق[مدينة منظفة],TRIM([1]!التسجيل[[#This Row],[المدينة]]),[1]!تفاصيل_الفرق[مجموعة مكتملة],1)>0))+(([1]!التسجيل[[#This Row],[المشاركة تحت 12]]>=1)*(COUNTIFS([1]!تفاصيل_الفرق[الفئة العمرية],"تحت 12",[1]!تفاصيل_الفرق[مدينة منظفة],TRIM([1]!التسجيل[[#This Row],[المدينة]]),[1]!تفاصيل_الفرق[مجموعة مكتملة],1)>0))+(([1]!التسجيل[[#This Row],[المشاركة تحت 11]]>=1)*(COUNTIFS([1]!تفاصيل_الفرق[الفئة العمرية],"تحت 11",[1]!تفاصيل_الفرق[مدينة منظفة],TRIM([1]!التسجيل[[#This Row],[المدينة]]),[1]!تفاصيل_الفرق[مجموعة مكتملة],1)>0))+(([1]!التسجيل[[#This Row],[المشاركة تحت 9]]>=1)*(COUNTIFS([1]!تفاصيل_الفرق[الفئة العمرية],"تحت 9",[1]!تفاصيل_الفرق[مدينة منظفة],TRIM([1]!التسجيل[[#This Row],[المدينة]]),[1]!تفاصيل_الفرق[مجموعة مكتملة],1)>0))+(([1]!التسجيل[[#This Row],[المشاركة تحت 7 ]]>=1)*(COUNTIFS([1]!تفاصيل_الفرق[الفئة العمرية],"تحت 7",[1]!تفاصيل_الفرق[مدينة منظفة],TRIM([1]!التسجيل[[#This Row],[المدينة]]),[1]!تفاصيل_الفرق[مجموعة مكتملة],1)>0))+(([1]!التسجيل[[#This Row],[المشاركة تحت 5]]>=1)*(COUNTIFS([1]!تفاصيل_الفرق[الفئة العمرية],"تحت 5",[1]!تفاصيل_الفرق[مدينة منظفة],TRIM([1]!التسجيل[[#This Row],[المدينة]]),[1]!تفاصيل_الفرق[مجموعة مكتملة],1)>0))=0,"نعم","لا")) | S101: نعم
A102: =1+A101 | B102: الجاردن | C102: انس محمد احمد مظفر | D102: 966561909044 | E102: لايوجد | F102: هواة | G102: جازان | H102: جيزان | I102: جازان | J102: 1 | K102: 1 | L102: 1 | M102: 1 | N102: 1 | O102: 1 | P102: 1 | Q102: =IF(SUM([1]!التسجيل[[#This Row],[المشاركة تحت 14]],[1]!التسجيل[[#This Row],[المشاركة تحت 13]],[1]!التسجيل[[#This Row],[المشاركة تحت 12]],[1]!التسجيل[[#This Row],[المشاركة تحت 11]],[1]!التسجيل[[#This Row],[المشاركة تحت 9]],[1]!التسجيل[[#This Row],[المشاركة تحت 7 ]],[1]!التسجيل[[#This Row],[المشاركة تحت 5]])=0,"لا يوجد تسجيل",IF((([1]!التسجيل[[#This Row],[المشاركة تحت 14]]>=1)*(COUNTIFS([1]!تفاصيل_الفرق[الفئة العمرية],"تحت 14",[1]!تفاصيل_الفرق[مدينة منظفة],TRIM([1]!التسجيل[[#This Row],[المدينة]]),[1]!تفاصيل_الفرق[مجموعة مكتملة],1)>0))+(([1]!التسجيل[[#This Row],[المشاركة تحت 13]]>=1)*(COUNTIFS([1]!تفاصيل_الفرق[الفئة العمرية],"تحت 13",[1]!تفاصيل_الفرق[مدينة منظفة],TRIM([1]!التسجيل[[#This Row],[المدينة]]),[1]!تفاصيل_الفرق[مجموعة مكتملة],1)>0))+(([1]!التسجيل[[#This Row],[المشاركة تحت 12]]>=1)*(COUNTIFS([1]!تفاصيل_الفرق[الفئة العمرية],"تحت 12",[1]!تفاصيل_الفرق[مدينة منظفة],TRIM([1]!التسجيل[[#This Row],[المدينة]]),[1]!تفاصيل_الفرق[مجموعة مكتملة],1)>0))+(([1]!التسجيل[[#This Row],[المشاركة تحت 11]]>=1)*(COUNTIFS([1]!تفاصيل_الفرق[الفئة العمرية],"تحت 11",[1]!تفاصيل_الفرق[مدينة منظفة],TRIM([1]!التسجيل[[#This Row],[المدينة]]),[1]!تفاصيل_الفرق[مجموعة مكتملة],1)>0))+(([1]!التسجيل[[#This Row],[المشاركة تحت 9]]>=1)*(COUNTIFS([1]!تفاصيل_الفرق[الفئة العمرية],"تحت 9",[1]!تفاصيل_الفرق[مدينة منظفة],TRIM([1]!التسجيل[[#This Row],[المدينة]]),[1]!تفاصيل_الفرق[مجموعة مكتملة],1)>0))+(([1]!التسجيل[[#This Row],[المشاركة تحت 7 ]]>=1)*(COUNTIFS([1]!تفاصيل_الفرق[الفئة العمرية],"تحت 7",[1]!تفاصيل_الفرق[مدينة منظفة],TRIM([1]!التسجيل[[#This Row],[المدينة]]),[1]!تفاصيل_الفرق[مجموعة مكتملة],1)>0))+(([1]!التسجيل[[#This Row],[المشاركة تحت 5]]>=1)*(COUNTIFS([1]!تفاصيل_الفرق[الفئة العمرية],"تحت 5",[1]!تفاصيل_الفرق[مدينة منظفة],TRIM([1]!التسجيل[[#This Row],[المدينة]]),[1]!تفاصيل_الفرق[مجموعة مكتملة],1)>0))=0,"نعم","لا")) | S102: نعم
A103: =1+A102 | B103: احلام النورس | C103: عوض يحيى كعكوم حومان | D103: 966508284215 | E103: لايوجد | F103: هواة | G103: جازان | H103: أحد المسارحة | I103: جازان | J103: 1 | K103: 1 | L103: 1 | M103: 1 | N103: 1 | O103: 1 | P103: 1 | Q103: =IF(SUM([1]!التسجيل[[#This Row],[المشاركة تحت 14]],[1]!التسجيل[[#This Row],[المشاركة تحت 13]],[1]!التسجيل[[#This Row],[المشاركة تحت 12]],[1]!التسجيل[[#This Row],[المشاركة تحت 11]],[1]!التسجيل[[#This Row],[المشاركة تحت 9]],[1]!التسجيل[[#This Row],[المشاركة تحت 7 ]],[1]!التسجيل[[#This Row],[المشاركة تحت 5]])=0,"لا يوجد تسجيل",IF((([1]!التسجيل[[#This Row],[المشاركة تحت 14]]>=1)*(COUNTIFS([1]!تفاصيل_الفرق[الفئة العمرية],"تحت 14",[1]!تفاصيل_الفرق[مدينة منظفة],TRIM([1]!التسجيل[[#This Row],[المدينة]]),[1]!تفاصيل_الفرق[مجموعة مكتملة],1)>0))+(([1]!التسجيل[[#This Row],[المشاركة تحت 13]]>=1)*(COUNTIFS([1]!تفاصيل_الفرق[الفئة العمرية],"تحت 13",[1]!تفاصيل_الفرق[مدينة منظفة],TRIM([1]!التسجيل[[#This Row],[المدينة]]),[1]!تفاصيل_الفرق[مجموعة مكتملة],1)>0))+(([1]!التسجيل[[#This Row],[المشاركة تحت 12]]>=1)*(COUNTIFS([1]!تفاصيل_الفرق[الفئة العمرية],"تحت 12",[1]!تفاصيل_الفرق[مدينة منظفة],TRIM([1]!التسجيل[[#This Row],[المدينة]]),[1]!تفاصيل_الفرق[مجموعة مكتملة],1)>0))+(([1]!التسجيل[[#This Row],[المشاركة تحت 11]]>=1)*(COUNTIFS([1]!تفاصيل_الفرق[الفئة العمرية],"تحت 11",[1]!تفاصيل_الفرق[مدينة منظفة],TRIM([1]!التسجيل[[#This Row],[المدينة]]),[1]!تفاصيل_الفرق[مجموعة مكتملة],1)>0))+(([1]!التسجيل[[#This Row],[المشاركة تحت 9]]>=1)*(COUNTIFS([1]!تفاصيل_الفرق[الفئة العمرية],"تحت 9",[1]!تفاصيل_الفرق[مدينة منظفة],TRIM([1]!التسجيل[[#This Row],[المدينة]]),[1]!تفاصيل_الفرق[مجموعة مكتملة],1)>0))+(([1]!التسجيل[[#This Row],[المشاركة تحت 7 ]]>=1)*(COUNTIFS([1]!تفاصيل_الفرق[الفئة العمرية],"تحت 7",[1]!تفاصيل_الفرق[مدينة منظفة],TRIM([1]!التسجيل[[#This Row],[المدينة]]),[1]!تفاصيل_الفرق[مجموعة مكتملة],1)>0))+(([1]!التسجيل[[#This Row],[المشاركة تحت 5]]>=1)*(COUNTIFS([1]!تفاصيل_الفرق[الفئة العمرية],"تحت 5",[1]!تفاصيل_الفرق[مدينة منظفة],TRIM([1]!التسجيل[[#This Row],[المدينة]]),[1]!تفاصيل_الفرق[مجموعة مكتملة],1)>0))=0,"نعم","لا")) | S103: نعم
A104: =1+A103 | B104: أمجاد الخشابية | C104: علي هادي هادي مسملي | D104: 966507799054 | E104: لايوجد | F104: هواة | G104: جازان | H104: أبو عريش | I104: جازان | J104: 1 | K104: 1 | L104: 1 | M104: 1 | N104: 1 | O104: 1 | P104: 1 | Q104: =IF(SUM([1]!التسجيل[[#This Row],[المشاركة تحت 14]],[1]!التسجيل[[#This Row],[المشاركة تحت 13]],[1]!التسجيل[[#This Row],[المشاركة تحت 12]],[1]!التسجيل[[#This Row],[المشاركة تحت 11]],[1]!التسجيل[[#This Row],[المشاركة تحت 9]],[1]!التسجيل[[#This Row],[المشاركة تحت 7 ]],[1]!التسجيل[[#This Row],[المشاركة تحت 5]])=0,"لا يوجد تسجيل",IF((([1]!التسجيل[[#This Row],[المشاركة تحت 14]]>=1)*(COUNTIFS([1]!تفاصيل_الفرق[الفئة العمرية],"تحت 14",[1]!تفاصيل_الفرق[مدينة منظفة],TRIM([1]!التسجيل[[#This Row],[المدينة]]),[1]!تفاصيل_الفرق[مجموعة مكتملة],1)>0))+(([1]!التسجيل[[#This Row],[المشاركة تحت 13]]>=1)*(COUNTIFS([1]!تفاصيل_الفرق[الفئة العمرية],"تحت 13",[1]!تفاصيل_الفرق[مدينة منظفة],TRIM([1]!التسجيل[[#This Row],[المدينة]]),[1]!تفاصيل_الفرق[مجموعة مكتملة],1)>0))+(([1]!التسجيل[[#This Row],[المشاركة تحت 12]]>=1)*(COUNTIFS([1]!تفاصيل_الفرق[الفئة العمرية],"تحت 12",[1]!تفاصيل_الفرق[مدينة منظفة],TRIM([1]!التسجيل[[#This Row],[المدينة]]),[1]!تفاصيل_الفرق[مجموعة مكتملة],1)>0))+(([1]!التسجيل[[#This Row],[المشاركة تحت 11]]>=1)*(COUNTIFS([1]!تفاصيل_الفرق[الفئة العمرية],"تحت 11",[1]!تفاصيل_الفرق[مدينة منظفة],TRIM([1]!التسجيل[[#This Row],[المدينة]]),[1]!تفاصيل_الفرق[مجموعة مكتملة],1)>0))+(([1]!التسجيل[[#This Row],[المشاركة تحت 9]]>=1)*(COUNTIFS([1]!تفاصيل_الفرق[الفئة العمرية],"تحت 9",[1]!تفاصيل_الفرق[مدينة منظفة],TRIM([1]!التسجيل[[#This Row],[المدينة]]),[1]!تفاصيل_الفرق[مجموعة مكتملة],1)>0))+(([1]!التسجيل[[#This Row],[المشاركة تحت 7 ]]>=1)*(COUNTIFS([1]!تفاصيل_الفرق[الفئة العمرية],"تحت 7",[1]!تفاصيل_الفرق[مدينة منظفة],TRIM([1]!التسجيل[[#This Row],[المدينة]]),[1]!تفاصيل_الفرق[مجموعة مكتملة],1)>0))+(([1]!التسجيل[[#This Row],[المشاركة تحت 5]]>=1)*(COUNTIFS([1]!تفاصيل_الفرق[الفئة العمرية],"تحت 5",[1]!تفاصيل_الفرق[مدينة منظفة],TRIM([1]!التسجيل[[#This Row],[المدينة]]),[1]!تفاصيل_الفرق[مجموعة مكتملة],1)>0))=0,"نعم","لا")) | S104: نعم
A105: =1+A104 | B105: أجيال الفيصل | C105: طاهر أحمد حسين الزارعي | D105: 966555977647 | E105: لايوجد | F105: هواة | G105: الشرقية | H105: الأحساء | I105: الأحساء | J105: 0 | K105: 1 | L105: 0 | M105: 1 | N105: 0 | O105: 0 | P105: 0 | Q105: =IF(SUM([1]!التسجيل[[#This Row],[المشاركة تحت 14]],[1]!التسجيل[[#This Row],[المشاركة تحت 13]],[1]!التسجيل[[#This Row],[المشاركة تحت 12]],[1]!التسجيل[[#This Row],[المشاركة تحت 11]],[1]!التسجيل[[#This Row],[المشاركة تحت 9]],[1]!التسجيل[[#This Row],[المشاركة تحت 7 ]],[1]!التسجيل[[#This Row],[المشاركة تحت 5]])=0,"لا يوجد تسجيل",IF((([1]!التسجيل[[#This Row],[المشاركة تحت 14]]>=1)*(COUNTIFS([1]!تفاصيل_الفرق[الفئة العمرية],"تحت 14",[1]!تفاصيل_الفرق[مدينة منظفة],TRIM([1]!التسجيل[[#This Row],[المدينة]]),[1]!تفاصيل_الفرق[مجموعة مكتملة],1)>0))+(([1]!التسجيل[[#This Row],[المشاركة تحت 13]]>=1)*(COUNTIFS([1]!تفاصيل_الفرق[الفئة العمرية],"تحت 13",[1]!تفاصيل_الفرق[مدينة منظفة],TRIM([1]!التسجيل[[#This Row],[المدينة]]),[1]!تفاصيل_الفرق[مجموعة مكتملة],1)>0))+(([1]!التسجيل[[#This Row],[المشاركة تحت 12]]>=1)*(COUNTIFS([1]!تفاصيل_الفرق[الفئة العمرية],"تحت 12",[1]!تفاصيل_الفرق[مدينة منظفة],TRIM([1]!التسجيل[[#This Row],[المدينة]]),[1]!تفاصيل_الفرق[مجموعة مكتملة],1)>0))+(([1]!التسجيل[[#This Row],[المشاركة تحت 11]]>=1)*(COUNTIFS([1]!تفاصيل_الفرق[الفئة العمرية],"تحت 11",[1]!تفاصيل_الفرق[مدينة منظفة],TRIM([1]!التسجيل[[#This Row],[المدينة]]),[1]!تفاصيل_الفرق[مجموعة مكتملة],1)>0))+(([1]!التسجيل[[#This Row],[المشاركة تحت 9]]>=1)*(COUNTIFS([1]!تفاصيل_الفرق[الفئة العمرية],"تحت 9",[1]!تفاصيل_الفرق[مدينة منظفة],TRIM([1]!التسجيل[[#This Row],[المدينة]]),[1]!تفاصيل_الفرق[مجموعة مكتملة],1)>0))+(([1]!التسجيل[[#This Row],[المشاركة تحت 7 ]]>=1)*(COUNTIFS([1]!تفاصيل_الفرق[الفئة العمرية],"تحت 7",[1]!تفاصيل_الفرق[مدينة منظفة],TRIM([1]!التسجيل[[#This Row],[المدينة]]),[1]!تفاصيل_الفرق[مجموعة مكتملة],1)>0))+(([1]!التسجيل[[#This Row],[المشاركة تحت 5]]>=1)*(COUNTIFS([1]!تفاصيل_الفرق[الفئة العمرية],"تحت 5",[1]!تفاصيل_الفرق[مدينة منظفة],TRIM([1]!التسجيل[[#This Row],[المدينة]]),[1]!تفاصيل_الفرق[مجموعة مكتملة],1)>0))=0,"نعم","لا")) | S105: نعم
A106: =1+A105 | B106: منجم المواهب | C106: ابراهيم خفاجي | D106: 547480334 | E106: لايوجد | F106: نادي | G106: مكة المكرمة | H106: مكة المكرمة | I106: مكة المكرمة | J106: 1 | K106: 0 | L106: 1 | M106: 1 | N106: 0 | O106: 0 | P106: 0 | Q106: =IF(SUM([1]!التسجيل[[#This Row],[المشاركة تحت 14]],[1]!التسجيل[[#This Row],[المشاركة تحت 13]],[1]!التسجيل[[#This Row],[المشاركة تحت 12]],[1]!التسجيل[[#This Row],[المشاركة تحت 11]],[1]!التسجيل[[#This Row],[المشاركة تحت 9]],[1]!التسجيل[[#This Row],[المشاركة تحت 7 ]],[1]!التسجيل[[#This Row],[المشاركة تحت 5]])=0,"لا يوجد تسجيل",IF((([1]!التسجيل[[#This Row],[المشاركة تحت 14]]>=1)*(COUNTIFS([1]!تفاصيل_الفرق[الفئة العمرية],"تحت 14",[1]!تفاصيل_الفرق[مدينة منظفة],TRIM([1]!التسجيل[[#This Row],[المدينة]]),[1]!تفاصيل_الفرق[مجموعة مكتملة],1)>0))+(([1]!التسجيل[[#This Row],[المشاركة تحت 13]]>=1)*(COUNTIFS([1]!تفاصيل_الفرق[الفئة العمرية],"تحت 13",[1]!تفاصيل_الفرق[مدينة منظفة],TRIM([1]!التسجيل[[#This Row],[المدينة]]),[1]!تفاصيل_الفرق[مجموعة مكتملة],1)>0))+(([1]!التسجيل[[#This Row],[المشاركة تحت 12]]>=1)*(COUNTIFS([1]!تفاصيل_الفرق[الفئة العمرية],"تحت 12",[1]!تفاصيل_الفرق[مدينة منظفة],TRIM([1]!التسجيل[[#This Row],[المدينة]]),[1]!تفاصيل_الفرق[مجموعة مكتملة],1)>0))+(([1]!التسجيل[[#This Row],[المشاركة تحت 11]]>=1)*(COUNTIFS([1]!تفاصيل_الفرق[الفئة العمرية],"تحت 11",[1]!تفاصيل_الفرق[مدينة منظفة],TRIM([1]!التسجيل[[#This Row],[المدينة]]),[1]!تفاصيل_الفرق[مجموعة مكتملة],1)>0))+(([1]!التسجيل[[#This Row],[المشاركة تحت 9]]>=1)*(COUNTIFS([1]!تفاصيل_الفرق[الفئة العمرية],"تحت 9",[1]!تفاصيل_الفرق[مدينة منظفة],TRIM([1]!التسجيل[[#This Row],[المدينة]]),[1]!تفاصيل_الفرق[مجموعة مكتملة],1)>0))+(([1]!التسجيل[[#This Row],[المشاركة تحت 7 ]]>=1)*(COUNTIFS([1]!تفاصيل_الفرق[الفئة العمرية],"تحت 7",[1]!تفاصيل_الفرق[مدينة منظفة],TRIM([1]!التسجيل[[#This Row],[المدينة]]),[1]!تفاصيل_الفرق[مجموعة مكتملة],1)>0))+(([1]!التسجيل[[#This Row],[المشاركة تحت 5]]>=1)*(COUNTIFS([1]!تفاصيل_الفرق[الفئة العمرية],"تحت 5",[1]!تفاصيل_الفرق[مدينة منظفة],TRIM([1]!التسجيل[[#This Row],[المدينة]]),[1]!تفاصيل_الفرق[مجموعة مكتملة],1)>0))=0,"نعم","لا"))
A107: =1+A106 | B107: الريان | C107: عياد العياد | D107: 551259595 | E107: لايوجد | F107: نادي | G107: حائل | H107: حائل | I107: حائل | J107: 1 | K107: 1 | L107: 1 | M107: 1 | N107: 1 | O107: 1 | P107: 1 | Q107: =IF(SUM([1]!التسجيل[[#This Row],[المشاركة تحت 14]],[1]!التسجيل[[#This Row],[المشاركة تحت 13]],[1]!التسجيل[[#This Row],[المشاركة تحت 12]],[1]!التسجيل[[#This Row],[المشاركة تحت 11]],[1]!التسجيل[[#This Row],[المشاركة تحت 9]],[1]!التسجيل[[#This Row],[المشاركة تحت 7 ]],[1]!التسجيل[[#This Row],[المشاركة تحت 5]])=0,"لا يوجد تسجيل",IF((([1]!التسجيل[[#This Row],[المشاركة تحت 14]]>=1)*(COUNTIFS([1]!تفاصيل_الفرق[الفئة العمرية],"تحت 14",[1]!تفاصيل_الفرق[مدينة منظفة],TRIM([1]!التسجيل[[#This Row],[المدينة]]),[1]!تفاصيل_الفرق[مجموعة مكتملة],1)>0))+(([1]!التسجيل[[#This Row],[المشاركة تحت 13]]>=1)*(COUNTIFS([1]!تفاصيل_الفرق[الفئة العمرية],"تحت 13",[1]!تفاصيل_الفرق[مدينة منظفة],TRIM([1]!التسجيل[[#This Row],[المدينة]]),[1]!تفاصيل_الفرق[مجموعة مكتملة],1)>0))+(([1]!التسجيل[[#This Row],[المشاركة تحت 12]]>=1)*(COUNTIFS([1]!تفاصيل_الفرق[الفئة العمرية],"تحت 12",[1]!تفاصيل_الفرق[مدينة منظفة],TRIM([1]!التسجيل[[#This Row],[المدينة]]),[1]!تفاصيل_الفرق[مجموعة مكتملة],1)>0))+(([1]!التسجيل[[#This Row],[المشاركة تحت 11]]>=1)*(COUNTIFS([1]!تفاصيل_الفرق[الفئة العمرية],"تحت 11",[1]!تفاصيل_الفرق[مدينة منظفة],TRIM([1]!التسجيل[[#This Row],[المدينة]]),[1]!تفاصيل_الفرق[مجموعة مكتملة],1)>0))+(([1]!التسجيل[[#This Row],[المشاركة تحت 9]]>=1)*(COUNTIFS([1]!تفاصيل_الفرق[الفئة العمرية],"تحت 9",[1]!تفاصيل_الفرق[مدينة منظفة],TRIM([1]!التسجيل[[#This Row],[المدينة]]),[1]!تفاصيل_الفرق[مجموعة مكتملة],1)>0))+(([1]!التسجيل[[#This Row],[المشاركة تحت 7 ]]>=1)*(COUNTIFS([1]!تفاصيل_الفرق[الفئة العمرية],"تحت 7",[1]!تفاصيل_الفرق[مدينة منظفة],TRIM([1]!التسجيل[[#This Row],[المدينة]]),[1]!تفاصيل_الفرق[مجموعة مكتملة],1)>0))+(([1]!التسجيل[[#This Row],[المشاركة تحت 5]]>=1)*(COUNTIFS([1]!تفاصيل_الفرق[الفئة العمرية],"تحت 5",[1]!تفاصيل_الفرق[مدينة منظفة],TRIM([1]!التسجيل[[#This Row],[المدينة]]),[1]!تفاصيل_الفرق[مجموعة مكتملة],1)>0))=0,"نعم","لا"))
