Workbook
Name الحد_الأدنى: المدخلات!$N$3
Name فرق_المباراة: المدخلات!$AD$3
Name قائمة_المدن: المدخلات!$AA$3:$AA$98
Name ملاعب_الفئات: المدخلات!$AC$6:$AI$12

Sheet Sheet1
B2: الفئة | C2: عدد الفرق | D2: عدد الملاعب القانونية | F2: الفئة | G2: مجموعة الجداول
B3: تحت 5 | C3: 6 | D3: 1 | F3: تحت 5 | G3: تحت 5
B4: تحت 5 | C4: 7 | D4: 1 | F4: تحت 7 | G4: تحت 7 و تحت 9
B5: تحت 5 | C5: 8 | D5: 1 | F5: تحت 9 | G5: تحت 7 و تحت 9
B6: تحت 5 | C6: 9 | D6: 1 | F6: تحت 11 | G6: تحت 11 و تحت 12
B7: تحت 5 | C7: 12 | D7: 2 | F7: تحت 12 | G7: تحت 11 و تحت 12
B8: تحت 5 | C8: 13 | D8: 2 | F8: تحت 13 | G8: تحت 13
B9: تحت 5 | C9: 17 | D9: 2 | F9: تحت 14 | G9: تحت 14
B10: تحت 5 | C10: 18 | D10: 3
B11: تحت 5 | C11: 19 | D11: 3
B12: تحت 5 | C12: 22 | D12: 3
B13: تحت 5 | C13: 30 | D13: 4
B14: تحت 7 و تحت 9 | C14: 6 | D14: 1
B15: تحت 7 و تحت 9 | C15: 7 | D15: 1
B16: تحت 7 و تحت 9 | C16: 8 | D16: 1
B17: تحت 7 و تحت 9 | C17: 9 | D17: 1
B18: تحت 7 و تحت 9 | C18: 10 | D18: 1
B19: تحت 7 و تحت 9 | C19: 11 | D19: 1
B20: تحت 7 و تحت 9 | C20: 12 | D20: 2
B21: تحت 7 و تحت 9 | C21: 13 | D21: 1
... B97: تحت 14 | C97: 48 | D97: 8

Sheet عدد الملاعب_بناء على الجداول
B2: ملخص الملاعب لكل يوم (المجموعات المكتملة فقط)
B3: الفئة | C3: اليوم | D3: نوع الملعب | E3: المجموعات | F3: عدد الفرق | G3: ملاعب قانونية
B4: =المدخلات!$AC$6 -> تحت 5 | C4: =المدخلات!$AD$6 -> السبت | D4: =المدخلات!$AE$6 -> 5 ضد 5 | E4: =COUNTIFS($C$14:$C$204,المدخلات!$AC$6,$G$14:$G$204,">="&الحد_الأدنى) -> 20 | F4: =SUMIFS($G$14:$G$204,$C$14:$C$204,المدخلات!$AC$6,$G$14:$G$204,">="&الحد_الأدنى) -> 240 | G4: =SUMIFS($K$14:$K$204,$C$14:$C$204,المدخلات!$AC$6) -> 16
B5: =المدخلات!$AC$7 -> تحت 7 | C5: =المدخلات!$AD$7 -> السبت | D5: =المدخلات!$AE$7 -> 7 ضد 7 | E5: =COUNTIFS($C$14:$C$204,المدخلات!$AC$7,$G$14:$G$204,">="&الحد_الأدنى) -> 23 | F5: =SUMIFS($G$14:$G$204,$C$14:$C$204,المدخلات!$AC$7,$G$14:$G$204,">="&الحد_الأدنى) -> 347 | G5: =SUMIFS($K$14:$K$204,$C$14:$C$204,المدخلات!$AC$7) -> 21
B6: =المدخلات!$AC$8 -> تحت 9 | C6: =المدخلات!$AD$8 -> السبت | D6: =المدخلات!$AE$8 -> 7 ضد 7 | E6: =COUNTIFS($C$14:$C$204,المدخلات!$AC$8,$G$14:$G$204,">="&الحد_الأدنى) -> 25 | F6: =SUMIFS($G$14:$G$204,$C$14:$C$204,المدخلات!$AC$8,$G$14:$G$204,">="&الحد_الأدنى) -> 398 | G6: =SUMIFS($K$14:$K$204,$C$14:$C$204,المدخلات!$AC$8) -> 31
B7: =المدخلات!$AC$9 -> تحت 11 | C7: =المدخلات!$AD$9 -> الأحد | D7: =المدخلات!$AE$9 -> 7 ضد 7 | E7: =COUNTIFS($C$14:$C$204,المدخلات!$AC$9,$G$14:$G$204,">="&الحد_الأدنى) -> 24 | F7: =SUMIFS($G$14:$G$204,$C$14:$C$204,المدخلات!$AC$9,$G$14:$G$204,">="&الحد_الأدنى) -> 369 | G7: =SUMIFS($K$14:$K$204,$C$14:$C$204,المدخلات!$AC$9) -> 21
B8: =المدخلات!$AC$10 -> تحت 12 | C8: =المدخلات!$AD$10 -> الاثنين | D8: =المدخلات!$AE$10 -> 7 ضد 7 | E8: =COUNTIFS($C$14:$C$204,المدخلات!$AC$10,$G$14:$G$204,">="&الحد_الأدنى) -> 27 | F8: =SUMIFS($G$14:$G$204,$C$14:$C$204,المدخلات!$AC$10,$G$14:$G$204,">="&الحد_الأدنى) -> 392 | G8: =SUMIFS($K$14:$K$204,$C$14:$C$204,المدخلات!$AC$10) -> 33
B9: =المدخلات!$AC$11 -> تحت 13 | C9: =المدخلات!$AD$11 -> الخميس | D9: =المدخلات!$AE$11 -> قانوني | E9: =COUNTIFS($C$14:$C$204,المدخلات!$AC$11,$G$14:$G$204,">="&الحد_الأدنى) -> 27 | F9: =SUMIFS($G$14:$G$204,$C$14:$C$204,المدخلات!$AC$11,$G$14:$G$204,">="&الحد_الأدنى) -> 403 | G9: =SUMIFS($K$14:$K$204,$C$14:$C$204,المدخلات!$AC$11) -> 35
B10: =المدخلات!$AC$12 -> تحت 14 | C10: =المدخلات!$AD$12 -> الأربعاء | D10: =المدخلات!$AE$12 -> قانوني | E10: =COUNTIFS($C$14:$C$204,المدخلات!$AC$12,$G$14:$G$204,">="&الحد_الأدنى) -> 25 | F10: =SUMIFS($G$14:$G$204,$C$14:$C$204,المدخلات!$AC$12,$G$14:$G$204,">="&الحد_الأدنى) -> 376 | G10: =SUMIFS($K$14:$K$204,$C$14:$C$204,المدخلات!$AC$12) -> 36
B11: الإجمالي | E11: =SUM(E4:E10) -> 171 | F11: =SUM(F4:F10) -> 2525 | G11: =SUM(G4:G10) -> 193
B13: المنطقة | C13: الفئة | D13: اليوم | E13: المجموعة | F13: المدن | G13: عدد الفرق | H13: نوع الملعب | I13: عدد المباريات في اليوم | J13: ملاعب اللعب المطلوبة | K13: ملاعب قانونية معادلة
B14: ='عدد اللاعبين'!B3 | C14: ='عدد اللاعبين'!C3 -> #REF! | D14: =IFERROR(INDEX(المدخلات!$AD$6:$AD$12,MATCH($C14,المدخلات!$AC$6:$AC$12,0)),"") | E14: ='عدد اللاعبين'!D3 -> #REF! | F14: ='عدد اللاعبين'!F3 -> نجران | G14: ='عدد اللاعبين'!G3 -> 5 | H14: =IFERROR(INDEX(المدخلات!$AE$6:$AE$12,MATCH($C14,المدخلات!$AC$6:$AC$12,0)),"") | I14: =IF($G14<الحد_الأدنى,0,ROUNDDOWN($G14/فرق_المباراة,0)) -> 0 | J14: =ROUNDUP($I14/IFERROR(INDEX(المدخلات!$AJ$6:$AJ$12,MATCH($C14,المدخلات!$AC$6:$AC$12,0)),1),0) -> 0 | K14: =IF($G14<الحد_الأدنى,0,IFERROR(SUMIFS(Sheet1!$D$3:$D$97,Sheet1!$B$3:$B$97,INDEX(Sheet1!$G$3:$G$9,MATCH($C14,Sheet1!$F$3:$F$9,0)),Sheet1!$C$3:$C$97,$G14),0)) -> 0
B15: ='عدد اللاعبين'!B4 | C15: ='عدد اللاعبين'!C4 -> #REF! | D15: =IFERROR(INDEX(المدخلات!$AD$6:$AD$12,MATCH($C15,المدخلات!$AC$6:$AC$12,0)),"") | E15: ='عدد اللاعبين'!D4 -> #REF! | F15: ='عدد اللاعبين'!F4 -> طبرجل | G15: ='عدد اللاعبين'!G4 -> 5 | H15: =IFERROR(INDEX(المدخلات!$AE$6:$AE$12,MATCH($C15,المدخلات!$AC$6:$AC$12,0)),"") | I15: =IF($G15<الحد_الأدنى,0,ROUNDDOWN($G15/فرق_المباراة,0)) -> 0 | J15: =ROUNDUP($I15/IFERROR(INDEX(المدخلات!$AJ$6:$AJ$12,MATCH($C15,المدخلات!$AC$6:$AC$12,0)),1),0) -> 0 | K15: =IF($G15<الحد_الأدنى,0,IFERROR(SUMIFS(Sheet1!$D$3:$D$97,Sheet1!$B$3:$B$97,INDEX(Sheet1!$G$3:$G$9,MATCH($C15,Sheet1!$F$3:$F$9,0)),Sheet1!$C$3:$C$97,$G15),0)) -> 0
B16: ='عدد اللاعبين'!B5 | C16: ='عدد اللاعبين'!C5 -> #REF! | D16: =IFERROR(INDEX(المدخلات!$AD$6:$AD$12,MATCH($C16,المدخلات!$AC$6:$AC$12,0)),"") | E16: ='عدد اللاعبين'!D5 -> #REF! | F16: ='عدد اللاعبين'!F5 -> طبرجل | G16: ='عدد اللاعبين'!G5 -> 5 | H16: =IFERROR(INDEX(المدخلات!$AE$6:$AE$12,MATCH($C16,المدخلات!$AC$6:$AC$12,0)),"") | I16: =IF($G16<الحد_الأدنى,0,ROUNDDOWN($G16/فرق_المباراة,0)) -> 0 | J16: =ROUNDUP($I16/IFERROR(INDEX(المدخلات!$AJ$6:$AJ$12,MATCH($C16,المدخلات!$AC$6:$AC$12,0)),1),0) -> 0 | K16: =IF($G16<الحد_الأدنى,0,IFERROR(SUMIFS(Sheet1!$D$3:$D$97,Sheet1!$B$3:$B$97,INDEX(Sheet1!$G$3:$G$9,MATCH($C16,Sheet1!$F$3:$F$9,0)),Sheet1!$C$3:$C$97,$G16),0)) -> 0
B17: ='عدد اللاعبين'!B6 | C17: ='عدد اللاعبين'!C6 -> #REF! | D17: =IFERROR(INDEX(المدخلات!$AD$6:$AD$12,MATCH($C17,المدخلات!$AC$6:$AC$12,0)),"") | E17: ='عدد اللاعبين'!D6 -> #REF! | F17: ='عدد اللاعبين'!F6 -> الخرج | G17: ='عدد اللاعبين'!G6 -> 5 | H17: =IFERROR(INDEX(المدخلات!$AE$6:$AE$12,MATCH($C17,المدخلات!$AC$6:$AC$12,0)),"") | I17: =IF($G17<الحد_الأدنى,0,ROUNDDOWN($G17/فرق_المباراة,0)) -> 0 | J17: =ROUNDUP($I17/IFERROR(INDEX(المدخلات!$AJ$6:$AJ$12,MATCH($C17,المدخلات!$AC$6:$AC$12,0)),1),0) -> 0 | K17: =IF($G17<الحد_الأدنى,0,IFERROR(SUMIFS(Sheet1!$D$3:$D$97,Sheet1!$B$3:$B$97,INDEX(Sheet1!$G$3:$G$9,MATCH($C17,Sheet1!$F$3:$F$9,0)),Sheet1!$C$3:$C$97,$G17),0)) -> 0
B18: ='عدد اللاعبين'!B7 | C18: ='عدد اللاعبين'!C7 -> #REF! | D18: =IFERROR(INDEX(المدخلات!$AD$6:$AD$12,MATCH($C18,المدخلات!$AC$6:$AC$12,0)),"") | E18: ='عدد اللاعبين'!D7 -> #REF! | F18: ='عدد اللاعبين'!F7 -> طبرجل | G18: ='عدد اللاعبين'!G7 -> 5 | H18: =IFERROR(INDEX(المدخلات!$AE$6:$AE$12,MATCH($C18,المدخلات!$AC$6:$AC$12,0)),"") | I18: =IF($G18<الحد_الأدنى,0,ROUNDDOWN($G18/فرق_المباراة,0)) -> 0 | J18: =ROUNDUP($I18/IFERROR(INDEX(المدخلات!$AJ$6:$AJ$12,MATCH($C18,المدخلات!$AC$6:$AC$12,0)),1),0) -> 0 | K18: =IF($G18<الحد_الأدنى,0,IFERROR(SUMIFS(Sheet1!$D$3:$D$97,Sheet1!$B$3:$B$97,INDEX(Sheet1!$G$3:$G$9,MATCH($C18,Sheet1!$F$3:$F$9,0)),Sheet1!$C$3:$C$97,$G18),0)) -> 0
B19: ='عدد اللاعبين'!B8 | C19: ='عدد اللاعبين'!C8 -> #REF! | D19: =IFERROR(INDEX(المدخلات!$AD$6:$AD$12,MATCH($C19,المدخلات!$AC$6:$AC$12,0)),"") | E19: ='عدد اللاعبين'!D8 -> #REF! | F19: ='عدد اللاعبين'!F8 -> طبرجل | G19: ='عدد اللاعبين'!G8 -> 5 | H19: =IFERROR(INDEX(المدخلات!$AE$6:$AE$12,MATCH($C19,المدخلات!$AC$6:$AC$12,0)),"") | I19: =IF($G19<الحد_الأدنى,0,ROUNDDOWN($G19/فرق_المباراة,0)) -> 0 | J19: =ROUNDUP($I19/IFERROR(INDEX(المدخلات!$AJ$6:$AJ$12,MATCH($C19,المدخلات!$AC$6:$AC$12,0)),1),0) -> 0 | K19: =IF($G19<الحد_الأدنى,0,IFERROR(SUMIFS(Sheet1!$D$3:$D$97,Sheet1!$B$3:$B$97,INDEX(Sheet1!$G$3:$G$9,MATCH($C19,Sheet1!$F$3:$F$9,0)),Sheet1!$C$3:$C$97,$G19),0)) -> 0
B20: ='عدد اللاعبين'!B9 | C20: ='عدد اللاعبين'!C9 -> #REF! | D20: =IFERROR(INDEX(المدخلات!$AD$6:$AD$12,MATCH($C20,المدخلات!$AC$6:$AC$12,0)),"") | E20: ='عدد اللاعبين'!D9 -> #REF! | F20: ='عدد اللاعبين'!F9 -> شرورة | G20: ='عدد اللاعبين'!G9 -> 5 | H20: =IFERROR(INDEX(المدخلات!$AE$6:$AE$12,MATCH($C20,المدخلات!$AC$6:$AC$12,0)),"") | I20: =IF($G20<الحد_الأدنى,0,ROUNDDOWN($G20/فرق_المباراة,0)) -> 0 | J20: =ROUNDUP($I20/IFERROR(INDEX(المدخلات!$AJ$6:$AJ$12,MATCH($C20,المدخلات!$AC$6:$AC$12,0)),1),0) -> 0 | K20: =IF($G20<الحد_الأدنى,0,IFERROR(SUMIFS(Sheet1!$D$3:$D$97,Sheet1!$B$3:$B$97,INDEX(Sheet1!$G$3:$G$9,MATCH($C20,Sheet1!$F$3:$F$9,0)),Sheet1!$C$3:$C$97,$G20),0)) -> 0
B21: ='عدد اللاعبين'!B10 -> نجران | C21: ='عدد اللاعبين'!C10 -> تحت 14 | D21: =IFERROR(INDEX(المدخلات!$AD$6:$AD$12,MATCH($C21,المدخلات!$AC$6:$AC$12,0)),"") -> الأربعاء | E21: ='عدد اللاعبين'!D10 -> مجموعة نجران | F21: ='عدد اللاعبين'!F10 -> شرورة | G21: ='عدد اللاعبين'!G10 -> 5 | H21: =IFERROR(INDEX(المدخلات!$AE$6:$AE$12,MATCH($C21,المدخلات!$AC$6:$AC$12,0)),"") -> قانوني | I21: =IF($G21<الحد_الأدنى,0,ROUNDDOWN($G21/فرق_المباراة,0)) -> 0 | J21: =ROUNDUP($I21/IFERROR(INDEX(المدخلات!$AJ$6:$AJ$12,MATCH($C21,المدخلات!$AC$6:$AC$12,0)),1),0) -> 0 | K21: =IF($G21<الحد_الأدنى,0,IFERROR(SUMIFS(Sheet1!$D$3:$D$97,Sheet1!$B$3:$B$97,INDEX(Sheet1!$G$3:$G$9,MATCH($C21,Sheet1!$F$3:$F$9,0)),Sheet1!$C$3:$C$97,$G21),0)) -> 0
B22: ='عدد اللاعبين'!B11 -> الجوف | C22: ='عدد اللاعبين'!C11 -> تحت 5 | D22: =IFERROR(INDEX(المدخلات!$AD$6:$AD$12,MATCH($C22,المدخلات!$AC$6:$AC$12,0)),"") -> السبت | E22: ='عدد اللاعبين'!D11 -> مجموعة طبرجل | F22: ='عدد اللاعبين'!F11 -> الدوادمي | G22: ='عدد اللاعبين'!G11 -> 5 | H22: =IFERROR(INDEX(المدخلات!$AE$6:$AE$12,MATCH($C22,المدخلات!$AC$6:$AC$12,0)),"") -> 5 ضد 5 | I22: =IF($G22<الحد_الأدنى,0,ROUNDDOWN($G22/فرق_المباراة,0)) -> 0 | J22: =ROUNDUP($I22/IFERROR(INDEX(المدخلات!$AJ$6:$AJ$12,MATCH($C22,المدخلات!$AC$6:$AC$12,0)),1),0) -> 0 | K22: =IF($G22<الحد_الأدنى,0,IFERROR(SUMIFS(Sheet1!$D$3:$D$97,Sheet1!$B$3:$B$97,INDEX(Sheet1!$G$3:$G$9,MATCH($C22,Sheet1!$F$3:$F$9,0)),Sheet1!$C$3:$C$97,$G22),0)) -> 0
B23: ='عدد اللاعبين'!B12 -> الجوف | C23: ='عدد اللاعبين'!C12 -> تحت 7 | D23: =IFERROR(INDEX(المدخلات!$AD$6:$AD$12,MATCH($C23,المدخلات!$AC$6:$AC$12,0)),"") -> السبت | E23: ='عدد اللاعبين'!D12 -> مجموعة طبرجل | F23: ='عدد اللاعبين'!F12 -> القريات | G23: ='عدد اللاعبين'!G12 -> 5 | H23: =IFERROR(INDEX(المدخلات!$AE$6:$AE$12,MATCH($C23,المدخلات!$AC$6:$AC$12,0)),"") -> 7 ضد 7 | I23: =IF($G23<الحد_الأدنى,0,ROUNDDOWN($G23/فرق_المباراة,0)) -> 0 | J23: =ROUNDUP($I23/IFERROR(INDEX(المدخلات!$AJ$6:$AJ$12,MATCH($C23,المدخلات!$AC$6:$AC$12,0)),1),0) -> 0 | K23: =IF($G23<الحد_الأدنى,0,IFERROR(SUMIFS(Sheet1!$D$3:$D$97,Sheet1!$B$3:$B$97,INDEX(Sheet1!$G$3:$G$9,MATCH($C23,Sheet1!$F$3:$F$9,0)),Sheet1!$C$3:$C$97,$G23),0)) -> 0
B24: ='عدد اللاعبين'!B13 -> الرياض | C24: ='عدد اللاعبين'!C13 -> تحت 9 | D24: =IFERROR(INDEX(المدخلات!$AD$6:$AD$12,MATCH($C24,المدخلات!$AC$6:$AC$12,0)),"") -> السبت | E24: ='عدد اللاعبين'!D13 -> مجموعة الخرج | F24: ='عدد اللاعبين'!F13 -> القريات | G24: ='عدد اللاعبين'!G13 -> 5 | H24: =IFERROR(INDEX(المدخلات!$AE$6:$AE$12,MATCH($C24,المدخلات!$AC$6:$AC$12,0)),"") -> 7 ضد 7 | I24: =IF($G24<الحد_الأدنى,0,ROUNDDOWN($G24/فرق_المباراة,0)) -> 0 | J24: =ROUNDUP($I24/IFERROR(INDEX(المدخلات!$AJ$6:$AJ$12,MATCH($C24,المدخلات!$AC$6:$AC$12,0)),1),0) -> 0 | K24: =IF($G24<الحد_الأدنى,0,IFERROR(SUMIFS(Sheet1!$D$3:$D$97,Sheet1!$B$3:$B$97,INDEX(Sheet1!$G$3:$G$9,MATCH($C24,Sheet1!$F$3:$F$9,0)),Sheet1!$C$3:$C$97,$G24),0)) -> 0
B25: ='عدد اللاعبين'!B14 -> الجوف | C25: ='عدد اللاعبين'!C14 -> تحت 12 | D25: =IFERROR(INDEX(المدخلات!$AD$6:$AD$12,MATCH($C25,المدخلات!$AC$6:$AC$12,0)),"") -> الاثنين | E25: ='عدد اللاعبين'!D14 -> مجموعة طبرجل | F25: ='عدد اللاعبين'!F14 -> القريات | G25: ='عدد اللاعبين'!G14 -> 5 | H25: =IFERROR(INDEX(المدخلات!$AE$6:$AE$12,MATCH($C25,المدخلات!$AC$6:$AC$12,0)),"") -> 7 ضد 7 | I25: =IF($G25<الحد_الأدنى,0,ROUNDDOWN($G25/فرق_المباراة,0)) -> 0 | J25: =ROUNDUP($I25/IFERROR(INDEX(المدخلات!$AJ$6:$AJ$12,MATCH($C25,المدخلات!$AC$6:$AC$12,0)),1),0) -> 0 | K25: =IF($G25<الحد_الأدنى,0,IFERROR(SUMIFS(Sheet1!$D$3:$D$97,Sheet1!$B$3:$B$97,INDEX(Sheet1!$G$3:$G$9,MATCH($C25,Sheet1!$F$3:$F$9,0)),Sheet1!$C$3:$C$97,$G25),0)) -> 0
... B204: ='عدد اللاعبين'!B193 -> مكة المكرمة | C204: ='عدد اللاعبين'!C193 -> تحت 12 | D204: =IFERROR(INDEX(المدخلات!$AD$6:$AD$12,MATCH($C204,المدخلات!$AC$6:$AC$12,0)),"") -> الاثنين | E204: ='عدد اللاعبين'!D193 -> مجموعة جدة | F204: ='عدد اللاعبين'!F193 -> #VALUE! | G204: ='عدد اللاعبين'!G193 -> 0 | H204: =IFERROR(INDEX(المدخلات!$AE$6:$AE$12,MATCH($C204,المدخلات!$AC$6:$AC$12,0)),"") -> 7 ضد 7 | I204: =IF($G204<الحد_الأدنى,0,ROUNDDOWN($G204/فرق_المباراة,0)) -> 0 | J204: =ROUNDUP($I204/IFERROR(INDEX(المدخلات!$AJ$6:$AJ$12,MATCH($C204,المدخلات!$AC$6:$AC$12,0)),1),0) -> 0 | K204: =IF($G204<الحد_الأدنى,0,IFERROR(SUMIFS(Sheet1!$D$3:$D$97,Sheet1!$B$3:$B$97,INDEX(Sheet1!$G$3:$G$9,MATCH($C204,Sheet1!$F$3:$F$9,0)),Sheet1!$C$3:$C$97,$G204),0)) -> 0
B209: الطلب لكل مجموعة — الملاعب القانونية المطلوبة
B210: المنطقة | C210: المجموعة | D210: المدن | E210: تحت 5 / 7 / 9 (الأعلى) | F210: =المدخلات!$AC$9 -> تحت 11 | G210: =المدخلات!$AC$10 -> تحت 12 | H210: =المدخلات!$AC$11 -> تحت 13 | I210: =المدخلات!$AC$12 -> تحت 14 | J210: أقصى ملاعب في يوم واحد | K210: إجمالي الفرق | L210: الحالة
B211: — | C211: — | D211: — | E211: =المدخلات!$AD$6 -> السبت | F211: =المدخلات!$AD$9 -> الأحد | G211: =المدخلات!$AD$10 -> الاثنين | H211: =المدخلات!$AD$11 -> الخميس | I211: =المدخلات!$AD$12 -> الأربعاء | J211: — | K211: — | L211: —
B212: الباحة | C212: مجموعة الباحة | D212: =IFERROR(INDEX('عدد اللاعبين'!$F$3:$F$193,MATCH($C212,'عدد اللاعبين'!$D$3:$D$193,0)),"") -> الباحة، بلقرن | E212: =MAX(SUMIFS($K$14:$K$204,$E$14:$E$204,$C212,$C$14:$C$204,المدخلات!$AC$6),SUMIFS($K$14:$K$204,$E$14:$E$204,$C212,$C$14:$C$204,المدخلات!$AC$7),SUMIFS($K$14:$K$204,$E$14:$E$204,$C212,$C$14:$C$204,المدخلات!$AC$8)) -> 1 | F212: =SUMIFS($K$14:$K$204,$E$14:$E$204,$C212,$C$14:$C$204,المدخلات!$AC$9) -> 0 | G212: =SUMIFS($K$14:$K$204,$E$14:$E$204,$C212,$C$14:$C$204,المدخلات!$AC$10) -> 1 | H212: =SUMIFS($K$14:$K$204,$E$14:$E$204,$C212,$C$14:$C$204,المدخلات!$AC$11) -> 1 | I212: =SUMIFS($K$14:$K$204,$E$14:$E$204,$C212,$C$14:$C$204,المدخلات!$AC$12) -> 1 | J212: =MAX($E212:$I212) -> 1 | K212: =SUMIFS($G$14:$G$204,$E$14:$E$204,$C212,$G$14:$G$204,">="&الحد_الأدنى) -> 33 | L212: =IF($K212=0,"غير مكتملة","مكتملة") -> مكتملة
B213: الجوف | C213: مجموعة القريات | D213: =IFERROR(INDEX('عدد اللاعبين'!$F$3:$F$193,MATCH($C213,'عدد اللاعبين'!$D$3:$D$193,0)),"") -> الباحة | E213: =MAX(SUMIFS($K$14:$K$204,$E$14:$E$204,$C213,$C$14:$C$204,المدخلات!$AC$6),SUMIFS($K$14:$K$204,$E$14:$E$204,$C213,$C$14:$C$204,المدخلات!$AC$7),SUMIFS($K$14:$K$204,$E$14:$E$204,$C213,$C$14:$C$204,المدخلات!$AC$8)) -> 1 | F213: =SUMIFS($K$14:$K$204,$E$14:$E$204,$C213,$C$14:$C$204,المدخلات!$AC$9) -> 1 | G213: =SUMIFS($K$14:$K$204,$E$14:$E$204,$C213,$C$14:$C$204,المدخلات!$AC$10) -> 1 | H213: =SUMIFS($K$14:$K$204,$E$14:$E$204,$C213,$C$14:$C$204,المدخلات!$AC$11) -> 1 | I213: =SUMIFS($K$14:$K$204,$E$14:$E$204,$C213,$C$14:$C$204,المدخلات!$AC$12) -> 1 | J213: =MAX($E213:$I213) -> 1 | K213: =SUMIFS($G$14:$G$204,$E$14:$E$204,$C213,$G$14:$G$204,">="&الحد_الأدنى) -> 46 | L213: =IF($K213=0,"غير مكتملة","مكتملة") -> مكتملة
B214: الجوف | C214: مجموعة سكاكا | D214: =IFERROR(INDEX('عدد اللاعبين'!$F$3:$F$193,MATCH($C214,'عدد اللاعبين'!$D$3:$D$193,0)),"") -> أحد المسارحة | E214: =MAX(SUMIFS($K$14:$K$204,$E$14:$E$204,$C214,$C$14:$C$204,المدخلات!$AC$6),SUMIFS($K$14:$K$204,$E$14:$E$204,$C214,$C$14:$C$204,المدخلات!$AC$7),SUMIFS($K$14:$K$204,$E$14:$E$204,$C214,$C$14:$C$204,المدخلات!$AC$8)) -> 2 | F214: =SUMIFS($K$14:$K$204,$E$14:$E$204,$C214,$C$14:$C$204,المدخلات!$AC$9) -> 0 | G214: =SUMIFS($K$14:$K$204,$E$14:$E$204,$C214,$C$14:$C$204,المدخلات!$AC$10) -> 1 | H214: =SUMIFS($K$14:$K$204,$E$14:$E$204,$C214,$C$14:$C$204,المدخلات!$AC$11) -> 2 | I214: =SUMIFS($K$14:$K$204,$E$14:$E$204,$C214,$C$14:$C$204,المدخلات!$AC$12) -> 0 | J214: =MAX($E214:$I214) -> 2 | K214: =SUMIFS($G$14:$G$204,$E$14:$E$204,$C214,$G$14:$G$204,">="&الحد_الأدنى) -> 81 | L214: =IF($K214=0,"غير مكتملة","مكتملة") -> مكتملة
B215: الجوف | C215: مجموعة طبرجل | D215: =IFERROR(INDEX('عدد اللاعبين'!$F$3:$F$193,MATCH($C215,'عدد اللاعبين'!$D$3:$D$193,0)),"") -> الدوادمي | E215: =MAX(SUMIFS($K$14:$K$204,$E$14:$E$204,$C215,$C$14:$C$204,المدخلات!$AC$6),SUMIFS($K$14:$K$204,$E$14:$E$204,$C215,$C$14:$C$204,المدخلات!$AC$7),SUMIFS($K$14:$K$204,$E$14:$E$204,$C215,$C$14:$C$204,المدخلات!$AC$8)) -> 1 | F215: =SUMIFS($K$14:$K$204,$E$14:$E$204,$C215,$C$14:$C$204,المدخلات!$AC$9) -> 0 | G215: =SUMIFS($K$14:$K$204,$E$14:$E$204,$C215,$C$14:$C$204,المدخلات!$AC$10) -> 0 | H215: =SUMIFS($K$14:$K$204,$E$14:$E$204,$C215,$C$14:$C$204,المدخلات!$AC$11) -> 0 | I215: =SUMIFS($K$14:$K$204,$E$14:$E$204,$C215,$C$14:$C$204,المدخلات!$AC$12) -> 0 | J215: =MAX($E215:$I215) -> 1 | K215: =SUMIFS($G$14:$G$204,$E$14:$E$204,$C215,$G$14:$G$204,">="&الحد_الأدنى) -> 7 | L215: =IF($K215=0,"غير مكتملة","مكتملة") -> مكتملة
B216: الحدود الشمالية | C216: مجموعة الحدود الشمالية | D216: =IFERROR(INDEX('عدد اللاعبين'!$F$3:$F$193,MATCH($C216,'عدد اللاعبين'!$D$3:$D$193,0)),"") | E216: =MAX(SUMIFS($K$14:$K$204,$E$14:$E$204,$C216,$C$14:$C$204,المدخلات!$AC$6),SUMIFS($K$14:$K$204,$E$14:$E$204,$C216,$C$14:$C$204,المدخلات!$AC$7),SUMIFS($K$14:$K$204,$E$14:$E$204,$C216,$C$14:$C$204,المدخلات!$AC$8)) -> 0 | F216: =SUMIFS($K$14:$K$204,$E$14:$E$204,$C216,$C$14:$C$204,المدخلات!$AC$9) -> 0 | G216: =SUMIFS($K$14:$K$204,$E$14:$E$204,$C216,$C$14:$C$204,المدخلات!$AC$10) -> 0 | H216: =SUMIFS($K$14:$K$204,$E$14:$E$204,$C216,$C$14:$C$204,المدخلات!$AC$11) -> 0 | I216: =SUMIFS($K$14:$K$204,$E$14:$E$204,$C216,$C$14:$C$204,المدخلات!$AC$12) -> 0 | J216: =MAX($E216:$I216) -> 0 | K216: =SUMIFS($G$14:$G$204,$E$14:$E$204,$C216,$G$14:$G$204,">="&الحد_الأدنى) -> 0 | L216: =IF($K216=0,"غير مكتملة","مكتملة") -> غير مكتملة
B217: الرياض | C217: مجموعة الخرج | D217: =IFERROR(INDEX('عدد اللاعبين'!$F$3:$F$193,MATCH($C217,'عدد اللاعبين'!$D$3:$D$193,0)),"") -> القريات | E217: =MAX(SUMIFS($K$14:$K$204,$E$14:$E$204,$C217,$C$14:$C$204,المدخلات!$AC$6),SUMIFS($K$14:$K$204,$E$14:$E$204,$C217,$C$14:$C$204,المدخلات!$AC$7),SUMIFS($K$14:$K$204,$E$14:$E$204,$C217,$C$14:$C$204,المدخلات!$AC$8)) -> 0 | F217: =SUMIFS($K$14:$K$204,$E$14:$E$204,$C217,$C$14:$C$204,المدخلات!$AC$9) -> 0 | G217: =SUMIFS($K$14:$K$204,$E$14:$E$204,$C217,$C$14:$C$204,المدخلات!$AC$10) -> 2 | H217: =SUMIFS($K$14:$K$204,$E$14:$E$204,$C217,$C$14:$C$204,المدخلات!$AC$11) -> 2 | I217: =SUMIFS($K$14:$K$204,$E$14:$E$204,$C217,$C$14:$C$204,المدخلات!$AC$12) -> 1 | J217: =MAX($E217:$I217) -> 2 | K217: =SUMIFS($G$14:$G$204,$E$14:$E$204,$C217,$G$14:$G$204,">="&الحد_الأدنى) -> 40 | L217: =IF($K217=0,"غير مكتملة","مكتملة") -> مكتملة
B218: الرياض | C218: مجموعة الدوادمي | D218: =IFERROR(INDEX('عدد اللاعبين'!$F$3:$F$193,MATCH($C218,'عدد اللاعبين'!$D$3:$D$193,0)),"") -> الباحة، بلقرن، العقيق | E218: =MAX(SUMIFS($K$14:$K$204,$E$14:$E$204,$C218,$C$14:$C$204,المدخلات!$AC$6),SUMIFS($K$14:$K$204,$E$14:$E$204,$C218,$C$14:$C$204,المدخلات!$AC$7),SUMIFS($K$14:$K$204,$E$14:$E$204,$C218,$C$14:$C$204,المدخلات!$AC$8)) -> 1 | F218: =SUMIFS($K$14:$K$204,$E$14:$E$204,$C218,$C$14:$C$204,المدخلات!$AC$9) -> 0 | G218: =SUMIFS($K$14:$K$204,$E$14:$E$204,$C218,$C$14:$C$204,المدخلات!$AC$10) -> 0 | H218: =SUMIFS($K$14:$K$204,$E$14:$E$204,$C218,$C$14:$C$204,المدخلات!$AC$11) -> 0 | I218: =SUMIFS($K$14:$K$204,$E$14:$E$204,$C218,$C$14:$C$204,المدخلات!$AC$12) -> 0 | J218: =MAX($E218:$I218) -> 1 | K218: =SUMIFS($G$14:$G$204,$E$14:$E$204,$C218,$G$14:$G$204,">="&الحد_الأدنى) -> 6 | L218: =IF($K218=0,"غير مكتملة","مكتملة") -> مكتملة
B219: الرياض | C219: مجموعة الرياض | D219: =IFERROR(INDEX('عدد اللاعبين'!$F$3:$F$193,MATCH($C219,'عدد اللاعبين'!$D$3:$D$193,0)),"") -> مكة المكرمة | E219: =MAX(SUMIFS($K$14:$K$204,$E$14:$E$204,$C219,$C$14:$C$204,المدخلات!$AC$6),SUMIFS($K$14:$K$204,$E$14:$E$204,$C219,$C$14:$C$204,المدخلات!$AC$7),SUMIFS($K$14:$K$204,$E$14:$E$204,$C219,$C$14:$C$204,المدخلات!$AC$8)) -> 0 | F219: =SUMIFS($K$14:$K$204,$E$14:$E$204,$C219,$C$14:$C$204,المدخلات!$AC$9) -> 0 | G219: =SUMIFS($K$14:$K$204,$E$14:$E$204,$C219,$C$14:$C$204,المدخلات!$AC$10) -> 0 | H219: =SUMIFS($K$14:$K$204,$E$14:$E$204,$C219,$C$14:$C$204,المدخلات!$AC$11) -> 0 | I219: =SUMIFS($K$14:$K$204,$E$14:$E$204,$C219,$C$14:$C$204,المدخلات!$AC$12) -> 0 | J219: =MAX($E219:$I219) -> 0 | K219: =SUMIFS($G$14:$G$204,$E$14:$E$204,$C219,$G$14:$G$204,">="&الحد_الأدنى) -> 151 | L219: =IF($K219=0,"غير مكتملة","مكتملة") -> مكتملة
B220: الرياض | C220: مجموعة الزلفي | D220: =IFERROR(INDEX('عدد اللاعبين'!$F$3:$F$193,MATCH($C220,'عدد اللاعبين'!$D$3:$D$193,0)),"") | E220: =MAX(SUMIFS($K$14:$K$204,$E$14:$E$204,$C220,$C$14:$C$204,المدخلات!$AC$6),SUMIFS($K$14:$K$204,$E$14:$E$204,$C220,$C$14:$C$204,المدخلات!$AC$7),SUMIFS($K$14:$K$204,$E$14:$E$204,$C220,$C$14:$C$204,المدخلات!$AC$8)) -> 0 | F220: =SUMIFS($K$14:$K$204,$E$14:$E$204,$C220,$C$14:$C$204,المدخلات!$AC$9) -> 0 | G220: =SUMIFS($K$14:$K$204,$E$14:$E$204,$C220,$C$14:$C$204,المدخلات!$AC$10) -> 0 | H220: =SUMIFS($K$14:$K$204,$E$14:$E$204,$C220,$C$14:$C$204,المدخلات!$AC$11) -> 0 | I220: =SUMIFS($K$14:$K$204,$E$14:$E$204,$C220,$C$14:$C$204,المدخلات!$AC$12) -> 0 | J220: =MAX($E220:$I220) -> 0 | K220: =SUMIFS($G$14:$G$204,$E$14:$E$204,$C220,$G$14:$G$204,">="&الحد_الأدنى) -> 0 | L220: =IF($K220=0,"غير مكتملة","مكتملة") -> غير مكتملة
B221: الرياض | C221: مجموعة المجمعة | D221: =IFERROR(INDEX('عدد اللاعبين'!$F$3:$F$193,MATCH($C221,'عدد اللاعبين'!$D$3:$D$193,0)),"") | E221: =MAX(SUMIFS($K$14:$K$204,$E$14:$E$204,$C221,$C$14:$C$204,المدخلات!$AC$6),SUMIFS($K$14:$K$204,$E$14:$E$204,$C221,$C$14:$C$204,المدخلات!$AC$7),SUMIFS($K$14:$K$204,$E$14:$E$204,$C221,$C$14:$C$204,المدخلات!$AC$8)) -> 0 | F221: =SUMIFS($K$14:$K$204,$E$14:$E$204,$C221,$C$14:$C$204,المدخلات!$AC$9) -> 0 | G221: =SUMIFS($K$14:$K$204,$E$14:$E$204,$C221,$C$14:$C$204,المدخلات!$AC$10) -> 0 | H221: =SUMIFS($K$14:$K$204,$E$14:$E$204,$C221,$C$14:$C$204,المدخلات!$AC$11) -> 0 | I221: =SUMIFS($K$14:$K$204,$E$14:$E$204,$C221,$C$14:$C$204,المدخلات!$AC$12) -> 0 | J221: =MAX($E221:$I221) -> 0 | K221: =SUMIFS($G$14:$G$204,$E$14:$E$204,$C221,$G$14:$G$204,">="&الحد_الأدنى) -> 0 | L221: =IF($K221=0,"غير مكتملة","مكتملة") -> غير مكتملة
B222: الرياض | C222: مجموعة عفيف | D222: =IFERROR(INDEX('عدد اللاعبين'!$F$3:$F$193,MATCH($C222,'عدد اللاعبين'!$D$3:$D$193,0)),"") | E222: =MAX(SUMIFS($K$14:$K$204,$E$14:$E$204,$C222,$C$14:$C$204,المدخلات!$AC$6),SUMIFS($K$14:$K$204,$E$14:$E$204,$C222,$C$14:$C$204,المدخلات!$AC$7),SUMIFS($K$14:$K$204,$E$14:$E$204,$C222,$C$14:$C$204,المدخلات!$AC$8)) -> 0 | F222: =SUMIFS($K$14:$K$204,$E$14:$E$204,$C222,$C$14:$C$204,المدخلات!$AC$9) -> 0 | G222: =SUMIFS($K$14:$K$204,$E$14:$E$204,$C222,$C$14:$C$204,المدخلات!$AC$10) -> 0 | H222: =SUMIFS($K$14:$K$204,$E$14:$E$204,$C222,$C$14:$C$204,المدخلات!$AC$11) -> 0 | I222: =SUMIFS($K$14:$K$204,$E$14:$E$204,$C222,$C$14:$C$204,المدخلات!$AC$12) -> 0 | J222: =MAX($E222:$I222) -> 0 | K222: =SUMIFS($G$14:$G$204,$E$14:$E$204,$C222,$G$14:$G$204,">="&الحد_الأدنى) -> 0 | L222: =IF($K222=0,"غير مكتملة","مكتملة") -> غير مكتملة
B223: الرياض | C223: مجموعة وادي الدواسر | D223: =IFERROR(INDEX('عدد اللاعبين'!$F$3:$F$193,MATCH($C223,'عدد اللاعبين'!$D$3:$D$193,0)),"") | E223: =MAX(SUMIFS($K$14:$K$204,$E$14:$E$204,$C223,$C$14:$C$204,المدخلات!$AC$6),SUMIFS($K$14:$K$204,$E$14:$E$204,$C223,$C$14:$C$204,المدخلات!$AC$7),SUMIFS($K$14:$K$204,$E$14:$E$204,$C223,$C$14:$C$204,المدخلات!$AC$8)) -> 0 | F223: =SUMIFS($K$14:$K$204,$E$14:$E$204,$C223,$C$14:$C$204,المدخلات!$AC$9) -> 0 | G223: =SUMIFS($K$14:$K$204,$E$14:$E$204,$C223,$C$14:$C$204,المدخلات!$AC$10) -> 0 | H223: =SUMIFS($K$14:$K$204,$E$14:$E$204,$C223,$C$14:$C$204,المدخلات!$AC$11) -> 0 | I223: =SUMIFS($K$14:$K$204,$E$14:$E$204,$C223,$C$14:$C$204,المدخلات!$AC$12) -> 0 | J223: =MAX($E223:$I223) -> 0 | K223: =SUMIFS($G$14:$G$204,$E$14:$E$204,$C223,$G$14:$G$204,">="&الحد_الأدنى) -> 0 | L223: =IF($K223=0,"غير مكتملة","مكتملة") -> غير مكتملة
... B260: نجران | C260: مجموعة نجران | D260: =IFERROR(INDEX('عدد اللاعبين'!$F$3:$F$193,MATCH($C260,'عدد اللاعبين'!$D$3:$D$193,0)),"") -> شرورة | E260: =MAX(SUMIFS($K$14:$K$204,$E$14:$E$204,$C260,$C$14:$C$204,المدخلات!$AC$6),SUMIFS($K$14:$K$204,$E$14:$E$204,$C260,$C$14:$C$204,المدخلات!$AC$7),SUMIFS($K$14:$K$204,$E$14:$E$204,$C260,$C$14:$C$204,المدخلات!$AC$8)) -> 0 | F260: =SUMIFS($K$14:$K$204,$E$14:$E$204,$C260,$C$14:$C$204,المدخلات!$AC$9) -> 0 | G260: =SUMIFS($K$14:$K$204,$E$14:$E$204,$C260,$C$14:$C$204,المدخلات!$AC$10) -> 1 | H260: =SUMIFS($K$14:$K$204,$E$14:$E$204,$C260,$C$14:$C$204,المدخلات!$AC$11) -> 1 | I260: =SUMIFS($K$14:$K$204,$E$14:$E$204,$C260,$C$14:$C$204,المدخلات!$AC$12) -> 0 | J260: =MAX($E260:$I260) -> 1 | K260: =SUMIFS($G$14:$G$204,$E$14:$E$204,$C260,$G$14:$G$204,">="&الحد_الأدنى) -> 14 | L260: =IF($K260=0,"غير مكتملة","مكتملة") -> مكتملة
B261: الإجمالي | E261: =SUM(E212:E260) -> 36 | F261: =SUM(F212:F260) -> 21 | G261: =SUM(G212:G260) -> 33 | H261: =SUM(H212:H260) -> 35 | I261: =SUM(I212:I260) -> 36 | J261: =SUM(J212:J260) -> 59 | K261: =SUM(K212:K260) -> 2525 | L261: =COUNTIF(L212:L260,"مكتملة")&" من "&COUNTA(L212:L260) -> 32 من 49

Sheet عدد الملاعب
B2: ملخص الملاعب لكل يوم (المجموعات المكتملة فقط)
B3: الفئة | C3: اليوم | D3: نوع الملعب | E3: المجموعات | F3: عدد الفرق | G3: ملاعب قانونية
B4: =المدخلات!$AC$6 -> تحت 5 | C4: =المدخلات!$AD$6 -> السبت | D4: =المدخلات!$AE$6 -> 5 ضد 5 | E4: =COUNTIFS($C$14:$C$204,المدخلات!$AC$6,$G$14:$G$204,">="&الحد_الأدنى) -> 20 | F4: =SUMIFS($G$14:$G$204,$C$14:$C$204,المدخلات!$AC$6,$G$14:$G$204,">="&الحد_الأدنى) -> 240 | G4: =SUMIFS($K$14:$K$204,$C$14:$C$204,المدخلات!$AC$6) -> 21
B5: =المدخلات!$AC$7 -> تحت 7 | C5: =المدخلات!$AD$7 -> السبت | D5: =المدخلات!$AE$7 -> 7 ضد 7 | E5: =COUNTIFS($C$14:$C$204,المدخلات!$AC$7,$G$14:$G$204,">="&الحد_الأدنى) -> 23 | F5: =SUMIFS($G$14:$G$204,$C$14:$C$204,المدخلات!$AC$7,$G$14:$G$204,">="&الحد_الأدنى) -> 347 | G5: =SUMIFS($K$14:$K$204,$C$14:$C$204,المدخلات!$AC$7) -> 38
B6: =المدخلات!$AC$8 -> تحت 9 | C6: =المدخلات!$AD$8 -> السبت | D6: =المدخلات!$AE$8 -> 7 ضد 7 | E6: =COUNTIFS($C$14:$C$204,المدخلات!$AC$8,$G$14:$G$204,">="&الحد_الأدنى) -> 25 | F6: =SUMIFS($G$14:$G$204,$C$14:$C$204,المدخلات!$AC$8,$G$14:$G$204,">="&الحد_الأدنى) -> 398 | G6: =SUMIFS($K$14:$K$204,$C$14:$C$204,المدخلات!$AC$8) -> 42
B7: =المدخلات!$AC$9 -> تحت 11 | C7: =المدخلات!$AD$9 -> الأحد | D7: =المدخلات!$AE$9 -> 7 ضد 7 | E7: =COUNTIFS($C$14:$C$204,المدخلات!$AC$9,$G$14:$G$204,">="&الحد_الأدنى) -> 24 | F7: =SUMIFS($G$14:$G$204,$C$14:$C$204,المدخلات!$AC$9,$G$14:$G$204,">="&الحد_الأدنى) -> 369 | G7: =SUMIFS($K$14:$K$204,$C$14:$C$204,المدخلات!$AC$9) -> 30
B8: =المدخلات!$AC$10 -> تحت 12 | C8: =المدخلات!$AD$10 -> الاثنين | D8: =المدخلات!$AE$10 -> 7 ضد 7 | E8: =COUNTIFS($C$14:$C$204,المدخلات!$AC$10,$G$14:$G$204,">="&الحد_الأدنى) -> 27 | F8: =SUMIFS($G$14:$G$204,$C$14:$C$204,المدخلات!$AC$10,$G$14:$G$204,">="&الحد_الأدنى) -> 392 | G8: =SUMIFS($K$14:$K$204,$C$14:$C$204,المدخلات!$AC$10) -> 33
B9: =المدخلات!$AC$11 -> تحت 13 | C9: =المدخلات!$AD$11 -> الخميس | D9: =المدخلات!$AE$11 -> قانوني | E9: =COUNTIFS($C$14:$C$204,المدخلات!$AC$11,$G$14:$G$204,">="&الحد_الأدنى) -> 27 | F9: =SUMIFS($G$14:$G$204,$C$14:$C$204,المدخلات!$AC$11,$G$14:$G$204,">="&الحد_الأدنى) -> 403 | G9: =SUMIFS($K$14:$K$204,$C$14:$C$204,المدخلات!$AC$11) -> 75
B10: =المدخلات!$AC$12 -> تحت 14 | C10: =المدخلات!$AD$12 -> الأربعاء | D10: =المدخلات!$AE$12 -> قانوني | E10: =COUNTIFS($C$14:$C$204,المدخلات!$AC$12,$G$14:$G$204,">="&الحد_الأدنى) -> 25 | F10: =SUMIFS($G$14:$G$204,$C$14:$C$204,المدخلات!$AC$12,$G$14:$G$204,">="&الحد_الأدنى) -> 376 | G10: =SUMIFS($K$14:$K$204,$C$14:$C$204,المدخلات!$AC$12) -> 68
B11: الإجمالي | E11: =SUM(E4:E10) -> 171 | F11: =SUM(F4:F10) -> 2525 | G11: =SUM(G4:G10) -> 307
B13: المنطقة | C13: الفئة | D13: اليوم | E13: المجموعة | F13: المدن | G13: عدد الفرق | H13: نوع الملعب | I13: عدد المباريات في اليوم | J13: ملاعب اللعب المطلوبة | K13: ملاعب قانونية معادلة
B14: ='عدد اللاعبين'!B3 | C14: ='عدد اللاعبين'!C3 -> #REF! | D14: =IFERROR(INDEX(المدخلات!$AD$6:$AD$12,MATCH($C14,المدخلات!$AC$6:$AC$12,0)),"") | E14: ='عدد اللاعبين'!D3 -> #REF! | F14: ='عدد اللاعبين'!F3 -> نجران | G14: ='عدد اللاعبين'!G3 -> 5 | H14: =IFERROR(INDEX(المدخلات!$AE$6:$AE$12,MATCH($C14,المدخلات!$AC$6:$AC$12,0)),"") | I14: =IF($G14<الحد_الأدنى,0,ROUNDDOWN($G14/فرق_المباراة,0)) -> 0 | J14: =ROUNDUP($I14/IFERROR(INDEX(المدخلات!$AJ$6:$AJ$12,MATCH($C14,المدخلات!$AC$6:$AC$12,0)),1),0) -> 0 | K14: =ROUNDUP($J14/IFERROR(INDEX(المدخلات!$AF$6:$AF$12,MATCH($C14,المدخلات!$AC$6:$AC$12,0)),1),0) -> 0
B15: ='عدد اللاعبين'!B4 | C15: ='عدد اللاعبين'!C4 -> #REF! | D15: =IFERROR(INDEX(المدخلات!$AD$6:$AD$12,MATCH($C15,المدخلات!$AC$6:$AC$12,0)),"") | E15: ='عدد اللاعبين'!D4 -> #REF! | F15: ='عدد اللاعبين'!F4 -> طبرجل | G15: ='عدد اللاعبين'!G4 -> 5 | H15: =IFERROR(INDEX(المدخلات!$AE$6:$AE$12,MATCH($C15,المدخلات!$AC$6:$AC$12,0)),"") | I15: =IF($G15<الحد_الأدنى,0,ROUNDDOWN($G15/فرق_المباراة,0)) -> 0 | J15: =ROUNDUP($I15/IFERROR(INDEX(المدخلات!$AJ$6:$AJ$12,MATCH($C15,المدخلات!$AC$6:$AC$12,0)),1),0) -> 0 | K15: =ROUNDUP($J15/IFERROR(INDEX(المدخلات!$AF$6:$AF$12,MATCH($C15,المدخلات!$AC$6:$AC$12,0)),1),0) -> 0
B16: ='عدد اللاعبين'!B5 | C16: ='عدد اللاعبين'!C5 -> #REF! | D16: =IFERROR(INDEX(المدخلات!$AD$6:$AD$12,MATCH($C16,المدخلات!$AC$6:$AC$12,0)),"") | E16: ='عدد اللاعبين'!D5 -> #REF! | F16: ='عدد اللاعبين'!F5 -> طبرجل | G16: ='عدد اللاعبين'!G5 -> 5 | H16: =IFERROR(INDEX(المدخلات!$AE$6:$AE$12,MATCH($C16,المدخلات!$AC$6:$AC$12,0)),"") | I16: =IF($G16<الحد_الأدنى,0,ROUNDDOWN($G16/فرق_المباراة,0)) -> 0 | J16: =ROUNDUP($I16/IFERROR(INDEX(المدخلات!$AJ$6:$AJ$12,MATCH($C16,المدخلات!$AC$6:$AC$12,0)),1),0) -> 0 | K16: =ROUNDUP($J16/IFERROR(INDEX(المدخلات!$AF$6:$AF$12,MATCH($C16,المدخلات!$AC$6:$AC$12,0)),1),0) -> 0
B17: ='عدد اللاعبين'!B6 | C17: ='عدد اللاعبين'!C6 -> #REF! | D17: =IFERROR(INDEX(المدخلات!$AD$6:$AD$12,MATCH($C17,المدخلات!$AC$6:$AC$12,0)),"") | E17: ='عدد اللاعبين'!D6 -> #REF! | F17: ='عدد اللاعبين'!F6 -> الخرج | G17: ='عدد اللاعبين'!G6 -> 5 | H17: =IFERROR(INDEX(المدخلات!$AE$6:$AE$12,MATCH($C17,المدخلات!$AC$6:$AC$12,0)),"") | I17: =IF($G17<الحد_الأدنى,0,ROUNDDOWN($G17/فرق_المباراة,0)) -> 0 | J17: =ROUNDUP($I17/IFERROR(INDEX(المدخلات!$AJ$6:$AJ$12,MATCH($C17,المدخلات!$AC$6:$AC$12,0)),1),0) -> 0 | K17: =ROUNDUP($J17/IFERROR(INDEX(المدخلات!$AF$6:$AF$12,MATCH($C17,المدخلات!$AC$6:$AC$12,0)),1),0) -> 0
B18: ='عدد اللاعبين'!B7 | C18: ='عدد اللاعبين'!C7 -> #REF! | D18: =IFERROR(INDEX(المدخلات!$AD$6:$AD$12,MATCH($C18,المدخلات!$AC$6:$AC$12,0)),"") | E18: ='عدد اللاعبين'!D7 -> #REF! | F18: ='عدد اللاعبين'!F7 -> طبرجل | G18: ='عدد اللاعبين'!G7 -> 5 | H18: =IFERROR(INDEX(المدخلات!$AE$6:$AE$12,MATCH($C18,المدخلات!$AC$6:$AC$12,0)),"") | I18: =IF($G18<الحد_الأدنى,0,ROUNDDOWN($G18/فرق_المباراة,0)) -> 0 | J18: =ROUNDUP($I18/IFERROR(INDEX(المدخلات!$AJ$6:$AJ$12,MATCH($C18,المدخلات!$AC$6:$AC$12,0)),1),0) -> 0 | K18: =ROUNDUP($J18/IFERROR(INDEX(المدخلات!$AF$6:$AF$12,MATCH($C18,المدخلات!$AC$6:$AC$12,0)),1),0) -> 0
B19: ='عدد اللاعبين'!B8 | C19: ='عدد اللاعبين'!C8 -> #REF! | D19: =IFERROR(INDEX(المدخلات!$AD$6:$AD$12,MATCH($C19,المدخلات!$AC$6:$AC$12,0)),"") | E19: ='عدد اللاعبين'!D8 -> #REF! | F19: ='عدد اللاعبين'!F8 -> طبرجل | G19: ='عدد اللاعبين'!G8 -> 5 | H19: =IFERROR(INDEX(المدخلات!$AE$6:$AE$12,MATCH($C19,المدخلات!$AC$6:$AC$12,0)),"") | I19: =IF($G19<الحد_الأدنى,0,ROUNDDOWN($G19/فرق_المباراة,0)) -> 0 | J19: =ROUNDUP($I19/IFERROR(INDEX(المدخلات!$AJ$6:$AJ$12,MATCH($C19,المدخلات!$AC$6:$AC$12,0)),1),0) -> 0 | K19: =ROUNDUP($J19/IFERROR(INDEX(المدخلات!$AF$6:$AF$12,MATCH($C19,المدخلات!$AC$6:$AC$12,0)),1),0) -> 0
B20: ='عدد اللاعبين'!B9 | C20: ='عدد اللاعبين'!C9 -> #REF! | D20: =IFERROR(INDEX(المدخلات!$AD$6:$AD$12,MATCH($C20,المدخلات!$AC$6:$AC$12,0)),"") | E20: ='عدد اللاعبين'!D9 -> #REF! | F20: ='عدد اللاعبين'!F9 -> شرورة | G20: ='عدد اللاعبين'!G9 -> 5 | H20: =IFERROR(INDEX(المدخلات!$AE$6:$AE$12,MATCH($C20,المدخلات!$AC$6:$AC$12,0)),"") | I20: =IF($G20<الحد_الأدنى,0,ROUNDDOWN($G20/فرق_المباراة,0)) -> 0 | J20: =ROUNDUP($I20/IFERROR(INDEX(المدخلات!$AJ$6:$AJ$12,MATCH($C20,المدخلات!$AC$6:$AC$12,0)),1),0) -> 0 | K20: =ROUNDUP($J20/IFERROR(INDEX(المدخلات!$AF$6:$AF$12,MATCH($C20,المدخلات!$AC$6:$AC$12,0)),1),0) -> 0
B21: ='عدد اللاعبين'!B10 -> نجران | C21: ='عدد اللاعبين'!C10 -> تحت 14 | D21: =IFERROR(INDEX(المدخلات!$AD$6:$AD$12,MATCH($C21,المدخلات!$AC$6:$AC$12,0)),"") -> الأربعاء | E21: ='عدد اللاعبين'!D10 -> مجموعة نجران | F21: ='عدد اللاعبين'!F10 -> شرورة | G21: ='عدد اللاعبين'!G10 -> 5 | H21: =IFERROR(INDEX(المدخلات!$AE$6:$AE$12,MATCH($C21,المدخلات!$AC$6:$AC$12,0)),"") -> قانوني | I21: =IF($G21<الحد_الأدنى,0,ROUNDDOWN($G21/فرق_المباراة,0)) -> 0 | J21: =ROUNDUP($I21/IFERROR(INDEX(المدخلات!$AJ$6:$AJ$12,MATCH($C21,المدخلات!$AC$6:$AC$12,0)),1),0) -> 0 | K21: =ROUNDUP($J21/IFERROR(INDEX(المدخلات!$AF$6:$AF$12,MATCH($C21,المدخلات!$AC$6:$AC$12,0)),1),0) -> 0
B22: ='عدد اللاعبين'!B11 -> الجوف | C22: ='عدد اللاعبين'!C11 -> تحت 5 | D22: =IFERROR(INDEX(المدخلات!$AD$6:$AD$12,MATCH($C22,المدخلات!$AC$6:$AC$12,0)),"") -> السبت | E22: ='عدد اللاعبين'!D11 -> مجموعة طبرجل | F22: ='عدد اللاعبين'!F11 -> الدوادمي | G22: ='عدد اللاعبين'!G11 -> 5 | H22: =IFERROR(INDEX(المدخلات!$AE$6:$AE$12,MATCH($C22,المدخلات!$AC$6:$AC$12,0)),"") -> 5 ضد 5 | I22: =IF($G22<الحد_الأدنى,0,ROUNDDOWN($G22/فرق_المباراة,0)) -> 0 | J22: =ROUNDUP($I22/IFERROR(INDEX(المدخلات!$AJ$6:$AJ$12,MATCH($C22,المدخلات!$AC$6:$AC$12,0)),1),0) -> 0 | K22: =ROUNDUP($J22/IFERROR(INDEX(المدخلات!$AF$6:$AF$12,MATCH($C22,المدخلات!$AC$6:$AC$12,0)),1),0) -> 0
B23: ='عدد اللاعبين'!B12 -> الجوف | C23: ='عدد اللاعبين'!C12 -> تحت 7 | D23: =IFERROR(INDEX(المدخلات!$AD$6:$AD$12,MATCH($C23,المدخلات!$AC$6:$AC$12,0)),"") -> السبت | E23: ='عدد اللاعبين'!D12 -> مجموعة طبرجل | F23: ='عدد اللاعبين'!F12 -> القريات | G23: ='عدد اللاعبين'!G12 -> 5 | H23: =IFERROR(INDEX(المدخلات!$AE$6:$AE$12,MATCH($C23,المدخلات!$AC$6:$AC$12,0)),"") -> 7 ضد 7 | I23: =IF($G23<الحد_الأدنى,0,ROUNDDOWN($G23/فرق_المباراة,0)) -> 0 | J23: =ROUNDUP($I23/IFERROR(INDEX(المدخلات!$AJ$6:$AJ$12,MATCH($C23,المدخلات!$AC$6:$AC$12,0)),1),0) -> 0 | K23: =ROUNDUP($J23/IFERROR(INDEX(المدخلات!$AF$6:$AF$12,MATCH($C23,المدخلات!$AC$6:$AC$12,0)),1),0) -> 0
B24: ='عدد اللاعبين'!B13 -> الرياض | C24: ='عدد اللاعبين'!C13 -> تحت 9 | D24: =IFERROR(INDEX(المدخلات!$AD$6:$AD$12,MATCH($C24,المدخلات!$AC$6:$AC$12,0)),"") -> السبت | E24: ='عدد اللاعبين'!D13 -> مجموعة الخرج | F24: ='عدد اللاعبين'!F13 -> القريات | G24: ='عدد اللاعبين'!G13 -> 5 | H24: =IFERROR(INDEX(المدخلات!$AE$6:$AE$12,MATCH($C24,المدخلات!$AC$6:$AC$12,0)),"") -> 7 ضد 7 | I24: =IF($G24<الحد_الأدنى,0,ROUNDDOWN($G24/فرق_المباراة,0)) -> 0 | J24: =ROUNDUP($I24/IFERROR(INDEX(المدخلات!$AJ$6:$AJ$12,MATCH($C24,المدخلات!$AC$6:$AC$12,0)),1),0) -> 0 | K24: =ROUNDUP($J24/IFERROR(INDEX(المدخلات!$AF$6:$AF$12,MATCH($C24,المدخلات!$AC$6:$AC$12,0)),1),0) -> 0
B25: ='عدد اللاعبين'!B14 -> الجوف | C25: ='عدد اللاعبين'!C14 -> تحت 12 | D25: =IFERROR(INDEX(المدخلات!$AD$6:$AD$12,MATCH($C25,المدخلات!$AC$6:$AC$12,0)),"") -> الاثنين | E25: ='عدد اللاعبين'!D14 -> مجموعة طبرجل | F25: ='عدد اللاعبين'!F14 -> القريات | G25: ='عدد اللاعبين'!G14 -> 5 | H25: =IFERROR(INDEX(المدخلات!$AE$6:$AE$12,MATCH($C25,المدخلات!$AC$6:$AC$12,0)),"") -> 7 ضد 7 | I25: =IF($G25<الحد_الأدنى,0,ROUNDDOWN($G25/فرق_المباراة,0)) -> 0 | J25: =ROUNDUP($I25/IFERROR(INDEX(المدخلات!$AJ$6:$AJ$12,MATCH($C25,المدخلات!$AC$6:$AC$12,0)),1),0) -> 0 | K25: =ROUNDUP($J25/IFERROR(INDEX(المدخلات!$AF$6:$AF$12,MATCH($C25,المدخلات!$AC$6:$AC$12,0)),1),0) -> 0
... B204: ='عدد اللاعبين'!B193 -> مكة المكرمة | C204: ='عدد اللاعبين'!C193 -> تحت 12 | D204: =IFERROR(INDEX(المدخلات!$AD$6:$AD$12,MATCH($C204,المدخلات!$AC$6:$AC$12,0)),"") -> الاثنين | E204: ='عدد اللاعبين'!D193 -> مجموعة جدة | F204: ='عدد اللاعبين'!F193 -> #VALUE! | G204: ='عدد اللاعبين'!G193 -> 0 | H204: =IFERROR(INDEX(المدخلات!$AE$6:$AE$12,MATCH($C204,المدخلات!$AC$6:$AC$12,0)),"") -> 7 ضد 7 | I204: =IF($G204<الحد_الأدنى,0,ROUNDDOWN($G204/فرق_المباراة,0)) -> 0 | J204: =ROUNDUP($I204/IFERROR(INDEX(المدخلات!$AJ$6:$AJ$12,MATCH($C204,المدخلات!$AC$6:$AC$12,0)),1),0) -> 0 | K204: =ROUNDUP($J204/IFERROR(INDEX(المدخلات!$AF$6:$AF$12,MATCH($C204,المدخلات!$AC$6:$AC$12,0)),1),0) -> 0
B209: الطلب لكل مجموعة — الملاعب القانونية المطلوبة
B210: المنطقة | C210: المجموعة | D210: المدن | E210: تحت 5 / 7 / 9 (الأعلى) | F210: =المدخلات!$AC$9 -> تحت 11 | G210: =المدخلات!$AC$10 -> تحت 12 | H210: =المدخلات!$AC$11 -> تحت 13 | I210: =المدخلات!$AC$12 -> تحت 14 | J210: أقصى ملاعب في يوم واحد | K210: إجمالي الفرق | L210: الحالة
B211: — | C211: — | D211: — | E211: =المدخلات!$AD$6 -> السبت | F211: =المدخلات!$AD$9 -> الأحد | G211: =المدخلات!$AD$10 -> الاثنين | H211: =المدخلات!$AD$11 -> الخميس | I211: =المدخلات!$AD$12 -> الأربعاء | J211: — | K211: — | L211: —
B212: الباحة | C212: مجموعة الباحة | D212: =IFERROR(INDEX('عدد اللاعبين'!$F$3:$F$193,MATCH($C212,'عدد اللاعبين'!$D$3:$D$193,0)),"") -> الباحة، بلقرن | E212: =MAX(SUMIFS($K$14:$K$204,$E$14:$E$204,$C212,$C$14:$C$204,المدخلات!$AC$6),SUMIFS($K$14:$K$204,$E$14:$E$204,$C212,$C$14:$C$204,المدخلات!$AC$7),SUMIFS($K$14:$K$204,$E$14:$E$204,$C212,$C$14:$C$204,المدخلات!$AC$8)) -> 1 | F212: =SUMIFS($K$14:$K$204,$E$14:$E$204,$C212,$C$14:$C$204,المدخلات!$AC$9) -> 0 | G212: =SUMIFS($K$14:$K$204,$E$14:$E$204,$C212,$C$14:$C$204,المدخلات!$AC$10) -> 1 | H212: =SUMIFS($K$14:$K$204,$E$14:$E$204,$C212,$C$14:$C$204,المدخلات!$AC$11) -> 1 | I212: =SUMIFS($K$14:$K$204,$E$14:$E$204,$C212,$C$14:$C$204,المدخلات!$AC$12) -> 1 | J212: =MAX($E212:$I212) -> 1 | K212: =SUMIFS($G$14:$G$204,$E$14:$E$204,$C212,$G$14:$G$204,">="&الحد_الأدنى) -> 33 | L212: =IF($K212=0,"غير مكتملة","مكتملة") -> مكتملة
B213: الجوف | C213: مجموعة القريات | D213: =IFERROR(INDEX('عدد اللاعبين'!$F$3:$F$193,MATCH($C213,'عدد اللاعبين'!$D$3:$D$193,0)),"") -> الباحة | E213: =MAX(SUMIFS($K$14:$K$204,$E$14:$E$204,$C213,$C$14:$C$204,المدخلات!$AC$6),SUMIFS($K$14:$K$204,$E$14:$E$204,$C213,$C$14:$C$204,المدخلات!$AC$7),SUMIFS($K$14:$K$204,$E$14:$E$204,$C213,$C$14:$C$204,المدخلات!$AC$8)) -> 1 | F213: =SUMIFS($K$14:$K$204,$E$14:$E$204,$C213,$C$14:$C$204,المدخلات!$AC$9) -> 1 | G213: =SUMIFS($K$14:$K$204,$E$14:$E$204,$C213,$C$14:$C$204,المدخلات!$AC$10) -> 1 | H213: =SUMIFS($K$14:$K$204,$E$14:$E$204,$C213,$C$14:$C$204,المدخلات!$AC$11) -> 1 | I213: =SUMIFS($K$14:$K$204,$E$14:$E$204,$C213,$C$14:$C$204,المدخلات!$AC$12) -> 1 | J213: =MAX($E213:$I213) -> 1 | K213: =SUMIFS($G$14:$G$204,$E$14:$E$204,$C213,$G$14:$G$204,">="&الحد_الأدنى) -> 46 | L213: =IF($K213=0,"غير مكتملة","مكتملة") -> مكتملة
B214: الجوف | C214: مجموعة سكاكا | D214: =IFERROR(INDEX('عدد اللاعبين'!$F$3:$F$193,MATCH($C214,'عدد اللاعبين'!$D$3:$D$193,0)),"") -> أحد المسارحة | E214: =MAX(SUMIFS($K$14:$K$204,$E$14:$E$204,$C214,$C$14:$C$204,المدخلات!$AC$6),SUMIFS($K$14:$K$204,$E$14:$E$204,$C214,$C$14:$C$204,المدخلات!$AC$7),SUMIFS($K$14:$K$204,$E$14:$E$204,$C214,$C$14:$C$204,المدخلات!$AC$8)) -> 2 | F214: =SUMIFS($K$14:$K$204,$E$14:$E$204,$C214,$C$14:$C$204,المدخلات!$AC$9) -> 1 | G214: =SUMIFS($K$14:$K$204,$E$14:$E$204,$C214,$C$14:$C$204,المدخلات!$AC$10) -> 1 | H214: =SUMIFS($K$14:$K$204,$E$14:$E$204,$C214,$C$14:$C$204,المدخلات!$AC$11) -> 2 | I214: =SUMIFS($K$14:$K$204,$E$14:$E$204,$C214,$C$14:$C$204,المدخلات!$AC$12) -> 2 | J214: =MAX($E214:$I214) -> 2 | K214: =SUMIFS($G$14:$G$204,$E$14:$E$204,$C214,$G$14:$G$204,">="&الحد_الأدنى) -> 81 | L214: =IF($K214=0,"غير مكتملة","مكتملة") -> مكتملة
B215: الجوف | C215: مجموعة طبرجل | D215: =IFERROR(INDEX('عدد اللاعبين'!$F$3:$F$193,MATCH($C215,'عدد اللاعبين'!$D$3:$D$193,0)),"") -> الدوادمي | E215: =MAX(SUMIFS($K$14:$K$204,$E$14:$E$204,$C215,$C$14:$C$204,المدخلات!$AC$6),SUMIFS($K$14:$K$204,$E$14:$E$204,$C215,$C$14:$C$204,المدخلات!$AC$7),SUMIFS($K$14:$K$204,$E$14:$E$204,$C215,$C$14:$C$204,المدخلات!$AC$8)) -> 1 | F215: =SUMIFS($K$14:$K$204,$E$14:$E$204,$C215,$C$14:$C$204,المدخلات!$AC$9) -> 0 | G215: =SUMIFS($K$14:$K$204,$E$14:$E$204,$C215,$C$14:$C$204,المدخلات!$AC$10) -> 0 | H215: =SUMIFS($K$14:$K$204,$E$14:$E$204,$C215,$C$14:$C$204,المدخلات!$AC$11) -> 0 | I215: =SUMIFS($K$14:$K$204,$E$14:$E$204,$C215,$C$14:$C$204,المدخلات!$AC$12) -> 0 | J215: =MAX($E215:$I215) -> 1 | K215: =SUMIFS($G$14:$G$204,$E$14:$E$204,$C215,$G$14:$G$204,">="&الحد_الأدنى) -> 7 | L215: =IF($K215=0,"غير مكتملة","مكتملة") -> مكتملة
B216: الحدود الشمالية | C216: مجموعة الحدود الشمالية | D216: =IFERROR(INDEX('عدد اللاعبين'!$F$3:$F$193,MATCH($C216,'عدد اللاعبين'!$D$3:$D$193,0)),"") | E216: =MAX(SUMIFS($K$14:$K$204,$E$14:$E$204,$C216,$C$14:$C$204,المدخلات!$AC$6),SUMIFS($K$14:$K$204,$E$14:$E$204,$C216,$C$14:$C$204,المدخلات!$AC$7),SUMIFS($K$14:$K$204,$E$14:$E$204,$C216,$C$14:$C$204,المدخلات!$AC$8)) -> 0 | F216: =SUMIFS($K$14:$K$204,$E$14:$E$204,$C216,$C$14:$C$204,المدخلات!$AC$9) -> 0 | G216: =SUMIFS($K$14:$K$204,$E$14:$E$204,$C216,$C$14:$C$204,المدخلات!$AC$10) -> 0 | H216: =SUMIFS($K$14:$K$204,$E$14:$E$204,$C216,$C$14:$C$204,المدخلات!$AC$11) -> 0 | I216: =SUMIFS($K$14:$K$204,$E$14:$E$204,$C216,$C$14:$C$204,المدخلات!$AC$12) -> 0 | J216: =MAX($E216:$I216) -> 0 | K216: =SUMIFS($G$14:$G$204,$E$14:$E$204,$C216,$G$14:$G$204,">="&الحد_الأدنى) -> 0 | L216: =IF($K216=0,"غير مكتملة","مكتملة") -> غير مكتملة
B217: الرياض | C217: مجموعة الخرج | D217: =IFERROR(INDEX('عدد اللاعبين'!$F$3:$F$193,MATCH($C217,'عدد اللاعبين'!$D$3:$D$193,0)),"") -> القريات | E217: =MAX(SUMIFS($K$14:$K$204,$E$14:$E$204,$C217,$C$14:$C$204,المدخلات!$AC$6),SUMIFS($K$14:$K$204,$E$14:$E$204,$C217,$C$14:$C$204,المدخلات!$AC$7),SUMIFS($K$14:$K$204,$E$14:$E$204,$C217,$C$14:$C$204,المدخلات!$AC$8)) -> 0 | F217: =SUMIFS($K$14:$K$204,$E$14:$E$204,$C217,$C$14:$C$204,المدخلات!$AC$9) -> 1 | G217: =SUMIFS($K$14:$K$204,$E$14:$E$204,$C217,$C$14:$C$204,المدخلات!$AC$10) -> 1 | H217: =SUMIFS($K$14:$K$204,$E$14:$E$204,$C217,$C$14:$C$204,المدخلات!$AC$11) -> 2 | I217: =SUMIFS($K$14:$K$204,$E$14:$E$204,$C217,$C$14:$C$204,المدخلات!$AC$12) -> 1 | J217: =MAX($E217:$I217) -> 2 | K217: =SUMIFS($G$14:$G$204,$E$14:$E$204,$C217,$G$14:$G$204,">="&الحد_الأدنى) -> 40 | L217: =IF($K217=0,"غير مكتملة","مكتملة") -> مكتملة
B218: الرياض | C218: مجموعة الدوادمي | D218: =IFERROR(INDEX('عدد اللاعبين'!$F$3:$F$193,MATCH($C218,'عدد اللاعبين'!$D$3:$D$193,0)),"") -> الباحة، بلقرن، العقيق | E218: =MAX(SUMIFS($K$14:$K$204,$E$14:$E$204,$C218,$C$14:$C$204,المدخلات!$AC$6),SUMIFS($K$14:$K$204,$E$14:$E$204,$C218,$C$14:$C$204,المدخلات!$AC$7),SUMIFS($K$14:$K$204,$E$14:$E$204,$C218,$C$14:$C$204,المدخلات!$AC$8)) -> 1 | F218: =SUMIFS($K$14:$K$204,$E$14:$E$204,$C218,$C$14:$C$204,المدخلات!$AC$9) -> 0 | G218: =SUMIFS($K$14:$K$204,$E$14:$E$204,$C218,$C$14:$C$204,المدخلات!$AC$10) -> 0 | H218: =SUMIFS($K$14:$K$204,$E$14:$E$204,$C218,$C$14:$C$204,المدخلات!$AC$11) -> 0 | I218: =SUMIFS($K$14:$K$204,$E$14:$E$204,$C218,$C$14:$C$204,المدخلات!$AC$12) -> 0 | J218: =MAX($E218:$I218) -> 1 | K218: =SUMIFS($G$14:$G$204,$E$14:$E$204,$C218,$G$14:$G$204,">="&الحد_الأدنى) -> 6 | L218: =IF($K218=0,"غير مكتملة","مكتملة") -> مكتملة
B219: الرياض | C219: مجموعة الرياض | D219: =IFERROR(INDEX('عدد اللاعبين'!$F$3:$F$193,MATCH($C219,'عدد اللاعبين'!$D$3:$D$193,0)),"") -> مكة المكرمة | E219: =MAX(SUMIFS($K$14:$K$204,$E$14:$E$204,$C219,$C$14:$C$204,المدخلات!$AC$6),SUMIFS($K$14:$K$204,$E$14:$E$204,$C219,$C$14:$C$204,المدخلات!$AC$7),SUMIFS($K$14:$K$204,$E$14:$E$204,$C219,$C$14:$C$204,المدخلات!$AC$8)) -> 4 | F219: =SUMIFS($K$14:$K$204,$E$14:$E$204,$C219,$C$14:$C$204,المدخلات!$AC$9) -> 0 | G219: =SUMIFS($K$14:$K$204,$E$14:$E$204,$C219,$C$14:$C$204,المدخلات!$AC$10) -> 0 | H219: =SUMIFS($K$14:$K$204,$E$14:$E$204,$C219,$C$14:$C$204,المدخلات!$AC$11) -> 6 | I219: =SUMIFS($K$14:$K$204,$E$14:$E$204,$C219,$C$14:$C$204,المدخلات!$AC$12) -> 10 | J219: =MAX($E219:$I219) -> 10 | K219: =SUMIFS($G$14:$G$204,$E$14:$E$204,$C219,$G$14:$G$204,">="&الحد_الأدنى) -> 151 | L219: =IF($K219=0,"غير مكتملة","مكتملة") -> مكتملة
B220: الرياض | C220: مجموعة الزلفي | D220: =IFERROR(INDEX('عدد اللاعبين'!$F$3:$F$193,MATCH($C220,'عدد اللاعبين'!$D$3:$D$193,0)),"") | E220: =MAX(SUMIFS($K$14:$K$204,$E$14:$E$204,$C220,$C$14:$C$204,المدخلات!$AC$6),SUMIFS($K$14:$K$204,$E$14:$E$204,$C220,$C$14:$C$204,المدخلات!$AC$7),SUMIFS($K$14:$K$204,$E$14:$E$204,$C220,$C$14:$C$204,المدخلات!$AC$8)) -> 0 | F220: =SUMIFS($K$14:$K$204,$E$14:$E$204,$C220,$C$14:$C$204,المدخلات!$AC$9) -> 0 | G220: =SUMIFS($K$14:$K$204,$E$14:$E$204,$C220,$C$14:$C$204,المدخلات!$AC$10) -> 0 | H220: =SUMIFS($K$14:$K$204,$E$14:$E$204,$C220,$C$14:$C$204,المدخلات!$AC$11) -> 0 | I220: =SUMIFS($K$14:$K$204,$E$14:$E$204,$C220,$C$14:$C$204,المدخلات!$AC$12) -> 0 | J220: =MAX($E220:$I220) -> 0 | K220: =SUMIFS($G$14:$G$204,$E$14:$E$204,$C220,$G$14:$G$204,">="&الحد_الأدنى) -> 0 | L220: =IF($K220=0,"غير مكتملة","مكتملة") -> غير مكتملة
B221: الرياض | C221: مجموعة المجمعة | D221: =IFERROR(INDEX('عدد اللاعبين'!$F$3:$F$193,MATCH($C221,'عدد اللاعبين'!$D$3:$D$193,0)),"") | E221: =MAX(SUMIFS($K$14:$K$204,$E$14:$E$204,$C221,$C$14:$C$204,المدخلات!$AC$6),SUMIFS($K$14:$K$204,$E$14:$E$204,$C221,$C$14:$C$204,المدخلات!$AC$7),SUMIFS($K$14:$K$204,$E$14:$E$204,$C221,$C$14:$C$204,المدخلات!$AC$8)) -> 0 | F221: =SUMIFS($K$14:$K$204,$E$14:$E$204,$C221,$C$14:$C$204,المدخلات!$AC$9) -> 0 | G221: =SUMIFS($K$14:$K$204,$E$14:$E$204,$C221,$C$14:$C$204,المدخلات!$AC$10) -> 0 | H221: =SUMIFS($K$14:$K$204,$E$14:$E$204,$C221,$C$14:$C$204,المدخلات!$AC$11) -> 0 | I221: =SUMIFS($K$14:$K$204,$E$14:$E$204,$C221,$C$14:$C$204,المدخلات!$AC$12) -> 0 | J221: =MAX($E221:$I221) -> 0 | K221: =SUMIFS($G$14:$G$204,$E$14:$E$204,$C221,$G$14:$G$204,">="&الحد_الأدنى) -> 0 | L221: =IF($K221=0,"غير مكتملة","مكتملة") -> غير مكتملة
B222: الرياض | C222: مجموعة عفيف | D222: =IFERROR(INDEX('عدد اللاعبين'!$F$3:$F$193,MATCH($C222,'عدد اللاعبين'!$D$3:$D$193,0)),"") | E222: =MAX(SUMIFS($K$14:$K$204,$E$14:$E$204,$C222,$C$14:$C$204,المدخلات!$AC$6),SUMIFS($K$14:$K$204,$E$14:$E$204,$C222,$C$14:$C$204,المدخلات!$AC$7),SUMIFS($K$14:$K$204,$E$14:$E$204,$C222,$C$14:$C$204,المدخلات!$AC$8)) -> 0 | F222: =SUMIFS($K$14:$K$204,$E$14:$E$204,$C222,$C$14:$C$204,المدخلات!$AC$9) -> 0 | G222: =SUMIFS($K$14:$K$204,$E$14:$E$204,$C222,$C$14:$C$204,المدخلات!$AC$10) -> 0 | H222: =SUMIFS($K$14:$K$204,$E$14:$E$204,$C222,$C$14:$C$204,المدخلات!$AC$11) -> 0 | I222: =SUMIFS($K$14:$K$204,$E$14:$E$204,$C222,$C$14:$C$204,المدخلات!$AC$12) -> 0 | J222: =MAX($E222:$I222) -> 0 | K222: =SUMIFS($G$14:$G$204,$E$14:$E$204,$C222,$G$14:$G$204,">="&الحد_الأدنى) -> 0 | L222: =IF($K222=0,"غير مكتملة","مكتملة") -> غير مكتملة
B223: الرياض | C223: مجموعة وادي الدواسر | D223: =IFERROR(INDEX('عدد اللاعبين'!$F$3:$F$193,MATCH($C223,'عدد اللاعبين'!$D$3:$D$193,0)),"") | E223: =MAX(SUMIFS($K$14:$K$204,$E$14:$E$204,$C223,$C$14:$C$204,المدخلات!$AC$6),SUMIFS($K$14:$K$204,$E$14:$E$204,$C223,$C$14:$C$204,المدخلات!$AC$7),SUMIFS($K$14:$K$204,$E$14:$E$204,$C223,$C$14:$C$204,المدخلات!$AC$8)) -> 0 | F223: =SUMIFS($K$14:$K$204,$E$14:$E$204,$C223,$C$14:$C$204,المدخلات!$AC$9) -> 0 | G223: =SUMIFS($K$14:$K$204,$E$14:$E$204,$C223,$C$14:$C$204,المدخلات!$AC$10) -> 0 | H223: =SUMIFS($K$14:$K$204,$E$14:$E$204,$C223,$C$14:$C$204,المدخلات!$AC$11) -> 0 | I223: =SUMIFS($K$14:$K$204,$E$14:$E$204,$C223,$C$14:$C$204,المدخلات!$AC$12) -> 0 | J223: =MAX($E223:$I223) -> 0 | K223: =SUMIFS($G$14:$G$204,$E$14:$E$204,$C223,$G$14:$G$204,">="&الحد_الأدنى) -> 0 | L223: =IF($K223=0,"غير مكتملة","مكتملة") -> غير مكتملة
... B260: نجران | C260: مجموعة نجران | D260: =IFERROR(INDEX('عدد اللاعبين'!$F$3:$F$193,MATCH($C260,'عدد اللاعبين'!$D$3:$D$193,0)),"") -> شرورة | E260: =MAX(SUMIFS($K$14:$K$204,$E$14:$E$204,$C260,$C$14:$C$204,المدخلات!$AC$6),SUMIFS($K$14:$K$204,$E$14:$E$204,$C260,$C$14:$C$204,المدخلات!$AC$7),SUMIFS($K$14:$K$204,$E$14:$E$204,$C260,$C$14:$C$204,المدخلات!$AC$8)) -> 0 | F260: =SUMIFS($K$14:$K$204,$E$14:$E$204,$C260,$C$14:$C$204,المدخلات!$AC$9) -> 0 | G260: =SUMIFS($K$14:$K$204,$E$14:$E$204,$C260,$C$14:$C$204,المدخلات!$AC$10) -> 1 | H260: =SUMIFS($K$14:$K$204,$E$14:$E$204,$C260,$C$14:$C$204,المدخلات!$AC$11) -> 1 | I260: =SUMIFS($K$14:$K$204,$E$14:$E$204,$C260,$C$14:$C$204,المدخلات!$AC$12) -> 0 | J260: =MAX($E260:$I260) -> 1 | K260: =SUMIFS($G$14:$G$204,$E$14:$E$204,$C260,$G$14:$G$204,">="&الحد_الأدنى) -> 14 | L260: =IF($K260=0,"غير مكتملة","مكتملة") -> مكتملة
B261: الإجمالي | E261: =SUM(E212:E260) -> 50 | F261: =SUM(F212:F260) -> 30 | G261: =SUM(G212:G260) -> 33 | H261: =SUM(H212:H260) -> 75 | I261: =SUM(I212:I260) -> 68 | J261: =SUM(J212:J260) -> 90 | K261: =SUM(K212:K260) -> 2525 | L261: =COUNTIF(L212:L260,"مكتملة")&" من "&COUNTA(L212:L260) -> 32 من 49

Sheet عدد المباريات
B2: المنطقة | C2: الفئة | D2: المجموعة | E2: عدد المدن | F2: المدن | G2: عدد الفرق | H2: مجموع مباريات المجموعة
B3: =IFERROR(INDEX(المكاتب_المصدر[المنطقة],MATCH(Table10[[#This Row],[المجموعة]],المكاتب_المصدر[المجموعة],0)),"") | C3: ='ملخص المجموعات'!#REF! -> #REF! | D3: ='ملخص المجموعات'!#REF! -> #REF! | E3: =COUNTIFS(تفاصيل_الفرق[الفئة العمرية],ملخص_المجموعات[[#This Row],[الفئة]],تفاصيل_الفرق[المجموعة],ملخص_المجموعات[[#This Row],[المجموعة]],تفاصيل_الفرق[عدد الفرق],">0") -> 1 | F3: {=_xlfn.TEXTJOIN("، ",TRUE,IF((تفاصيل_الفرق[الفئة العمرية]=ملخص_المجموعات[[#This Row],[الفئة]])*(تفاصيل_الفرق[المجموعة]=ملخص_المجموعات[[#This Row],[المجموعة]])*(تفاصيل_الفرق[عدد الفرق]>0),تفاصيل_الفرق[المدينة/المحافظة],""))} -> نجران | G3: =SUMIFS(تفاصيل_الفرق[عدد الفرق],تفاصيل_الفرق[الفئة العمرية],ملخص_المجموعات[[#This Row],[الفئة]],تفاصيل_الفرق[المجموعة],ملخص_المجموعات[[#This Row],[المجموعة]]) -> 5 | H3: =IF(Table10[[#This Row],[عدد الفرق]]<الحد_الأدنى,0,Table10[[#This Row],[عدد الفرق]]*IF(OR(Table10[[#This Row],[الفئة]]="تحت 5",Table10[[#This Row],[الفئة]]="تحت 7",Table10[[#This Row],[الفئة]]="تحت 9"),المدخلات!$T$3,المدخلات!$V$3)/2) -> 0
B4: =IFERROR(INDEX(المكاتب_المصدر[المنطقة],MATCH(Table10[[#This Row],[المجموعة]],المكاتب_المصدر[المجموعة],0)),"") | C4: ='ملخص المجموعات'!#REF! -> #REF! | D4: ='ملخص المجموعات'!#REF! -> #REF! | E4: =COUNTIFS(تفاصيل_الفرق[الفئة العمرية],ملخص_المجموعات[[#This Row],[الفئة]],تفاصيل_الفرق[المجموعة],ملخص_المجموعات[[#This Row],[المجموعة]],تفاصيل_الفرق[عدد الفرق],">0") -> 1 | F4: {=_xlfn.TEXTJOIN("، ",TRUE,IF((تفاصيل_الفرق[الفئة العمرية]=ملخص_المجموعات[[#This Row],[الفئة]])*(تفاصيل_الفرق[المجموعة]=ملخص_المجموعات[[#This Row],[المجموعة]])*(تفاصيل_الفرق[عدد الفرق]>0),تفاصيل_الفرق[المدينة/المحافظة],""))} -> طبرجل | G4: =SUMIFS(تفاصيل_الفرق[عدد الفرق],تفاصيل_الفرق[الفئة العمرية],ملخص_المجموعات[[#This Row],[الفئة]],تفاصيل_الفرق[المجموعة],ملخص_المجموعات[[#This Row],[المجموعة]]) -> 5 | H4: =IF(Table10[[#This Row],[عدد الفرق]]<الحد_الأدنى,0,Table10[[#This Row],[عدد الفرق]]*IF(OR(Table10[[#This Row],[الفئة]]="تحت 5",Table10[[#This Row],[الفئة]]="تحت 7",Table10[[#This Row],[الفئة]]="تحت 9"),المدخلات!$T$3,المدخلات!$V$3)/2) -> 0
B5: =IFERROR(INDEX(المكاتب_المصدر[المنطقة],MATCH(Table10[[#This Row],[المجموعة]],المكاتب_المصدر[المجموعة],0)),"") | C5: ='ملخص المجموعات'!#REF! -> #REF! | D5: ='ملخص المجموعات'!#REF! -> #REF! | E5: =COUNTIFS(تفاصيل_الفرق[الفئة العمرية],ملخص_المجموعات[[#This Row],[الفئة]],تفاصيل_الفرق[المجموعة],ملخص_المجموعات[[#This Row],[المجموعة]],تفاصيل_الفرق[عدد الفرق],">0") -> 1 | F5: {=_xlfn.TEXTJOIN("، ",TRUE,IF((تفاصيل_الفرق[الفئة العمرية]=ملخص_المجموعات[[#This Row],[الفئة]])*(تفاصيل_الفرق[المجموعة]=ملخص_المجموعات[[#This Row],[المجموعة]])*(تفاصيل_الفرق[عدد الفرق]>0),تفاصيل_الفرق[المدينة/المحافظة],""))} -> طبرجل | G5: =SUMIFS(تفاصيل_الفرق[عدد الفرق],تفاصيل_الفرق[الفئة العمرية],ملخص_المجموعات[[#This Row],[الفئة]],تفاصيل_الفرق[المجموعة],ملخص_المجموعات[[#This Row],[المجموعة]]) -> 5 | H5: =IF(Table10[[#This Row],[عدد الفرق]]<الحد_الأدنى,0,Table10[[#This Row],[عدد الفرق]]*IF(OR(Table10[[#This Row],[الفئة]]="تحت 5",Table10[[#This Row],[الفئة]]="تحت 7",Table10[[#This Row],[الفئة]]="تحت 9"),المدخلات!$T$3,المدخلات!$V$3)/2) -> 0
B6: =IFERROR(INDEX(المكاتب_المصدر[المنطقة],MATCH(Table10[[#This Row],[المجموعة]],المكاتب_المصدر[المجموعة],0)),"") | C6: ='ملخص المجموعات'!#REF! -> #REF! | D6: ='ملخص المجموعات'!#REF! -> #REF! | E6: =COUNTIFS(تفاصيل_الفرق[الفئة العمرية],ملخص_المجموعات[[#This Row],[الفئة]],تفاصيل_الفرق[المجموعة],ملخص_المجموعات[[#This Row],[المجموعة]],تفاصيل_الفرق[عدد الفرق],">0") -> 1 | F6: {=_xlfn.TEXTJOIN("، ",TRUE,IF((تفاصيل_الفرق[الفئة العمرية]=ملخص_المجموعات[[#This Row],[الفئة]])*(تفاصيل_الفرق[المجموعة]=ملخص_المجموعات[[#This Row],[المجموعة]])*(تفاصيل_الفرق[عدد الفرق]>0),تفاصيل_الفرق[المدينة/المحافظة],""))} -> الخرج | G6: =SUMIFS(تفاصيل_الفرق[عدد الفرق],تفاصيل_الفرق[الفئة العمرية],ملخص_المجموعات[[#This Row],[الفئة]],تفاصيل_الفرق[المجموعة],ملخص_المجموعات[[#This Row],[المجموعة]]) -> 5 | H6: =IF(Table10[[#This Row],[عدد الفرق]]<الحد_الأدنى,0,Table10[[#This Row],[عدد الفرق]]*IF(OR(Table10[[#This Row],[الفئة]]="تحت 5",Table10[[#This Row],[الفئة]]="تحت 7",Table10[[#This Row],[الفئة]]="تحت 9"),المدخلات!$T$3,المدخلات!$V$3)/2) -> 0
B7: =IFERROR(INDEX(المكاتب_المصدر[المنطقة],MATCH(Table10[[#This Row],[المجموعة]],المكاتب_المصدر[المجموعة],0)),"") | C7: ='ملخص المجموعات'!#REF! -> #REF! | D7: ='ملخص المجموعات'!#REF! -> #REF! | E7: =COUNTIFS(تفاصيل_الفرق[الفئة العمرية],ملخص_المجموعات[[#This Row],[الفئة]],تفاصيل_الفرق[المجموعة],ملخص_المجموعات[[#This Row],[المجموعة]],تفاصيل_الفرق[عدد الفرق],">0") -> 1 | F7: {=_xlfn.TEXTJOIN("، ",TRUE,IF((تفاصيل_الفرق[الفئة العمرية]=ملخص_المجموعات[[#This Row],[الفئة]])*(تفاصيل_الفرق[المجموعة]=ملخص_المجموعات[[#This Row],[المجموعة]])*(تفاصيل_الفرق[عدد الفرق]>0),تفاصيل_الفرق[المدينة/المحافظة],""))} -> طبرجل | G7: =SUMIFS(تفاصيل_الفرق[عدد الفرق],تفاصيل_الفرق[الفئة العمرية],ملخص_المجموعات[[#This Row],[الفئة]],تفاصيل_الفرق[المجموعة],ملخص_المجموعات[[#This Row],[المجموعة]]) -> 5 | H7: =IF(Table10[[#This Row],[عدد الفرق]]<الحد_الأدنى,0,Table10[[#This Row],[عدد الفرق]]*IF(OR(Table10[[#This Row],[الفئة]]="تحت 5",Table10[[#This Row],[الفئة]]="تحت 7",Table10[[#This Row],[الفئة]]="تحت 9"),المدخلات!$T$3,المدخلات!$V$3)/2) -> 0
B8: =IFERROR(INDEX(المكاتب_المصدر[المنطقة],MATCH(Table10[[#This Row],[المجموعة]],المكاتب_المصدر[المجموعة],0)),"") | C8: ='ملخص المجموعات'!#REF! -> #REF! | D8: ='ملخص المجموعات'!#REF! -> #REF! | E8: =COUNTIFS(تفاصيل_الفرق[الفئة العمرية],ملخص_المجموعات[[#This Row],[الفئة]],تفاصيل_الفرق[المجموعة],ملخص_المجموعات[[#This Row],[المجموعة]],تفاصيل_الفرق[عدد الفرق],">0") -> 1 | F8: {=_xlfn.TEXTJOIN("، ",TRUE,IF((تفاصيل_الفرق[الفئة العمرية]=ملخص_المجموعات[[#This Row],[الفئة]])*(تفاصيل_الفرق[المجموعة]=ملخص_المجموعات[[#This Row],[المجموعة]])*(تفاصيل_الفرق[عدد الفرق]>0),تفاصيل_الفرق[المدينة/المحافظة],""))} -> طبرجل | G8: =SUMIFS(تفاصيل_الفرق[عدد الفرق],تفاصيل_الفرق[الفئة العمرية],ملخص_المجموعات[[#This Row],[الفئة]],تفاصيل_الفرق[المجموعة],ملخص_المجموعات[[#This Row],[المجموعة]]) -> 5 | H8: =IF(Table10[[#This Row],[عدد الفرق]]<الحد_الأدنى,0,Table10[[#This Row],[عدد الفرق]]*IF(OR(Table10[[#This Row],[الفئة]]="تحت 5",Table10[[#This Row],[الفئة]]="تحت 7",Table10[[#This Row],[الفئة]]="تحت 9"),المدخلات!$T$3,المدخلات!$V$3)/2) -> 0
B9: =IFERROR(INDEX(المكاتب_المصدر[المنطقة],MATCH(Table10[[#This Row],[المجموعة]],المكاتب_المصدر[المجموعة],0)),"") | C9: ='ملخص المجموعات'!#REF! -> #REF! | D9: ='ملخص المجموعات'!#REF! -> #REF! | E9: =COUNTIFS(تفاصيل_الفرق[الفئة العمرية],ملخص_المجموعات[[#This Row],[الفئة]],تفاصيل_الفرق[المجموعة],ملخص_المجموعات[[#This Row],[المجموعة]],تفاصيل_الفرق[عدد الفرق],">0") -> 1 | F9: {=_xlfn.TEXTJOIN("، ",TRUE,IF((تفاصيل_الفرق[الفئة العمرية]=ملخص_المجموعات[[#This Row],[الفئة]])*(تفاصيل_الفرق[المجموعة]=ملخص_المجموعات[[#This Row],[المجموعة]])*(تفاصيل_الفرق[عدد الفرق]>0),تفاصيل_الفرق[المدينة/المحافظة],""))} -> شرورة | G9: =SUMIFS(تفاصيل_الفرق[عدد الفرق],تفاصيل_الفرق[الفئة العمرية],ملخص_المجموعات[[#This Row],[الفئة]],تفاصيل_الفرق[المجموعة],ملخص_المجموعات[[#This Row],[المجموعة]]) -> 5 | H9: =IF(Table10[[#This Row],[عدد الفرق]]<الحد_الأدنى,0,Table10[[#This Row],[عدد الفرق]]*IF(OR(Table10[[#This Row],[الفئة]]="تحت 5",Table10[[#This Row],[الفئة]]="تحت 7",Table10[[#This Row],[الفئة]]="تحت 9"),المدخلات!$T$3,المدخلات!$V$3)/2) -> 0
B10: =IFERROR(INDEX(المكاتب_المصدر[المنطقة],MATCH(Table10[[#This Row],[المجموعة]],المكاتب_المصدر[المجموعة],0)),"") -> نجران | C10: ='ملخص المجموعات'!B3 -> تحت 14 | D10: ='ملخص المجموعات'!C3 -> مجموعة نجران | E10: =COUNTIFS(تفاصيل_الفرق[الفئة العمرية],ملخص_المجموعات[[#This Row],[الفئة]],تفاصيل_الفرق[المجموعة],ملخص_المجموعات[[#This Row],[المجموعة]],تفاصيل_الفرق[عدد الفرق],">0") -> 1 | F10: {=_xlfn.TEXTJOIN("، ",TRUE,IF((تفاصيل_الفرق[الفئة العمرية]=ملخص_المجموعات[[#This Row],[الفئة]])*(تفاصيل_الفرق[المجموعة]=ملخص_المجموعات[[#This Row],[المجموعة]])*(تفاصيل_الفرق[عدد الفرق]>0),تفاصيل_الفرق[المدينة/المحافظة],""))} -> شرورة | G10: =SUMIFS(تفاصيل_الفرق[عدد الفرق],تفاصيل_الفرق[الفئة العمرية],ملخص_المجموعات[[#This Row],[الفئة]],تفاصيل_الفرق[المجموعة],ملخص_المجموعات[[#This Row],[المجموعة]]) -> 5 | H10: =IF(Table10[[#This Row],[عدد الفرق]]<الحد_الأدنى,0,Table10[[#This Row],[عدد الفرق]]*IF(OR(Table10[[#This Row],[الفئة]]="تحت 5",Table10[[#This Row],[الفئة]]="تحت 7",Table10[[#This Row],[الفئة]]="تحت 9"),المدخلات!$T$3,المدخلات!$V$3)/2) -> 0
B11: =IFERROR(INDEX(المكاتب_المصدر[المنطقة],MATCH(Table10[[#This Row],[المجموعة]],المكاتب_المصدر[المجموعة],0)),"") -> الجوف | C11: ='ملخص المجموعات'!B4 -> تحت 5 | D11: ='ملخص المجموعات'!C4 -> مجموعة طبرجل | E11: =COUNTIFS(تفاصيل_الفرق[الفئة العمرية],ملخص_المجموعات[[#This Row],[الفئة]],تفاصيل_الفرق[المجموعة],ملخص_المجموعات[[#This Row],[المجموعة]],تفاصيل_الفرق[عدد الفرق],">0") -> 1 | F11: {=_xlfn.TEXTJOIN("، ",TRUE,IF((تفاصيل_الفرق[الفئة العمرية]=ملخص_المجموعات[[#This Row],[الفئة]])*(تفاصيل_الفرق[المجموعة]=ملخص_المجموعات[[#This Row],[المجموعة]])*(تفاصيل_الفرق[عدد الفرق]>0),تفاصيل_الفرق[المدينة/المحافظة],""))} -> الدوادمي | G11: =SUMIFS(تفاصيل_الفرق[عدد الفرق],تفاصيل_الفرق[الفئة العمرية],ملخص_المجموعات[[#This Row],[الفئة]],تفاصيل_الفرق[المجموعة],ملخص_المجموعات[[#This Row],[المجموعة]]) -> 5 | H11: =IF(Table10[[#This Row],[عدد الفرق]]<الحد_الأدنى,0,Table10[[#This Row],[عدد الفرق]]*IF(OR(Table10[[#This Row],[الفئة]]="تحت 5",Table10[[#This Row],[الفئة]]="تحت 7",Table10[[#This Row],[الفئة]]="تحت 9"),المدخلات!$T$3,المدخلات!$V$3)/2) -> 0
B12: =IFERROR(INDEX(المكاتب_المصدر[المنطقة],MATCH(Table10[[#This Row],[المجموعة]],المكاتب_المصدر[المجموعة],0)),"") -> الجوف | C12: ='ملخص المجموعات'!B5 -> تحت 7 | D12: ='ملخص المجموعات'!C5 -> مجموعة طبرجل | E12: =COUNTIFS(تفاصيل_الفرق[الفئة العمرية],ملخص_المجموعات[[#This Row],[الفئة]],تفاصيل_الفرق[المجموعة],ملخص_المجموعات[[#This Row],[المجموعة]],تفاصيل_الفرق[عدد الفرق],">0") -> 1 | F12: {=_xlfn.TEXTJOIN("، ",TRUE,IF((تفاصيل_الفرق[الفئة العمرية]=ملخص_المجموعات[[#This Row],[الفئة]])*(تفاصيل_الفرق[المجموعة]=ملخص_المجموعات[[#This Row],[المجموعة]])*(تفاصيل_الفرق[عدد الفرق]>0),تفاصيل_الفرق[المدينة/المحافظة],""))} -> القريات | G12: =SUMIFS(تفاصيل_الفرق[عدد الفرق],تفاصيل_الفرق[الفئة العمرية],ملخص_المجموعات[[#This Row],[الفئة]],تفاصيل_الفرق[المجموعة],ملخص_المجموعات[[#This Row],[المجموعة]]) -> 5 | H12: =IF(Table10[[#This Row],[عدد الفرق]]<الحد_الأدنى,0,Table10[[#This Row],[عدد الفرق]]*IF(OR(Table10[[#This Row],[الفئة]]="تحت 5",Table10[[#This Row],[الفئة]]="تحت 7",Table10[[#This Row],[الفئة]]="تحت 9"),المدخلات!$T$3,المدخلات!$V$3)/2) -> 0
B13: =IFERROR(INDEX(المكاتب_المصدر[المنطقة],MATCH(Table10[[#This Row],[المجموعة]],المكاتب_المصدر[المجموعة],0)),"") -> الرياض | C13: ='ملخص المجموعات'!B6 -> تحت 9 | D13: ='ملخص المجموعات'!C6 -> مجموعة الخرج | E13: =COUNTIFS(تفاصيل_الفرق[الفئة العمرية],ملخص_المجموعات[[#This Row],[الفئة]],تفاصيل_الفرق[المجموعة],ملخص_المجموعات[[#This Row],[المجموعة]],تفاصيل_الفرق[عدد الفرق],">0") -> 1 | F13: {=_xlfn.TEXTJOIN("، ",TRUE,IF((تفاصيل_الفرق[الفئة العمرية]=ملخص_المجموعات[[#This Row],[الفئة]])*(تفاصيل_الفرق[المجموعة]=ملخص_المجموعات[[#This Row],[المجموعة]])*(تفاصيل_الفرق[عدد الفرق]>0),تفاصيل_الفرق[المدينة/المحافظة],""))} -> القريات | G13: =SUMIFS(تفاصيل_الفرق[عدد الفرق],تفاصيل_الفرق[الفئة العمرية],ملخص_المجموعات[[#This Row],[الفئة]],تفاصيل_الفرق[المجموعة],ملخص_المجموعات[[#This Row],[المجموعة]]) -> 5 | H13: =IF(Table10[[#This Row],[عدد الفرق]]<الحد_الأدنى,0,Table10[[#This Row],[عدد الفرق]]*IF(OR(Table10[[#This Row],[الفئة]]="تحت 5",Table10[[#This Row],[الفئة]]="تحت 7",Table10[[#This Row],[الفئة]]="تحت 9"),المدخلات!$T$3,المدخلات!$V$3)/2) -> 0
B14: =IFERROR(INDEX(المكاتب_المصدر[المنطقة],MATCH(Table10[[#This Row],[المجموعة]],المكاتب_المصدر[المجموعة],0)),"") -> الجوف | C14: ='ملخص المجموعات'!B7 -> تحت 12 | D14: ='ملخص المجموعات'!C7 -> مجموعة طبرجل | E14: =COUNTIFS(تفاصيل_الفرق[الفئة العمرية],ملخص_المجموعات[[#This Row],[الفئة]],تفاصيل_الفرق[المجموعة],ملخص_المجموعات[[#This Row],[المجموعة]],تفاصيل_الفرق[عدد الفرق],">0") -> 1 | F14: {=_xlfn.TEXTJOIN("، ",TRUE,IF((تفاصيل_الفرق[الفئة العمرية]=ملخص_المجموعات[[#This Row],[الفئة]])*(تفاصيل_الفرق[المجموعة]=ملخص_المجموعات[[#This Row],[المجموعة]])*(تفاصيل_الفرق[عدد الفرق]>0),تفاصيل_الفرق[المدينة/المحافظة],""))} -> القريات | G14: =SUMIFS(تفاصيل_الفرق[عدد الفرق],تفاصيل_الفرق[الفئة العمرية],ملخص_المجموعات[[#This Row],[الفئة]],تفاصيل_الفرق[المجموعة],ملخص_المجموعات[[#This Row],[المجموعة]]) -> 5 | H14: =IF(Table10[[#This Row],[عدد الفرق]]<الحد_الأدنى,0,Table10[[#This Row],[عدد الفرق]]*IF(OR(Table10[[#This Row],[الفئة]]="تحت 5",Table10[[#This Row],[الفئة]]="تحت 7",Table10[[#This Row],[الفئة]]="تحت 9"),المدخلات!$T$3,المدخلات!$V$3)/2) -> 0
B15: =IFERROR(INDEX(المكاتب_المصدر[المنطقة],MATCH(Table10[[#This Row],[المجموعة]],المكاتب_المصدر[المجموعة],0)),"") -> الجوف | C15: ='ملخص المجموعات'!B8 -> تحت 14 | D15: ='ملخص المجموعات'!C8 -> مجموعة طبرجل | E15: =COUNTIFS(تفاصيل_الفرق[الفئة العمرية],ملخص_المجموعات[[#This Row],[الفئة]],تفاصيل_الفرق[المجموعة],ملخص_المجموعات[[#This Row],[المجموعة]],تفاصيل_الفرق[عدد الفرق],">0") -> 1 | F15: {=_xlfn.TEXTJOIN("، ",TRUE,IF((تفاصيل_الفرق[الفئة العمرية]=ملخص_المجموعات[[#This Row],[الفئة]])*(تفاصيل_الفرق[المجموعة]=ملخص_المجموعات[[#This Row],[المجموعة]])*(تفاصيل_الفرق[عدد الفرق]>0),تفاصيل_الفرق[المدينة/المحافظة],""))} -> القريات | G15: =SUMIFS(تفاصيل_الفرق[عدد الفرق],تفاصيل_الفرق[الفئة العمرية],ملخص_المجموعات[[#This Row],[الفئة]],تفاصيل_الفرق[المجموعة],ملخص_المجموعات[[#This Row],[المجموعة]]) -> 5 | H15: =IF(Table10[[#This Row],[عدد الفرق]]<الحد_الأدنى,0,Table10[[#This Row],[عدد الفرق]]*IF(OR(Table10[[#This Row],[الفئة]]="تحت 5",Table10[[#This Row],[الفئة]]="تحت 7",Table10[[#This Row],[الفئة]]="تحت 9"),المدخلات!$T$3,المدخلات!$V$3)/2) -> 0
B16: =IFERROR(INDEX(المكاتب_المصدر[المنطقة],MATCH(Table10[[#This Row],[المجموعة]],المكاتب_المصدر[المجموعة],0)),"") -> نجران | C16: ='ملخص المجموعات'!B9 -> تحت 7 | D16: ='ملخص المجموعات'!C9 -> مجموعة شرورة | E16: =COUNTIFS(تفاصيل_الفرق[الفئة العمرية],ملخص_المجموعات[[#This Row],[الفئة]],تفاصيل_الفرق[المجموعة],ملخص_المجموعات[[#This Row],[المجموعة]],تفاصيل_الفرق[عدد الفرق],">0") -> 2 | F16: {=_xlfn.TEXTJOIN("، ",TRUE,IF((تفاصيل_الفرق[الفئة العمرية]=ملخص_المجموعات[[#This Row],[الفئة]])*(تفاصيل_الفرق[المجموعة]=ملخص_المجموعات[[#This Row],[المجموعة]])*(تفاصيل_الفرق[عدد الفرق]>0),تفاصيل_الفرق[المدينة/المحافظة],""))} -> الباحة، العقيق | G16: =SUMIFS(تفاصيل_الفرق[عدد الفرق],تفاصيل_الفرق[الفئة العمرية],ملخص_المجموعات[[#This Row],[الفئة]],تفاصيل_الفرق[المجموعة],ملخص_المجموعات[[#This Row],[المجموعة]]) -> 6 | H16: =IF(Table10[[#This Row],[عدد الفرق]]<الحد_الأدنى,0,Table10[[#This Row],[عدد الفرق]]*IF(OR(Table10[[#This Row],[الفئة]]="تحت 5",Table10[[#This Row],[الفئة]]="تحت 7",Table10[[#This Row],[الفئة]]="تحت 9"),المدخلات!$T$3,المدخلات!$V$3)/2) -> 84
B17: =IFERROR(INDEX(المكاتب_المصدر[المنطقة],MATCH(Table10[[#This Row],[المجموعة]],المكاتب_المصدر[المجموعة],0)),"") -> نجران | C17: ='ملخص المجموعات'!B10 -> تحت 9 | D17: ='ملخص المجموعات'!C10 -> مجموعة شرورة | E17: =COUNTIFS(تفاصيل_الفرق[الفئة العمرية],ملخص_المجموعات[[#This Row],[الفئة]],تفاصيل_الفرق[المجموعة],ملخص_المجموعات[[#This Row],[المجموعة]],تفاصيل_الفرق[عدد الفرق],">0") -> 1 | F17: {=_xlfn.TEXTJOIN("، ",TRUE,IF((تفاصيل_الفرق[الفئة العمرية]=ملخص_المجموعات[[#This Row],[الفئة]])*(تفاصيل_الفرق[المجموعة]=ملخص_المجموعات[[#This Row],[المجموعة]])*(تفاصيل_الفرق[عدد الفرق]>0),تفاصيل_الفرق[المدينة/المحافظة],""))} -> نجران | G17: =SUMIFS(تفاصيل_الفرق[عدد الفرق],تفاصيل_الفرق[الفئة العمرية],ملخص_المجموعات[[#This Row],[الفئة]],تفاصيل_الفرق[المجموعة],ملخص_المجموعات[[#This Row],[المجموعة]]) -> 6 | H17: =IF(Table10[[#This Row],[عدد الفرق]]<الحد_الأدنى,0,Table10[[#This Row],[عدد الفرق]]*IF(OR(Table10[[#This Row],[الفئة]]="تحت 5",Table10[[#This Row],[الفئة]]="تحت 7",Table10[[#This Row],[الفئة]]="تحت 9"),المدخلات!$T$3,المدخلات!$V$3)/2) -> 84
B18: =IFERROR(INDEX(المكاتب_المصدر[المنطقة],MATCH(Table10[[#This Row],[المجموعة]],المكاتب_المصدر[المجموعة],0)),"") -> الرياض | C18: ='ملخص المجموعات'!B11 -> تحت 9 | D18: ='ملخص المجموعات'!C11 -> مجموعة الدوادمي | E18: =COUNTIFS(تفاصيل_الفرق[الفئة العمرية],ملخص_المجموعات[[#This Row],[الفئة]],تفاصيل_الفرق[المجموعة],ملخص_المجموعات[[#This Row],[المجموعة]],تفاصيل_الفرق[عدد الفرق],">0") -> 3 | F18: {=_xlfn.TEXTJOIN("، ",TRUE,IF((تفاصيل_الفرق[الفئة العمرية]=ملخص_المجموعات[[#This Row],[الفئة]])*(تفاصيل_الفرق[المجموعة]=ملخص_المجموعات[[#This Row],[المجموعة]])*(تفاصيل_الفرق[عدد الفرق]>0),تفاصيل_الفرق[المدينة/المحافظة],""))} -> الباحة، بلقرن، العقيق | G18: =SUMIFS(تفاصيل_الفرق[عدد الفرق],تفاصيل_الفرق[الفئة العمرية],ملخص_المجموعات[[#This Row],[الفئة]],تفاصيل_الفرق[المجموعة],ملخص_المجموعات[[#This Row],[المجموعة]]) -> 6 | H18: =IF(Table10[[#This Row],[عدد الفرق]]<الحد_الأدنى,0,Table10[[#This Row],[عدد الفرق]]*IF(OR(Table10[[#This Row],[الفئة]]="تحت 5",Table10[[#This Row],[الفئة]]="تحت 7",Table10[[#This Row],[الفئة]]="تحت 9"),المدخلات!$T$3,المدخلات!$V$3)/2) -> 84
B19: =IFERROR(INDEX(المكاتب_المصدر[المنطقة],MATCH(Table10[[#This Row],[المجموعة]],المكاتب_المصدر[المجموعة],0)),"") -> الجوف | C19: ='ملخص المجموعات'!B12 -> تحت 11 | D19: ='ملخص المجموعات'!C12 -> مجموعة القريات | E19: =COUNTIFS(تفاصيل_الفرق[الفئة العمرية],ملخص_المجموعات[[#This Row],[الفئة]],تفاصيل_الفرق[المجموعة],ملخص_المجموعات[[#This Row],[المجموعة]],تفاصيل_الفرق[عدد الفرق],">0") -> 1 | F19: {=_xlfn.TEXTJOIN("، ",TRUE,IF((تفاصيل_الفرق[الفئة العمرية]=ملخص_المجموعات[[#This Row],[الفئة]])*(تفاصيل_الفرق[المجموعة]=ملخص_المجموعات[[#This Row],[المجموعة]])*(تفاصيل_الفرق[عدد الفرق]>0),تفاصيل_الفرق[المدينة/المحافظة],""))} -> الباحة | G19: =SUMIFS(تفاصيل_الفرق[عدد الفرق],تفاصيل_الفرق[الفئة العمرية],ملخص_المجموعات[[#This Row],[الفئة]],تفاصيل_الفرق[المجموعة],ملخص_المجموعات[[#This Row],[المجموعة]]) -> 6 | H19: =IF(Table10[[#This Row],[عدد الفرق]]<الحد_الأدنى,0,Table10[[#This Row],[عدد الفرق]]*IF(OR(Table10[[#This Row],[الفئة]]="تحت 5",Table10[[#This Row],[الفئة]]="تحت 7",Table10[[#This Row],[الفئة]]="تحت 9"),المدخلات!$T$3,المدخلات!$V$3)/2) -> 60
B20: =IFERROR(INDEX(المكاتب_المصدر[المنطقة],MATCH(Table10[[#This Row],[المجموعة]],المكاتب_المصدر[المجموعة],0)),"") -> الجوف | C20: ='ملخص المجموعات'!B13 -> تحت 12 | D20: ='ملخص المجموعات'!C13 -> مجموعة القريات | E20: =COUNTIFS(تفاصيل_الفرق[الفئة العمرية],ملخص_المجموعات[[#This Row],[الفئة]],تفاصيل_الفرق[المجموعة],ملخص_المجموعات[[#This Row],[المجموعة]],تفاصيل_الفرق[عدد الفرق],">0") -> 1 | F20: {=_xlfn.TEXTJOIN("، ",TRUE,IF((تفاصيل_الفرق[الفئة العمرية]=ملخص_المجموعات[[#This Row],[الفئة]])*(تفاصيل_الفرق[المجموعة]=ملخص_المجموعات[[#This Row],[المجموعة]])*(تفاصيل_الفرق[عدد الفرق]>0),تفاصيل_الفرق[المدينة/المحافظة],""))} -> حائل | G20: =SUMIFS(تفاصيل_الفرق[عدد الفرق],تفاصيل_الفرق[الفئة العمرية],ملخص_المجموعات[[#This Row],[الفئة]],تفاصيل_الفرق[المجموعة],ملخص_المجموعات[[#This Row],[المجموعة]]) -> 6 | H20: =IF(Table10[[#This Row],[عدد الفرق]]<الحد_الأدنى,0,Table10[[#This Row],[عدد الفرق]]*IF(OR(Table10[[#This Row],[الفئة]]="تحت 5",Table10[[#This Row],[الفئة]]="تحت 7",Table10[[#This Row],[الفئة]]="تحت 9"),المدخلات!$T$3,المدخلات!$V$3)/2) -> 60
B21: =IFERROR(INDEX(المكاتب_المصدر[المنطقة],MATCH(Table10[[#This Row],[المجموعة]],المكاتب_المصدر[المجموعة],0)),"") -> الجوف | C21: ='ملخص المجموعات'!B14 -> تحت 13 | D21: ='ملخص المجموعات'!C14 -> مجموعة القريات | E21: =COUNTIFS(تفاصيل_الفرق[الفئة العمرية],ملخص_المجموعات[[#This Row],[الفئة]],تفاصيل_الفرق[المجموعة],ملخص_المجموعات[[#This Row],[المجموعة]],تفاصيل_الفرق[عدد الفرق],">0") -> 1 | F21: {=_xlfn.TEXTJOIN("، ",TRUE,IF((تفاصيل_الفرق[الفئة العمرية]=ملخص_المجموعات[[#This Row],[الفئة]])*(تفاصيل_الفرق[المجموعة]=ملخص_المجموعات[[#This Row],[المجموعة]])*(تفاصيل_الفرق[عدد الفرق]>0),تفاصيل_الفرق[المدينة/المحافظة],""))} -> القريات | G21: =SUMIFS(تفاصيل_الفرق[عدد الفرق],تفاصيل_الفرق[الفئة العمرية],ملخص_المجموعات[[#This Row],[الفئة]],تفاصيل_الفرق[المجموعة],ملخص_المجموعات[[#This Row],[المجموعة]]) -> 6 | H21: =IF(Table10[[#This Row],[عدد الفرق]]<الحد_الأدنى,0,Table10[[#This Row],[عدد الفرق]]*IF(OR(Table10[[#This Row],[الفئة]]="تحت 5",Table10[[#This Row],[الفئة]]="تحت 7",Table10[[#This Row],[الفئة]]="تحت 9"),المدخلات!$T$3,المدخلات!$V$3)/2) -> 60
... B193: =IFERROR(INDEX(المكاتب_المصدر[المنطقة],MATCH(Table10[[#This Row],[المجموعة]],المكاتب_المصدر[المجموعة],0)),"") -> مكة المكرمة | C193: ='ملخص المجموعات'!B186 -> تحت 12 | D193: ='ملخص المجموعات'!C186 -> مجموعة جدة | E193: =COUNTIFS(تفاصيل_الفرق[الفئة العمرية],ملخص_المجموعات[[#This Row],[الفئة]],تفاصيل_الفرق[المجموعة],ملخص_المجموعات[[#This Row],[المجموعة]],تفاصيل_الفرق[عدد الفرق],">0") -> 0 | F193: {=_xlfn.TEXTJOIN("، ",TRUE,IF((تفاصيل_الفرق[الفئة العمرية]=ملخص_المجموعات[[#This Row],[الفئة]])*(تفاصيل_الفرق[المجموعة]=ملخص_المجموعات[[#This Row],[المجموعة]])*(تفاصيل_الفرق[عدد الفرق]>0),تفاصيل_الفرق[المدينة/المحافظة],""))} -> #VALUE! | G193: =SUMIFS(تفاصيل_الفرق[عدد الفرق],تفاصيل_الفرق[الفئة العمرية],ملخص_المجموعات[[#This Row],[الفئة]],تفاصيل_الفرق[المجموعة],ملخص_المجموعات[[#This Row],[المجموعة]]) -> 0 | H193: =IF(Table10[[#This Row],[عدد الفرق]]<الحد_الأدنى,0,Table10[[#This Row],[عدد الفرق]]*IF(OR(Table10[[#This Row],[الفئة]]="تحت 5",Table10[[#This Row],[الفئة]]="تحت 7",Table10[[#This Row],[الفئة]]="تحت 9"),المدخلات!$T$3,المدخلات!$V$3)/2) -> 0

Sheet عدد اللاعبين
B2: المنطقة | C2: الفئة | D2: المجموعة | E2: عدد المدن | F2: المدن | G2: عدد الفرق | H2: عدد اللاعبين
B3: =IFERROR(INDEX(المكاتب_المصدر[المنطقة],MATCH('عدد اللاعبين'!$D3,المكاتب_المصدر[المجموعة],0)),"") | C3: ='ملخص المجموعات'!#REF! -> #REF! | D3: ='ملخص المجموعات'!#REF! -> #REF! | E3: =COUNTIFS(تفاصيل_الفرق[الفئة العمرية],ملخص_المجموعات[[#This Row],[الفئة]],تفاصيل_الفرق[المجموعة],ملخص_المجموعات[[#This Row],[المجموعة]],تفاصيل_الفرق[عدد الفرق],">0") -> 1 | F3: {=_xlfn.TEXTJOIN("، ",TRUE,IF((تفاصيل_الفرق[الفئة العمرية]=ملخص_المجموعات[[#This Row],[الفئة]])*(تفاصيل_الفرق[المجموعة]=ملخص_المجموعات[[#This Row],[المجموعة]])*(تفاصيل_الفرق[عدد الفرق]>0),تفاصيل_الفرق[المدينة/المحافظة],""))} -> نجران | G3: =SUMIFS(تفاصيل_الفرق[عدد الفرق],تفاصيل_الفرق[الفئة العمرية],ملخص_المجموعات[[#This Row],[الفئة]],تفاصيل_الفرق[المجموعة],ملخص_المجموعات[[#This Row],[المجموعة]]) -> 5 | H3: =IF('عدد اللاعبين'!$G3<الحد_الأدنى,0,'عدد اللاعبين'!$G3*IFERROR(INDEX(المدخلات!$Y$3:$Y$9,MATCH('عدد اللاعبين'!$C3,المدخلات!$X$3:$X$9,0)),0)) -> 0
B4: =IFERROR(INDEX(المكاتب_المصدر[المنطقة],MATCH('عدد اللاعبين'!$D4,المكاتب_المصدر[المجموعة],0)),"") | C4: ='ملخص المجموعات'!#REF! -> #REF! | D4: ='ملخص المجموعات'!#REF! -> #REF! | E4: =COUNTIFS(تفاصيل_الفرق[الفئة العمرية],ملخص_المجموعات[[#This Row],[الفئة]],تفاصيل_الفرق[المجموعة],ملخص_المجموعات[[#This Row],[المجموعة]],تفاصيل_الفرق[عدد الفرق],">0") -> 1 | F4: {=_xlfn.TEXTJOIN("، ",TRUE,IF((تفاصيل_الفرق[الفئة العمرية]=ملخص_المجموعات[[#This Row],[الفئة]])*(تفاصيل_الفرق[المجموعة]=ملخص_المجموعات[[#This Row],[المجموعة]])*(تفاصيل_الفرق[عدد الفرق]>0),تفاصيل_الفرق[المدينة/المحافظة],""))} -> طبرجل | G4: =SUMIFS(تفاصيل_الفرق[عدد الفرق],تفاصيل_الفرق[الفئة العمرية],ملخص_المجموعات[[#This Row],[الفئة]],تفاصيل_الفرق[المجموعة],ملخص_المجموعات[[#This Row],[المجموعة]]) -> 5 | H4: =IF('عدد اللاعبين'!$G4<الحد_الأدنى,0,'عدد اللاعبين'!$G4*IFERROR(INDEX(المدخلات!$Y$3:$Y$9,MATCH('عدد اللاعبين'!$C4,المدخلات!$X$3:$X$9,0)),0)) -> 0
B5: =IFERROR(INDEX(المكاتب_المصدر[المنطقة],MATCH('عدد اللاعبين'!$D5,المكاتب_المصدر[المجموعة],0)),"") | C5: ='ملخص المجموعات'!#REF! -> #REF! | D5: ='ملخص المجموعات'!#REF! -> #REF! | E5: =COUNTIFS(تفاصيل_الفرق[الفئة العمرية],ملخص_المجموعات[[#This Row],[الفئة]],تفاصيل_الفرق[المجموعة],ملخص_المجموعات[[#This Row],[المجموعة]],تفاصيل_الفرق[عدد الفرق],">0") -> 1 | F5: {=_xlfn.TEXTJOIN("، ",TRUE,IF((تفاصيل_الفرق[الفئة العمرية]=ملخص_المجموعات[[#This Row],[الفئة]])*(تفاصيل_الفرق[المجموعة]=ملخص_المجموعات[[#This Row],[المجموعة]])*(تفاصيل_الفرق[عدد الفرق]>0),تفاصيل_الفرق[المدينة/المحافظة],""))} -> طبرجل | G5: =SUMIFS(تفاصيل_الفرق[عدد الفرق],تفاصيل_الفرق[الفئة العمرية],ملخص_المجموعات[[#This Row],[الفئة]],تفاصيل_الفرق[المجموعة],ملخص_المجموعات[[#This Row],[المجموعة]]) -> 5 | H5: =IF('عدد اللاعبين'!$G5<الحد_الأدنى,0,'عدد اللاعبين'!$G5*IFERROR(INDEX(المدخلات!$Y$3:$Y$9,MATCH('عدد اللاعبين'!$C5,المدخلات!$X$3:$X$9,0)),0)) -> 0
B6: =IFERROR(INDEX(المكاتب_المصدر[المنطقة],MATCH('عدد اللاعبين'!$D6,المكاتب_المصدر[المجموعة],0)),"") | C6: ='ملخص المجموعات'!#REF! -> #REF! | D6: ='ملخص المجموعات'!#REF! -> #REF! | E6: =COUNTIFS(تفاصيل_الفرق[الفئة العمرية],ملخص_المجموعات[[#This Row],[الفئة]],تفاصيل_الفرق[المجموعة],ملخص_المجموعات[[#This Row],[المجموعة]],تفاصيل_الفرق[عدد الفرق],">0") -> 1 | F6: {=_xlfn.TEXTJOIN("، ",TRUE,IF((تفاصيل_الفرق[الفئة العمرية]=ملخص_المجموعات[[#This Row],[الفئة]])*(تفاصيل_الفرق[المجموعة]=ملخص_المجموعات[[#This Row],[المجموعة]])*(تفاصيل_الفرق[عدد الفرق]>0),تفاصيل_الفرق[المدينة/المحافظة],""))} -> الخرج | G6: =SUMIFS(تفاصيل_الفرق[عدد الفرق],تفاصيل_الفرق[الفئة العمرية],ملخص_المجموعات[[#This Row],[الفئة]],تفاصيل_الفرق[المجموعة],ملخص_المجموعات[[#This Row],[المجموعة]]) -> 5 | H6: =IF('عدد اللاعبين'!$G6<الحد_الأدنى,0,'عدد اللاعبين'!$G6*IFERROR(INDEX(المدخلات!$Y$3:$Y$9,MATCH('عدد اللاعبين'!$C6,المدخلات!$X$3:$X$9,0)),0)) -> 0
B7: =IFERROR(INDEX(المكاتب_المصدر[المنطقة],MATCH('عدد اللاعبين'!$D7,المكاتب_المصدر[المجموعة],0)),"") | C7: ='ملخص المجموعات'!#REF! -> #REF! | D7: ='ملخص المجموعات'!#REF! -> #REF! | E7: =COUNTIFS(تفاصيل_الفرق[الفئة العمرية],ملخص_المجموعات[[#This Row],[الفئة]],تفاصيل_الفرق[المجموعة],ملخص_المجموعات[[#This Row],[المجموعة]],تفاصيل_الفرق[عدد الفرق],">0") -> 1 | F7: {=_xlfn.TEXTJOIN("، ",TRUE,IF((تفاصيل_الفرق[الفئة العمرية]=ملخص_المجموعات[[#This Row],[الفئة]])*(تفاصيل_الفرق[المجموعة]=ملخص_المجموعات[[#This Row],[المجموعة]])*(تفاصيل_الفرق[عدد الفرق]>0),تفاصيل_الفرق[المدينة/المحافظة],""))} -> طبرجل | G7: =SUMIFS(تفاصيل_الفرق[عدد الفرق],تفاصيل_الفرق[الفئة العمرية],ملخص_المجموعات[[#This Row],[الفئة]],تفاصيل_الفرق[المجموعة],ملخص_المجموعات[[#This Row],[المجموعة]]) -> 5 | H7: =IF('عدد اللاعبين'!$G7<الحد_الأدنى,0,'عدد اللاعبين'!$G7*IFERROR(INDEX(المدخلات!$Y$3:$Y$9,MATCH('عدد اللاعبين'!$C7,المدخلات!$X$3:$X$9,0)),0)) -> 0
B8: =IFERROR(INDEX(المكاتب_المصدر[المنطقة],MATCH('عدد اللاعبين'!$D8,المكاتب_المصدر[المجموعة],0)),"") | C8: ='ملخص المجموعات'!#REF! -> #REF! | D8: ='ملخص المجموعات'!#REF! -> #REF! | E8: =COUNTIFS(تفاصيل_الفرق[الفئة العمرية],ملخص_المجموعات[[#This Row],[الفئة]],تفاصيل_الفرق[المجموعة],ملخص_المجموعات[[#This Row],[المجموعة]],تفاصيل_الفرق[عدد الفرق],">0") -> 1 | F8: {=_xlfn.TEXTJOIN("، ",TRUE,IF((تفاصيل_الفرق[الفئة العمرية]=ملخص_المجموعات[[#This Row],[الفئة]])*(تفاصيل_الفرق[المجموعة]=ملخص_المجموعات[[#This Row],[المجموعة]])*(تفاصيل_الفرق[عدد الفرق]>0),تفاصيل_الفرق[المدينة/المحافظة],""))} -> طبرجل | G8: =SUMIFS(تفاصيل_الفرق[عدد الفرق],تفاصيل_الفرق[الفئة العمرية],ملخص_المجموعات[[#This Row],[الفئة]],تفاصيل_الفرق[المجموعة],ملخص_المجموعات[[#This Row],[المجموعة]]) -> 5 | H8: =IF('عدد اللاعبين'!$G8<الحد_الأدنى,0,'عدد اللاعبين'!$G8*IFERROR(INDEX(المدخلات!$Y$3:$Y$9,MATCH('عدد اللاعبين'!$C8,المدخلات!$X$3:$X$9,0)),0)) -> 0
B9: =IFERROR(INDEX(المكاتب_المصدر[المنطقة],MATCH('عدد اللاعبين'!$D9,المكاتب_المصدر[المجموعة],0)),"") | C9: ='ملخص المجموعات'!#REF! -> #REF! | D9: ='ملخص المجموعات'!#REF! -> #REF! | E9: =COUNTIFS(تفاصيل_الفرق[الفئة العمرية],ملخص_المجموعات[[#This Row],[الفئة]],تفاصيل_الفرق[المجموعة],ملخص_المجموعات[[#This Row],[المجموعة]],تفاصيل_الفرق[عدد الفرق],">0") -> 1 | F9: {=_xlfn.TEXTJOIN("، ",TRUE,IF((تفاصيل_الفرق[الفئة العمرية]=ملخص_المجموعات[[#This Row],[الفئة]])*(تفاصيل_الفرق[المجموعة]=ملخص_المجموعات[[#This Row],[المجموعة]])*(تفاصيل_الفرق[عدد الفرق]>0),تفاصيل_الفرق[المدينة/المحافظة],""))} -> شرورة | G9: =SUMIFS(تفاصيل_الفرق[عدد الفرق],تفاصيل_الفرق[الفئة العمرية],ملخص_المجموعات[[#This Row],[الفئة]],تفاصيل_الفرق[المجموعة],ملخص_المجموعات[[#This Row],[المجموعة]]) -> 5 | H9: =IF('عدد اللاعبين'!$G9<الحد_الأدنى,0,'عدد اللاعبين'!$G9*IFERROR(INDEX(المدخلات!$Y$3:$Y$9,MATCH('عدد اللاعبين'!$C9,المدخلات!$X$3:$X$9,0)),0)) -> 0
B10: =IFERROR(INDEX(المكاتب_المصدر[المنطقة],MATCH('عدد اللاعبين'!$D10,المكاتب_المصدر[المجموعة],0)),"") -> نجران | C10: ='ملخص المجموعات'!B3 -> تحت 14 | D10: ='ملخص المجموعات'!C3 -> مجموعة نجران | E10: =COUNTIFS(تفاصيل_الفرق[الفئة العمرية],ملخص_المجموعات[[#This Row],[الفئة]],تفاصيل_الفرق[المجموعة],ملخص_المجموعات[[#This Row],[المجموعة]],تفاصيل_الفرق[عدد الفرق],">0") -> 1 | F10: {=_xlfn.TEXTJOIN("، ",TRUE,IF((تفاصيل_الفرق[الفئة العمرية]=ملخص_المجموعات[[#This Row],[الفئة]])*(تفاصيل_الفرق[المجموعة]=ملخص_المجموعات[[#This Row],[المجموعة]])*(تفاصيل_الفرق[عدد الفرق]>0),تفاصيل_الفرق[المدينة/المحافظة],""))} -> شرورة | G10: =SUMIFS(تفاصيل_الفرق[عدد الفرق],تفاصيل_الفرق[الفئة العمرية],ملخص_المجموعات[[#This Row],[الفئة]],تفاصيل_الفرق[المجموعة],ملخص_المجموعات[[#This Row],[المجموعة]]) -> 5 | H10: =IF('عدد اللاعبين'!$G10<الحد_الأدنى,0,'عدد اللاعبين'!$G10*IFERROR(INDEX(المدخلات!$Y$3:$Y$9,MATCH('عدد اللاعبين'!$C10,المدخلات!$X$3:$X$9,0)),0)) -> 0
B11: =IFERROR(INDEX(المكاتب_المصدر[المنطقة],MATCH('عدد اللاعبين'!$D11,المكاتب_المصدر[المجموعة],0)),"") -> الجوف | C11: ='ملخص المجموعات'!B4 -> تحت 5 | D11: ='ملخص المجموعات'!C4 -> مجموعة طبرجل | E11: =COUNTIFS(تفاصيل_الفرق[الفئة العمرية],ملخص_المجموعات[[#This Row],[الفئة]],تفاصيل_الفرق[المجموعة],ملخص_المجموعات[[#This Row],[المجموعة]],تفاصيل_الفرق[عدد الفرق],">0") -> 1 | F11: {=_xlfn.TEXTJOIN("، ",TRUE,IF((تفاصيل_الفرق[الفئة العمرية]=ملخص_المجموعات[[#This Row],[الفئة]])*(تفاصيل_الفرق[المجموعة]=ملخص_المجموعات[[#This Row],[المجموعة]])*(تفاصيل_الفرق[عدد الفرق]>0),تفاصيل_الفرق[المدينة/المحافظة],""))} -> الدوادمي | G11: =SUMIFS(تفاصيل_الفرق[عدد الفرق],تفاصيل_الفرق[الفئة العمرية],ملخص_المجموعات[[#This Row],[الفئة]],تفاصيل_الفرق[المجموعة],ملخص_المجموعات[[#This Row],[المجموعة]]) -> 5 | H11: =IF('عدد اللاعبين'!$G11<الحد_الأدنى,0,'عدد اللاعبين'!$G11*IFERROR(INDEX(المدخلات!$Y$3:$Y$9,MATCH('عدد اللاعبين'!$C11,المدخلات!$X$3:$X$9,0)),0)) -> 0
B12: =IFERROR(INDEX(المكاتب_المصدر[المنطقة],MATCH('عدد اللاعبين'!$D12,المكاتب_المصدر[المجموعة],0)),"") -> الجوف | C12: ='ملخص المجموعات'!B5 -> تحت 7 | D12: ='ملخص المجموعات'!C5 -> مجموعة طبرجل | E12: =COUNTIFS(تفاصيل_الفرق[الفئة العمرية],ملخص_المجموعات[[#This Row],[الفئة]],تفاصيل_الفرق[المجموعة],ملخص_المجموعات[[#This Row],[المجموعة]],تفاصيل_الفرق[عدد الفرق],">0") -> 1 | F12: {=_xlfn.TEXTJOIN("، ",TRUE,IF((تفاصيل_الفرق[الفئة العمرية]=ملخص_المجموعات[[#This Row],[الفئة]])*(تفاصيل_الفرق[المجموعة]=ملخص_المجموعات[[#This Row],[المجموعة]])*(تفاصيل_الفرق[عدد الفرق]>0),تفاصيل_الفرق[المدينة/المحافظة],""))} -> القريات | G12: =SUMIFS(تفاصيل_الفرق[عدد الفرق],تفاصيل_الفرق[الفئة العمرية],ملخص_المجموعات[[#This Row],[الفئة]],تفاصيل_الفرق[المجموعة],ملخص_المجموعات[[#This Row],[المجموعة]]) -> 5 | H12: =IF('عدد اللاعبين'!$G12<الحد_الأدنى,0,'عدد اللاعبين'!$G12*IFERROR(INDEX(المدخلات!$Y$3:$Y$9,MATCH('عدد اللاعبين'!$C12,المدخلات!$X$3:$X$9,0)),0)) -> 0
B13: =IFERROR(INDEX(المكاتب_المصدر[المنطقة],MATCH('عدد اللاعبين'!$D13,المكاتب_المصدر[المجموعة],0)),"") -> الرياض | C13: ='ملخص المجموعات'!B6 -> تحت 9 | D13: ='ملخص المجموعات'!C6 -> مجموعة الخرج | E13: =COUNTIFS(تفاصيل_الفرق[الفئة العمرية],ملخص_المجموعات[[#This Row],[الفئة]],تفاصيل_الفرق[المجموعة],ملخص_المجموعات[[#This Row],[المجموعة]],تفاصيل_الفرق[عدد الفرق],">0") -> 1 | F13: {=_xlfn.TEXTJOIN("، ",TRUE,IF((تفاصيل_الفرق[الفئة العمرية]=ملخص_المجموعات[[#This Row],[الفئة]])*(تفاصيل_الفرق[المجموعة]=ملخص_المجموعات[[#This Row],[المجموعة]])*(تفاصيل_الفرق[عدد الفرق]>0),تفاصيل_الفرق[المدينة/المحافظة],""))} -> القريات | G13: =SUMIFS(تفاصيل_الفرق[عدد الفرق],تفاصيل_الفرق[الفئة العمرية],ملخص_المجموعات[[#This Row],[الفئة]],تفاصيل_الفرق[المجموعة],ملخص_المجموعات[[#This Row],[المجموعة]]) -> 5 | H13: =IF('عدد اللاعبين'!$G13<الحد_الأدنى,0,'عدد اللاعبين'!$G13*IFERROR(INDEX(المدخلات!$Y$3:$Y$9,MATCH('عدد اللاعبين'!$C13,المدخلات!$X$3:$X$9,0)),0)) -> 0
B14: =IFERROR(INDEX(المكاتب_المصدر[المنطقة],MATCH('عدد اللاعبين'!$D14,المكاتب_المصدر[المجموعة],0)),"") -> الجوف | C14: ='ملخص المجموعات'!B7 -> تحت 12 | D14: ='ملخص المجموعات'!C7 -> مجموعة طبرجل | E14: =COUNTIFS(تفاصيل_الفرق[الفئة العمرية],ملخص_المجموعات[[#This Row],[الفئة]],تفاصيل_الفرق[المجموعة],ملخص_المجموعات[[#This Row],[المجموعة]],تفاصيل_الفرق[عدد الفرق],">0") -> 1 | F14: {=_xlfn.TEXTJOIN("، ",TRUE,IF((تفاصيل_الفرق[الفئة العمرية]=ملخص_المجموعات[[#This Row],[الفئة]])*(تفاصيل_الفرق[المجموعة]=ملخص_المجموعات[[#This Row],[المجموعة]])*(تفاصيل_الفرق[عدد الفرق]>0),تفاصيل_الفرق[المدينة/المحافظة],""))} -> القريات | G14: =SUMIFS(تفاصيل_الفرق[عدد الفرق],تفاصيل_الفرق[الفئة العمرية],ملخص_المجموعات[[#This Row],[الفئة]],تفاصيل_الفرق[المجموعة],ملخص_المجموعات[[#This Row],[المجموعة]]) -> 5 | H14: =IF('عدد اللاعبين'!$G14<الحد_الأدنى,0,'عدد اللاعبين'!$G14*IFERROR(INDEX(المدخلات!$Y$3:$Y$9,MATCH('عدد اللاعبين'!$C14,المدخلات!$X$3:$X$9,0)),0)) -> 0
B15: =IFERROR(INDEX(المكاتب_المصدر[المنطقة],MATCH('عدد اللاعبين'!$D15,المكاتب_المصدر[المجموعة],0)),"") -> الجوف | C15: ='ملخص المجموعات'!B8 -> تحت 14 | D15: ='ملخص المجموعات'!C8 -> مجموعة طبرجل | E15: =COUNTIFS(تفاصيل_الفرق[الفئة العمرية],ملخص_المجموعات[[#This Row],[الفئة]],تفاصيل_الفرق[المجموعة],ملخص_المجموعات[[#This Row],[المجموعة]],تفاصيل_الفرق[عدد الفرق],">0") -> 1 | F15: {=_xlfn.TEXTJOIN("، ",TRUE,IF((تفاصيل_الفرق[الفئة العمرية]=ملخص_المجموعات[[#This Row],[الفئة]])*(تفاصيل_الفرق[المجموعة]=ملخص_المجموعات[[#This Row],[المجموعة]])*(تفاصيل_الفرق[عدد الفرق]>0),تفاصيل_الفرق[المدينة/المحافظة],""))} -> القريات | G15: =SUMIFS(تفاصيل_الفرق[عدد الفرق],تفاصيل_الفرق[الفئة العمرية],ملخص_المجموعات[[#This Row],[الفئة]],تفاصيل_الفرق[المجموعة],ملخص_المجموعات[[#This Row],[المجموعة]]) -> 5 | H15: =IF('عدد اللاعبين'!$G15<الحد_الأدنى,0,'عدد اللاعبين'!$G15*IFERROR(INDEX(المدخلات!$Y$3:$Y$9,MATCH('عدد اللاعبين'!$C15,المدخلات!$X$3:$X$9,0)),0)) -> 0
B16: =IFERROR(INDEX(المكاتب_المصدر[المنطقة],MATCH('عدد اللاعبين'!$D16,المكاتب_المصدر[المجموعة],0)),"") -> نجران | C16: ='ملخص المجموعات'!B9 -> تحت 7 | D16: ='ملخص المجموعات'!C9 -> مجموعة شرورة | E16: =COUNTIFS(تفاصيل_الفرق[الفئة العمرية],ملخص_المجموعات[[#This Row],[الفئة]],تفاصيل_الفرق[المجموعة],ملخص_المجموعات[[#This Row],[المجموعة]],تفاصيل_الفرق[عدد الفرق],">0") -> 2 | F16: {=_xlfn.TEXTJOIN("، ",TRUE,IF((تفاصيل_الفرق[الفئة العمرية]=ملخص_المجموعات[[#This Row],[الفئة]])*(تفاصيل_الفرق[المجموعة]=ملخص_المجموعات[[#This Row],[المجموعة]])*(تفاصيل_الفرق[عدد الفرق]>0),تفاصيل_الفرق[المدينة/المحافظة],""))} -> الباحة، العقيق | G16: =SUMIFS(تفاصيل_الفرق[عدد الفرق],تفاصيل_الفرق[الفئة العمرية],ملخص_المجموعات[[#This Row],[الفئة]],تفاصيل_الفرق[المجموعة],ملخص_المجموعات[[#This Row],[المجموعة]]) -> 6 | H16: =IF('عدد اللاعبين'!$G16<الحد_الأدنى,0,'عدد اللاعبين'!$G16*IFERROR(INDEX(المدخلات!$Y$3:$Y$9,MATCH('عدد اللاعبين'!$C16,المدخلات!$X$3:$X$9,0)),0)) -> 66
B17: =IFERROR(INDEX(المكاتب_المصدر[المنطقة],MATCH('عدد اللاعبين'!$D17,المكاتب_المصدر[المجموعة],0)),"") -> نجران | C17: ='ملخص المجموعات'!B10 -> تحت 9 | D17: ='ملخص المجموعات'!C10 -> مجموعة شرورة | E17: =COUNTIFS(تفاصيل_الفرق[الفئة العمرية],ملخص_المجموعات[[#This Row],[الفئة]],تفاصيل_الفرق[المجموعة],ملخص_المجموعات[[#This Row],[المجموعة]],تفاصيل_الفرق[عدد الفرق],">0") -> 1 | F17: {=_xlfn.TEXTJOIN("، ",TRUE,IF((تفاصيل_الفرق[الفئة العمرية]=ملخص_المجموعات[[#This Row],[الفئة]])*(تفاصيل_الفرق[المجموعة]=ملخص_المجموعات[[#This Row],[المجموعة]])*(تفاصيل_الفرق[عدد الفرق]>0),تفاصيل_الفرق[المدينة/المحافظة],""))} -> نجران | G17: =SUMIFS(تفاصيل_الفرق[عدد الفرق],تفاصيل_الفرق[الفئة العمرية],ملخص_المجموعات[[#This Row],[الفئة]],تفاصيل_الفرق[المجموعة],ملخص_المجموعات[[#This Row],[المجموعة]]) -> 6 | H17: =IF('عدد اللاعبين'!$G17<الحد_الأدنى,0,'عدد اللاعبين'!$G17*IFERROR(INDEX(المدخلات!$Y$3:$Y$9,MATCH('عدد اللاعبين'!$C17,المدخلات!$X$3:$X$9,0)),0)) -> 66
B18: =IFERROR(INDEX(المكاتب_المصدر[المنطقة],MATCH('عدد اللاعبين'!$D18,المكاتب_المصدر[المجموعة],0)),"") -> الرياض | C18: ='ملخص المجموعات'!B11 -> تحت 9 | D18: ='ملخص المجموعات'!C11 -> مجموعة الدوادمي | E18: =COUNTIFS(تفاصيل_الفرق[الفئة العمرية],ملخص_المجموعات[[#This Row],[الفئة]],تفاصيل_الفرق[المجموعة],ملخص_المجموعات[[#This Row],[المجموعة]],تفاصيل_الفرق[عدد الفرق],">0") -> 3 | F18: {=_xlfn.TEXTJOIN("، ",TRUE,IF((تفاصيل_الفرق[الفئة العمرية]=ملخص_المجموعات[[#This Row],[الفئة]])*(تفاصيل_الفرق[المجموعة]=ملخص_المجموعات[[#This Row],[المجموعة]])*(تفاصيل_الفرق[عدد الفرق]>0),تفاصيل_الفرق[المدينة/المحافظة],""))} -> الباحة، بلقرن، العقيق | G18: =SUMIFS(تفاصيل_الفرق[عدد الفرق],تفاصيل_الفرق[الفئة العمرية],ملخص_المجموعات[[#This Row],[الفئة]],تفاصيل_الفرق[المجموعة],ملخص_المجموعات[[#This Row],[المجموعة]]) -> 6 | H18: =IF('عدد اللاعبين'!$G18<الحد_الأدنى,0,'عدد اللاعبين'!$G18*IFERROR(INDEX(المدخلات!$Y$3:$Y$9,MATCH('عدد اللاعبين'!$C18,المدخلات!$X$3:$X$9,0)),0)) -> 66
B19: =IFERROR(INDEX(المكاتب_المصدر[المنطقة],MATCH('عدد اللاعبين'!$D19,المكاتب_المصدر[المجموعة],0)),"") -> الجوف | C19: ='ملخص المجموعات'!B12 -> تحت 11 | D19: ='ملخص المجموعات'!C12 -> مجموعة القريات | E19: =COUNTIFS(تفاصيل_الفرق[الفئة العمرية],ملخص_المجموعات[[#This Row],[الفئة]],تفاصيل_الفرق[المجموعة],ملخص_المجموعات[[#This Row],[المجموعة]],تفاصيل_الفرق[عدد الفرق],">0") -> 1 | F19: {=_xlfn.TEXTJOIN("، ",TRUE,IF((تفاصيل_الفرق[الفئة العمرية]=ملخص_المجموعات[[#This Row],[الفئة]])*(تفاصيل_الفرق[المجموعة]=ملخص_المجموعات[[#This Row],[المجموعة]])*(تفاصيل_الفرق[عدد الفرق]>0),تفاصيل_الفرق[المدينة/المحافظة],""))} -> الباحة | G19: =SUMIFS(تفاصيل_الفرق[عدد الفرق],تفاصيل_الفرق[الفئة العمرية],ملخص_المجموعات[[#This Row],[الفئة]],تفاصيل_الفرق[المجموعة],ملخص_المجموعات[[#This Row],[المجموعة]]) -> 6 | H19: =IF('عدد اللاعبين'!$G19<الحد_الأدنى,0,'عدد اللاعبين'!$G19*IFERROR(INDEX(المدخلات!$Y$3:$Y$9,MATCH('عدد اللاعبين'!$C19,المدخلات!$X$3:$X$9,0)),0)) -> 66
B20: =IFERROR(INDEX(المكاتب_المصدر[المنطقة],MATCH('عدد اللاعبين'!$D20,المكاتب_المصدر[المجموعة],0)),"") -> الجوف | C20: ='ملخص المجموعات'!B13 -> تحت 12 | D20: ='ملخص المجموعات'!C13 -> مجموعة القريات | E20: =COUNTIFS(تفاصيل_الفرق[الفئة العمرية],ملخص_المجموعات[[#This Row],[الفئة]],تفاصيل_الفرق[المجموعة],ملخص_المجموعات[[#This Row],[المجموعة]],تفاصيل_الفرق[عدد الفرق],">0") -> 1 | F20: {=_xlfn.TEXTJOIN("، ",TRUE,IF((تفاصيل_الفرق[الفئة العمرية]=ملخص_المجموعات[[#This Row],[الفئة]])*(تفاصيل_الفرق[المجموعة]=ملخص_المجموعات[[#This Row],[المجموعة]])*(تفاصيل_الفرق[عدد الفرق]>0),تفاصيل_الفرق[المدينة/المحافظة],""))} -> حائل | G20: =SUMIFS(تفاصيل_الفرق[عدد الفرق],تفاصيل_الفرق[الفئة العمرية],ملخص_المجموعات[[#This Row],[الفئة]],تفاصيل_الفرق[المجموعة],ملخص_المجموعات[[#This Row],[المجموعة]]) -> 6 | H20: =IF('عدد اللاعبين'!$G20<الحد_الأدنى,0,'عدد اللاعبين'!$G20*IFERROR(INDEX(المدخلات!$Y$3:$Y$9,MATCH('عدد اللاعبين'!$C20,المدخلات!$X$3:$X$9,0)),0)) -> 66
B21: =IFERROR(INDEX(المكاتب_المصدر[المنطقة],MATCH('عدد اللاعبين'!$D21,المكاتب_المصدر[المجموعة],0)),"") -> الجوف | C21: ='ملخص المجموعات'!B14 -> تحت 13 | D21: ='ملخص المجموعات'!C14 -> مجموعة القريات | E21: =COUNTIFS(تفاصيل_الفرق[الفئة العمرية],ملخص_المجموعات[[#This Row],[الفئة]],تفاصيل_الفرق[المجموعة],ملخص_المجموعات[[#This Row],[المجموعة]],تفاصيل_الفرق[عدد الفرق],">0") -> 1 | F21: {=_xlfn.TEXTJOIN("، ",TRUE,IF((تفاصيل_الفرق[الفئة العمرية]=ملخص_المجموعات[[#This Row],[الفئة]])*(تفاصيل_الفرق[المجموعة]=ملخص_المجموعات[[#This Row],[المجموعة]])*(تفاصيل_الفرق[عدد الفرق]>0),تفاصيل_الفرق[المدينة/المحافظة],""))} -> القريات | G21: =SUMIFS(تفاصيل_الفرق[عدد الفرق],تفاصيل_الفرق[الفئة العمرية],ملخص_المجموعات[[#This Row],[الفئة]],تفاصيل_الفرق[المجموعة],ملخص_المجموعات[[#This Row],[المجموعة]]) -> 6 | H21: =IF('عدد اللاعبين'!$G21<الحد_الأدنى,0,'عدد اللاعبين'!$G21*IFERROR(INDEX(المدخلات!$Y$3:$Y$9,MATCH('عدد اللاعبين'!$C21,المدخلات!$X$3:$X$9,0)),0)) -> 120
... B193: =IFERROR(INDEX(المكاتب_المصدر[المنطقة],MATCH('عدد اللاعبين'!$D193,المكاتب_المصدر[المجموعة],0)),"") -> مكة المكرمة | C193: ='ملخص المجموعات'!B186 -> تحت 12 | D193: ='ملخص المجموعات'!C186 -> مجموعة جدة | E193: =COUNTIFS(تفاصيل_الفرق[الفئة العمرية],ملخص_المجموعات[[#This Row],[الفئة]],تفاصيل_الفرق[المجموعة],ملخص_المجموعات[[#This Row],[المجموعة]],تفاصيل_الفرق[عدد الفرق],">0") -> 0 | F193: {=_xlfn.TEXTJOIN("، ",TRUE,IF((تفاصيل_الفرق[الفئة العمرية]=ملخص_المجموعات[[#This Row],[الفئة]])*(تفاصيل_الفرق[المجموعة]=ملخص_المجموعات[[#This Row],[المجموعة]])*(تفاصيل_الفرق[عدد الفرق]>0),تفاصيل_الفرق[المدينة/المحافظة],""))} -> #VALUE! | G193: =SUMIFS(تفاصيل_الفرق[عدد الفرق],تفاصيل_الفرق[الفئة العمرية],ملخص_المجموعات[[#This Row],[الفئة]],تفاصيل_الفرق[المجموعة],ملخص_المجموعات[[#This Row],[المجموعة]]) -> 0 | H193: =IF('عدد اللاعبين'!$G193<الحد_الأدنى,0,'عدد اللاعبين'!$G193*IFERROR(INDEX(المدخلات!$Y$3:$Y$9,MATCH('عدد اللاعبين'!$C193,المدخلات!$X$3:$X$9,0)),0)) -> 0

Sheet ملخص المجموعات
B2: الفئة | C2: المجموعة | D2: عدد المدن | E2: المدن | F2: مجموع الفرق | G2: المتبقي | I2: المدن في مجموعات مكتملة (بها نادي واحد على الأقل)
B3: تحت 14 | C3: مجموعة نجران | D3: =COUNTIFS(تفاصيل_الفرق[الفئة العمرية],ملخص_المجموعات[[#This Row],[الفئة]],تفاصيل_الفرق[المجموعة],ملخص_المجموعات[[#This Row],[المجموعة]],تفاصيل_الفرق[عدد الفرق],">0") -> 1 | E3: {=_xlfn.TEXTJOIN("، ",TRUE,IF((تفاصيل_الفرق[الفئة العمرية]=ملخص_المجموعات[[#This Row],[الفئة]])*(تفاصيل_الفرق[المجموعة]=ملخص_المجموعات[[#This Row],[المجموعة]])*(تفاصيل_الفرق[عدد الفرق]>0),تفاصيل_الفرق[المدينة/المحافظة],""))} -> نجران | F3: =SUMIFS(تفاصيل_الفرق[عدد الفرق],تفاصيل_الفرق[الفئة العمرية],ملخص_المجموعات[[#This Row],[الفئة]],تفاصيل_الفرق[المجموعة],ملخص_المجموعات[[#This Row],[المجموعة]]) -> 5 | G3: =MAX(0,الحد_الأدنى-ملخص_المجموعات[[#This Row],[مجموع الفرق]]) -> 1 | I3: {=_xlfn.LET(_xlpm.t,ملخص_المجموعات[المدن],_xlpm.r,ملخص_المجموعات[المتبقي],_xlpm.f,ملخص_المجموعات[مجموع الفرق],_xlpm.s,_xlfn.TEXTJOIN("، ",TRUE,IF((_xlpm.r=0)*(_xlpm.f>=1),_xlpm.t,"")),COUNTA(_xlfn.UNIQUE(TRIM(_xlfn.TEXTSPLIT(_xlpm.s,"، ")),TRUE)))} -> 50 | J3: عدد المدن (بدون تكرار)
B4: تحت 5 | C4: مجموعة طبرجل | D4: =COUNTIFS(تفاصيل_الفرق[الفئة العمرية],ملخص_المجموعات[[#This Row],[الفئة]],تفاصيل_الفرق[المجموعة],ملخص_المجموعات[[#This Row],[المجموعة]],تفاصيل_الفرق[عدد الفرق],">0") -> 1 | E4: {=_xlfn.TEXTJOIN("، ",TRUE,IF((تفاصيل_الفرق[الفئة العمرية]=ملخص_المجموعات[[#This Row],[الفئة]])*(تفاصيل_الفرق[المجموعة]=ملخص_المجموعات[[#This Row],[المجموعة]])*(تفاصيل_الفرق[عدد الفرق]>0),تفاصيل_الفرق[المدينة/المحافظة],""))} -> طبرجل | F4: =SUMIFS(تفاصيل_الفرق[عدد الفرق],تفاصيل_الفرق[الفئة العمرية],ملخص_المجموعات[[#This Row],[الفئة]],تفاصيل_الفرق[المجموعة],ملخص_المجموعات[[#This Row],[المجموعة]]) -> 5 | G4: =MAX(0,الحد_الأدنى-ملخص_المجموعات[[#This Row],[مجموع الفرق]]) -> 1 | I4: {=SUMPRODUCT((ملخص_المجموعات[المتبقي]=0)*(ملخص_المجموعات[مجموع الفرق]>=1))} -> 171 | J4: عدد المجموعات المكتملة
B5: تحت 7 | C5: مجموعة طبرجل | D5: =COUNTIFS(تفاصيل_الفرق[الفئة العمرية],ملخص_المجموعات[[#This Row],[الفئة]],تفاصيل_الفرق[المجموعة],ملخص_المجموعات[[#This Row],[المجموعة]],تفاصيل_الفرق[عدد الفرق],">0") -> 1 | E5: {=_xlfn.TEXTJOIN("، ",TRUE,IF((تفاصيل_الفرق[الفئة العمرية]=ملخص_المجموعات[[#This Row],[الفئة]])*(تفاصيل_الفرق[المجموعة]=ملخص_المجموعات[[#This Row],[المجموعة]])*(تفاصيل_الفرق[عدد الفرق]>0),تفاصيل_الفرق[المدينة/المحافظة],""))} -> طبرجل | F5: =SUMIFS(تفاصيل_الفرق[عدد الفرق],تفاصيل_الفرق[الفئة العمرية],ملخص_المجموعات[[#This Row],[الفئة]],تفاصيل_الفرق[المجموعة],ملخص_المجموعات[[#This Row],[المجموعة]]) -> 5 | G5: =MAX(0,الحد_الأدنى-ملخص_المجموعات[[#This Row],[مجموع الفرق]]) -> 1 | I5: {=SUMPRODUCT((تفاصيل_الفرق[عدد الفرق]>=1)*(تفاصيل_الفرق[مجموعة مكتملة]=1))} -> 264 | J5: عدد (مدينة × فئة) في مجموعات مكتملة ولها فرق
B6: تحت 9 | C6: مجموعة الخرج | D6: =COUNTIFS(تفاصيل_الفرق[الفئة العمرية],ملخص_المجموعات[[#This Row],[الفئة]],تفاصيل_الفرق[المجموعة],ملخص_المجموعات[[#This Row],[المجموعة]],تفاصيل_الفرق[عدد الفرق],">0") -> 1 | E6: {=_xlfn.TEXTJOIN("، ",TRUE,IF((تفاصيل_الفرق[الفئة العمرية]=ملخص_المجموعات[[#This Row],[الفئة]])*(تفاصيل_الفرق[المجموعة]=ملخص_المجموعات[[#This Row],[المجموعة]])*(تفاصيل_الفرق[عدد الفرق]>0),تفاصيل_الفرق[المدينة/المحافظة],""))} -> الخرج | F6: =SUMIFS(تفاصيل_الفرق[عدد الفرق],تفاصيل_الفرق[الفئة العمرية],ملخص_المجموعات[[#This Row],[الفئة]],تفاصيل_الفرق[المجموعة],ملخص_المجموعات[[#This Row],[المجموعة]]) -> 5 | G6: =MAX(0,الحد_الأدنى-ملخص_المجموعات[[#This Row],[مجموع الفرق]]) -> 1 | I6: {=COUNTA(_xlfn.UNIQUE(_xlfn._xlws.FILTER(تفاصيل_الفرق[المدينة/المحافظة],(تفاصيل_الفرق[عدد الفرق]>=1)*(تفاصيل_الفرق[مجموعة مكتملة]=1))))} -> 50 | J6: عدد المدن الفريدة (بنفس الشرط)
B7: تحت 12 | C7: مجموعة طبرجل | D7: =COUNTIFS(تفاصيل_الفرق[الفئة العمرية],ملخص_المجموعات[[#This Row],[الفئة]],تفاصيل_الفرق[المجموعة],ملخص_المجموعات[[#This Row],[المجموعة]],تفاصيل_الفرق[عدد الفرق],">0") -> 1 | E7: {=_xlfn.TEXTJOIN("، ",TRUE,IF((تفاصيل_الفرق[الفئة العمرية]=ملخص_المجموعات[[#This Row],[الفئة]])*(تفاصيل_الفرق[المجموعة]=ملخص_المجموعات[[#This Row],[المجموعة]])*(تفاصيل_الفرق[عدد الفرق]>0),تفاصيل_الفرق[المدينة/المحافظة],""))} -> طبرجل | F7: =SUMIFS(تفاصيل_الفرق[عدد الفرق],تفاصيل_الفرق[الفئة العمرية],ملخص_المجموعات[[#This Row],[الفئة]],تفاصيل_الفرق[المجموعة],ملخص_المجموعات[[#This Row],[المجموعة]]) -> 5 | G7: =MAX(0,الحد_الأدنى-ملخص_المجموعات[[#This Row],[مجموع الفرق]]) -> 1
B8: تحت 14 | C8: مجموعة طبرجل | D8: =COUNTIFS(تفاصيل_الفرق[الفئة العمرية],ملخص_المجموعات[[#This Row],[الفئة]],تفاصيل_الفرق[المجموعة],ملخص_المجموعات[[#This Row],[المجموعة]],تفاصيل_الفرق[عدد الفرق],">0") -> 1 | E8: {=_xlfn.TEXTJOIN("، ",TRUE,IF((تفاصيل_الفرق[الفئة العمرية]=ملخص_المجموعات[[#This Row],[الفئة]])*(تفاصيل_الفرق[المجموعة]=ملخص_المجموعات[[#This Row],[المجموعة]])*(تفاصيل_الفرق[عدد الفرق]>0),تفاصيل_الفرق[المدينة/المحافظة],""))} -> طبرجل | F8: =SUMIFS(تفاصيل_الفرق[عدد الفرق],تفاصيل_الفرق[الفئة العمرية],ملخص_المجموعات[[#This Row],[الفئة]],تفاصيل_الفرق[المجموعة],ملخص_المجموعات[[#This Row],[المجموعة]]) -> 5 | G8: =MAX(0,الحد_الأدنى-ملخص_المجموعات[[#This Row],[مجموع الفرق]]) -> 1
B9: تحت 7 | C9: مجموعة شرورة | D9: =COUNTIFS(تفاصيل_الفرق[الفئة العمرية],ملخص_المجموعات[[#This Row],[الفئة]],تفاصيل_الفرق[المجموعة],ملخص_المجموعات[[#This Row],[المجموعة]],تفاصيل_الفرق[عدد الفرق],">0") -> 1 | E9: {=_xlfn.TEXTJOIN("، ",TRUE,IF((تفاصيل_الفرق[الفئة العمرية]=ملخص_المجموعات[[#This Row],[الفئة]])*(تفاصيل_الفرق[المجموعة]=ملخص_المجموعات[[#This Row],[المجموعة]])*(تفاصيل_الفرق[عدد الفرق]>0),تفاصيل_الفرق[المدينة/المحافظة],""))} -> شرورة | F9: =SUMIFS(تفاصيل_الفرق[عدد الفرق],تفاصيل_الفرق[الفئة العمرية],ملخص_المجموعات[[#This Row],[الفئة]],تفاصيل_الفرق[المجموعة],ملخص_المجموعات[[#This Row],[المجموعة]]) -> 5 | G9: =MAX(0,الحد_الأدنى-ملخص_المجموعات[[#This Row],[مجموع الفرق]]) -> 1 | I9: مجموعات فيها 5 فرق بالضبط
B10: تحت 9 | C10: مجموعة شرورة | D10: =COUNTIFS(تفاصيل_الفرق[الفئة العمرية],ملخص_المجموعات[[#This Row],[الفئة]],تفاصيل_الفرق[المجموعة],ملخص_المجموعات[[#This Row],[المجموعة]],تفاصيل_الفرق[عدد الفرق],">0") -> 1 | E10: {=_xlfn.TEXTJOIN("، ",TRUE,IF((تفاصيل_الفرق[الفئة العمرية]=ملخص_المجموعات[[#This Row],[الفئة]])*(تفاصيل_الفرق[المجموعة]=ملخص_المجموعات[[#This Row],[المجموعة]])*(تفاصيل_الفرق[عدد الفرق]>0),تفاصيل_الفرق[المدينة/المحافظة],""))} -> شرورة | F10: =SUMIFS(تفاصيل_الفرق[عدد الفرق],تفاصيل_الفرق[الفئة العمرية],ملخص_المجموعات[[#This Row],[الفئة]],تفاصيل_الفرق[المجموعة],ملخص_المجموعات[[#This Row],[المجموعة]]) -> 5 | G10: =MAX(0,الحد_الأدنى-ملخص_المجموعات[[#This Row],[مجموع الفرق]]) -> 1 | I10: الفئة | J10: المجموعة | K10: مجموع الفرق
B11: تحت 9 | C11: مجموعة الدوادمي | D11: =COUNTIFS(تفاصيل_الفرق[الفئة العمرية],ملخص_المجموعات[[#This Row],[الفئة]],تفاصيل_الفرق[المجموعة],ملخص_المجموعات[[#This Row],[المجموعة]],تفاصيل_الفرق[عدد الفرق],">0") -> 1 | E11: {=_xlfn.TEXTJOIN("، ",TRUE,IF((تفاصيل_الفرق[الفئة العمرية]=ملخص_المجموعات[[#This Row],[الفئة]])*(تفاصيل_الفرق[المجموعة]=ملخص_المجموعات[[#This Row],[المجموعة]])*(تفاصيل_الفرق[عدد الفرق]>0),تفاصيل_الفرق[المدينة/المحافظة],""))} -> الدوادمي | F11: =SUMIFS(تفاصيل_الفرق[عدد الفرق],تفاصيل_الفرق[الفئة العمرية],ملخص_المجموعات[[#This Row],[الفئة]],تفاصيل_الفرق[المجموعة],ملخص_المجموعات[[#This Row],[المجموعة]]) -> 5 | G11: =MAX(0,الحد_الأدنى-ملخص_المجموعات[[#This Row],[مجموع الفرق]]) -> 1 | I11: {=_xlfn._xlws.FILTER(ملخص_المجموعات[الفئة],ملخص_المجموعات[مجموع الفرق]=5,"لا يوجد")} -> تحت 14 | J11: {=_xlfn._xlws.FILTER(ملخص_المجموعات[المجموعة],ملخص_المجموعات[مجموع الفرق]=5,"")} -> مجموعة نجران | K11: {=_xlfn._xlws.FILTER(ملخص_المجموعات[مجموع الفرق],ملخص_المجموعات[مجموع الفرق]=5,"")} -> 5
B12: تحت 11 | C12: مجموعة القريات | D12: =COUNTIFS(تفاصيل_الفرق[الفئة العمرية],ملخص_المجموعات[[#This Row],[الفئة]],تفاصيل_الفرق[المجموعة],ملخص_المجموعات[[#This Row],[المجموعة]],تفاصيل_الفرق[عدد الفرق],">0") -> 1 | E12: {=_xlfn.TEXTJOIN("، ",TRUE,IF((تفاصيل_الفرق[الفئة العمرية]=ملخص_المجموعات[[#This Row],[الفئة]])*(تفاصيل_الفرق[المجموعة]=ملخص_المجموعات[[#This Row],[المجموعة]])*(تفاصيل_الفرق[عدد الفرق]>0),تفاصيل_الفرق[المدينة/المحافظة],""))} -> القريات | F12: =SUMIFS(تفاصيل_الفرق[عدد الفرق],تفاصيل_الفرق[الفئة العمرية],ملخص_المجموعات[[#This Row],[الفئة]],تفاصيل_الفرق[المجموعة],ملخص_المجموعات[[#This Row],[المجموعة]]) -> 5 | G12: =MAX(0,الحد_الأدنى-ملخص_المجموعات[[#This Row],[مجموع الفرق]]) -> 1 | I12: تحت 5 | J12: مجموعة طبرجل | K12: 5
B13: تحت 12 | C13: مجموعة القريات | D13: =COUNTIFS(تفاصيل_الفرق[الفئة العمرية],ملخص_المجموعات[[#This Row],[الفئة]],تفاصيل_الفرق[المجموعة],ملخص_المجموعات[[#This Row],[المجموعة]],تفاصيل_الفرق[عدد الفرق],">0") -> 1 | E13: {=_xlfn.TEXTJOIN("، ",TRUE,IF((تفاصيل_الفرق[الفئة العمرية]=ملخص_المجموعات[[#This Row],[الفئة]])*(تفاصيل_الفرق[المجموعة]=ملخص_المجموعات[[#This Row],[المجموعة]])*(تفاصيل_الفرق[عدد الفرق]>0),تفاصيل_الفرق[المدينة/المحافظة],""))} -> القريات | F13: =SUMIFS(تفاصيل_الفرق[عدد الفرق],تفاصيل_الفرق[الفئة العمرية],ملخص_المجموعات[[#This Row],[الفئة]],تفاصيل_الفرق[المجموعة],ملخص_المجموعات[[#This Row],[المجموعة]]) -> 5 | G13: =MAX(0,الحد_الأدنى-ملخص_المجموعات[[#This Row],[مجموع الفرق]]) -> 1 | I13: تحت 7 | J13: مجموعة طبرجل | K13: 5
B14: تحت 13 | C14: مجموعة القريات | D14: =COUNTIFS(تفاصيل_الفرق[الفئة العمرية],ملخص_المجموعات[[#This Row],[الفئة]],تفاصيل_الفرق[المجموعة],ملخص_المجموعات[[#This Row],[المجموعة]],تفاصيل_الفرق[عدد الفرق],">0") -> 1 | E14: {=_xlfn.TEXTJOIN("، ",TRUE,IF((تفاصيل_الفرق[الفئة العمرية]=ملخص_المجموعات[[#This Row],[الفئة]])*(تفاصيل_الفرق[المجموعة]=ملخص_المجموعات[[#This Row],[المجموعة]])*(تفاصيل_الفرق[عدد الفرق]>0),تفاصيل_الفرق[المدينة/المحافظة],""))} -> القريات | F14: =SUMIFS(تفاصيل_الفرق[عدد الفرق],تفاصيل_الفرق[الفئة العمرية],ملخص_المجموعات[[#This Row],[الفئة]],تفاصيل_الفرق[المجموعة],ملخص_المجموعات[[#This Row],[المجموعة]]) -> 5 | G14: =MAX(0,الحد_الأدنى-ملخص_المجموعات[[#This Row],[مجموع الفرق]]) -> 1 | I14: تحت 9 | J14: مجموعة الخرج | K14: 5
B15: تحت 14 | C15: مجموعة القريات | D15: =COUNTIFS(تفاصيل_الفرق[الفئة العمرية],ملخص_المجموعات[[#This Row],[الفئة]],تفاصيل_الفرق[المجموعة],ملخص_المجموعات[[#This Row],[المجموعة]],تفاصيل_الفرق[عدد الفرق],">0") -> 1 | E15: {=_xlfn.TEXTJOIN("، ",TRUE,IF((تفاصيل_الفرق[الفئة العمرية]=ملخص_المجموعات[[#This Row],[الفئة]])*(تفاصيل_الفرق[المجموعة]=ملخص_المجموعات[[#This Row],[المجموعة]])*(تفاصيل_الفرق[عدد الفرق]>0),تفاصيل_الفرق[المدينة/المحافظة],""))} -> القريات | F15: =SUMIFS(تفاصيل_الفرق[عدد الفرق],تفاصيل_الفرق[الفئة العمرية],ملخص_المجموعات[[#This Row],[الفئة]],تفاصيل_الفرق[المجموعة],ملخص_المجموعات[[#This Row],[المجموعة]]) -> 5 | G15: =MAX(0,الحد_الأدنى-ملخص_المجموعات[[#This Row],[مجموع الفرق]]) -> 1 | I15: تحت 12 | J15: مجموعة طبرجل | K15: 5
B16: تحت 12 | C16: مجموعة الباحة | D16: =COUNTIFS(تفاصيل_الفرق[الفئة العمرية],ملخص_المجموعات[[#This Row],[الفئة]],تفاصيل_الفرق[المجموعة],ملخص_المجموعات[[#This Row],[المجموعة]],تفاصيل_الفرق[عدد الفرق],">0") -> 2 | E16: {=_xlfn.TEXTJOIN("، ",TRUE,IF((تفاصيل_الفرق[الفئة العمرية]=ملخص_المجموعات[[#This Row],[الفئة]])*(تفاصيل_الفرق[المجموعة]=ملخص_المجموعات[[#This Row],[المجموعة]])*(تفاصيل_الفرق[عدد الفرق]>0),تفاصيل_الفرق[المدينة/المحافظة],""))} -> الباحة، العقيق | F16: =SUMIFS(تفاصيل_الفرق[عدد الفرق],تفاصيل_الفرق[الفئة العمرية],ملخص_المجموعات[[#This Row],[الفئة]],تفاصيل_الفرق[المجموعة],ملخص_المجموعات[[#This Row],[المجموعة]]) -> 6 | G16: =MAX(0,الحد_الأدنى-ملخص_المجموعات[[#This Row],[مجموع الفرق]]) -> 0 | I16: تحت 14 | J16: مجموعة طبرجل | K16: 5
B17: تحت 13 | C17: مجموعة نجران | D17: =COUNTIFS(تفاصيل_الفرق[الفئة العمرية],ملخص_المجموعات[[#This Row],[الفئة]],تفاصيل_الفرق[المجموعة],ملخص_المجموعات[[#This Row],[المجموعة]],تفاصيل_الفرق[عدد الفرق],">0") -> 1 | E17: {=_xlfn.TEXTJOIN("، ",TRUE,IF((تفاصيل_الفرق[الفئة العمرية]=ملخص_المجموعات[[#This Row],[الفئة]])*(تفاصيل_الفرق[المجموعة]=ملخص_المجموعات[[#This Row],[المجموعة]])*(تفاصيل_الفرق[عدد الفرق]>0),تفاصيل_الفرق[المدينة/المحافظة],""))} -> نجران | F17: =SUMIFS(تفاصيل_الفرق[عدد الفرق],تفاصيل_الفرق[الفئة العمرية],ملخص_المجموعات[[#This Row],[الفئة]],تفاصيل_الفرق[المجموعة],ملخص_المجموعات[[#This Row],[المجموعة]]) -> 6 | G17: =MAX(0,الحد_الأدنى-ملخص_المجموعات[[#This Row],[مجموع الفرق]]) -> 0 | I17: تحت 7 | J17: مجموعة شرورة | K17: 5
B18: تحت 13 | C18: مجموعة الباحة | D18: =COUNTIFS(تفاصيل_الفرق[الفئة العمرية],ملخص_المجموعات[[#This Row],[الفئة]],تفاصيل_الفرق[المجموعة],ملخص_المجموعات[[#This Row],[المجموعة]],تفاصيل_الفرق[عدد الفرق],">0") -> 3 | E18: {=_xlfn.TEXTJOIN("، ",TRUE,IF((تفاصيل_الفرق[الفئة العمرية]=ملخص_المجموعات[[#This Row],[الفئة]])*(تفاصيل_الفرق[المجموعة]=ملخص_المجموعات[[#This Row],[المجموعة]])*(تفاصيل_الفرق[عدد الفرق]>0),تفاصيل_الفرق[المدينة/المحافظة],""))} -> الباحة، بلقرن، العقيق | F18: =SUMIFS(تفاصيل_الفرق[عدد الفرق],تفاصيل_الفرق[الفئة العمرية],ملخص_المجموعات[[#This Row],[الفئة]],تفاصيل_الفرق[المجموعة],ملخص_المجموعات[[#This Row],[المجموعة]]) -> 6 | G18: =MAX(0,الحد_الأدنى-ملخص_المجموعات[[#This Row],[مجموع الفرق]]) -> 0 | I18: تحت 9 | J18: مجموعة شرورة | K18: 5
B19: تحت 14 | C19: مجموعة الباحة | D19: =COUNTIFS(تفاصيل_الفرق[الفئة العمرية],ملخص_المجموعات[[#This Row],[الفئة]],تفاصيل_الفرق[المجموعة],ملخص_المجموعات[[#This Row],[المجموعة]],تفاصيل_الفرق[عدد الفرق],">0") -> 1 | E19: {=_xlfn.TEXTJOIN("، ",TRUE,IF((تفاصيل_الفرق[الفئة العمرية]=ملخص_المجموعات[[#This Row],[الفئة]])*(تفاصيل_الفرق[المجموعة]=ملخص_المجموعات[[#This Row],[المجموعة]])*(تفاصيل_الفرق[عدد الفرق]>0),تفاصيل_الفرق[المدينة/المحافظة],""))} -> الباحة | F19: =SUMIFS(تفاصيل_الفرق[عدد الفرق],تفاصيل_الفرق[الفئة العمرية],ملخص_المجموعات[[#This Row],[الفئة]],تفاصيل_الفرق[المجموعة],ملخص_المجموعات[[#This Row],[المجموعة]]) -> 6 | G19: =MAX(0,الحد_الأدنى-ملخص_المجموعات[[#This Row],[مجموع الفرق]]) -> 0 | I19: تحت 9 | J19: مجموعة الدوادمي | K19: 5
B20: تحت 5 | C20: مجموعة حائل | D20: =COUNTIFS(تفاصيل_الفرق[الفئة العمرية],ملخص_المجموعات[[#This Row],[الفئة]],تفاصيل_الفرق[المجموعة],ملخص_المجموعات[[#This Row],[المجموعة]],تفاصيل_الفرق[عدد الفرق],">0") -> 1 | E20: {=_xlfn.TEXTJOIN("، ",TRUE,IF((تفاصيل_الفرق[الفئة العمرية]=ملخص_المجموعات[[#This Row],[الفئة]])*(تفاصيل_الفرق[المجموعة]=ملخص_المجموعات[[#This Row],[المجموعة]])*(تفاصيل_الفرق[عدد الفرق]>0),تفاصيل_الفرق[المدينة/المحافظة],""))} -> حائل | F20: =SUMIFS(تفاصيل_الفرق[عدد الفرق],تفاصيل_الفرق[الفئة العمرية],ملخص_المجموعات[[#This Row],[الفئة]],تفاصيل_الفرق[المجموعة],ملخص_المجموعات[[#This Row],[المجموعة]]) -> 6 | G20: =MAX(0,الحد_الأدنى-ملخص_المجموعات[[#This Row],[مجموع الفرق]]) -> 0 | I20: تحت 11 | J20: مجموعة القريات | K20: 5
B21: تحت 5 | C21: مجموعة القريات | D21: =COUNTIFS(تفاصيل_الفرق[الفئة العمرية],ملخص_المجموعات[[#This Row],[الفئة]],تفاصيل_الفرق[المجموعة],ملخص_المجموعات[[#This Row],[المجموعة]],تفاصيل_الفرق[عدد الفرق],">0") -> 1 | E21: {=_xlfn.TEXTJOIN("، ",TRUE,IF((تفاصيل_الفرق[الفئة العمرية]=ملخص_المجموعات[[#This Row],[الفئة]])*(تفاصيل_الفرق[المجموعة]=ملخص_المجموعات[[#This Row],[المجموعة]])*(تفاصيل_الفرق[عدد الفرق]>0),تفاصيل_الفرق[المدينة/المحافظة],""))} -> القريات | F21: =SUMIFS(تفاصيل_الفرق[عدد الفرق],تفاصيل_الفرق[الفئة العمرية],ملخص_المجموعات[[#This Row],[الفئة]],تفاصيل_الفرق[المجموعة],ملخص_المجموعات[[#This Row],[المجموعة]]) -> 6 | G21: =MAX(0,الحد_الأدنى-ملخص_المجموعات[[#This Row],[مجموع الفرق]]) -> 0 | I21: تحت 12 | J21: مجموعة القريات | K21: 5
B22: تحت 5 | C22: مجموعة شرورة | D22: =COUNTIFS(تفاصيل_الفرق[الفئة العمرية],ملخص_المجموعات[[#This Row],[الفئة]],تفاصيل_الفرق[المجموعة],ملخص_المجموعات[[#This Row],[المجموعة]],تفاصيل_الفرق[عدد الفرق],">0") -> 1 | E22: {=_xlfn.TEXTJOIN("، ",TRUE,IF((تفاصيل_الفرق[الفئة العمرية]=ملخص_المجموعات[[#This Row],[الفئة]])*(تفاصيل_الفرق[المجموعة]=ملخص_المجموعات[[#This Row],[المجموعة]])*(تفاصيل_الفرق[عدد الفرق]>0),تفاصيل_الفرق[المدينة/المحافظة],""))} -> شرورة | F22: =SUMIFS(تفاصيل_الفرق[عدد الفرق],تفاصيل_الفرق[الفئة العمرية],ملخص_المجموعات[[#This Row],[الفئة]],تفاصيل_الفرق[المجموعة],ملخص_المجموعات[[#This Row],[المجموعة]]) -> 6 | G22: =MAX(0,الحد_الأدنى-ملخص_المجموعات[[#This Row],[مجموع الفرق]]) -> 0 | I22: تحت 13 | J22: مجموعة القريات | K22: 5
B23: تحت 7 | C23: مجموعة الباحة | D23: =COUNTIFS(تفاصيل_الفرق[الفئة العمرية],ملخص_المجموعات[[#This Row],[الفئة]],تفاصيل_الفرق[المجموعة],ملخص_المجموعات[[#This Row],[المجموعة]],تفاصيل_الفرق[عدد الفرق],">0") -> 2 | E23: {=_xlfn.TEXTJOIN("، ",TRUE,IF((تفاصيل_الفرق[الفئة العمرية]=ملخص_المجموعات[[#This Row],[الفئة]])*(تفاصيل_الفرق[المجموعة]=ملخص_المجموعات[[#This Row],[المجموعة]])*(تفاصيل_الفرق[عدد الفرق]>0),تفاصيل_الفرق[المدينة/المحافظة],""))} -> الباحة، بلقرن | F23: =SUMIFS(تفاصيل_الفرق[عدد الفرق],تفاصيل_الفرق[الفئة العمرية],ملخص_المجموعات[[#This Row],[الفئة]],تفاصيل_الفرق[المجموعة],ملخص_المجموعات[[#This Row],[المجموعة]]) -> 6 | G23: =MAX(0,الحد_الأدنى-ملخص_المجموعات[[#This Row],[مجموع الفرق]]) -> 0 | I23: تحت 14 | J23: مجموعة القريات | K23: 5
B24: تحت 7 | C24: مجموعة أبها | D24: =COUNTIFS(تفاصيل_الفرق[الفئة العمرية],ملخص_المجموعات[[#This Row],[الفئة]],تفاصيل_الفرق[المجموعة],ملخص_المجموعات[[#This Row],[المجموعة]],تفاصيل_الفرق[عدد الفرق],">0") -> 2 | E24: {=_xlfn.TEXTJOIN("، ",TRUE,IF((تفاصيل_الفرق[الفئة العمرية]=ملخص_المجموعات[[#This Row],[الفئة]])*(تفاصيل_الفرق[المجموعة]=ملخص_المجموعات[[#This Row],[المجموعة]])*(تفاصيل_الفرق[عدد الفرق]>0),تفاصيل_الفرق[المدينة/المحافظة],""))} -> أبها، خميس مشيط | F24: =SUMIFS(تفاصيل_الفرق[عدد الفرق],تفاصيل_الفرق[الفئة العمرية],ملخص_المجموعات[[#This Row],[الفئة]],تفاصيل_الفرق[المجموعة],ملخص_المجموعات[[#This Row],[المجموعة]]) -> 6 | G24: =MAX(0,الحد_الأدنى-ملخص_المجموعات[[#This Row],[مجموع الفرق]]) -> 0
B25: تحت 9 | C25: مجموعة القريات | D25: =COUNTIFS(تفاصيل_الفرق[الفئة العمرية],ملخص_المجموعات[[#This Row],[الفئة]],تفاصيل_الفرق[المجموعة],ملخص_المجموعات[[#This Row],[المجموعة]],تفاصيل_الفرق[عدد الفرق],">0") -> 1 | E25: {=_xlfn.TEXTJOIN("، ",TRUE,IF((تفاصيل_الفرق[الفئة العمرية]=ملخص_المجموعات[[#This Row],[الفئة]])*(تفاصيل_الفرق[المجموعة]=ملخص_المجموعات[[#This Row],[المجموعة]])*(تفاصيل_الفرق[عدد الفرق]>0),تفاصيل_الفرق[المدينة/المحافظة],""))} -> القريات | F25: =SUMIFS(تفاصيل_الفرق[عدد الفرق],تفاصيل_الفرق[الفئة العمرية],ملخص_المجموعات[[#This Row],[الفئة]],تفاصيل_الفرق[المجموعة],ملخص_المجموعات[[#This Row],[المجموعة]]) -> 6 | G25: =MAX(0,الحد_الأدنى-ملخص_المجموعات[[#This Row],[مجموع الفرق]]) -> 0
B26: تحت 9 | C26: مجموعة طبرجل | D26: =COUNTIFS(تفاصيل_الفرق[الفئة العمرية],ملخص_المجموعات[[#This Row],[الفئة]],تفاصيل_الفرق[المجموعة],ملخص_المجموعات[[#This Row],[المجموعة]],تفاصيل_الفرق[عدد الفرق],">0") -> 1 | E26: {=_xlfn.TEXTJOIN("، ",TRUE,IF((تفاصيل_الفرق[الفئة العمرية]=ملخص_المجموعات[[#This Row],[الفئة]])*(تفاصيل_الفرق[المجموعة]=ملخص_المجموعات[[#This Row],[المجموعة]])*(تفاصيل_الفرق[عدد الفرق]>0),تفاصيل_الفرق[المدينة/المحافظة],""))} -> طبرجل | F26: =SUMIFS(تفاصيل_الفرق[عدد الفرق],تفاصيل_الفرق[الفئة العمرية],ملخص_المجموعات[[#This Row],[الفئة]],تفاصيل_الفرق[المجموعة],ملخص_المجموعات[[#This Row],[المجموعة]]) -> 6 | G26: =MAX(0,الحد_الأدنى-ملخص_المجموعات[[#This Row],[مجموع الفرق]]) -> 0
B27: تحت 13 | C27: مجموعة الرس | D27: =COUNTIFS(تفاصيل_الفرق[الفئة العمرية],ملخص_المجموعات[[#This Row],[الفئة]],تفاصيل_الفرق[المجموعة],ملخص_المجموعات[[#This Row],[المجموعة]],تفاصيل_الفرق[عدد الفرق],">0") -> 2 | E27: {=_xlfn.TEXTJOIN("، ",TRUE,IF((تفاصيل_الفرق[الفئة العمرية]=ملخص_المجموعات[[#This Row],[الفئة]])*(تفاصيل_الفرق[المجموعة]=ملخص_المجموعات[[#This Row],[المجموعة]])*(تفاصيل_الفرق[عدد الفرق]>0),تفاصيل_الفرق[المدينة/المحافظة],""))} -> الرس، البدائع | F27: =SUMIFS(تفاصيل_الفرق[عدد الفرق],تفاصيل_الفرق[الفئة العمرية],ملخص_المجموعات[[#This Row],[الفئة]],تفاصيل_الفرق[المجموعة],ملخص_المجموعات[[#This Row],[المجموعة]]) -> 7 | G27: =MAX(0,الحد_الأدنى-ملخص_المجموعات[[#This Row],[مجموع الفرق]]) -> 0
B28: تحت 13 | C28: مجموعة جازان | D28: =COUNTIFS(تفاصيل_الفرق[الفئة العمرية],ملخص_المجموعات[[#This Row],[الفئة]],تفاصيل_الفرق[المجموعة],ملخص_المجموعات[[#This Row],[المجموعة]],تفاصيل_الفرق[عدد الفرق],">0") -> 1 | E28: {=_xlfn.TEXTJOIN("، ",TRUE,IF((تفاصيل_الفرق[الفئة العمرية]=ملخص_المجموعات[[#This Row],[الفئة]])*(تفاصيل_الفرق[المجموعة]=ملخص_المجموعات[[#This Row],[المجموعة]])*(تفاصيل_الفرق[عدد الفرق]>0),تفاصيل_الفرق[المدينة/المحافظة],""))} -> جيزان | F28: =SUMIFS(تفاصيل_الفرق[عدد الفرق],تفاصيل_الفرق[الفئة العمرية],ملخص_المجموعات[[#This Row],[الفئة]],تفاصيل_الفرق[المجموعة],ملخص_المجموعات[[#This Row],[المجموعة]]) -> 7 | G28: =MAX(0,الحد_الأدنى-ملخص_المجموعات[[#This Row],[مجموع الفرق]]) -> 0
B29: تحت 14 | C29: مجموعة حائل | D29: =COUNTIFS(تفاصيل_الفرق[الفئة العمرية],ملخص_المجموعات[[#This Row],[الفئة]],تفاصيل_الفرق[المجموعة],ملخص_المجموعات[[#This Row],[المجموعة]],تفاصيل_الفرق[عدد الفرق],">0") -> 1 | E29: {=_xlfn.TEXTJOIN("، ",TRUE,IF((تفاصيل_الفرق[الفئة العمرية]=ملخص_المجموعات[[#This Row],[الفئة]])*(تفاصيل_الفرق[المجموعة]=ملخص_المجموعات[[#This Row],[المجموعة]])*(تفاصيل_الفرق[عدد الفرق]>0),تفاصيل_الفرق[المدينة/المحافظة],""))} -> حائل | F29: =SUMIFS(تفاصيل_الفرق[عدد الفرق],تفاصيل_الفرق[الفئة العمرية],ملخص_المجموعات[[#This Row],[الفئة]],تفاصيل_الفرق[المجموعة],ملخص_المجموعات[[#This Row],[المجموعة]]) -> 7 | G29: =MAX(0,الحد_الأدنى-ملخص_المجموعات[[#This Row],[مجموع الفرق]]) -> 0
B30: تحت 14 | C30: مجموعة الخرج | D30: =COUNTIFS(تفاصيل_الفرق[الفئة العمرية],ملخص_المجموعات[[#This Row],[الفئة]],تفاصيل_الفرق[المجموعة],ملخص_المجموعات[[#This Row],[المجموعة]],تفاصيل_الفرق[عدد الفرق],">0") -> 2 | E30: {=_xlfn.TEXTJOIN("، ",TRUE,IF((تفاصيل_الفرق[الفئة العمرية]=ملخص_المجموعات[[#This Row],[الفئة]])*(تفاصيل_الفرق[المجموعة]=ملخص_المجموعات[[#This Row],[المجموعة]])*(تفاصيل_الفرق[عدد الفرق]>0),تفاصيل_الفرق[المدينة/المحافظة],""))} -> الخرج، الدلم | F30: =SUMIFS(تفاصيل_الفرق[عدد الفرق],تفاصيل_الفرق[الفئة العمرية],ملخص_المجموعات[[#This Row],[الفئة]],تفاصيل_الفرق[المجموعة],ملخص_المجموعات[[#This Row],[المجموعة]]) -> 7 | G30: =MAX(0,الحد_الأدنى-ملخص_المجموعات[[#This Row],[مجموع الفرق]]) -> 0
B31: تحت 5 | C31: مجموعة مركز الرفيعة | D31: =COUNTIFS(تفاصيل_الفرق[الفئة العمرية],ملخص_المجموعات[[#This Row],[الفئة]],تفاصيل_الفرق[المجموعة],ملخص_المجموعات[[#This Row],[المجموعة]],تفاصيل_الفرق[عدد الفرق],">0") -> 1 | E31: {=_xlfn.TEXTJOIN("، ",TRUE,IF((تفاصيل_الفرق[الفئة العمرية]=ملخص_المجموعات[[#This Row],[الفئة]])*(تفاصيل_الفرق[المجموعة]=ملخص_المجموعات[[#This Row],[المجموعة]])*(تفاصيل_الفرق[عدد الفرق]>0),تفاصيل_الفرق[المدينة/المحافظة],""))} -> مركز الرفيعة | F31: =SUMIFS(تفاصيل_الفرق[عدد الفرق],تفاصيل_الفرق[الفئة العمرية],ملخص_المجموعات[[#This Row],[الفئة]],تفاصيل_الفرق[المجموعة],ملخص_المجموعات[[#This Row],[المجموعة]]) -> 7 | G31: =MAX(0,الحد_الأدنى-ملخص_المجموعات[[#This Row],[مجموع الفرق]]) -> 0
B32: تحت 5 | C32: مجموعة القطيف | D32: =COUNTIFS(تفاصيل_الفرق[الفئة العمرية],ملخص_المجموعات[[#This Row],[الفئة]],تفاصيل_الفرق[المجموعة],ملخص_المجموعات[[#This Row],[المجموعة]],تفاصيل_الفرق[عدد الفرق],">0") -> 1 | E32: {=_xlfn.TEXTJOIN("، ",TRUE,IF((تفاصيل_الفرق[الفئة العمرية]=ملخص_المجموعات[[#This Row],[الفئة]])*(تفاصيل_الفرق[المجموعة]=ملخص_المجموعات[[#This Row],[المجموعة]])*(تفاصيل_الفرق[عدد الفرق]>0),تفاصيل_الفرق[المدينة/المحافظة],""))} -> القطيف | F32: =SUMIFS(تفاصيل_الفرق[عدد الفرق],تفاصيل_الفرق[الفئة العمرية],ملخص_المجموعات[[#This Row],[الفئة]],تفاصيل_الفرق[المجموعة],ملخص_المجموعات[[#This Row],[المجموعة]]) -> 7 | G32: =MAX(0,الحد_الأدنى-ملخص_المجموعات[[#This Row],[مجموع الفرق]]) -> 0
B33: تحت 7 | C33: مجموعة حائل | D33: =COUNTIFS(تفاصيل_الفرق[الفئة العمرية],ملخص_المجموعات[[#This Row],[الفئة]],تفاصيل_الفرق[المجموعة],ملخص_المجموعات[[#This Row],[المجموعة]],تفاصيل_الفرق[عدد الفرق],">0") -> 1 | E33: {=_xlfn.TEXTJOIN("، ",TRUE,IF((تفاصيل_الفرق[الفئة العمرية]=ملخص_المجموعات[[#This Row],[الفئة]])*(تفاصيل_الفرق[المجموعة]=ملخص_المجموعات[[#This Row],[المجموعة]])*(تفاصيل_الفرق[عدد الفرق]>0),تفاصيل_الفرق[المدينة/المحافظة],""))} -> حائل | F33: =SUMIFS(تفاصيل_الفرق[عدد الفرق],تفاصيل_الفرق[الفئة العمرية],ملخص_المجموعات[[#This Row],[الفئة]],تفاصيل_الفرق[المجموعة],ملخص_المجموعات[[#This Row],[المجموعة]]) -> 7 | G33: =MAX(0,الحد_الأدنى-ملخص_المجموعات[[#This Row],[مجموع الفرق]]) -> 0
B34: تحت 7 | C34: مجموعة مركز الرفيعة | D34: =COUNTIFS(تفاصيل_الفرق[الفئة العمرية],ملخص_المجموعات[[#This Row],[الفئة]],تفاصيل_الفرق[المجموعة],ملخص_المجموعات[[#This Row],[المجموعة]],تفاصيل_الفرق[عدد الفرق],">0") -> 1 | E34: {=_xlfn.TEXTJOIN("، ",TRUE,IF((تفاصيل_الفرق[الفئة العمرية]=ملخص_المجموعات[[#This Row],[الفئة]])*(تفاصيل_الفرق[المجموعة]=ملخص_المجموعات[[#This Row],[المجموعة]])*(تفاصيل_الفرق[عدد الفرق]>0),تفاصيل_الفرق[المدينة/المحافظة],""))} -> مركز الرفيعة | F34: =SUMIFS(تفاصيل_الفرق[عدد الفرق],تفاصيل_الفرق[الفئة العمرية],ملخص_المجموعات[[#This Row],[الفئة]],تفاصيل_الفرق[المجموعة],ملخص_المجموعات[[#This Row],[المجموعة]]) -> 7 | G34: =MAX(0,الحد_الأدنى-ملخص_المجموعات[[#This Row],[مجموع الفرق]]) -> 0
B35: تحت 7 | C35: مجموعة القريات | D35: =COUNTIFS(تفاصيل_الفرق[الفئة العمرية],ملخص_المجموعات[[#This Row],[الفئة]],تفاصيل_الفرق[المجموعة],ملخص_المجموعات[[#This Row],[المجموعة]],تفاصيل_الفرق[عدد الفرق],">0") -> 1 | E35: {=_xlfn.TEXTJOIN("، ",TRUE,IF((تفاصيل_الفرق[الفئة العمرية]=ملخص_المجموعات[[#This Row],[الفئة]])*(تفاصيل_الفرق[المجموعة]=ملخص_المجموعات[[#This Row],[المجموعة]])*(تفاصيل_الفرق[عدد الفرق]>0),تفاصيل_الفرق[المدينة/المحافظة],""))} -> القريات | F35: =SUMIFS(تفاصيل_الفرق[عدد الفرق],تفاصيل_الفرق[الفئة العمرية],ملخص_المجموعات[[#This Row],[الفئة]],تفاصيل_الفرق[المجموعة],ملخص_المجموعات[[#This Row],[المجموعة]]) -> 7 | G35: =MAX(0,الحد_الأدنى-ملخص_المجموعات[[#This Row],[مجموع الفرق]]) -> 0
... B186: تحت 12 | C186: مجموعة جدة | D186: =COUNTIFS(تفاصيل_الفرق[الفئة العمرية],ملخص_المجموعات[[#This Row],[الفئة]],تفاصيل_الفرق[المجموعة],ملخص_المجموعات[[#This Row],[المجموعة]],تفاصيل_الفرق[عدد الفرق],">0") -> 1 | E186: {=_xlfn.TEXTJOIN("، ",TRUE,IF((تفاصيل_الفرق[الفئة العمرية]=ملخص_المجموعات[[#This Row],[الفئة]])*(تفاصيل_الفرق[المجموعة]=ملخص_المجموعات[[#This Row],[المجموعة]])*(تفاصيل_الفرق[عدد الفرق]>0),تفاصيل_الفرق[المدينة/المحافظة],""))} -> جدة | F186: =SUMIFS(تفاصيل_الفرق[عدد الفرق],تفاصيل_الفرق[الفئة العمرية],ملخص_المجموعات[[#This Row],[الفئة]],تفاصيل_الفرق[المجموعة],ملخص_المجموعات[[#This Row],[المجموعة]]) -> 56 | G186: =MAX(0,الحد_الأدنى-ملخص_المجموعات[[#This Row],[مجموع الفرق]]) -> 0

Sheet بيانات التسجيل
B2: Entry Id | C2: اسم الفريق | D2: الاسم | E2: رقم الجوال | F2: اسم الملعب | G2: الصفة | H2: المنطقة | I2: المدينة | J2: مكتب الوزارة | K2: المشاركة تحت 14 | L2: المشاركة تحت 13 | M2: المشاركة تحت 12 | N2: المشاركة تحت 11 | O2: المشاركة تحت 9 | P2: المشاركة تحت 7 | Q2: المشاركة تحت 5 | R2: ليس في أي مجموعة مكتملة | S2: حالة السداد | T2: فتح حساب لتسجيل اللاعبين
B3: 1 | C3: الزوري | D3: سالم محمد الدوسري | E3: 562311110 | F3: ملاعب المنافسة | G3: أكاديمية | H3: الشرقية | I3: الدمام | J3: الشرقية | K3: 0 | L3: 0 | M3: 1 | N3: 1 | O3: 1 | P3: 0 | Q3: 0 | R3: =IF(SUM(التسجيل[[#This Row],[المشاركة تحت 14]],التسجيل[[#This Row],[المشاركة تحت 13]],التسجيل[[#This Row],[المشاركة تحت 12]],التسجيل[[#This Row],[المشاركة تحت 11]],التسجيل[[#This Row],[المشاركة تحت 9]],التسجيل[[#This Row],[المشاركة تحت 7 ]],التسجيل[[#This Row],[المشاركة تحت 5]])=0,"لا يوجد تسجيل",IF(((التسجيل[[#This Row],[المشاركة تحت 14]]>=1)*(COUNTIFS(تفاصيل_الفرق[الفئة العمرية],"تحت 14",تفاصيل_الفرق[مدينة منظفة],TRIM(التسجيل[[#This Row],[المدينة]]),تفاصيل_الفرق[مجموعة مكتملة],1)>0))+((التسجيل[[#This Row],[المشاركة تحت 13]]>=1)*(COUNTIFS(تفاصيل_الفرق[الفئة العمرية],"تحت 13",تفاصيل_الفرق[مدينة منظفة],TRIM(التسجيل[[#This Row],[المدينة]]),تفاصيل_الفرق[مجموعة مكتملة],1)>0))+((التسجيل[[#This Row],[المشاركة تحت 12]]>=1)*(COUNTIFS(تفاصيل_الفرق[الفئة العمرية],"تحت 12",تفاصيل_الفرق[مدينة منظفة],TRIM(التسجيل[[#This Row],[المدينة]]),تفاصيل_الفرق[مجموعة مكتملة],1)>0))+((التسجيل[[#This Row],[المشاركة تحت 11]]>=1)*(COUNTIFS(تفاصيل_الفرق[الفئة العمرية],"تحت 11",تفاصيل_الفرق[مدينة منظفة],TRIM(التسجيل[[#This Row],[المدينة]]),تفاصيل_الفرق[مجموعة مكتملة],1)>0))+((التسجيل[[#This Row],[المشاركة تحت 9]]>=1)*(COUNTIFS(تفاصيل_الفرق[الفئة العمرية],"تحت 9",تفاصيل_الفرق[مدينة منظفة],TRIM(التسجيل[[#This Row],[المدينة]]),تفاصيل_الفرق[مجموعة مكتملة],1)>0))+((التسجيل[[#This Row],[المشاركة تحت 7 ]]>=1)*(COUNTIFS(تفاصيل_الفرق[الفئة العمرية],"تحت 7",تفاصيل_الفرق[مدينة منظفة],TRIM(التسجيل[[#This Row],[المدينة]]),تفاصيل_الفرق[مجموعة مكتملة],1)>0))+((التسجيل[[#This Row],[المشاركة تحت 5]]>=1)*(COUNTIFS(تفاصيل_الفرق[الفئة العمرية],"تحت 5",تفاصيل_الفرق[مدينة منظفة],TRIM(التسجيل[[#This Row],[المدينة]]),تفاصيل_الفرق[مجموعة مكتملة],1)>0))=0,"نعم","لا")) -> لا
B4: =B3+1 -> 2 | C4: المطوع | D4: محمد عساف العتيبي | E4: 539099199 | F4: المطوع بارك | G4: نادي | H4: الرياض | I4: الرياض | J4: الرياض | K4: 1 | L4: 1 | M4: 1 | N4: 1 | O4: 0 | P4: 0 | Q4: 0 | R4: =IF(SUM(التسجيل[[#This Row],[المشاركة تحت 14]],التسجيل[[#This Row],[المشاركة تحت 13]],التسجيل[[#This Row],[المشاركة تحت 12]],التسجيل[[#This Row],[المشاركة تحت 11]],التسجيل[[#This Row],[المشاركة تحت 9]],التسجيل[[#This Row],[المشاركة تحت 7 ]],التسجيل[[#This Row],[المشاركة تحت 5]])=0,"لا يوجد تسجيل",IF(((التسجيل[[#This Row],[المشاركة تحت 14]]>=1)*(COUNTIFS(تفاصيل_الفرق[الفئة العمرية],"تحت 14",تفاصيل_الفرق[مدينة منظفة],TRIM(التسجيل[[#This Row],[المدينة]]),تفاصيل_الفرق[مجموعة مكتملة],1)>0))+((التسجيل[[#This Row],[المشاركة تحت 13]]>=1)*(COUNTIFS(تفاصيل_الفرق[الفئة العمرية],"تحت 13",تفاصيل_الفرق[مدينة منظفة],TRIM(التسجيل[[#This Row],[المدينة]]),تفاصيل_الفرق[مجموعة مكتملة],1)>0))+((التسجيل[[#This Row],[المشاركة تحت 12]]>=1)*(COUNTIFS(تفاصيل_الفرق[الفئة العمرية],"تحت 12",تفاصيل_الفرق[مدينة منظفة],TRIM(التسجيل[[#This Row],[المدينة]]),تفاصيل_الفرق[مجموعة مكتملة],1)>0))+((التسجيل[[#This Row],[المشاركة تحت 11]]>=1)*(COUNTIFS(تفاصيل_الفرق[الفئة العمرية],"تحت 11",تفاصيل_الفرق[مدينة منظفة],TRIM(التسجيل[[#This Row],[المدينة]]),تفاصيل_الفرق[مجموعة مكتملة],1)>0))+((التسجيل[[#This Row],[المشاركة تحت 9]]>=1)*(COUNTIFS(تفاصيل_الفرق[الفئة العمرية],"تحت 9",تفاصيل_الفرق[مدينة منظفة],TRIM(التسجيل[[#This Row],[المدينة]]),تفاصيل_الفرق[مجموعة مكتملة],1)>0))+((التسجيل[[#This Row],[المشاركة تحت 7 ]]>=1)*(COUNTIFS(تفاصيل_الفرق[الفئة العمرية],"تحت 7",تفاصيل_الفرق[مدينة منظفة],TRIM(التسجيل[[#This Row],[المدينة]]),تفاصيل_الفرق[مجموعة مكتملة],1)>0))+((التسجيل[[#This Row],[المشاركة تحت 5]]>=1)*(COUNTIFS(تفاصيل_الفرق[الفئة العمرية],"تحت 5",تفاصيل_الفرق[مدينة منظفة],TRIM(التسجيل[[#This Row],[المدينة]]),تفاصيل_الفرق[مجموعة مكتملة],1)>0))=0,"نعم","لا")) -> لا
B5: =B4+1 -> 3 | C5: القوارة | D5: مثني فهد الحرابي | E5: 544394481 | F5: رديف نادي القوارة | G5: نادي | H5: القصيم | I5: بريدة | J5: القصيم | K5: 1 | L5: 0 | M5: 0 | N5: 0 | O5: 0 | P5: 0 | Q5: 0 | R5: =IF(SUM(التسجيل[[#This Row],[المشاركة تحت 14]],التسجيل[[#This Row],[المشاركة تحت 13]],التسجيل[[#This Row],[المشاركة تحت 12]],التسجيل[[#This Row],[المشاركة تحت 11]],التسجيل[[#This Row],[المشاركة تحت 9]],التسجيل[[#This Row],[المشاركة تحت 7 ]],التسجيل[[#This Row],[المشاركة تحت 5]])=0,"لا يوجد تسجيل",IF(((التسجيل[[#This Row],[المشاركة تحت 14]]>=1)*(COUNTIFS(تفاصيل_الفرق[الفئة العمرية],"تحت 14",تفاصيل_الفرق[مدينة منظفة],TRIM(التسجيل[[#This Row],[المدينة]]),تفاصيل_الفرق[مجموعة مكتملة],1)>0))+((التسجيل[[#This Row],[المشاركة تحت 13]]>=1)*(COUNTIFS(تفاصيل_الفرق[الفئة العمرية],"تحت 13",تفاصيل_الفرق[مدينة منظفة],TRIM(التسجيل[[#This Row],[المدينة]]),تفاصيل_الفرق[مجموعة مكتملة],1)>0))+((التسجيل[[#This Row],[المشاركة تحت 12]]>=1)*(COUNTIFS(تفاصيل_الفرق[الفئة العمرية],"تحت 12",تفاصيل_الفرق[مدينة منظفة],TRIM(التسجيل[[#This Row],[المدينة]]),تفاصيل_الفرق[مجموعة مكتملة],1)>0))+((التسجيل[[#This Row],[المشاركة تحت 11]]>=1)*(COUNTIFS(تفاصيل_الفرق[الفئة العمرية],"تحت 11",تفاصيل_الفرق[مدينة منظفة],TRIM(التسجيل[[#This Row],[المدينة]]),تفاصيل_الفرق[مجموعة مكتملة],1)>0))+((التسجيل[[#This Row],[المشاركة تحت 9]]>=1)*(COUNTIFS(تفاصيل_الفرق[الفئة العمرية],"تحت 9",تفاصيل_الفرق[مدينة منظفة],TRIM(التسجيل[[#This Row],[المدينة]]),تفاصيل_الفرق[مجموعة مكتملة],1)>0))+((التسجيل[[#This Row],[المشاركة تحت 7 ]]>=1)*(COUNTIFS(تفاصيل_الفرق[الفئة العمرية],"تحت 7",تفاصيل_الفرق[مدينة منظفة],TRIM(التسجيل[[#This Row],[المدينة]]),تفاصيل_الفرق[مجموعة مكتملة],1)>0))+((التسجيل[[#This Row],[المشاركة تحت 5]]>=1)*(COUNTIFS(تفاصيل_الفرق[الفئة العمرية],"تحت 5",تفاصيل_الفرق[مدينة منظفة],TRIM(التسجيل[[#This Row],[المدينة]]),تفاصيل_الفرق[مجموعة مكتملة],1)>0))=0,"نعم","لا")) -> لا
B6: =B5+1 -> 4 | C6: الصقر | D6: محمد عثمان المحيميد | E6: 546496199 | F6: الصقر | G6: نادي | H6: القصيم | I6: بريدة | J6: القصيم | K6: 0 | L6: 1 | M6: 0 | N6: 1 | O6: 0 | P6: 0 | Q6: 0 | R6: =IF(SUM(التسجيل[[#This Row],[المشاركة تحت 14]],التسجيل[[#This Row],[المشاركة تحت 13]],التسجيل[[#This Row],[المشاركة تحت 12]],التسجيل[[#This Row],[المشاركة تحت 11]],التسجيل[[#This Row],[المشاركة تحت 9]],التسجيل[[#This Row],[المشاركة تحت 7 ]],التسجيل[[#This Row],[المشاركة تحت 5]])=0,"لا يوجد تسجيل",IF(((التسجيل[[#This Row],[المشاركة تحت 14]]>=1)*(COUNTIFS(تفاصيل_الفرق[الفئة العمرية],"تحت 14",تفاصيل_الفرق[مدينة منظفة],TRIM(التسجيل[[#This Row],[المدينة]]),تفاصيل_الفرق[مجموعة مكتملة],1)>0))+((التسجيل[[#This Row],[المشاركة تحت 13]]>=1)*(COUNTIFS(تفاصيل_الفرق[الفئة العمرية],"تحت 13",تفاصيل_الفرق[مدينة منظفة],TRIM(التسجيل[[#This Row],[المدينة]]),تفاصيل_الفرق[مجموعة مكتملة],1)>0))+((التسجيل[[#This Row],[المشاركة تحت 12]]>=1)*(COUNTIFS(تفاصيل_الفرق[الفئة العمرية],"تحت 12",تفاصيل_الفرق[مدينة منظفة],TRIM(التسجيل[[#This Row],[المدينة]]),تفاصيل_الفرق[مجموعة مكتملة],1)>0))+((التسجيل[[#This Row],[المشاركة تحت 11]]>=1)*(COUNTIFS(تفاصيل_الفرق[الفئة العمرية],"تحت 11",تفاصيل_الفرق[مدينة منظفة],TRIM(التسجيل[[#This Row],[المدينة]]),تفاصيل_الفرق[مجموعة مكتملة],1)>0))+((التسجيل[[#This Row],[المشاركة تحت 9]]>=1)*(COUNTIFS(تفاصيل_الفرق[الفئة العمرية],"تحت 9",تفاصيل_الفرق[مدينة منظفة],TRIM(التسجيل[[#This Row],[المدينة]]),تفاصيل_الفرق[مجموعة مكتملة],1)>0))+((التسجيل[[#This Row],[المشاركة تحت 7 ]]>=1)*(COUNTIFS(تفاصيل_الفرق[الفئة العمرية],"تحت 7",تفاصيل_الفرق[مدينة منظفة],TRIM(التسجيل[[#This Row],[المدينة]]),تفاصيل_الفرق[مجموعة مكتملة],1)>0))+((التسجيل[[#This Row],[المشاركة تحت 5]]>=1)*(COUNTIFS(تفاصيل_الفرق[الفئة العمرية],"تحت 5",تفاصيل_الفرق[مدينة منظفة],TRIM(التسجيل[[#This Row],[المدينة]]),تفاصيل_الفرق[مجموعة مكتملة],1)>0))=0,"نعم","لا")) -> لا
B7: =B6+1 -> 5 | C7: عيون الجواء | D7: فيصل فهد الجماز | E7: 508279319 | F7: البدائع | G7: نادي | H7: القصيم | I7: عيون الجواء | J7: الرس | K7: 1 | L7: 1 | M7: 1 | N7: 1 | O7: 1 | P7: 1 | Q7: 0 | R7: =IF(SUM(التسجيل[[#This Row],[المشاركة تحت 14]],التسجيل[[#This Row],[المشاركة تحت 13]],التسجيل[[#This Row],[المشاركة تحت 12]],التسجيل[[#This Row],[المشاركة تحت 11]],التسجيل[[#This Row],[المشاركة تحت 9]],التسجيل[[#This Row],[المشاركة تحت 7 ]],التسجيل[[#This Row],[المشاركة تحت 5]])=0,"لا يوجد تسجيل",IF(((التسجيل[[#This Row],[المشاركة تحت 14]]>=1)*(COUNTIFS(تفاصيل_الفرق[الفئة العمرية],"تحت 14",تفاصيل_الفرق[مدينة منظفة],TRIM(التسجيل[[#This Row],[المدينة]]),تفاصيل_الفرق[مجموعة مكتملة],1)>0))+((التسجيل[[#This Row],[المشاركة تحت 13]]>=1)*(COUNTIFS(تفاصيل_الفرق[الفئة العمرية],"تحت 13",تفاصيل_الفرق[مدينة منظفة],TRIM(التسجيل[[#This Row],[المدينة]]),تفاصيل_الفرق[مجموعة مكتملة],1)>0))+((التسجيل[[#This Row],[المشاركة تحت 12]]>=1)*(COUNTIFS(تفاصيل_الفرق[الفئة العمرية],"تحت 12",تفاصيل_الفرق[مدينة منظفة],TRIM(التسجيل[[#This Row],[المدينة]]),تفاصيل_الفرق[مجموعة مكتملة],1)>0))+((التسجيل[[#This Row],[المشاركة تحت 11]]>=1)*(COUNTIFS(تفاصيل_الفرق[الفئة العمرية],"تحت 11",تفاصيل_الفرق[مدينة منظفة],TRIM(التسجيل[[#This Row],[المدينة]]),تفاصيل_الفرق[مجموعة مكتملة],1)>0))+((التسجيل[[#This Row],[المشاركة تحت 9]]>=1)*(COUNTIFS(تفاصيل_الفرق[الفئة العمرية],"تحت 9",تفاصيل_الفرق[مدينة منظفة],TRIM(التسجيل[[#This Row],[المدينة]]),تفاصيل_الفرق[مجموعة مكتملة],1)>0))+((التسجيل[[#This Row],[المشاركة تحت 7 ]]>=1)*(COUNTIFS(تفاصيل_الفرق[الفئة العمرية],"تحت 7",تفاصيل_الفرق[مدينة منظفة],TRIM(التسجيل[[#This Row],[المدينة]]),تفاصيل_الفرق[مجموعة مكتملة],1)>0))+((التسجيل[[#This Row],[المشاركة تحت 5]]>=1)*(COUNTIFS(تفاصيل_الفرق[الفئة العمرية],"تحت 5",تفاصيل_الفرق[مدينة منظفة],TRIM(التسجيل[[#This Row],[المدينة]]),تفاصيل_الفرق[مجموعة مكتملة],1)>0))=0,"نعم","لا")) -> لا
B8: =B7+1 -> 6 | C8: ليوبارد | D8: بدر عبدالعزيز الجربوع | E8: 564110010 | F8: المطوع بارك | G8: نادي | H8: الرياض | I8: الرياض | J8: الرياض | K8: 1 | L8: 1 | M8: 1 | N8: 1 | O8: 0 | P8: 0 | Q8: 0 | R8: =IF(SUM(التسجيل[[#This Row],[المشاركة تحت 14]],التسجيل[[#This Row],[المشاركة تحت 13]],التسجيل[[#This Row],[المشاركة تحت 12]],التسجيل[[#This Row],[المشاركة تحت 11]],التسجيل[[#This Row],[المشاركة تحت 9]],التسجيل[[#This Row],[المشاركة تحت 7 ]],التسجيل[[#This Row],[المشاركة تحت 5]])=0,"لا يوجد تسجيل",IF(((التسجيل[[#This Row],[المشاركة تحت 14]]>=1)*(COUNTIFS(تفاصيل_الفرق[الفئة العمرية],"تحت 14",تفاصيل_الفرق[مدينة منظفة],TRIM(التسجيل[[#This Row],[المدينة]]),تفاصيل_الفرق[مجموعة مكتملة],1)>0))+((التسجيل[[#This Row],[المشاركة تحت 13]]>=1)*(COUNTIFS(تفاصيل_الفرق[الفئة العمرية],"تحت 13",تفاصيل_الفرق[مدينة منظفة],TRIM(التسجيل[[#This Row],[المدينة]]),تفاصيل_الفرق[مجموعة مكتملة],1)>0))+((التسجيل[[#This Row],[المشاركة تحت 12]]>=1)*(COUNTIFS(تفاصيل_الفرق[الفئة العمرية],"تحت 12",تفاصيل_الفرق[مدينة منظفة],TRIM(التسجيل[[#This Row],[المدينة]]),تفاصيل_الفرق[مجموعة مكتملة],1)>0))+((التسجيل[[#This Row],[المشاركة تحت 11]]>=1)*(COUNTIFS(تفاصيل_الفرق[الفئة العمرية],"تحت 11",تفاصيل_الفرق[مدينة منظفة],TRIM(التسجيل[[#This Row],[المدينة]]),تفاصيل_الفرق[مجموعة مكتملة],1)>0))+((التسجيل[[#This Row],[المشاركة تحت 9]]>=1)*(COUNTIFS(تفاصيل_الفرق[الفئة العمرية],"تحت 9",تفاصيل_الفرق[مدينة منظفة],TRIM(التسجيل[[#This Row],[المدينة]]),تفاصيل_الفرق[مجموعة مكتملة],1)>0))+((التسجيل[[#This Row],[المشاركة تحت 7 ]]>=1)*(COUNTIFS(تفاصيل_الفرق[الفئة العمرية],"تحت 7",تفاصيل_الفرق[مدينة منظفة],TRIM(التسجيل[[#This Row],[المدينة]]),تفاصيل_الفرق[مجموعة مكتملة],1)>0))+((التسجيل[[#This Row],[المشاركة تحت 5]]>=1)*(COUNTIFS(تفاصيل_الفرق[الفئة العمرية],"تحت 5",تفاصيل_الفرق[مدينة منظفة],TRIM(التسجيل[[#This Row],[المدينة]]),تفاصيل_الفرق[مجموعة مكتملة],1)>0))=0,"نعم","لا")) -> لا
B9: =B8+1 -> 7 | C9: الاعب الموهوب | D9: ياسر ال خليتيت | E9: 0597302630 | F9: سوكر القطيف | G9: أكاديمية | H9: الشرقية | I9: القطيف | J9: القطيف | K9: 0 | L9: 1 | M9: 1 | N9: 1 | O9: 1 | P9: 0 | Q9: 0 | R9: =IF(SUM(التسجيل[[#This Row],[المشاركة تحت 14]],التسجيل[[#This Row],[المشاركة تحت 13]],التسجيل[[#This Row],[المشاركة تحت 12]],التسجيل[[#This Row],[المشاركة تحت 11]],التسجيل[[#This Row],[المشاركة تحت 9]],التسجيل[[#This Row],[المشاركة تحت 7 ]],التسجيل[[#This Row],[المشاركة تحت 5]])=0,"لا يوجد تسجيل",IF(((التسجيل[[#This Row],[المشاركة تحت 14]]>=1)*(COUNTIFS(تفاصيل_الفرق[الفئة العمرية],"تحت 14",تفاصيل_الفرق[مدينة منظفة],TRIM(التسجيل[[#This Row],[المدينة]]),تفاصيل_الفرق[مجموعة مكتملة],1)>0))+((التسجيل[[#This Row],[المشاركة تحت 13]]>=1)*(COUNTIFS(تفاصيل_الفرق[الفئة العمرية],"تحت 13",تفاصيل_الفرق[مدينة منظفة],TRIM(التسجيل[[#This Row],[المدينة]]),تفاصيل_الفرق[مجموعة مكتملة],1)>0))+((التسجيل[[#This Row],[المشاركة تحت 12]]>=1)*(COUNTIFS(تفاصيل_الفرق[الفئة العمرية],"تحت 12",تفاصيل_الفرق[مدينة منظفة],TRIM(التسجيل[[#This Row],[المدينة]]),تفاصيل_الفرق[مجموعة مكتملة],1)>0))+((التسجيل[[#This Row],[المشاركة تحت 11]]>=1)*(COUNTIFS(تفاصيل_الفرق[الفئة العمرية],"تحت 11",تفاصيل_الفرق[مدينة منظفة],TRIM(التسجيل[[#This Row],[المدينة]]),تفاصيل_الفرق[مجموعة مكتملة],1)>0))+((التسجيل[[#This Row],[المشاركة تحت 9]]>=1)*(COUNTIFS(تفاصيل_الفرق[الفئة العمرية],"تحت 9",تفاصيل_الفرق[مدينة منظفة],TRIM(التسجيل[[#This Row],[المدينة]]),تفاصيل_الفرق[مجموعة مكتملة],1)>0))+((التسجيل[[#This Row],[المشاركة تحت 7 ]]>=1)*(COUNTIFS(تفاصيل_الفرق[الفئة العمرية],"تحت 7",تفاصيل_الفرق[مدينة منظفة],TRIM(التسجيل[[#This Row],[المدينة]]),تفاصيل_الفرق[مجموعة مكتملة],1)>0))+((التسجيل[[#This Row],[المشاركة تحت 5]]>=1)*(COUNTIFS(تفاصيل_الفرق[الفئة العمرية],"تحت 5",تفاصيل_الفرق[مدينة منظفة],TRIM(التسجيل[[#This Row],[المدينة]]),تفاصيل_الفرق[مجموعة مكتملة],1)>0))=0,"نعم","لا")) -> لا
B10: =B9+1 -> 8 | C10: نجد الرياض | D10: مرعي عسيري | E10: 0569339451 | F10: محترفي الوادي | G10: نادي | H10: الرياض | I10: الرياض | J10: الرياض | K10: 1 | L10: 1 | M10: 0 | N10: 2 | O10: 0 | P10: 0 | Q10: 0 | R10: =IF(SUM(التسجيل[[#This Row],[المشاركة تحت 14]],التسجيل[[#This Row],[المشاركة تحت 13]],التسجيل[[#This Row],[المشاركة تحت 12]],التسجيل[[#This Row],[المشاركة تحت 11]],التسجيل[[#This Row],[المشاركة تحت 9]],التسجيل[[#This Row],[المشاركة تحت 7 ]],التسجيل[[#This Row],[المشاركة تحت 5]])=0,"لا يوجد تسجيل",IF(((التسجيل[[#This Row],[المشاركة تحت 14]]>=1)*(COUNTIFS(تفاصيل_الفرق[الفئة العمرية],"تحت 14",تفاصيل_الفرق[مدينة منظفة],TRIM(التسجيل[[#This Row],[المدينة]]),تفاصيل_الفرق[مجموعة مكتملة],1)>0))+((التسجيل[[#This Row],[المشاركة تحت 13]]>=1)*(COUNTIFS(تفاصيل_الفرق[الفئة العمرية],"تحت 13",تفاصيل_الفرق[مدينة منظفة],TRIM(التسجيل[[#This Row],[المدينة]]),تفاصيل_الفرق[مجموعة مكتملة],1)>0))+((التسجيل[[#This Row],[المشاركة تحت 12]]>=1)*(COUNTIFS(تفاصيل_الفرق[الفئة العمرية],"تحت 12",تفاصيل_الفرق[مدينة منظفة],TRIM(التسجيل[[#This Row],[المدينة]]),تفاصيل_الفرق[مجموعة مكتملة],1)>0))+((التسجيل[[#This Row],[المشاركة تحت 11]]>=1)*(COUNTIFS(تفاصيل_الفرق[الفئة العمرية],"تحت 11",تفاصيل_الفرق[مدينة منظفة],TRIM(التسجيل[[#This Row],[المدينة]]),تفاصيل_الفرق[مجموعة مكتملة],1)>0))+((التسجيل[[#This Row],[المشاركة تحت 9]]>=1)*(COUNTIFS(تفاصيل_الفرق[الفئة العمرية],"تحت 9",تفاصيل_الفرق[مدينة منظفة],TRIM(التسجيل[[#This Row],[المدينة]]),تفاصيل_الفرق[مجموعة مكتملة],1)>0))+((التسجيل[[#This Row],[المشاركة تحت 7 ]]>=1)*(COUNTIFS(تفاصيل_الفرق[الفئة العمرية],"تحت 7",تفاصيل_الفرق[مدينة منظفة],TRIM(التسجيل[[#This Row],[المدينة]]),تفاصيل_الفرق[مجموعة مكتملة],1)>0))+((التسجيل[[#This Row],[المشاركة تحت 5]]>=1)*(COUNTIFS(تفاصيل_الفرق[الفئة العمرية],"تحت 5",تفاصيل_الفرق[مدينة منظفة],TRIM(التسجيل[[#This Row],[المدينة]]),تفاصيل_الفرق[مجموعة مكتملة],1)>0))=0,"نعم","لا")) -> لا
B11: =B10+1 -> 9 | C11: ربوع العين | D11: جارالله حسين المتعاني | E11: 582506321 | F11: ملعب الشهداء | G11: نادي | H11: مكة المكرمة | I11: القنفذة | J11: مكة المكرمة | K11: 1 | L11: 0 | M11: 0 | N11: 0 | O11: 0 | P11: 0 | Q11: 0 | R11: =IF(SUM(التسجيل[[#This Row],[المشاركة تحت 14]],التسجيل[[#This Row],[المشاركة تحت 13]],التسجيل[[#This Row],[المشاركة تحت 12]],التسجيل[[#This Row],[المشاركة تحت 11]],التسجيل[[#This Row],[المشاركة تحت 9]],التسجيل[[#This Row],[المشاركة تحت 7 ]],التسجيل[[#This Row],[المشاركة تحت 5]])=0,"لا يوجد تسجيل",IF(((التسجيل[[#This Row],[المشاركة تحت 14]]>=1)*(COUNTIFS(تفاصيل_الفرق[الفئة العمرية],"تحت 14",تفاصيل_الفرق[مدينة منظفة],TRIM(التسجيل[[#This Row],[المدينة]]),تفاصيل_الفرق[مجموعة مكتملة],1)>0))+((التسجيل[[#This Row],[المشاركة تحت 13]]>=1)*(COUNTIFS(تفاصيل_الفرق[الفئة العمرية],"تحت 13",تفاصيل_الفرق[مدينة منظفة],TRIM(التسجيل[[#This Row],[المدينة]]),تفاصيل_الفرق[مجموعة مكتملة],1)>0))+((التسجيل[[#This Row],[المشاركة تحت 12]]>=1)*(COUNTIFS(تفاصيل_الفرق[الفئة العمرية],"تحت 12",تفاصيل_الفرق[مدينة منظفة],TRIM(التسجيل[[#This Row],[المدينة]]),تفاصيل_الفرق[مجموعة مكتملة],1)>0))+((التسجيل[[#This Row],[المشاركة تحت 11]]>=1)*(COUNTIFS(تفاصيل_الفرق[الفئة العمرية],"تحت 11",تفاصيل_الفرق[مدينة منظفة],TRIM(التسجيل[[#This Row],[المدينة]]),تفاصيل_الفرق[مجموعة مكتملة],1)>0))+((التسجيل[[#This Row],[المشاركة تحت 9]]>=1)*(COUNTIFS(تفاصيل_الفرق[الفئة العمرية],"تحت 9",تفاصيل_الفرق[مدينة منظفة],TRIM(التسجيل[[#This Row],[المدينة]]),تفاصيل_الفرق[مجموعة مكتملة],1)>0))+((التسجيل[[#This Row],[المشاركة تحت 7 ]]>=1)*(COUNTIFS(تفاصيل_الفرق[الفئة العمرية],"تحت 7",تفاصيل_الفرق[مدينة منظفة],TRIM(التسجيل[[#This Row],[المدينة]]),تفاصيل_الفرق[مجموعة مكتملة],1)>0))+((التسجيل[[#This Row],[المشاركة تحت 5]]>=1)*(COUNTIFS(تفاصيل_الفرق[الفئة العمرية],"تحت 5",تفاصيل_الفرق[مدينة منظفة],TRIM(التسجيل[[#This Row],[المدينة]]),تفاصيل_الفرق[مجموعة مكتملة],1)>0))=0,"نعم","لا")) -> لا
B12: =B11+1 -> 10 | C12: أجيال الحياة | D12: محمد سلمان الشمري | E12: 57867222 | F12: العروبة | G12: أكاديمية | H12: الجوف | I12: سكاكا | J12: الجوف | K12: 1 | L12: 1 | M12: 1 | N12: 1 | O12: 1 | P12: 1 | Q12: 1 | R12: =IF(SUM(التسجيل[[#This Row],[المشاركة تحت 14]],التسجيل[[#This Row],[المشاركة تحت 13]],التسجيل[[#This Row],[المشاركة تحت 12]],التسجيل[[#This Row],[المشاركة تحت 11]],التسجيل[[#This Row],[المشاركة تحت 9]],التسجيل[[#This Row],[المشاركة تحت 7 ]],التسجيل[[#This Row],[المشاركة تحت 5]])=0,"لا يوجد تسجيل",IF(((التسجيل[[#This Row],[المشاركة تحت 14]]>=1)*(COUNTIFS(تفاصيل_الفرق[الفئة العمرية],"تحت 14",تفاصيل_الفرق[مدينة منظفة],TRIM(التسجيل[[#This Row],[المدينة]]),تفاصيل_الفرق[مجموعة مكتملة],1)>0))+((التسجيل[[#This Row],[المشاركة تحت 13]]>=1)*(COUNTIFS(تفاصيل_الفرق[الفئة العمرية],"تحت 13",تفاصيل_الفرق[مدينة منظفة],TRIM(التسجيل[[#This Row],[المدينة]]),تفاصيل_الفرق[مجموعة مكتملة],1)>0))+((التسجيل[[#This Row],[المشاركة تحت 12]]>=1)*(COUNTIFS(تفاصيل_الفرق[الفئة العمرية],"تحت 12",تفاصيل_الفرق[مدينة منظفة],TRIM(التسجيل[[#This Row],[المدينة]]),تفاصيل_الفرق[مجموعة مكتملة],1)>0))+((التسجيل[[#This Row],[المشاركة تحت 11]]>=1)*(COUNTIFS(تفاصيل_الفرق[الفئة العمرية],"تحت 11",تفاصيل_الفرق[مدينة منظفة],TRIM(التسجيل[[#This Row],[المدينة]]),تفاصيل_الفرق[مجموعة مكتملة],1)>0))+((التسجيل[[#This Row],[المشاركة تحت 9]]>=1)*(COUNTIFS(تفاصيل_الفرق[الفئة العمرية],"تحت 9",تفاصيل_الفرق[مدينة منظفة],TRIM(التسجيل[[#This Row],[المدينة]]),تفاصيل_الفرق[مجموعة مكتملة],1)>0))+((التسجيل[[#This Row],[المشاركة تحت 7 ]]>=1)*(COUNTIFS(تفاصيل_الفرق[الفئة العمرية],"تحت 7",تفاصيل_الفرق[مدينة منظفة],TRIM(التسجيل[[#This Row],[المدينة]]),تفاصيل_الفرق[مجموعة مكتملة],1)>0))+((التسجيل[[#This Row],[المشاركة تحت 5]]>=1)*(COUNTIFS(تفاصيل_الفرق[الفئة العمرية],"تحت 5",تفاصيل_الفرق[مدينة منظفة],TRIM(التسجيل[[#This Row],[المدينة]]),تفاصيل_الفرق[مجموعة مكتملة],1)>0))=0,"نعم","لا")) -> لا
B13: =B12+1 -> 11 | C13: إيزوف | D13: عبدالله فهد الخليوي | E13: 505221717 | F13: لايوجد | G13: أكاديمية | H13: نجران | I13: نجران | J13: نجران | K13: 1 | L13: 1 | M13: 1 | N13: 0 | O13: 0 | P13: 0 | Q13: 0 | R13: =IF(SUM(التسجيل[[#This Row],[المشاركة تحت 14]],التسجيل[[#This Row],[المشاركة تحت 13]],التسجيل[[#This Row],[المشاركة تحت 12]],التسجيل[[#This Row],[المشاركة تحت 11]],التسجيل[[#This Row],[المشاركة تحت 9]],التسجيل[[#This Row],[المشاركة تحت 7 ]],التسجيل[[#This Row],[المشاركة تحت 5]])=0,"لا يوجد تسجيل",IF(((التسجيل[[#This Row],[المشاركة تحت 14]]>=1)*(COUNTIFS(تفاصيل_الفرق[الفئة العمرية],"تحت 14",تفاصيل_الفرق[مدينة منظفة],TRIM(التسجيل[[#This Row],[المدينة]]),تفاصيل_الفرق[مجموعة مكتملة],1)>0))+((التسجيل[[#This Row],[المشاركة تحت 13]]>=1)*(COUNTIFS(تفاصيل_الفرق[الفئة العمرية],"تحت 13",تفاصيل_الفرق[مدينة منظفة],TRIM(التسجيل[[#This Row],[المدينة]]),تفاصيل_الفرق[مجموعة مكتملة],1)>0))+((التسجيل[[#This Row],[المشاركة تحت 12]]>=1)*(COUNTIFS(تفاصيل_الفرق[الفئة العمرية],"تحت 12",تفاصيل_الفرق[مدينة منظفة],TRIM(التسجيل[[#This Row],[المدينة]]),تفاصيل_الفرق[مجموعة مكتملة],1)>0))+((التسجيل[[#This Row],[المشاركة تحت 11]]>=1)*(COUNTIFS(تفاصيل_الفرق[الفئة العمرية],"تحت 11",تفاصيل_الفرق[مدينة منظفة],TRIM(التسجيل[[#This Row],[المدينة]]),تفاصيل_الفرق[مجموعة مكتملة],1)>0))+((التسجيل[[#This Row],[المشاركة تحت 9]]>=1)*(COUNTIFS(تفاصيل_الفرق[الفئة العمرية],"تحت 9",تفاصيل_الفرق[مدينة منظفة],TRIM(التسجيل[[#This Row],[المدينة]]),تفاصيل_الفرق[مجموعة مكتملة],1)>0))+((التسجيل[[#This Row],[المشاركة تحت 7 ]]>=1)*(COUNTIFS(تفاصيل_الفرق[الفئة العمرية],"تحت 7",تفاصيل_الفرق[مدينة منظفة],TRIM(التسجيل[[#This Row],[المدينة]]),تفاصيل_الفرق[مجموعة مكتملة],1)>0))+((التسجيل[[#This Row],[المشاركة تحت 5]]>=1)*(COUNTIFS(تفاصيل_الفرق[الفئة العمرية],"تحت 5",تفاصيل_الفرق[مدينة منظفة],TRIM(التسجيل[[#This Row],[المدينة]]),تفاصيل_الفرق[مجموعة مكتملة],1)>0))=0,"نعم","لا")) -> لا
B14: =B13+1 -> 12 | C14: مدارس الرياض | D14: صالح الخريجي | E14: 503605980 | F14: وادي مسك الرياضي | G14: أكاديمية | H14: الرياض | I14: الرياض | J14: الرياض | K14: 0 | L14: 1 | M14: 2 | N14: 2 | O14: 3 | P14: 1 | Q14: 0 | R14: =IF(SUM(التسجيل[[#This Row],[المشاركة تحت 14]],التسجيل[[#This Row],[المشاركة تحت 13]],التسجيل[[#This Row],[المشاركة تحت 12]],التسجيل[[#This Row],[المشاركة تحت 11]],التسجيل[[#This Row],[المشاركة تحت 9]],التسجيل[[#This Row],[المشاركة تحت 7 ]],التسجيل[[#This Row],[المشاركة تحت 5]])=0,"لا يوجد تسجيل",IF(((التسجيل[[#This Row],[المشاركة تحت 14]]>=1)*(COUNTIFS(تفاصيل_الفرق[الفئة العمرية],"تحت 14",تفاصيل_الفرق[مدينة منظفة],TRIM(التسجيل[[#This Row],[المدينة]]),تفاصيل_الفرق[مجموعة مكتملة],1)>0))+((التسجيل[[#This Row],[المشاركة تحت 13]]>=1)*(COUNTIFS(تفاصيل_الفرق[الفئة العمرية],"تحت 13",تفاصيل_الفرق[مدينة منظفة],TRIM(التسجيل[[#This Row],[المدينة]]),تفاصيل_الفرق[مجموعة مكتملة],1)>0))+((التسجيل[[#This Row],[المشاركة تحت 12]]>=1)*(COUNTIFS(تفاصيل_الفرق[الفئة العمرية],"تحت 12",تفاصيل_الفرق[مدينة منظفة],TRIM(التسجيل[[#This Row],[المدينة]]),تفاصيل_الفرق[مجموعة مكتملة],1)>0))+((التسجيل[[#This Row],[المشاركة تحت 11]]>=1)*(COUNTIFS(تفاصيل_الفرق[الفئة العمرية],"تحت 11",تفاصيل_الفرق[مدينة منظفة],TRIM(التسجيل[[#This Row],[المدينة]]),تفاصيل_الفرق[مجموعة مكتملة],1)>0))+((التسجيل[[#This Row],[المشاركة تحت 9]]>=1)*(COUNTIFS(تفاصيل_الفرق[الفئة العمرية],"تحت 9",تفاصيل_الفرق[مدينة منظفة],TRIM(التسجيل[[#This Row],[المدينة]]),تفاصيل_الفرق[مجموعة مكتملة],1)>0))+((التسجيل[[#This Row],[المشاركة تحت 7 ]]>=1)*(COUNTIFS(تفاصيل_الفرق[الفئة العمرية],"تحت 7",تفاصيل_الفرق[مدينة منظفة],TRIM(التسجيل[[#This Row],[المدينة]]),تفاصيل_الفرق[مجموعة مكتملة],1)>0))+((التسجيل[[#This Row],[المشاركة تحت 5]]>=1)*(COUNTIFS(تفاصيل_الفرق[الفئة العمرية],"تحت 5",تفاصيل_الفرق[مدينة منظفة],TRIM(التسجيل[[#This Row],[المدينة]]),تفاصيل_الفرق[مجموعة مكتملة],1)>0))=0,"نعم","لا")) -> لا
B15: =B14+1 -> 13 | C15: الترجي | D15: نذير رضا المقبل | E15: 550558414 | F15: رديف نادي الترجي | G15: نادي | H15: الشرقية | I15: القطيف | J15: القطيف | K15: 1 | L15: 0 | M15: 1 | N15: 1 | O15: 1 | P15: 1 | Q15: 1 | R15: =IF(SUM(التسجيل[[#This Row],[المشاركة تحت 14]],التسجيل[[#This Row],[المشاركة تحت 13]],التسجيل[[#This Row],[المشاركة تحت 12]],التسجيل[[#This Row],[المشاركة تحت 11]],التسجيل[[#This Row],[المشاركة تحت 9]],التسجيل[[#This Row],[المشاركة تحت 7 ]],التسجيل[[#This Row],[المشاركة تحت 5]])=0,"لا يوجد تسجيل",IF(((التسجيل[[#This Row],[المشاركة تحت 14]]>=1)*(COUNTIFS(تفاصيل_الفرق[الفئة العمرية],"تحت 14",تفاصيل_الفرق[مدينة منظفة],TRIM(التسجيل[[#This Row],[المدينة]]),تفاصيل_الفرق[مجموعة مكتملة],1)>0))+((التسجيل[[#This Row],[المشاركة تحت 13]]>=1)*(COUNTIFS(تفاصيل_الفرق[الفئة العمرية],"تحت 13",تفاصيل_الفرق[مدينة منظفة],TRIM(التسجيل[[#This Row],[المدينة]]),تفاصيل_الفرق[مجموعة مكتملة],1)>0))+((التسجيل[[#This Row],[المشاركة تحت 12]]>=1)*(COUNTIFS(تفاصيل_الفرق[الفئة العمرية],"تحت 12",تفاصيل_الفرق[مدينة منظفة],TRIM(التسجيل[[#This Row],[المدينة]]),تفاصيل_الفرق[مجموعة مكتملة],1)>0))+((التسجيل[[#This Row],[المشاركة تحت 11]]>=1)*(COUNTIFS(تفاصيل_الفرق[الفئة العمرية],"تحت 11",تفاصيل_الفرق[مدينة منظفة],TRIM(التسجيل[[#This Row],[المدينة]]),تفاصيل_الفرق[مجموعة مكتملة],1)>0))+((التسجيل[[#This Row],[المشاركة تحت 9]]>=1)*(COUNTIFS(تفاصيل_الفرق[الفئة العمرية],"تحت 9",تفاصيل_الفرق[مدينة منظفة],TRIM(التسجيل[[#This Row],[المدينة]]),تفاصيل_الفرق[مجموعة مكتملة],1)>0))+((التسجيل[[#This Row],[المشاركة تحت 7 ]]>=1)*(COUNTIFS(تفاصيل_الفرق[الفئة العمرية],"تحت 7",تفاصيل_الفرق[مدينة منظفة],TRIM(التسجيل[[#This Row],[المدينة]]),تفاصيل_الفرق[مجموعة مكتملة],1)>0))+((التسجيل[[#This Row],[المشاركة تحت 5]]>=1)*(COUNTIFS(تفاصيل_الفرق[الفئة العمرية],"تحت 5",تفاصيل_الفرق[مدينة منظفة],TRIM(التسجيل[[#This Row],[المدينة]]),تفاصيل_الفرق[مجموعة مكتملة],1)>0))=0,"نعم","لا")) -> لا
B16: =B15+1 -> 14 | C16: عكاظ | D16: ثامر سعد العتيبي | E16: 530603397 | F16: عكاظ | G16: نادي | H16: مكة المكرمة | I16: الطائف | J16: الطائف | K16: 1 | L16: 1 | M16: 1 | N16: 1 | O16: 1 | P16: 1 | Q16: 1 | R16: =IF(SUM(التسجيل[[#This Row],[المشاركة تحت 14]],التسجيل[[#This Row],[المشاركة تحت 13]],التسجيل[[#This Row],[المشاركة تحت 12]],التسجيل[[#This Row],[المشاركة تحت 11]],التسجيل[[#This Row],[المشاركة تحت 9]],التسجيل[[#This Row],[المشاركة تحت 7 ]],التسجيل[[#This Row],[المشاركة تحت 5]])=0,"لا يوجد تسجيل",IF(((التسجيل[[#This Row],[المشاركة تحت 14]]>=1)*(COUNTIFS(تفاصيل_الفرق[الفئة العمرية],"تحت 14",تفاصيل_الفرق[مدينة منظفة],TRIM(التسجيل[[#This Row],[المدينة]]),تفاصيل_الفرق[مجموعة مكتملة],1)>0))+((التسجيل[[#This Row],[المشاركة تحت 13]]>=1)*(COUNTIFS(تفاصيل_الفرق[الفئة العمرية],"تحت 13",تفاصيل_الفرق[مدينة منظفة],TRIM(التسجيل[[#This Row],[المدينة]]),تفاصيل_الفرق[مجموعة مكتملة],1)>0))+((التسجيل[[#This Row],[المشاركة تحت 12]]>=1)*(COUNTIFS(تفاصيل_الفرق[الفئة العمرية],"تحت 12",تفاصيل_الفرق[مدينة منظفة],TRIM(التسجيل[[#This Row],[المدينة]]),تفاصيل_الفرق[مجموعة مكتملة],1)>0))+((التسجيل[[#This Row],[المشاركة تحت 11]]>=1)*(COUNTIFS(تفاصيل_الفرق[الفئة العمرية],"تحت 11",تفاصيل_الفرق[مدينة منظفة],TRIM(التسجيل[[#This Row],[المدينة]]),تفاصيل_الفرق[مجموعة مكتملة],1)>0))+((التسجيل[[#This Row],[المشاركة تحت 9]]>=1)*(COUNTIFS(تفاصيل_الفرق[الفئة العمرية],"تحت 9",تفاصيل_الفرق[مدينة منظفة],TRIM(التسجيل[[#This Row],[المدينة]]),تفاصيل_الفرق[مجموعة مكتملة],1)>0))+((التسجيل[[#This Row],[المشاركة تحت 7 ]]>=1)*(COUNTIFS(تفاصيل_الفرق[الفئة العمرية],"تحت 7",تفاصيل_الفرق[مدينة منظفة],TRIM(التسجيل[[#This Row],[المدينة]]),تفاصيل_الفرق[مجموعة مكتملة],1)>0))+((التسجيل[[#This Row],[المشاركة تحت 5]]>=1)*(COUNTIFS(تفاصيل_الفرق[الفئة العمرية],"تحت 5",تفاصيل_الفرق[مدينة منظفة],TRIM(التسجيل[[#This Row],[المدينة]]),تفاصيل_الفرق[مجموعة مكتملة],1)>0))=0,"نعم","لا")) -> لا
B17: =B16+1 -> 15 | C17: الطائي | D17: راكان عبدالله الجزاع | E17: 531609486 | F17: الطائي -القديم | G17: نادي | H17: حائل | I17: حائل | J17: حائل | K17: 1 | L17: 1 | M17: 1 | N17: 1 | O17: 1 | P17: 1 | Q17: 1 | R17: =IF(SUM(التسجيل[[#This Row],[المشاركة تحت 14]],التسجيل[[#This Row],[المشاركة تحت 13]],التسجيل[[#This Row],[المشاركة تحت 12]],التسجيل[[#This Row],[المشاركة تحت 11]],التسجيل[[#This Row],[المشاركة تحت 9]],التسجيل[[#This Row],[المشاركة تحت 7 ]],التسجيل[[#This Row],[المشاركة تحت 5]])=0,"لا يوجد تسجيل",IF(((التسجيل[[#This Row],[المشاركة تحت 14]]>=1)*(COUNTIFS(تفاصيل_الفرق[الفئة العمرية],"تحت 14",تفاصيل_الفرق[مدينة منظفة],TRIM(التسجيل[[#This Row],[المدينة]]),تفاصيل_الفرق[مجموعة مكتملة],1)>0))+((التسجيل[[#This Row],[المشاركة تحت 13]]>=1)*(COUNTIFS(تفاصيل_الفرق[الفئة العمرية],"تحت 13",تفاصيل_الفرق[مدينة منظفة],TRIM(التسجيل[[#This Row],[المدينة]]),تفاصيل_الفرق[مجموعة مكتملة],1)>0))+((التسجيل[[#This Row],[المشاركة تحت 12]]>=1)*(COUNTIFS(تفاصيل_الفرق[الفئة العمرية],"تحت 12",تفاصيل_الفرق[مدينة منظفة],TRIM(التسجيل[[#This Row],[المدينة]]),تفاصيل_الفرق[مجموعة مكتملة],1)>0))+((التسجيل[[#This Row],[المشاركة تحت 11]]>=1)*(COUNTIFS(تفاصيل_الفرق[الفئة العمرية],"تحت 11",تفاصيل_الفرق[مدينة منظفة],TRIM(التسجيل[[#This Row],[المدينة]]),تفاصيل_الفرق[مجموعة مكتملة],1)>0))+((التسجيل[[#This Row],[المشاركة تحت 9]]>=1)*(COUNTIFS(تفاصيل_الفرق[الفئة العمرية],"تحت 9",تفاصيل_الفرق[مدينة منظفة],TRIM(التسجيل[[#This Row],[المدينة]]),تفاصيل_الفرق[مجموعة مكتملة],1)>0))+((التسجيل[[#This Row],[المشاركة تحت 7 ]]>=1)*(COUNTIFS(تفاصيل_الفرق[الفئة العمرية],"تحت 7",تفاصيل_الفرق[مدينة منظفة],TRIM(التسجيل[[#This Row],[المدينة]]),تفاصيل_الفرق[مجموعة مكتملة],1)>0))+((التسجيل[[#This Row],[المشاركة تحت 5]]>=1)*(COUNTIFS(تفاصيل_الفرق[الفئة العمرية],"تحت 5",تفاصيل_الفرق[مدينة منظفة],TRIM(التسجيل[[#This Row],[المدينة]]),تفاصيل_الفرق[مجموعة مكتملة],1)>0))=0,"نعم","لا")) -> لا
B18: =B17+1 -> 16 | C18: اي ار سي | D18: عمرو صالح | E18: 542146212 | F18: اي ار سي | G18: أكاديمية | H18: الرياض | I18: الرياض | J18: الرياض | K18: 0 | L18: 0 | M18: 0 | N18: 0 | O18: 0 | P18: 1 | Q18: 0 | R18: =IF(SUM(التسجيل[[#This Row],[المشاركة تحت 14]],التسجيل[[#This Row],[المشاركة تحت 13]],التسجيل[[#This Row],[المشاركة تحت 12]],التسجيل[[#This Row],[المشاركة تحت 11]],التسجيل[[#This Row],[المشاركة تحت 9]],التسجيل[[#This Row],[المشاركة تحت 7 ]],التسجيل[[#This Row],[المشاركة تحت 5]])=0,"لا يوجد تسجيل",IF(((التسجيل[[#This Row],[المشاركة تحت 14]]>=1)*(COUNTIFS(تفاصيل_الفرق[الفئة العمرية],"تحت 14",تفاصيل_الفرق[مدينة منظفة],TRIM(التسجيل[[#This Row],[المدينة]]),تفاصيل_الفرق[مجموعة مكتملة],1)>0))+((التسجيل[[#This Row],[المشاركة تحت 13]]>=1)*(COUNTIFS(تفاصيل_الفرق[الفئة العمرية],"تحت 13",تفاصيل_الفرق[مدينة منظفة],TRIM(التسجيل[[#This Row],[المدينة]]),تفاصيل_الفرق[مجموعة مكتملة],1)>0))+((التسجيل[[#This Row],[المشاركة تحت 12]]>=1)*(COUNTIFS(تفاصيل_الفرق[الفئة العمرية],"تحت 12",تفاصيل_الفرق[مدينة منظفة],TRIM(التسجيل[[#This Row],[المدينة]]),تفاصيل_الفرق[مجموعة مكتملة],1)>0))+((التسجيل[[#This Row],[المشاركة تحت 11]]>=1)*(COUNTIFS(تفاصيل_الفرق[الفئة العمرية],"تحت 11",تفاصيل_الفرق[مدينة منظفة],TRIM(التسجيل[[#This Row],[المدينة]]),تفاصيل_الفرق[مجموعة مكتملة],1)>0))+((التسجيل[[#This Row],[المشاركة تحت 9]]>=1)*(COUNTIFS(تفاصيل_الفرق[الفئة العمرية],"تحت 9",تفاصيل_الفرق[مدينة منظفة],TRIM(التسجيل[[#This Row],[المدينة]]),تفاصيل_الفرق[مجموعة مكتملة],1)>0))+((التسجيل[[#This Row],[المشاركة تحت 7 ]]>=1)*(COUNTIFS(تفاصيل_الفرق[الفئة العمرية],"تحت 7",تفاصيل_الفرق[مدينة منظفة],TRIM(التسجيل[[#This Row],[المدينة]]),تفاصيل_الفرق[مجموعة مكتملة],1)>0))+((التسجيل[[#This Row],[المشاركة تحت 5]]>=1)*(COUNTIFS(تفاصيل_الفرق[الفئة العمرية],"تحت 5",تفاصيل_الفرق[مدينة منظفة],TRIM(التسجيل[[#This Row],[المدينة]]),تفاصيل_الفرق[مجموعة مكتملة],1)>0))=0,"نعم","لا")) -> لا
B19: =B18+1 -> 17 | C19: هجوم أتاك | D19: عبيد عبدالله السبيعي | E19: 533560034 | F19: مونديال عكاظ | G19: أكاديمية | H19: الرياض | I19: الرياض | J19: الرياض | K19: 0 | L19: 1 | M19: 1 | N19: 1 | O19: 0 | P19: 0 | Q19: 0 | R19: =IF(SUM(التسجيل[[#This Row],[المشاركة تحت 14]],التسجيل[[#This Row],[المشاركة تحت 13]],التسجيل[[#This Row],[المشاركة تحت 12]],التسجيل[[#This Row],[المشاركة تحت 11]],التسجيل[[#This Row],[المشاركة تحت 9]],التسجيل[[#This Row],[المشاركة تحت 7 ]],التسجيل[[#This Row],[المشاركة تحت 5]])=0,"لا يوجد تسجيل",IF(((التسجيل[[#This Row],[المشاركة تحت 14]]>=1)*(COUNTIFS(تفاصيل_الفرق[الفئة العمرية],"تحت 14",تفاصيل_الفرق[مدينة منظفة],TRIM(التسجيل[[#This Row],[المدينة]]),تفاصيل_الفرق[مجموعة مكتملة],1)>0))+((التسجيل[[#This Row],[المشاركة تحت 13]]>=1)*(COUNTIFS(تفاصيل_الفرق[الفئة العمرية],"تحت 13",تفاصيل_الفرق[مدينة منظفة],TRIM(التسجيل[[#This Row],[المدينة]]),تفاصيل_الفرق[مجموعة مكتملة],1)>0))+((التسجيل[[#This Row],[المشاركة تحت 12]]>=1)*(COUNTIFS(تفاصيل_الفرق[الفئة العمرية],"تحت 12",تفاصيل_الفرق[مدينة منظفة],TRIM(التسجيل[[#This Row],[المدينة]]),تفاصيل_الفرق[مجموعة مكتملة],1)>0))+((التسجيل[[#This Row],[المشاركة تحت 11]]>=1)*(COUNTIFS(تفاصيل_الفرق[الفئة العمرية],"تحت 11",تفاصيل_الفرق[مدينة منظفة],TRIM(التسجيل[[#This Row],[المدينة]]),تفاصيل_الفرق[مجموعة مكتملة],1)>0))+((التسجيل[[#This Row],[المشاركة تحت 9]]>=1)*(COUNTIFS(تفاصيل_الفرق[الفئة العمرية],"تحت 9",تفاصيل_الفرق[مدينة منظفة],TRIM(التسجيل[[#This Row],[المدينة]]),تفاصيل_الفرق[مجموعة مكتملة],1)>0))+((التسجيل[[#This Row],[المشاركة تحت 7 ]]>=1)*(COUNTIFS(تفاصيل_الفرق[الفئة العمرية],"تحت 7",تفاصيل_الفرق[مدينة منظفة],TRIM(التسجيل[[#This Row],[المدينة]]),تفاصيل_الفرق[مجموعة مكتملة],1)>0))+((التسجيل[[#This Row],[المشاركة تحت 5]]>=1)*(COUNTIFS(تفاصيل_الفرق[الفئة العمرية],"تحت 5",تفاصيل_الفرق[مدينة منظفة],TRIM(التسجيل[[#This Row],[المدينة]]),تفاصيل_الفرق[مجموعة مكتملة],1)>0))=0,"نعم","لا")) -> لا
B20: =B19+1 -> 18 | C20: كات | D20: فاطمة محمد الصالح | E20: 549090796 | F20: اكاديمية كات | G20: أكاديمية | H20: الشرقية | I20: القطيف | J20: القطيف | K20: 0 | L20: 0 | M20: 1 | N20: 1 | O20: 2 | P20: 1 | Q20: 1 | R20: =IF(SUM(التسجيل[[#This Row],[المشاركة تحت 14]],التسجيل[[#This Row],[المشاركة تحت 13]],التسجيل[[#This Row],[المشاركة تحت 12]],التسجيل[[#This Row],[المشاركة تحت 11]],التسجيل[[#This Row],[المشاركة تحت 9]],التسجيل[[#This Row],[المشاركة تحت 7 ]],التسجيل[[#This Row],[المشاركة تحت 5]])=0,"لا يوجد تسجيل",IF(((التسجيل[[#This Row],[المشاركة تحت 14]]>=1)*(COUNTIFS(تفاصيل_الفرق[الفئة العمرية],"تحت 14",تفاصيل_الفرق[مدينة منظفة],TRIM(التسجيل[[#This Row],[المدينة]]),تفاصيل_الفرق[مجموعة مكتملة],1)>0))+((التسجيل[[#This Row],[المشاركة تحت 13]]>=1)*(COUNTIFS(تفاصيل_الفرق[الفئة العمرية],"تحت 13",تفاصيل_الفرق[مدينة منظفة],TRIM(التسجيل[[#This Row],[المدينة]]),تفاصيل_الفرق[مجموعة مكتملة],1)>0))+((التسجيل[[#This Row],[المشاركة تحت 12]]>=1)*(COUNTIFS(تفاصيل_الفرق[الفئة العمرية],"تحت 12",تفاصيل_الفرق[مدينة منظفة],TRIM(التسجيل[[#This Row],[المدينة]]),تفاصيل_الفرق[مجموعة مكتملة],1)>0))+((التسجيل[[#This Row],[المشاركة تحت 11]]>=1)*(COUNTIFS(تفاصيل_الفرق[الفئة العمرية],"تحت 11",تفاصيل_الفرق[مدينة منظفة],TRIM(التسجيل[[#This Row],[المدينة]]),تفاصيل_الفرق[مجموعة مكتملة],1)>0))+((التسجيل[[#This Row],[المشاركة تحت 9]]>=1)*(COUNTIFS(تفاصيل_الفرق[الفئة العمرية],"تحت 9",تفاصيل_الفرق[مدينة منظفة],TRIM(التسجيل[[#This Row],[المدينة]]),تفاصيل_الفرق[مجموعة مكتملة],1)>0))+((التسجيل[[#This Row],[المشاركة تحت 7 ]]>=1)*(COUNTIFS(تفاصيل_الفرق[الفئة العمرية],"تحت 7",تفاصيل_الفرق[مدينة منظفة],TRIM(التسجيل[[#This Row],[المدينة]]),تفاصيل_الفرق[مجموعة مكتملة],1)>0))+((التسجيل[[#This Row],[المشاركة تحت 5]]>=1)*(COUNTIFS(تفاصيل_الفرق[الفئة العمرية],"تحت 5",تفاصيل_الفرق[مدينة منظفة],TRIM(التسجيل[[#This Row],[المدينة]]),تفاصيل_الفرق[مجموعة مكتملة],1)>0))=0,"نعم","لا")) -> لا
B21: =B20+1 -> 19 | C21: الفيصلي | D21: سلمان ناصر ابن ضاوي | E21: 533515111 | F21: استاد مهارة | G21: نادي | H21: القصيم | I21: الرس | J21: الرس | K21: 0 | L21: 0 | M21: 1 | N21: 1 | O21: 1 | P21: 0 | Q21: 0 | R21: =IF(SUM(التسجيل[[#This Row],[المشاركة تحت 14]],التسجيل[[#This Row],[المشاركة تحت 13]],التسجيل[[#This Row],[المشاركة تحت 12]],التسجيل[[#This Row],[المشاركة تحت 11]],التسجيل[[#This Row],[المشاركة تحت 9]],التسجيل[[#This Row],[المشاركة تحت 7 ]],التسجيل[[#This Row],[المشاركة تحت 5]])=0,"لا يوجد تسجيل",IF(((التسجيل[[#This Row],[المشاركة تحت 14]]>=1)*(COUNTIFS(تفاصيل_الفرق[الفئة العمرية],"تحت 14",تفاصيل_الفرق[مدينة منظفة],TRIM(التسجيل[[#This Row],[المدينة]]),تفاصيل_الفرق[مجموعة مكتملة],1)>0))+((التسجيل[[#This Row],[المشاركة تحت 13]]>=1)*(COUNTIFS(تفاصيل_الفرق[الفئة العمرية],"تحت 13",تفاصيل_الفرق[مدينة منظفة],TRIM(التسجيل[[#This Row],[المدينة]]),تفاصيل_الفرق[مجموعة مكتملة],1)>0))+((التسجيل[[#This Row],[المشاركة تحت 12]]>=1)*(COUNTIFS(تفاصيل_الفرق[الفئة العمرية],"تحت 12",تفاصيل_الفرق[مدينة منظفة],TRIM(التسجيل[[#This Row],[المدينة]]),تفاصيل_الفرق[مجموعة مكتملة],1)>0))+((التسجيل[[#This Row],[المشاركة تحت 11]]>=1)*(COUNTIFS(تفاصيل_الفرق[الفئة العمرية],"تحت 11",تفاصيل_الفرق[مدينة منظفة],TRIM(التسجيل[[#This Row],[المدينة]]),تفاصيل_الفرق[مجموعة مكتملة],1)>0))+((التسجيل[[#This Row],[المشاركة تحت 9]]>=1)*(COUNTIFS(تفاصيل_الفرق[الفئة العمرية],"تحت 9",تفاصيل_الفرق[مدينة منظفة],TRIM(التسجيل[[#This Row],[المدينة]]),تفاصيل_الفرق[مجموعة مكتملة],1)>0))+((التسجيل[[#This Row],[المشاركة تحت 7 ]]>=1)*(COUNTIFS(تفاصيل_الفرق[الفئة العمرية],"تحت 7",تفاصيل_الفرق[مدينة منظفة],TRIM(التسجيل[[#This Row],[المدينة]]),تفاصيل_الفرق[مجموعة مكتملة],1)>0))+((التسجيل[[#This Row],[المشاركة تحت 5]]>=1)*(COUNTIFS(تفاصيل_الفرق[الفئة العمرية],"تحت 5",تفاصيل_الفرق[مدينة منظفة],TRIM(التسجيل[[#This Row],[المدينة]]),تفاصيل_الفرق[مجموعة مكتملة],1)>0))=0,"نعم","لا")) -> لا
B22: =B21+1 -> 20 | C22: الجندل | D22: زياد حامد السالم | E22: 558512190 | F22: الجندل | G22: نادي | H22: الجوف | I22: دومة الجندل | J22: الجوف | K22: 1 | L22: 1 | M22: 1 | N22: 1 | O22: 3 | P22: 3 | Q22: 3 | R22: =IF(SUM(التسجيل[[#This Row],[المشاركة تحت 14]],التسجيل[[#This Row],[المشاركة تحت 13]],التسجيل[[#This Row],[المشاركة تحت 12]],التسجيل[[#This Row],[المشاركة تحت 11]],التسجيل[[#This Row],[المشاركة تحت 9]],التسجيل[[#This Row],[المشاركة تحت 7 ]],التسجيل[[#This Row],[المشاركة تحت 5]])=0,"لا يوجد تسجيل",IF(((التسجيل[[#This Row],[المشاركة تحت 14]]>=1)*(COUNTIFS(تفاصيل_الفرق[الفئة العمرية],"تحت 14",تفاصيل_الفرق[مدينة منظفة],TRIM(التسجيل[[#This Row],[المدينة]]),تفاصيل_الفرق[مجموعة مكتملة],1)>0))+((التسجيل[[#This Row],[المشاركة تحت 13]]>=1)*(COUNTIFS(تفاصيل_الفرق[الفئة العمرية],"تحت 13",تفاصيل_الفرق[مدينة منظفة],TRIM(التسجيل[[#This Row],[المدينة]]),تفاصيل_الفرق[مجموعة مكتملة],1)>0))+((التسجيل[[#This Row],[المشاركة تحت 12]]>=1)*(COUNTIFS(تفاصيل_الفرق[الفئة العمرية],"تحت 12",تفاصيل_الفرق[مدينة منظفة],TRIM(التسجيل[[#This Row],[المدينة]]),تفاصيل_الفرق[مجموعة مكتملة],1)>0))+((التسجيل[[#This Row],[المشاركة تحت 11]]>=1)*(COUNTIFS(تفاصيل_الفرق[الفئة العمرية],"تحت 11",تفاصيل_الفرق[مدينة منظفة],TRIM(التسجيل[[#This Row],[المدينة]]),تفاصيل_الفرق[مجموعة مكتملة],1)>0))+((التسجيل[[#This Row],[المشاركة تحت 9]]>=1)*(COUNTIFS(تفاصيل_الفرق[الفئة العمرية],"تحت 9",تفاصيل_الفرق[مدينة منظفة],TRIM(التسجيل[[#This Row],[المدينة]]),تفاصيل_الفرق[مجموعة مكتملة],1)>0))+((التسجيل[[#This Row],[المشاركة تحت 7 ]]>=1)*(COUNTIFS(تفاصيل_الفرق[الفئة العمرية],"تحت 7",تفاصيل_الفرق[مدينة منظفة],TRIM(التسجيل[[#This Row],[المدينة]]),تفاصيل_الفرق[مجموعة مكتملة],1)>0))+((التسجيل[[#This Row],[المشاركة تحت 5]]>=1)*(COUNTIFS(تفاصيل_الفرق[الفئة العمرية],"تحت 5",تفاصيل_الفرق[مدينة منظفة],TRIM(التسجيل[[#This Row],[المدينة]]),تفاصيل_الفرق[مجموعة مكتملة],1)>0))=0,"نعم","لا")) -> لا
... B26: =B25+1 -> 24 | C26: الكالتشيو | D26: مدني الهندي | E26: 566989990 | F26: الكالتشيو | G26: أكاديمية | H26: المدينة المنورة | I26: المدينة المنورة | J26: المدينة المنورة | K26: 1 | L26: 1 | M26: 1 | N26: 1 | O26: 2 | P26: 1 | Q26: 1 | R26: =IF(SUM(التسجيل[[#This Row],[المشاركة تحت 14]],التسجيل[[#This Row],[المشاركة تحت 13]],التسجيل[[#This Row],[المشاركة تحت 12]],التسجيل[[#This Row],[المشاركة تحت 11]],التسجيل[[#This Row],[المشاركة تحت 9]],التسجيل[[#This Row],[المشاركة تحت 7 ]],التسجيل[[#This Row],[المشاركة تحت 5]])=0,"لا يوجد تسجيل",IF(((التسجيل[[#This Row],[المشاركة تحت 14]]>=1)*(COUNTIFS(تفاصيل_الفرق[الفئة العمرية],"تحت 14",تفاصيل_الفرق[مدينة منظفة],TRIM(التسجيل[[#This Row],[المدينة]]),تفاصيل_الفرق[مجموعة مكتملة],1)>0))+((التسجيل[[#This Row],[المشاركة تحت 13]]>=1)*(COUNTIFS(تفاصيل_الفرق[الفئة العمرية],"تحت 13",تفاصيل_الفرق[مدينة منظفة],TRIM(التسجيل[[#This Row],[المدينة]]),تفاصيل_الفرق[مجموعة مكتملة],1)>0))+((التسجيل[[#This Row],[المشاركة تحت 12]]>=1)*(COUNTIFS(تفاصيل_الفرق[الفئة العمرية],"تحت 12",تفاصيل_الفرق[مدينة منظفة],TRIM(التسجيل[[#This Row],[المدينة]]),تفاصيل_الفرق[مجموعة مكتملة],1)>0))+((التسجيل[[#This Row],[المشاركة تحت 11]]>=1)*(COUNTIFS(تفاصيل_الفرق[الفئة العمرية],"تحت 11",تفاصيل_الفرق[مدينة منظفة],TRIM(التسجيل[[#This Row],[المدينة]]),تفاصيل_الفرق[مجموعة مكتملة],1)>0))+((التسجيل[[#This Row],[المشاركة تحت 9]]>=1)*(COUNTIFS(تفاصيل_الفرق[الفئة العمرية],"تحت 9",تفاصيل_الفرق[مدينة منظفة],TRIM(التسجيل[[#This Row],[المدينة]]),تفاصيل_الفرق[مجموعة مكتملة],1)>0))+((التسجيل[[#This Row],[المشاركة تحت 7 ]]>=1)*(COUNTIFS(تفاصيل_الفرق[الفئة العمرية],"تحت 7",تفاصيل_الفرق[مدينة منظفة],TRIM(التسجيل[[#This Row],[المدينة]]),تفاصيل_الفرق[مجموعة مكتملة],1)>0))+((التسجيل[[#This Row],[المشاركة تحت 5]]>=1)*(COUNTIFS(تفاصيل_الفرق[الفئة العمرية],"تحت 5",تفاصيل_الفرق[مدينة منظفة],TRIM(التسجيل[[#This Row],[المدينة]]),تفاصيل_الفرق[مجموعة مكتملة],1)>0))=0,"نعم","لا")) -> لا
B27: =B26+1 -> 25 | C27: الدرعية | D27: ويليام فرانك مانينغ | E27: لايوجد | F27: الامل والمستقبل | G27: نادي | H27: الرياض | I27: الرياض | J27: الرياض | K27: 1 | L27: 0 | M27: 0 | N27: 0 | O27: 1 | P27: 0 | Q27: 0 | R27: =IF(SUM(التسجيل[[#This Row],[المشاركة تحت 14]],التسجيل[[#This Row],[المشاركة تحت 13]],التسجيل[[#This Row],[المشاركة تحت 12]],التسجيل[[#This Row],[المشاركة تحت 11]],التسجيل[[#This Row],[المشاركة تحت 9]],التسجيل[[#This Row],[المشاركة تحت 7 ]],التسجيل[[#This Row],[المشاركة تحت 5]])=0,"لا يوجد تسجيل",IF(((التسجيل[[#This Row],[المشاركة تحت 14]]>=1)*(COUNTIFS(تفاصيل_الفرق[الفئة العمرية],"تحت 14",تفاصيل_الفرق[مدينة منظفة],TRIM(التسجيل[[#This Row],[المدينة]]),تفاصيل_الفرق[مجموعة مكتملة],1)>0))+((التسجيل[[#This Row],[المشاركة تحت 13]]>=1)*(COUNTIFS(تفاصيل_الفرق[الفئة العمرية],"تحت 13",تفاصيل_الفرق[مدينة منظفة],TRIM(التسجيل[[#This Row],[المدينة]]),تفاصيل_الفرق[مجموعة مكتملة],1)>0))+((التسجيل[[#This Row],[المشاركة تحت 12]]>=1)*(COUNTIFS(تفاصيل_الفرق[الفئة العمرية],"تحت 12",تفاصيل_الفرق[مدينة منظفة],TRIM(التسجيل[[#This Row],[المدينة]]),تفاصيل_الفرق[مجموعة مكتملة],1)>0))+((التسجيل[[#This Row],[المشاركة تحت 11]]>=1)*(COUNTIFS(تفاصيل_الفرق[الفئة العمرية],"تحت 11",تفاصيل_الفرق[مدينة منظفة],TRIM(التسجيل[[#This Row],[المدينة]]),تفاصيل_الفرق[مجموعة مكتملة],1)>0))+((التسجيل[[#This Row],[المشاركة تحت 9]]>=1)*(COUNTIFS(تفاصيل_الفرق[الفئة العمرية],"تحت 9",تفاصيل_الفرق[مدينة منظفة],TRIM(التسجيل[[#This Row],[المدينة]]),تفاصيل_الفرق[مجموعة مكتملة],1)>0))+((التسجيل[[#This Row],[المشاركة تحت 7 ]]>=1)*(COUNTIFS(تفاصيل_الفرق[الفئة العمرية],"تحت 7",تفاصيل_الفرق[مدينة منظفة],TRIM(التسجيل[[#This Row],[المدينة]]),تفاصيل_الفرق[مجموعة مكتملة],1)>0))+((التسجيل[[#This Row],[المشاركة تحت 5]]>=1)*(COUNTIFS(تفاصيل_الفرق[الفئة العمرية],"تحت 5",تفاصيل_الفرق[مدينة منظفة],TRIM(التسجيل[[#This Row],[المدينة]]),تفاصيل_الفرق[مجموعة مكتملة],1)>0))=0,"نعم","لا")) -> لا
B28: =B27+1 -> 26 | C28: دريمز إف سي | D28: وليد الهلال | E28: 533777202 | F28: المطوع بارك | G28: أكاديمية | H28: الرياض | I28: الرياض | J28: الرياض | K28: 0 | L28: 0 | M28: 1 | N28: 0 | O28: 1 | P28: 1 | Q28: 0 | R28: =IF(SUM(التسجيل[[#This Row],[المشاركة تحت 14]],التسجيل[[#This Row],[المشاركة تحت 13]],التسجيل[[#This Row],[المشاركة تحت 12]],التسجيل[[#This Row],[المشاركة تحت 11]],التسجيل[[#This Row],[المشاركة تحت 9]],التسجيل[[#This Row],[المشاركة تحت 7 ]],التسجيل[[#This Row],[المشاركة تحت 5]])=0,"لا يوجد تسجيل",IF(((التسجيل[[#This Row],[المشاركة تحت 14]]>=1)*(COUNTIFS(تفاصيل_الفرق[الفئة العمرية],"تحت 14",تفاصيل_الفرق[مدينة منظفة],TRIM(التسجيل[[#This Row],[المدينة]]),تفاصيل_الفرق[مجموعة مكتملة],1)>0))+((التسجيل[[#This Row],[المشاركة تحت 13]]>=1)*(COUNTIFS(تفاصيل_الفرق[الفئة العمرية],"تحت 13",تفاصيل_الفرق[مدينة منظفة],TRIM(التسجيل[[#This Row],[المدينة]]),تفاصيل_الفرق[مجموعة مكتملة],1)>0))+((التسجيل[[#This Row],[المشاركة تحت 12]]>=1)*(COUNTIFS(تفاصيل_الفرق[الفئة العمرية],"تحت 12",تفاصيل_الفرق[مدينة منظفة],TRIM(التسجيل[[#This Row],[المدينة]]),تفاصيل_الفرق[مجموعة مكتملة],1)>0))+((التسجيل[[#This Row],[المشاركة تحت 11]]>=1)*(COUNTIFS(تفاصيل_الفرق[الفئة العمرية],"تحت 11",تفاصيل_الفرق[مدينة منظفة],TRIM(التسجيل[[#This Row],[المدينة]]),تفاصيل_الفرق[مجموعة مكتملة],1)>0))+((التسجيل[[#This Row],[المشاركة تحت 9]]>=1)*(COUNTIFS(تفاصيل_الفرق[الفئة العمرية],"تحت 9",تفاصيل_الفرق[مدينة منظفة],TRIM(التسجيل[[#This Row],[المدينة]]),تفاصيل_الفرق[مجموعة مكتملة],1)>0))+((التسجيل[[#This Row],[المشاركة تحت 7 ]]>=1)*(COUNTIFS(تفاصيل_الفرق[الفئة العمرية],"تحت 7",تفاصيل_الفرق[مدينة منظفة],TRIM(التسجيل[[#This Row],[المدينة]]),تفاصيل_الفرق[مجموعة مكتملة],1)>0))+((التسجيل[[#This Row],[المشاركة تحت 5]]>=1)*(COUNTIFS(تفاصيل_الفرق[الفئة العمرية],"تحت 5",تفاصيل_الفرق[مدينة منظفة],TRIM(التسجيل[[#This Row],[المدينة]]),تفاصيل_الفرق[مجموعة مكتملة],1)>0))=0,"نعم","لا")) -> لا
B29: =B28+1 -> 27 | C29: شباب المروج | D29: خلف الراوي الشمري | E29: 500992928 | F29: ملعب مدينة الامير عبدالله | G29: أكاديمية | H29: الجوف | I29: سكاكا | J29: الجوف | K29: 1 | L29: 0 | M29: 0 | N29: 0 | O29: 0 | P29: 0 | Q29: 0 | R29: =IF(SUM(التسجيل[[#This Row],[المشاركة تحت 14]],التسجيل[[#This Row],[المشاركة تحت 13]],التسجيل[[#This Row],[المشاركة تحت 12]],التسجيل[[#This Row],[المشاركة تحت 11]],التسجيل[[#This Row],[المشاركة تحت 9]],التسجيل[[#This Row],[المشاركة تحت 7 ]],التسجيل[[#This Row],[المشاركة تحت 5]])=0,"لا يوجد تسجيل",IF(((التسجيل[[#This Row],[المشاركة تحت 14]]>=1)*(COUNTIFS(تفاصيل_الفرق[الفئة العمرية],"تحت 14",تفاصيل_الفرق[مدينة منظفة],TRIM(التسجيل[[#This Row],[المدينة]]),تفاصيل_الفرق[مجموعة مكتملة],1)>0))+((التسجيل[[#This Row],[المشاركة تحت 13]]>=1)*(COUNTIFS(تفاصيل_الفرق[الفئة العمرية],"تحت 13",تفاصيل_الفرق[مدينة منظفة],TRIM(التسجيل[[#This Row],[المدينة]]),تفاصيل_الفرق[مجموعة مكتملة],1)>0))+((التسجيل[[#This Row],[المشاركة تحت 12]]>=1)*(COUNTIFS(تفاصيل_الفرق[الفئة العمرية],"تحت 12",تفاصيل_الفرق[مدينة منظفة],TRIM(التسجيل[[#This Row],[المدينة]]),تفاصيل_الفرق[مجموعة مكتملة],1)>0))+((التسجيل[[#This Row],[المشاركة تحت 11]]>=1)*(COUNTIFS(تفاصيل_الفرق[الفئة العمرية],"تحت 11",تفاصيل_الفرق[مدينة منظفة],TRIM(التسجيل[[#This Row],[المدينة]]),تفاصيل_الفرق[مجموعة مكتملة],1)>0))+((التسجيل[[#This Row],[المشاركة تحت 9]]>=1)*(COUNTIFS(تفاصيل_الفرق[الفئة العمرية],"تحت 9",تفاصيل_الفرق[مدينة منظفة],TRIM(التسجيل[[#This Row],[المدينة]]),تفاصيل_الفرق[مجموعة مكتملة],1)>0))+((التسجيل[[#This Row],[المشاركة تحت 7 ]]>=1)*(COUNTIFS(تفاصيل_الفرق[الفئة العمرية],"تحت 7",تفاصيل_الفرق[مدينة منظفة],TRIM(التسجيل[[#This Row],[المدينة]]),تفاصيل_الفرق[مجموعة مكتملة],1)>0))+((التسجيل[[#This Row],[المشاركة تحت 5]]>=1)*(COUNTIFS(تفاصيل_الفرق[الفئة العمرية],"تحت 5",تفاصيل_الفرق[مدينة منظفة],TRIM(التسجيل[[#This Row],[المدينة]]),تفاصيل_الفرق[مجموعة مكتملة],1)>0))=0,"نعم","لا")) -> لا
B30: =B29+1 -> 28 | C30: مهد الرياضية | D30: عبدالله فيصل حماد | E30: 558381111 | F30: الصائغ | G30: أكاديمية | H30: الرياض | I30: الرياض | J30: الرياض | K30: 1 | L30: 0 | M30: 1 | N30: 2 | O30: 1 | P30: 0 | Q30: 0 | R30: =IF(SUM(التسجيل[[#This Row],[المشاركة تحت 14]],التسجيل[[#This Row],[المشاركة تحت 13]],التسجيل[[#This Row],[المشاركة تحت 12]],التسجيل[[#This Row],[المشاركة تحت 11]],التسجيل[[#This Row],[المشاركة تحت 9]],التسجيل[[#This Row],[المشاركة تحت 7 ]],التسجيل[[#This Row],[المشاركة تحت 5]])=0,"لا يوجد تسجيل",IF(((التسجيل[[#This Row],[المشاركة تحت 14]]>=1)*(COUNTIFS(تفاصيل_الفرق[الفئة العمرية],"تحت 14",تفاصيل_الفرق[مدينة منظفة],TRIM(التسجيل[[#This Row],[المدينة]]),تفاصيل_الفرق[مجموعة مكتملة],1)>0))+((التسجيل[[#This Row],[المشاركة تحت 13]]>=1)*(COUNTIFS(تفاصيل_الفرق[الفئة العمرية],"تحت 13",تفاصيل_الفرق[مدينة منظفة],TRIM(التسجيل[[#This Row],[المدينة]]),تفاصيل_الفرق[مجموعة مكتملة],1)>0))+((التسجيل[[#This Row],[المشاركة تحت 12]]>=1)*(COUNTIFS(تفاصيل_الفرق[الفئة العمرية],"تحت 12",تفاصيل_الفرق[مدينة منظفة],TRIM(التسجيل[[#This Row],[المدينة]]),تفاصيل_الفرق[مجموعة مكتملة],1)>0))+((التسجيل[[#This Row],[المشاركة تحت 11]]>=1)*(COUNTIFS(تفاصيل_الفرق[الفئة العمرية],"تحت 11",تفاصيل_الفرق[مدينة منظفة],TRIM(التسجيل[[#This Row],[المدينة]]),تفاصيل_الفرق[مجموعة مكتملة],1)>0))+((التسجيل[[#This Row],[المشاركة تحت 9]]>=1)*(COUNTIFS(تفاصيل_الفرق[الفئة العمرية],"تحت 9",تفاصيل_الفرق[مدينة منظفة],TRIM(التسجيل[[#This Row],[المدينة]]),تفاصيل_الفرق[مجموعة مكتملة],1)>0))+((التسجيل[[#This Row],[المشاركة تحت 7 ]]>=1)*(COUNTIFS(تفاصيل_الفرق[الفئة العمرية],"تحت 7",تفاصيل_الفرق[مدينة منظفة],TRIM(التسجيل[[#This Row],[المدينة]]),تفاصيل_الفرق[مجموعة مكتملة],1)>0))+((التسجيل[[#This Row],[المشاركة تحت 5]]>=1)*(COUNTIFS(تفاصيل_الفرق[الفئة العمرية],"تحت 5",تفاصيل_الفرق[مدينة منظفة],TRIM(التسجيل[[#This Row],[المدينة]]),تفاصيل_الفرق[مجموعة مكتملة],1)>0))=0,"نعم","لا")) -> لا
B31: =B30+1 -> 29 | C31: الذهب الرياضي | D31: سعود محيا المطيري | E31: 500705735 | F31: مهد الذهب | G31: نادي | H31: المدينة المنورة | I31: المدينة المنورة | J31: المدينة المنورة | K31: 1 | L31: 0 | M31: 1 | N31: 0 | O31: 0 | P31: 0 | Q31: 0 | R31: =IF(SUM(التسجيل[[#This Row],[المشاركة تحت 14]],التسجيل[[#This Row],[المشاركة تحت 13]],التسجيل[[#This Row],[المشاركة تحت 12]],التسجيل[[#This Row],[المشاركة تحت 11]],التسجيل[[#This Row],[المشاركة تحت 9]],التسجيل[[#This Row],[المشاركة تحت 7 ]],التسجيل[[#This Row],[المشاركة تحت 5]])=0,"لا يوجد تسجيل",IF(((التسجيل[[#This Row],[المشاركة تحت 14]]>=1)*(COUNTIFS(تفاصيل_الفرق[الفئة العمرية],"تحت 14",تفاصيل_الفرق[مدينة منظفة],TRIM(التسجيل[[#This Row],[المدينة]]),تفاصيل_الفرق[مجموعة مكتملة],1)>0))+((التسجيل[[#This Row],[المشاركة تحت 13]]>=1)*(COUNTIFS(تفاصيل_الفرق[الفئة العمرية],"تحت 13",تفاصيل_الفرق[مدينة منظفة],TRIM(التسجيل[[#This Row],[المدينة]]),تفاصيل_الفرق[مجموعة مكتملة],1)>0))+((التسجيل[[#This Row],[المشاركة تحت 12]]>=1)*(COUNTIFS(تفاصيل_الفرق[الفئة العمرية],"تحت 12",تفاصيل_الفرق[مدينة منظفة],TRIM(التسجيل[[#This Row],[المدينة]]),تفاصيل_الفرق[مجموعة مكتملة],1)>0))+((التسجيل[[#This Row],[المشاركة تحت 11]]>=1)*(COUNTIFS(تفاصيل_الفرق[الفئة العمرية],"تحت 11",تفاصيل_الفرق[مدينة منظفة],TRIM(التسجيل[[#This Row],[المدينة]]),تفاصيل_الفرق[مجموعة مكتملة],1)>0))+((التسجيل[[#This Row],[المشاركة تحت 9]]>=1)*(COUNTIFS(تفاصيل_الفرق[الفئة العمرية],"تحت 9",تفاصيل_الفرق[مدينة منظفة],TRIM(التسجيل[[#This Row],[المدينة]]),تفاصيل_الفرق[مجموعة مكتملة],1)>0))+((التسجيل[[#This Row],[المشاركة تحت 7 ]]>=1)*(COUNTIFS(تفاصيل_الفرق[الفئة العمرية],"تحت 7",تفاصيل_الفرق[مدينة منظفة],TRIM(التسجيل[[#This Row],[المدينة]]),تفاصيل_الفرق[مجموعة مكتملة],1)>0))+((التسجيل[[#This Row],[المشاركة تحت 5]]>=1)*(COUNTIFS(تفاصيل_الفرق[الفئة العمرية],"تحت 5",تفاصيل_الفرق[مدينة منظفة],TRIM(التسجيل[[#This Row],[المدينة]]),تفاصيل_الفرق[مجموعة مكتملة],1)>0))=0,"نعم","لا")) -> لا
B32: =B31+1 -> 30 | C32: الملوك الرياضية | D32: طلال عبدالعزيز العتيبي | E32: 557771151 | F32: لايوجد | G32: أكاديمية | H32: مكة المكرمة | I32: جدة | J32: جدة | K32: 1 | L32: 0 | M32: 0 | N32: 0 | O32: 0 | P32: 0 | Q32: 0 | R32: =IF(SUM(التسجيل[[#This Row],[المشاركة تحت 14]],التسجيل[[#This Row],[المشاركة تحت 13]],التسجيل[[#This Row],[المشاركة تحت 12]],التسجيل[[#This Row],[المشاركة تحت 11]],التسجيل[[#This Row],[المشاركة تحت 9]],التسجيل[[#This Row],[المشاركة تحت 7 ]],التسجيل[[#This Row],[المشاركة تحت 5]])=0,"لا يوجد تسجيل",IF(((التسجيل[[#This Row],[المشاركة تحت 14]]>=1)*(COUNTIFS(تفاصيل_الفرق[الفئة العمرية],"تحت 14",تفاصيل_الفرق[مدينة منظفة],TRIM(التسجيل[[#This Row],[المدينة]]),تفاصيل_الفرق[مجموعة مكتملة],1)>0))+((التسجيل[[#This Row],[المشاركة تحت 13]]>=1)*(COUNTIFS(تفاصيل_الفرق[الفئة العمرية],"تحت 13",تفاصيل_الفرق[مدينة منظفة],TRIM(التسجيل[[#This Row],[المدينة]]),تفاصيل_الفرق[مجموعة مكتملة],1)>0))+((التسجيل[[#This Row],[المشاركة تحت 12]]>=1)*(COUNTIFS(تفاصيل_الفرق[الفئة العمرية],"تحت 12",تفاصيل_الفرق[مدينة منظفة],TRIM(التسجيل[[#This Row],[المدينة]]),تفاصيل_الفرق[مجموعة مكتملة],1)>0))+((التسجيل[[#This Row],[المشاركة تحت 11]]>=1)*(COUNTIFS(تفاصيل_الفرق[الفئة العمرية],"تحت 11",تفاصيل_الفرق[مدينة منظفة],TRIM(التسجيل[[#This Row],[المدينة]]),تفاصيل_الفرق[مجموعة مكتملة],1)>0))+((التسجيل[[#This Row],[المشاركة تحت 9]]>=1)*(COUNTIFS(تفاصيل_الفرق[الفئة العمرية],"تحت 9",تفاصيل_الفرق[مدينة منظفة],TRIM(التسجيل[[#This Row],[المدينة]]),تفاصيل_الفرق[مجموعة مكتملة],1)>0))+((التسجيل[[#This Row],[المشاركة تحت 7 ]]>=1)*(COUNTIFS(تفاصيل_الفرق[الفئة العمرية],"تحت 7",تفاصيل_الفرق[مدينة منظفة],TRIM(التسجيل[[#This Row],[المدينة]]),تفاصيل_الفرق[مجموعة مكتملة],1)>0))+((التسجيل[[#This Row],[المشاركة تحت 5]]>=1)*(COUNTIFS(تفاصيل_الفرق[الفئة العمرية],"تحت 5",تفاصيل_الفرق[مدينة منظفة],TRIM(التسجيل[[#This Row],[المدينة]]),تفاصيل_الفرق[مجموعة مكتملة],1)>0))=0,"نعم","لا")) -> لا
B33: =B32+1 -> 31 | C33: الرياض | D33: تركي عبدالله الحمودي | E33: 500008200 | F33: الانجيلة بنادي الرياض | G33: نادي | H33: الرياض | I33: الرياض | J33: الرياض | K33: 1 | L33: 1 | M33: 1 | N33: 1 | O33: 0 | P33: 0 | Q33: 0 | R33: =IF(SUM(التسجيل[[#This Row],[المشاركة تحت 14]],التسجيل[[#This Row],[المشاركة تحت 13]],التسجيل[[#This Row],[المشاركة تحت 12]],التسجيل[[#This Row],[المشاركة تحت 11]],التسجيل[[#This Row],[المشاركة تحت 9]],التسجيل[[#This Row],[المشاركة تحت 7 ]],التسجيل[[#This Row],[المشاركة تحت 5]])=0,"لا يوجد تسجيل",IF(((التسجيل[[#This Row],[المشاركة تحت 14]]>=1)*(COUNTIFS(تفاصيل_الفرق[الفئة العمرية],"تحت 14",تفاصيل_الفرق[مدينة منظفة],TRIM(التسجيل[[#This Row],[المدينة]]),تفاصيل_الفرق[مجموعة مكتملة],1)>0))+((التسجيل[[#This Row],[المشاركة تحت 13]]>=1)*(COUNTIFS(تفاصيل_الفرق[الفئة العمرية],"تحت 13",تفاصيل_الفرق[مدينة منظفة],TRIM(التسجيل[[#This Row],[المدينة]]),تفاصيل_الفرق[مجموعة مكتملة],1)>0))+((التسجيل[[#This Row],[المشاركة تحت 12]]>=1)*(COUNTIFS(تفاصيل_الفرق[الفئة العمرية],"تحت 12",تفاصيل_الفرق[مدينة منظفة],TRIM(التسجيل[[#This Row],[المدينة]]),تفاصيل_الفرق[مجموعة مكتملة],1)>0))+((التسجيل[[#This Row],[المشاركة تحت 11]]>=1)*(COUNTIFS(تفاصيل_الفرق[الفئة العمرية],"تحت 11",تفاصيل_الفرق[مدينة منظفة],TRIM(التسجيل[[#This Row],[المدينة]]),تفاصيل_الفرق[مجموعة مكتملة],1)>0))+((التسجيل[[#This Row],[المشاركة تحت 9]]>=1)*(COUNTIFS(تفاصيل_الفرق[الفئة العمرية],"تحت 9",تفاصيل_الفرق[مدينة منظفة],TRIM(التسجيل[[#This Row],[المدينة]]),تفاصيل_الفرق[مجموعة مكتملة],1)>0))+((التسجيل[[#This Row],[المشاركة تحت 7 ]]>=1)*(COUNTIFS(تفاصيل_الفرق[الفئة العمرية],"تحت 7",تفاصيل_الفرق[مدينة منظفة],TRIM(التسجيل[[#This Row],[المدينة]]),تفاصيل_الفرق[مجموعة مكتملة],1)>0))+((التسجيل[[#This Row],[المشاركة تحت 5]]>=1)*(COUNTIFS(تفاصيل_الفرق[الفئة العمرية],"تحت 5",تفاصيل_الفرق[مدينة منظفة],TRIM(التسجيل[[#This Row],[المدينة]]),تفاصيل_الفرق[مجموعة مكتملة],1)>0))=0,"نعم","لا")) -> لا
B34: =B33+1 -> 32 | C34: مواهب الخالدية | D34: خالد محمد الاحمري | E34: 500426629 | F34: نجوم الملاعب | G34: أكاديمية | H34: الرياض | I34: الرياض | J34: الرياض | K34: 0 | L34: 0 | M34: 0 | N34: 1 | O34: 1 | P34: 1 | Q34: 0 | R34: =IF(SUM(التسجيل[[#This Row],[المشاركة تحت 14]],التسجيل[[#This Row],[المشاركة تحت 13]],التسجيل[[#This Row],[المشاركة تحت 12]],التسجيل[[#This Row],[المشاركة تحت 11]],التسجيل[[#This Row],[المشاركة تحت 9]],التسجيل[[#This Row],[المشاركة تحت 7 ]],التسجيل[[#This Row],[المشاركة تحت 5]])=0,"لا يوجد تسجيل",IF(((التسجيل[[#This Row],[المشاركة تحت 14]]>=1)*(COUNTIFS(تفاصيل_الفرق[الفئة العمرية],"تحت 14",تفاصيل_الفرق[مدينة منظفة],TRIM(التسجيل[[#This Row],[المدينة]]),تفاصيل_الفرق[مجموعة مكتملة],1)>0))+((التسجيل[[#This Row],[المشاركة تحت 13]]>=1)*(COUNTIFS(تفاصيل_الفرق[الفئة العمرية],"تحت 13",تفاصيل_الفرق[مدينة منظفة],TRIM(التسجيل[[#This Row],[المدينة]]),تفاصيل_الفرق[مجموعة مكتملة],1)>0))+((التسجيل[[#This Row],[المشاركة تحت 12]]>=1)*(COUNTIFS(تفاصيل_الفرق[الفئة العمرية],"تحت 12",تفاصيل_الفرق[مدينة منظفة],TRIM(التسجيل[[#This Row],[المدينة]]),تفاصيل_الفرق[مجموعة مكتملة],1)>0))+((التسجيل[[#This Row],[المشاركة تحت 11]]>=1)*(COUNTIFS(تفاصيل_الفرق[الفئة العمرية],"تحت 11",تفاصيل_الفرق[مدينة منظفة],TRIM(التسجيل[[#This Row],[المدينة]]),تفاصيل_الفرق[مجموعة مكتملة],1)>0))+((التسجيل[[#This Row],[المشاركة تحت 9]]>=1)*(COUNTIFS(تفاصيل_الفرق[الفئة العمرية],"تحت 9",تفاصيل_الفرق[مدينة منظفة],TRIM(التسجيل[[#This Row],[المدينة]]),تفاصيل_الفرق[مجموعة مكتملة],1)>0))+((التسجيل[[#This Row],[المشاركة تحت 7 ]]>=1)*(COUNTIFS(تفاصيل_الفرق[الفئة العمرية],"تحت 7",تفاصيل_الفرق[مدينة منظفة],TRIM(التسجيل[[#This Row],[المدينة]]),تفاصيل_الفرق[مجموعة مكتملة],1)>0))+((التسجيل[[#This Row],[المشاركة تحت 5]]>=1)*(COUNTIFS(تفاصيل_الفرق[الفئة العمرية],"تحت 5",تفاصيل_الفرق[مدينة منظفة],TRIM(التسجيل[[#This Row],[المدينة]]),تفاصيل_الفرق[مجموعة مكتملة],1)>0))=0,"نعم","لا")) -> لا
B35: =B34+1 -> 33 | C35: أشبال البراعم | D35: منصور فوزي الدوسري | E35: 547639991 | F35: فور غروث | G35: أكاديمية | H35: الشرقية | I35: الدمام | J35: الشرقية | K35: 0 | L35: 1 | M35: 1 | N35: 1 | O35: 1 | P35: 1 | Q35: 0 | R35: =IF(SUM(التسجيل[[#This Row],[المشاركة تحت 14]],التسجيل[[#This Row],[المشاركة تحت 13]],التسجيل[[#This Row],[المشاركة تحت 12]],التسجيل[[#This Row],[المشاركة تحت 11]],التسجيل[[#This Row],[المشاركة تحت 9]],التسجيل[[#This Row],[المشاركة تحت 7 ]],التسجيل[[#This Row],[المشاركة تحت 5]])=0,"لا يوجد تسجيل",IF(((التسجيل[[#This Row],[المشاركة تحت 14]]>=1)*(COUNTIFS(تفاصيل_الفرق[الفئة العمرية],"تحت 14",تفاصيل_الفرق[مدينة منظفة],TRIM(التسجيل[[#This Row],[المدينة]]),تفاصيل_الفرق[مجموعة مكتملة],1)>0))+((التسجيل[[#This Row],[المشاركة تحت 13]]>=1)*(COUNTIFS(تفاصيل_الفرق[الفئة العمرية],"تحت 13",تفاصيل_الفرق[مدينة منظفة],TRIM(التسجيل[[#This Row],[المدينة]]),تفاصيل_الفرق[مجموعة مكتملة],1)>0))+((التسجيل[[#This Row],[المشاركة تحت 12]]>=1)*(COUNTIFS(تفاصيل_الفرق[الفئة العمرية],"تحت 12",تفاصيل_الفرق[مدينة منظفة],TRIM(التسجيل[[#This Row],[المدينة]]),تفاصيل_الفرق[مجموعة مكتملة],1)>0))+((التسجيل[[#This Row],[المشاركة تحت 11]]>=1)*(COUNTIFS(تفاصيل_الفرق[الفئة العمرية],"تحت 11",تفاصيل_الفرق[مدينة منظفة],TRIM(التسجيل[[#This Row],[المدينة]]),تفاصيل_الفرق[مجموعة مكتملة],1)>0))+((التسجيل[[#This Row],[المشاركة تحت 9]]>=1)*(COUNTIFS(تفاصيل_الفرق[الفئة العمرية],"تحت 9",تفاصيل_الفرق[مدينة منظفة],TRIM(التسجيل[[#This Row],[المدينة]]),تفاصيل_الفرق[مجموعة مكتملة],1)>0))+((التسجيل[[#This Row],[المشاركة تحت 7 ]]>=1)*(COUNTIFS(تفاصيل_الفرق[الفئة العمرية],"تحت 7",تفاصيل_الفرق[مدينة منظفة],TRIM(التسجيل[[#This Row],[المدينة]]),تفاصيل_الفرق[مجموعة مكتملة],1)>0))+((التسجيل[[#This Row],[المشاركة تحت 5]]>=1)*(COUNTIFS(تفاصيل_الفرق[الفئة العمرية],"تحت 5",تفاصيل_الفرق[مدينة منظفة],TRIM(التسجيل[[#This Row],[المدينة]]),تفاصيل_الفرق[مجموعة مكتملة],1)>0))=0,"نعم","لا")) -> لا
B36: =B35+1 -> 34 | C36: المحيط | D36: سالم منصور السليمان | E36: 597611102 | F36: المحيط | G36: نادي | H36: الشرقية | I36: القطيف | J36: القطيف | K36: 0 | L36: 1 | M36: 1 | N36: 1 | O36: 0 | P36: 0 | Q36: 0 | R36: =IF(SUM(التسجيل[[#This Row],[المشاركة تحت 14]],التسجيل[[#This Row],[المشاركة تحت 13]],التسجيل[[#This Row],[المشاركة تحت 12]],التسجيل[[#This Row],[المشاركة تحت 11]],التسجيل[[#This Row],[المشاركة تحت 9]],التسجيل[[#This Row],[المشاركة تحت 7 ]],التسجيل[[#This Row],[المشاركة تحت 5]])=0,"لا يوجد تسجيل",IF(((التسجيل[[#This Row],[المشاركة تحت 14]]>=1)*(COUNTIFS(تفاصيل_الفرق[الفئة العمرية],"تحت 14",تفاصيل_الفرق[مدينة منظفة],TRIM(التسجيل[[#This Row],[المدينة]]),تفاصيل_الفرق[مجموعة مكتملة],1)>0))+((التسجيل[[#This Row],[المشاركة تحت 13]]>=1)*(COUNTIFS(تفاصيل_الفرق[الفئة العمرية],"تحت 13",تفاصيل_الفرق[مدينة منظفة],TRIM(التسجيل[[#This Row],[المدينة]]),تفاصيل_الفرق[مجموعة مكتملة],1)>0))+((التسجيل[[#This Row],[المشاركة تحت 12]]>=1)*(COUNTIFS(تفاصيل_الفرق[الفئة العمرية],"تحت 12",تفاصيل_الفرق[مدينة منظفة],TRIM(التسجيل[[#This Row],[المدينة]]),تفاصيل_الفرق[مجموعة مكتملة],1)>0))+((التسجيل[[#This Row],[المشاركة تحت 11]]>=1)*(COUNTIFS(تفاصيل_الفرق[الفئة العمرية],"تحت 11",تفاصيل_الفرق[مدينة منظفة],TRIM(التسجيل[[#This Row],[المدينة]]),تفاصيل_الفرق[مجموعة مكتملة],1)>0))+((التسجيل[[#This Row],[المشاركة تحت 9]]>=1)*(COUNTIFS(تفاصيل_الفرق[الفئة العمرية],"تحت 9",تفاصيل_الفرق[مدينة منظفة],TRIM(التسجيل[[#This Row],[المدينة]]),تفاصيل_الفرق[مجموعة مكتملة],1)>0))+((التسجيل[[#This Row],[المشاركة تحت 7 ]]>=1)*(COUNTIFS(تفاصيل_الفرق[الفئة العمرية],"تحت 7",تفاصيل_الفرق[مدينة منظفة],TRIM(التسجيل[[#This Row],[المدينة]]),تفاصيل_الفرق[مجموعة مكتملة],1)>0))+((التسجيل[[#This Row],[المشاركة تحت 5]]>=1)*(COUNTIFS(تفاصيل_الفرق[الفئة العمرية],"تحت 5",تفاصيل_الفرق[مدينة منظفة],TRIM(التسجيل[[#This Row],[المدينة]]),تفاصيل_الفرق[مجموعة مكتملة],1)>0))=0,"نعم","لا")) -> لا
B37: =B36+1 -> 35 | C37: الرواد الرياضية | D37: عبدالله معدي ال عوض | E37: 555969798 | F37: الرواد ارينا | G37: أكاديمية | H37: عسير | I37: خميس مشيط | J37: عسير | K37: 1 | L37: 1 | M37: 0 | N37: 1 | O37: 1 | P37: 0 | Q37: 0 | R37: =IF(SUM(التسجيل[[#This Row],[المشاركة تحت 14]],التسجيل[[#This Row],[المشاركة تحت 13]],التسجيل[[#This Row],[المشاركة تحت 12]],التسجيل[[#This Row],[المشاركة تحت 11]],التسجيل[[#This Row],[المشاركة تحت 9]],التسجيل[[#This Row],[المشاركة تحت 7 ]],التسجيل[[#This Row],[المشاركة تحت 5]])=0,"لا يوجد تسجيل",IF(((التسجيل[[#This Row],[المشاركة تحت 14]]>=1)*(COUNTIFS(تفاصيل_الفرق[الفئة العمرية],"تحت 14",تفاصيل_الفرق[مدينة منظفة],TRIM(التسجيل[[#This Row],[المدينة]]),تفاصيل_الفرق[مجموعة مكتملة],1)>0))+((التسجيل[[#This Row],[المشاركة تحت 13]]>=1)*(COUNTIFS(تفاصيل_الفرق[الفئة العمرية],"تحت 13",تفاصيل_الفرق[مدينة منظفة],TRIM(التسجيل[[#This Row],[المدينة]]),تفاصيل_الفرق[مجموعة مكتملة],1)>0))+((التسجيل[[#This Row],[المشاركة تحت 12]]>=1)*(COUNTIFS(تفاصيل_الفرق[الفئة العمرية],"تحت 12",تفاصيل_الفرق[مدينة منظفة],TRIM(التسجيل[[#This Row],[المدينة]]),تفاصيل_الفرق[مجموعة مكتملة],1)>0))+((التسجيل[[#This Row],[المشاركة تحت 11]]>=1)*(COUNTIFS(تفاصيل_الفرق[الفئة العمرية],"تحت 11",تفاصيل_الفرق[مدينة منظفة],TRIM(التسجيل[[#This Row],[المدينة]]),تفاصيل_الفرق[مجموعة مكتملة],1)>0))+((التسجيل[[#This Row],[المشاركة تحت 9]]>=1)*(COUNTIFS(تفاصيل_الفرق[الفئة العمرية],"تحت 9",تفاصيل_الفرق[مدينة منظفة],TRIM(التسجيل[[#This Row],[المدينة]]),تفاصيل_الفرق[مجموعة مكتملة],1)>0))+((التسجيل[[#This Row],[المشاركة تحت 7 ]]>=1)*(COUNTIFS(تفاصيل_الفرق[الفئة العمرية],"تحت 7",تفاصيل_الفرق[مدينة منظفة],TRIM(التسجيل[[#This Row],[المدينة]]),تفاصيل_الفرق[مجموعة مكتملة],1)>0))+((التسجيل[[#This Row],[المشاركة تحت 5]]>=1)*(COUNTIFS(تفاصيل_الفرق[الفئة العمرية],"تحت 5",تفاصيل_الفرق[مدينة منظفة],TRIM(التسجيل[[#This Row],[المدينة]]),تفاصيل_الفرق[مجموعة مكتملة],1)>0))=0,"نعم","لا")) -> لا
B38: =B37+1 -> 36 | C38: الانطلاق | D38: طلال الهريش الرويلي | E38: 530384363 | F38: الانطلاق | G38: نادي | H38: الجوف | I38: سكاكا | J38: الجوف | K38: 1 | L38: 0 | M38: 1 | N38: 1 | O38: 2 | P38: 2 | Q38: 2 | R38: =IF(SUM(التسجيل[[#This Row],[المشاركة تحت 14]],التسجيل[[#This Row],[المشاركة تحت 13]],التسجيل[[#This Row],[المشاركة تحت 12]],التسجيل[[#This Row],[المشاركة تحت 11]],التسجيل[[#This Row],[المشاركة تحت 9]],التسجيل[[#This Row],[المشاركة تحت 7 ]],التسجيل[[#This Row],[المشاركة تحت 5]])=0,"لا يوجد تسجيل",IF(((التسجيل[[#This Row],[المشاركة تحت 14]]>=1)*(COUNTIFS(تفاصيل_الفرق[الفئة العمرية],"تحت 14",تفاصيل_الفرق[مدينة منظفة],TRIM(التسجيل[[#This Row],[المدينة]]),تفاصيل_الفرق[مجموعة مكتملة],1)>0))+((التسجيل[[#This Row],[المشاركة تحت 13]]>=1)*(COUNTIFS(تفاصيل_الفرق[الفئة العمرية],"تحت 13",تفاصيل_الفرق[مدينة منظفة],TRIM(التسجيل[[#This Row],[المدينة]]),تفاصيل_الفرق[مجموعة مكتملة],1)>0))+((التسجيل[[#This Row],[المشاركة تحت 12]]>=1)*(COUNTIFS(تفاصيل_الفرق[الفئة العمرية],"تحت 12",تفاصيل_الفرق[مدينة منظفة],TRIM(التسجيل[[#This Row],[المدينة]]),تفاصيل_الفرق[مجموعة مكتملة],1)>0))+((التسجيل[[#This Row],[المشاركة تحت 11]]>=1)*(COUNTIFS(تفاصيل_الفرق[الفئة العمرية],"تحت 11",تفاصيل_الفرق[مدينة منظفة],TRIM(التسجيل[[#This Row],[المدينة]]),تفاصيل_الفرق[مجموعة مكتملة],1)>0))+((التسجيل[[#This Row],[المشاركة تحت 9]]>=1)*(COUNTIFS(تفاصيل_الفرق[الفئة العمرية],"تحت 9",تفاصيل_الفرق[مدينة منظفة],TRIM(التسجيل[[#This Row],[المدينة]]),تفاصيل_الفرق[مجموعة مكتملة],1)>0))+((التسجيل[[#This Row],[المشاركة تحت 7 ]]>=1)*(COUNTIFS(تفاصيل_الفرق[الفئة العمرية],"تحت 7",تفاصيل_الفرق[مدينة منظفة],TRIM(التسجيل[[#This Row],[المدينة]]),تفاصيل_الفرق[مجموعة مكتملة],1)>0))+((التسجيل[[#This Row],[المشاركة تحت 5]]>=1)*(COUNTIFS(تفاصيل_الفرق[الفئة العمرية],"تحت 5",تفاصيل_الفرق[مدينة منظفة],TRIM(التسجيل[[#This Row],[المدينة]]),تفاصيل_الفرق[مجموعة مكتملة],1)>0))=0,"نعم","لا")) -> لا
B39: =B38+1 -> 37 | C39: الجبلين | D39: سالم محمد الراجح | E39: 503172526 | F39: رديف نادي الجبلين | G39: نادي | H39: حائل | I39: حائل | J39: حائل | K39: 1 | L39: 1 | M39: 1 | N39: 1 | O39: 1 | P39: 1 | Q39: 1 | R39: =IF(SUM(التسجيل[[#This Row],[المشاركة تحت 14]],التسجيل[[#This Row],[المشاركة تحت 13]],التسجيل[[#This Row],[المشاركة تحت 12]],التسجيل[[#This Row],[المشاركة تحت 11]],التسجيل[[#This Row],[المشاركة تحت 9]],التسجيل[[#This Row],[المشاركة تحت 7 ]],التسجيل[[#This Row],[المشاركة تحت 5]])=0,"لا يوجد تسجيل",IF(((التسجيل[[#This Row],[المشاركة تحت 14]]>=1)*(COUNTIFS(تفاصيل_الفرق[الفئة العمرية],"تحت 14",تفاصيل_الفرق[مدينة منظفة],TRIM(التسجيل[[#This Row],[المدينة]]),تفاصيل_الفرق[مجموعة مكتملة],1)>0))+((التسجيل[[#This Row],[المشاركة تحت 13]]>=1)*(COUNTIFS(تفاصيل_الفرق[الفئة العمرية],"تحت 13",تفاصيل_الفرق[مدينة منظفة],TRIM(التسجيل[[#This Row],[المدينة]]),تفاصيل_الفرق[مجموعة مكتملة],1)>0))+((التسجيل[[#This Row],[المشاركة تحت 12]]>=1)*(COUNTIFS(تفاصيل_الفرق[الفئة العمرية],"تحت 12",تفاصيل_الفرق[مدينة منظفة],TRIM(التسجيل[[#This Row],[المدينة]]),تفاصيل_الفرق[مجموعة مكتملة],1)>0))+((التسجيل[[#This Row],[المشاركة تحت 11]]>=1)*(COUNTIFS(تفاصيل_الفرق[الفئة العمرية],"تحت 11",تفاصيل_الفرق[مدينة منظفة],TRIM(التسجيل[[#This Row],[المدينة]]),تفاصيل_الفرق[مجموعة مكتملة],1)>0))+((التسجيل[[#This Row],[المشاركة تحت 9]]>=1)*(COUNTIFS(تفاصيل_الفرق[الفئة العمرية],"تحت 9",تفاصيل_الفرق[مدينة منظفة],TRIM(التسجيل[[#This Row],[المدينة]]),تفاصيل_الفرق[مجموعة مكتملة],1)>0))+((التسجيل[[#This Row],[المشاركة تحت 7 ]]>=1)*(COUNTIFS(تفاصيل_الفرق[الفئة العمرية],"تحت 7",تفاصيل_الفرق[مدينة منظفة],TRIM(التسجيل[[#This Row],[المدينة]]),تفاصيل_الفرق[مجموعة مكتملة],1)>0))+((التسجيل[[#This Row],[المشاركة تحت 5]]>=1)*(COUNTIFS(تفاصيل_الفرق[الفئة العمرية],"تحت 5",تفاصيل_الفرق[مدينة منظفة],TRIM(التسجيل[[#This Row],[المدينة]]),تفاصيل_الفرق[مجموعة مكتملة],1)>0))=0,"نعم","لا")) -> لا
... B71: =B70+1 -> 69 | C71: اكاديمية لاتين | D71: سيف الغامدي | E71: 543644757 | F71: ملعب الشاطئ | G71: أكاديمية | H71: مكة المكرمة | I71: جدة | J71: جدة | K71: 1 | L71: 0 | M71: 2 | N71: 0 | O71: 0 | P71: 0 | Q71: 0 | R71: =IF(SUM(التسجيل[[#This Row],[المشاركة تحت 14]],التسجيل[[#This Row],[المشاركة تحت 13]],التسجيل[[#This Row],[المشاركة تحت 12]],التسجيل[[#This Row],[المشاركة تحت 11]],التسجيل[[#This Row],[المشاركة تحت 9]],التسجيل[[#This Row],[المشاركة تحت 7 ]],التسجيل[[#This Row],[المشاركة تحت 5]])=0,"لا يوجد تسجيل",IF(((التسجيل[[#This Row],[المشاركة تحت 14]]>=1)*(COUNTIFS(تفاصيل_الفرق[الفئة العمرية],"تحت 14",تفاصيل_الفرق[مدينة منظفة],TRIM(التسجيل[[#This Row],[المدينة]]),تفاصيل_الفرق[مجموعة مكتملة],1)>0))+((التسجيل[[#This Row],[المشاركة تحت 13]]>=1)*(COUNTIFS(تفاصيل_الفرق[الفئة العمرية],"تحت 13",تفاصيل_الفرق[مدينة منظفة],TRIM(التسجيل[[#This Row],[المدينة]]),تفاصيل_الفرق[مجموعة مكتملة],1)>0))+((التسجيل[[#This Row],[المشاركة تحت 12]]>=1)*(COUNTIFS(تفاصيل_الفرق[الفئة العمرية],"تحت 12",تفاصيل_الفرق[مدينة منظفة],TRIM(التسجيل[[#This Row],[المدينة]]),تفاصيل_الفرق[مجموعة مكتملة],1)>0))+((التسجيل[[#This Row],[المشاركة تحت 11]]>=1)*(COUNTIFS(تفاصيل_الفرق[الفئة العمرية],"تحت 11",تفاصيل_الفرق[مدينة منظفة],TRIM(التسجيل[[#This Row],[المدينة]]),تفاصيل_الفرق[مجموعة مكتملة],1)>0))+((التسجيل[[#This Row],[المشاركة تحت 9]]>=1)*(COUNTIFS(تفاصيل_الفرق[الفئة العمرية],"تحت 9",تفاصيل_الفرق[مدينة منظفة],TRIM(التسجيل[[#This Row],[المدينة]]),تفاصيل_الفرق[مجموعة مكتملة],1)>0))+((التسجيل[[#This Row],[المشاركة تحت 7 ]]>=1)*(COUNTIFS(تفاصيل_الفرق[الفئة العمرية],"تحت 7",تفاصيل_الفرق[مدينة منظفة],TRIM(التسجيل[[#This Row],[المدينة]]),تفاصيل_الفرق[مجموعة مكتملة],1)>0))+((التسجيل[[#This Row],[المشاركة تحت 5]]>=1)*(COUNTIFS(تفاصيل_الفرق[الفئة العمرية],"تحت 5",تفاصيل_الفرق[مدينة منظفة],TRIM(التسجيل[[#This Row],[المدينة]]),تفاصيل_الفرق[مجموعة مكتملة],1)>0))=0,"نعم","لا")) -> لا
B72: =B71+1 -> 70 | C72: m 1 | D72: موسى علي جمعة | E72: 510301850 | F72: لايوجد | G72: هواة | H72: المدينة المنورة | I72: المدينة المنورة | J72: المدينة المنورة | K72: 0 | L72: 0 | M72: 1 | N72: 1 | O72: 1 | P72: 0 | Q72: 0 | R72: =IF(SUM(التسجيل[[#This Row],[المشاركة تحت 14]],التسجيل[[#This Row],[المشاركة تحت 13]],التسجيل[[#This Row],[المشاركة تحت 12]],التسجيل[[#This Row],[المشاركة تحت 11]],التسجيل[[#This Row],[المشاركة تحت 9]],التسجيل[[#This Row],[المشاركة تحت 7 ]],التسجيل[[#This Row],[المشاركة تحت 5]])=0,"لا يوجد تسجيل",IF(((التسجيل[[#This Row],[المشاركة تحت 14]]>=1)*(COUNTIFS(تفاصيل_الفرق[الفئة العمرية],"تحت 14",تفاصيل_الفرق[مدينة منظفة],TRIM(التسجيل[[#This Row],[المدينة]]),تفاصيل_الفرق[مجموعة مكتملة],1)>0))+((التسجيل[[#This Row],[المشاركة تحت 13]]>=1)*(COUNTIFS(تفاصيل_الفرق[الفئة العمرية],"تحت 13",تفاصيل_الفرق[مدينة منظفة],TRIM(التسجيل[[#This Row],[المدينة]]),تفاصيل_الفرق[مجموعة مكتملة],1)>0))+((التسجيل[[#This Row],[المشاركة تحت 12]]>=1)*(COUNTIFS(تفاصيل_الفرق[الفئة العمرية],"تحت 12",تفاصيل_الفرق[مدينة منظفة],TRIM(التسجيل[[#This Row],[المدينة]]),تفاصيل_الفرق[مجموعة مكتملة],1)>0))+((التسجيل[[#This Row],[المشاركة تحت 11]]>=1)*(COUNTIFS(تفاصيل_الفرق[الفئة العمرية],"تحت 11",تفاصيل_الفرق[مدينة منظفة],TRIM(التسجيل[[#This Row],[المدينة]]),تفاصيل_الفرق[مجموعة مكتملة],1)>0))+((التسجيل[[#This Row],[المشاركة تحت 9]]>=1)*(COUNTIFS(تفاصيل_الفرق[الفئة العمرية],"تحت 9",تفاصيل_الفرق[مدينة منظفة],TRIM(التسجيل[[#This Row],[المدينة]]),تفاصيل_الفرق[مجموعة مكتملة],1)>0))+((التسجيل[[#This Row],[المشاركة تحت 7 ]]>=1)*(COUNTIFS(تفاصيل_الفرق[الفئة العمرية],"تحت 7",تفاصيل_الفرق[مدينة منظفة],TRIM(التسجيل[[#This Row],[المدينة]]),تفاصيل_الفرق[مجموعة مكتملة],1)>0))+((التسجيل[[#This Row],[المشاركة تحت 5]]>=1)*(COUNTIFS(تفاصيل_الفرق[الفئة العمرية],"تحت 5",تفاصيل_الفرق[مدينة منظفة],TRIM(التسجيل[[#This Row],[المدينة]]),تفاصيل_الفرق[مجموعة مكتملة],1)>0))=0,"نعم","لا")) -> لا | T72: نعم
B73: =B72+1 -> 71 | C73: الحزم جول | D73: ايهاب | E73: 542890420 | F73: لايوجد | G73: أكاديمية | H73: الرياض | I73: الرياض | J73: الرياض | K73: 0 | L73: 0 | M73: 1 | N73: 1 | O73: 1 | P73: 1 | Q73: 0 | R73: =IF(SUM(التسجيل[[#This Row],[المشاركة تحت 14]],التسجيل[[#This Row],[المشاركة تحت 13]],التسجيل[[#This Row],[المشاركة تحت 12]],التسجيل[[#This Row],[المشاركة تحت 11]],التسجيل[[#This Row],[المشاركة تحت 9]],التسجيل[[#This Row],[المشاركة تحت 7 ]],التسجيل[[#This Row],[المشاركة تحت 5]])=0,"لا يوجد تسجيل",IF(((التسجيل[[#This Row],[المشاركة تحت 14]]>=1)*(COUNTIFS(تفاصيل_الفرق[الفئة العمرية],"تحت 14",تفاصيل_الفرق[مدينة منظفة],TRIM(التسجيل[[#This Row],[المدينة]]),تفاصيل_الفرق[مجموعة مكتملة],1)>0))+((التسجيل[[#This Row],[المشاركة تحت 13]]>=1)*(COUNTIFS(تفاصيل_الفرق[الفئة العمرية],"تحت 13",تفاصيل_الفرق[مدينة منظفة],TRIM(التسجيل[[#This Row],[المدينة]]),تفاصيل_الفرق[مجموعة مكتملة],1)>0))+((التسجيل[[#This Row],[المشاركة تحت 12]]>=1)*(COUNTIFS(تفاصيل_الفرق[الفئة العمرية],"تحت 12",تفاصيل_الفرق[مدينة منظفة],TRIM(التسجيل[[#This Row],[المدينة]]),تفاصيل_الفرق[مجموعة مكتملة],1)>0))+((التسجيل[[#This Row],[المشاركة تحت 11]]>=1)*(COUNTIFS(تفاصيل_الفرق[الفئة العمرية],"تحت 11",تفاصيل_الفرق[مدينة منظفة],TRIM(التسجيل[[#This Row],[المدينة]]),تفاصيل_الفرق[مجموعة مكتملة],1)>0))+((التسجيل[[#This Row],[المشاركة تحت 9]]>=1)*(COUNTIFS(تفاصيل_الفرق[الفئة العمرية],"تحت 9",تفاصيل_الفرق[مدينة منظفة],TRIM(التسجيل[[#This Row],[المدينة]]),تفاصيل_الفرق[مجموعة مكتملة],1)>0))+((التسجيل[[#This Row],[المشاركة تحت 7 ]]>=1)*(COUNTIFS(تفاصيل_الفرق[الفئة العمرية],"تحت 7",تفاصيل_الفرق[مدينة منظفة],TRIM(التسجيل[[#This Row],[المدينة]]),تفاصيل_الفرق[مجموعة مكتملة],1)>0))+((التسجيل[[#This Row],[المشاركة تحت 5]]>=1)*(COUNTIFS(تفاصيل_الفرق[الفئة العمرية],"تحت 5",تفاصيل_الفرق[مدينة منظفة],TRIM(التسجيل[[#This Row],[المدينة]]),تفاصيل_الفرق[مجموعة مكتملة],1)>0))=0,"نعم","لا")) -> لا
B74: =B73+1 -> 72 | C74: المنار | D74: عبدالعزيز الشوشان | E74: 505219942 | F74: المطوع | G74: أكاديمية | H74: الرياض | I74: الرياض | J74: الرياض | K74: 0 | L74: 0 | M74: 1 | N74: 0 | O74: 0 | P74: 0 | Q74: 0 | R74: =IF(SUM(التسجيل[[#This Row],[المشاركة تحت 14]],التسجيل[[#This Row],[المشاركة تحت 13]],التسجيل[[#This Row],[المشاركة تحت 12]],التسجيل[[#This Row],[المشاركة تحت 11]],التسجيل[[#This Row],[المشاركة تحت 9]],التسجيل[[#This Row],[المشاركة تحت 7 ]],التسجيل[[#This Row],[المشاركة تحت 5]])=0,"لا يوجد تسجيل",IF(((التسجيل[[#This Row],[المشاركة تحت 14]]>=1)*(COUNTIFS(تفاصيل_الفرق[الفئة العمرية],"تحت 14",تفاصيل_الفرق[مدينة منظفة],TRIM(التسجيل[[#This Row],[المدينة]]),تفاصيل_الفرق[مجموعة مكتملة],1)>0))+((التسجيل[[#This Row],[المشاركة تحت 13]]>=1)*(COUNTIFS(تفاصيل_الفرق[الفئة العمرية],"تحت 13",تفاصيل_الفرق[مدينة منظفة],TRIM(التسجيل[[#This Row],[المدينة]]),تفاصيل_الفرق[مجموعة مكتملة],1)>0))+((التسجيل[[#This Row],[المشاركة تحت 12]]>=1)*(COUNTIFS(تفاصيل_الفرق[الفئة العمرية],"تحت 12",تفاصيل_الفرق[مدينة منظفة],TRIM(التسجيل[[#This Row],[المدينة]]),تفاصيل_الفرق[مجموعة مكتملة],1)>0))+((التسجيل[[#This Row],[المشاركة تحت 11]]>=1)*(COUNTIFS(تفاصيل_الفرق[الفئة العمرية],"تحت 11",تفاصيل_الفرق[مدينة منظفة],TRIM(التسجيل[[#This Row],[المدينة]]),تفاصيل_الفرق[مجموعة مكتملة],1)>0))+((التسجيل[[#This Row],[المشاركة تحت 9]]>=1)*(COUNTIFS(تفاصيل_الفرق[الفئة العمرية],"تحت 9",تفاصيل_الفرق[مدينة منظفة],TRIM(التسجيل[[#This Row],[المدينة]]),تفاصيل_الفرق[مجموعة مكتملة],1)>0))+((التسجيل[[#This Row],[المشاركة تحت 7 ]]>=1)*(COUNTIFS(تفاصيل_الفرق[الفئة العمرية],"تحت 7",تفاصيل_الفرق[مدينة منظفة],TRIM(التسجيل[[#This Row],[المدينة]]),تفاصيل_الفرق[مجموعة مكتملة],1)>0))+((التسجيل[[#This Row],[المشاركة تحت 5]]>=1)*(COUNTIFS(تفاصيل_الفرق[الفئة العمرية],"تحت 5",تفاصيل_الفرق[مدينة منظفة],TRIM(التسجيل[[#This Row],[المدينة]]),تفاصيل_الفرق[مجموعة مكتملة],1)>0))=0,"نعم","لا")) -> لا
B75: =B74+1 -> 73 | C75: اوتو مكة | D75: عمار عبدالله محمد | E75: 540782434 | F75: لايوجد | G75: هواة | H75: مكة المكرمة | I75: مكة المكرمة | J75: مكة المكرمة | K75: 1 | L75: 1 | M75: 1 | N75: 1 | O75: 1 | P75: 1 | Q75: 1 | R75: =IF(SUM(التسجيل[[#This Row],[المشاركة تحت 14]],التسجيل[[#This Row],[المشاركة تحت 13]],التسجيل[[#This Row],[المشاركة تحت 12]],التسجيل[[#This Row],[المشاركة تحت 11]],التسجيل[[#This Row],[المشاركة تحت 9]],التسجيل[[#This Row],[المشاركة تحت 7 ]],التسجيل[[#This Row],[المشاركة تحت 5]])=0,"لا يوجد تسجيل",IF(((التسجيل[[#This Row],[المشاركة تحت 14]]>=1)*(COUNTIFS(تفاصيل_الفرق[الفئة العمرية],"تحت 14",تفاصيل_الفرق[مدينة منظفة],TRIM(التسجيل[[#This Row],[المدينة]]),تفاصيل_الفرق[مجموعة مكتملة],1)>0))+((التسجيل[[#This Row],[المشاركة تحت 13]]>=1)*(COUNTIFS(تفاصيل_الفرق[الفئة العمرية],"تحت 13",تفاصيل_الفرق[مدينة منظفة],TRIM(التسجيل[[#This Row],[المدينة]]),تفاصيل_الفرق[مجموعة مكتملة],1)>0))+((التسجيل[[#This Row],[المشاركة تحت 12]]>=1)*(COUNTIFS(تفاصيل_الفرق[الفئة العمرية],"تحت 12",تفاصيل_الفرق[مدينة منظفة],TRIM(التسجيل[[#This Row],[المدينة]]),تفاصيل_الفرق[مجموعة مكتملة],1)>0))+((التسجيل[[#This Row],[المشاركة تحت 11]]>=1)*(COUNTIFS(تفاصيل_الفرق[الفئة العمرية],"تحت 11",تفاصيل_الفرق[مدينة منظفة],TRIM(التسجيل[[#This Row],[المدينة]]),تفاصيل_الفرق[مجموعة مكتملة],1)>0))+((التسجيل[[#This Row],[المشاركة تحت 9]]>=1)*(COUNTIFS(تفاصيل_الفرق[الفئة العمرية],"تحت 9",تفاصيل_الفرق[مدينة منظفة],TRIM(التسجيل[[#This Row],[المدينة]]),تفاصيل_الفرق[مجموعة مكتملة],1)>0))+((التسجيل[[#This Row],[المشاركة تحت 7 ]]>=1)*(COUNTIFS(تفاصيل_الفرق[الفئة العمرية],"تحت 7",تفاصيل_الفرق[مدينة منظفة],TRIM(التسجيل[[#This Row],[المدينة]]),تفاصيل_الفرق[مجموعة مكتملة],1)>0))+((التسجيل[[#This Row],[المشاركة تحت 5]]>=1)*(COUNTIFS(تفاصيل_الفرق[الفئة العمرية],"تحت 5",تفاصيل_الفرق[مدينة منظفة],TRIM(التسجيل[[#This Row],[المدينة]]),تفاصيل_الفرق[مجموعة مكتملة],1)>0))=0,"نعم","لا")) -> لا | T75: نعم
B76: =B75+1 -> 74 | C76: الفيصلية | D76: فوزي لمنجومي | E76: 500003807 | F76: الفيصلية | G76: أكاديمية | H76: مكة المكرمة | I76: جدة | J76: جدة | K76: 0 | L76: 0 | M76: 1 | N76: 0 | O76: 1 | P76: 0 | Q76: 0 | R76: =IF(SUM(التسجيل[[#This Row],[المشاركة تحت 14]],التسجيل[[#This Row],[المشاركة تحت 13]],التسجيل[[#This Row],[المشاركة تحت 12]],التسجيل[[#This Row],[المشاركة تحت 11]],التسجيل[[#This Row],[المشاركة تحت 9]],التسجيل[[#This Row],[المشاركة تحت 7 ]],التسجيل[[#This Row],[المشاركة تحت 5]])=0,"لا يوجد تسجيل",IF(((التسجيل[[#This Row],[المشاركة تحت 14]]>=1)*(COUNTIFS(تفاصيل_الفرق[الفئة العمرية],"تحت 14",تفاصيل_الفرق[مدينة منظفة],TRIM(التسجيل[[#This Row],[المدينة]]),تفاصيل_الفرق[مجموعة مكتملة],1)>0))+((التسجيل[[#This Row],[المشاركة تحت 13]]>=1)*(COUNTIFS(تفاصيل_الفرق[الفئة العمرية],"تحت 13",تفاصيل_الفرق[مدينة منظفة],TRIM(التسجيل[[#This Row],[المدينة]]),تفاصيل_الفرق[مجموعة مكتملة],1)>0))+((التسجيل[[#This Row],[المشاركة تحت 12]]>=1)*(COUNTIFS(تفاصيل_الفرق[الفئة العمرية],"تحت 12",تفاصيل_الفرق[مدينة منظفة],TRIM(التسجيل[[#This Row],[المدينة]]),تفاصيل_الفرق[مجموعة مكتملة],1)>0))+((التسجيل[[#This Row],[المشاركة تحت 11]]>=1)*(COUNTIFS(تفاصيل_الفرق[الفئة العمرية],"تحت 11",تفاصيل_الفرق[مدينة منظفة],TRIM(التسجيل[[#This Row],[المدينة]]),تفاصيل_الفرق[مجموعة مكتملة],1)>0))+((التسجيل[[#This Row],[المشاركة تحت 9]]>=1)*(COUNTIFS(تفاصيل_الفرق[الفئة العمرية],"تحت 9",تفاصيل_الفرق[مدينة منظفة],TRIM(التسجيل[[#This Row],[المدينة]]),تفاصيل_الفرق[مجموعة مكتملة],1)>0))+((التسجيل[[#This Row],[المشاركة تحت 7 ]]>=1)*(COUNTIFS(تفاصيل_الفرق[الفئة العمرية],"تحت 7",تفاصيل_الفرق[مدينة منظفة],TRIM(التسجيل[[#This Row],[المدينة]]),تفاصيل_الفرق[مجموعة مكتملة],1)>0))+((التسجيل[[#This Row],[المشاركة تحت 5]]>=1)*(COUNTIFS(تفاصيل_الفرق[الفئة العمرية],"تحت 5",تفاصيل_الفرق[مدينة منظفة],TRIM(التسجيل[[#This Row],[المدينة]]),تفاصيل_الفرق[مجموعة مكتملة],1)>0))=0,"نعم","لا")) -> لا
B77: =B76+1 -> 75 | C77: الامام يعقوب | D77: بدر قالط المطيري | E77: 560071810 | F77: لايوجد | G77: هواة | H77: المدينة المنورة | I77: المدينة المنورة | J77: المدينة المنورة | K77: 0 | L77: 0 | M77: 0 | N77: 0 | O77: 1 | P77: 0 | Q77: 0 | R77: =IF(SUM(التسجيل[[#This Row],[المشاركة تحت 14]],التسجيل[[#This Row],[المشاركة تحت 13]],التسجيل[[#This Row],[المشاركة تحت 12]],التسجيل[[#This Row],[المشاركة تحت 11]],التسجيل[[#This Row],[المشاركة تحت 9]],التسجيل[[#This Row],[المشاركة تحت 7 ]],التسجيل[[#This Row],[المشاركة تحت 5]])=0,"لا يوجد تسجيل",IF(((التسجيل[[#This Row],[المشاركة تحت 14]]>=1)*(COUNTIFS(تفاصيل_الفرق[الفئة العمرية],"تحت 14",تفاصيل_الفرق[مدينة منظفة],TRIM(التسجيل[[#This Row],[المدينة]]),تفاصيل_الفرق[مجموعة مكتملة],1)>0))+((التسجيل[[#This Row],[المشاركة تحت 13]]>=1)*(COUNTIFS(تفاصيل_الفرق[الفئة العمرية],"تحت 13",تفاصيل_الفرق[مدينة منظفة],TRIM(التسجيل[[#This Row],[المدينة]]),تفاصيل_الفرق[مجموعة مكتملة],1)>0))+((التسجيل[[#This Row],[المشاركة تحت 12]]>=1)*(COUNTIFS(تفاصيل_الفرق[الفئة العمرية],"تحت 12",تفاصيل_الفرق[مدينة منظفة],TRIM(التسجيل[[#This Row],[المدينة]]),تفاصيل_الفرق[مجموعة مكتملة],1)>0))+((التسجيل[[#This Row],[المشاركة تحت 11]]>=1)*(COUNTIFS(تفاصيل_الفرق[الفئة العمرية],"تحت 11",تفاصيل_الفرق[مدينة منظفة],TRIM(التسجيل[[#This Row],[المدينة]]),تفاصيل_الفرق[مجموعة مكتملة],1)>0))+((التسجيل[[#This Row],[المشاركة تحت 9]]>=1)*(COUNTIFS(تفاصيل_الفرق[الفئة العمرية],"تحت 9",تفاصيل_الفرق[مدينة منظفة],TRIM(التسجيل[[#This Row],[المدينة]]),تفاصيل_الفرق[مجموعة مكتملة],1)>0))+((التسجيل[[#This Row],[المشاركة تحت 7 ]]>=1)*(COUNTIFS(تفاصيل_الفرق[الفئة العمرية],"تحت 7",تفاصيل_الفرق[مدينة منظفة],TRIM(التسجيل[[#This Row],[المدينة]]),تفاصيل_الفرق[مجموعة مكتملة],1)>0))+((التسجيل[[#This Row],[المشاركة تحت 5]]>=1)*(COUNTIFS(تفاصيل_الفرق[الفئة العمرية],"تحت 5",تفاصيل_الفرق[مدينة منظفة],TRIM(التسجيل[[#This Row],[المدينة]]),تفاصيل_الفرق[مجموعة مكتملة],1)>0))=0,"نعم","لا")) -> لا | S77: لم يتم السداد | T77: نعم
B78: =B77+1 -> 76 | C78: الغد | D78: عبدالعزيز عطية عشوي | E78: 537560942 | F78: لايوجد | G78: هواة | H78: الرياض | I78: الرياض | J78: الرياض | K78: 1 | L78: 0 | M78: 0 | N78: 0 | O78: 0 | P78: 0 | Q78: 0 | R78: =IF(SUM(التسجيل[[#This Row],[المشاركة تحت 14]],التسجيل[[#This Row],[المشاركة تحت 13]],التسجيل[[#This Row],[المشاركة تحت 12]],التسجيل[[#This Row],[المشاركة تحت 11]],التسجيل[[#This Row],[المشاركة تحت 9]],التسجيل[[#This Row],[المشاركة تحت 7 ]],التسجيل[[#This Row],[المشاركة تحت 5]])=0,"لا يوجد تسجيل",IF(((التسجيل[[#This Row],[المشاركة تحت 14]]>=1)*(COUNTIFS(تفاصيل_الفرق[الفئة العمرية],"تحت 14",تفاصيل_الفرق[مدينة منظفة],TRIM(التسجيل[[#This Row],[المدينة]]),تفاصيل_الفرق[مجموعة مكتملة],1)>0))+((التسجيل[[#This Row],[المشاركة تحت 13]]>=1)*(COUNTIFS(تفاصيل_الفرق[الفئة العمرية],"تحت 13",تفاصيل_الفرق[مدينة منظفة],TRIM(التسجيل[[#This Row],[المدينة]]),تفاصيل_الفرق[مجموعة مكتملة],1)>0))+((التسجيل[[#This Row],[المشاركة تحت 12]]>=1)*(COUNTIFS(تفاصيل_الفرق[الفئة العمرية],"تحت 12",تفاصيل_الفرق[مدينة منظفة],TRIM(التسجيل[[#This Row],[المدينة]]),تفاصيل_الفرق[مجموعة مكتملة],1)>0))+((التسجيل[[#This Row],[المشاركة تحت 11]]>=1)*(COUNTIFS(تفاصيل_الفرق[الفئة العمرية],"تحت 11",تفاصيل_الفرق[مدينة منظفة],TRIM(التسجيل[[#This Row],[المدينة]]),تفاصيل_الفرق[مجموعة مكتملة],1)>0))+((التسجيل[[#This Row],[المشاركة تحت 9]]>=1)*(COUNTIFS(تفاصيل_الفرق[الفئة العمرية],"تحت 9",تفاصيل_الفرق[مدينة منظفة],TRIM(التسجيل[[#This Row],[المدينة]]),تفاصيل_الفرق[مجموعة مكتملة],1)>0))+((التسجيل[[#This Row],[المشاركة تحت 7 ]]>=1)*(COUNTIFS(تفاصيل_الفرق[الفئة العمرية],"تحت 7",تفاصيل_الفرق[مدينة منظفة],TRIM(التسجيل[[#This Row],[المدينة]]),تفاصيل_الفرق[مجموعة مكتملة],1)>0))+((التسجيل[[#This Row],[المشاركة تحت 5]]>=1)*(COUNTIFS(تفاصيل_الفرق[الفئة العمرية],"تحت 5",تفاصيل_الفرق[مدينة منظفة],TRIM(التسجيل[[#This Row],[المدينة]]),تفاصيل_الفرق[مجموعة مكتملة],1)>0))=0,"نعم","لا")) -> لا | S78: لم يتم السداد | T78: نعم
B79: =B78+1 -> 77 | C79: جسر النجوم | D79: سعود السعود | E79: 558122658 | F79: لايوجد | G79: هواة | H79: الرياض | I79: الرياض | J79: الرياض | K79: 1 | L79: 0 | M79: 0 | N79: 0 | O79: 0 | P79: 0 | Q79: 0 | R79: =IF(SUM(التسجيل[[#This Row],[المشاركة تحت 14]],التسجيل[[#This Row],[المشاركة تحت 13]],التسجيل[[#This Row],[المشاركة تحت 12]],التسجيل[[#This Row],[المشاركة تحت 11]],التسجيل[[#This Row],[المشاركة تحت 9]],التسجيل[[#This Row],[المشاركة تحت 7 ]],التسجيل[[#This Row],[المشاركة تحت 5]])=0,"لا يوجد تسجيل",IF(((التسجيل[[#This Row],[المشاركة تحت 14]]>=1)*(COUNTIFS(تفاصيل_الفرق[الفئة العمرية],"تحت 14",تفاصيل_الفرق[مدينة منظفة],TRIM(التسجيل[[#This Row],[المدينة]]),تفاصيل_الفرق[مجموعة مكتملة],1)>0))+((التسجيل[[#This Row],[المشاركة تحت 13]]>=1)*(COUNTIFS(تفاصيل_الفرق[الفئة العمرية],"تحت 13",تفاصيل_الفرق[مدينة منظفة],TRIM(التسجيل[[#This Row],[المدينة]]),تفاصيل_الفرق[مجموعة مكتملة],1)>0))+((التسجيل[[#This Row],[المشاركة تحت 12]]>=1)*(COUNTIFS(تفاصيل_الفرق[الفئة العمرية],"تحت 12",تفاصيل_الفرق[مدينة منظفة],TRIM(التسجيل[[#This Row],[المدينة]]),تفاصيل_الفرق[مجموعة مكتملة],1)>0))+((التسجيل[[#This Row],[المشاركة تحت 11]]>=1)*(COUNTIFS(تفاصيل_الفرق[الفئة العمرية],"تحت 11",تفاصيل_الفرق[مدينة منظفة],TRIM(التسجيل[[#This Row],[المدينة]]),تفاصيل_الفرق[مجموعة مكتملة],1)>0))+((التسجيل[[#This Row],[المشاركة تحت 9]]>=1)*(COUNTIFS(تفاصيل_الفرق[الفئة العمرية],"تحت 9",تفاصيل_الفرق[مدينة منظفة],TRIM(التسجيل[[#This Row],[المدينة]]),تفاصيل_الفرق[مجموعة مكتملة],1)>0))+((التسجيل[[#This Row],[المشاركة تحت 7 ]]>=1)*(COUNTIFS(تفاصيل_الفرق[الفئة العمرية],"تحت 7",تفاصيل_الفرق[مدينة منظفة],TRIM(التسجيل[[#This Row],[المدينة]]),تفاصيل_الفرق[مجموعة مكتملة],1)>0))+((التسجيل[[#This Row],[المشاركة تحت 5]]>=1)*(COUNTIFS(تفاصيل_الفرق[الفئة العمرية],"تحت 5",تفاصيل_الفرق[مدينة منظفة],TRIM(التسجيل[[#This Row],[المدينة]]),تفاصيل_الفرق[مجموعة مكتملة],1)>0))=0,"نعم","لا")) -> لا | T79: نعم
B80: =#REF!+1 -> #REF! | C80: فيفا املج | D80: رضا علي الجهني | E80: 566580588 | F80: لايوجد | G80: هواة | H80: تبوك | I80: أملج | J80: تبوك | K80: 0 | L80: 0 | M80: 1 | N80: 0 | O80: 0 | P80: 0 | Q80: 0 | R80: =IF(SUM(التسجيل[[#This Row],[المشاركة تحت 14]],التسجيل[[#This Row],[المشاركة تحت 13]],التسجيل[[#This Row],[المشاركة تحت 12]],التسجيل[[#This Row],[المشاركة تحت 11]],التسجيل[[#This Row],[المشاركة تحت 9]],التسجيل[[#This Row],[المشاركة تحت 7 ]],التسجيل[[#This Row],[المشاركة تحت 5]])=0,"لا يوجد تسجيل",IF(((التسجيل[[#This Row],[المشاركة تحت 14]]>=1)*(COUNTIFS(تفاصيل_الفرق[الفئة العمرية],"تحت 14",تفاصيل_الفرق[مدينة منظفة],TRIM(التسجيل[[#This Row],[المدينة]]),تفاصيل_الفرق[مجموعة مكتملة],1)>0))+((التسجيل[[#This Row],[المشاركة تحت 13]]>=1)*(COUNTIFS(تفاصيل_الفرق[الفئة العمرية],"تحت 13",تفاصيل_الفرق[مدينة منظفة],TRIM(التسجيل[[#This Row],[المدينة]]),تفاصيل_الفرق[مجموعة مكتملة],1)>0))+((التسجيل[[#This Row],[المشاركة تحت 12]]>=1)*(COUNTIFS(تفاصيل_الفرق[الفئة العمرية],"تحت 12",تفاصيل_الفرق[مدينة منظفة],TRIM(التسجيل[[#This Row],[المدينة]]),تفاصيل_الفرق[مجموعة مكتملة],1)>0))+((التسجيل[[#This Row],[المشاركة تحت 11]]>=1)*(COUNTIFS(تفاصيل_الفرق[الفئة العمرية],"تحت 11",تفاصيل_الفرق[مدينة منظفة],TRIM(التسجيل[[#This Row],[المدينة]]),تفاصيل_الفرق[مجموعة مكتملة],1)>0))+((التسجيل[[#This Row],[المشاركة تحت 9]]>=1)*(COUNTIFS(تفاصيل_الفرق[الفئة العمرية],"تحت 9",تفاصيل_الفرق[مدينة منظفة],TRIM(التسجيل[[#This Row],[المدينة]]),تفاصيل_الفرق[مجموعة مكتملة],1)>0))+((التسجيل[[#This Row],[المشاركة تحت 7 ]]>=1)*(COUNTIFS(تفاصيل_الفرق[الفئة العمرية],"تحت 7",تفاصيل_الفرق[مدينة منظفة],TRIM(التسجيل[[#This Row],[المدينة]]),تفاصيل_الفرق[مجموعة مكتملة],1)>0))+((التسجيل[[#This Row],[المشاركة تحت 5]]>=1)*(COUNTIFS(تفاصيل_الفرق[الفئة العمرية],"تحت 5",تفاصيل_الفرق[مدينة منظفة],TRIM(التسجيل[[#This Row],[المدينة]]),تفاصيل_الفرق[مجموعة مكتملة],1)>0))=0,"نعم","لا")) -> لا | S80: لم يتم السداد | T80: نعم
B81: =B80+1 -> #REF! | C81: أحلام الريان | D81: حسن محمد | E81: 545585613 | F81: لايوجد | G81: هواة | H81: جازان | I81: أحد المسارحة | J81: جازان | K81: 1 | L81: 0 | M81: 0 | N81: 0 | O81: 0 | P81: 0 | Q81: 0 | R81: =IF(SUM(التسجيل[[#This Row],[المشاركة تحت 14]],التسجيل[[#This Row],[المشاركة تحت 13]],التسجيل[[#This Row],[المشاركة تحت 12]],التسجيل[[#This Row],[المشاركة تحت 11]],التسجيل[[#This Row],[المشاركة تحت 9]],التسجيل[[#This Row],[المشاركة تحت 7 ]],التسجيل[[#This Row],[المشاركة تحت 5]])=0,"لا يوجد تسجيل",IF(((التسجيل[[#This Row],[المشاركة تحت 14]]>=1)*(COUNTIFS(تفاصيل_الفرق[الفئة العمرية],"تحت 14",تفاصيل_الفرق[مدينة منظفة],TRIM(التسجيل[[#This Row],[المدينة]]),تفاصيل_الفرق[مجموعة مكتملة],1)>0))+((التسجيل[[#This Row],[المشاركة تحت 13]]>=1)*(COUNTIFS(تفاصيل_الفرق[الفئة العمرية],"تحت 13",تفاصيل_الفرق[مدينة منظفة],TRIM(التسجيل[[#This Row],[المدينة]]),تفاصيل_الفرق[مجموعة مكتملة],1)>0))+((التسجيل[[#This Row],[المشاركة تحت 12]]>=1)*(COUNTIFS(تفاصيل_الفرق[الفئة العمرية],"تحت 12",تفاصيل_الفرق[مدينة منظفة],TRIM(التسجيل[[#This Row],[المدينة]]),تفاصيل_الفرق[مجموعة مكتملة],1)>0))+((التسجيل[[#This Row],[المشاركة تحت 11]]>=1)*(COUNTIFS(تفاصيل_الفرق[الفئة العمرية],"تحت 11",تفاصيل_الفرق[مدينة منظفة],TRIM(التسجيل[[#This Row],[المدينة]]),تفاصيل_الفرق[مجموعة مكتملة],1)>0))+((التسجيل[[#This Row],[المشاركة تحت 9]]>=1)*(COUNTIFS(تفاصيل_الفرق[الفئة العمرية],"تحت 9",تفاصيل_الفرق[مدينة منظفة],TRIM(التسجيل[[#This Row],[المدينة]]),تفاصيل_الفرق[مجموعة مكتملة],1)>0))+((التسجيل[[#This Row],[المشاركة تحت 7 ]]>=1)*(COUNTIFS(تفاصيل_الفرق[الفئة العمرية],"تحت 7",تفاصيل_الفرق[مدينة منظفة],TRIM(التسجيل[[#This Row],[المدينة]]),تفاصيل_الفرق[مجموعة مكتملة],1)>0))+((التسجيل[[#This Row],[المشاركة تحت 5]]>=1)*(COUNTIFS(تفاصيل_الفرق[الفئة العمرية],"تحت 5",تفاصيل_الفرق[مدينة منظفة],TRIM(التسجيل[[#This Row],[المدينة]]),تفاصيل_الفرق[مجموعة مكتملة],1)>0))=0,"نعم","لا")) -> لا | S81: لم يتم السداد | T81: نعم
B82: =B81+1 -> #REF! | C82: شعلة الهفوف | D82: بدر السعيد | E82: 567232330 | F82: لايوجد | G82: هواة | H82: الشرقية | I82: الأحساء | J82: الأحساء | K82: 1 | L82: 1 | M82: 0 | N82: 0 | O82: 0 | P82: 0 | Q82: 0 | R82: =IF(SUM(التسجيل[[#This Row],[المشاركة تحت 14]],التسجيل[[#This Row],[المشاركة تحت 13]],التسجيل[[#This Row],[المشاركة تحت 12]],التسجيل[[#This Row],[المشاركة تحت 11]],التسجيل[[#This Row],[المشاركة تحت 9]],التسجيل[[#This Row],[المشاركة تحت 7 ]],التسجيل[[#This Row],[المشاركة تحت 5]])=0,"لا يوجد تسجيل",IF(((التسجيل[[#This Row],[المشاركة تحت 14]]>=1)*(COUNTIFS(تفاصيل_الفرق[الفئة العمرية],"تحت 14",تفاصيل_الفرق[مدينة منظفة],TRIM(التسجيل[[#This Row],[المدينة]]),تفاصيل_الفرق[مجموعة مكتملة],1)>0))+((التسجيل[[#This Row],[المشاركة تحت 13]]>=1)*(COUNTIFS(تفاصيل_الفرق[الفئة العمرية],"تحت 13",تفاصيل_الفرق[مدينة منظفة],TRIM(التسجيل[[#This Row],[المدينة]]),تفاصيل_الفرق[مجموعة مكتملة],1)>0))+((التسجيل[[#This Row],[المشاركة تحت 12]]>=1)*(COUNTIFS(تفاصيل_الفرق[الفئة العمرية],"تحت 12",تفاصيل_الفرق[مدينة منظفة],TRIM(التسجيل[[#This Row],[المدينة]]),تفاصيل_الفرق[مجموعة مكتملة],1)>0))+((التسجيل[[#This Row],[المشاركة تحت 11]]>=1)*(COUNTIFS(تفاصيل_الفرق[الفئة العمرية],"تحت 11",تفاصيل_الفرق[مدينة منظفة],TRIM(التسجيل[[#This Row],[المدينة]]),تفاصيل_الفرق[مجموعة مكتملة],1)>0))+((التسجيل[[#This Row],[المشاركة تحت 9]]>=1)*(COUNTIFS(تفاصيل_الفرق[الفئة العمرية],"تحت 9",تفاصيل_الفرق[مدينة منظفة],TRIM(التسجيل[[#This Row],[المدينة]]),تفاصيل_الفرق[مجموعة مكتملة],1)>0))+((التسجيل[[#This Row],[المشاركة تحت 7 ]]>=1)*(COUNTIFS(تفاصيل_الفرق[الفئة العمرية],"تحت 7",تفاصيل_الفرق[مدينة منظفة],TRIM(التسجيل[[#This Row],[المدينة]]),تفاصيل_الفرق[مجموعة مكتملة],1)>0))+((التسجيل[[#This Row],[المشاركة تحت 5]]>=1)*(COUNTIFS(تفاصيل_الفرق[الفئة العمرية],"تحت 5",تفاصيل_الفرق[مدينة منظفة],TRIM(التسجيل[[#This Row],[المدينة]]),تفاصيل_الفرق[مجموعة مكتملة],1)>0))=0,"نعم","لا")) -> لا | T82: نعم
