Workbook

Sheet المدخلات
A1: صفحة المدخلات – بطولات تحت 11 / تحت 12
A3: البند | B3: القيمة | C3: ملاحظة | E3: الفترة | F3: التوقيت
A4: وقت بداية اليوم | B4: 0.66666667 | C4: مشترك لكل البطولات | E4: =IF(1<=$B$8,1,"") -> 1 | F4: =IF(1>$B$8,"",MOD(HOUR($B$4+0*$B$7/1440)-1,12)+1&":"&TEXT(MINUTE($B$4+0*$B$7/1440),"00")&"–"&MOD(HOUR($B$4+0*$B$7/1440+$B$5/1440)-1,12)+1&":"&TEXT(MINUTE($B$4+0*$B$7/1440+$B$5/1440),"00")&IF(HOUR($B$4+0*$B$7/1440)<12," ص"," م")) -> 4:00–5:10 م
A5: مدة المباراة (دقيقة) | B5: 70 | C5: زمن المباراة الفعلي | E5: =IF(2<=$B$8,2,"") -> 2 | F5: =IF(2>$B$8,"",MOD(HOUR($B$4+1*$B$7/1440)-1,12)+1&":"&TEXT(MINUTE($B$4+1*$B$7/1440),"00")&"–"&MOD(HOUR($B$4+1*$B$7/1440+$B$5/1440)-1,12)+1&":"&TEXT(MINUTE($B$4+1*$B$7/1440+$B$5/1440),"00")&IF(HOUR($B$4+1*$B$7/1440)<12," ص"," م")) -> 5:20–6:30 م
A6: الفاصل/ترتيب الملعب (دقيقة) | B6: 10 | C6: راحة وترتيب الملعب بين المباريات | E6: =IF(3<=$B$8,3,"") -> 3 | F6: =IF(3>$B$8,"",MOD(HOUR($B$4+2*$B$7/1440)-1,12)+1&":"&TEXT(MINUTE($B$4+2*$B$7/1440),"00")&"–"&MOD(HOUR($B$4+2*$B$7/1440+$B$5/1440)-1,12)+1&":"&TEXT(MINUTE($B$4+2*$B$7/1440+$B$5/1440),"00")&IF(HOUR($B$4+2*$B$7/1440)<12," ص"," م")) -> 6:40–7:50 م
A7: طول الفترة الكاملة (دقيقة) | B7: =B5+B6 -> 80 | C7: محسوبة = مدة + فاصل | E7: =IF(4<=$B$8,4,"") | F7: =IF(4>$B$8,"",MOD(HOUR($B$4+3*$B$7/1440)-1,12)+1&":"&TEXT(MINUTE($B$4+3*$B$7/1440),"00")&"–"&MOD(HOUR($B$4+3*$B$7/1440+$B$5/1440)-1,12)+1&":"&TEXT(MINUTE($B$4+3*$B$7/1440+$B$5/1440),"00")&IF(HOUR($B$4+3*$B$7/1440)<12," ص"," م"))
A8: أقصى عدد فترات في اليوم | B8: 3 | C8: يحدد عدد الملاعب المطلوبة
A9: عدد ملاعب 7×7 داخل الملعب القانوني | B9: 2 | C9: يُستخدم لحساب عدد الملاعب القانونية في الملخص

Sheet الملخص
A1: ملخص بطولات تحت 11 / تحت 12 — الأعداد المطلوبة
A3: عدد الفرق | B3: عدد المجموعات | C3: توزيع الفرق في المجموعات | D3: لقاءات كل خصم | E3: مباريات كل فريق في الموسم | F3: نظام الإقصاء | G3: أيام الدوري | H3: أيام الإقصاء | I3: إجمالي الأيام | J3: وقت البداية | K3: وقت النهاية | L3: عدد الملاعب (7 ضد 7) | M3: عدد الملاعب القانونية
A4: 6 | B4: {=ROUND(SUMPRODUCT(1/COUNTIF('بيانات الفرق'!$B$3:$B$8,'بيانات الفرق'!$B$3:$B$8)),0)} -> 1 | C4: {=_xlfn.TEXTJOIN(" + ",TRUE,COUNTIF('بيانات الفرق'!$B$3:$B$8,"المجموعة "&_xlfn.SEQUENCE($B4)))} -> 6 | D4: {=_xlfn.TEXTJOIN(" + ",TRUE,IF(ROUNDDOWN(_xlfn.MINIFS('بيانات الفرق'!$C$3:$C$8,'بيانات الفرق'!$B$3:$B$8,"المجموعة "&_xlfn.SEQUENCE($B4))/_xlfn.MINIFS('بيانات الفرق'!$D$3:$D$8,'بيانات الفرق'!$B$3:$B$8,"المجموعة "&_xlfn.SEQUENCE($B4)),0)=ROUNDUP(_xlfn.MAXIFS('بيانات الفرق'!$C$3:$C$8,'بيانات الفرق'!$B$3:$B$8,"المجموعة "&_xlfn.SEQUENCE($B4))/_xlfn.MINIFS('بيانات الفرق'!$D$3:$D$8,'بيانات الفرق'!$B$3:$B$8,"المجموعة "&_xlfn.SEQUENCE($B4)),0),ROUNDDOWN(_xlfn.MINIFS('بيانات الفرق'!$C$3:$C$8,'بيانات الفرق'!$B$3:$B$8,"المجموعة "&_xlfn.SEQUENCE($B4))/_xlfn.MINIFS('بيانات الفرق'!$D$3:$D$8,'بيانات الفرق'!$B$3:$B$8,"المجموعة "&_xlfn.SEQUENCE($B4)),0),ROUNDDOWN(_xlfn.MINIFS('بيانات الفرق'!$C$3:$C$8,'بيانات الفرق'!$B$3:$B$8,"المجموعة "&_xlfn.SEQUENCE($B4))/_xlfn.MINIFS('بيانات الفرق'!$D$3:$D$8,'بيانات الفرق'!$B$3:$B$8,"المجموعة "&_xlfn.SEQUENCE($B4)),0)&"–"&ROUNDUP(_xlfn.MAXIFS('بيانات الفرق'!$C$3:$C$8,'بيانات الفرق'!$B$3:$B$8,"المجموعة "&_xlfn.SEQUENCE($B4))/_xlfn.MINIFS('بيانات الفرق'!$D$3:$D$8,'بيانات الفرق'!$B$3:$B$8,"المجموعة "&_xlfn.SEQUENCE($B4)),0)))} -> 4 | E4: {=_xlfn.TEXTJOIN(" + ",TRUE,IF(_xlfn.MINIFS('بيانات الفرق'!$C$3:$C$8,'بيانات الفرق'!$B$3:$B$8,"المجموعة "&_xlfn.SEQUENCE($B4))=_xlfn.MAXIFS('بيانات الفرق'!$C$3:$C$8,'بيانات الفرق'!$B$3:$B$8,"المجموعة "&_xlfn.SEQUENCE($B4)),_xlfn.MINIFS('بيانات الفرق'!$C$3:$C$8,'بيانات الفرق'!$B$3:$B$8,"المجموعة "&_xlfn.SEQUENCE($B4)),_xlfn.MINIFS('بيانات الفرق'!$C$3:$C$8,'بيانات الفرق'!$B$3:$B$8,"المجموعة "&_xlfn.SEQUENCE($B4))&"–"&_xlfn.MAXIFS('بيانات الفرق'!$C$3:$C$8,'بيانات الفرق'!$B$3:$B$8,"المجموعة "&_xlfn.SEQUENCE($B4))))} -> 20 | F4: =IF(COUNTIF('6 فرق'!$D$4:$D$1999,"*فائز ر*")>0,"ربع نهائي ثم نصف نهائي ثم نهائي",IF(COUNTIF('6 فرق'!$D$4:$D$1999,"*فائز*")>0,"نصف نهائي ثم نهائي",IF(COUNTIF('6 فرق'!$D$4:$D$1999,"*أول المجموعة*")>0,"نهائي مباشر","—"))) -> — | G4: =_xlfn.MAXIFS('6 فرق'!$A$4:$A$1999,'6 فرق'!$D$4:$D$1999,"* ضد *",'6 فرق'!$D$4:$D$1999,"<>*فائز*",'6 فرق'!$D$4:$D$1999,"<>*أول المجموعة*",'6 فرق'!$D$4:$D$1999,"<>*المتأهل*") -> 20 | H4: =$I4-$G4 -> 0 | I4: =_xlfn.MAXIFS('6 فرق'!$A$4:$A$1999,'6 فرق'!$D$4:$D$1999,"* ضد *") -> 20 | J4: =MOD(HOUR(المدخلات!$B$4)-1,12)+1&":"&TEXT(MINUTE(المدخلات!$B$4),"00")&IF(HOUR(المدخلات!$B$4)<12," ص"," م") -> 4:00 م | K4: {=_xlfn.LET(_xlpm.p,SUMPRODUCT(MAX((COUNTIF('6 فرق'!$B$4:$B$1999,المدخلات!$F$4:$F$7)>0)*(المدخلات!$F$4:$F$7<>"")*ROW(المدخلات!$F$4:$F$7)))-3,_xlpm.t,INDEX(المدخلات!$F$4:$F$7,_xlpm.p),TRIM(MID(_xlpm.t,FIND("–",_xlpm.t)+1,20)))} -> 7:50 م | L4: =_xlfn.MAXIFS('6 فرق'!$C$4:$C$1999,'6 فرق'!$D$4:$D$1999,"* ضد *") -> 1 | M4: =ROUNDUP($L4/المدخلات!$B$9,0) -> 1
A5: 7 | B5: {=ROUND(SUMPRODUCT(1/COUNTIF('بيانات الفرق'!$G$3:$G$9,'بيانات الفرق'!$G$3:$G$9)),0)} -> 1 | C5: {=_xlfn.TEXTJOIN(" + ",TRUE,COUNTIF('بيانات الفرق'!$G$3:$G$9,"المجموعة "&_xlfn.SEQUENCE($B5)))} -> 7 | D5: {=_xlfn.TEXTJOIN(" + ",TRUE,IF(ROUNDDOWN(_xlfn.MINIFS('بيانات الفرق'!$H$3:$H$9,'بيانات الفرق'!$G$3:$G$9,"المجموعة "&_xlfn.SEQUENCE($B5))/_xlfn.MINIFS('بيانات الفرق'!$I$3:$I$9,'بيانات الفرق'!$G$3:$G$9,"المجموعة "&_xlfn.SEQUENCE($B5)),0)=ROUNDUP(_xlfn.MAXIFS('بيانات الفرق'!$H$3:$H$9,'بيانات الفرق'!$G$3:$G$9,"المجموعة "&_xlfn.SEQUENCE($B5))/_xlfn.MINIFS('بيانات الفرق'!$I$3:$I$9,'بيانات الفرق'!$G$3:$G$9,"المجموعة "&_xlfn.SEQUENCE($B5)),0),ROUNDDOWN(_xlfn.MINIFS('بيانات الفرق'!$H$3:$H$9,'بيانات الفرق'!$G$3:$G$9,"المجموعة "&_xlfn.SEQUENCE($B5))/_xlfn.MINIFS('بيانات الفرق'!$I$3:$I$9,'بيانات الفرق'!$G$3:$G$9,"المجموعة "&_xlfn.SEQUENCE($B5)),0),ROUNDDOWN(_xlfn.MINIFS('بيانات الفرق'!$H$3:$H$9,'بيانات الفرق'!$G$3:$G$9,"المجموعة "&_xlfn.SEQUENCE($B5))/_xlfn.MINIFS('بيانات الفرق'!$I$3:$I$9,'بيانات الفرق'!$G$3:$G$9,"المجموعة "&_xlfn.SEQUENCE($B5)),0)&"–"&ROUNDUP(_xlfn.MAXIFS('بيانات الفرق'!$H$3:$H$9,'بيانات الفرق'!$G$3:$G$9,"المجموعة "&_xlfn.SEQUENCE($B5))/_xlfn.MINIFS('بيانات الفرق'!$I$3:$I$9,'بيانات الفرق'!$G$3:$G$9,"المجموعة "&_xlfn.SEQUENCE($B5)),0)))} -> 3 | E5: {=_xlfn.TEXTJOIN(" + ",TRUE,IF(_xlfn.MINIFS('بيانات الفرق'!$H$3:$H$9,'بيانات الفرق'!$G$3:$G$9,"المجموعة "&_xlfn.SEQUENCE($B5))=_xlfn.MAXIFS('بيانات الفرق'!$H$3:$H$9,'بيانات الفرق'!$G$3:$G$9,"المجموعة "&_xlfn.SEQUENCE($B5)),_xlfn.MINIFS('بيانات الفرق'!$H$3:$H$9,'بيانات الفرق'!$G$3:$G$9,"المجموعة "&_xlfn.SEQUENCE($B5)),_xlfn.MINIFS('بيانات الفرق'!$H$3:$H$9,'بيانات الفرق'!$G$3:$G$9,"المجموعة "&_xlfn.SEQUENCE($B5))&"–"&_xlfn.MAXIFS('بيانات الفرق'!$H$3:$H$9,'بيانات الفرق'!$G$3:$G$9,"المجموعة "&_xlfn.SEQUENCE($B5))))} -> 18 | F5: =IF(COUNTIF('7 فرق'!$D$4:$D$1999,"*فائز ر*")>0,"ربع نهائي ثم نصف نهائي ثم نهائي",IF(COUNTIF('7 فرق'!$D$4:$D$1999,"*فائز*")>0,"نصف نهائي ثم نهائي",IF(COUNTIF('7 فرق'!$D$4:$D$1999,"*أول المجموعة*")>0,"نهائي مباشر","—"))) -> — | G5: =_xlfn.MAXIFS('7 فرق'!$A$4:$A$1999,'7 فرق'!$D$4:$D$1999,"* ضد *",'7 فرق'!$D$4:$D$1999,"<>*فائز*",'7 فرق'!$D$4:$D$1999,"<>*أول المجموعة*",'7 فرق'!$D$4:$D$1999,"<>*المتأهل*") -> 21 | H5: =$I5-$G5 -> 0 | I5: =_xlfn.MAXIFS('7 فرق'!$A$4:$A$1999,'7 فرق'!$D$4:$D$1999,"* ضد *") -> 21 | J5: =MOD(HOUR(المدخلات!$B$4)-1,12)+1&":"&TEXT(MINUTE(المدخلات!$B$4),"00")&IF(HOUR(المدخلات!$B$4)<12," ص"," م") -> 4:00 م | K5: {=_xlfn.LET(_xlpm.p,SUMPRODUCT(MAX((COUNTIF('7 فرق'!$B$4:$B$1999,المدخلات!$F$4:$F$7)>0)*(المدخلات!$F$4:$F$7<>"")*ROW(المدخلات!$F$4:$F$7)))-3,_xlpm.t,INDEX(المدخلات!$F$4:$F$7,_xlpm.p),TRIM(MID(_xlpm.t,FIND("–",_xlpm.t)+1,20)))} -> 7:50 م | L5: =_xlfn.MAXIFS('7 فرق'!$C$4:$C$1999,'7 فرق'!$D$4:$D$1999,"* ضد *") -> 1 | M5: =ROUNDUP($L5/المدخلات!$B$9,0) -> 1
A6: 8 | B6: {=ROUND(SUMPRODUCT(1/COUNTIF('بيانات الفرق'!$L$3:$L$10,'بيانات الفرق'!$L$3:$L$10)),0)} -> 1 | C6: {=_xlfn.TEXTJOIN(" + ",TRUE,COUNTIF('بيانات الفرق'!$L$3:$L$10,"المجموعة "&_xlfn.SEQUENCE($B6)))} -> 8 | D6: {=_xlfn.TEXTJOIN(" + ",TRUE,IF(ROUNDDOWN(_xlfn.MINIFS('بيانات الفرق'!$M$3:$M$10,'بيانات الفرق'!$L$3:$L$10,"المجموعة "&_xlfn.SEQUENCE($B6))/_xlfn.MINIFS('بيانات الفرق'!$N$3:$N$10,'بيانات الفرق'!$L$3:$L$10,"المجموعة "&_xlfn.SEQUENCE($B6)),0)=ROUNDUP(_xlfn.MAXIFS('بيانات الفرق'!$M$3:$M$10,'بيانات الفرق'!$L$3:$L$10,"المجموعة "&_xlfn.SEQUENCE($B6))/_xlfn.MINIFS('بيانات الفرق'!$N$3:$N$10,'بيانات الفرق'!$L$3:$L$10,"المجموعة "&_xlfn.SEQUENCE($B6)),0),ROUNDDOWN(_xlfn.MINIFS('بيانات الفرق'!$M$3:$M$10,'بيانات الفرق'!$L$3:$L$10,"المجموعة "&_xlfn.SEQUENCE($B6))/_xlfn.MINIFS('بيانات الفرق'!$N$3:$N$10,'بيانات الفرق'!$L$3:$L$10,"المجموعة "&_xlfn.SEQUENCE($B6)),0),ROUNDDOWN(_xlfn.MINIFS('بيانات الفرق'!$M$3:$M$10,'بيانات الفرق'!$L$3:$L$10,"المجموعة "&_xlfn.SEQUENCE($B6))/_xlfn.MINIFS('بيانات الفرق'!$N$3:$N$10,'بيانات الفرق'!$L$3:$L$10,"المجموعة "&_xlfn.SEQUENCE($B6)),0)&"–"&ROUNDUP(_xlfn.MAXIFS('بيانات الفرق'!$M$3:$M$10,'بيانات الفرق'!$L$3:$L$10,"المجموعة "&_xlfn.SEQUENCE($B6))/_xlfn.MINIFS('بيانات الفرق'!$N$3:$N$10,'بيانات الفرق'!$L$3:$L$10,"المجموعة "&_xlfn.SEQUENCE($B6)),0)))} -> 3 | E6: {=_xlfn.TEXTJOIN(" + ",TRUE,IF(_xlfn.MINIFS('بيانات الفرق'!$M$3:$M$10,'بيانات الفرق'!$L$3:$L$10,"المجموعة "&_xlfn.SEQUENCE($B6))=_xlfn.MAXIFS('بيانات الفرق'!$M$3:$M$10,'بيانات الفرق'!$L$3:$L$10,"المجموعة "&_xlfn.SEQUENCE($B6)),_xlfn.MINIFS('بيانات الفرق'!$M$3:$M$10,'بيانات الفرق'!$L$3:$L$10,"المجموعة "&_xlfn.SEQUENCE($B6)),_xlfn.MINIFS('بيانات الفرق'!$M$3:$M$10,'بيانات الفرق'!$L$3:$L$10,"المجموعة "&_xlfn.SEQUENCE($B6))&"–"&_xlfn.MAXIFS('بيانات الفرق'!$M$3:$M$10,'بيانات الفرق'!$L$3:$L$10,"المجموعة "&_xlfn.SEQUENCE($B6))))} -> 21 | F6: =IF(COUNTIF('8 فرق'!$D$4:$D$1999,"*فائز ر*")>0,"ربع نهائي ثم نصف نهائي ثم نهائي",IF(COUNTIF('8 فرق'!$D$4:$D$1999,"*فائز*")>0,"نصف نهائي ثم نهائي",IF(COUNTIF('8 فرق'!$D$4:$D$1999,"*أول المجموعة*")>0,"نهائي مباشر","—"))) -> — | G6: =_xlfn.MAXIFS('8 فرق'!$A$4:$A$1999,'8 فرق'!$D$4:$D$1999,"* ضد *",'8 فرق'!$D$4:$D$1999,"<>*فائز*",'8 فرق'!$D$4:$D$1999,"<>*أول المجموعة*",'8 فرق'!$D$4:$D$1999,"<>*المتأهل*") -> 21 | H6: =$I6-$G6 -> 0 | I6: =_xlfn.MAXIFS('8 فرق'!$A$4:$A$1999,'8 فرق'!$D$4:$D$1999,"* ضد *") -> 21 | J6: =MOD(HOUR(المدخلات!$B$4)-1,12)+1&":"&TEXT(MINUTE(المدخلات!$B$4),"00")&IF(HOUR(المدخلات!$B$4)<12," ص"," م") -> 4:00 م | K6: {=_xlfn.LET(_xlpm.p,SUMPRODUCT(MAX((COUNTIF('8 فرق'!$B$4:$B$1999,المدخلات!$F$4:$F$7)>0)*(المدخلات!$F$4:$F$7<>"")*ROW(المدخلات!$F$4:$F$7)))-3,_xlpm.t,INDEX(المدخلات!$F$4:$F$7,_xlpm.p),TRIM(MID(_xlpm.t,FIND("–",_xlpm.t)+1,20)))} -> 6:30 م | L6: =_xlfn.MAXIFS('8 فرق'!$C$4:$C$1999,'8 فرق'!$D$4:$D$1999,"* ضد *") -> 2 | M6: =ROUNDUP($L6/المدخلات!$B$9,0) -> 1
A7: 9 | B7: {=ROUND(SUMPRODUCT(1/COUNTIF('بيانات الفرق'!$Q$3:$Q$11,'بيانات الفرق'!$Q$3:$Q$11)),0)} -> 1 | C7: {=_xlfn.TEXTJOIN(" + ",TRUE,COUNTIF('بيانات الفرق'!$Q$3:$Q$11,"المجموعة "&_xlfn.SEQUENCE($B7)))} -> 9 | D7: {=_xlfn.TEXTJOIN(" + ",TRUE,IF(ROUNDDOWN(_xlfn.MINIFS('بيانات الفرق'!$R$3:$R$11,'بيانات الفرق'!$Q$3:$Q$11,"المجموعة "&_xlfn.SEQUENCE($B7))/_xlfn.MINIFS('بيانات الفرق'!$S$3:$S$11,'بيانات الفرق'!$Q$3:$Q$11,"المجموعة "&_xlfn.SEQUENCE($B7)),0)=ROUNDUP(_xlfn.MAXIFS('بيانات الفرق'!$R$3:$R$11,'بيانات الفرق'!$Q$3:$Q$11,"المجموعة "&_xlfn.SEQUENCE($B7))/_xlfn.MINIFS('بيانات الفرق'!$S$3:$S$11,'بيانات الفرق'!$Q$3:$Q$11,"المجموعة "&_xlfn.SEQUENCE($B7)),0),ROUNDDOWN(_xlfn.MINIFS('بيانات الفرق'!$R$3:$R$11,'بيانات الفرق'!$Q$3:$Q$11,"المجموعة "&_xlfn.SEQUENCE($B7))/_xlfn.MINIFS('بيانات الفرق'!$S$3:$S$11,'بيانات الفرق'!$Q$3:$Q$11,"المجموعة "&_xlfn.SEQUENCE($B7)),0),ROUNDDOWN(_xlfn.MINIFS('بيانات الفرق'!$R$3:$R$11,'بيانات الفرق'!$Q$3:$Q$11,"المجموعة "&_xlfn.SEQUENCE($B7))/_xlfn.MINIFS('بيانات الفرق'!$S$3:$S$11,'بيانات الفرق'!$Q$3:$Q$11,"المجموعة "&_xlfn.SEQUENCE($B7)),0)&"–"&ROUNDUP(_xlfn.MAXIFS('بيانات الفرق'!$R$3:$R$11,'بيانات الفرق'!$Q$3:$Q$11,"المجموعة "&_xlfn.SEQUENCE($B7))/_xlfn.MINIFS('بيانات الفرق'!$S$3:$S$11,'بيانات الفرق'!$Q$3:$Q$11,"المجموعة "&_xlfn.SEQUENCE($B7)),0)))} -> 2–3 | E7: {=_xlfn.TEXTJOIN(" + ",TRUE,IF(_xlfn.MINIFS('بيانات الفرق'!$R$3:$R$11,'بيانات الفرق'!$Q$3:$Q$11,"المجموعة "&_xlfn.SEQUENCE($B7))=_xlfn.MAXIFS('بيانات الفرق'!$R$3:$R$11,'بيانات الفرق'!$Q$3:$Q$11,"المجموعة "&_xlfn.SEQUENCE($B7)),_xlfn.MINIFS('بيانات الفرق'!$R$3:$R$11,'بيانات الفرق'!$Q$3:$Q$11,"المجموعة "&_xlfn.SEQUENCE($B7)),_xlfn.MINIFS('بيانات الفرق'!$R$3:$R$11,'بيانات الفرق'!$Q$3:$Q$11,"المجموعة "&_xlfn.SEQUENCE($B7))&"–"&_xlfn.MAXIFS('بيانات الفرق'!$R$3:$R$11,'بيانات الفرق'!$Q$3:$Q$11,"المجموعة "&_xlfn.SEQUENCE($B7))))} -> 18 | F7: =IF(COUNTIF('9 فرق'!$D$4:$D$1999,"*فائز ر*")>0,"ربع نهائي ثم نصف نهائي ثم نهائي",IF(COUNTIF('9 فرق'!$D$4:$D$1999,"*فائز*")>0,"نصف نهائي ثم نهائي",IF(COUNTIF('9 فرق'!$D$4:$D$1999,"*أول المجموعة*")>0,"نهائي مباشر","—"))) -> — | G7: =_xlfn.MAXIFS('9 فرق'!$A$4:$A$1999,'9 فرق'!$D$4:$D$1999,"* ضد *",'9 فرق'!$D$4:$D$1999,"<>*فائز*",'9 فرق'!$D$4:$D$1999,"<>*أول المجموعة*",'9 فرق'!$D$4:$D$1999,"<>*المتأهل*") -> 21 | H7: =$I7-$G7 -> 0 | I7: =_xlfn.MAXIFS('9 فرق'!$A$4:$A$1999,'9 فرق'!$D$4:$D$1999,"* ضد *") -> 21 | J7: =MOD(HOUR(المدخلات!$B$4)-1,12)+1&":"&TEXT(MINUTE(المدخلات!$B$4),"00")&IF(HOUR(المدخلات!$B$4)<12," ص"," م") -> 4:00 م | K7: {=_xlfn.LET(_xlpm.p,SUMPRODUCT(MAX((COUNTIF('9 فرق'!$B$4:$B$1999,المدخلات!$F$4:$F$7)>0)*(المدخلات!$F$4:$F$7<>"")*ROW(المدخلات!$F$4:$F$7)))-3,_xlpm.t,INDEX(المدخلات!$F$4:$F$7,_xlpm.p),TRIM(MID(_xlpm.t,FIND("–",_xlpm.t)+1,20)))} -> 6:30 م | L7: =_xlfn.MAXIFS('9 فرق'!$C$4:$C$1999,'9 فرق'!$D$4:$D$1999,"* ضد *") -> 2 | M7: =ROUNDUP($L7/المدخلات!$B$9,0) -> 1
A8: 11 | B8: {=ROUND(SUMPRODUCT(1/COUNTIF('بيانات الفرق'!$V$3:$V$13,'بيانات الفرق'!$V$3:$V$13)),0)} -> 1 | C8: {=_xlfn.TEXTJOIN(" + ",TRUE,COUNTIF('بيانات الفرق'!$V$3:$V$13,"المجموعة "&_xlfn.SEQUENCE($B8)))} -> 11 | D8: {=_xlfn.TEXTJOIN(" + ",TRUE,IF(ROUNDDOWN(_xlfn.MINIFS('بيانات الفرق'!$W$3:$W$13,'بيانات الفرق'!$V$3:$V$13,"المجموعة "&_xlfn.SEQUENCE($B8))/_xlfn.MINIFS('بيانات الفرق'!$X$3:$X$13,'بيانات الفرق'!$V$3:$V$13,"المجموعة "&_xlfn.SEQUENCE($B8)),0)=ROUNDUP(_xlfn.MAXIFS('بيانات الفرق'!$W$3:$W$13,'بيانات الفرق'!$V$3:$V$13,"المجموعة "&_xlfn.SEQUENCE($B8))/_xlfn.MINIFS('بيانات الفرق'!$X$3:$X$13,'بيانات الفرق'!$V$3:$V$13,"المجموعة "&_xlfn.SEQUENCE($B8)),0),ROUNDDOWN(_xlfn.MINIFS('بيانات الفرق'!$W$3:$W$13,'بيانات الفرق'!$V$3:$V$13,"المجموعة "&_xlfn.SEQUENCE($B8))/_xlfn.MINIFS('بيانات الفرق'!$X$3:$X$13,'بيانات الفرق'!$V$3:$V$13,"المجموعة "&_xlfn.SEQUENCE($B8)),0),ROUNDDOWN(_xlfn.MINIFS('بيانات الفرق'!$W$3:$W$13,'بيانات الفرق'!$V$3:$V$13,"المجموعة "&_xlfn.SEQUENCE($B8))/_xlfn.MINIFS('بيانات الفرق'!$X$3:$X$13,'بيانات الفرق'!$V$3:$V$13,"المجموعة "&_xlfn.SEQUENCE($B8)),0)&"–"&ROUNDUP(_xlfn.MAXIFS('بيانات الفرق'!$W$3:$W$13,'بيانات الفرق'!$V$3:$V$13,"المجموعة "&_xlfn.SEQUENCE($B8))/_xlfn.MINIFS('بيانات الفرق'!$X$3:$X$13,'بيانات الفرق'!$V$3:$V$13,"المجموعة "&_xlfn.SEQUENCE($B8)),0)))} -> 2 | E8: {=_xlfn.TEXTJOIN(" + ",TRUE,IF(_xlfn.MINIFS('بيانات الفرق'!$W$3:$W$13,'بيانات الفرق'!$V$3:$V$13,"المجموعة "&_xlfn.SEQUENCE($B8))=_xlfn.MAXIFS('بيانات الفرق'!$W$3:$W$13,'بيانات الفرق'!$V$3:$V$13,"المجموعة "&_xlfn.SEQUENCE($B8)),_xlfn.MINIFS('بيانات الفرق'!$W$3:$W$13,'بيانات الفرق'!$V$3:$V$13,"المجموعة "&_xlfn.SEQUENCE($B8)),_xlfn.MINIFS('بيانات الفرق'!$W$3:$W$13,'بيانات الفرق'!$V$3:$V$13,"المجموعة "&_xlfn.SEQUENCE($B8))&"–"&_xlfn.MAXIFS('بيانات الفرق'!$W$3:$W$13,'بيانات الفرق'!$V$3:$V$13,"المجموعة "&_xlfn.SEQUENCE($B8))))} -> 20 | F8: =IF(COUNTIF('11 فريقًا'!$D$4:$D$1999,"*فائز ر*")>0,"ربع نهائي ثم نصف نهائي ثم نهائي",IF(COUNTIF('11 فريقًا'!$D$4:$D$1999,"*فائز*")>0,"نصف نهائي ثم نهائي",IF(COUNTIF('11 فريقًا'!$D$4:$D$1999,"*أول المجموعة*")>0,"نهائي مباشر","—"))) -> — | G8: =_xlfn.MAXIFS('11 فريقًا'!$A$4:$A$1999,'11 فريقًا'!$D$4:$D$1999,"* ضد *",'11 فريقًا'!$D$4:$D$1999,"<>*فائز*",'11 فريقًا'!$D$4:$D$1999,"<>*أول المجموعة*",'11 فريقًا'!$D$4:$D$1999,"<>*المتأهل*") -> 22 | H8: =$I8-$G8 -> 0 | I8: =_xlfn.MAXIFS('11 فريقًا'!$A$4:$A$1999,'11 فريقًا'!$D$4:$D$1999,"* ضد *") -> 22 | J8: =MOD(HOUR(المدخلات!$B$4)-1,12)+1&":"&TEXT(MINUTE(المدخلات!$B$4),"00")&IF(HOUR(المدخلات!$B$4)<12," ص"," م") -> 4:00 م | K8: {=_xlfn.LET(_xlpm.p,SUMPRODUCT(MAX((COUNTIF('11 فريقًا'!$B$4:$B$1999,المدخلات!$F$4:$F$7)>0)*(المدخلات!$F$4:$F$7<>"")*ROW(المدخلات!$F$4:$F$7)))-3,_xlpm.t,INDEX(المدخلات!$F$4:$F$7,_xlpm.p),TRIM(MID(_xlpm.t,FIND("–",_xlpm.t)+1,20)))} -> 7:50 م | L8: =_xlfn.MAXIFS('11 فريقًا'!$C$4:$C$1999,'11 فريقًا'!$D$4:$D$1999,"* ضد *") -> 2 | M8: =ROUNDUP($L8/المدخلات!$B$9,0) -> 1
A9: 12 | B9: {=ROUND(SUMPRODUCT(1/COUNTIF('بيانات الفرق'!$AA$3:$AA$14,'بيانات الفرق'!$AA$3:$AA$14)),0)} -> 1 | C9: {=_xlfn.TEXTJOIN(" + ",TRUE,COUNTIF('بيانات الفرق'!$AA$3:$AA$14,"المجموعة "&_xlfn.SEQUENCE($B9)))} -> 12 | D9: {=_xlfn.TEXTJOIN(" + ",TRUE,IF(ROUNDDOWN(_xlfn.MINIFS('بيانات الفرق'!$AB$3:$AB$14,'بيانات الفرق'!$AA$3:$AA$14,"المجموعة "&_xlfn.SEQUENCE($B9))/_xlfn.MINIFS('بيانات الفرق'!$AC$3:$AC$14,'بيانات الفرق'!$AA$3:$AA$14,"المجموعة "&_xlfn.SEQUENCE($B9)),0)=ROUNDUP(_xlfn.MAXIFS('بيانات الفرق'!$AB$3:$AB$14,'بيانات الفرق'!$AA$3:$AA$14,"المجموعة "&_xlfn.SEQUENCE($B9))/_xlfn.MINIFS('بيانات الفرق'!$AC$3:$AC$14,'بيانات الفرق'!$AA$3:$AA$14,"المجموعة "&_xlfn.SEQUENCE($B9)),0),ROUNDDOWN(_xlfn.MINIFS('بيانات الفرق'!$AB$3:$AB$14,'بيانات الفرق'!$AA$3:$AA$14,"المجموعة "&_xlfn.SEQUENCE($B9))/_xlfn.MINIFS('بيانات الفرق'!$AC$3:$AC$14,'بيانات الفرق'!$AA$3:$AA$14,"المجموعة "&_xlfn.SEQUENCE($B9)),0),ROUNDDOWN(_xlfn.MINIFS('بيانات الفرق'!$AB$3:$AB$14,'بيانات الفرق'!$AA$3:$AA$14,"المجموعة "&_xlfn.SEQUENCE($B9))/_xlfn.MINIFS('بيانات الفرق'!$AC$3:$AC$14,'بيانات الفرق'!$AA$3:$AA$14,"المجموعة "&_xlfn.SEQUENCE($B9)),0)&"–"&ROUNDUP(_xlfn.MAXIFS('بيانات الفرق'!$AB$3:$AB$14,'بيانات الفرق'!$AA$3:$AA$14,"المجموعة "&_xlfn.SEQUENCE($B9))/_xlfn.MINIFS('بيانات الفرق'!$AC$3:$AC$14,'بيانات الفرق'!$AA$3:$AA$14,"المجموعة "&_xlfn.SEQUENCE($B9)),0)))} -> 2 | E9: {=_xlfn.TEXTJOIN(" + ",TRUE,IF(_xlfn.MINIFS('بيانات الفرق'!$AB$3:$AB$14,'بيانات الفرق'!$AA$3:$AA$14,"المجموعة "&_xlfn.SEQUENCE($B9))=_xlfn.MAXIFS('بيانات الفرق'!$AB$3:$AB$14,'بيانات الفرق'!$AA$3:$AA$14,"المجموعة "&_xlfn.SEQUENCE($B9)),_xlfn.MINIFS('بيانات الفرق'!$AB$3:$AB$14,'بيانات الفرق'!$AA$3:$AA$14,"المجموعة "&_xlfn.SEQUENCE($B9)),_xlfn.MINIFS('بيانات الفرق'!$AB$3:$AB$14,'بيانات الفرق'!$AA$3:$AA$14,"المجموعة "&_xlfn.SEQUENCE($B9))&"–"&_xlfn.MAXIFS('بيانات الفرق'!$AB$3:$AB$14,'بيانات الفرق'!$AA$3:$AA$14,"المجموعة "&_xlfn.SEQUENCE($B9))))} -> 22 | F9: =IF(COUNTIF('12 فريقًا'!$D$4:$D$1999,"*فائز ر*")>0,"ربع نهائي ثم نصف نهائي ثم نهائي",IF(COUNTIF('12 فريقًا'!$D$4:$D$1999,"*فائز*")>0,"نصف نهائي ثم نهائي",IF(COUNTIF('12 فريقًا'!$D$4:$D$1999,"*أول المجموعة*")>0,"نهائي مباشر","—"))) -> — | G9: =_xlfn.MAXIFS('12 فريقًا'!$A$4:$A$1999,'12 فريقًا'!$D$4:$D$1999,"* ضد *",'12 فريقًا'!$D$4:$D$1999,"<>*فائز*",'12 فريقًا'!$D$4:$D$1999,"<>*أول المجموعة*",'12 فريقًا'!$D$4:$D$1999,"<>*المتأهل*") -> 22 | H9: =$I9-$G9 -> 0 | I9: =_xlfn.MAXIFS('12 فريقًا'!$A$4:$A$1999,'12 فريقًا'!$D$4:$D$1999,"* ضد *") -> 22 | J9: =MOD(HOUR(المدخلات!$B$4)-1,12)+1&":"&TEXT(MINUTE(المدخلات!$B$4),"00")&IF(HOUR(المدخلات!$B$4)<12," ص"," م") -> 4:00 م | K9: {=_xlfn.LET(_xlpm.p,SUMPRODUCT(MAX((COUNTIF('12 فريقًا'!$B$4:$B$1999,المدخلات!$F$4:$F$7)>0)*(المدخلات!$F$4:$F$7<>"")*ROW(المدخلات!$F$4:$F$7)))-3,_xlpm.t,INDEX(المدخلات!$F$4:$F$7,_xlpm.p),TRIM(MID(_xlpm.t,FIND("–",_xlpm.t)+1,20)))} -> 7:50 م | L9: =_xlfn.MAXIFS('12 فريقًا'!$C$4:$C$1999,'12 فريقًا'!$D$4:$D$1999,"* ضد *") -> 2 | M9: =ROUNDUP($L9/المدخلات!$B$9,0) -> 1
A10: 13 | B10: {=ROUND(SUMPRODUCT(1/COUNTIF('بيانات الفرق'!$AF$3:$AF$15,'بيانات الفرق'!$AF$3:$AF$15)),0)} -> 2 | C10: {=_xlfn.TEXTJOIN(" + ",TRUE,COUNTIF('بيانات الفرق'!$AF$3:$AF$15,"المجموعة "&_xlfn.SEQUENCE($B10)))} -> 7 + 6 | D10: {=_xlfn.TEXTJOIN(" + ",TRUE,IF(ROUNDDOWN(_xlfn.MINIFS('بيانات الفرق'!$AG$3:$AG$15,'بيانات الفرق'!$AF$3:$AF$15,"المجموعة "&_xlfn.SEQUENCE($B10))/_xlfn.MINIFS('بيانات الفرق'!$AH$3:$AH$15,'بيانات الفرق'!$AF$3:$AF$15,"المجموعة "&_xlfn.SEQUENCE($B10)),0)=ROUNDUP(_xlfn.MAXIFS('بيانات الفرق'!$AG$3:$AG$15,'بيانات الفرق'!$AF$3:$AF$15,"المجموعة "&_xlfn.SEQUENCE($B10))/_xlfn.MINIFS('بيانات الفرق'!$AH$3:$AH$15,'بيانات الفرق'!$AF$3:$AF$15,"المجموعة "&_xlfn.SEQUENCE($B10)),0),ROUNDDOWN(_xlfn.MINIFS('بيانات الفرق'!$AG$3:$AG$15,'بيانات الفرق'!$AF$3:$AF$15,"المجموعة "&_xlfn.SEQUENCE($B10))/_xlfn.MINIFS('بيانات الفرق'!$AH$3:$AH$15,'بيانات الفرق'!$AF$3:$AF$15,"المجموعة "&_xlfn.SEQUENCE($B10)),0),ROUNDDOWN(_xlfn.MINIFS('بيانات الفرق'!$AG$3:$AG$15,'بيانات الفرق'!$AF$3:$AF$15,"المجموعة "&_xlfn.SEQUENCE($B10))/_xlfn.MINIFS('بيانات الفرق'!$AH$3:$AH$15,'بيانات الفرق'!$AF$3:$AF$15,"المجموعة "&_xlfn.SEQUENCE($B10)),0)&"–"&ROUNDUP(_xlfn.MAXIFS('بيانات الفرق'!$AG$3:$AG$15,'بيانات الفرق'!$AF$3:$AF$15,"المجموعة "&_xlfn.SEQUENCE($B10))/_xlfn.MINIFS('بيانات الفرق'!$AH$3:$AH$15,'بيانات الفرق'!$AF$3:$AF$15,"المجموعة "&_xlfn.SEQUENCE($B10)),0)))} -> 3 + 4 | E10: {=_xlfn.TEXTJOIN(" + ",TRUE,IF(_xlfn.MINIFS('بيانات الفرق'!$AG$3:$AG$15,'بيانات الفرق'!$AF$3:$AF$15,"المجموعة "&_xlfn.SEQUENCE($B10))=_xlfn.MAXIFS('بيانات الفرق'!$AG$3:$AG$15,'بيانات الفرق'!$AF$3:$AF$15,"المجموعة "&_xlfn.SEQUENCE($B10)),_xlfn.MINIFS('بيانات الفرق'!$AG$3:$AG$15,'بيانات الفرق'!$AF$3:$AF$15,"المجموعة "&_xlfn.SEQUENCE($B10)),_xlfn.MINIFS('بيانات الفرق'!$AG$3:$AG$15,'بيانات الفرق'!$AF$3:$AF$15,"المجموعة "&_xlfn.SEQUENCE($B10))&"–"&_xlfn.MAXIFS('بيانات الفرق'!$AG$3:$AG$15,'بيانات الفرق'!$AF$3:$AF$15,"المجموعة "&_xlfn.SEQUENCE($B10))))} -> 18 + 20 | F10: =IF(COUNTIF('13 فريقًا'!$E$4:$E$1999,"*فائز ر*")>0,"ربع نهائي ثم نصف نهائي ثم نهائي",IF(COUNTIF('13 فريقًا'!$E$4:$E$1999,"*فائز*")>0,"نصف نهائي ثم نهائي",IF(COUNTIF('13 فريقًا'!$E$4:$E$1999,"*أول المجموعة*")>0,"نهائي مباشر","—"))) -> نهائي مباشر | G10: =_xlfn.MAXIFS('13 فريقًا'!$A$4:$A$1999,'13 فريقًا'!$E$4:$E$1999,"* ضد *",'13 فريقًا'!$E$4:$E$1999,"<>*فائز*",'13 فريقًا'!$E$4:$E$1999,"<>*أول المجموعة*",'13 فريقًا'!$E$4:$E$1999,"<>*المتأهل*") -> 21 | H10: =$I10-$G10 -> 1 | I10: =_xlfn.MAXIFS('13 فريقًا'!$A$4:$A$1999,'13 فريقًا'!$E$4:$E$1999,"* ضد *") -> 22 | J10: =MOD(HOUR(المدخلات!$B$4)-1,12)+1&":"&TEXT(MINUTE(المدخلات!$B$4),"00")&IF(HOUR(المدخلات!$B$4)<12," ص"," م") -> 4:00 م | K10: {=_xlfn.LET(_xlpm.p,SUMPRODUCT(MAX((COUNTIF('13 فريقًا'!$B$4:$B$1999,المدخلات!$F$4:$F$7)>0)*(المدخلات!$F$4:$F$7<>"")*ROW(المدخلات!$F$4:$F$7)))-3,_xlpm.t,INDEX(المدخلات!$F$4:$F$7,_xlpm.p),TRIM(MID(_xlpm.t,FIND("–",_xlpm.t)+1,20)))} -> 7:50 م | L10: =_xlfn.MAXIFS('13 فريقًا'!$C$4:$C$1999,'13 فريقًا'!$E$4:$E$1999,"* ضد *") -> 2 | M10: =ROUNDUP($L10/المدخلات!$B$9,0) -> 1
A11: 14 | B11: {=ROUND(SUMPRODUCT(1/COUNTIF('بيانات الفرق'!$AK$3:$AK$16,'بيانات الفرق'!$AK$3:$AK$16)),0)} -> 2 | C11: {=_xlfn.TEXTJOIN(" + ",TRUE,COUNTIF('بيانات الفرق'!$AK$3:$AK$16,"المجموعة "&_xlfn.SEQUENCE($B11)))} -> 7 + 7 | D11: {=_xlfn.TEXTJOIN(" + ",TRUE,IF(ROUNDDOWN(_xlfn.MINIFS('بيانات الفرق'!$AL$3:$AL$16,'بيانات الفرق'!$AK$3:$AK$16,"المجموعة "&_xlfn.SEQUENCE($B11))/_xlfn.MINIFS('بيانات الفرق'!$AM$3:$AM$16,'بيانات الفرق'!$AK$3:$AK$16,"المجموعة "&_xlfn.SEQUENCE($B11)),0)=ROUNDUP(_xlfn.MAXIFS('بيانات الفرق'!$AL$3:$AL$16,'بيانات الفرق'!$AK$3:$AK$16,"المجموعة "&_xlfn.SEQUENCE($B11))/_xlfn.MINIFS('بيانات الفرق'!$AM$3:$AM$16,'بيانات الفرق'!$AK$3:$AK$16,"المجموعة "&_xlfn.SEQUENCE($B11)),0),ROUNDDOWN(_xlfn.MINIFS('بيانات الفرق'!$AL$3:$AL$16,'بيانات الفرق'!$AK$3:$AK$16,"المجموعة "&_xlfn.SEQUENCE($B11))/_xlfn.MINIFS('بيانات الفرق'!$AM$3:$AM$16,'بيانات الفرق'!$AK$3:$AK$16,"المجموعة "&_xlfn.SEQUENCE($B11)),0),ROUNDDOWN(_xlfn.MINIFS('بيانات الفرق'!$AL$3:$AL$16,'بيانات الفرق'!$AK$3:$AK$16,"المجموعة "&_xlfn.SEQUENCE($B11))/_xlfn.MINIFS('بيانات الفرق'!$AM$3:$AM$16,'بيانات الفرق'!$AK$3:$AK$16,"المجموعة "&_xlfn.SEQUENCE($B11)),0)&"–"&ROUNDUP(_xlfn.MAXIFS('بيانات الفرق'!$AL$3:$AL$16,'بيانات الفرق'!$AK$3:$AK$16,"المجموعة "&_xlfn.SEQUENCE($B11))/_xlfn.MINIFS('بيانات الفرق'!$AM$3:$AM$16,'بيانات الفرق'!$AK$3:$AK$16,"المجموعة "&_xlfn.SEQUENCE($B11)),0)))} -> 3 + 3 | E11: {=_xlfn.TEXTJOIN(" + ",TRUE,IF(_xlfn.MINIFS('بيانات الفرق'!$AL$3:$AL$16,'بيانات الفرق'!$AK$3:$AK$16,"المجموعة "&_xlfn.SEQUENCE($B11))=_xlfn.MAXIFS('بيانات الفرق'!$AL$3:$AL$16,'بيانات الفرق'!$AK$3:$AK$16,"المجموعة "&_xlfn.SEQUENCE($B11)),_xlfn.MINIFS('بيانات الفرق'!$AL$3:$AL$16,'بيانات الفرق'!$AK$3:$AK$16,"المجموعة "&_xlfn.SEQUENCE($B11)),_xlfn.MINIFS('بيانات الفرق'!$AL$3:$AL$16,'بيانات الفرق'!$AK$3:$AK$16,"المجموعة "&_xlfn.SEQUENCE($B11))&"–"&_xlfn.MAXIFS('بيانات الفرق'!$AL$3:$AL$16,'بيانات الفرق'!$AK$3:$AK$16,"المجموعة "&_xlfn.SEQUENCE($B11))))} -> 18 + 18 | F11: =IF(COUNTIF('14 فريقًا'!$E$4:$E$1999,"*فائز ر*")>0,"ربع نهائي ثم نصف نهائي ثم نهائي",IF(COUNTIF('14 فريقًا'!$E$4:$E$1999,"*فائز*")>0,"نصف نهائي ثم نهائي",IF(COUNTIF('14 فريقًا'!$E$4:$E$1999,"*أول المجموعة*")>0,"نهائي مباشر","—"))) -> نهائي مباشر | G11: =_xlfn.MAXIFS('14 فريقًا'!$A$4:$A$1999,'14 فريقًا'!$E$4:$E$1999,"* ضد *",'14 فريقًا'!$E$4:$E$1999,"<>*فائز*",'14 فريقًا'!$E$4:$E$1999,"<>*أول المجموعة*",'14 فريقًا'!$E$4:$E$1999,"<>*المتأهل*") -> 21 | H11: =$I11-$G11 -> 1 | I11: =_xlfn.MAXIFS('14 فريقًا'!$A$4:$A$1999,'14 فريقًا'!$E$4:$E$1999,"* ضد *") -> 22 | J11: =MOD(HOUR(المدخلات!$B$4)-1,12)+1&":"&TEXT(MINUTE(المدخلات!$B$4),"00")&IF(HOUR(المدخلات!$B$4)<12," ص"," م") -> 4:00 م | K11: {=_xlfn.LET(_xlpm.p,SUMPRODUCT(MAX((COUNTIF('14 فريقًا'!$B$4:$B$1999,المدخلات!$F$4:$F$7)>0)*(المدخلات!$F$4:$F$7<>"")*ROW(المدخلات!$F$4:$F$7)))-3,_xlpm.t,INDEX(المدخلات!$F$4:$F$7,_xlpm.p),TRIM(MID(_xlpm.t,FIND("–",_xlpm.t)+1,20)))} -> 7:50 م | L11: =_xlfn.MAXIFS('14 فريقًا'!$C$4:$C$1999,'14 فريقًا'!$E$4:$E$1999,"* ضد *") -> 2 | M11: =ROUNDUP($L11/المدخلات!$B$9,0) -> 1
A12: 15 | B12: {=ROUND(SUMPRODUCT(1/COUNTIF('بيانات الفرق'!$AP$3:$AP$17,'بيانات الفرق'!$AP$3:$AP$17)),0)} -> 2 | C12: {=_xlfn.TEXTJOIN(" + ",TRUE,COUNTIF('بيانات الفرق'!$AP$3:$AP$17,"المجموعة "&_xlfn.SEQUENCE($B12)))} -> 8 + 7 | D12: {=_xlfn.TEXTJOIN(" + ",TRUE,IF(ROUNDDOWN(_xlfn.MINIFS('بيانات الفرق'!$AQ$3:$AQ$17,'بيانات الفرق'!$AP$3:$AP$17,"المجموعة "&_xlfn.SEQUENCE($B12))/_xlfn.MINIFS('بيانات الفرق'!$AR$3:$AR$17,'بيانات الفرق'!$AP$3:$AP$17,"المجموعة "&_xlfn.SEQUENCE($B12)),0)=ROUNDUP(_xlfn.MAXIFS('بيانات الفرق'!$AQ$3:$AQ$17,'بيانات الفرق'!$AP$3:$AP$17,"المجموعة "&_xlfn.SEQUENCE($B12))/_xlfn.MINIFS('بيانات الفرق'!$AR$3:$AR$17,'بيانات الفرق'!$AP$3:$AP$17,"المجموعة "&_xlfn.SEQUENCE($B12)),0),ROUNDDOWN(_xlfn.MINIFS('بيانات الفرق'!$AQ$3:$AQ$17,'بيانات الفرق'!$AP$3:$AP$17,"المجموعة "&_xlfn.SEQUENCE($B12))/_xlfn.MINIFS('بيانات الفرق'!$AR$3:$AR$17,'بيانات الفرق'!$AP$3:$AP$17,"المجموعة "&_xlfn.SEQUENCE($B12)),0),ROUNDDOWN(_xlfn.MINIFS('بيانات الفرق'!$AQ$3:$AQ$17,'بيانات الفرق'!$AP$3:$AP$17,"المجموعة "&_xlfn.SEQUENCE($B12))/_xlfn.MINIFS('بيانات الفرق'!$AR$3:$AR$17,'بيانات الفرق'!$AP$3:$AP$17,"المجموعة "&_xlfn.SEQUENCE($B12)),0)&"–"&ROUNDUP(_xlfn.MAXIFS('بيانات الفرق'!$AQ$3:$AQ$17,'بيانات الفرق'!$AP$3:$AP$17,"المجموعة "&_xlfn.SEQUENCE($B12))/_xlfn.MINIFS('بيانات الفرق'!$AR$3:$AR$17,'بيانات الفرق'!$AP$3:$AP$17,"المجموعة "&_xlfn.SEQUENCE($B12)),0)))} -> 3 + 3 | E12: {=_xlfn.TEXTJOIN(" + ",TRUE,IF(_xlfn.MINIFS('بيانات الفرق'!$AQ$3:$AQ$17,'بيانات الفرق'!$AP$3:$AP$17,"المجموعة "&_xlfn.SEQUENCE($B12))=_xlfn.MAXIFS('بيانات الفرق'!$AQ$3:$AQ$17,'بيانات الفرق'!$AP$3:$AP$17,"المجموعة "&_xlfn.SEQUENCE($B12)),_xlfn.MINIFS('بيانات الفرق'!$AQ$3:$AQ$17,'بيانات الفرق'!$AP$3:$AP$17,"المجموعة "&_xlfn.SEQUENCE($B12)),_xlfn.MINIFS('بيانات الفرق'!$AQ$3:$AQ$17,'بيانات الفرق'!$AP$3:$AP$17,"المجموعة "&_xlfn.SEQUENCE($B12))&"–"&_xlfn.MAXIFS('بيانات الفرق'!$AQ$3:$AQ$17,'بيانات الفرق'!$AP$3:$AP$17,"المجموعة "&_xlfn.SEQUENCE($B12))))} -> 21 + 18 | F12: =IF(COUNTIF('15 فريقًا'!$E$4:$E$1999,"*فائز ر*")>0,"ربع نهائي ثم نصف نهائي ثم نهائي",IF(COUNTIF('15 فريقًا'!$E$4:$E$1999,"*فائز*")>0,"نصف نهائي ثم نهائي",IF(COUNTIF('15 فريقًا'!$E$4:$E$1999,"*أول المجموعة*")>0,"نهائي مباشر","—"))) -> نهائي مباشر | G12: =_xlfn.MAXIFS('15 فريقًا'!$A$4:$A$1999,'15 فريقًا'!$E$4:$E$1999,"* ضد *",'15 فريقًا'!$E$4:$E$1999,"<>*فائز*",'15 فريقًا'!$E$4:$E$1999,"<>*أول المجموعة*",'15 فريقًا'!$E$4:$E$1999,"<>*المتأهل*") -> 21 | H12: =$I12-$G12 -> 1 | I12: =_xlfn.MAXIFS('15 فريقًا'!$A$4:$A$1999,'15 فريقًا'!$E$4:$E$1999,"* ضد *") -> 22 | J12: =MOD(HOUR(المدخلات!$B$4)-1,12)+1&":"&TEXT(MINUTE(المدخلات!$B$4),"00")&IF(HOUR(المدخلات!$B$4)<12," ص"," م") -> 4:00 م | K12: {=_xlfn.LET(_xlpm.p,SUMPRODUCT(MAX((COUNTIF('15 فريقًا'!$B$4:$B$1999,المدخلات!$F$4:$F$7)>0)*(المدخلات!$F$4:$F$7<>"")*ROW(المدخلات!$F$4:$F$7)))-3,_xlpm.t,INDEX(المدخلات!$F$4:$F$7,_xlpm.p),TRIM(MID(_xlpm.t,FIND("–",_xlpm.t)+1,20)))} -> 7:50 م | L12: =_xlfn.MAXIFS('15 فريقًا'!$C$4:$C$1999,'15 فريقًا'!$E$4:$E$1999,"* ضد *") -> 3 | M12: =ROUNDUP($L12/المدخلات!$B$9,0) -> 2
A13: 16 | B13: {=ROUND(SUMPRODUCT(1/COUNTIF('بيانات الفرق'!$AU$3:$AU$18,'بيانات الفرق'!$AU$3:$AU$18)),0)} -> 2 | C13: {=_xlfn.TEXTJOIN(" + ",TRUE,COUNTIF('بيانات الفرق'!$AU$3:$AU$18,"المجموعة "&_xlfn.SEQUENCE($B13)))} -> 8 + 8 | D13: {=_xlfn.TEXTJOIN(" + ",TRUE,IF(ROUNDDOWN(_xlfn.MINIFS('بيانات الفرق'!$AV$3:$AV$18,'بيانات الفرق'!$AU$3:$AU$18,"المجموعة "&_xlfn.SEQUENCE($B13))/_xlfn.MINIFS('بيانات الفرق'!$AW$3:$AW$18,'بيانات الفرق'!$AU$3:$AU$18,"المجموعة "&_xlfn.SEQUENCE($B13)),0)=ROUNDUP(_xlfn.MAXIFS('بيانات الفرق'!$AV$3:$AV$18,'بيانات الفرق'!$AU$3:$AU$18,"المجموعة "&_xlfn.SEQUENCE($B13))/_xlfn.MINIFS('بيانات الفرق'!$AW$3:$AW$18,'بيانات الفرق'!$AU$3:$AU$18,"المجموعة "&_xlfn.SEQUENCE($B13)),0),ROUNDDOWN(_xlfn.MINIFS('بيانات الفرق'!$AV$3:$AV$18,'بيانات الفرق'!$AU$3:$AU$18,"المجموعة "&_xlfn.SEQUENCE($B13))/_xlfn.MINIFS('بيانات الفرق'!$AW$3:$AW$18,'بيانات الفرق'!$AU$3:$AU$18,"المجموعة "&_xlfn.SEQUENCE($B13)),0),ROUNDDOWN(_xlfn.MINIFS('بيانات الفرق'!$AV$3:$AV$18,'بيانات الفرق'!$AU$3:$AU$18,"المجموعة "&_xlfn.SEQUENCE($B13))/_xlfn.MINIFS('بيانات الفرق'!$AW$3:$AW$18,'بيانات الفرق'!$AU$3:$AU$18,"المجموعة "&_xlfn.SEQUENCE($B13)),0)&"–"&ROUNDUP(_xlfn.MAXIFS('بيانات الفرق'!$AV$3:$AV$18,'بيانات الفرق'!$AU$3:$AU$18,"المجموعة "&_xlfn.SEQUENCE($B13))/_xlfn.MINIFS('بيانات الفرق'!$AW$3:$AW$18,'بيانات الفرق'!$AU$3:$AU$18,"المجموعة "&_xlfn.SEQUENCE($B13)),0)))} -> 3 + 3 | E13: {=_xlfn.TEXTJOIN(" + ",TRUE,IF(_xlfn.MINIFS('بيانات الفرق'!$AV$3:$AV$18,'بيانات الفرق'!$AU$3:$AU$18,"المجموعة "&_xlfn.SEQUENCE($B13))=_xlfn.MAXIFS('بيانات الفرق'!$AV$3:$AV$18,'بيانات الفرق'!$AU$3:$AU$18,"المجموعة "&_xlfn.SEQUENCE($B13)),_xlfn.MINIFS('بيانات الفرق'!$AV$3:$AV$18,'بيانات الفرق'!$AU$3:$AU$18,"المجموعة "&_xlfn.SEQUENCE($B13)),_xlfn.MINIFS('بيانات الفرق'!$AV$3:$AV$18,'بيانات الفرق'!$AU$3:$AU$18,"المجموعة "&_xlfn.SEQUENCE($B13))&"–"&_xlfn.MAXIFS('بيانات الفرق'!$AV$3:$AV$18,'بيانات الفرق'!$AU$3:$AU$18,"المجموعة "&_xlfn.SEQUENCE($B13))))} -> 21 + 21 | F13: =IF(COUNTIF('16 فريقًا'!$E$4:$E$1999,"*فائز ر*")>0,"ربع نهائي ثم نصف نهائي ثم نهائي",IF(COUNTIF('16 فريقًا'!$E$4:$E$1999,"*فائز*")>0,"نصف نهائي ثم نهائي",IF(COUNTIF('16 فريقًا'!$E$4:$E$1999,"*أول المجموعة*")>0,"نهائي مباشر","—"))) -> نهائي مباشر | G13: =_xlfn.MAXIFS('16 فريقًا'!$A$4:$A$1999,'16 فريقًا'!$E$4:$E$1999,"* ضد *",'16 فريقًا'!$E$4:$E$1999,"<>*فائز*",'16 فريقًا'!$E$4:$E$1999,"<>*أول المجموعة*",'16 فريقًا'!$E$4:$E$1999,"<>*المتأهل*") -> 21 | H13: =$I13-$G13 -> 1 | I13: =_xlfn.MAXIFS('16 فريقًا'!$A$4:$A$1999,'16 فريقًا'!$E$4:$E$1999,"* ضد *") -> 22 | J13: =MOD(HOUR(المدخلات!$B$4)-1,12)+1&":"&TEXT(MINUTE(المدخلات!$B$4),"00")&IF(HOUR(المدخلات!$B$4)<12," ص"," م") -> 4:00 م | K13: {=_xlfn.LET(_xlpm.p,SUMPRODUCT(MAX((COUNTIF('16 فريقًا'!$B$4:$B$1999,المدخلات!$F$4:$F$7)>0)*(المدخلات!$F$4:$F$7<>"")*ROW(المدخلات!$F$4:$F$7)))-3,_xlpm.t,INDEX(المدخلات!$F$4:$F$7,_xlpm.p),TRIM(MID(_xlpm.t,FIND("–",_xlpm.t)+1,20)))} -> 6:30 م | L13: =_xlfn.MAXIFS('16 فريقًا'!$C$4:$C$1999,'16 فريقًا'!$E$4:$E$1999,"* ضد *") -> 4 | M13: =ROUNDUP($L13/المدخلات!$B$9,0) -> 2
A14: 17 | B14: {=ROUND(SUMPRODUCT(1/COUNTIF('بيانات الفرق'!$AZ$3:$AZ$19,'بيانات الفرق'!$AZ$3:$AZ$19)),0)} -> 1 | C14: {=_xlfn.TEXTJOIN(" + ",TRUE,COUNTIF('بيانات الفرق'!$AZ$3:$AZ$19,"المجموعة "&_xlfn.SEQUENCE($B14)))} -> 17 | D14: {=_xlfn.TEXTJOIN(" + ",TRUE,IF(ROUNDDOWN(_xlfn.MINIFS('بيانات الفرق'!$BA$3:$BA$19,'بيانات الفرق'!$AZ$3:$AZ$19,"المجموعة "&_xlfn.SEQUENCE($B14))/_xlfn.MINIFS('بيانات الفرق'!$BB$3:$BB$19,'بيانات الفرق'!$AZ$3:$AZ$19,"المجموعة "&_xlfn.SEQUENCE($B14)),0)=ROUNDUP(_xlfn.MAXIFS('بيانات الفرق'!$BA$3:$BA$19,'بيانات الفرق'!$AZ$3:$AZ$19,"المجموعة "&_xlfn.SEQUENCE($B14))/_xlfn.MINIFS('بيانات الفرق'!$BB$3:$BB$19,'بيانات الفرق'!$AZ$3:$AZ$19,"المجموعة "&_xlfn.SEQUENCE($B14)),0),ROUNDDOWN(_xlfn.MINIFS('بيانات الفرق'!$BA$3:$BA$19,'بيانات الفرق'!$AZ$3:$AZ$19,"المجموعة "&_xlfn.SEQUENCE($B14))/_xlfn.MINIFS('بيانات الفرق'!$BB$3:$BB$19,'بيانات الفرق'!$AZ$3:$AZ$19,"المجموعة "&_xlfn.SEQUENCE($B14)),0),ROUNDDOWN(_xlfn.MINIFS('بيانات الفرق'!$BA$3:$BA$19,'بيانات الفرق'!$AZ$3:$AZ$19,"المجموعة "&_xlfn.SEQUENCE($B14))/_xlfn.MINIFS('بيانات الفرق'!$BB$3:$BB$19,'بيانات الفرق'!$AZ$3:$AZ$19,"المجموعة "&_xlfn.SEQUENCE($B14)),0)&"–"&ROUNDUP(_xlfn.MAXIFS('بيانات الفرق'!$BA$3:$BA$19,'بيانات الفرق'!$AZ$3:$AZ$19,"المجموعة "&_xlfn.SEQUENCE($B14))/_xlfn.MINIFS('بيانات الفرق'!$BB$3:$BB$19,'بيانات الفرق'!$AZ$3:$AZ$19,"المجموعة "&_xlfn.SEQUENCE($B14)),0)))} -> 1–2 | E14: {=_xlfn.TEXTJOIN(" + ",TRUE,IF(_xlfn.MINIFS('بيانات الفرق'!$BA$3:$BA$19,'بيانات الفرق'!$AZ$3:$AZ$19,"المجموعة "&_xlfn.SEQUENCE($B14))=_xlfn.MAXIFS('بيانات الفرق'!$BA$3:$BA$19,'بيانات الفرق'!$AZ$3:$AZ$19,"المجموعة "&_xlfn.SEQUENCE($B14)),_xlfn.MINIFS('بيانات الفرق'!$BA$3:$BA$19,'بيانات الفرق'!$AZ$3:$AZ$19,"المجموعة "&_xlfn.SEQUENCE($B14)),_xlfn.MINIFS('بيانات الفرق'!$BA$3:$BA$19,'بيانات الفرق'!$AZ$3:$AZ$19,"المجموعة "&_xlfn.SEQUENCE($B14))&"–"&_xlfn.MAXIFS('بيانات الفرق'!$BA$3:$BA$19,'بيانات الفرق'!$AZ$3:$AZ$19,"المجموعة "&_xlfn.SEQUENCE($B14))))} -> 18 | F14: =IF(COUNTIF('17 فريقًا'!$D$4:$D$1999,"*فائز ر*")>0,"ربع نهائي ثم نصف نهائي ثم نهائي",IF(COUNTIF('17 فريقًا'!$D$4:$D$1999,"*فائز*")>0,"نصف نهائي ثم نهائي",IF(COUNTIF('17 فريقًا'!$D$4:$D$1999,"*أول المجموعة*")>0,"نهائي مباشر","—"))) -> — | G14: =_xlfn.MAXIFS('17 فريقًا'!$A$4:$A$1999,'17 فريقًا'!$D$4:$D$1999,"* ضد *",'17 فريقًا'!$D$4:$D$1999,"<>*فائز*",'17 فريقًا'!$D$4:$D$1999,"<>*أول المجموعة*",'17 فريقًا'!$D$4:$D$1999,"<>*المتأهل*") -> 20 | H14: =$I14-$G14 -> 0 | I14: =_xlfn.MAXIFS('17 فريقًا'!$A$4:$A$1999,'17 فريقًا'!$D$4:$D$1999,"* ضد *") -> 20 | J14: =MOD(HOUR(المدخلات!$B$4)-1,12)+1&":"&TEXT(MINUTE(المدخلات!$B$4),"00")&IF(HOUR(المدخلات!$B$4)<12," ص"," م") -> 4:00 م | K14: {=_xlfn.LET(_xlpm.p,SUMPRODUCT(MAX((COUNTIF('17 فريقًا'!$B$4:$B$1999,المدخلات!$F$4:$F$7)>0)*(المدخلات!$F$4:$F$7<>"")*ROW(المدخلات!$F$4:$F$7)))-3,_xlpm.t,INDEX(المدخلات!$F$4:$F$7,_xlpm.p),TRIM(MID(_xlpm.t,FIND("–",_xlpm.t)+1,20)))} -> 7:50 م | L14: =_xlfn.MAXIFS('17 فريقًا'!$C$4:$C$1999,'17 فريقًا'!$D$4:$D$1999,"* ضد *") -> 3 | M14: =ROUNDUP($L14/المدخلات!$B$9,0) -> 2
A15: 18 | B15: {=ROUND(SUMPRODUCT(1/COUNTIF('بيانات الفرق'!$BE$3:$BE$20,'بيانات الفرق'!$BE$3:$BE$20)),0)} -> 3 | C15: {=_xlfn.TEXTJOIN(" + ",TRUE,COUNTIF('بيانات الفرق'!$BE$3:$BE$20,"المجموعة "&_xlfn.SEQUENCE($B15)))} -> 6 + 6 + 6 | D15: {=_xlfn.TEXTJOIN(" + ",TRUE,IF(ROUNDDOWN(_xlfn.MINIFS('بيانات الفرق'!$BF$3:$BF$20,'بيانات الفرق'!$BE$3:$BE$20,"المجموعة "&_xlfn.SEQUENCE($B15))/_xlfn.MINIFS('بيانات الفرق'!$BG$3:$BG$20,'بيانات الفرق'!$BE$3:$BE$20,"المجموعة "&_xlfn.SEQUENCE($B15)),0)=ROUNDUP(_xlfn.MAXIFS('بيانات الفرق'!$BF$3:$BF$20,'بيانات الفرق'!$BE$3:$BE$20,"المجموعة "&_xlfn.SEQUENCE($B15))/_xlfn.MINIFS('بيانات الفرق'!$BG$3:$BG$20,'بيانات الفرق'!$BE$3:$BE$20,"المجموعة "&_xlfn.SEQUENCE($B15)),0),ROUNDDOWN(_xlfn.MINIFS('بيانات الفرق'!$BF$3:$BF$20,'بيانات الفرق'!$BE$3:$BE$20,"المجموعة "&_xlfn.SEQUENCE($B15))/_xlfn.MINIFS('بيانات الفرق'!$BG$3:$BG$20,'بيانات الفرق'!$BE$3:$BE$20,"المجموعة "&_xlfn.SEQUENCE($B15)),0),ROUNDDOWN(_xlfn.MINIFS('بيانات الفرق'!$BF$3:$BF$20,'بيانات الفرق'!$BE$3:$BE$20,"المجموعة "&_xlfn.SEQUENCE($B15))/_xlfn.MINIFS('بيانات الفرق'!$BG$3:$BG$20,'بيانات الفرق'!$BE$3:$BE$20,"المجموعة "&_xlfn.SEQUENCE($B15)),0)&"–"&ROUNDUP(_xlfn.MAXIFS('بيانات الفرق'!$BF$3:$BF$20,'بيانات الفرق'!$BE$3:$BE$20,"المجموعة "&_xlfn.SEQUENCE($B15))/_xlfn.MINIFS('بيانات الفرق'!$BG$3:$BG$20,'بيانات الفرق'!$BE$3:$BE$20,"المجموعة "&_xlfn.SEQUENCE($B15)),0)))} -> 4 + 4 + 4 | E15: {=_xlfn.TEXTJOIN(" + ",TRUE,IF(_xlfn.MINIFS('بيانات الفرق'!$BF$3:$BF$20,'بيانات الفرق'!$BE$3:$BE$20,"المجموعة "&_xlfn.SEQUENCE($B15))=_xlfn.MAXIFS('بيانات الفرق'!$BF$3:$BF$20,'بيانات الفرق'!$BE$3:$BE$20,"المجموعة "&_xlfn.SEQUENCE($B15)),_xlfn.MINIFS('بيانات الفرق'!$BF$3:$BF$20,'بيانات الفرق'!$BE$3:$BE$20,"المجموعة "&_xlfn.SEQUENCE($B15)),_xlfn.MINIFS('بيانات الفرق'!$BF$3:$BF$20,'بيانات الفرق'!$BE$3:$BE$20,"المجموعة "&_xlfn.SEQUENCE($B15))&"–"&_xlfn.MAXIFS('بيانات الفرق'!$BF$3:$BF$20,'بيانات الفرق'!$BE$3:$BE$20,"المجموعة "&_xlfn.SEQUENCE($B15))))} -> 20 + 20 + 20 | F15: =IF(COUNTIF('18 فريقًا'!$E$4:$E$1999,"*فائز ر*")>0,"ربع نهائي ثم نصف نهائي ثم نهائي",IF(COUNTIF('18 فريقًا'!$E$4:$E$1999,"*فائز*")>0,"نصف نهائي ثم نهائي",IF(COUNTIF('18 فريقًا'!$E$4:$E$1999,"*أول المجموعة*")>0,"نهائي مباشر","—"))) -> نصف نهائي ثم نهائي | G15: =_xlfn.MAXIFS('18 فريقًا'!$A$4:$A$1999,'18 فريقًا'!$E$4:$E$1999,"* ضد *",'18 فريقًا'!$E$4:$E$1999,"<>*فائز*",'18 فريقًا'!$E$4:$E$1999,"<>*أول المجموعة*",'18 فريقًا'!$E$4:$E$1999,"<>*المتأهل*") -> 20 | H15: =$I15-$G15 -> 2 | I15: =_xlfn.MAXIFS('18 فريقًا'!$A$4:$A$1999,'18 فريقًا'!$E$4:$E$1999,"* ضد *") -> 22 | J15: =MOD(HOUR(المدخلات!$B$4)-1,12)+1&":"&TEXT(MINUTE(المدخلات!$B$4),"00")&IF(HOUR(المدخلات!$B$4)<12," ص"," م") -> 4:00 م | K15: {=_xlfn.LET(_xlpm.p,SUMPRODUCT(MAX((COUNTIF('18 فريقًا'!$B$4:$B$1999,المدخلات!$F$4:$F$7)>0)*(المدخلات!$F$4:$F$7<>"")*ROW(المدخلات!$F$4:$F$7)))-3,_xlpm.t,INDEX(المدخلات!$F$4:$F$7,_xlpm.p),TRIM(MID(_xlpm.t,FIND("–",_xlpm.t)+1,20)))} -> 7:50 م | L15: =_xlfn.MAXIFS('18 فريقًا'!$C$4:$C$1999,'18 فريقًا'!$E$4:$E$1999,"* ضد *") -> 3 | M15: =ROUNDUP($L15/المدخلات!$B$9,0) -> 2
A16: 19 | B16: {=ROUND(SUMPRODUCT(1/COUNTIF('بيانات الفرق'!$BJ$3:$BJ$21,'بيانات الفرق'!$BJ$3:$BJ$21)),0)} -> 1 | C16: {=_xlfn.TEXTJOIN(" + ",TRUE,COUNTIF('بيانات الفرق'!$BJ$3:$BJ$21,"المجموعة "&_xlfn.SEQUENCE($B16)))} -> 19 | D16: {=_xlfn.TEXTJOIN(" + ",TRUE,IF(ROUNDDOWN(_xlfn.MINIFS('بيانات الفرق'!$BK$3:$BK$21,'بيانات الفرق'!$BJ$3:$BJ$21,"المجموعة "&_xlfn.SEQUENCE($B16))/_xlfn.MINIFS('بيانات الفرق'!$BL$3:$BL$21,'بيانات الفرق'!$BJ$3:$BJ$21,"المجموعة "&_xlfn.SEQUENCE($B16)),0)=ROUNDUP(_xlfn.MAXIFS('بيانات الفرق'!$BK$3:$BK$21,'بيانات الفرق'!$BJ$3:$BJ$21,"المجموعة "&_xlfn.SEQUENCE($B16))/_xlfn.MINIFS('بيانات الفرق'!$BL$3:$BL$21,'بيانات الفرق'!$BJ$3:$BJ$21,"المجموعة "&_xlfn.SEQUENCE($B16)),0),ROUNDDOWN(_xlfn.MINIFS('بيانات الفرق'!$BK$3:$BK$21,'بيانات الفرق'!$BJ$3:$BJ$21,"المجموعة "&_xlfn.SEQUENCE($B16))/_xlfn.MINIFS('بيانات الفرق'!$BL$3:$BL$21,'بيانات الفرق'!$BJ$3:$BJ$21,"المجموعة "&_xlfn.SEQUENCE($B16)),0),ROUNDDOWN(_xlfn.MINIFS('بيانات الفرق'!$BK$3:$BK$21,'بيانات الفرق'!$BJ$3:$BJ$21,"المجموعة "&_xlfn.SEQUENCE($B16))/_xlfn.MINIFS('بيانات الفرق'!$BL$3:$BL$21,'بيانات الفرق'!$BJ$3:$BJ$21,"المجموعة "&_xlfn.SEQUENCE($B16)),0)&"–"&ROUNDUP(_xlfn.MAXIFS('بيانات الفرق'!$BK$3:$BK$21,'بيانات الفرق'!$BJ$3:$BJ$21,"المجموعة "&_xlfn.SEQUENCE($B16))/_xlfn.MINIFS('بيانات الفرق'!$BL$3:$BL$21,'بيانات الفرق'!$BJ$3:$BJ$21,"المجموعة "&_xlfn.SEQUENCE($B16)),0)))} -> 1 | E16: {=_xlfn.TEXTJOIN(" + ",TRUE,IF(_xlfn.MINIFS('بيانات الفرق'!$BK$3:$BK$21,'بيانات الفرق'!$BJ$3:$BJ$21,"المجموعة "&_xlfn.SEQUENCE($B16))=_xlfn.MAXIFS('بيانات الفرق'!$BK$3:$BK$21,'بيانات الفرق'!$BJ$3:$BJ$21,"المجموعة "&_xlfn.SEQUENCE($B16)),_xlfn.MINIFS('بيانات الفرق'!$BK$3:$BK$21,'بيانات الفرق'!$BJ$3:$BJ$21,"المجموعة "&_xlfn.SEQUENCE($B16)),_xlfn.MINIFS('بيانات الفرق'!$BK$3:$BK$21,'بيانات الفرق'!$BJ$3:$BJ$21,"المجموعة "&_xlfn.SEQUENCE($B16))&"–"&_xlfn.MAXIFS('بيانات الفرق'!$BK$3:$BK$21,'بيانات الفرق'!$BJ$3:$BJ$21,"المجموعة "&_xlfn.SEQUENCE($B16))))} -> 18 | F16: =IF(COUNTIF('19 فريقًا'!$D$4:$D$1999,"*فائز ر*")>0,"ربع نهائي ثم نصف نهائي ثم نهائي",IF(COUNTIF('19 فريقًا'!$D$4:$D$1999,"*فائز*")>0,"نصف نهائي ثم نهائي",IF(COUNTIF('19 فريقًا'!$D$4:$D$1999,"*أول المجموعة*")>0,"نهائي مباشر","—"))) -> — | G16: =_xlfn.MAXIFS('19 فريقًا'!$A$4:$A$1999,'19 فريقًا'!$D$4:$D$1999,"* ضد *",'19 فريقًا'!$D$4:$D$1999,"<>*فائز*",'19 فريقًا'!$D$4:$D$1999,"<>*أول المجموعة*",'19 فريقًا'!$D$4:$D$1999,"<>*المتأهل*") -> 19 | H16: =$I16-$G16 -> 0 | I16: =_xlfn.MAXIFS('19 فريقًا'!$A$4:$A$1999,'19 فريقًا'!$D$4:$D$1999,"* ضد *") -> 19 | J16: =MOD(HOUR(المدخلات!$B$4)-1,12)+1&":"&TEXT(MINUTE(المدخلات!$B$4),"00")&IF(HOUR(المدخلات!$B$4)<12," ص"," م") -> 4:00 م | K16: {=_xlfn.LET(_xlpm.p,SUMPRODUCT(MAX((COUNTIF('19 فريقًا'!$B$4:$B$1999,المدخلات!$F$4:$F$7)>0)*(المدخلات!$F$4:$F$7<>"")*ROW(المدخلات!$F$4:$F$7)))-3,_xlpm.t,INDEX(المدخلات!$F$4:$F$7,_xlpm.p),TRIM(MID(_xlpm.t,FIND("–",_xlpm.t)+1,20)))} -> 7:50 م | L16: =_xlfn.MAXIFS('19 فريقًا'!$C$4:$C$1999,'19 فريقًا'!$D$4:$D$1999,"* ضد *") -> 3 | M16: =ROUNDUP($L16/المدخلات!$B$9,0) -> 2
A17: 20 | B17: {=ROUND(SUMPRODUCT(1/COUNTIF('بيانات الفرق'!$BO$3:$BO$22,'بيانات الفرق'!$BO$3:$BO$22)),0)} -> 1 | C17: {=_xlfn.TEXTJOIN(" + ",TRUE,COUNTIF('بيانات الفرق'!$BO$3:$BO$22,"المجموعة "&_xlfn.SEQUENCE($B17)))} -> 20 | D17: {=_xlfn.TEXTJOIN(" + ",TRUE,IF(ROUNDDOWN(_xlfn.MINIFS('بيانات الفرق'!$BP$3:$BP$22,'بيانات الفرق'!$BO$3:$BO$22,"المجموعة "&_xlfn.SEQUENCE($B17))/_xlfn.MINIFS('بيانات الفرق'!$BQ$3:$BQ$22,'بيانات الفرق'!$BO$3:$BO$22,"المجموعة "&_xlfn.SEQUENCE($B17)),0)=ROUNDUP(_xlfn.MAXIFS('بيانات الفرق'!$BP$3:$BP$22,'بيانات الفرق'!$BO$3:$BO$22,"المجموعة "&_xlfn.SEQUENCE($B17))/_xlfn.MINIFS('بيانات الفرق'!$BQ$3:$BQ$22,'بيانات الفرق'!$BO$3:$BO$22,"المجموعة "&_xlfn.SEQUENCE($B17)),0),ROUNDDOWN(_xlfn.MINIFS('بيانات الفرق'!$BP$3:$BP$22,'بيانات الفرق'!$BO$3:$BO$22,"المجموعة "&_xlfn.SEQUENCE($B17))/_xlfn.MINIFS('بيانات الفرق'!$BQ$3:$BQ$22,'بيانات الفرق'!$BO$3:$BO$22,"المجموعة "&_xlfn.SEQUENCE($B17)),0),ROUNDDOWN(_xlfn.MINIFS('بيانات الفرق'!$BP$3:$BP$22,'بيانات الفرق'!$BO$3:$BO$22,"المجموعة "&_xlfn.SEQUENCE($B17))/_xlfn.MINIFS('بيانات الفرق'!$BQ$3:$BQ$22,'بيانات الفرق'!$BO$3:$BO$22,"المجموعة "&_xlfn.SEQUENCE($B17)),0)&"–"&ROUNDUP(_xlfn.MAXIFS('بيانات الفرق'!$BP$3:$BP$22,'بيانات الفرق'!$BO$3:$BO$22,"المجموعة "&_xlfn.SEQUENCE($B17))/_xlfn.MINIFS('بيانات الفرق'!$BQ$3:$BQ$22,'بيانات الفرق'!$BO$3:$BO$22,"المجموعة "&_xlfn.SEQUENCE($B17)),0)))} -> 1 | E17: {=_xlfn.TEXTJOIN(" + ",TRUE,IF(_xlfn.MINIFS('بيانات الفرق'!$BP$3:$BP$22,'بيانات الفرق'!$BO$3:$BO$22,"المجموعة "&_xlfn.SEQUENCE($B17))=_xlfn.MAXIFS('بيانات الفرق'!$BP$3:$BP$22,'بيانات الفرق'!$BO$3:$BO$22,"المجموعة "&_xlfn.SEQUENCE($B17)),_xlfn.MINIFS('بيانات الفرق'!$BP$3:$BP$22,'بيانات الفرق'!$BO$3:$BO$22,"المجموعة "&_xlfn.SEQUENCE($B17)),_xlfn.MINIFS('بيانات الفرق'!$BP$3:$BP$22,'بيانات الفرق'!$BO$3:$BO$22,"المجموعة "&_xlfn.SEQUENCE($B17))&"–"&_xlfn.MAXIFS('بيانات الفرق'!$BP$3:$BP$22,'بيانات الفرق'!$BO$3:$BO$22,"المجموعة "&_xlfn.SEQUENCE($B17))))} -> 19 | F17: =IF(COUNTIF('20 فريقًا'!$D$4:$D$1999,"*فائز ر*")>0,"ربع نهائي ثم نصف نهائي ثم نهائي",IF(COUNTIF('20 فريقًا'!$D$4:$D$1999,"*فائز*")>0,"نصف نهائي ثم نهائي",IF(COUNTIF('20 فريقًا'!$D$4:$D$1999,"*أول المجموعة*")>0,"نهائي مباشر","—"))) -> — | G17: =_xlfn.MAXIFS('20 فريقًا'!$A$4:$A$1999,'20 فريقًا'!$D$4:$D$1999,"* ضد *",'20 فريقًا'!$D$4:$D$1999,"<>*فائز*",'20 فريقًا'!$D$4:$D$1999,"<>*أول المجموعة*",'20 فريقًا'!$D$4:$D$1999,"<>*المتأهل*") -> 19 | H17: =$I17-$G17 -> 0 | I17: =_xlfn.MAXIFS('20 فريقًا'!$A$4:$A$1999,'20 فريقًا'!$D$4:$D$1999,"* ضد *") -> 19 | J17: =MOD(HOUR(المدخلات!$B$4)-1,12)+1&":"&TEXT(MINUTE(المدخلات!$B$4),"00")&IF(HOUR(المدخلات!$B$4)<12," ص"," م") -> 4:00 م | K17: {=_xlfn.LET(_xlpm.p,SUMPRODUCT(MAX((COUNTIF('20 فريقًا'!$B$4:$B$1999,المدخلات!$F$4:$F$7)>0)*(المدخلات!$F$4:$F$7<>"")*ROW(المدخلات!$F$4:$F$7)))-3,_xlpm.t,INDEX(المدخلات!$F$4:$F$7,_xlpm.p),TRIM(MID(_xlpm.t,FIND("–",_xlpm.t)+1,20)))} -> 7:50 م | L17: =_xlfn.MAXIFS('20 فريقًا'!$C$4:$C$1999,'20 فريقًا'!$D$4:$D$1999,"* ضد *") -> 4 | M17: =ROUNDUP($L17/المدخلات!$B$9,0) -> 2
A18: 21 | B18: {=ROUND(SUMPRODUCT(1/COUNTIF('بيانات الفرق'!$BT$3:$BT$23,'بيانات الفرق'!$BT$3:$BT$23)),0)} -> 1 | C18: {=_xlfn.TEXTJOIN(" + ",TRUE,COUNTIF('بيانات الفرق'!$BT$3:$BT$23,"المجموعة "&_xlfn.SEQUENCE($B18)))} -> 21 | D18: {=_xlfn.TEXTJOIN(" + ",TRUE,IF(ROUNDDOWN(_xlfn.MINIFS('بيانات الفرق'!$BU$3:$BU$23,'بيانات الفرق'!$BT$3:$BT$23,"المجموعة "&_xlfn.SEQUENCE($B18))/_xlfn.MINIFS('بيانات الفرق'!$BV$3:$BV$23,'بيانات الفرق'!$BT$3:$BT$23,"المجموعة "&_xlfn.SEQUENCE($B18)),0)=ROUNDUP(_xlfn.MAXIFS('بيانات الفرق'!$BU$3:$BU$23,'بيانات الفرق'!$BT$3:$BT$23,"المجموعة "&_xlfn.SEQUENCE($B18))/_xlfn.MINIFS('بيانات الفرق'!$BV$3:$BV$23,'بيانات الفرق'!$BT$3:$BT$23,"المجموعة "&_xlfn.SEQUENCE($B18)),0),ROUNDDOWN(_xlfn.MINIFS('بيانات الفرق'!$BU$3:$BU$23,'بيانات الفرق'!$BT$3:$BT$23,"المجموعة "&_xlfn.SEQUENCE($B18))/_xlfn.MINIFS('بيانات الفرق'!$BV$3:$BV$23,'بيانات الفرق'!$BT$3:$BT$23,"المجموعة "&_xlfn.SEQUENCE($B18)),0),ROUNDDOWN(_xlfn.MINIFS('بيانات الفرق'!$BU$3:$BU$23,'بيانات الفرق'!$BT$3:$BT$23,"المجموعة "&_xlfn.SEQUENCE($B18))/_xlfn.MINIFS('بيانات الفرق'!$BV$3:$BV$23,'بيانات الفرق'!$BT$3:$BT$23,"المجموعة "&_xlfn.SEQUENCE($B18)),0)&"–"&ROUNDUP(_xlfn.MAXIFS('بيانات الفرق'!$BU$3:$BU$23,'بيانات الفرق'!$BT$3:$BT$23,"المجموعة "&_xlfn.SEQUENCE($B18))/_xlfn.MINIFS('بيانات الفرق'!$BV$3:$BV$23,'بيانات الفرق'!$BT$3:$BT$23,"المجموعة "&_xlfn.SEQUENCE($B18)),0)))} -> 1 | E18: {=_xlfn.TEXTJOIN(" + ",TRUE,IF(_xlfn.MINIFS('بيانات الفرق'!$BU$3:$BU$23,'بيانات الفرق'!$BT$3:$BT$23,"المجموعة "&_xlfn.SEQUENCE($B18))=_xlfn.MAXIFS('بيانات الفرق'!$BU$3:$BU$23,'بيانات الفرق'!$BT$3:$BT$23,"المجموعة "&_xlfn.SEQUENCE($B18)),_xlfn.MINIFS('بيانات الفرق'!$BU$3:$BU$23,'بيانات الفرق'!$BT$3:$BT$23,"المجموعة "&_xlfn.SEQUENCE($B18)),_xlfn.MINIFS('بيانات الفرق'!$BU$3:$BU$23,'بيانات الفرق'!$BT$3:$BT$23,"المجموعة "&_xlfn.SEQUENCE($B18))&"–"&_xlfn.MAXIFS('بيانات الفرق'!$BU$3:$BU$23,'بيانات الفرق'!$BT$3:$BT$23,"المجموعة "&_xlfn.SEQUENCE($B18))))} -> 20 | F18: =IF(COUNTIF('21 فريقًا'!$D$4:$D$1999,"*فائز ر*")>0,"ربع نهائي ثم نصف نهائي ثم نهائي",IF(COUNTIF('21 فريقًا'!$D$4:$D$1999,"*فائز*")>0,"نصف نهائي ثم نهائي",IF(COUNTIF('21 فريقًا'!$D$4:$D$1999,"*أول المجموعة*")>0,"نهائي مباشر","—"))) -> — | G18: =_xlfn.MAXIFS('21 فريقًا'!$A$4:$A$1999,'21 فريقًا'!$D$4:$D$1999,"* ضد *",'21 فريقًا'!$D$4:$D$1999,"<>*فائز*",'21 فريقًا'!$D$4:$D$1999,"<>*أول المجموعة*",'21 فريقًا'!$D$4:$D$1999,"<>*المتأهل*") -> 21 | H18: =$I18-$G18 -> 0 | I18: =_xlfn.MAXIFS('21 فريقًا'!$A$4:$A$1999,'21 فريقًا'!$D$4:$D$1999,"* ضد *") -> 21 | J18: =MOD(HOUR(المدخلات!$B$4)-1,12)+1&":"&TEXT(MINUTE(المدخلات!$B$4),"00")&IF(HOUR(المدخلات!$B$4)<12," ص"," م") -> 4:00 م | K18: {=_xlfn.LET(_xlpm.p,SUMPRODUCT(MAX((COUNTIF('21 فريقًا'!$B$4:$B$1999,المدخلات!$F$4:$F$7)>0)*(المدخلات!$F$4:$F$7<>"")*ROW(المدخلات!$F$4:$F$7)))-3,_xlpm.t,INDEX(المدخلات!$F$4:$F$7,_xlpm.p),TRIM(MID(_xlpm.t,FIND("–",_xlpm.t)+1,20)))} -> 7:50 م | L18: =_xlfn.MAXIFS('21 فريقًا'!$C$4:$C$1999,'21 فريقًا'!$D$4:$D$1999,"* ضد *") -> 4 | M18: =ROUNDUP($L18/المدخلات!$B$9,0) -> 2
A19: 22 | B19: {=ROUND(SUMPRODUCT(1/COUNTIF('بيانات الفرق'!$BY$3:$BY$24,'بيانات الفرق'!$BY$3:$BY$24)),0)} -> 1 | C19: {=_xlfn.TEXTJOIN(" + ",TRUE,COUNTIF('بيانات الفرق'!$BY$3:$BY$24,"المجموعة "&_xlfn.SEQUENCE($B19)))} -> 22 | D19: {=_xlfn.TEXTJOIN(" + ",TRUE,IF(ROUNDDOWN(_xlfn.MINIFS('بيانات الفرق'!$BZ$3:$BZ$24,'بيانات الفرق'!$BY$3:$BY$24,"المجموعة "&_xlfn.SEQUENCE($B19))/_xlfn.MINIFS('بيانات الفرق'!$CA$3:$CA$24,'بيانات الفرق'!$BY$3:$BY$24,"المجموعة "&_xlfn.SEQUENCE($B19)),0)=ROUNDUP(_xlfn.MAXIFS('بيانات الفرق'!$BZ$3:$BZ$24,'بيانات الفرق'!$BY$3:$BY$24,"المجموعة "&_xlfn.SEQUENCE($B19))/_xlfn.MINIFS('بيانات الفرق'!$CA$3:$CA$24,'بيانات الفرق'!$BY$3:$BY$24,"المجموعة "&_xlfn.SEQUENCE($B19)),0),ROUNDDOWN(_xlfn.MINIFS('بيانات الفرق'!$BZ$3:$BZ$24,'بيانات الفرق'!$BY$3:$BY$24,"المجموعة "&_xlfn.SEQUENCE($B19))/_xlfn.MINIFS('بيانات الفرق'!$CA$3:$CA$24,'بيانات الفرق'!$BY$3:$BY$24,"المجموعة "&_xlfn.SEQUENCE($B19)),0),ROUNDDOWN(_xlfn.MINIFS('بيانات الفرق'!$BZ$3:$BZ$24,'بيانات الفرق'!$BY$3:$BY$24,"المجموعة "&_xlfn.SEQUENCE($B19))/_xlfn.MINIFS('بيانات الفرق'!$CA$3:$CA$24,'بيانات الفرق'!$BY$3:$BY$24,"المجموعة "&_xlfn.SEQUENCE($B19)),0)&"–"&ROUNDUP(_xlfn.MAXIFS('بيانات الفرق'!$BZ$3:$BZ$24,'بيانات الفرق'!$BY$3:$BY$24,"المجموعة "&_xlfn.SEQUENCE($B19))/_xlfn.MINIFS('بيانات الفرق'!$CA$3:$CA$24,'بيانات الفرق'!$BY$3:$BY$24,"المجموعة "&_xlfn.SEQUENCE($B19)),0)))} -> 1 | E19: {=_xlfn.TEXTJOIN(" + ",TRUE,IF(_xlfn.MINIFS('بيانات الفرق'!$BZ$3:$BZ$24,'بيانات الفرق'!$BY$3:$BY$24,"المجموعة "&_xlfn.SEQUENCE($B19))=_xlfn.MAXIFS('بيانات الفرق'!$BZ$3:$BZ$24,'بيانات الفرق'!$BY$3:$BY$24,"المجموعة "&_xlfn.SEQUENCE($B19)),_xlfn.MINIFS('بيانات الفرق'!$BZ$3:$BZ$24,'بيانات الفرق'!$BY$3:$BY$24,"المجموعة "&_xlfn.SEQUENCE($B19)),_xlfn.MINIFS('بيانات الفرق'!$BZ$3:$BZ$24,'بيانات الفرق'!$BY$3:$BY$24,"المجموعة "&_xlfn.SEQUENCE($B19))&"–"&_xlfn.MAXIFS('بيانات الفرق'!$BZ$3:$BZ$24,'بيانات الفرق'!$BY$3:$BY$24,"المجموعة "&_xlfn.SEQUENCE($B19))))} -> 21 | F19: =IF(COUNTIF('22 فريقًا'!$D$4:$D$1999,"*فائز ر*")>0,"ربع نهائي ثم نصف نهائي ثم نهائي",IF(COUNTIF('22 فريقًا'!$D$4:$D$1999,"*فائز*")>0,"نصف نهائي ثم نهائي",IF(COUNTIF('22 فريقًا'!$D$4:$D$1999,"*أول المجموعة*")>0,"نهائي مباشر","—"))) -> — | G19: =_xlfn.MAXIFS('22 فريقًا'!$A$4:$A$1999,'22 فريقًا'!$D$4:$D$1999,"* ضد *",'22 فريقًا'!$D$4:$D$1999,"<>*فائز*",'22 فريقًا'!$D$4:$D$1999,"<>*أول المجموعة*",'22 فريقًا'!$D$4:$D$1999,"<>*المتأهل*") -> 21 | H19: =$I19-$G19 -> 0 | I19: =_xlfn.MAXIFS('22 فريقًا'!$A$4:$A$1999,'22 فريقًا'!$D$4:$D$1999,"* ضد *") -> 21 | J19: =MOD(HOUR(المدخلات!$B$4)-1,12)+1&":"&TEXT(MINUTE(المدخلات!$B$4),"00")&IF(HOUR(المدخلات!$B$4)<12," ص"," م") -> 4:00 م | K19: {=_xlfn.LET(_xlpm.p,SUMPRODUCT(MAX((COUNTIF('22 فريقًا'!$B$4:$B$1999,المدخلات!$F$4:$F$7)>0)*(المدخلات!$F$4:$F$7<>"")*ROW(المدخلات!$F$4:$F$7)))-3,_xlpm.t,INDEX(المدخلات!$F$4:$F$7,_xlpm.p),TRIM(MID(_xlpm.t,FIND("–",_xlpm.t)+1,20)))} -> 7:50 م | L19: =_xlfn.MAXIFS('22 فريقًا'!$C$4:$C$1999,'22 فريقًا'!$D$4:$D$1999,"* ضد *") -> 4 | M19: =ROUNDUP($L19/المدخلات!$B$9,0) -> 2
A20: 23 | B20: {=ROUND(SUMPRODUCT(1/COUNTIF('بيانات الفرق'!$CD$3:$CD$25,'بيانات الفرق'!$CD$3:$CD$25)),0)} -> 2 | C20: {=_xlfn.TEXTJOIN(" + ",TRUE,COUNTIF('بيانات الفرق'!$CD$3:$CD$25,"المجموعة "&_xlfn.SEQUENCE($B20)))} -> 12 + 11 | D20: {=_xlfn.TEXTJOIN(" + ",TRUE,IF(ROUNDDOWN(_xlfn.MINIFS('بيانات الفرق'!$CE$3:$CE$25,'بيانات الفرق'!$CD$3:$CD$25,"المجموعة "&_xlfn.SEQUENCE($B20))/_xlfn.MINIFS('بيانات الفرق'!$CF$3:$CF$25,'بيانات الفرق'!$CD$3:$CD$25,"المجموعة "&_xlfn.SEQUENCE($B20)),0)=ROUNDUP(_xlfn.MAXIFS('بيانات الفرق'!$CE$3:$CE$25,'بيانات الفرق'!$CD$3:$CD$25,"المجموعة "&_xlfn.SEQUENCE($B20))/_xlfn.MINIFS('بيانات الفرق'!$CF$3:$CF$25,'بيانات الفرق'!$CD$3:$CD$25,"المجموعة "&_xlfn.SEQUENCE($B20)),0),ROUNDDOWN(_xlfn.MINIFS('بيانات الفرق'!$CE$3:$CE$25,'بيانات الفرق'!$CD$3:$CD$25,"المجموعة "&_xlfn.SEQUENCE($B20))/_xlfn.MINIFS('بيانات الفرق'!$CF$3:$CF$25,'بيانات الفرق'!$CD$3:$CD$25,"المجموعة "&_xlfn.SEQUENCE($B20)),0),ROUNDDOWN(_xlfn.MINIFS('بيانات الفرق'!$CE$3:$CE$25,'بيانات الفرق'!$CD$3:$CD$25,"المجموعة "&_xlfn.SEQUENCE($B20))/_xlfn.MINIFS('بيانات الفرق'!$CF$3:$CF$25,'بيانات الفرق'!$CD$3:$CD$25,"المجموعة "&_xlfn.SEQUENCE($B20)),0)&"–"&ROUNDUP(_xlfn.MAXIFS('بيانات الفرق'!$CE$3:$CE$25,'بيانات الفرق'!$CD$3:$CD$25,"المجموعة "&_xlfn.SEQUENCE($B20))/_xlfn.MINIFS('بيانات الفرق'!$CF$3:$CF$25,'بيانات الفرق'!$CD$3:$CD$25,"المجموعة "&_xlfn.SEQUENCE($B20)),0)))} -> 1–2 + 1–2 | E20: {=_xlfn.TEXTJOIN(" + ",TRUE,IF(_xlfn.MINIFS('بيانات الفرق'!$CE$3:$CE$25,'بيانات الفرق'!$CD$3:$CD$25,"المجموعة "&_xlfn.SEQUENCE($B20))=_xlfn.MAXIFS('بيانات الفرق'!$CE$3:$CE$25,'بيانات الفرق'!$CD$3:$CD$25,"المجموعة "&_xlfn.SEQUENCE($B20)),_xlfn.MINIFS('بيانات الفرق'!$CE$3:$CE$25,'بيانات الفرق'!$CD$3:$CD$25,"المجموعة "&_xlfn.SEQUENCE($B20)),_xlfn.MINIFS('بيانات الفرق'!$CE$3:$CE$25,'بيانات الفرق'!$CD$3:$CD$25,"المجموعة "&_xlfn.SEQUENCE($B20))&"–"&_xlfn.MAXIFS('بيانات الفرق'!$CE$3:$CE$25,'بيانات الفرق'!$CD$3:$CD$25,"المجموعة "&_xlfn.SEQUENCE($B20))))} -> 18 + 18 | F20: =IF(COUNTIF('23 فريقًا'!$E$4:$E$1999,"*فائز ر*")>0,"ربع نهائي ثم نصف نهائي ثم نهائي",IF(COUNTIF('23 فريقًا'!$E$4:$E$1999,"*فائز*")>0,"نصف نهائي ثم نهائي",IF(COUNTIF('23 فريقًا'!$E$4:$E$1999,"*أول المجموعة*")>0,"نهائي مباشر","—"))) -> نهائي مباشر | G20: =_xlfn.MAXIFS('23 فريقًا'!$A$4:$A$1999,'23 فريقًا'!$E$4:$E$1999,"* ضد *",'23 فريقًا'!$E$4:$E$1999,"<>*فائز*",'23 فريقًا'!$E$4:$E$1999,"<>*أول المجموعة*",'23 فريقًا'!$E$4:$E$1999,"<>*المتأهل*") -> 21 | H20: =$I20-$G20 -> 1 | I20: =_xlfn.MAXIFS('23 فريقًا'!$A$4:$A$1999,'23 فريقًا'!$E$4:$E$1999,"* ضد *") -> 22 | J20: =MOD(HOUR(المدخلات!$B$4)-1,12)+1&":"&TEXT(MINUTE(المدخلات!$B$4),"00")&IF(HOUR(المدخلات!$B$4)<12," ص"," م") -> 4:00 م | K20: {=_xlfn.LET(_xlpm.p,SUMPRODUCT(MAX((COUNTIF('23 فريقًا'!$B$4:$B$1999,المدخلات!$F$4:$F$7)>0)*(المدخلات!$F$4:$F$7<>"")*ROW(المدخلات!$F$4:$F$7)))-3,_xlpm.t,INDEX(المدخلات!$F$4:$F$7,_xlpm.p),TRIM(MID(_xlpm.t,FIND("–",_xlpm.t)+1,20)))} -> 7:50 م | L20: =_xlfn.MAXIFS('23 فريقًا'!$C$4:$C$1999,'23 فريقًا'!$E$4:$E$1999,"* ضد *") -> 4 | M20: =ROUNDUP($L20/المدخلات!$B$9,0) -> 2
A21: 25 | B21: {=ROUND(SUMPRODUCT(1/COUNTIF('بيانات الفرق'!$CI$3:$CI$27,'بيانات الفرق'!$CI$3:$CI$27)),0)} -> 2 | C21: {=_xlfn.TEXTJOIN(" + ",TRUE,COUNTIF('بيانات الفرق'!$CI$3:$CI$27,"المجموعة "&_xlfn.SEQUENCE($B21)))} -> 13 + 12 | D21: {=_xlfn.TEXTJOIN(" + ",TRUE,IF(ROUNDDOWN(_xlfn.MINIFS('بيانات الفرق'!$CJ$3:$CJ$27,'بيانات الفرق'!$CI$3:$CI$27,"المجموعة "&_xlfn.SEQUENCE($B21))/_xlfn.MINIFS('بيانات الفرق'!$CK$3:$CK$27,'بيانات الفرق'!$CI$3:$CI$27,"المجموعة "&_xlfn.SEQUENCE($B21)),0)=ROUNDUP(_xlfn.MAXIFS('بيانات الفرق'!$CJ$3:$CJ$27,'بيانات الفرق'!$CI$3:$CI$27,"المجموعة "&_xlfn.SEQUENCE($B21))/_xlfn.MINIFS('بيانات الفرق'!$CK$3:$CK$27,'بيانات الفرق'!$CI$3:$CI$27,"المجموعة "&_xlfn.SEQUENCE($B21)),0),ROUNDDOWN(_xlfn.MINIFS('بيانات الفرق'!$CJ$3:$CJ$27,'بيانات الفرق'!$CI$3:$CI$27,"المجموعة "&_xlfn.SEQUENCE($B21))/_xlfn.MINIFS('بيانات الفرق'!$CK$3:$CK$27,'بيانات الفرق'!$CI$3:$CI$27,"المجموعة "&_xlfn.SEQUENCE($B21)),0),ROUNDDOWN(_xlfn.MINIFS('بيانات الفرق'!$CJ$3:$CJ$27,'بيانات الفرق'!$CI$3:$CI$27,"المجموعة "&_xlfn.SEQUENCE($B21))/_xlfn.MINIFS('بيانات الفرق'!$CK$3:$CK$27,'بيانات الفرق'!$CI$3:$CI$27,"المجموعة "&_xlfn.SEQUENCE($B21)),0)&"–"&ROUNDUP(_xlfn.MAXIFS('بيانات الفرق'!$CJ$3:$CJ$27,'بيانات الفرق'!$CI$3:$CI$27,"المجموعة "&_xlfn.SEQUENCE($B21))/_xlfn.MINIFS('بيانات الفرق'!$CK$3:$CK$27,'بيانات الفرق'!$CI$3:$CI$27,"المجموعة "&_xlfn.SEQUENCE($B21)),0)))} -> 1–2 + 1–2 | E21: {=_xlfn.TEXTJOIN(" + ",TRUE,IF(_xlfn.MINIFS('بيانات الفرق'!$CJ$3:$CJ$27,'بيانات الفرق'!$CI$3:$CI$27,"المجموعة "&_xlfn.SEQUENCE($B21))=_xlfn.MAXIFS('بيانات الفرق'!$CJ$3:$CJ$27,'بيانات الفرق'!$CI$3:$CI$27,"المجموعة "&_xlfn.SEQUENCE($B21)),_xlfn.MINIFS('بيانات الفرق'!$CJ$3:$CJ$27,'بيانات الفرق'!$CI$3:$CI$27,"المجموعة "&_xlfn.SEQUENCE($B21)),_xlfn.MINIFS('بيانات الفرق'!$CJ$3:$CJ$27,'بيانات الفرق'!$CI$3:$CI$27,"المجموعة "&_xlfn.SEQUENCE($B21))&"–"&_xlfn.MAXIFS('بيانات الفرق'!$CJ$3:$CJ$27,'بيانات الفرق'!$CI$3:$CI$27,"المجموعة "&_xlfn.SEQUENCE($B21))))} -> 18 + 18 | F21: =IF(COUNTIF('25 فريقًا'!$E$4:$E$1999,"*فائز ر*")>0,"ربع نهائي ثم نصف نهائي ثم نهائي",IF(COUNTIF('25 فريقًا'!$E$4:$E$1999,"*فائز*")>0,"نصف نهائي ثم نهائي",IF(COUNTIF('25 فريقًا'!$E$4:$E$1999,"*أول المجموعة*")>0,"نهائي مباشر","—"))) -> نهائي مباشر | G21: =_xlfn.MAXIFS('25 فريقًا'!$A$4:$A$1999,'25 فريقًا'!$E$4:$E$1999,"* ضد *",'25 فريقًا'!$E$4:$E$1999,"<>*فائز*",'25 فريقًا'!$E$4:$E$1999,"<>*أول المجموعة*",'25 فريقًا'!$E$4:$E$1999,"<>*المتأهل*") -> 21 | H21: =$I21-$G21 -> 1 | I21: =_xlfn.MAXIFS('25 فريقًا'!$A$4:$A$1999,'25 فريقًا'!$E$4:$E$1999,"* ضد *") -> 22 | J21: =MOD(HOUR(المدخلات!$B$4)-1,12)+1&":"&TEXT(MINUTE(المدخلات!$B$4),"00")&IF(HOUR(المدخلات!$B$4)<12," ص"," م") -> 4:00 م | K21: {=_xlfn.LET(_xlpm.p,SUMPRODUCT(MAX((COUNTIF('25 فريقًا'!$B$4:$B$1999,المدخلات!$F$4:$F$7)>0)*(المدخلات!$F$4:$F$7<>"")*ROW(المدخلات!$F$4:$F$7)))-3,_xlpm.t,INDEX(المدخلات!$F$4:$F$7,_xlpm.p),TRIM(MID(_xlpm.t,FIND("–",_xlpm.t)+1,20)))} -> 7:50 م | L21: =_xlfn.MAXIFS('25 فريقًا'!$C$4:$C$1999,'25 فريقًا'!$E$4:$E$1999,"* ضد *") -> 4 | M21: =ROUNDUP($L21/المدخلات!$B$9,0) -> 2
A22: 26 | B22: {=ROUND(SUMPRODUCT(1/COUNTIF('بيانات الفرق'!$CN$3:$CN$28,'بيانات الفرق'!$CN$3:$CN$28)),0)} -> 2 | C22: {=_xlfn.TEXTJOIN(" + ",TRUE,COUNTIF('بيانات الفرق'!$CN$3:$CN$28,"المجموعة "&_xlfn.SEQUENCE($B22)))} -> 14 + 12 | D22: {=_xlfn.TEXTJOIN(" + ",TRUE,IF(ROUNDDOWN(_xlfn.MINIFS('بيانات الفرق'!$CO$3:$CO$28,'بيانات الفرق'!$CN$3:$CN$28,"المجموعة "&_xlfn.SEQUENCE($B22))/_xlfn.MINIFS('بيانات الفرق'!$CP$3:$CP$28,'بيانات الفرق'!$CN$3:$CN$28,"المجموعة "&_xlfn.SEQUENCE($B22)),0)=ROUNDUP(_xlfn.MAXIFS('بيانات الفرق'!$CO$3:$CO$28,'بيانات الفرق'!$CN$3:$CN$28,"المجموعة "&_xlfn.SEQUENCE($B22))/_xlfn.MINIFS('بيانات الفرق'!$CP$3:$CP$28,'بيانات الفرق'!$CN$3:$CN$28,"المجموعة "&_xlfn.SEQUENCE($B22)),0),ROUNDDOWN(_xlfn.MINIFS('بيانات الفرق'!$CO$3:$CO$28,'بيانات الفرق'!$CN$3:$CN$28,"المجموعة "&_xlfn.SEQUENCE($B22))/_xlfn.MINIFS('بيانات الفرق'!$CP$3:$CP$28,'بيانات الفرق'!$CN$3:$CN$28,"المجموعة "&_xlfn.SEQUENCE($B22)),0),ROUNDDOWN(_xlfn.MINIFS('بيانات الفرق'!$CO$3:$CO$28,'بيانات الفرق'!$CN$3:$CN$28,"المجموعة "&_xlfn.SEQUENCE($B22))/_xlfn.MINIFS('بيانات الفرق'!$CP$3:$CP$28,'بيانات الفرق'!$CN$3:$CN$28,"المجموعة "&_xlfn.SEQUENCE($B22)),0)&"–"&ROUNDUP(_xlfn.MAXIFS('بيانات الفرق'!$CO$3:$CO$28,'بيانات الفرق'!$CN$3:$CN$28,"المجموعة "&_xlfn.SEQUENCE($B22))/_xlfn.MINIFS('بيانات الفرق'!$CP$3:$CP$28,'بيانات الفرق'!$CN$3:$CN$28,"المجموعة "&_xlfn.SEQUENCE($B22)),0)))} -> 1–2 + 1–2 | E22: {=_xlfn.TEXTJOIN(" + ",TRUE,IF(_xlfn.MINIFS('بيانات الفرق'!$CO$3:$CO$28,'بيانات الفرق'!$CN$3:$CN$28,"المجموعة "&_xlfn.SEQUENCE($B22))=_xlfn.MAXIFS('بيانات الفرق'!$CO$3:$CO$28,'بيانات الفرق'!$CN$3:$CN$28,"المجموعة "&_xlfn.SEQUENCE($B22)),_xlfn.MINIFS('بيانات الفرق'!$CO$3:$CO$28,'بيانات الفرق'!$CN$3:$CN$28,"المجموعة "&_xlfn.SEQUENCE($B22)),_xlfn.MINIFS('بيانات الفرق'!$CO$3:$CO$28,'بيانات الفرق'!$CN$3:$CN$28,"المجموعة "&_xlfn.SEQUENCE($B22))&"–"&_xlfn.MAXIFS('بيانات الفرق'!$CO$3:$CO$28,'بيانات الفرق'!$CN$3:$CN$28,"المجموعة "&_xlfn.SEQUENCE($B22))))} -> 18 + 18 | F22: =IF(COUNTIF('26 فريقًا'!$E$4:$E$1999,"*فائز ر*")>0,"ربع نهائي ثم نصف نهائي ثم نهائي",IF(COUNTIF('26 فريقًا'!$E$4:$E$1999,"*فائز*")>0,"نصف نهائي ثم نهائي",IF(COUNTIF('26 فريقًا'!$E$4:$E$1999,"*أول المجموعة*")>0,"نهائي مباشر","—"))) -> نهائي مباشر | G22: =_xlfn.MAXIFS('26 فريقًا'!$A$4:$A$1999,'26 فريقًا'!$E$4:$E$1999,"* ضد *",'26 فريقًا'!$E$4:$E$1999,"<>*فائز*",'26 فريقًا'!$E$4:$E$1999,"<>*أول المجموعة*",'26 فريقًا'!$E$4:$E$1999,"<>*المتأهل*") -> 18 | H22: =$I22-$G22 -> 1 | I22: =_xlfn.MAXIFS('26 فريقًا'!$A$4:$A$1999,'26 فريقًا'!$E$4:$E$1999,"* ضد *") -> 19 | J22: =MOD(HOUR(المدخلات!$B$4)-1,12)+1&":"&TEXT(MINUTE(المدخلات!$B$4),"00")&IF(HOUR(المدخلات!$B$4)<12," ص"," م") -> 4:00 م | K22: {=_xlfn.LET(_xlpm.p,SUMPRODUCT(MAX((COUNTIF('26 فريقًا'!$B$4:$B$1999,المدخلات!$F$4:$F$7)>0)*(المدخلات!$F$4:$F$7<>"")*ROW(المدخلات!$F$4:$F$7)))-3,_xlpm.t,INDEX(المدخلات!$F$4:$F$7,_xlpm.p),TRIM(MID(_xlpm.t,FIND("–",_xlpm.t)+1,20)))} -> 7:50 م | L22: =_xlfn.MAXIFS('26 فريقًا'!$C$4:$C$1999,'26 فريقًا'!$E$4:$E$1999,"* ضد *") -> 5 | M22: =ROUNDUP($L22/المدخلات!$B$9,0) -> 3
A23: 27 | B23: {=ROUND(SUMPRODUCT(1/COUNTIF('بيانات الفرق'!$CS$3:$CS$29,'بيانات الفرق'!$CS$3:$CS$29)),0)} -> 2 | C23: {=_xlfn.TEXTJOIN(" + ",TRUE,COUNTIF('بيانات الفرق'!$CS$3:$CS$29,"المجموعة "&_xlfn.SEQUENCE($B23)))} -> 14 + 13 | D23: {=_xlfn.TEXTJOIN(" + ",TRUE,IF(ROUNDDOWN(_xlfn.MINIFS('بيانات الفرق'!$CT$3:$CT$29,'بيانات الفرق'!$CS$3:$CS$29,"المجموعة "&_xlfn.SEQUENCE($B23))/_xlfn.MINIFS('بيانات الفرق'!$CU$3:$CU$29,'بيانات الفرق'!$CS$3:$CS$29,"المجموعة "&_xlfn.SEQUENCE($B23)),0)=ROUNDUP(_xlfn.MAXIFS('بيانات الفرق'!$CT$3:$CT$29,'بيانات الفرق'!$CS$3:$CS$29,"المجموعة "&_xlfn.SEQUENCE($B23))/_xlfn.MINIFS('بيانات الفرق'!$CU$3:$CU$29,'بيانات الفرق'!$CS$3:$CS$29,"المجموعة "&_xlfn.SEQUENCE($B23)),0),ROUNDDOWN(_xlfn.MINIFS('بيانات الفرق'!$CT$3:$CT$29,'بيانات الفرق'!$CS$3:$CS$29,"المجموعة "&_xlfn.SEQUENCE($B23))/_xlfn.MINIFS('بيانات الفرق'!$CU$3:$CU$29,'بيانات الفرق'!$CS$3:$CS$29,"المجموعة "&_xlfn.SEQUENCE($B23)),0),ROUNDDOWN(_xlfn.MINIFS('بيانات الفرق'!$CT$3:$CT$29,'بيانات الفرق'!$CS$3:$CS$29,"المجموعة "&_xlfn.SEQUENCE($B23))/_xlfn.MINIFS('بيانات الفرق'!$CU$3:$CU$29,'بيانات الفرق'!$CS$3:$CS$29,"المجموعة "&_xlfn.SEQUENCE($B23)),0)&"–"&ROUNDUP(_xlfn.MAXIFS('بيانات الفرق'!$CT$3:$CT$29,'بيانات الفرق'!$CS$3:$CS$29,"المجموعة "&_xlfn.SEQUENCE($B23))/_xlfn.MINIFS('بيانات الفرق'!$CU$3:$CU$29,'بيانات الفرق'!$CS$3:$CS$29,"المجموعة "&_xlfn.SEQUENCE($B23)),0)))} -> 1–2 + 1–2 | E23: {=_xlfn.TEXTJOIN(" + ",TRUE,IF(_xlfn.MINIFS('بيانات الفرق'!$CT$3:$CT$29,'بيانات الفرق'!$CS$3:$CS$29,"المجموعة "&_xlfn.SEQUENCE($B23))=_xlfn.MAXIFS('بيانات الفرق'!$CT$3:$CT$29,'بيانات الفرق'!$CS$3:$CS$29,"المجموعة "&_xlfn.SEQUENCE($B23)),_xlfn.MINIFS('بيانات الفرق'!$CT$3:$CT$29,'بيانات الفرق'!$CS$3:$CS$29,"المجموعة "&_xlfn.SEQUENCE($B23)),_xlfn.MINIFS('بيانات الفرق'!$CT$3:$CT$29,'بيانات الفرق'!$CS$3:$CS$29,"المجموعة "&_xlfn.SEQUENCE($B23))&"–"&_xlfn.MAXIFS('بيانات الفرق'!$CT$3:$CT$29,'بيانات الفرق'!$CS$3:$CS$29,"المجموعة "&_xlfn.SEQUENCE($B23))))} -> 18 + 18 | F23: =IF(COUNTIF('27 فريقًا'!$E$4:$E$1999,"*فائز ر*")>0,"ربع نهائي ثم نصف نهائي ثم نهائي",IF(COUNTIF('27 فريقًا'!$E$4:$E$1999,"*فائز*")>0,"نصف نهائي ثم نهائي",IF(COUNTIF('27 فريقًا'!$E$4:$E$1999,"*أول المجموعة*")>0,"نهائي مباشر","—"))) -> نهائي مباشر | G23: =_xlfn.MAXIFS('27 فريقًا'!$A$4:$A$1999,'27 فريقًا'!$E$4:$E$1999,"* ضد *",'27 فريقًا'!$E$4:$E$1999,"<>*فائز*",'27 فريقًا'!$E$4:$E$1999,"<>*أول المجموعة*",'27 فريقًا'!$E$4:$E$1999,"<>*المتأهل*") -> 21 | H23: =$I23-$G23 -> 1 | I23: =_xlfn.MAXIFS('27 فريقًا'!$A$4:$A$1999,'27 فريقًا'!$E$4:$E$1999,"* ضد *") -> 22 | J23: =MOD(HOUR(المدخلات!$B$4)-1,12)+1&":"&TEXT(MINUTE(المدخلات!$B$4),"00")&IF(HOUR(المدخلات!$B$4)<12," ص"," م") -> 4:00 م | K23: {=_xlfn.LET(_xlpm.p,SUMPRODUCT(MAX((COUNTIF('27 فريقًا'!$B$4:$B$1999,المدخلات!$F$4:$F$7)>0)*(المدخلات!$F$4:$F$7<>"")*ROW(المدخلات!$F$4:$F$7)))-3,_xlpm.t,INDEX(المدخلات!$F$4:$F$7,_xlpm.p),TRIM(MID(_xlpm.t,FIND("–",_xlpm.t)+1,20)))} -> 7:50 م | L23: =_xlfn.MAXIFS('27 فريقًا'!$C$4:$C$1999,'27 فريقًا'!$E$4:$E$1999,"* ضد *") -> 5 | M23: =ROUNDUP($L23/المدخلات!$B$9,0) -> 3
A24: 29 | B24: {=ROUND(SUMPRODUCT(1/COUNTIF('بيانات الفرق'!$CX$3:$CX$31,'بيانات الفرق'!$CX$3:$CX$31)),0)} -> 2 | C24: {=_xlfn.TEXTJOIN(" + ",TRUE,COUNTIF('بيانات الفرق'!$CX$3:$CX$31,"المجموعة "&_xlfn.SEQUENCE($B24)))} -> 15 + 14 | D24: {=_xlfn.TEXTJOIN(" + ",TRUE,IF(ROUNDDOWN(_xlfn.MINIFS('بيانات الفرق'!$CY$3:$CY$31,'بيانات الفرق'!$CX$3:$CX$31,"المجموعة "&_xlfn.SEQUENCE($B24))/_xlfn.MINIFS('بيانات الفرق'!$CZ$3:$CZ$31,'بيانات الفرق'!$CX$3:$CX$31,"المجموعة "&_xlfn.SEQUENCE($B24)),0)=ROUNDUP(_xlfn.MAXIFS('بيانات الفرق'!$CY$3:$CY$31,'بيانات الفرق'!$CX$3:$CX$31,"المجموعة "&_xlfn.SEQUENCE($B24))/_xlfn.MINIFS('بيانات الفرق'!$CZ$3:$CZ$31,'بيانات الفرق'!$CX$3:$CX$31,"المجموعة "&_xlfn.SEQUENCE($B24)),0),ROUNDDOWN(_xlfn.MINIFS('بيانات الفرق'!$CY$3:$CY$31,'بيانات الفرق'!$CX$3:$CX$31,"المجموعة "&_xlfn.SEQUENCE($B24))/_xlfn.MINIFS('بيانات الفرق'!$CZ$3:$CZ$31,'بيانات الفرق'!$CX$3:$CX$31,"المجموعة "&_xlfn.SEQUENCE($B24)),0),ROUNDDOWN(_xlfn.MINIFS('بيانات الفرق'!$CY$3:$CY$31,'بيانات الفرق'!$CX$3:$CX$31,"المجموعة "&_xlfn.SEQUENCE($B24))/_xlfn.MINIFS('بيانات الفرق'!$CZ$3:$CZ$31,'بيانات الفرق'!$CX$3:$CX$31,"المجموعة "&_xlfn.SEQUENCE($B24)),0)&"–"&ROUNDUP(_xlfn.MAXIFS('بيانات الفرق'!$CY$3:$CY$31,'بيانات الفرق'!$CX$3:$CX$31,"المجموعة "&_xlfn.SEQUENCE($B24))/_xlfn.MINIFS('بيانات الفرق'!$CZ$3:$CZ$31,'بيانات الفرق'!$CX$3:$CX$31,"المجموعة "&_xlfn.SEQUENCE($B24)),0)))} -> 1–2 + 1–2 | E24: {=_xlfn.TEXTJOIN(" + ",TRUE,IF(_xlfn.MINIFS('بيانات الفرق'!$CY$3:$CY$31,'بيانات الفرق'!$CX$3:$CX$31,"المجموعة "&_xlfn.SEQUENCE($B24))=_xlfn.MAXIFS('بيانات الفرق'!$CY$3:$CY$31,'بيانات الفرق'!$CX$3:$CX$31,"المجموعة "&_xlfn.SEQUENCE($B24)),_xlfn.MINIFS('بيانات الفرق'!$CY$3:$CY$31,'بيانات الفرق'!$CX$3:$CX$31,"المجموعة "&_xlfn.SEQUENCE($B24)),_xlfn.MINIFS('بيانات الفرق'!$CY$3:$CY$31,'بيانات الفرق'!$CX$3:$CX$31,"المجموعة "&_xlfn.SEQUENCE($B24))&"–"&_xlfn.MAXIFS('بيانات الفرق'!$CY$3:$CY$31,'بيانات الفرق'!$CX$3:$CX$31,"المجموعة "&_xlfn.SEQUENCE($B24))))} -> 18 + 18 | F24: =IF(COUNTIF('29 فريقًا'!$E$4:$E$1999,"*فائز ر*")>0,"ربع نهائي ثم نصف نهائي ثم نهائي",IF(COUNTIF('29 فريقًا'!$E$4:$E$1999,"*فائز*")>0,"نصف نهائي ثم نهائي",IF(COUNTIF('29 فريقًا'!$E$4:$E$1999,"*أول المجموعة*")>0,"نهائي مباشر","—"))) -> نهائي مباشر | G24: =_xlfn.MAXIFS('29 فريقًا'!$A$4:$A$1999,'29 فريقًا'!$E$4:$E$1999,"* ضد *",'29 فريقًا'!$E$4:$E$1999,"<>*فائز*",'29 فريقًا'!$E$4:$E$1999,"<>*أول المجموعة*",'29 فريقًا'!$E$4:$E$1999,"<>*المتأهل*") -> 20 | H24: =$I24-$G24 -> 1 | I24: =_xlfn.MAXIFS('29 فريقًا'!$A$4:$A$1999,'29 فريقًا'!$E$4:$E$1999,"* ضد *") -> 21 | J24: =MOD(HOUR(المدخلات!$B$4)-1,12)+1&":"&TEXT(MINUTE(المدخلات!$B$4),"00")&IF(HOUR(المدخلات!$B$4)<12," ص"," م") -> 4:00 م | K24: {=_xlfn.LET(_xlpm.p,SUMPRODUCT(MAX((COUNTIF('29 فريقًا'!$B$4:$B$1999,المدخلات!$F$4:$F$7)>0)*(المدخلات!$F$4:$F$7<>"")*ROW(المدخلات!$F$4:$F$7)))-3,_xlpm.t,INDEX(المدخلات!$F$4:$F$7,_xlpm.p),TRIM(MID(_xlpm.t,FIND("–",_xlpm.t)+1,20)))} -> 7:50 م | L24: =_xlfn.MAXIFS('29 فريقًا'!$C$4:$C$1999,'29 فريقًا'!$E$4:$E$1999,"* ضد *") -> 6 | M24: =ROUNDUP($L24/المدخلات!$B$9,0) -> 3
A25: 37 | B25: {=ROUND(SUMPRODUCT(1/COUNTIF('بيانات الفرق'!$DC$3:$DC$39,'بيانات الفرق'!$DC$3:$DC$39)),0)} -> 2 | C25: {=_xlfn.TEXTJOIN(" + ",TRUE,COUNTIF('بيانات الفرق'!$DC$3:$DC$39,"المجموعة "&_xlfn.SEQUENCE($B25)))} -> 19 + 18 | D25: {=_xlfn.TEXTJOIN(" + ",TRUE,IF(ROUNDDOWN(_xlfn.MINIFS('بيانات الفرق'!$DD$3:$DD$39,'بيانات الفرق'!$DC$3:$DC$39,"المجموعة "&_xlfn.SEQUENCE($B25))/_xlfn.MINIFS('بيانات الفرق'!$DE$3:$DE$39,'بيانات الفرق'!$DC$3:$DC$39,"المجموعة "&_xlfn.SEQUENCE($B25)),0)=ROUNDUP(_xlfn.MAXIFS('بيانات الفرق'!$DD$3:$DD$39,'بيانات الفرق'!$DC$3:$DC$39,"المجموعة "&_xlfn.SEQUENCE($B25))/_xlfn.MINIFS('بيانات الفرق'!$DE$3:$DE$39,'بيانات الفرق'!$DC$3:$DC$39,"المجموعة "&_xlfn.SEQUENCE($B25)),0),ROUNDDOWN(_xlfn.MINIFS('بيانات الفرق'!$DD$3:$DD$39,'بيانات الفرق'!$DC$3:$DC$39,"المجموعة "&_xlfn.SEQUENCE($B25))/_xlfn.MINIFS('بيانات الفرق'!$DE$3:$DE$39,'بيانات الفرق'!$DC$3:$DC$39,"المجموعة "&_xlfn.SEQUENCE($B25)),0),ROUNDDOWN(_xlfn.MINIFS('بيانات الفرق'!$DD$3:$DD$39,'بيانات الفرق'!$DC$3:$DC$39,"المجموعة "&_xlfn.SEQUENCE($B25))/_xlfn.MINIFS('بيانات الفرق'!$DE$3:$DE$39,'بيانات الفرق'!$DC$3:$DC$39,"المجموعة "&_xlfn.SEQUENCE($B25)),0)&"–"&ROUNDUP(_xlfn.MAXIFS('بيانات الفرق'!$DD$3:$DD$39,'بيانات الفرق'!$DC$3:$DC$39,"المجموعة "&_xlfn.SEQUENCE($B25))/_xlfn.MINIFS('بيانات الفرق'!$DE$3:$DE$39,'بيانات الفرق'!$DC$3:$DC$39,"المجموعة "&_xlfn.SEQUENCE($B25)),0)))} -> 1 + 1–2 | E25: {=_xlfn.TEXTJOIN(" + ",TRUE,IF(_xlfn.MINIFS('بيانات الفرق'!$DD$3:$DD$39,'بيانات الفرق'!$DC$3:$DC$39,"المجموعة "&_xlfn.SEQUENCE($B25))=_xlfn.MAXIFS('بيانات الفرق'!$DD$3:$DD$39,'بيانات الفرق'!$DC$3:$DC$39,"المجموعة "&_xlfn.SEQUENCE($B25)),_xlfn.MINIFS('بيانات الفرق'!$DD$3:$DD$39,'بيانات الفرق'!$DC$3:$DC$39,"المجموعة "&_xlfn.SEQUENCE($B25)),_xlfn.MINIFS('بيانات الفرق'!$DD$3:$DD$39,'بيانات الفرق'!$DC$3:$DC$39,"المجموعة "&_xlfn.SEQUENCE($B25))&"–"&_xlfn.MAXIFS('بيانات الفرق'!$DD$3:$DD$39,'بيانات الفرق'!$DC$3:$DC$39,"المجموعة "&_xlfn.SEQUENCE($B25))))} -> 18 + 18 | F25: =IF(COUNTIF('37 فريقًا'!$E$4:$E$1999,"*فائز ر*")>0,"ربع نهائي ثم نصف نهائي ثم نهائي",IF(COUNTIF('37 فريقًا'!$E$4:$E$1999,"*فائز*")>0,"نصف نهائي ثم نهائي",IF(COUNTIF('37 فريقًا'!$E$4:$E$1999,"*أول المجموعة*")>0,"نهائي مباشر","—"))) -> نهائي مباشر | G25: =_xlfn.MAXIFS('37 فريقًا'!$A$4:$A$1999,'37 فريقًا'!$E$4:$E$1999,"* ضد *",'37 فريقًا'!$E$4:$E$1999,"<>*فائز*",'37 فريقًا'!$E$4:$E$1999,"<>*أول المجموعة*",'37 فريقًا'!$E$4:$E$1999,"<>*المتأهل*") -> 19 | H25: =$I25-$G25 -> 1 | I25: =_xlfn.MAXIFS('37 فريقًا'!$A$4:$A$1999,'37 فريقًا'!$E$4:$E$1999,"* ضد *") -> 20 | J25: =MOD(HOUR(المدخلات!$B$4)-1,12)+1&":"&TEXT(MINUTE(المدخلات!$B$4),"00")&IF(HOUR(المدخلات!$B$4)<12," ص"," م") -> 4:00 م | K25: {=_xlfn.LET(_xlpm.p,SUMPRODUCT(MAX((COUNTIF('37 فريقًا'!$B$4:$B$1999,المدخلات!$F$4:$F$7)>0)*(المدخلات!$F$4:$F$7<>"")*ROW(المدخلات!$F$4:$F$7)))-3,_xlpm.t,INDEX(المدخلات!$F$4:$F$7,_xlpm.p),TRIM(MID(_xlpm.t,FIND("–",_xlpm.t)+1,20)))} -> 7:50 م | L25: =_xlfn.MAXIFS('37 فريقًا'!$C$4:$C$1999,'37 فريقًا'!$E$4:$E$1999,"* ضد *") -> 6 | M25: =ROUNDUP($L25/المدخلات!$B$9,0) -> 3
A26: 46 | B26: {=ROUND(SUMPRODUCT(1/COUNTIF('بيانات الفرق'!$DH$3:$DH$48,'بيانات الفرق'!$DH$3:$DH$48)),0)} -> 4 | C26: {=_xlfn.TEXTJOIN(" + ",TRUE,COUNTIF('بيانات الفرق'!$DH$3:$DH$48,"المجموعة "&_xlfn.SEQUENCE($B26)))} -> 12 + 12 + 12 + 10 | D26: {=_xlfn.TEXTJOIN(" + ",TRUE,IF(ROUNDDOWN(_xlfn.MINIFS('بيانات الفرق'!$DI$3:$DI$48,'بيانات الفرق'!$DH$3:$DH$48,"المجموعة "&_xlfn.SEQUENCE($B26))/_xlfn.MINIFS('بيانات الفرق'!$DJ$3:$DJ$48,'بيانات الفرق'!$DH$3:$DH$48,"المجموعة "&_xlfn.SEQUENCE($B26)),0)=ROUNDUP(_xlfn.MAXIFS('بيانات الفرق'!$DI$3:$DI$48,'بيانات الفرق'!$DH$3:$DH$48,"المجموعة "&_xlfn.SEQUENCE($B26))/_xlfn.MINIFS('بيانات الفرق'!$DJ$3:$DJ$48,'بيانات الفرق'!$DH$3:$DH$48,"المجموعة "&_xlfn.SEQUENCE($B26)),0),ROUNDDOWN(_xlfn.MINIFS('بيانات الفرق'!$DI$3:$DI$48,'بيانات الفرق'!$DH$3:$DH$48,"المجموعة "&_xlfn.SEQUENCE($B26))/_xlfn.MINIFS('بيانات الفرق'!$DJ$3:$DJ$48,'بيانات الفرق'!$DH$3:$DH$48,"المجموعة "&_xlfn.SEQUENCE($B26)),0),ROUNDDOWN(_xlfn.MINIFS('بيانات الفرق'!$DI$3:$DI$48,'بيانات الفرق'!$DH$3:$DH$48,"المجموعة "&_xlfn.SEQUENCE($B26))/_xlfn.MINIFS('بيانات الفرق'!$DJ$3:$DJ$48,'بيانات الفرق'!$DH$3:$DH$48,"المجموعة "&_xlfn.SEQUENCE($B26)),0)&"–"&ROUNDUP(_xlfn.MAXIFS('بيانات الفرق'!$DI$3:$DI$48,'بيانات الفرق'!$DH$3:$DH$48,"المجموعة "&_xlfn.SEQUENCE($B26))/_xlfn.MINIFS('بيانات الفرق'!$DJ$3:$DJ$48,'بيانات الفرق'!$DH$3:$DH$48,"المجموعة "&_xlfn.SEQUENCE($B26)),0)))} -> 1–2 + 1–2 + 1–2 + 2 | E26: {=_xlfn.TEXTJOIN(" + ",TRUE,IF(_xlfn.MINIFS('بيانات الفرق'!$DI$3:$DI$48,'بيانات الفرق'!$DH$3:$DH$48,"المجموعة "&_xlfn.SEQUENCE($B26))=_xlfn.MAXIFS('بيانات الفرق'!$DI$3:$DI$48,'بيانات الفرق'!$DH$3:$DH$48,"المجموعة "&_xlfn.SEQUENCE($B26)),_xlfn.MINIFS('بيانات الفرق'!$DI$3:$DI$48,'بيانات الفرق'!$DH$3:$DH$48,"المجموعة "&_xlfn.SEQUENCE($B26)),_xlfn.MINIFS('بيانات الفرق'!$DI$3:$DI$48,'بيانات الفرق'!$DH$3:$DH$48,"المجموعة "&_xlfn.SEQUENCE($B26))&"–"&_xlfn.MAXIFS('بيانات الفرق'!$DI$3:$DI$48,'بيانات الفرق'!$DH$3:$DH$48,"المجموعة "&_xlfn.SEQUENCE($B26))))} -> 18 + 18 + 18 + 18 | F26: =IF(COUNTIF('46 فريقًا'!$E$4:$E$1999,"*فائز ر*")>0,"ربع نهائي ثم نصف نهائي ثم نهائي",IF(COUNTIF('46 فريقًا'!$E$4:$E$1999,"*فائز*")>0,"نصف نهائي ثم نهائي",IF(COUNTIF('46 فريقًا'!$E$4:$E$1999,"*أول المجموعة*")>0,"نهائي مباشر","—"))) -> نصف نهائي ثم نهائي | G26: =_xlfn.MAXIFS('46 فريقًا'!$A$4:$A$1999,'46 فريقًا'!$E$4:$E$1999,"* ضد *",'46 فريقًا'!$E$4:$E$1999,"<>*فائز*",'46 فريقًا'!$E$4:$E$1999,"<>*أول المجموعة*",'46 فريقًا'!$E$4:$E$1999,"<>*المتأهل*") -> 18 | H26: =$I26-$G26 -> 2 | I26: =_xlfn.MAXIFS('46 فريقًا'!$A$4:$A$1999,'46 فريقًا'!$E$4:$E$1999,"* ضد *") -> 20 | J26: =MOD(HOUR(المدخلات!$B$4)-1,12)+1&":"&TEXT(MINUTE(المدخلات!$B$4),"00")&IF(HOUR(المدخلات!$B$4)<12," ص"," م") -> 4:00 م | K26: {=_xlfn.LET(_xlpm.p,SUMPRODUCT(MAX((COUNTIF('46 فريقًا'!$B$4:$B$1999,المدخلات!$F$4:$F$7)>0)*(المدخلات!$F$4:$F$7<>"")*ROW(المدخلات!$F$4:$F$7)))-3,_xlpm.t,INDEX(المدخلات!$F$4:$F$7,_xlpm.p),TRIM(MID(_xlpm.t,FIND("–",_xlpm.t)+1,20)))} -> 7:50 م | L26: =_xlfn.MAXIFS('46 فريقًا'!$C$4:$C$1999,'46 فريقًا'!$E$4:$E$1999,"* ضد *") -> 8 | M26: =ROUNDUP($L26/المدخلات!$B$9,0) -> 4
A27: 54 | B27: {=ROUND(SUMPRODUCT(1/COUNTIF('بيانات الفرق'!$DM$3:$DM$56,'بيانات الفرق'!$DM$3:$DM$56)),0)} -> 4 | C27: {=_xlfn.TEXTJOIN(" + ",TRUE,COUNTIF('بيانات الفرق'!$DM$3:$DM$56,"المجموعة "&_xlfn.SEQUENCE($B27)))} -> 14 + 14 + 14 + 12 | D27: {=_xlfn.TEXTJOIN(" + ",TRUE,IF(ROUNDDOWN(_xlfn.MINIFS('بيانات الفرق'!$DN$3:$DN$56,'بيانات الفرق'!$DM$3:$DM$56,"المجموعة "&_xlfn.SEQUENCE($B27))/_xlfn.MINIFS('بيانات الفرق'!$DO$3:$DO$56,'بيانات الفرق'!$DM$3:$DM$56,"المجموعة "&_xlfn.SEQUENCE($B27)),0)=ROUNDUP(_xlfn.MAXIFS('بيانات الفرق'!$DN$3:$DN$56,'بيانات الفرق'!$DM$3:$DM$56,"المجموعة "&_xlfn.SEQUENCE($B27))/_xlfn.MINIFS('بيانات الفرق'!$DO$3:$DO$56,'بيانات الفرق'!$DM$3:$DM$56,"المجموعة "&_xlfn.SEQUENCE($B27)),0),ROUNDDOWN(_xlfn.MINIFS('بيانات الفرق'!$DN$3:$DN$56,'بيانات الفرق'!$DM$3:$DM$56,"المجموعة "&_xlfn.SEQUENCE($B27))/_xlfn.MINIFS('بيانات الفرق'!$DO$3:$DO$56,'بيانات الفرق'!$DM$3:$DM$56,"المجموعة "&_xlfn.SEQUENCE($B27)),0),ROUNDDOWN(_xlfn.MINIFS('بيانات الفرق'!$DN$3:$DN$56,'بيانات الفرق'!$DM$3:$DM$56,"المجموعة "&_xlfn.SEQUENCE($B27))/_xlfn.MINIFS('بيانات الفرق'!$DO$3:$DO$56,'بيانات الفرق'!$DM$3:$DM$56,"المجموعة "&_xlfn.SEQUENCE($B27)),0)&"–"&ROUNDUP(_xlfn.MAXIFS('بيانات الفرق'!$DN$3:$DN$56,'بيانات الفرق'!$DM$3:$DM$56,"المجموعة "&_xlfn.SEQUENCE($B27))/_xlfn.MINIFS('بيانات الفرق'!$DO$3:$DO$56,'بيانات الفرق'!$DM$3:$DM$56,"المجموعة "&_xlfn.SEQUENCE($B27)),0)))} -> 1–2 + 1–2 + 1–2 + 1–2 | E27: {=_xlfn.TEXTJOIN(" + ",TRUE,IF(_xlfn.MINIFS('بيانات الفرق'!$DN$3:$DN$56,'بيانات الفرق'!$DM$3:$DM$56,"المجموعة "&_xlfn.SEQUENCE($B27))=_xlfn.MAXIFS('بيانات الفرق'!$DN$3:$DN$56,'بيانات الفرق'!$DM$3:$DM$56,"المجموعة "&_xlfn.SEQUENCE($B27)),_xlfn.MINIFS('بيانات الفرق'!$DN$3:$DN$56,'بيانات الفرق'!$DM$3:$DM$56,"المجموعة "&_xlfn.SEQUENCE($B27)),_xlfn.MINIFS('بيانات الفرق'!$DN$3:$DN$56,'بيانات الفرق'!$DM$3:$DM$56,"المجموعة "&_xlfn.SEQUENCE($B27))&"–"&_xlfn.MAXIFS('بيانات الفرق'!$DN$3:$DN$56,'بيانات الفرق'!$DM$3:$DM$56,"المجموعة "&_xlfn.SEQUENCE($B27))))} -> 18 + 18 + 18 + 18 | F27: =IF(COUNTIF('54 فريقًا'!$E$4:$E$1999,"*فائز ر*")>0,"ربع نهائي ثم نصف نهائي ثم نهائي",IF(COUNTIF('54 فريقًا'!$E$4:$E$1999,"*فائز*")>0,"نصف نهائي ثم نهائي",IF(COUNTIF('54 فريقًا'!$E$4:$E$1999,"*أول المجموعة*")>0,"نهائي مباشر","—"))) -> نصف نهائي ثم نهائي | G27: =_xlfn.MAXIFS('54 فريقًا'!$A$4:$A$1999,'54 فريقًا'!$E$4:$E$1999,"* ضد *",'54 فريقًا'!$E$4:$E$1999,"<>*فائز*",'54 فريقًا'!$E$4:$E$1999,"<>*أول المجموعة*",'54 فريقًا'!$E$4:$E$1999,"<>*المتأهل*") -> 18 | H27: =$I27-$G27 -> 2 | I27: =_xlfn.MAXIFS('54 فريقًا'!$A$4:$A$1999,'54 فريقًا'!$E$4:$E$1999,"* ضد *") -> 20 | J27: =MOD(HOUR(المدخلات!$B$4)-1,12)+1&":"&TEXT(MINUTE(المدخلات!$B$4),"00")&IF(HOUR(المدخلات!$B$4)<12," ص"," م") -> 4:00 م | K27: {=_xlfn.LET(_xlpm.p,SUMPRODUCT(MAX((COUNTIF('54 فريقًا'!$B$4:$B$1999,المدخلات!$F$4:$F$7)>0)*(المدخلات!$F$4:$F$7<>"")*ROW(المدخلات!$F$4:$F$7)))-3,_xlpm.t,INDEX(المدخلات!$F$4:$F$7,_xlpm.p),TRIM(MID(_xlpm.t,FIND("–",_xlpm.t)+1,20)))} -> 7:50 م | L27: =_xlfn.MAXIFS('54 فريقًا'!$C$4:$C$1999,'54 فريقًا'!$E$4:$E$1999,"* ضد *") -> 11 | M27: =ROUNDUP($L27/المدخلات!$B$9,0) -> 6
A28: 58 | B28: {=ROUND(SUMPRODUCT(1/COUNTIF('بيانات الفرق'!$DR$3:$DR$60,'بيانات الفرق'!$DR$3:$DR$60)),0)} -> 3 | C28: {=_xlfn.TEXTJOIN(" + ",TRUE,COUNTIF('بيانات الفرق'!$DR$3:$DR$60,"المجموعة "&_xlfn.SEQUENCE($B28)))} -> 20 + 19 + 19 | D28: {=_xlfn.TEXTJOIN(" + ",TRUE,IF(ROUNDDOWN(_xlfn.MINIFS('بيانات الفرق'!$DS$3:$DS$60,'بيانات الفرق'!$DR$3:$DR$60,"المجموعة "&_xlfn.SEQUENCE($B28))/_xlfn.MINIFS('بيانات الفرق'!$DT$3:$DT$60,'بيانات الفرق'!$DR$3:$DR$60,"المجموعة "&_xlfn.SEQUENCE($B28)),0)=ROUNDUP(_xlfn.MAXIFS('بيانات الفرق'!$DS$3:$DS$60,'بيانات الفرق'!$DR$3:$DR$60,"المجموعة "&_xlfn.SEQUENCE($B28))/_xlfn.MINIFS('بيانات الفرق'!$DT$3:$DT$60,'بيانات الفرق'!$DR$3:$DR$60,"المجموعة "&_xlfn.SEQUENCE($B28)),0),ROUNDDOWN(_xlfn.MINIFS('بيانات الفرق'!$DS$3:$DS$60,'بيانات الفرق'!$DR$3:$DR$60,"المجموعة "&_xlfn.SEQUENCE($B28))/_xlfn.MINIFS('بيانات الفرق'!$DT$3:$DT$60,'بيانات الفرق'!$DR$3:$DR$60,"المجموعة "&_xlfn.SEQUENCE($B28)),0),ROUNDDOWN(_xlfn.MINIFS('بيانات الفرق'!$DS$3:$DS$60,'بيانات الفرق'!$DR$3:$DR$60,"المجموعة "&_xlfn.SEQUENCE($B28))/_xlfn.MINIFS('بيانات الفرق'!$DT$3:$DT$60,'بيانات الفرق'!$DR$3:$DR$60,"المجموعة "&_xlfn.SEQUENCE($B28)),0)&"–"&ROUNDUP(_xlfn.MAXIFS('بيانات الفرق'!$DS$3:$DS$60,'بيانات الفرق'!$DR$3:$DR$60,"المجموعة "&_xlfn.SEQUENCE($B28))/_xlfn.MINIFS('بيانات الفرق'!$DT$3:$DT$60,'بيانات الفرق'!$DR$3:$DR$60,"المجموعة "&_xlfn.SEQUENCE($B28)),0)))} -> 1 + 1 + 1 | E28: {=_xlfn.TEXTJOIN(" + ",TRUE,IF(_xlfn.MINIFS('بيانات الفرق'!$DS$3:$DS$60,'بيانات الفرق'!$DR$3:$DR$60,"المجموعة "&_xlfn.SEQUENCE($B28))=_xlfn.MAXIFS('بيانات الفرق'!$DS$3:$DS$60,'بيانات الفرق'!$DR$3:$DR$60,"المجموعة "&_xlfn.SEQUENCE($B28)),_xlfn.MINIFS('بيانات الفرق'!$DS$3:$DS$60,'بيانات الفرق'!$DR$3:$DR$60,"المجموعة "&_xlfn.SEQUENCE($B28)),_xlfn.MINIFS('بيانات الفرق'!$DS$3:$DS$60,'بيانات الفرق'!$DR$3:$DR$60,"المجموعة "&_xlfn.SEQUENCE($B28))&"–"&_xlfn.MAXIFS('بيانات الفرق'!$DS$3:$DS$60,'بيانات الفرق'!$DR$3:$DR$60,"المجموعة "&_xlfn.SEQUENCE($B28))))} -> 19 + 18 + 18 | F28: =IF(COUNTIF('58 فريقًا'!$E$4:$E$1999,"*فائز ر*")>0,"ربع نهائي ثم نصف نهائي ثم نهائي",IF(COUNTIF('58 فريقًا'!$E$4:$E$1999,"*فائز*")>0,"نصف نهائي ثم نهائي",IF(COUNTIF('58 فريقًا'!$E$4:$E$1999,"*أول المجموعة*")>0,"نهائي مباشر","—"))) -> نصف نهائي ثم نهائي | G28: =_xlfn.MAXIFS('58 فريقًا'!$A$4:$A$1999,'58 فريقًا'!$E$4:$E$1999,"* ضد *",'58 فريقًا'!$E$4:$E$1999,"<>*فائز*",'58 فريقًا'!$E$4:$E$1999,"<>*أول المجموعة*",'58 فريقًا'!$E$4:$E$1999,"<>*المتأهل*") -> 19 | H28: =$I28-$G28 -> 2 | I28: =_xlfn.MAXIFS('58 فريقًا'!$A$4:$A$1999,'58 فريقًا'!$E$4:$E$1999,"* ضد *") -> 21 | J28: =MOD(HOUR(المدخلات!$B$4)-1,12)+1&":"&TEXT(MINUTE(المدخلات!$B$4),"00")&IF(HOUR(المدخلات!$B$4)<12," ص"," م") -> 4:00 م | K28: {=_xlfn.LET(_xlpm.p,SUMPRODUCT(MAX((COUNTIF('58 فريقًا'!$B$4:$B$1999,المدخلات!$F$4:$F$7)>0)*(المدخلات!$F$4:$F$7<>"")*ROW(المدخلات!$F$4:$F$7)))-3,_xlpm.t,INDEX(المدخلات!$F$4:$F$7,_xlpm.p),TRIM(MID(_xlpm.t,FIND("–",_xlpm.t)+1,20)))} -> 7:50 م | L28: =_xlfn.MAXIFS('58 فريقًا'!$C$4:$C$1999,'58 فريقًا'!$E$4:$E$1999,"* ضد *") -> 10 | M28: =ROUNDUP($L28/المدخلات!$B$9,0) -> 5
A29: 64 | B29: {=ROUND(SUMPRODUCT(1/COUNTIF('بيانات الفرق'!$DW$3:$DW$66,'بيانات الفرق'!$DW$3:$DW$66)),0)} -> 4 | C29: {=_xlfn.TEXTJOIN(" + ",TRUE,COUNTIF('بيانات الفرق'!$DW$3:$DW$66,"المجموعة "&_xlfn.SEQUENCE($B29)))} -> 16 + 16 + 16 + 16 | D29: {=_xlfn.TEXTJOIN(" + ",TRUE,IF(ROUNDDOWN(_xlfn.MINIFS('بيانات الفرق'!$DX$3:$DX$66,'بيانات الفرق'!$DW$3:$DW$66,"المجموعة "&_xlfn.SEQUENCE($B29))/_xlfn.MINIFS('بيانات الفرق'!$DY$3:$DY$66,'بيانات الفرق'!$DW$3:$DW$66,"المجموعة "&_xlfn.SEQUENCE($B29)),0)=ROUNDUP(_xlfn.MAXIFS('بيانات الفرق'!$DX$3:$DX$66,'بيانات الفرق'!$DW$3:$DW$66,"المجموعة "&_xlfn.SEQUENCE($B29))/_xlfn.MINIFS('بيانات الفرق'!$DY$3:$DY$66,'بيانات الفرق'!$DW$3:$DW$66,"المجموعة "&_xlfn.SEQUENCE($B29)),0),ROUNDDOWN(_xlfn.MINIFS('بيانات الفرق'!$DX$3:$DX$66,'بيانات الفرق'!$DW$3:$DW$66,"المجموعة "&_xlfn.SEQUENCE($B29))/_xlfn.MINIFS('بيانات الفرق'!$DY$3:$DY$66,'بيانات الفرق'!$DW$3:$DW$66,"المجموعة "&_xlfn.SEQUENCE($B29)),0),ROUNDDOWN(_xlfn.MINIFS('بيانات الفرق'!$DX$3:$DX$66,'بيانات الفرق'!$DW$3:$DW$66,"المجموعة "&_xlfn.SEQUENCE($B29))/_xlfn.MINIFS('بيانات الفرق'!$DY$3:$DY$66,'بيانات الفرق'!$DW$3:$DW$66,"المجموعة "&_xlfn.SEQUENCE($B29)),0)&"–"&ROUNDUP(_xlfn.MAXIFS('بيانات الفرق'!$DX$3:$DX$66,'بيانات الفرق'!$DW$3:$DW$66,"المجموعة "&_xlfn.SEQUENCE($B29))/_xlfn.MINIFS('بيانات الفرق'!$DY$3:$DY$66,'بيانات الفرق'!$DW$3:$DW$66,"المجموعة "&_xlfn.SEQUENCE($B29)),0)))} -> 1–2 + 1–2 + 1–2 + 1–2 | E29: {=_xlfn.TEXTJOIN(" + ",TRUE,IF(_xlfn.MINIFS('بيانات الفرق'!$DX$3:$DX$66,'بيانات الفرق'!$DW$3:$DW$66,"المجموعة "&_xlfn.SEQUENCE($B29))=_xlfn.MAXIFS('بيانات الفرق'!$DX$3:$DX$66,'بيانات الفرق'!$DW$3:$DW$66,"المجموعة "&_xlfn.SEQUENCE($B29)),_xlfn.MINIFS('بيانات الفرق'!$DX$3:$DX$66,'بيانات الفرق'!$DW$3:$DW$66,"المجموعة "&_xlfn.SEQUENCE($B29)),_xlfn.MINIFS('بيانات الفرق'!$DX$3:$DX$66,'بيانات الفرق'!$DW$3:$DW$66,"المجموعة "&_xlfn.SEQUENCE($B29))&"–"&_xlfn.MAXIFS('بيانات الفرق'!$DX$3:$DX$66,'بيانات الفرق'!$DW$3:$DW$66,"المجموعة "&_xlfn.SEQUENCE($B29))))} -> 18 + 18 + 18 + 18 | F29: =IF(COUNTIF('64 فريقًا'!$E$4:$E$1999,"*فائز ر*")>0,"ربع نهائي ثم نصف نهائي ثم نهائي",IF(COUNTIF('64 فريقًا'!$E$4:$E$1999,"*فائز*")>0,"نصف نهائي ثم نهائي",IF(COUNTIF('64 فريقًا'!$E$4:$E$1999,"*أول المجموعة*")>0,"نهائي مباشر","—"))) -> نصف نهائي ثم نهائي | G29: =_xlfn.MAXIFS('64 فريقًا'!$A$4:$A$1999,'64 فريقًا'!$E$4:$E$1999,"* ضد *",'64 فريقًا'!$E$4:$E$1999,"<>*فائز*",'64 فريقًا'!$E$4:$E$1999,"<>*أول المجموعة*",'64 فريقًا'!$E$4:$E$1999,"<>*المتأهل*") -> 18 | H29: =$I29-$G29 -> 2 | I29: =_xlfn.MAXIFS('64 فريقًا'!$A$4:$A$1999,'64 فريقًا'!$E$4:$E$1999,"* ضد *") -> 20 | J29: =MOD(HOUR(المدخلات!$B$4)-1,12)+1&":"&TEXT(MINUTE(المدخلات!$B$4),"00")&IF(HOUR(المدخلات!$B$4)<12," ص"," م") -> 4:00 م | K29: {=_xlfn.LET(_xlpm.p,SUMPRODUCT(MAX((COUNTIF('64 فريقًا'!$B$4:$B$1999,المدخلات!$F$4:$F$7)>0)*(المدخلات!$F$4:$F$7<>"")*ROW(المدخلات!$F$4:$F$7)))-3,_xlpm.t,INDEX(المدخلات!$F$4:$F$7,_xlpm.p),TRIM(MID(_xlpm.t,FIND("–",_xlpm.t)+1,20)))} -> 7:50 م | L29: =_xlfn.MAXIFS('64 فريقًا'!$C$4:$C$1999,'64 فريقًا'!$E$4:$E$1999,"* ضد *") -> 12 | M29: =ROUNDUP($L29/المدخلات!$B$9,0) -> 6
A30: 67 | B30: {=ROUND(SUMPRODUCT(1/COUNTIF('بيانات الفرق'!$EB$3:$EB$69,'بيانات الفرق'!$EB$3:$EB$69)),0)} -> 4 | C30: {=_xlfn.TEXTJOIN(" + ",TRUE,COUNTIF('بيانات الفرق'!$EB$3:$EB$69,"المجموعة "&_xlfn.SEQUENCE($B30)))} -> 17 + 17 + 17 + 16 | D30: {=_xlfn.TEXTJOIN(" + ",TRUE,IF(ROUNDDOWN(_xlfn.MINIFS('بيانات الفرق'!$EC$3:$EC$69,'بيانات الفرق'!$EB$3:$EB$69,"المجموعة "&_xlfn.SEQUENCE($B30))/_xlfn.MINIFS('بيانات الفرق'!$ED$3:$ED$69,'بيانات الفرق'!$EB$3:$EB$69,"المجموعة "&_xlfn.SEQUENCE($B30)),0)=ROUNDUP(_xlfn.MAXIFS('بيانات الفرق'!$EC$3:$EC$69,'بيانات الفرق'!$EB$3:$EB$69,"المجموعة "&_xlfn.SEQUENCE($B30))/_xlfn.MINIFS('بيانات الفرق'!$ED$3:$ED$69,'بيانات الفرق'!$EB$3:$EB$69,"المجموعة "&_xlfn.SEQUENCE($B30)),0),ROUNDDOWN(_xlfn.MINIFS('بيانات الفرق'!$EC$3:$EC$69,'بيانات الفرق'!$EB$3:$EB$69,"المجموعة "&_xlfn.SEQUENCE($B30))/_xlfn.MINIFS('بيانات الفرق'!$ED$3:$ED$69,'بيانات الفرق'!$EB$3:$EB$69,"المجموعة "&_xlfn.SEQUENCE($B30)),0),ROUNDDOWN(_xlfn.MINIFS('بيانات الفرق'!$EC$3:$EC$69,'بيانات الفرق'!$EB$3:$EB$69,"المجموعة "&_xlfn.SEQUENCE($B30))/_xlfn.MINIFS('بيانات الفرق'!$ED$3:$ED$69,'بيانات الفرق'!$EB$3:$EB$69,"المجموعة "&_xlfn.SEQUENCE($B30)),0)&"–"&ROUNDUP(_xlfn.MAXIFS('بيانات الفرق'!$EC$3:$EC$69,'بيانات الفرق'!$EB$3:$EB$69,"المجموعة "&_xlfn.SEQUENCE($B30))/_xlfn.MINIFS('بيانات الفرق'!$ED$3:$ED$69,'بيانات الفرق'!$EB$3:$EB$69,"المجموعة "&_xlfn.SEQUENCE($B30)),0)))} -> 1–2 + 1–2 + 1–2 + 1–2 | E30: {=_xlfn.TEXTJOIN(" + ",TRUE,IF(_xlfn.MINIFS('بيانات الفرق'!$EC$3:$EC$69,'بيانات الفرق'!$EB$3:$EB$69,"المجموعة "&_xlfn.SEQUENCE($B30))=_xlfn.MAXIFS('بيانات الفرق'!$EC$3:$EC$69,'بيانات الفرق'!$EB$3:$EB$69,"المجموعة "&_xlfn.SEQUENCE($B30)),_xlfn.MINIFS('بيانات الفرق'!$EC$3:$EC$69,'بيانات الفرق'!$EB$3:$EB$69,"المجموعة "&_xlfn.SEQUENCE($B30)),_xlfn.MINIFS('بيانات الفرق'!$EC$3:$EC$69,'بيانات الفرق'!$EB$3:$EB$69,"المجموعة "&_xlfn.SEQUENCE($B30))&"–"&_xlfn.MAXIFS('بيانات الفرق'!$EC$3:$EC$69,'بيانات الفرق'!$EB$3:$EB$69,"المجموعة "&_xlfn.SEQUENCE($B30))))} -> 18 + 18 + 18 + 18 | F30: =IF(COUNTIF('67 فريقًا'!$E$4:$E$1999,"*فائز ر*")>0,"ربع نهائي ثم نصف نهائي ثم نهائي",IF(COUNTIF('67 فريقًا'!$E$4:$E$1999,"*فائز*")>0,"نصف نهائي ثم نهائي",IF(COUNTIF('67 فريقًا'!$E$4:$E$1999,"*أول المجموعة*")>0,"نهائي مباشر","—"))) -> نصف نهائي ثم نهائي | G30: =_xlfn.MAXIFS('67 فريقًا'!$A$4:$A$1999,'67 فريقًا'!$E$4:$E$1999,"* ضد *",'67 فريقًا'!$E$4:$E$1999,"<>*فائز*",'67 فريقًا'!$E$4:$E$1999,"<>*أول المجموعة*",'67 فريقًا'!$E$4:$E$1999,"<>*المتأهل*") -> 20 | H30: =$I30-$G30 -> 2 | I30: =_xlfn.MAXIFS('67 فريقًا'!$A$4:$A$1999,'67 فريقًا'!$E$4:$E$1999,"* ضد *") -> 22 | J30: =MOD(HOUR(المدخلات!$B$4)-1,12)+1&":"&TEXT(MINUTE(المدخلات!$B$4),"00")&IF(HOUR(المدخلات!$B$4)<12," ص"," م") -> 4:00 م | K30: {=_xlfn.LET(_xlpm.p,SUMPRODUCT(MAX((COUNTIF('67 فريقًا'!$B$4:$B$1999,المدخلات!$F$4:$F$7)>0)*(المدخلات!$F$4:$F$7<>"")*ROW(المدخلات!$F$4:$F$7)))-3,_xlpm.t,INDEX(المدخلات!$F$4:$F$7,_xlpm.p),TRIM(MID(_xlpm.t,FIND("–",_xlpm.t)+1,20)))} -> 7:50 م | L30: =_xlfn.MAXIFS('67 فريقًا'!$C$4:$C$1999,'67 فريقًا'!$E$4:$E$1999,"* ضد *") -> 12 | M30: =ROUNDUP($L30/المدخلات!$B$9,0) -> 6

Sheet 6 فرق
A1: بطولة 6 فرق – تحت 11 / تحت 12
A3: اليوم | B3: الوقت | C3: الملعب | D3: المباراة
A4: 1 | B4: =المدخلات!$F$4 -> 4:00–5:10 م | C4: 1 | D4: 3 ضد 4
A5: 1 | B5: =المدخلات!$F$5 -> 5:20–6:30 م | C5: 1 | D5: 2 ضد 5
A6: 1 | B6: =المدخلات!$F$6 -> 6:40–7:50 م | C6: 1 | D6: 1 ضد 6
A7: 2 | B7: =المدخلات!$F$4 -> 4:00–5:10 م | C7: 1 | D7: 5 ضد 1
A8: 2 | B8: =المدخلات!$F$5 -> 5:20–6:30 م | C8: 1 | D8: 4 ضد 6
A9: 2 | B9: =المدخلات!$F$6 -> 6:40–7:50 م | C9: 1 | D9: 2 ضد 3
A10: 3 | B10: =المدخلات!$F$4 -> 4:00–5:10 م | C10: 1 | D10: 6 ضد 2
A11: 3 | B11: =المدخلات!$F$5 -> 5:20–6:30 م | C11: 1 | D11: 3 ضد 5
A12: 3 | B12: =المدخلات!$F$6 -> 6:40–7:50 م | C12: 1 | D12: 1 ضد 4
A13: 4 | B13: =المدخلات!$F$4 -> 4:00–5:10 م | C13: 1 | D13: 4 ضد 2
A14: 4 | B14: =المدخلات!$F$5 -> 5:20–6:30 م | C14: 1 | D14: 1 ضد 3
A15: 4 | B15: =المدخلات!$F$6 -> 6:40–7:50 م | C15: 1 | D15: 5 ضد 6
A16: 5 | B16: =المدخلات!$F$4 -> 4:00–5:10 م | C16: 1 | D16: 6 ضد 3
A17: 5 | B17: =المدخلات!$F$5 -> 5:20–6:30 م | C17: 1 | D17: 2 ضد 1
A18: 5 | B18: =المدخلات!$F$6 -> 6:40–7:50 م | C18: 1 | D18: 4 ضد 5
A19: 6 | B19: =المدخلات!$F$4 -> 4:00–5:10 م | C19: 1 | D19: 5 ضد 2
A20: 6 | B20: =المدخلات!$F$5 -> 5:20–6:30 م | C20: 1 | D20: 6 ضد 1
A21: 6 | B21: =المدخلات!$F$6 -> 6:40–7:50 م | C21: 1 | D21: 3 ضد 4
A22: 7 | B22: =المدخلات!$F$4 -> 4:00–5:10 م | C22: 1 | D22: 1 ضد 5
A23: 7 | B23: =المدخلات!$F$5 -> 5:20–6:30 م | C23: 1 | D23: 4 ضد 6
A24: 7 | B24: =المدخلات!$F$6 -> 6:40–7:50 م | C24: 1 | D24: 2 ضد 3
A25: 8 | B25: =المدخلات!$F$4 -> 4:00–5:10 م | C25: 1 | D25: 1 ضد 4
A26: 8 | B26: =المدخلات!$F$5 -> 5:20–6:30 م | C26: 1 | D26: 3 ضد 5
A27: 8 | B27: =المدخلات!$F$6 -> 6:40–7:50 م | C27: 1 | D27: 6 ضد 2
A28: 9 | B28: =المدخلات!$F$4 -> 4:00–5:10 م | C28: 1 | D28: 5 ضد 6
A29: 9 | B29: =المدخلات!$F$5 -> 5:20–6:30 م | C29: 1 | D29: 2 ضد 4
A30: 9 | B30: =المدخلات!$F$6 -> 6:40–7:50 م | C30: 1 | D30: 3 ضد 1
A31: 10 | B31: =المدخلات!$F$4 -> 4:00–5:10 م | C31: 1 | D31: 1 ضد 2
A32: 10 | B32: =المدخلات!$F$5 -> 5:20–6:30 م | C32: 1 | D32: 6 ضد 3
A33: 10 | B33: =المدخلات!$F$6 -> 6:40–7:50 م | C33: 1 | D33: 4 ضد 5
A34: 11 | B34: =المدخلات!$F$4 -> 4:00–5:10 م | C34: 1 | D34: 3 ضد 4
A35: 11 | B35: =المدخلات!$F$5 -> 5:20–6:30 م | C35: 1 | D35: 5 ضد 2
A36: 11 | B36: =المدخلات!$F$6 -> 6:40–7:50 م | C36: 1 | D36: 6 ضد 1
A37: 12 | B37: =المدخلات!$F$4 -> 4:00–5:10 م | C37: 1 | D37: 5 ضد 1
A38: 12 | B38: =المدخلات!$F$5 -> 5:20–6:30 م | C38: 1 | D38: 4 ضد 6
A39: 12 | B39: =المدخلات!$F$6 -> 6:40–7:50 م | C39: 1 | D39: 2 ضد 3
A40: 13 | B40: =المدخلات!$F$4 -> 4:00–5:10 م | C40: 1 | D40: 2 ضد 6
A41: 13 | B41: =المدخلات!$F$5 -> 5:20–6:30 م | C41: 1 | D41: 3 ضد 5
A42: 13 | B42: =المدخلات!$F$6 -> 6:40–7:50 م | C42: 1 | D42: 1 ضد 4
A43: 14 | B43: =المدخلات!$F$4 -> 4:00–5:10 م | C43: 1 | D43: 1 ضد 3
A44: 14 | B44: =المدخلات!$F$5 -> 5:20–6:30 م | C44: 1 | D44: 4 ضد 2
A45: 14 | B45: =المدخلات!$F$6 -> 6:40–7:50 م | C45: 1 | D45: 5 ضد 6
A46: 15 | B46: =المدخلات!$F$4 -> 4:00–5:10 م | C46: 1 | D46: 4 ضد 5
A47: 15 | B47: =المدخلات!$F$5 -> 5:20–6:30 م | C47: 1 | D47: 6 ضد 3
A48: 15 | B48: =المدخلات!$F$6 -> 6:40–7:50 م | C48: 1 | D48: 2 ضد 1
A49: 16 | B49: =المدخلات!$F$4 -> 4:00–5:10 م | C49: 1 | D49: 3 ضد 4
A50: 16 | B50: =المدخلات!$F$5 -> 5:20–6:30 م | C50: 1 | D50: 6 ضد 1
A51: 16 | B51: =المدخلات!$F$6 -> 6:40–7:50 م | C51: 1 | D51: 5 ضد 2
A52: 17 | B52: =المدخلات!$F$4 -> 4:00–5:10 م | C52: 1 | D52: 2 ضد 3
A53: 17 | B53: =المدخلات!$F$5 -> 5:20–6:30 م | C53: 1 | D53: 1 ضد 5
A54: 17 | B54: =المدخلات!$F$6 -> 6:40–7:50 م | C54: 1 | D54: 4 ضد 6
A55: 18 | B55: =المدخلات!$F$4 -> 4:00–5:10 م | C55: 1 | D55: 6 ضد 2
A56: 18 | B56: =المدخلات!$F$5 -> 5:20–6:30 م | C56: 1 | D56: 1 ضد 4
A57: 18 | B57: =المدخلات!$F$6 -> 6:40–7:50 م | C57: 1 | D57: 3 ضد 5
A58: 19 | B58: =المدخلات!$F$4 -> 4:00–5:10 م | C58: 1 | D58: 5 ضد 6
A59: 19 | B59: =المدخلات!$F$5 -> 5:20–6:30 م | C59: 1 | D59: 3 ضد 1
A60: 19 | B60: =المدخلات!$F$6 -> 6:40–7:50 م | C60: 1 | D60: 2 ضد 4
A61: 20 | B61: =المدخلات!$F$4 -> 4:00–5:10 م | C61: 1 | D61: 1 ضد 2
A62: 20 | B62: =المدخلات!$F$5 -> 5:20–6:30 م | C62: 1 | D62: 4 ضد 5
A63: 20 | B63: =المدخلات!$F$6 -> 6:40–7:50 م | C63: 1 | D63: 6 ضد 3
A66: جدول تكرار لقاء الأزواج — كم مرة يلتقي كل فريقين خلال الموسم
A67: فريق \ فريق | B67: 1 | C67: 2 | D67: 3 | E67: 4 | F67: 5 | G67: 6
A68: 1 | B68: =IF($A68=B$67,"",COUNTIF($D$4:$D$63,$A68&" ضد "&B$67)+COUNTIF($D$4:$D$63,B$67&" ضد "&$A68)) | C68: =IF($A68=C$67,"",COUNTIF($D$4:$D$63,$A68&" ضد "&C$67)+COUNTIF($D$4:$D$63,C$67&" ضد "&$A68)) -> 4 | D68: =IF($A68=D$67,"",COUNTIF($D$4:$D$63,$A68&" ضد "&D$67)+COUNTIF($D$4:$D$63,D$67&" ضد "&$A68)) -> 4 | E68: =IF($A68=E$67,"",COUNTIF($D$4:$D$63,$A68&" ضد "&E$67)+COUNTIF($D$4:$D$63,E$67&" ضد "&$A68)) -> 4 | F68: =IF($A68=F$67,"",COUNTIF($D$4:$D$63,$A68&" ضد "&F$67)+COUNTIF($D$4:$D$63,F$67&" ضد "&$A68)) -> 4 | G68: =IF($A68=G$67,"",COUNTIF($D$4:$D$63,$A68&" ضد "&G$67)+COUNTIF($D$4:$D$63,G$67&" ضد "&$A68)) -> 4
A69: 2 | B69: =IF($A69=B$67,"",COUNTIF($D$4:$D$63,$A69&" ضد "&B$67)+COUNTIF($D$4:$D$63,B$67&" ضد "&$A69)) -> 4 | C69: =IF($A69=C$67,"",COUNTIF($D$4:$D$63,$A69&" ضد "&C$67)+COUNTIF($D$4:$D$63,C$67&" ضد "&$A69)) | D69: =IF($A69=D$67,"",COUNTIF($D$4:$D$63,$A69&" ضد "&D$67)+COUNTIF($D$4:$D$63,D$67&" ضد "&$A69)) -> 4 | E69: =IF($A69=E$67,"",COUNTIF($D$4:$D$63,$A69&" ضد "&E$67)+COUNTIF($D$4:$D$63,E$67&" ضد "&$A69)) -> 4 | F69: =IF($A69=F$67,"",COUNTIF($D$4:$D$63,$A69&" ضد "&F$67)+COUNTIF($D$4:$D$63,F$67&" ضد "&$A69)) -> 4 | G69: =IF($A69=G$67,"",COUNTIF($D$4:$D$63,$A69&" ضد "&G$67)+COUNTIF($D$4:$D$63,G$67&" ضد "&$A69)) -> 4
A70: 3 | B70: =IF($A70=B$67,"",COUNTIF($D$4:$D$63,$A70&" ضد "&B$67)+COUNTIF($D$4:$D$63,B$67&" ضد "&$A70)) -> 4 | C70: =IF($A70=C$67,"",COUNTIF($D$4:$D$63,$A70&" ضد "&C$67)+COUNTIF($D$4:$D$63,C$67&" ضد "&$A70)) -> 4 | D70: =IF($A70=D$67,"",COUNTIF($D$4:$D$63,$A70&" ضد "&D$67)+COUNTIF($D$4:$D$63,D$67&" ضد "&$A70)) | E70: =IF($A70=E$67,"",COUNTIF($D$4:$D$63,$A70&" ضد "&E$67)+COUNTIF($D$4:$D$63,E$67&" ضد "&$A70)) -> 4 | F70: =IF($A70=F$67,"",COUNTIF($D$4:$D$63,$A70&" ضد "&F$67)+COUNTIF($D$4:$D$63,F$67&" ضد "&$A70)) -> 4 | G70: =IF($A70=G$67,"",COUNTIF($D$4:$D$63,$A70&" ضد "&G$67)+COUNTIF($D$4:$D$63,G$67&" ضد "&$A70)) -> 4
A71: 4 | B71: =IF($A71=B$67,"",COUNTIF($D$4:$D$63,$A71&" ضد "&B$67)+COUNTIF($D$4:$D$63,B$67&" ضد "&$A71)) -> 4 | C71: =IF($A71=C$67,"",COUNTIF($D$4:$D$63,$A71&" ضد "&C$67)+COUNTIF($D$4:$D$63,C$67&" ضد "&$A71)) -> 4 | D71: =IF($A71=D$67,"",COUNTIF($D$4:$D$63,$A71&" ضد "&D$67)+COUNTIF($D$4:$D$63,D$67&" ضد "&$A71)) -> 4 | E71: =IF($A71=E$67,"",COUNTIF($D$4:$D$63,$A71&" ضد "&E$67)+COUNTIF($D$4:$D$63,E$67&" ضد "&$A71)) | F71: =IF($A71=F$67,"",COUNTIF($D$4:$D$63,$A71&" ضد "&F$67)+COUNTIF($D$4:$D$63,F$67&" ضد "&$A71)) -> 4 | G71: =IF($A71=G$67,"",COUNTIF($D$4:$D$63,$A71&" ضد "&G$67)+COUNTIF($D$4:$D$63,G$67&" ضد "&$A71)) -> 4
A72: 5 | B72: =IF($A72=B$67,"",COUNTIF($D$4:$D$63,$A72&" ضد "&B$67)+COUNTIF($D$4:$D$63,B$67&" ضد "&$A72)) -> 4 | C72: =IF($A72=C$67,"",COUNTIF($D$4:$D$63,$A72&" ضد "&C$67)+COUNTIF($D$4:$D$63,C$67&" ضد "&$A72)) -> 4 | D72: =IF($A72=D$67,"",COUNTIF($D$4:$D$63,$A72&" ضد "&D$67)+COUNTIF($D$4:$D$63,D$67&" ضد "&$A72)) -> 4 | E72: =IF($A72=E$67,"",COUNTIF($D$4:$D$63,$A72&" ضد "&E$67)+COUNTIF($D$4:$D$63,E$67&" ضد "&$A72)) -> 4 | F72: =IF($A72=F$67,"",COUNTIF($D$4:$D$63,$A72&" ضد "&F$67)+COUNTIF($D$4:$D$63,F$67&" ضد "&$A72)) | G72: =IF($A72=G$67,"",COUNTIF($D$4:$D$63,$A72&" ضد "&G$67)+COUNTIF($D$4:$D$63,G$67&" ضد "&$A72)) -> 4
A73: 6 | B73: =IF($A73=B$67,"",COUNTIF($D$4:$D$63,$A73&" ضد "&B$67)+COUNTIF($D$4:$D$63,B$67&" ضد "&$A73)) -> 4 | C73: =IF($A73=C$67,"",COUNTIF($D$4:$D$63,$A73&" ضد "&C$67)+COUNTIF($D$4:$D$63,C$67&" ضد "&$A73)) -> 4 | D73: =IF($A73=D$67,"",COUNTIF($D$4:$D$63,$A73&" ضد "&D$67)+COUNTIF($D$4:$D$63,D$67&" ضد "&$A73)) -> 4 | E73: =IF($A73=E$67,"",COUNTIF($D$4:$D$63,$A73&" ضد "&E$67)+COUNTIF($D$4:$D$63,E$67&" ضد "&$A73)) -> 4 | F73: =IF($A73=F$67,"",COUNTIF($D$4:$D$63,$A73&" ضد "&F$67)+COUNTIF($D$4:$D$63,F$67&" ضد "&$A73)) -> 4 | G73: =IF($A73=G$67,"",COUNTIF($D$4:$D$63,$A73&" ضد "&G$67)+COUNTIF($D$4:$D$63,G$67&" ضد "&$A73))
A74: أقل تكرار (داخل المجموعة) | B74: {=MIN(IF(B68:G73>0,B68:G73))} -> 4
A75: أعلى تكرار | B75: =MAX(B68:G73) -> 4

Sheet 7 فرق
A1: بطولة 7 فرق – تحت 11 / تحت 12
A3: اليوم | B3: الوقت | C3: الملعب | D3: المباراة
A4: 1 | B4: =المدخلات!$F$4 -> 4:00–5:10 م | C4: 1 | D4: 4 ضد 5
A5: 1 | B5: =المدخلات!$F$5 -> 5:20–6:30 م | C5: 1 | D5: 3 ضد 6
A6: 1 | B6: =المدخلات!$F$6 -> 6:40–7:50 م | C6: 1 | D6: 2 ضد 7
A7: 2 | B7: =المدخلات!$F$4 -> 4:00–5:10 م | C7: 1 | D7: 1 ضد 7
A8: 2 | B8: =المدخلات!$F$5 -> 5:20–6:30 م | C8: 1 | D8: 5 ضد 2
A9: 2 | B9: =المدخلات!$F$6 -> 6:40–7:50 م | C9: 1 | D9: 3 ضد 4
A10: 3 | B10: =المدخلات!$F$4 -> 4:00–5:10 م | C10: 1 | D10: 2 ضد 3
A11: 3 | B11: =المدخلات!$F$5 -> 5:20–6:30 م | C11: 1 | D11: 7 ضد 5
A12: 3 | B12: =المدخلات!$F$6 -> 6:40–7:50 م | C12: 1 | D12: 6 ضد 1
A13: 4 | B13: =المدخلات!$F$4 -> 4:00–5:10 م | C13: 1 | D13: 7 ضد 3
A14: 4 | B14: =المدخلات!$F$5 -> 5:20–6:30 م | C14: 1 | D14: 4 ضد 6
A15: 4 | B15: =المدخلات!$F$6 -> 6:40–7:50 م | C15: 1 | D15: 1 ضد 5
A16: 5 | B16: =المدخلات!$F$4 -> 4:00–5:10 م | C16: 1 | D16: 5 ضد 3
A17: 5 | B17: =المدخلات!$F$5 -> 5:20–6:30 م | C17: 1 | D17: 1 ضد 4
A18: 5 | B18: =المدخلات!$F$6 -> 6:40–7:50 م | C18: 1 | D18: 6 ضد 2
A19: 6 | B19: =المدخلات!$F$4 -> 4:00–5:10 م | C19: 1 | D19: 6 ضد 7
A20: 6 | B20: =المدخلات!$F$5 -> 5:20–6:30 م | C20: 1 | D20: 2 ضد 4
A21: 6 | B21: =المدخلات!$F$6 -> 6:40–7:50 م | C21: 1 | D21: 3 ضد 1
A22: 7 | B22: =المدخلات!$F$4 -> 4:00–5:10 م | C22: 1 | D22: 5 ضد 6
A23: 7 | B23: =المدخلات!$F$5 -> 5:20–6:30 م | C23: 1 | D23: 1 ضد 2
A24: 7 | B24: =المدخلات!$F$6 -> 6:40–7:50 م | C24: 1 | D24: 4 ضد 7
A25: 8 | B25: =المدخلات!$F$4 -> 4:00–5:10 م | C25: 1 | D25: 7 ضد 2
A26: 8 | B26: =المدخلات!$F$5 -> 5:20–6:30 م | C26: 1 | D26: 3 ضد 6
A27: 8 | B27: =المدخلات!$F$6 -> 6:40–7:50 م | C27: 1 | D27: 4 ضد 5
A28: 9 | B28: =المدخلات!$F$4 -> 4:00–5:10 م | C28: 1 | D28: 3 ضد 4
A29: 9 | B29: =المدخلات!$F$5 -> 5:20–6:30 م | C29: 1 | D29: 7 ضد 1
A30: 9 | B30: =المدخلات!$F$6 -> 6:40–7:50 م | C30: 1 | D30: 2 ضد 5
A31: 10 | B31: =المدخلات!$F$4 -> 4:00–5:10 م | C31: 1 | D31: 2 ضد 3
A32: 10 | B32: =المدخلات!$F$5 -> 5:20–6:30 م | C32: 1 | D32: 5 ضد 7
A33: 10 | B33: =المدخلات!$F$6 -> 6:40–7:50 م | C33: 1 | D33: 6 ضد 1
A34: 11 | B34: =المدخلات!$F$4 -> 4:00–5:10 م | C34: 1 | D34: 4 ضد 6
A35: 11 | B35: =المدخلات!$F$5 -> 5:20–6:30 م | C35: 1 | D35: 1 ضد 5
A36: 11 | B36: =المدخلات!$F$6 -> 6:40–7:50 م | C36: 1 | D36: 7 ضد 3
A37: 12 | B37: =المدخلات!$F$4 -> 4:00–5:10 م | C37: 1 | D37: 1 ضد 4
A38: 12 | B38: =المدخلات!$F$5 -> 5:20–6:30 م | C38: 1 | D38: 5 ضد 3
A39: 12 | B39: =المدخلات!$F$6 -> 6:40–7:50 م | C39: 1 | D39: 6 ضد 2
A40: 13 | B40: =المدخلات!$F$4 -> 4:00–5:10 م | C40: 1 | D40: 6 ضد 7
A41: 13 | B41: =المدخلات!$F$5 -> 5:20–6:30 م | C41: 1 | D41: 2 ضد 4
A42: 13 | B42: =المدخلات!$F$6 -> 6:40–7:50 م | C42: 1 | D42: 3 ضد 1
A43: 14 | B43: =المدخلات!$F$4 -> 4:00–5:10 م | C43: 1 | D43: 1 ضد 2
A44: 14 | B44: =المدخلات!$F$5 -> 5:20–6:30 م | C44: 1 | D44: 5 ضد 6
A45: 14 | B45: =المدخلات!$F$6 -> 6:40–7:50 م | C45: 1 | D45: 4 ضد 7
A46: 15 | B46: =المدخلات!$F$4 -> 4:00–5:10 م | C46: 1 | D46: 7 ضد 2
A47: 15 | B47: =المدخلات!$F$5 -> 5:20–6:30 م | C47: 1 | D47: 3 ضد 6
A48: 15 | B48: =المدخلات!$F$6 -> 6:40–7:50 م | C48: 1 | D48: 4 ضد 5
A49: 16 | B49: =المدخلات!$F$4 -> 4:00–5:10 م | C49: 1 | D49: 3 ضد 4
A50: 16 | B50: =المدخلات!$F$5 -> 5:20–6:30 م | C50: 1 | D50: 7 ضد 1
A51: 16 | B51: =المدخلات!$F$6 -> 6:40–7:50 م | C51: 1 | D51: 2 ضد 5
A52: 17 | B52: =المدخلات!$F$4 -> 4:00–5:10 م | C52: 1 | D52: 5 ضد 7
A53: 17 | B53: =المدخلات!$F$5 -> 5:20–6:30 م | C53: 1 | D53: 2 ضد 3
A54: 17 | B54: =المدخلات!$F$6 -> 6:40–7:50 م | C54: 1 | D54: 6 ضد 1
A55: 18 | B55: =المدخلات!$F$4 -> 4:00–5:10 م | C55: 1 | D55: 1 ضد 5
A56: 18 | B56: =المدخلات!$F$5 -> 5:20–6:30 م | C56: 1 | D56: 4 ضد 6
A57: 18 | B57: =المدخلات!$F$6 -> 6:40–7:50 م | C57: 1 | D57: 7 ضد 3
A58: 19 | B58: =المدخلات!$F$4 -> 4:00–5:10 م | C58: 1 | D58: 5 ضد 3
A59: 19 | B59: =المدخلات!$F$5 -> 5:20–6:30 م | C59: 1 | D59: 1 ضد 4
A60: 19 | B60: =المدخلات!$F$6 -> 6:40–7:50 م | C60: 1 | D60: 6 ضد 2
A61: 20 | B61: =المدخلات!$F$4 -> 4:00–5:10 م | C61: 1 | D61: 2 ضد 4
A62: 20 | B62: =المدخلات!$F$5 -> 5:20–6:30 م | C62: 1 | D62: 6 ضد 7
A63: 20 | B63: =المدخلات!$F$6 -> 6:40–7:50 م | C63: 1 | D63: 3 ضد 1
A64: 21 | B64: =المدخلات!$F$4 -> 4:00–5:10 م | C64: 1 | D64: 5 ضد 6
A65: 21 | B65: =المدخلات!$F$5 -> 5:20–6:30 م | C65: 1 | D65: 1 ضد 2
A66: 21 | B66: =المدخلات!$F$6 -> 6:40–7:50 م | C66: 1 | D66: 4 ضد 7
A69: جدول تكرار لقاء الأزواج — كم مرة يلتقي كل فريقين خلال الموسم
A70: فريق \ فريق | B70: 1 | C70: 2 | D70: 3 | E70: 4 | F70: 5 | G70: 6 | H70: 7
A71: 1 | B71: =IF($A71=B$70,"",COUNTIF($D$4:$D$66,$A71&" ضد "&B$70)+COUNTIF($D$4:$D$66,B$70&" ضد "&$A71)) | C71: =IF($A71=C$70,"",COUNTIF($D$4:$D$66,$A71&" ضد "&C$70)+COUNTIF($D$4:$D$66,C$70&" ضد "&$A71)) -> 3 | D71: =IF($A71=D$70,"",COUNTIF($D$4:$D$66,$A71&" ضد "&D$70)+COUNTIF($D$4:$D$66,D$70&" ضد "&$A71)) -> 3 | E71: =IF($A71=E$70,"",COUNTIF($D$4:$D$66,$A71&" ضد "&E$70)+COUNTIF($D$4:$D$66,E$70&" ضد "&$A71)) -> 3 | F71: =IF($A71=F$70,"",COUNTIF($D$4:$D$66,$A71&" ضد "&F$70)+COUNTIF($D$4:$D$66,F$70&" ضد "&$A71)) -> 3 | G71: =IF($A71=G$70,"",COUNTIF($D$4:$D$66,$A71&" ضد "&G$70)+COUNTIF($D$4:$D$66,G$70&" ضد "&$A71)) -> 3 | H71: =IF($A71=H$70,"",COUNTIF($D$4:$D$66,$A71&" ضد "&H$70)+COUNTIF($D$4:$D$66,H$70&" ضد "&$A71)) -> 3
A72: 2 | B72: =IF($A72=B$70,"",COUNTIF($D$4:$D$66,$A72&" ضد "&B$70)+COUNTIF($D$4:$D$66,B$70&" ضد "&$A72)) -> 3 | C72: =IF($A72=C$70,"",COUNTIF($D$4:$D$66,$A72&" ضد "&C$70)+COUNTIF($D$4:$D$66,C$70&" ضد "&$A72)) | D72: =IF($A72=D$70,"",COUNTIF($D$4:$D$66,$A72&" ضد "&D$70)+COUNTIF($D$4:$D$66,D$70&" ضد "&$A72)) -> 3 | E72: =IF($A72=E$70,"",COUNTIF($D$4:$D$66,$A72&" ضد "&E$70)+COUNTIF($D$4:$D$66,E$70&" ضد "&$A72)) -> 3 | F72: =IF($A72=F$70,"",COUNTIF($D$4:$D$66,$A72&" ضد "&F$70)+COUNTIF($D$4:$D$66,F$70&" ضد "&$A72)) -> 3 | G72: =IF($A72=G$70,"",COUNTIF($D$4:$D$66,$A72&" ضد "&G$70)+COUNTIF($D$4:$D$66,G$70&" ضد "&$A72)) -> 3 | H72: =IF($A72=H$70,"",COUNTIF($D$4:$D$66,$A72&" ضد "&H$70)+COUNTIF($D$4:$D$66,H$70&" ضد "&$A72)) -> 3
A73: 3 | B73: =IF($A73=B$70,"",COUNTIF($D$4:$D$66,$A73&" ضد "&B$70)+COUNTIF($D$4:$D$66,B$70&" ضد "&$A73)) -> 3 | C73: =IF($A73=C$70,"",COUNTIF($D$4:$D$66,$A73&" ضد "&C$70)+COUNTIF($D$4:$D$66,C$70&" ضد "&$A73)) -> 3 | D73: =IF($A73=D$70,"",COUNTIF($D$4:$D$66,$A73&" ضد "&D$70)+COUNTIF($D$4:$D$66,D$70&" ضد "&$A73)) | E73: =IF($A73=E$70,"",COUNTIF($D$4:$D$66,$A73&" ضد "&E$70)+COUNTIF($D$4:$D$66,E$70&" ضد "&$A73)) -> 3 | F73: =IF($A73=F$70,"",COUNTIF($D$4:$D$66,$A73&" ضد "&F$70)+COUNTIF($D$4:$D$66,F$70&" ضد "&$A73)) -> 3 | G73: =IF($A73=G$70,"",COUNTIF($D$4:$D$66,$A73&" ضد "&G$70)+COUNTIF($D$4:$D$66,G$70&" ضد "&$A73)) -> 3 | H73: =IF($A73=H$70,"",COUNTIF($D$4:$D$66,$A73&" ضد "&H$70)+COUNTIF($D$4:$D$66,H$70&" ضد "&$A73)) -> 3
A74: 4 | B74: =IF($A74=B$70,"",COUNTIF($D$4:$D$66,$A74&" ضد "&B$70)+COUNTIF($D$4:$D$66,B$70&" ضد "&$A74)) -> 3 | C74: =IF($A74=C$70,"",COUNTIF($D$4:$D$66,$A74&" ضد "&C$70)+COUNTIF($D$4:$D$66,C$70&" ضد "&$A74)) -> 3 | D74: =IF($A74=D$70,"",COUNTIF($D$4:$D$66,$A74&" ضد "&D$70)+COUNTIF($D$4:$D$66,D$70&" ضد "&$A74)) -> 3 | E74: =IF($A74=E$70,"",COUNTIF($D$4:$D$66,$A74&" ضد "&E$70)+COUNTIF($D$4:$D$66,E$70&" ضد "&$A74)) | F74: =IF($A74=F$70,"",COUNTIF($D$4:$D$66,$A74&" ضد "&F$70)+COUNTIF($D$4:$D$66,F$70&" ضد "&$A74)) -> 3 | G74: =IF($A74=G$70,"",COUNTIF($D$4:$D$66,$A74&" ضد "&G$70)+COUNTIF($D$4:$D$66,G$70&" ضد "&$A74)) -> 3 | H74: =IF($A74=H$70,"",COUNTIF($D$4:$D$66,$A74&" ضد "&H$70)+COUNTIF($D$4:$D$66,H$70&" ضد "&$A74)) -> 3
A75: 5 | B75: =IF($A75=B$70,"",COUNTIF($D$4:$D$66,$A75&" ضد "&B$70)+COUNTIF($D$4:$D$66,B$70&" ضد "&$A75)) -> 3 | C75: =IF($A75=C$70,"",COUNTIF($D$4:$D$66,$A75&" ضد "&C$70)+COUNTIF($D$4:$D$66,C$70&" ضد "&$A75)) -> 3 | D75: =IF($A75=D$70,"",COUNTIF($D$4:$D$66,$A75&" ضد "&D$70)+COUNTIF($D$4:$D$66,D$70&" ضد "&$A75)) -> 3 | E75: =IF($A75=E$70,"",COUNTIF($D$4:$D$66,$A75&" ضد "&E$70)+COUNTIF($D$4:$D$66,E$70&" ضد "&$A75)) -> 3 | F75: =IF($A75=F$70,"",COUNTIF($D$4:$D$66,$A75&" ضد "&F$70)+COUNTIF($D$4:$D$66,F$70&" ضد "&$A75)) | G75: =IF($A75=G$70,"",COUNTIF($D$4:$D$66,$A75&" ضد "&G$70)+COUNTIF($D$4:$D$66,G$70&" ضد "&$A75)) -> 3 | H75: =IF($A75=H$70,"",COUNTIF($D$4:$D$66,$A75&" ضد "&H$70)+COUNTIF($D$4:$D$66,H$70&" ضد "&$A75)) -> 3
A76: 6 | B76: =IF($A76=B$70,"",COUNTIF($D$4:$D$66,$A76&" ضد "&B$70)+COUNTIF($D$4:$D$66,B$70&" ضد "&$A76)) -> 3 | C76: =IF($A76=C$70,"",COUNTIF($D$4:$D$66,$A76&" ضد "&C$70)+COUNTIF($D$4:$D$66,C$70&" ضد "&$A76)) -> 3 | D76: =IF($A76=D$70,"",COUNTIF($D$4:$D$66,$A76&" ضد "&D$70)+COUNTIF($D$4:$D$66,D$70&" ضد "&$A76)) -> 3 | E76: =IF($A76=E$70,"",COUNTIF($D$4:$D$66,$A76&" ضد "&E$70)+COUNTIF($D$4:$D$66,E$70&" ضد "&$A76)) -> 3 | F76: =IF($A76=F$70,"",COUNTIF($D$4:$D$66,$A76&" ضد "&F$70)+COUNTIF($D$4:$D$66,F$70&" ضد "&$A76)) -> 3 | G76: =IF($A76=G$70,"",COUNTIF($D$4:$D$66,$A76&" ضد "&G$70)+COUNTIF($D$4:$D$66,G$70&" ضد "&$A76)) | H76: =IF($A76=H$70,"",COUNTIF($D$4:$D$66,$A76&" ضد "&H$70)+COUNTIF($D$4:$D$66,H$70&" ضد "&$A76)) -> 3
A77: 7 | B77: =IF($A77=B$70,"",COUNTIF($D$4:$D$66,$A77&" ضد "&B$70)+COUNTIF($D$4:$D$66,B$70&" ضد "&$A77)) -> 3 | C77: =IF($A77=C$70,"",COUNTIF($D$4:$D$66,$A77&" ضد "&C$70)+COUNTIF($D$4:$D$66,C$70&" ضد "&$A77)) -> 3 | D77: =IF($A77=D$70,"",COUNTIF($D$4:$D$66,$A77&" ضد "&D$70)+COUNTIF($D$4:$D$66,D$70&" ضد "&$A77)) -> 3 | E77: =IF($A77=E$70,"",COUNTIF($D$4:$D$66,$A77&" ضد "&E$70)+COUNTIF($D$4:$D$66,E$70&" ضد "&$A77)) -> 3 | F77: =IF($A77=F$70,"",COUNTIF($D$4:$D$66,$A77&" ضد "&F$70)+COUNTIF($D$4:$D$66,F$70&" ضد "&$A77)) -> 3 | G77: =IF($A77=G$70,"",COUNTIF($D$4:$D$66,$A77&" ضد "&G$70)+COUNTIF($D$4:$D$66,G$70&" ضد "&$A77)) -> 3 | H77: =IF($A77=H$70,"",COUNTIF($D$4:$D$66,$A77&" ضد "&H$70)+COUNTIF($D$4:$D$66,H$70&" ضد "&$A77))
A78: أقل تكرار (داخل المجموعة) | B78: {=MIN(IF(B71:H77>0,B71:H77))} -> 3
A79: أعلى تكرار | B79: =MAX(B71:H77) -> 3

Sheet 8 فرق
A1: بطولة 8 فرق – تحت 11 / تحت 12
A3: اليوم | B3: الوقت | C3: الملعب | D3: المباراة
A4: 1 | B4: =المدخلات!$F$4 -> 4:00–5:10 م | C4: 1 | D4: 1 ضد 8
A5: 1 | B5: =المدخلات!$F$4 -> 4:00–5:10 م | C5: 2 | D5: 2 ضد 7
A6: 1 | B6: =المدخلات!$F$5 -> 5:20–6:30 م | C6: 1 | D6: 3 ضد 6
A7: 1 | B7: =المدخلات!$F$5 -> 5:20–6:30 م | C7: 2 | D7: 4 ضد 5
A8: 2 | B8: =المدخلات!$F$4 -> 4:00–5:10 م | C8: 1 | D8: 3 ضد 4
A9: 2 | B9: =المدخلات!$F$4 -> 4:00–5:10 م | C9: 2 | D9: 6 ضد 8
A10: 2 | B10: =المدخلات!$F$5 -> 5:20–6:30 م | C10: 1 | D10: 7 ضد 1
A11: 2 | B11: =المدخلات!$F$5 -> 5:20–6:30 م | C11: 2 | D11: 5 ضد 2
A12: 3 | B12: =المدخلات!$F$4 -> 4:00–5:10 م | C12: 1 | D12: 5 ضد 7
A13: 3 | B13: =المدخلات!$F$4 -> 4:00–5:10 م | C13: 2 | D13: 1 ضد 6
A14: 3 | B14: =المدخلات!$F$5 -> 5:20–6:30 م | C14: 1 | D14: 8 ضد 4
A15: 3 | B15: =المدخلات!$F$5 -> 5:20–6:30 م | C15: 2 | D15: 2 ضد 3
A16: 4 | B16: =المدخلات!$F$4 -> 4:00–5:10 م | C16: 1 | D16: 7 ضد 3
A17: 4 | B17: =المدخلات!$F$4 -> 4:00–5:10 م | C17: 2 | D17: 8 ضد 2
A18: 4 | B18: =المدخلات!$F$5 -> 5:20–6:30 م | C18: 1 | D18: 1 ضد 5
A19: 4 | B19: =المدخلات!$F$5 -> 5:20–6:30 م | C19: 2 | D19: 4 ضد 6
A20: 5 | B20: =المدخلات!$F$4 -> 4:00–5:10 م | C20: 1 | D20: 4 ضد 1
A21: 5 | B21: =المدخلات!$F$4 -> 4:00–5:10 م | C21: 2 | D21: 3 ضد 5
A22: 5 | B22: =المدخلات!$F$5 -> 5:20–6:30 م | C22: 1 | D22: 7 ضد 8
A23: 5 | B23: =المدخلات!$F$5 -> 5:20–6:30 م | C23: 2 | D23: 6 ضد 2
A24: 6 | B24: =المدخلات!$F$4 -> 4:00–5:10 م | C24: 1 | D24: 2 ضد 4
A25: 6 | B25: =المدخلات!$F$4 -> 4:00–5:10 م | C25: 2 | D25: 6 ضد 7
A26: 6 | B26: =المدخلات!$F$5 -> 5:20–6:30 م | C26: 1 | D26: 1 ضد 3
A27: 6 | B27: =المدخلات!$F$5 -> 5:20–6:30 م | C27: 2 | D27: 5 ضد 8
A28: 7 | B28: =المدخلات!$F$4 -> 4:00–5:10 م | C28: 1 | D28: 5 ضد 6
A29: 7 | B29: =المدخلات!$F$4 -> 4:00–5:10 م | C29: 2 | D29: 8 ضد 3
A30: 7 | B30: =المدخلات!$F$5 -> 5:20–6:30 م | C30: 1 | D30: 4 ضد 7
A31: 7 | B31: =المدخلات!$F$5 -> 5:20–6:30 م | C31: 2 | D31: 2 ضد 1
A32: 8 | B32: =المدخلات!$F$4 -> 4:00–5:10 م | C32: 1 | D32: 8 ضد 1
A33: 8 | B33: =المدخلات!$F$4 -> 4:00–5:10 م | C33: 2 | D33: 7 ضد 2
A34: 8 | B34: =المدخلات!$F$5 -> 5:20–6:30 م | C34: 1 | D34: 3 ضد 6
A35: 8 | B35: =المدخلات!$F$5 -> 5:20–6:30 م | C35: 2 | D35: 4 ضد 5
A36: 9 | B36: =المدخلات!$F$4 -> 4:00–5:10 م | C36: 1 | D36: 3 ضد 4
A37: 9 | B37: =المدخلات!$F$4 -> 4:00–5:10 م | C37: 2 | D37: 2 ضد 5
A38: 9 | B38: =المدخلات!$F$5 -> 5:20–6:30 م | C38: 1 | D38: 1 ضد 7
A39: 9 | B39: =المدخلات!$F$5 -> 5:20–6:30 م | C39: 2 | D39: 6 ضد 8
A40: 10 | B40: =المدخلات!$F$4 -> 4:00–5:10 م | C40: 1 | D40: 6 ضد 1
A41: 10 | B41: =المدخلات!$F$4 -> 4:00–5:10 م | C41: 2 | D41: 8 ضد 4
A42: 10 | B42: =المدخلات!$F$5 -> 5:20–6:30 م | C42: 1 | D42: 2 ضد 3
A43: 10 | B43: =المدخلات!$F$5 -> 5:20–6:30 م | C43: 2 | D43: 5 ضد 7
A44: 11 | B44: =المدخلات!$F$4 -> 4:00–5:10 م | C44: 1 | D44: 1 ضد 5
A45: 11 | B45: =المدخلات!$F$4 -> 4:00–5:10 م | C45: 2 | D45: 7 ضد 3
A46: 11 | B46: =المدخلات!$F$5 -> 5:20–6:30 م | C46: 1 | D46: 4 ضد 6
A47: 11 | B47: =المدخلات!$F$5 -> 5:20–6:30 م | C47: 2 | D47: 8 ضد 2
A48: 12 | B48: =المدخلات!$F$4 -> 4:00–5:10 م | C48: 1 | D48: 6 ضد 2
A49: 12 | B49: =المدخلات!$F$4 -> 4:00–5:10 م | C49: 2 | D49: 7 ضد 8
A50: 12 | B50: =المدخلات!$F$5 -> 5:20–6:30 م | C50: 1 | D50: 3 ضد 5
A51: 12 | B51: =المدخلات!$F$5 -> 5:20–6:30 م | C51: 2 | D51: 1 ضد 4
A52: 13 | B52: =المدخلات!$F$4 -> 4:00–5:10 م | C52: 1 | D52: 2 ضد 4
A53: 13 | B53: =المدخلات!$F$4 -> 4:00–5:10 م | C53: 2 | D53: 3 ضد 1
A54: 13 | B54: =المدخلات!$F$5 -> 5:20–6:30 م | C54: 1 | D54: 6 ضد 7
A55: 13 | B55: =المدخلات!$F$5 -> 5:20–6:30 م | C55: 2 | D55: 5 ضد 8
A56: 14 | B56: =المدخلات!$F$4 -> 4:00–5:10 م | C56: 1 | D56: 5 ضد 6
A57: 14 | B57: =المدخلات!$F$4 -> 4:00–5:10 م | C57: 2 | D57: 4 ضد 7
A58: 14 | B58: =المدخلات!$F$5 -> 5:20–6:30 م | C58: 1 | D58: 1 ضد 2
A59: 14 | B59: =المدخلات!$F$5 -> 5:20–6:30 م | C59: 2 | D59: 8 ضد 3
A60: 15 | B60: =المدخلات!$F$4 -> 4:00–5:10 م | C60: 1 | D60: 3 ضد 6
A61: 15 | B61: =المدخلات!$F$4 -> 4:00–5:10 م | C61: 2 | D61: 8 ضد 1
A62: 15 | B62: =المدخلات!$F$5 -> 5:20–6:30 م | C62: 1 | D62: 4 ضد 5
A63: 15 | B63: =المدخلات!$F$5 -> 5:20–6:30 م | C63: 2 | D63: 7 ضد 2
A64: 16 | B64: =المدخلات!$F$4 -> 4:00–5:10 م | C64: 1 | D64: 2 ضد 5
A65: 16 | B65: =المدخلات!$F$4 -> 4:00–5:10 م | C65: 2 | D65: 3 ضد 4
A66: 16 | B66: =المدخلات!$F$5 -> 5:20–6:30 م | C66: 1 | D66: 6 ضد 8
A67: 16 | B67: =المدخلات!$F$5 -> 5:20–6:30 م | C67: 2 | D67: 7 ضد 1
A68: 17 | B68: =المدخلات!$F$4 -> 4:00–5:10 م | C68: 1 | D68: 5 ضد 7
A69: 17 | B69: =المدخلات!$F$4 -> 4:00–5:10 م | C69: 2 | D69: 1 ضد 6
A70: 17 | B70: =المدخلات!$F$5 -> 5:20–6:30 م | C70: 1 | D70: 2 ضد 3
A71: 17 | B71: =المدخلات!$F$5 -> 5:20–6:30 م | C71: 2 | D71: 4 ضد 8
A72: 18 | B72: =المدخلات!$F$4 -> 4:00–5:10 م | C72: 1 | D72: 8 ضد 2
A73: 18 | B73: =المدخلات!$F$4 -> 4:00–5:10 م | C73: 2 | D73: 6 ضد 4
A74: 18 | B74: =المدخلات!$F$5 -> 5:20–6:30 م | C74: 1 | D74: 5 ضد 1
A75: 18 | B75: =المدخلات!$F$5 -> 5:20–6:30 م | C75: 2 | D75: 7 ضد 3
A76: 19 | B76: =المدخلات!$F$4 -> 4:00–5:10 م | C76: 1 | D76: 3 ضد 5
A77: 19 | B77: =المدخلات!$F$4 -> 4:00–5:10 م | C77: 2 | D77: 7 ضد 8
A78: 19 | B78: =المدخلات!$F$5 -> 5:20–6:30 م | C78: 1 | D78: 2 ضد 6
A79: 19 | B79: =المدخلات!$F$5 -> 5:20–6:30 م | C79: 2 | D79: 1 ضد 4
A80: 20 | B80: =المدخلات!$F$4 -> 4:00–5:10 م | C80: 1 | D80: 4 ضد 2
A81: 20 | B81: =المدخلات!$F$4 -> 4:00–5:10 م | C81: 2 | D81: 1 ضد 3
A82: 20 | B82: =المدخلات!$F$5 -> 5:20–6:30 م | C82: 1 | D82: 5 ضد 8
A83: 20 | B83: =المدخلات!$F$5 -> 5:20–6:30 م | C83: 2 | D83: 6 ضد 7
A84: 21 | B84: =المدخلات!$F$4 -> 4:00–5:10 م | C84: 1 | D84: 5 ضد 6
A85: 21 | B85: =المدخلات!$F$4 -> 4:00–5:10 م | C85: 2 | D85: 4 ضد 7
A86: 21 | B86: =المدخلات!$F$5 -> 5:20–6:30 م | C86: 1 | D86: 2 ضد 1
A87: 21 | B87: =المدخلات!$F$5 -> 5:20–6:30 م | C87: 2 | D87: 8 ضد 3
A90: جدول تكرار لقاء الأزواج — كم مرة يلتقي كل فريقين خلال الموسم
A91: فريق \ فريق | B91: 1 | C91: 2 | D91: 3 | E91: 4 | F91: 5 | G91: 6 | H91: 7 | I91: 8
A92: 1 | B92: =IF($A92=B$91,"",COUNTIF($D$4:$D$87,$A92&" ضد "&B$91)+COUNTIF($D$4:$D$87,B$91&" ضد "&$A92)) | C92: =IF($A92=C$91,"",COUNTIF($D$4:$D$87,$A92&" ضد "&C$91)+COUNTIF($D$4:$D$87,C$91&" ضد "&$A92)) -> 3 | D92: =IF($A92=D$91,"",COUNTIF($D$4:$D$87,$A92&" ضد "&D$91)+COUNTIF($D$4:$D$87,D$91&" ضد "&$A92)) -> 3 | E92: =IF($A92=E$91,"",COUNTIF($D$4:$D$87,$A92&" ضد "&E$91)+COUNTIF($D$4:$D$87,E$91&" ضد "&$A92)) -> 3 | F92: =IF($A92=F$91,"",COUNTIF($D$4:$D$87,$A92&" ضد "&F$91)+COUNTIF($D$4:$D$87,F$91&" ضد "&$A92)) -> 3 | G92: =IF($A92=G$91,"",COUNTIF($D$4:$D$87,$A92&" ضد "&G$91)+COUNTIF($D$4:$D$87,G$91&" ضد "&$A92)) -> 3 | H92: =IF($A92=H$91,"",COUNTIF($D$4:$D$87,$A92&" ضد "&H$91)+COUNTIF($D$4:$D$87,H$91&" ضد "&$A92)) -> 3 | I92: =IF($A92=I$91,"",COUNTIF($D$4:$D$87,$A92&" ضد "&I$91)+COUNTIF($D$4:$D$87,I$91&" ضد "&$A92)) -> 3
A93: 2 | B93: =IF($A93=B$91,"",COUNTIF($D$4:$D$87,$A93&" ضد "&B$91)+COUNTIF($D$4:$D$87,B$91&" ضد "&$A93)) -> 3 | C93: =IF($A93=C$91,"",COUNTIF($D$4:$D$87,$A93&" ضد "&C$91)+COUNTIF($D$4:$D$87,C$91&" ضد "&$A93)) | D93: =IF($A93=D$91,"",COUNTIF($D$4:$D$87,$A93&" ضد "&D$91)+COUNTIF($D$4:$D$87,D$91&" ضد "&$A93)) -> 3 | E93: =IF($A93=E$91,"",COUNTIF($D$4:$D$87,$A93&" ضد "&E$91)+COUNTIF($D$4:$D$87,E$91&" ضد "&$A93)) -> 3 | F93: =IF($A93=F$91,"",COUNTIF($D$4:$D$87,$A93&" ضد "&F$91)+COUNTIF($D$4:$D$87,F$91&" ضد "&$A93)) -> 3 | G93: =IF($A93=G$91,"",COUNTIF($D$4:$D$87,$A93&" ضد "&G$91)+COUNTIF($D$4:$D$87,G$91&" ضد "&$A93)) -> 3 | H93: =IF($A93=H$91,"",COUNTIF($D$4:$D$87,$A93&" ضد "&H$91)+COUNTIF($D$4:$D$87,H$91&" ضد "&$A93)) -> 3 | I93: =IF($A93=I$91,"",COUNTIF($D$4:$D$87,$A93&" ضد "&I$91)+COUNTIF($D$4:$D$87,I$91&" ضد "&$A93)) -> 3
A94: 3 | B94: =IF($A94=B$91,"",COUNTIF($D$4:$D$87,$A94&" ضد "&B$91)+COUNTIF($D$4:$D$87,B$91&" ضد "&$A94)) -> 3 | C94: =IF($A94=C$91,"",COUNTIF($D$4:$D$87,$A94&" ضد "&C$91)+COUNTIF($D$4:$D$87,C$91&" ضد "&$A94)) -> 3 | D94: =IF($A94=D$91,"",COUNTIF($D$4:$D$87,$A94&" ضد "&D$91)+COUNTIF($D$4:$D$87,D$91&" ضد "&$A94)) | E94: =IF($A94=E$91,"",COUNTIF($D$4:$D$87,$A94&" ضد "&E$91)+COUNTIF($D$4:$D$87,E$91&" ضد "&$A94)) -> 3 | F94: =IF($A94=F$91,"",COUNTIF($D$4:$D$87,$A94&" ضد "&F$91)+COUNTIF($D$4:$D$87,F$91&" ضد "&$A94)) -> 3 | G94: =IF($A94=G$91,"",COUNTIF($D$4:$D$87,$A94&" ضد "&G$91)+COUNTIF($D$4:$D$87,G$91&" ضد "&$A94)) -> 3 | H94: =IF($A94=H$91,"",COUNTIF($D$4:$D$87,$A94&" ضد "&H$91)+COUNTIF($D$4:$D$87,H$91&" ضد "&$A94)) -> 3 | I94: =IF($A94=I$91,"",COUNTIF($D$4:$D$87,$A94&" ضد "&I$91)+COUNTIF($D$4:$D$87,I$91&" ضد "&$A94)) -> 3
A95: 4 | B95: =IF($A95=B$91,"",COUNTIF($D$4:$D$87,$A95&" ضد "&B$91)+COUNTIF($D$4:$D$87,B$91&" ضد "&$A95)) -> 3 | C95: =IF($A95=C$91,"",COUNTIF($D$4:$D$87,$A95&" ضد "&C$91)+COUNTIF($D$4:$D$87,C$91&" ضد "&$A95)) -> 3 | D95: =IF($A95=D$91,"",COUNTIF($D$4:$D$87,$A95&" ضد "&D$91)+COUNTIF($D$4:$D$87,D$91&" ضد "&$A95)) -> 3 | E95: =IF($A95=E$91,"",COUNTIF($D$4:$D$87,$A95&" ضد "&E$91)+COUNTIF($D$4:$D$87,E$91&" ضد "&$A95)) | F95: =IF($A95=F$91,"",COUNTIF($D$4:$D$87,$A95&" ضد "&F$91)+COUNTIF($D$4:$D$87,F$91&" ضد "&$A95)) -> 3 | G95: =IF($A95=G$91,"",COUNTIF($D$4:$D$87,$A95&" ضد "&G$91)+COUNTIF($D$4:$D$87,G$91&" ضد "&$A95)) -> 3 | H95: =IF($A95=H$91,"",COUNTIF($D$4:$D$87,$A95&" ضد "&H$91)+COUNTIF($D$4:$D$87,H$91&" ضد "&$A95)) -> 3 | I95: =IF($A95=I$91,"",COUNTIF($D$4:$D$87,$A95&" ضد "&I$91)+COUNTIF($D$4:$D$87,I$91&" ضد "&$A95)) -> 3
A96: 5 | B96: =IF($A96=B$91,"",COUNTIF($D$4:$D$87,$A96&" ضد "&B$91)+COUNTIF($D$4:$D$87,B$91&" ضد "&$A96)) -> 3 | C96: =IF($A96=C$91,"",COUNTIF($D$4:$D$87,$A96&" ضد "&C$91)+COUNTIF($D$4:$D$87,C$91&" ضد "&$A96)) -> 3 | D96: =IF($A96=D$91,"",COUNTIF($D$4:$D$87,$A96&" ضد "&D$91)+COUNTIF($D$4:$D$87,D$91&" ضد "&$A96)) -> 3 | E96: =IF($A96=E$91,"",COUNTIF($D$4:$D$87,$A96&" ضد "&E$91)+COUNTIF($D$4:$D$87,E$91&" ضد "&$A96)) -> 3 | F96: =IF($A96=F$91,"",COUNTIF($D$4:$D$87,$A96&" ضد "&F$91)+COUNTIF($D$4:$D$87,F$91&" ضد "&$A96)) | G96: =IF($A96=G$91,"",COUNTIF($D$4:$D$87,$A96&" ضد "&G$91)+COUNTIF($D$4:$D$87,G$91&" ضد "&$A96)) -> 3 | H96: =IF($A96=H$91,"",COUNTIF($D$4:$D$87,$A96&" ضد "&H$91)+COUNTIF($D$4:$D$87,H$91&" ضد "&$A96)) -> 3 | I96: =IF($A96=I$91,"",COUNTIF($D$4:$D$87,$A96&" ضد "&I$91)+COUNTIF($D$4:$D$87,I$91&" ضد "&$A96)) -> 3
A97: 6 | B97: =IF($A97=B$91,"",COUNTIF($D$4:$D$87,$A97&" ضد "&B$91)+COUNTIF($D$4:$D$87,B$91&" ضد "&$A97)) -> 3 | C97: =IF($A97=C$91,"",COUNTIF($D$4:$D$87,$A97&" ضد "&C$91)+COUNTIF($D$4:$D$87,C$91&" ضد "&$A97)) -> 3 | D97: =IF($A97=D$91,"",COUNTIF($D$4:$D$87,$A97&" ضد "&D$91)+COUNTIF($D$4:$D$87,D$91&" ضد "&$A97)) -> 3 | E97: =IF($A97=E$91,"",COUNTIF($D$4:$D$87,$A97&" ضد "&E$91)+COUNTIF($D$4:$D$87,E$91&" ضد "&$A97)) -> 3 | F97: =IF($A97=F$91,"",COUNTIF($D$4:$D$87,$A97&" ضد "&F$91)+COUNTIF($D$4:$D$87,F$91&" ضد "&$A97)) -> 3 | G97: =IF($A97=G$91,"",COUNTIF($D$4:$D$87,$A97&" ضد "&G$91)+COUNTIF($D$4:$D$87,G$91&" ضد "&$A97)) | H97: =IF($A97=H$91,"",COUNTIF($D$4:$D$87,$A97&" ضد "&H$91)+COUNTIF($D$4:$D$87,H$91&" ضد "&$A97)) -> 3 | I97: =IF($A97=I$91,"",COUNTIF($D$4:$D$87,$A97&" ضد "&I$91)+COUNTIF($D$4:$D$87,I$91&" ضد "&$A97)) -> 3
A98: 7 | B98: =IF($A98=B$91,"",COUNTIF($D$4:$D$87,$A98&" ضد "&B$91)+COUNTIF($D$4:$D$87,B$91&" ضد "&$A98)) -> 3 | C98: =IF($A98=C$91,"",COUNTIF($D$4:$D$87,$A98&" ضد "&C$91)+COUNTIF($D$4:$D$87,C$91&" ضد "&$A98)) -> 3 | D98: =IF($A98=D$91,"",COUNTIF($D$4:$D$87,$A98&" ضد "&D$91)+COUNTIF($D$4:$D$87,D$91&" ضد "&$A98)) -> 3 | E98: =IF($A98=E$91,"",COUNTIF($D$4:$D$87,$A98&" ضد "&E$91)+COUNTIF($D$4:$D$87,E$91&" ضد "&$A98)) -> 3 | F98: =IF($A98=F$91,"",COUNTIF($D$4:$D$87,$A98&" ضد "&F$91)+COUNTIF($D$4:$D$87,F$91&" ضد "&$A98)) -> 3 | G98: =IF($A98=G$91,"",COUNTIF($D$4:$D$87,$A98&" ضد "&G$91)+COUNTIF($D$4:$D$87,G$91&" ضد "&$A98)) -> 3 | H98: =IF($A98=H$91,"",COUNTIF($D$4:$D$87,$A98&" ضد "&H$91)+COUNTIF($D$4:$D$87,H$91&" ضد "&$A98)) | I98: =IF($A98=I$91,"",COUNTIF($D$4:$D$87,$A98&" ضد "&I$91)+COUNTIF($D$4:$D$87,I$91&" ضد "&$A98)) -> 3
A99: 8 | B99: =IF($A99=B$91,"",COUNTIF($D$4:$D$87,$A99&" ضد "&B$91)+COUNTIF($D$4:$D$87,B$91&" ضد "&$A99)) -> 3 | C99: =IF($A99=C$91,"",COUNTIF($D$4:$D$87,$A99&" ضد "&C$91)+COUNTIF($D$4:$D$87,C$91&" ضد "&$A99)) -> 3 | D99: =IF($A99=D$91,"",COUNTIF($D$4:$D$87,$A99&" ضد "&D$91)+COUNTIF($D$4:$D$87,D$91&" ضد "&$A99)) -> 3 | E99: =IF($A99=E$91,"",COUNTIF($D$4:$D$87,$A99&" ضد "&E$91)+COUNTIF($D$4:$D$87,E$91&" ضد "&$A99)) -> 3 | F99: =IF($A99=F$91,"",COUNTIF($D$4:$D$87,$A99&" ضد "&F$91)+COUNTIF($D$4:$D$87,F$91&" ضد "&$A99)) -> 3 | G99: =IF($A99=G$91,"",COUNTIF($D$4:$D$87,$A99&" ضد "&G$91)+COUNTIF($D$4:$D$87,G$91&" ضد "&$A99)) -> 3 | H99: =IF($A99=H$91,"",COUNTIF($D$4:$D$87,$A99&" ضد "&H$91)+COUNTIF($D$4:$D$87,H$91&" ضد "&$A99)) -> 3 | I99: =IF($A99=I$91,"",COUNTIF($D$4:$D$87,$A99&" ضد "&I$91)+COUNTIF($D$4:$D$87,I$91&" ضد "&$A99))
A100: أقل تكرار (داخل المجموعة) | B100: {=MIN(IF(B92:I99>0,B92:I99))} -> 3
A101: أعلى تكرار | B101: =MAX(B92:I99) -> 3

Sheet 9 فرق
A1: بطولة 9 فرق – تحت 11 / تحت 12
A3: اليوم | B3: الوقت | C3: الملعب | D3: المباراة
A4: 1 | B4: =المدخلات!$F$4 -> 4:00–5:10 م | C4: 1 | D4: 4 ضد 6
A5: 1 | B5: =المدخلات!$F$4 -> 4:00–5:10 م | C5: 2 | D5: 2 ضد 8
A6: 1 | B6: =المدخلات!$F$5 -> 5:20–6:30 م | C6: 1 | D6: 1 ضد 5
A7: 1 | B7: =المدخلات!$F$5 -> 5:20–6:30 م | C7: 2 | D7: 3 ضد 7
A8: 2 | B8: =المدخلات!$F$4 -> 4:00–5:10 م | C8: 1 | D8: 5 ضد 8
A9: 2 | B9: =المدخلات!$F$4 -> 4:00–5:10 م | C9: 2 | D9: 1 ضد 2
A10: 2 | B10: =المدخلات!$F$5 -> 5:20–6:30 م | C10: 1 | D10: 9 ضد 4
A11: 2 | B11: =المدخلات!$F$5 -> 5:20–6:30 م | C11: 2 | D11: 6 ضد 7
A12: 3 | B12: =المدخلات!$F$4 -> 4:00–5:10 م | C12: 1 | D12: 3 ضد 9
A13: 3 | B13: =المدخلات!$F$4 -> 4:00–5:10 م | C13: 2 | D13: 7 ضد 5
A14: 3 | B14: =المدخلات!$F$5 -> 5:20–6:30 م | C14: 1 | D14: 8 ضد 4
A15: 3 | B15: =المدخلات!$F$5 -> 5:20–6:30 م | C15: 2 | D15: 6 ضد 1
A16: 4 | B16: =المدخلات!$F$4 -> 4:00–5:10 م | C16: 1 | D16: 3 ضد 6
A17: 4 | B17: =المدخلات!$F$4 -> 4:00–5:10 م | C17: 2 | D17: 9 ضد 1
A18: 4 | B18: =المدخلات!$F$5 -> 5:20–6:30 م | C18: 1 | D18: 2 ضد 7
A19: 4 | B19: =المدخلات!$F$5 -> 5:20–6:30 م | C19: 2 | D19: 4 ضد 5
A20: 5 | B20: =المدخلات!$F$4 -> 4:00–5:10 م | C20: 1 | D20: 4 ضد 3
A21: 5 | B21: =المدخلات!$F$4 -> 4:00–5:10 م | C21: 2 | D21: 5 ضد 2
A22: 5 | B22: =المدخلات!$F$5 -> 5:20–6:30 م | C22: 1 | D22: 8 ضد 1
A23: 5 | B23: =المدخلات!$F$5 -> 5:20–6:30 م | C23: 2 | D23: 7 ضد 9
A24: 6 | B24: =المدخلات!$F$4 -> 4:00–5:10 م | C24: 1 | D24: 7 ضد 4
A25: 6 | B25: =المدخلات!$F$4 -> 4:00–5:10 م | C25: 2 | D25: 2 ضد 9
A26: 6 | B26: =المدخلات!$F$5 -> 5:20–6:30 م | C26: 1 | D26: 5 ضد 6
A27: 6 | B27: =المدخلات!$F$5 -> 5:20–6:30 م | C27: 2 | D27: 8 ضد 3
A28: 7 | B28: =المدخلات!$F$4 -> 4:00–5:10 م | C28: 1 | D28: 9 ضد 8
A29: 7 | B29: =المدخلات!$F$4 -> 4:00–5:10 م | C29: 2 | D29: 3 ضد 5
A30: 7 | B30: =المدخلات!$F$5 -> 5:20–6:30 م | C30: 1 | D30: 1 ضد 4
A31: 7 | B31: =المدخلات!$F$5 -> 5:20–6:30 م | C31: 2 | D31: 6 ضد 2
A32: 8 | B32: =المدخلات!$F$4 -> 4:00–5:10 م | C32: 1 | D32: 6 ضد 8
A33: 8 | B33: =المدخلات!$F$4 -> 4:00–5:10 م | C33: 2 | D33: 2 ضد 3
A34: 8 | B34: =المدخلات!$F$5 -> 5:20–6:30 م | C34: 1 | D34: 5 ضد 9
A35: 8 | B35: =المدخلات!$F$5 -> 5:20–6:30 م | C35: 2 | D35: 1 ضد 7
A36: 9 | B36: =المدخلات!$F$4 -> 4:00–5:10 م | C36: 1 | D36: 1 ضد 3
A37: 9 | B37: =المدخلات!$F$4 -> 4:00–5:10 م | C37: 2 | D37: 9 ضد 6
A38: 9 | B38: =المدخلات!$F$5 -> 5:20–6:30 م | C38: 1 | D38: 4 ضد 2
A39: 9 | B39: =المدخلات!$F$5 -> 5:20–6:30 م | C39: 2 | D39: 7 ضد 8
A40: 10 | B40: =المدخلات!$F$4 -> 4:00–5:10 م | C40: 1 | D40: 3 ضد 7
A41: 10 | B41: =المدخلات!$F$4 -> 4:00–5:10 م | C41: 2 | D41: 8 ضد 2
A42: 10 | B42: =المدخلات!$F$5 -> 5:20–6:30 م | C42: 1 | D42: 5 ضد 1
A43: 10 | B43: =المدخلات!$F$5 -> 5:20–6:30 م | C43: 2 | D43: 4 ضد 6
A44: 11 | B44: =المدخلات!$F$4 -> 4:00–5:10 م | C44: 1 | D44: 6 ضد 7
A45: 11 | B45: =المدخلات!$F$4 -> 4:00–5:10 م | C45: 2 | D45: 8 ضد 5
A46: 11 | B46: =المدخلات!$F$5 -> 5:20–6:30 م | C46: 1 | D46: 2 ضد 1
A47: 11 | B47: =المدخلات!$F$5 -> 5:20–6:30 م | C47: 2 | D47: 9 ضد 4
A48: 12 | B48: =المدخلات!$F$4 -> 4:00–5:10 م | C48: 1 | D48: 1 ضد 6
A49: 12 | B49: =المدخلات!$F$4 -> 4:00–5:10 م | C49: 2 | D49: 4 ضد 8
A50: 12 | B50: =المدخلات!$F$5 -> 5:20–6:30 م | C50: 1 | D50: 7 ضد 5
A51: 12 | B51: =المدخلات!$F$5 -> 5:20–6:30 م | C51: 2 | D51: 3 ضد 9
A52: 13 | B52: =المدخلات!$F$4 -> 4:00–5:10 م | C52: 1 | D52: 9 ضد 1
A53: 13 | B53: =المدخلات!$F$4 -> 4:00–5:10 م | C53: 2 | D53: 5 ضد 4
A54: 13 | B54: =المدخلات!$F$5 -> 5:20–6:30 م | C54: 1 | D54: 6 ضد 3
A55: 13 | B55: =المدخلات!$F$5 -> 5:20–6:30 م | C55: 2 | D55: 2 ضد 7
A56: 14 | B56: =المدخلات!$F$4 -> 4:00–5:10 م | C56: 1 | D56: 7 ضد 9
A57: 14 | B57: =المدخلات!$F$4 -> 4:00–5:10 م | C57: 2 | D57: 3 ضد 4
A58: 14 | B58: =المدخلات!$F$5 -> 5:20–6:30 م | C58: 1 | D58: 8 ضد 1
A59: 14 | B59: =المدخلات!$F$5 -> 5:20–6:30 م | C59: 2 | D59: 2 ضد 5
A60: 15 | B60: =المدخلات!$F$4 -> 4:00–5:10 م | C60: 1 | D60: 5 ضد 6
A61: 15 | B61: =المدخلات!$F$4 -> 4:00–5:10 م | C61: 2 | D61: 9 ضد 2
A62: 15 | B62: =المدخلات!$F$5 -> 5:20–6:30 م | C62: 1 | D62: 4 ضد 7
A63: 15 | B63: =المدخلات!$F$5 -> 5:20–6:30 م | C63: 2 | D63: 8 ضد 3
A64: 16 | B64: =المدخلات!$F$4 -> 4:00–5:10 م | C64: 1 | D64: 1 ضد 4
A65: 16 | B65: =المدخلات!$F$4 -> 4:00–5:10 م | C65: 2 | D65: 3 ضد 5
A66: 16 | B66: =المدخلات!$F$5 -> 5:20–6:30 م | C66: 1 | D66: 6 ضد 2
A67: 16 | B67: =المدخلات!$F$5 -> 5:20–6:30 م | C67: 2 | D67: 8 ضد 9
A68: 17 | B68: =المدخلات!$F$4 -> 4:00–5:10 م | C68: 1 | D68: 6 ضد 8
A69: 17 | B69: =المدخلات!$F$4 -> 4:00–5:10 م | C69: 2 | D69: 2 ضد 3
A70: 17 | B70: =المدخلات!$F$5 -> 5:20–6:30 م | C70: 1 | D70: 7 ضد 1
A71: 17 | B71: =المدخلات!$F$5 -> 5:20–6:30 م | C71: 2 | D71: 5 ضد 9
A72: 18 | B72: =المدخلات!$F$4 -> 4:00–5:10 م | C72: 1 | D72: 7 ضد 8
A73: 18 | B73: =المدخلات!$F$4 -> 4:00–5:10 م | C73: 2 | D73: 9 ضد 6
A74: 18 | B74: =المدخلات!$F$5 -> 5:20–6:30 م | C74: 1 | D74: 4 ضد 2
A75: 18 | B75: =المدخلات!$F$5 -> 5:20–6:30 م | C75: 2 | D75: 1 ضد 3
A76: 19 | B76: =المدخلات!$F$4 -> 4:00–5:10 م | C76: 1 | D76: 4 ضد 5
A77: 19 | B77: =المدخلات!$F$4 -> 4:00–5:10 م | C77: 2 | D77: 2 ضد 3
A78: 19 | B78: =المدخلات!$F$5 -> 5:20–6:30 م | C78: 1 | D78: 8 ضد 9
A79: 19 | B79: =المدخلات!$F$5 -> 5:20–6:30 م | C79: 2 | D79: 6 ضد 7
A80: 20 | B80: =المدخلات!$F$4 -> 4:00–5:10 م | C80: 1 | D80: 7 ضد 8
A81: 20 | B81: =المدخلات!$F$4 -> 4:00–5:10 م | C81: 2 | D81: 5 ضد 6
A82: 20 | B82: =المدخلات!$F$5 -> 5:20–6:30 م | C82: 1 | D82: 3 ضد 4
A83: 20 | B83: =المدخلات!$F$5 -> 5:20–6:30 م | C83: 2 | D83: 1 ضد 2
A84: 21 | B84: =المدخلات!$F$4 -> 4:00–5:10 م | C84: 1 | D84: 9 ضد 1
A87: جدول تكرار لقاء الأزواج — كم مرة يلتقي كل فريقين خلال الموسم
A88: فريق \ فريق | B88: 1 | C88: 2 | D88: 3 | E88: 4 | F88: 5 | G88: 6 | H88: 7 | I88: 8 | J88: 9
A89: 1 | B89: =IF($A89=B$88,"",COUNTIF($D$4:$D$84,$A89&" ضد "&B$88)+COUNTIF($D$4:$D$84,B$88&" ضد "&$A89)) | C89: =IF($A89=C$88,"",COUNTIF($D$4:$D$84,$A89&" ضد "&C$88)+COUNTIF($D$4:$D$84,C$88&" ضد "&$A89)) -> 3 | D89: =IF($A89=D$88,"",COUNTIF($D$4:$D$84,$A89&" ضد "&D$88)+COUNTIF($D$4:$D$84,D$88&" ضد "&$A89)) -> 2 | E89: =IF($A89=E$88,"",COUNTIF($D$4:$D$84,$A89&" ضد "&E$88)+COUNTIF($D$4:$D$84,E$88&" ضد "&$A89)) -> 2 | F89: =IF($A89=F$88,"",COUNTIF($D$4:$D$84,$A89&" ضد "&F$88)+COUNTIF($D$4:$D$84,F$88&" ضد "&$A89)) -> 2 | G89: =IF($A89=G$88,"",COUNTIF($D$4:$D$84,$A89&" ضد "&G$88)+COUNTIF($D$4:$D$84,G$88&" ضد "&$A89)) -> 2 | H89: =IF($A89=H$88,"",COUNTIF($D$4:$D$84,$A89&" ضد "&H$88)+COUNTIF($D$4:$D$84,H$88&" ضد "&$A89)) -> 2 | I89: =IF($A89=I$88,"",COUNTIF($D$4:$D$84,$A89&" ضد "&I$88)+COUNTIF($D$4:$D$84,I$88&" ضد "&$A89)) -> 2 | J89: =IF($A89=J$88,"",COUNTIF($D$4:$D$84,$A89&" ضد "&J$88)+COUNTIF($D$4:$D$84,J$88&" ضد "&$A89)) -> 3
A90: 2 | B90: =IF($A90=B$88,"",COUNTIF($D$4:$D$84,$A90&" ضد "&B$88)+COUNTIF($D$4:$D$84,B$88&" ضد "&$A90)) -> 3 | C90: =IF($A90=C$88,"",COUNTIF($D$4:$D$84,$A90&" ضد "&C$88)+COUNTIF($D$4:$D$84,C$88&" ضد "&$A90)) | D90: =IF($A90=D$88,"",COUNTIF($D$4:$D$84,$A90&" ضد "&D$88)+COUNTIF($D$4:$D$84,D$88&" ضد "&$A90)) -> 3 | E90: =IF($A90=E$88,"",COUNTIF($D$4:$D$84,$A90&" ضد "&E$88)+COUNTIF($D$4:$D$84,E$88&" ضد "&$A90)) -> 2 | F90: =IF($A90=F$88,"",COUNTIF($D$4:$D$84,$A90&" ضد "&F$88)+COUNTIF($D$4:$D$84,F$88&" ضد "&$A90)) -> 2 | G90: =IF($A90=G$88,"",COUNTIF($D$4:$D$84,$A90&" ضد "&G$88)+COUNTIF($D$4:$D$84,G$88&" ضد "&$A90)) -> 2 | H90: =IF($A90=H$88,"",COUNTIF($D$4:$D$84,$A90&" ضد "&H$88)+COUNTIF($D$4:$D$84,H$88&" ضد "&$A90)) -> 2 | I90: =IF($A90=I$88,"",COUNTIF($D$4:$D$84,$A90&" ضد "&I$88)+COUNTIF($D$4:$D$84,I$88&" ضد "&$A90)) -> 2 | J90: =IF($A90=J$88,"",COUNTIF($D$4:$D$84,$A90&" ضد "&J$88)+COUNTIF($D$4:$D$84,J$88&" ضد "&$A90)) -> 2
A91: 3 | B91: =IF($A91=B$88,"",COUNTIF($D$4:$D$84,$A91&" ضد "&B$88)+COUNTIF($D$4:$D$84,B$88&" ضد "&$A91)) -> 2 | C91: =IF($A91=C$88,"",COUNTIF($D$4:$D$84,$A91&" ضد "&C$88)+COUNTIF($D$4:$D$84,C$88&" ضد "&$A91)) -> 3 | D91: =IF($A91=D$88,"",COUNTIF($D$4:$D$84,$A91&" ضد "&D$88)+COUNTIF($D$4:$D$84,D$88&" ضد "&$A91)) | E91: =IF($A91=E$88,"",COUNTIF($D$4:$D$84,$A91&" ضد "&E$88)+COUNTIF($D$4:$D$84,E$88&" ضد "&$A91)) -> 3 | F91: =IF($A91=F$88,"",COUNTIF($D$4:$D$84,$A91&" ضد "&F$88)+COUNTIF($D$4:$D$84,F$88&" ضد "&$A91)) -> 2 | G91: =IF($A91=G$88,"",COUNTIF($D$4:$D$84,$A91&" ضد "&G$88)+COUNTIF($D$4:$D$84,G$88&" ضد "&$A91)) -> 2 | H91: =IF($A91=H$88,"",COUNTIF($D$4:$D$84,$A91&" ضد "&H$88)+COUNTIF($D$4:$D$84,H$88&" ضد "&$A91)) -> 2 | I91: =IF($A91=I$88,"",COUNTIF($D$4:$D$84,$A91&" ضد "&I$88)+COUNTIF($D$4:$D$84,I$88&" ضد "&$A91)) -> 2 | J91: =IF($A91=J$88,"",COUNTIF($D$4:$D$84,$A91&" ضد "&J$88)+COUNTIF($D$4:$D$84,J$88&" ضد "&$A91)) -> 2
A92: 4 | B92: =IF($A92=B$88,"",COUNTIF($D$4:$D$84,$A92&" ضد "&B$88)+COUNTIF($D$4:$D$84,B$88&" ضد "&$A92)) -> 2 | C92: =IF($A92=C$88,"",COUNTIF($D$4:$D$84,$A92&" ضد "&C$88)+COUNTIF($D$4:$D$84,C$88&" ضد "&$A92)) -> 2 | D92: =IF($A92=D$88,"",COUNTIF($D$4:$D$84,$A92&" ضد "&D$88)+COUNTIF($D$4:$D$84,D$88&" ضد "&$A92)) -> 3 | E92: =IF($A92=E$88,"",COUNTIF($D$4:$D$84,$A92&" ضد "&E$88)+COUNTIF($D$4:$D$84,E$88&" ضد "&$A92)) | F92: =IF($A92=F$88,"",COUNTIF($D$4:$D$84,$A92&" ضد "&F$88)+COUNTIF($D$4:$D$84,F$88&" ضد "&$A92)) -> 3 | G92: =IF($A92=G$88,"",COUNTIF($D$4:$D$84,$A92&" ضد "&G$88)+COUNTIF($D$4:$D$84,G$88&" ضد "&$A92)) -> 2 | H92: =IF($A92=H$88,"",COUNTIF($D$4:$D$84,$A92&" ضد "&H$88)+COUNTIF($D$4:$D$84,H$88&" ضد "&$A92)) -> 2 | I92: =IF($A92=I$88,"",COUNTIF($D$4:$D$84,$A92&" ضد "&I$88)+COUNTIF($D$4:$D$84,I$88&" ضد "&$A92)) -> 2 | J92: =IF($A92=J$88,"",COUNTIF($D$4:$D$84,$A92&" ضد "&J$88)+COUNTIF($D$4:$D$84,J$88&" ضد "&$A92)) -> 2
A93: 5 | B93: =IF($A93=B$88,"",COUNTIF($D$4:$D$84,$A93&" ضد "&B$88)+COUNTIF($D$4:$D$84,B$88&" ضد "&$A93)) -> 2 | C93: =IF($A93=C$88,"",COUNTIF($D$4:$D$84,$A93&" ضد "&C$88)+COUNTIF($D$4:$D$84,C$88&" ضد "&$A93)) -> 2 | D93: =IF($A93=D$88,"",COUNTIF($D$4:$D$84,$A93&" ضد "&D$88)+COUNTIF($D$4:$D$84,D$88&" ضد "&$A93)) -> 2 | E93: =IF($A93=E$88,"",COUNTIF($D$4:$D$84,$A93&" ضد "&E$88)+COUNTIF($D$4:$D$84,E$88&" ضد "&$A93)) -> 3 | F93: =IF($A93=F$88,"",COUNTIF($D$4:$D$84,$A93&" ضد "&F$88)+COUNTIF($D$4:$D$84,F$88&" ضد "&$A93)) | G93: =IF($A93=G$88,"",COUNTIF($D$4:$D$84,$A93&" ضد "&G$88)+COUNTIF($D$4:$D$84,G$88&" ضد "&$A93)) -> 3 | H93: =IF($A93=H$88,"",COUNTIF($D$4:$D$84,$A93&" ضد "&H$88)+COUNTIF($D$4:$D$84,H$88&" ضد "&$A93)) -> 2 | I93: =IF($A93=I$88,"",COUNTIF($D$4:$D$84,$A93&" ضد "&I$88)+COUNTIF($D$4:$D$84,I$88&" ضد "&$A93)) -> 2 | J93: =IF($A93=J$88,"",COUNTIF($D$4:$D$84,$A93&" ضد "&J$88)+COUNTIF($D$4:$D$84,J$88&" ضد "&$A93)) -> 2
A94: 6 | B94: =IF($A94=B$88,"",COUNTIF($D$4:$D$84,$A94&" ضد "&B$88)+COUNTIF($D$4:$D$84,B$88&" ضد "&$A94)) -> 2 | C94: =IF($A94=C$88,"",COUNTIF($D$4:$D$84,$A94&" ضد "&C$88)+COUNTIF($D$4:$D$84,C$88&" ضد "&$A94)) -> 2 | D94: =IF($A94=D$88,"",COUNTIF($D$4:$D$84,$A94&" ضد "&D$88)+COUNTIF($D$4:$D$84,D$88&" ضد "&$A94)) -> 2 | E94: =IF($A94=E$88,"",COUNTIF($D$4:$D$84,$A94&" ضد "&E$88)+COUNTIF($D$4:$D$84,E$88&" ضد "&$A94)) -> 2 | F94: =IF($A94=F$88,"",COUNTIF($D$4:$D$84,$A94&" ضد "&F$88)+COUNTIF($D$4:$D$84,F$88&" ضد "&$A94)) -> 3 | G94: =IF($A94=G$88,"",COUNTIF($D$4:$D$84,$A94&" ضد "&G$88)+COUNTIF($D$4:$D$84,G$88&" ضد "&$A94)) | H94: =IF($A94=H$88,"",COUNTIF($D$4:$D$84,$A94&" ضد "&H$88)+COUNTIF($D$4:$D$84,H$88&" ضد "&$A94)) -> 3 | I94: =IF($A94=I$88,"",COUNTIF($D$4:$D$84,$A94&" ضد "&I$88)+COUNTIF($D$4:$D$84,I$88&" ضد "&$A94)) -> 2 | J94: =IF($A94=J$88,"",COUNTIF($D$4:$D$84,$A94&" ضد "&J$88)+COUNTIF($D$4:$D$84,J$88&" ضد "&$A94)) -> 2
A95: 7 | B95: =IF($A95=B$88,"",COUNTIF($D$4:$D$84,$A95&" ضد "&B$88)+COUNTIF($D$4:$D$84,B$88&" ضد "&$A95)) -> 2 | C95: =IF($A95=C$88,"",COUNTIF($D$4:$D$84,$A95&" ضد "&C$88)+COUNTIF($D$4:$D$84,C$88&" ضد "&$A95)) -> 2 | D95: =IF($A95=D$88,"",COUNTIF($D$4:$D$84,$A95&" ضد "&D$88)+COUNTIF($D$4:$D$84,D$88&" ضد "&$A95)) -> 2 | E95: =IF($A95=E$88,"",COUNTIF($D$4:$D$84,$A95&" ضد "&E$88)+COUNTIF($D$4:$D$84,E$88&" ضد "&$A95)) -> 2 | F95: =IF($A95=F$88,"",COUNTIF($D$4:$D$84,$A95&" ضد "&F$88)+COUNTIF($D$4:$D$84,F$88&" ضد "&$A95)) -> 2 | G95: =IF($A95=G$88,"",COUNTIF($D$4:$D$84,$A95&" ضد "&G$88)+COUNTIF($D$4:$D$84,G$88&" ضد "&$A95)) -> 3 | H95: =IF($A95=H$88,"",COUNTIF($D$4:$D$84,$A95&" ضد "&H$88)+COUNTIF($D$4:$D$84,H$88&" ضد "&$A95)) | I95: =IF($A95=I$88,"",COUNTIF($D$4:$D$84,$A95&" ضد "&I$88)+COUNTIF($D$4:$D$84,I$88&" ضد "&$A95)) -> 3 | J95: =IF($A95=J$88,"",COUNTIF($D$4:$D$84,$A95&" ضد "&J$88)+COUNTIF($D$4:$D$84,J$88&" ضد "&$A95)) -> 2
A96: 8 | B96: =IF($A96=B$88,"",COUNTIF($D$4:$D$84,$A96&" ضد "&B$88)+COUNTIF($D$4:$D$84,B$88&" ضد "&$A96)) -> 2 | C96: =IF($A96=C$88,"",COUNTIF($D$4:$D$84,$A96&" ضد "&C$88)+COUNTIF($D$4:$D$84,C$88&" ضد "&$A96)) -> 2 | D96: =IF($A96=D$88,"",COUNTIF($D$4:$D$84,$A96&" ضد "&D$88)+COUNTIF($D$4:$D$84,D$88&" ضد "&$A96)) -> 2 | E96: =IF($A96=E$88,"",COUNTIF($D$4:$D$84,$A96&" ضد "&E$88)+COUNTIF($D$4:$D$84,E$88&" ضد "&$A96)) -> 2 | F96: =IF($A96=F$88,"",COUNTIF($D$4:$D$84,$A96&" ضد "&F$88)+COUNTIF($D$4:$D$84,F$88&" ضد "&$A96)) -> 2 | G96: =IF($A96=G$88,"",COUNTIF($D$4:$D$84,$A96&" ضد "&G$88)+COUNTIF($D$4:$D$84,G$88&" ضد "&$A96)) -> 2 | H96: =IF($A96=H$88,"",COUNTIF($D$4:$D$84,$A96&" ضد "&H$88)+COUNTIF($D$4:$D$84,H$88&" ضد "&$A96)) -> 3 | I96: =IF($A96=I$88,"",COUNTIF($D$4:$D$84,$A96&" ضد "&I$88)+COUNTIF($D$4:$D$84,I$88&" ضد "&$A96)) | J96: =IF($A96=J$88,"",COUNTIF($D$4:$D$84,$A96&" ضد "&J$88)+COUNTIF($D$4:$D$84,J$88&" ضد "&$A96)) -> 3
A97: 9 | B97: =IF($A97=B$88,"",COUNTIF($D$4:$D$84,$A97&" ضد "&B$88)+COUNTIF($D$4:$D$84,B$88&" ضد "&$A97)) -> 3 | C97: =IF($A97=C$88,"",COUNTIF($D$4:$D$84,$A97&" ضد "&C$88)+COUNTIF($D$4:$D$84,C$88&" ضد "&$A97)) -> 2 | D97: =IF($A97=D$88,"",COUNTIF($D$4:$D$84,$A97&" ضد "&D$88)+COUNTIF($D$4:$D$84,D$88&" ضد "&$A97)) -> 2 | E97: =IF($A97=E$88,"",COUNTIF($D$4:$D$84,$A97&" ضد "&E$88)+COUNTIF($D$4:$D$84,E$88&" ضد "&$A97)) -> 2 | F97: =IF($A97=F$88,"",COUNTIF($D$4:$D$84,$A97&" ضد "&F$88)+COUNTIF($D$4:$D$84,F$88&" ضد "&$A97)) -> 2 | G97: =IF($A97=G$88,"",COUNTIF($D$4:$D$84,$A97&" ضد "&G$88)+COUNTIF($D$4:$D$84,G$88&" ضد "&$A97)) -> 2 | H97: =IF($A97=H$88,"",COUNTIF($D$4:$D$84,$A97&" ضد "&H$88)+COUNTIF($D$4:$D$84,H$88&" ضد "&$A97)) -> 2 | I97: =IF($A97=I$88,"",COUNTIF($D$4:$D$84,$A97&" ضد "&I$88)+COUNTIF($D$4:$D$84,I$88&" ضد "&$A97)) -> 3 | J97: =IF($A97=J$88,"",COUNTIF($D$4:$D$84,$A97&" ضد "&J$88)+COUNTIF($D$4:$D$84,J$88&" ضد "&$A97))
A98: أقل تكرار (داخل المجموعة) | B98: {=MIN(IF(B89:J97>0,B89:J97))} -> 2
A99: أعلى تكرار | B99: =MAX(B89:J97) -> 3

Sheet 11 فريقًا
A1: بطولة 11 فريقًا – تحت 11 / تحت 12
A3: اليوم | B3: الوقت | C3: الملعب | D3: المباراة
A4: 1 | B4: =المدخلات!$F$4 -> 4:00–5:10 م | C4: 1 | D4: 3 ضد 10
A5: 1 | B5: =المدخلات!$F$4 -> 4:00–5:10 م | C5: 2 | D5: 5 ضد 8
A6: 1 | B6: =المدخلات!$F$5 -> 5:20–6:30 م | C6: 1 | D6: 2 ضد 11
A7: 1 | B7: =المدخلات!$F$5 -> 5:20–6:30 م | C7: 2 | D7: 6 ضد 7
A8: 1 | B8: =المدخلات!$F$6 -> 6:40–7:50 م | C8: 1 | D8: 4 ضد 9
A9: 2 | B9: =المدخلات!$F$4 -> 4:00–5:10 م | C9: 1 | D9: 7 ضد 4
A10: 2 | B10: =المدخلات!$F$4 -> 4:00–5:10 م | C10: 2 | D10: 9 ضد 2
A11: 2 | B11: =المدخلات!$F$5 -> 5:20–6:30 م | C11: 1 | D11: 8 ضد 3
A12: 2 | B12: =المدخلات!$F$5 -> 5:20–6:30 م | C12: 2 | D12: 1 ضد 11
A13: 2 | B13: =المدخلات!$F$6 -> 6:40–7:50 م | C13: 1 | D13: 5 ضد 6
A14: 3 | B14: =المدخلات!$F$4 -> 4:00–5:10 م | C14: 1 | D14: 11 ضد 9
A15: 3 | B15: =المدخلات!$F$4 -> 4:00–5:10 م | C15: 2 | D15: 3 ضد 6
A16: 3 | B16: =المدخلات!$F$5 -> 5:20–6:30 م | C16: 1 | D16: 4 ضد 5
A17: 3 | B17: =المدخلات!$F$5 -> 5:20–6:30 م | C17: 2 | D17: 2 ضد 7
A18: 3 | B18: =المدخلات!$F$6 -> 6:40–7:50 م | C18: 1 | D18: 10 ضد 1
A19: 4 | B19: =المدخلات!$F$4 -> 4:00–5:10 م | C19: 1 | D19: 2 ضد 5
A20: 4 | B20: =المدخلات!$F$4 -> 4:00–5:10 م | C20: 2 | D20: 3 ضد 4
A21: 4 | B21: =المدخلات!$F$5 -> 5:20–6:30 م | C21: 1 | D21: 1 ضد 9
A22: 4 | B22: =المدخلات!$F$5 -> 5:20–6:30 م | C22: 2 | D22: 8 ضد 10
A23: 4 | B23: =المدخلات!$F$6 -> 6:40–7:50 م | C23: 1 | D23: 7 ضد 11
A24: 5 | B24: =المدخلات!$F$4 -> 4:00–5:10 م | C24: 1 | D24: 1 ضد 8
A25: 5 | B25: =المدخلات!$F$4 -> 4:00–5:10 م | C25: 2 | D25: 9 ضد 7
A26: 5 | B26: =المدخلات!$F$5 -> 5:20–6:30 م | C26: 1 | D26: 6 ضد 10
A27: 5 | B27: =المدخلات!$F$5 -> 5:20–6:30 م | C27: 2 | D27: 11 ضد 5
A28: 5 | B28: =المدخلات!$F$6 -> 6:40–7:50 م | C28: 1 | D28: 2 ضد 3
A29: 6 | B29: =المدخلات!$F$4 -> 4:00–5:10 م | C29: 1 | D29: 7 ضد 1
A30: 6 | B30: =المدخلات!$F$4 -> 4:00–5:10 م | C30: 2 | D30: 11 ضد 3
A31: 6 | B31: =المدخلات!$F$5 -> 5:20–6:30 م | C31: 1 | D31: 5 ضد 9
A32: 6 | B32: =المدخلات!$F$5 -> 5:20–6:30 م | C32: 2 | D32: 10 ضد 4
A33: 6 | B33: =المدخلات!$F$6 -> 6:40–7:50 م | C33: 1 | D33: 6 ضد 8
A34: 7 | B34: =المدخلات!$F$4 -> 4:00–5:10 م | C34: 1 | D34: 1 ضد 6
A35: 7 | B35: =المدخلات!$F$4 -> 4:00–5:10 م | C35: 2 | D35: 5 ضد 7
A36: 7 | B36: =المدخلات!$F$5 -> 5:20–6:30 م | C36: 1 | D36: 9 ضد 3
A37: 7 | B37: =المدخلات!$F$5 -> 5:20–6:30 م | C37: 2 | D37: 4 ضد 8
A38: 7 | B38: =المدخلات!$F$6 -> 6:40–7:50 م | C38: 1 | D38: 10 ضد 2
A39: 8 | B39: =المدخلات!$F$4 -> 4:00–5:10 م | C39: 1 | D39: 10 ضد 11
A40: 8 | B40: =المدخلات!$F$4 -> 4:00–5:10 م | C40: 2 | D40: 1 ضد 5
A41: 8 | B41: =المدخلات!$F$5 -> 5:20–6:30 م | C41: 1 | D41: 4 ضد 6
A42: 8 | B42: =المدخلات!$F$5 -> 5:20–6:30 م | C42: 2 | D42: 8 ضد 2
A43: 8 | B43: =المدخلات!$F$6 -> 6:40–7:50 م | C43: 1 | D43: 3 ضد 7
A44: 9 | B44: =المدخلات!$F$4 -> 4:00–5:10 م | C44: 1 | D44: 6 ضد 2
A45: 9 | B45: =المدخلات!$F$4 -> 4:00–5:10 م | C45: 2 | D45: 8 ضد 11
A46: 9 | B46: =المدخلات!$F$5 -> 5:20–6:30 م | C46: 1 | D46: 3 ضد 5
A47: 9 | B47: =المدخلات!$F$5 -> 5:20–6:30 م | C47: 2 | D47: 9 ضد 10
A48: 9 | B48: =المدخلات!$F$6 -> 6:40–7:50 م | C48: 1 | D48: 4 ضد 1
A49: 10 | B49: =المدخلات!$F$4 -> 4:00–5:10 م | C49: 1 | D49: 2 ضد 4
A50: 10 | B50: =المدخلات!$F$4 -> 4:00–5:10 م | C50: 2 | D50: 11 ضد 6
A51: 10 | B51: =المدخلات!$F$5 -> 5:20–6:30 م | C51: 1 | D51: 1 ضد 3
A52: 10 | B52: =المدخلات!$F$5 -> 5:20–6:30 م | C52: 2 | D52: 7 ضد 10
A53: 10 | B53: =المدخلات!$F$6 -> 6:40–7:50 م | C53: 1 | D53: 8 ضد 9
A54: 11 | B54: =المدخلات!$F$4 -> 4:00–5:10 م | C54: 1 | D54: 5 ضد 10
A55: 11 | B55: =المدخلات!$F$4 -> 4:00–5:10 م | C55: 2 | D55: 7 ضد 8
A56: 11 | B56: =المدخلات!$F$5 -> 5:20–6:30 م | C56: 1 | D56: 2 ضد 1
A57: 11 | B57: =المدخلات!$F$5 -> 5:20–6:30 م | C57: 2 | D57: 6 ضد 9
A58: 11 | B58: =المدخلات!$F$6 -> 6:40–7:50 م | C58: 1 | D58: 11 ضد 4
A59: 12 | B59: =المدخلات!$F$4 -> 4:00–5:10 م | C59: 1 | D59: 9 ضد 4
A60: 12 | B60: =المدخلات!$F$4 -> 4:00–5:10 م | C60: 2 | D60: 10 ضد 3
A61: 12 | B61: =المدخلات!$F$5 -> 5:20–6:30 م | C61: 1 | D61: 11 ضد 2
A62: 12 | B62: =المدخلات!$F$5 -> 5:20–6:30 م | C62: 2 | D62: 6 ضد 7
A63: 12 | B63: =المدخلات!$F$6 -> 6:40–7:50 م | C63: 1 | D63: 5 ضد 8
A64: 13 | B64: =المدخلات!$F$4 -> 4:00–5:10 م | C64: 1 | D64: 9 ضد 2
A65: 13 | B65: =المدخلات!$F$4 -> 4:00–5:10 م | C65: 2 | D65: 5 ضد 6
A66: 13 | B66: =المدخلات!$F$5 -> 5:20–6:30 م | C66: 1 | D66: 3 ضد 8
A67: 13 | B67: =المدخلات!$F$5 -> 5:20–6:30 م | C67: 2 | D67: 4 ضد 7
A68: 13 | B68: =المدخلات!$F$6 -> 6:40–7:50 م | C68: 1 | D68: 1 ضد 11
A69: 14 | B69: =المدخلات!$F$4 -> 4:00–5:10 م | C69: 1 | D69: 7 ضد 2
A70: 14 | B70: =المدخلات!$F$4 -> 4:00–5:10 م | C70: 2 | D70: 9 ضد 11
A71: 14 | B71: =المدخلات!$F$5 -> 5:20–6:30 م | C71: 1 | D71: 4 ضد 5
A72: 14 | B72: =المدخلات!$F$5 -> 5:20–6:30 م | C72: 2 | D72: 10 ضد 1
A73: 14 | B73: =المدخلات!$F$6 -> 6:40–7:50 م | C73: 1 | D73: 3 ضد 6
A74: 15 | B74: =المدخلات!$F$4 -> 4:00–5:10 م | C74: 1 | D74: 8 ضد 10
A75: 15 | B75: =المدخلات!$F$4 -> 4:00–5:10 م | C75: 2 | D75: 3 ضد 4
A76: 15 | B76: =المدخلات!$F$5 -> 5:20–6:30 م | C76: 1 | D76: 7 ضد 11
A77: 15 | B77: =المدخلات!$F$5 -> 5:20–6:30 م | C77: 2 | D77: 1 ضد 9
A78: 15 | B78: =المدخلات!$F$6 -> 6:40–7:50 م | C78: 1 | D78: 2 ضد 5
A79: 16 | B79: =المدخلات!$F$4 -> 4:00–5:10 م | C79: 1 | D79: 8 ضد 1
A80: 16 | B80: =المدخلات!$F$4 -> 4:00–5:10 م | C80: 2 | D80: 6 ضد 10
A81: 16 | B81: =المدخلات!$F$5 -> 5:20–6:30 م | C81: 1 | D81: 11 ضد 5
A82: 16 | B82: =المدخلات!$F$5 -> 5:20–6:30 م | C82: 2 | D82: 2 ضد 3
A83: 16 | B83: =المدخلات!$F$6 -> 6:40–7:50 م | C83: 1 | D83: 7 ضد 9
A84: 17 | B84: =المدخلات!$F$4 -> 4:00–5:10 م | C84: 1 | D84: 1 ضد 7
A85: 17 | B85: =المدخلات!$F$4 -> 4:00–5:10 م | C85: 2 | D85: 5 ضد 9
A86: 17 | B86: =المدخلات!$F$5 -> 5:20–6:30 م | C86: 1 | D86: 6 ضد 8
A87: 17 | B87: =المدخلات!$F$5 -> 5:20–6:30 م | C87: 2 | D87: 11 ضد 3
A88: 17 | B88: =المدخلات!$F$6 -> 6:40–7:50 م | C88: 1 | D88: 10 ضد 4
A89: 18 | B89: =المدخلات!$F$4 -> 4:00–5:10 م | C89: 1 | D89: 6 ضد 1
A90: 18 | B90: =المدخلات!$F$4 -> 4:00–5:10 م | C90: 2 | D90: 10 ضد 2
A91: 18 | B91: =المدخلات!$F$5 -> 5:20–6:30 م | C91: 1 | D91: 5 ضد 7
A92: 18 | B92: =المدخلات!$F$5 -> 5:20–6:30 م | C92: 2 | D92: 4 ضد 8
A93: 18 | B93: =المدخلات!$F$6 -> 6:40–7:50 م | C93: 1 | D93: 9 ضد 3
A94: 19 | B94: =المدخلات!$F$4 -> 4:00–5:10 م | C94: 1 | D94: 3 ضد 7
A95: 19 | B95: =المدخلات!$F$4 -> 4:00–5:10 م | C95: 2 | D95: 1 ضد 5
A96: 19 | B96: =المدخلات!$F$5 -> 5:20–6:30 م | C96: 1 | D96: 4 ضد 6
A97: 19 | B97: =المدخلات!$F$5 -> 5:20–6:30 م | C97: 2 | D97: 8 ضد 2
A98: 19 | B98: =المدخلات!$F$6 -> 6:40–7:50 م | C98: 1 | D98: 10 ضد 11
A99: 20 | B99: =المدخلات!$F$4 -> 4:00–5:10 م | C99: 1 | D99: 8 ضد 11
A100: 20 | B100: =المدخلات!$F$4 -> 4:00–5:10 م | C100: 2 | D100: 4 ضد 1
A101: 20 | B101: =المدخلات!$F$5 -> 5:20–6:30 م | C101: 1 | D101: 9 ضد 10
...

Sheet 12 فريقًا
A1: بطولة 12 فريقًا – تحت 11 / تحت 12
A3: اليوم | B3: الوقت | C3: الملعب | D3: المباراة
A4: 1 | B4: =المدخلات!$F$4 -> 4:00–5:10 م | C4: 1 | D4: 5 ضد 8
A5: 1 | B5: =المدخلات!$F$4 -> 4:00–5:10 م | C5: 2 | D5: 6 ضد 7
A6: 1 | B6: =المدخلات!$F$5 -> 5:20–6:30 م | C6: 1 | D6: 3 ضد 10
A7: 1 | B7: =المدخلات!$F$5 -> 5:20–6:30 م | C7: 2 | D7: 4 ضد 9
A8: 1 | B8: =المدخلات!$F$6 -> 6:40–7:50 م | C8: 1 | D8: 1 ضد 12
A9: 1 | B9: =المدخلات!$F$6 -> 6:40–7:50 م | C9: 2 | D9: 2 ضد 11
A10: 2 | B10: =المدخلات!$F$4 -> 4:00–5:10 م | C10: 1 | D10: 10 ضد 12
A11: 2 | B11: =المدخلات!$F$4 -> 4:00–5:10 م | C11: 2 | D11: 9 ضد 2
A12: 2 | B12: =المدخلات!$F$5 -> 5:20–6:30 م | C12: 1 | D12: 11 ضد 1
A13: 2 | B13: =المدخلات!$F$5 -> 5:20–6:30 م | C13: 2 | D13: 5 ضد 6
A14: 2 | B14: =المدخلات!$F$6 -> 6:40–7:50 م | C14: 1 | D14: 8 ضد 3
A15: 2 | B15: =المدخلات!$F$6 -> 6:40–7:50 م | C15: 2 | D15: 7 ضد 4
A16: 3 | B16: =المدخلات!$F$4 -> 4:00–5:10 م | C16: 1 | D16: 3 ضد 6
A17: 3 | B17: =المدخلات!$F$4 -> 4:00–5:10 م | C17: 2 | D17: 4 ضد 5
A18: 3 | B18: =المدخلات!$F$5 -> 5:20–6:30 م | C18: 1 | D18: 12 ضد 8
A19: 3 | B19: =المدخلات!$F$5 -> 5:20–6:30 م | C19: 2 | D19: 2 ضد 7
A20: 3 | B20: =المدخلات!$F$6 -> 6:40–7:50 م | C20: 1 | D20: 1 ضد 10
A21: 3 | B21: =المدخلات!$F$6 -> 6:40–7:50 م | C21: 2 | D21: 9 ضد 11
A22: 4 | B22: =المدخلات!$F$4 -> 4:00–5:10 م | C22: 1 | D22: 7 ضد 11
A23: 4 | B23: =المدخلات!$F$4 -> 4:00–5:10 م | C23: 2 | D23: 1 ضد 9
A24: 4 | B24: =المدخلات!$F$5 -> 5:20–6:30 م | C24: 1 | D24: 3 ضد 4
A25: 4 | B25: =المدخلات!$F$5 -> 5:20–6:30 م | C25: 2 | D25: 8 ضد 10
A26: 4 | B26: =المدخلات!$F$6 -> 6:40–7:50 م | C26: 1 | D26: 6 ضد 12
A27: 4 | B27: =المدخلات!$F$6 -> 6:40–7:50 م | C27: 2 | D27: 2 ضد 5
A28: 5 | B28: =المدخلات!$F$4 -> 4:00–5:10 م | C28: 1 | D28: 2 ضد 3
A29: 5 | B29: =المدخلات!$F$4 -> 4:00–5:10 م | C29: 2 | D29: 12 ضد 4
A30: 5 | B30: =المدخلات!$F$5 -> 5:20–6:30 م | C30: 1 | D30: 11 ضد 5
A31: 5 | B31: =المدخلات!$F$5 -> 5:20–6:30 م | C31: 2 | D31: 8 ضد 1
A32: 5 | B32: =المدخلات!$F$6 -> 6:40–7:50 م | C32: 1 | D32: 7 ضد 9
A33: 5 | B33: =المدخلات!$F$6 -> 6:40–7:50 م | C33: 2 | D33: 10 ضد 6
A34: 6 | B34: =المدخلات!$F$4 -> 4:00–5:10 م | C34: 1 | D34: 4 ضد 10
A35: 6 | B35: =المدخلات!$F$4 -> 4:00–5:10 م | C35: 2 | D35: 6 ضد 8
A36: 6 | B36: =المدخلات!$F$5 -> 5:20–6:30 م | C36: 1 | D36: 12 ضد 2
A37: 6 | B37: =المدخلات!$F$5 -> 5:20–6:30 م | C37: 2 | D37: 1 ضد 7
A38: 6 | B38: =المدخلات!$F$6 -> 6:40–7:50 م | C38: 1 | D38: 11 ضد 3
A39: 6 | B39: =المدخلات!$F$6 -> 6:40–7:50 م | C39: 2 | D39: 5 ضد 9
A40: 7 | B40: =المدخلات!$F$4 -> 4:00–5:10 م | C40: 1 | D40: 11 ضد 12
A41: 7 | B41: =المدخلات!$F$4 -> 4:00–5:10 م | C41: 2 | D41: 10 ضد 2
A42: 7 | B42: =المدخلات!$F$5 -> 5:20–6:30 م | C42: 1 | D42: 9 ضد 3
A43: 7 | B43: =المدخلات!$F$5 -> 5:20–6:30 م | C43: 2 | D43: 5 ضد 7
A44: 7 | B44: =المدخلات!$F$6 -> 6:40–7:50 م | C44: 1 | D44: 4 ضد 8
A45: 7 | B45: =المدخلات!$F$6 -> 6:40–7:50 م | C45: 2 | D45: 6 ضد 1
A46: 8 | B46: =المدخلات!$F$4 -> 4:00–5:10 م | C46: 1 | D46: 1 ضد 5
A47: 8 | B47: =المدخلات!$F$4 -> 4:00–5:10 م | C47: 2 | D47: 9 ضد 12
A48: 8 | B48: =المدخلات!$F$5 -> 5:20–6:30 م | C48: 1 | D48: 4 ضد 6
A49: 8 | B49: =المدخلات!$F$5 -> 5:20–6:30 م | C49: 2 | D49: 10 ضد 11
A50: 8 | B50: =المدخلات!$F$6 -> 6:40–7:50 م | C50: 1 | D50: 3 ضد 7
A51: 8 | B51: =المدخلات!$F$6 -> 6:40–7:50 م | C51: 2 | D51: 8 ضد 2
A52: 9 | B52: =المدخلات!$F$4 -> 4:00–5:10 م | C52: 1 | D52: 8 ضد 11
A53: 9 | B53: =المدخلات!$F$4 -> 4:00–5:10 م | C53: 2 | D53: 3 ضد 5
A54: 9 | B54: =المدخلات!$F$5 -> 5:20–6:30 م | C54: 1 | D54: 2 ضد 6
A55: 9 | B55: =المدخلات!$F$5 -> 5:20–6:30 م | C55: 2 | D55: 7 ضد 12
A56: 9 | B56: =المدخلات!$F$6 -> 6:40–7:50 م | C56: 1 | D56: 1 ضد 4
A57: 9 | B57: =المدخلات!$F$6 -> 6:40–7:50 م | C57: 2 | D57: 9 ضد 10
A58: 10 | B58: =المدخلات!$F$4 -> 4:00–5:10 م | C58: 1 | D58: 7 ضد 10
A59: 10 | B59: =المدخلات!$F$4 -> 4:00–5:10 م | C59: 2 | D59: 3 ضد 1
A60: 10 | B60: =المدخلات!$F$5 -> 5:20–6:30 م | C60: 1 | D60: 8 ضد 9
A61: 10 | B61: =المدخلات!$F$5 -> 5:20–6:30 م | C61: 2 | D61: 2 ضد 4
A62: 10 | B62: =المدخلات!$F$6 -> 6:40–7:50 م | C62: 1 | D62: 12 ضد 5
A63: 10 | B63: =المدخلات!$F$6 -> 6:40–7:50 م | C63: 2 | D63: 6 ضد 11
A64: 11 | B64: =المدخلات!$F$4 -> 4:00–5:10 م | C64: 1 | D64: 1 ضد 2
A65: 11 | B65: =المدخلات!$F$4 -> 4:00–5:10 م | C65: 2 | D65: 11 ضد 4
A66: 11 | B66: =المدخلات!$F$5 -> 5:20–6:30 م | C66: 1 | D66: 6 ضد 9
A67: 11 | B67: =المدخلات!$F$5 -> 5:20–6:30 م | C67: 2 | D67: 5 ضد 10
A68: 11 | B68: =المدخلات!$F$6 -> 6:40–7:50 م | C68: 1 | D68: 7 ضد 8
A69: 11 | B69: =المدخلات!$F$6 -> 6:40–7:50 م | C69: 2 | D69: 12 ضد 3
A70: 12 | B70: =المدخلات!$F$4 -> 4:00–5:10 م | C70: 1 | D70: 6 ضد 7
A71: 12 | B71: =المدخلات!$F$4 -> 4:00–5:10 م | C71: 2 | D71: 5 ضد 8
A72: 12 | B72: =المدخلات!$F$5 -> 5:20–6:30 م | C72: 1 | D72: 12 ضد 1
A73: 12 | B73: =المدخلات!$F$5 -> 5:20–6:30 م | C73: 2 | D73: 10 ضد 3
A74: 12 | B74: =المدخلات!$F$6 -> 6:40–7:50 م | C74: 1 | D74: 11 ضد 2
A75: 12 | B75: =المدخلات!$F$6 -> 6:40–7:50 م | C75: 2 | D75: 4 ضد 9
A76: 13 | B76: =المدخلات!$F$4 -> 4:00–5:10 م | C76: 1 | D76: 9 ضد 2
A77: 13 | B77: =المدخلات!$F$4 -> 4:00–5:10 م | C77: 2 | D77: 3 ضد 8
A78: 13 | B78: =المدخلات!$F$5 -> 5:20–6:30 م | C78: 1 | D78: 11 ضد 1
A79: 13 | B79: =المدخلات!$F$5 -> 5:20–6:30 م | C79: 2 | D79: 4 ضد 7
A80: 13 | B80: =المدخلات!$F$6 -> 6:40–7:50 م | C80: 1 | D80: 10 ضد 12
A81: 13 | B81: =المدخلات!$F$6 -> 6:40–7:50 م | C81: 2 | D81: 5 ضد 6
A82: 14 | B82: =المدخلات!$F$4 -> 4:00–5:10 م | C82: 1 | D82: 10 ضد 1
A83: 14 | B83: =المدخلات!$F$4 -> 4:00–5:10 م | C83: 2 | D83: 8 ضد 12
A84: 14 | B84: =المدخلات!$F$5 -> 5:20–6:30 م | C84: 1 | D84: 9 ضد 11
A85: 14 | B85: =المدخلات!$F$5 -> 5:20–6:30 م | C85: 2 | D85: 3 ضد 6
A86: 14 | B86: =المدخلات!$F$6 -> 6:40–7:50 م | C86: 1 | D86: 2 ضد 7
A87: 14 | B87: =المدخلات!$F$6 -> 6:40–7:50 م | C87: 2 | D87: 4 ضد 5
A88: 15 | B88: =المدخلات!$F$4 -> 4:00–5:10 م | C88: 1 | D88: 7 ضد 11
A89: 15 | B89: =المدخلات!$F$4 -> 4:00–5:10 م | C89: 2 | D89: 3 ضد 4
A90: 15 | B90: =المدخلات!$F$5 -> 5:20–6:30 م | C90: 1 | D90: 2 ضد 5
A91: 15 | B91: =المدخلات!$F$5 -> 5:20–6:30 م | C91: 2 | D91: 12 ضد 6
A92: 15 | B92: =المدخلات!$F$6 -> 6:40–7:50 م | C92: 1 | D92: 8 ضد 10
A93: 15 | B93: =المدخلات!$F$6 -> 6:40–7:50 م | C93: 2 | D93: 1 ضد 9
A94: 16 | B94: =المدخلات!$F$4 -> 4:00–5:10 م | C94: 1 | D94: 6 ضد 10
A95: 16 | B95: =المدخلات!$F$4 -> 4:00–5:10 م | C95: 2 | D95: 12 ضد 4
A96: 16 | B96: =المدخلات!$F$5 -> 5:20–6:30 م | C96: 1 | D96: 1 ضد 8
A97: 16 | B97: =المدخلات!$F$5 -> 5:20–6:30 م | C97: 2 | D97: 7 ضد 9
A98: 16 | B98: =المدخلات!$F$6 -> 6:40–7:50 م | C98: 1 | D98: 2 ضد 3
A99: 16 | B99: =المدخلات!$F$6 -> 6:40–7:50 م | C99: 2 | D99: 5 ضد 11
A100: 17 | B100: =المدخلات!$F$4 -> 4:00–5:10 م | C100: 1 | D100: 9 ضد 5
A101: 17 | B101: =المدخلات!$F$4 -> 4:00–5:10 م | C101: 2 | D101: 7 ضد 1
...

Sheet 13 فريقًا
A1: بطولة 13 فريقًا – تحت 11 / تحت 12
A3: اليوم | B3: الوقت | C3: الملعب | D3: المجموعة | E3: المباراة
A4: 1 | B4: =المدخلات!$F$4 -> 4:00–5:10 م | C4: 1 | D4: المجموعة 1 | E4: 4 ضد 5
A5: 1 | B5: =المدخلات!$F$5 -> 5:20–6:30 م | C5: 1 | D5: المجموعة 1 | E5: 3 ضد 6
A6: 1 | B6: =المدخلات!$F$6 -> 6:40–7:50 م | C6: 1 | D6: المجموعة 1 | E6: 2 ضد 7
A7: 1 | B7: =المدخلات!$F$4 -> 4:00–5:10 م | C7: 2 | D7: المجموعة 2 | E7: 10 ضد 11
A8: 1 | B8: =المدخلات!$F$5 -> 5:20–6:30 م | C8: 2 | D8: المجموعة 2 | E8: 9 ضد 12
A9: 1 | B9: =المدخلات!$F$6 -> 6:40–7:50 م | C9: 2 | D9: المجموعة 2 | E9: 8 ضد 13
A10: 2 | B10: =المدخلات!$F$4 -> 4:00–5:10 م | C10: 1 | D10: المجموعة 1 | E10: 1 ضد 7
A11: 2 | B11: =المدخلات!$F$5 -> 5:20–6:30 م | C11: 1 | D11: المجموعة 1 | E11: 5 ضد 2
A12: 2 | B12: =المدخلات!$F$6 -> 6:40–7:50 م | C12: 1 | D12: المجموعة 1 | E12: 3 ضد 4
A13: 2 | B13: =المدخلات!$F$4 -> 4:00–5:10 م | C13: 2 | D13: المجموعة 2 | E13: 12 ضد 8
A14: 2 | B14: =المدخلات!$F$5 -> 5:20–6:30 م | C14: 2 | D14: المجموعة 2 | E14: 11 ضد 13
A15: 2 | B15: =المدخلات!$F$6 -> 6:40–7:50 م | C15: 2 | D15: المجموعة 2 | E15: 9 ضد 10
A16: 3 | B16: =المدخلات!$F$4 -> 4:00–5:10 م | C16: 1 | D16: المجموعة 1 | E16: 2 ضد 3
A17: 3 | B17: =المدخلات!$F$5 -> 5:20–6:30 م | C17: 1 | D17: المجموعة 1 | E17: 7 ضد 5
A18: 3 | B18: =المدخلات!$F$6 -> 6:40–7:50 م | C18: 1 | D18: المجموعة 1 | E18: 6 ضد 1
A19: 3 | B19: =المدخلات!$F$4 -> 4:00–5:10 م | C19: 2 | D19: المجموعة 2 | E19: 13 ضد 9
A20: 3 | B20: =المدخلات!$F$5 -> 5:20–6:30 م | C20: 2 | D20: المجموعة 2 | E20: 10 ضد 12
A21: 3 | B21: =المدخلات!$F$6 -> 6:40–7:50 م | C21: 2 | D21: المجموعة 2 | E21: 8 ضد 11
A22: 4 | B22: =المدخلات!$F$4 -> 4:00–5:10 م | C22: 1 | D22: المجموعة 1 | E22: 7 ضد 3
A23: 4 | B23: =المدخلات!$F$5 -> 5:20–6:30 م | C23: 1 | D23: المجموعة 1 | E23: 4 ضد 6
A24: 4 | B24: =المدخلات!$F$6 -> 6:40–7:50 م | C24: 1 | D24: المجموعة 1 | E24: 1 ضد 5
A25: 4 | B25: =المدخلات!$F$4 -> 4:00–5:10 م | C25: 2 | D25: المجموعة 2 | E25: 11 ضد 9
A26: 4 | B26: =المدخلات!$F$5 -> 5:20–6:30 م | C26: 2 | D26: المجموعة 2 | E26: 8 ضد 10
A27: 4 | B27: =المدخلات!$F$6 -> 6:40–7:50 م | C27: 2 | D27: المجموعة 2 | E27: 12 ضد 13
A28: 5 | B28: =المدخلات!$F$4 -> 4:00–5:10 م | C28: 1 | D28: المجموعة 1 | E28: 5 ضد 3
A29: 5 | B29: =المدخلات!$F$5 -> 5:20–6:30 م | C29: 1 | D29: المجموعة 1 | E29: 1 ضد 4
A30: 5 | B30: =المدخلات!$F$6 -> 6:40–7:50 م | C30: 1 | D30: المجموعة 1 | E30: 6 ضد 2
A31: 5 | B31: =المدخلات!$F$4 -> 4:00–5:10 م | C31: 2 | D31: المجموعة 2 | E31: 13 ضد 10
A32: 5 | B32: =المدخلات!$F$5 -> 5:20–6:30 م | C32: 2 | D32: المجموعة 2 | E32: 9 ضد 8
A33: 5 | B33: =المدخلات!$F$6 -> 6:40–7:50 م | C33: 2 | D33: المجموعة 2 | E33: 11 ضد 12
A34: 6 | B34: =المدخلات!$F$4 -> 4:00–5:10 م | C34: 1 | D34: المجموعة 1 | E34: 5 ضد 6
A35: 6 | B35: =المدخلات!$F$5 -> 5:20–6:30 م | C35: 1 | D35: المجموعة 1 | E35: 2 ضد 1
A36: 6 | B36: =المدخلات!$F$6 -> 6:40–7:50 م | C36: 1 | D36: المجموعة 1 | E36: 4 ضد 7
A37: 6 | B37: =المدخلات!$F$4 -> 4:00–5:10 م | C37: 2 | D37: المجموعة 2 | E37: 12 ضد 9
A38: 6 | B38: =المدخلات!$F$5 -> 5:20–6:30 م | C38: 2 | D38: المجموعة 2 | E38: 13 ضد 8
A39: 6 | B39: =المدخلات!$F$6 -> 6:40–7:50 م | C39: 2 | D39: المجموعة 2 | E39: 10 ضد 11
A40: 7 | B40: =المدخلات!$F$4 -> 4:00–5:10 م | C40: 1 | D40: المجموعة 1 | E40: 2 ضد 4
A41: 7 | B41: =المدخلات!$F$5 -> 5:20–6:30 م | C41: 1 | D41: المجموعة 1 | E41: 6 ضد 7
A42: 7 | B42: =المدخلات!$F$6 -> 6:40–7:50 م | C42: 1 | D42: المجموعة 1 | E42: 3 ضد 1
A43: 7 | B43: =المدخلات!$F$4 -> 4:00–5:10 م | C43: 2 | D43: المجموعة 2 | E43: 8 ضد 12
A44: 7 | B44: =المدخلات!$F$5 -> 5:20–6:30 م | C44: 2 | D44: المجموعة 2 | E44: 11 ضد 13
A45: 7 | B45: =المدخلات!$F$6 -> 6:40–7:50 م | C45: 2 | D45: المجموعة 2 | E45: 9 ضد 10
A46: 8 | B46: =المدخلات!$F$4 -> 4:00–5:10 م | C46: 1 | D46: المجموعة 1 | E46: 3 ضد 6
A47: 8 | B47: =المدخلات!$F$5 -> 5:20–6:30 م | C47: 1 | D47: المجموعة 1 | E47: 7 ضد 2
A48: 8 | B48: =المدخلات!$F$6 -> 6:40–7:50 م | C48: 1 | D48: المجموعة 1 | E48: 4 ضد 5
A49: 8 | B49: =المدخلات!$F$4 -> 4:00–5:10 م | C49: 2 | D49: المجموعة 2 | E49: 8 ضد 11
A50: 8 | B50: =المدخلات!$F$5 -> 5:20–6:30 م | C50: 2 | D50: المجموعة 2 | E50: 10 ضد 12
A51: 8 | B51: =المدخلات!$F$6 -> 6:40–7:50 م | C51: 2 | D51: المجموعة 2 | E51: 13 ضد 9
A52: 9 | B52: =المدخلات!$F$4 -> 4:00–5:10 م | C52: 1 | D52: المجموعة 1 | E52: 1 ضد 7
A53: 9 | B53: =المدخلات!$F$5 -> 5:20–6:30 م | C53: 1 | D53: المجموعة 1 | E53: 3 ضد 4
A54: 9 | B54: =المدخلات!$F$6 -> 6:40–7:50 م | C54: 1 | D54: المجموعة 1 | E54: 5 ضد 2
A55: 9 | B55: =المدخلات!$F$4 -> 4:00–5:10 م | C55: 2 | D55: المجموعة 2 | E55: 12 ضد 13
A56: 9 | B56: =المدخلات!$F$5 -> 5:20–6:30 م | C56: 2 | D56: المجموعة 2 | E56: 9 ضد 11
A57: 9 | B57: =المدخلات!$F$6 -> 6:40–7:50 م | C57: 2 | D57: المجموعة 2 | E57: 10 ضد 8
A58: 10 | B58: =المدخلات!$F$4 -> 4:00–5:10 م | C58: 1 | D58: المجموعة 1 | E58: 6 ضد 4
A59: 10 | B59: =المدخلات!$F$5 -> 5:20–6:30 م | C59: 1 | D59: المجموعة 1 | E59: 1 ضد 5
A60: 10 | B60: =المدخلات!$F$6 -> 6:40–7:50 م | C60: 1 | D60: المجموعة 1 | E60: 7 ضد 3
A61: 10 | B61: =المدخلات!$F$4 -> 4:00–5:10 م | C61: 2 | D61: المجموعة 2 | E61: 8 ضد 9
A62: 10 | B62: =المدخلات!$F$5 -> 5:20–6:30 م | C62: 2 | D62: المجموعة 2 | E62: 13 ضد 10
A63: 10 | B63: =المدخلات!$F$6 -> 6:40–7:50 م | C63: 2 | D63: المجموعة 2 | E63: 11 ضد 12
A64: 11 | B64: =المدخلات!$F$4 -> 4:00–5:10 م | C64: 1 | D64: المجموعة 1 | E64: 4 ضد 1
A65: 11 | B65: =المدخلات!$F$5 -> 5:20–6:30 م | C65: 1 | D65: المجموعة 1 | E65: 5 ضد 3
A66: 11 | B66: =المدخلات!$F$6 -> 6:40–7:50 م | C66: 1 | D66: المجموعة 1 | E66: 2 ضد 6
A67: 11 | B67: =المدخلات!$F$4 -> 4:00–5:10 م | C67: 2 | D67: المجموعة 2 | E67: 10 ضد 11
A68: 11 | B68: =المدخلات!$F$5 -> 5:20–6:30 م | C68: 2 | D68: المجموعة 2 | E68: 12 ضد 9
A69: 11 | B69: =المدخلات!$F$6 -> 6:40–7:50 م | C69: 2 | D69: المجموعة 2 | E69: 13 ضد 8
A70: 12 | B70: =المدخلات!$F$4 -> 4:00–5:10 م | C70: 1 | D70: المجموعة 1 | E70: 6 ضد 5
A71: 12 | B71: =المدخلات!$F$5 -> 5:20–6:30 م | C71: 1 | D71: المجموعة 1 | E71: 1 ضد 2
A72: 12 | B72: =المدخلات!$F$6 -> 6:40–7:50 م | C72: 1 | D72: المجموعة 1 | E72: 7 ضد 4
A73: 12 | B73: =المدخلات!$F$4 -> 4:00–5:10 م | C73: 2 | D73: المجموعة 2 | E73: 12 ضد 8
A74: 12 | B74: =المدخلات!$F$5 -> 5:20–6:30 م | C74: 2 | D74: المجموعة 2 | E74: 11 ضد 13
A75: 12 | B75: =المدخلات!$F$6 -> 6:40–7:50 م | C75: 2 | D75: المجموعة 2 | E75: 9 ضد 10
A76: 13 | B76: =المدخلات!$F$4 -> 4:00–5:10 م | C76: 1 | D76: المجموعة 1 | E76: 2 ضد 4
A77: 13 | B77: =المدخلات!$F$5 -> 5:20–6:30 م | C77: 1 | D77: المجموعة 1 | E77: 6 ضد 7
A78: 13 | B78: =المدخلات!$F$6 -> 6:40–7:50 م | C78: 1 | D78: المجموعة 1 | E78: 3 ضد 1
A79: 13 | B79: =المدخلات!$F$4 -> 4:00–5:10 م | C79: 2 | D79: المجموعة 2 | E79: 9 ضد 13
A80: 13 | B80: =المدخلات!$F$5 -> 5:20–6:30 م | C80: 2 | D80: المجموعة 2 | E80: 10 ضد 12
A81: 13 | B81: =المدخلات!$F$6 -> 6:40–7:50 م | C81: 2 | D81: المجموعة 2 | E81: 8 ضد 11
A82: 14 | B82: =المدخلات!$F$4 -> 4:00–5:10 م | C82: 1 | D82: المجموعة 1 | E82: 1 ضد 6
A83: 14 | B83: =المدخلات!$F$5 -> 5:20–6:30 م | C83: 1 | D83: المجموعة 1 | E83: 2 ضد 3
A84: 14 | B84: =المدخلات!$F$6 -> 6:40–7:50 م | C84: 1 | D84: المجموعة 1 | E84: 5 ضد 7
A85: 14 | B85: =المدخلات!$F$4 -> 4:00–5:10 م | C85: 2 | D85: المجموعة 2 | E85: 8 ضد 10
A86: 14 | B86: =المدخلات!$F$5 -> 5:20–6:30 م | C86: 2 | D86: المجموعة 2 | E86: 11 ضد 9
A87: 14 | B87: =المدخلات!$F$6 -> 6:40–7:50 م | C87: 2 | D87: المجموعة 2 | E87: 12 ضد 13
A88: 15 | B88: =المدخلات!$F$4 -> 4:00–5:10 م | C88: 1 | D88: المجموعة 1 | E88: 5 ضد 2
A89: 15 | B89: =المدخلات!$F$5 -> 5:20–6:30 م | C89: 1 | D89: المجموعة 1 | E89: 7 ضد 1
A90: 15 | B90: =المدخلات!$F$6 -> 6:40–7:50 م | C90: 1 | D90: المجموعة 1 | E90: 4 ضد 3
A91: 15 | B91: =المدخلات!$F$4 -> 4:00–5:10 م | C91: 2 | D91: المجموعة 2 | E91: 11 ضد 12
A92: 15 | B92: =المدخلات!$F$5 -> 5:20–6:30 م | C92: 2 | D92: المجموعة 2 | E92: 13 ضد 10
A93: 15 | B93: =المدخلات!$F$6 -> 6:40–7:50 م | C93: 2 | D93: المجموعة 2 | E93: 9 ضد 8
A94: 16 | B94: =المدخلات!$F$4 -> 4:00–5:10 م | C94: 1 | D94: المجموعة 1 | E94: 3 ضد 7
A95: 16 | B95: =المدخلات!$F$5 -> 5:20–6:30 م | C95: 1 | D95: المجموعة 1 | E95: 4 ضد 6
A96: 16 | B96: =المدخلات!$F$6 -> 6:40–7:50 م | C96: 1 | D96: المجموعة 1 | E96: 1 ضد 5
A97: 16 | B97: =المدخلات!$F$4 -> 4:00–5:10 م | C97: 2 | D97: المجموعة 2 | E97: 10 ضد 9
A98: 16 | B98: =المدخلات!$F$5 -> 5:20–6:30 م | C98: 2 | D98: المجموعة 2 | E98: 12 ضد 8
A99: 16 | B99: =المدخلات!$F$6 -> 6:40–7:50 م | C99: 2 | D99: المجموعة 2 | E99: 13 ضد 11
A100: 17 | B100: =المدخلات!$F$4 -> 4:00–5:10 م | C100: 1 | D100: المجموعة 1 | E100: 2 ضد 1
A101: 17 | B101: =المدخلات!$F$5 -> 5:20–6:30 م | C101: 1 | D101: المجموعة 1 | E101: 7 ضد 4
...

Sheet 14 فريقًا
A1: بطولة 14 فريقًا – تحت 11 / تحت 12
A3: اليوم | B3: الوقت | C3: الملعب | D3: المجموعة | E3: المباراة
A4: 1 | B4: =المدخلات!$F$4 -> 4:00–5:10 م | C4: 1 | D4: المجموعة 1 | E4: 4 ضد 5
A5: 1 | B5: =المدخلات!$F$5 -> 5:20–6:30 م | C5: 1 | D5: المجموعة 1 | E5: 3 ضد 6
A6: 1 | B6: =المدخلات!$F$6 -> 6:40–7:50 م | C6: 1 | D6: المجموعة 1 | E6: 2 ضد 7
A7: 1 | B7: =المدخلات!$F$4 -> 4:00–5:10 م | C7: 2 | D7: المجموعة 2 | E7: 11 ضد 12
A8: 1 | B8: =المدخلات!$F$5 -> 5:20–6:30 م | C8: 2 | D8: المجموعة 2 | E8: 10 ضد 13
A9: 1 | B9: =المدخلات!$F$6 -> 6:40–7:50 م | C9: 2 | D9: المجموعة 2 | E9: 9 ضد 14
A10: 2 | B10: =المدخلات!$F$4 -> 4:00–5:10 م | C10: 1 | D10: المجموعة 1 | E10: 1 ضد 7
A11: 2 | B11: =المدخلات!$F$5 -> 5:20–6:30 م | C11: 1 | D11: المجموعة 1 | E11: 5 ضد 2
A12: 2 | B12: =المدخلات!$F$6 -> 6:40–7:50 م | C12: 1 | D12: المجموعة 1 | E12: 3 ضد 4
A13: 2 | B13: =المدخلات!$F$4 -> 4:00–5:10 م | C13: 2 | D13: المجموعة 2 | E13: 8 ضد 14
A14: 2 | B14: =المدخلات!$F$5 -> 5:20–6:30 م | C14: 2 | D14: المجموعة 2 | E14: 12 ضد 9
A15: 2 | B15: =المدخلات!$F$6 -> 6:40–7:50 م | C15: 2 | D15: المجموعة 2 | E15: 10 ضد 11
A16: 3 | B16: =المدخلات!$F$4 -> 4:00–5:10 م | C16: 1 | D16: المجموعة 1 | E16: 2 ضد 3
A17: 3 | B17: =المدخلات!$F$5 -> 5:20–6:30 م | C17: 1 | D17: المجموعة 1 | E17: 7 ضد 5
A18: 3 | B18: =المدخلات!$F$6 -> 6:40–7:50 م | C18: 1 | D18: المجموعة 1 | E18: 6 ضد 1
A19: 3 | B19: =المدخلات!$F$4 -> 4:00–5:10 م | C19: 2 | D19: المجموعة 2 | E19: 9 ضد 10
A20: 3 | B20: =المدخلات!$F$5 -> 5:20–6:30 م | C20: 2 | D20: المجموعة 2 | E20: 14 ضد 12
A21: 3 | B21: =المدخلات!$F$6 -> 6:40–7:50 م | C21: 2 | D21: المجموعة 2 | E21: 13 ضد 8
A22: 4 | B22: =المدخلات!$F$4 -> 4:00–5:10 م | C22: 1 | D22: المجموعة 1 | E22: 7 ضد 3
A23: 4 | B23: =المدخلات!$F$5 -> 5:20–6:30 م | C23: 1 | D23: المجموعة 1 | E23: 4 ضد 6
A24: 4 | B24: =المدخلات!$F$6 -> 6:40–7:50 م | C24: 1 | D24: المجموعة 1 | E24: 1 ضد 5
A25: 4 | B25: =المدخلات!$F$4 -> 4:00–5:10 م | C25: 2 | D25: المجموعة 2 | E25: 14 ضد 10
A26: 4 | B26: =المدخلات!$F$5 -> 5:20–6:30 م | C26: 2 | D26: المجموعة 2 | E26: 11 ضد 13
A27: 4 | B27: =المدخلات!$F$6 -> 6:40–7:50 م | C27: 2 | D27: المجموعة 2 | E27: 8 ضد 12
A28: 5 | B28: =المدخلات!$F$4 -> 4:00–5:10 م | C28: 1 | D28: المجموعة 1 | E28: 5 ضد 3
A29: 5 | B29: =المدخلات!$F$5 -> 5:20–6:30 م | C29: 1 | D29: المجموعة 1 | E29: 1 ضد 4
A30: 5 | B30: =المدخلات!$F$6 -> 6:40–7:50 م | C30: 1 | D30: المجموعة 1 | E30: 6 ضد 2
A31: 5 | B31: =المدخلات!$F$4 -> 4:00–5:10 م | C31: 2 | D31: المجموعة 2 | E31: 12 ضد 10
A32: 5 | B32: =المدخلات!$F$5 -> 5:20–6:30 م | C32: 2 | D32: المجموعة 2 | E32: 8 ضد 11
A33: 5 | B33: =المدخلات!$F$6 -> 6:40–7:50 م | C33: 2 | D33: المجموعة 2 | E33: 13 ضد 9
A34: 6 | B34: =المدخلات!$F$4 -> 4:00–5:10 م | C34: 1 | D34: المجموعة 1 | E34: 6 ضد 7
A35: 6 | B35: =المدخلات!$F$5 -> 5:20–6:30 م | C35: 1 | D35: المجموعة 1 | E35: 2 ضد 4
A36: 6 | B36: =المدخلات!$F$6 -> 6:40–7:50 م | C36: 1 | D36: المجموعة 1 | E36: 3 ضد 1
A37: 6 | B37: =المدخلات!$F$4 -> 4:00–5:10 م | C37: 2 | D37: المجموعة 2 | E37: 13 ضد 14
A38: 6 | B38: =المدخلات!$F$5 -> 5:20–6:30 م | C38: 2 | D38: المجموعة 2 | E38: 9 ضد 11
A39: 6 | B39: =المدخلات!$F$6 -> 6:40–7:50 م | C39: 2 | D39: المجموعة 2 | E39: 10 ضد 8
A40: 7 | B40: =المدخلات!$F$4 -> 4:00–5:10 م | C40: 1 | D40: المجموعة 1 | E40: 5 ضد 6
A41: 7 | B41: =المدخلات!$F$5 -> 5:20–6:30 م | C41: 1 | D41: المجموعة 1 | E41: 1 ضد 2
A42: 7 | B42: =المدخلات!$F$6 -> 6:40–7:50 م | C42: 1 | D42: المجموعة 1 | E42: 4 ضد 7
A43: 7 | B43: =المدخلات!$F$4 -> 4:00–5:10 م | C43: 2 | D43: المجموعة 2 | E43: 12 ضد 13
A44: 7 | B44: =المدخلات!$F$5 -> 5:20–6:30 م | C44: 2 | D44: المجموعة 2 | E44: 8 ضد 9
A45: 7 | B45: =المدخلات!$F$6 -> 6:40–7:50 م | C45: 2 | D45: المجموعة 2 | E45: 11 ضد 14
A46: 8 | B46: =المدخلات!$F$4 -> 4:00–5:10 م | C46: 1 | D46: المجموعة 1 | E46: 7 ضد 2
A47: 8 | B47: =المدخلات!$F$5 -> 5:20–6:30 م | C47: 1 | D47: المجموعة 1 | E47: 3 ضد 6
A48: 8 | B48: =المدخلات!$F$6 -> 6:40–7:50 م | C48: 1 | D48: المجموعة 1 | E48: 4 ضد 5
A49: 8 | B49: =المدخلات!$F$4 -> 4:00–5:10 م | C49: 2 | D49: المجموعة 2 | E49: 14 ضد 9
A50: 8 | B50: =المدخلات!$F$5 -> 5:20–6:30 م | C50: 2 | D50: المجموعة 2 | E50: 10 ضد 13
A51: 8 | B51: =المدخلات!$F$6 -> 6:40–7:50 م | C51: 2 | D51: المجموعة 2 | E51: 11 ضد 12
A52: 9 | B52: =المدخلات!$F$4 -> 4:00–5:10 م | C52: 1 | D52: المجموعة 1 | E52: 3 ضد 4
A53: 9 | B53: =المدخلات!$F$5 -> 5:20–6:30 م | C53: 1 | D53: المجموعة 1 | E53: 7 ضد 1
A54: 9 | B54: =المدخلات!$F$6 -> 6:40–7:50 م | C54: 1 | D54: المجموعة 1 | E54: 2 ضد 5
A55: 9 | B55: =المدخلات!$F$4 -> 4:00–5:10 م | C55: 2 | D55: المجموعة 2 | E55: 10 ضد 11
A56: 9 | B56: =المدخلات!$F$5 -> 5:20–6:30 م | C56: 2 | D56: المجموعة 2 | E56: 14 ضد 8
A57: 9 | B57: =المدخلات!$F$6 -> 6:40–7:50 م | C57: 2 | D57: المجموعة 2 | E57: 9 ضد 12
A58: 10 | B58: =المدخلات!$F$4 -> 4:00–5:10 م | C58: 1 | D58: المجموعة 1 | E58: 2 ضد 3
A59: 10 | B59: =المدخلات!$F$5 -> 5:20–6:30 م | C59: 1 | D59: المجموعة 1 | E59: 5 ضد 7
A60: 10 | B60: =المدخلات!$F$6 -> 6:40–7:50 م | C60: 1 | D60: المجموعة 1 | E60: 6 ضد 1
A61: 10 | B61: =المدخلات!$F$4 -> 4:00–5:10 م | C61: 2 | D61: المجموعة 2 | E61: 9 ضد 10
A62: 10 | B62: =المدخلات!$F$5 -> 5:20–6:30 م | C62: 2 | D62: المجموعة 2 | E62: 12 ضد 14
A63: 10 | B63: =المدخلات!$F$6 -> 6:40–7:50 م | C63: 2 | D63: المجموعة 2 | E63: 13 ضد 8
A64: 11 | B64: =المدخلات!$F$4 -> 4:00–5:10 م | C64: 1 | D64: المجموعة 1 | E64: 4 ضد 6
A65: 11 | B65: =المدخلات!$F$5 -> 5:20–6:30 م | C65: 1 | D65: المجموعة 1 | E65: 1 ضد 5
A66: 11 | B66: =المدخلات!$F$6 -> 6:40–7:50 م | C66: 1 | D66: المجموعة 1 | E66: 7 ضد 3
A67: 11 | B67: =المدخلات!$F$4 -> 4:00–5:10 م | C67: 2 | D67: المجموعة 2 | E67: 11 ضد 13
A68: 11 | B68: =المدخلات!$F$5 -> 5:20–6:30 م | C68: 2 | D68: المجموعة 2 | E68: 8 ضد 12
A69: 11 | B69: =المدخلات!$F$6 -> 6:40–7:50 م | C69: 2 | D69: المجموعة 2 | E69: 14 ضد 10
A70: 12 | B70: =المدخلات!$F$4 -> 4:00–5:10 م | C70: 1 | D70: المجموعة 1 | E70: 1 ضد 4
A71: 12 | B71: =المدخلات!$F$5 -> 5:20–6:30 م | C71: 1 | D71: المجموعة 1 | E71: 5 ضد 3
A72: 12 | B72: =المدخلات!$F$6 -> 6:40–7:50 م | C72: 1 | D72: المجموعة 1 | E72: 6 ضد 2
A73: 12 | B73: =المدخلات!$F$4 -> 4:00–5:10 م | C73: 2 | D73: المجموعة 2 | E73: 8 ضد 11
A74: 12 | B74: =المدخلات!$F$5 -> 5:20–6:30 م | C74: 2 | D74: المجموعة 2 | E74: 12 ضد 10
A75: 12 | B75: =المدخلات!$F$6 -> 6:40–7:50 م | C75: 2 | D75: المجموعة 2 | E75: 13 ضد 9
A76: 13 | B76: =المدخلات!$F$4 -> 4:00–5:10 م | C76: 1 | D76: المجموعة 1 | E76: 6 ضد 7
A77: 13 | B77: =المدخلات!$F$5 -> 5:20–6:30 م | C77: 1 | D77: المجموعة 1 | E77: 2 ضد 4
A78: 13 | B78: =المدخلات!$F$6 -> 6:40–7:50 م | C78: 1 | D78: المجموعة 1 | E78: 3 ضد 1
A79: 13 | B79: =المدخلات!$F$4 -> 4:00–5:10 م | C79: 2 | D79: المجموعة 2 | E79: 13 ضد 14
A80: 13 | B80: =المدخلات!$F$5 -> 5:20–6:30 م | C80: 2 | D80: المجموعة 2 | E80: 9 ضد 11
A81: 13 | B81: =المدخلات!$F$6 -> 6:40–7:50 م | C81: 2 | D81: المجموعة 2 | E81: 10 ضد 8
A82: 14 | B82: =المدخلات!$F$4 -> 4:00–5:10 م | C82: 1 | D82: المجموعة 1 | E82: 1 ضد 2
A83: 14 | B83: =المدخلات!$F$5 -> 5:20–6:30 م | C83: 1 | D83: المجموعة 1 | E83: 5 ضد 6
A84: 14 | B84: =المدخلات!$F$6 -> 6:40–7:50 م | C84: 1 | D84: المجموعة 1 | E84: 4 ضد 7
A85: 14 | B85: =المدخلات!$F$4 -> 4:00–5:10 م | C85: 2 | D85: المجموعة 2 | E85: 8 ضد 9
A86: 14 | B86: =المدخلات!$F$5 -> 5:20–6:30 م | C86: 2 | D86: المجموعة 2 | E86: 12 ضد 13
A87: 14 | B87: =المدخلات!$F$6 -> 6:40–7:50 م | C87: 2 | D87: المجموعة 2 | E87: 11 ضد 14
A88: 15 | B88: =المدخلات!$F$4 -> 4:00–5:10 م | C88: 1 | D88: المجموعة 1 | E88: 7 ضد 2
A89: 15 | B89: =المدخلات!$F$5 -> 5:20–6:30 م | C89: 1 | D89: المجموعة 1 | E89: 3 ضد 6
A90: 15 | B90: =المدخلات!$F$6 -> 6:40–7:50 م | C90: 1 | D90: المجموعة 1 | E90: 4 ضد 5
A91: 15 | B91: =المدخلات!$F$4 -> 4:00–5:10 م | C91: 2 | D91: المجموعة 2 | E91: 14 ضد 9
A92: 15 | B92: =المدخلات!$F$5 -> 5:20–6:30 م | C92: 2 | D92: المجموعة 2 | E92: 10 ضد 13
A93: 15 | B93: =المدخلات!$F$6 -> 6:40–7:50 م | C93: 2 | D93: المجموعة 2 | E93: 11 ضد 12
A94: 16 | B94: =المدخلات!$F$4 -> 4:00–5:10 م | C94: 1 | D94: المجموعة 1 | E94: 3 ضد 4
A95: 16 | B95: =المدخلات!$F$5 -> 5:20–6:30 م | C95: 1 | D95: المجموعة 1 | E95: 7 ضد 1
A96: 16 | B96: =المدخلات!$F$6 -> 6:40–7:50 م | C96: 1 | D96: المجموعة 1 | E96: 2 ضد 5
A97: 16 | B97: =المدخلات!$F$4 -> 4:00–5:10 م | C97: 2 | D97: المجموعة 2 | E97: 10 ضد 11
A98: 16 | B98: =المدخلات!$F$5 -> 5:20–6:30 م | C98: 2 | D98: المجموعة 2 | E98: 14 ضد 8
A99: 16 | B99: =المدخلات!$F$6 -> 6:40–7:50 م | C99: 2 | D99: المجموعة 2 | E99: 9 ضد 12
A100: 17 | B100: =المدخلات!$F$4 -> 4:00–5:10 م | C100: 1 | D100: المجموعة 1 | E100: 5 ضد 7
A101: 17 | B101: =المدخلات!$F$5 -> 5:20–6:30 م | C101: 1 | D101: المجموعة 1 | E101: 2 ضد 3
...

Sheet 15 فريقًا
A1: بطولة 15 فريقًا – تحت 11 / تحت 12
A3: اليوم | B3: الوقت | C3: الملعب | D3: المجموعة | E3: المباراة
A4: 1 | B4: =المدخلات!$F$4 -> 4:00–5:10 م | C4: 1 | D4: المجموعة 1 | E4: 3 ضد 6
A5: 1 | B5: =المدخلات!$F$4 -> 4:00–5:10 م | C5: 2 | D5: المجموعة 1 | E5: 4 ضد 5
A6: 1 | B6: =المدخلات!$F$5 -> 5:20–6:30 م | C6: 1 | D6: المجموعة 1 | E6: 1 ضد 8
A7: 1 | B7: =المدخلات!$F$5 -> 5:20–6:30 م | C7: 2 | D7: المجموعة 1 | E7: 2 ضد 7
A8: 1 | B8: =المدخلات!$F$4 -> 4:00–5:10 م | C8: 3 | D8: المجموعة 2 | E8: 12 ضد 13
A9: 1 | B9: =المدخلات!$F$5 -> 5:20–6:30 م | C9: 3 | D9: المجموعة 2 | E9: 11 ضد 14
A10: 1 | B10: =المدخلات!$F$6 -> 6:40–7:50 م | C10: 3 | D10: المجموعة 2 | E10: 10 ضد 15
A11: 2 | B11: =المدخلات!$F$4 -> 4:00–5:10 م | C11: 1 | D11: المجموعة 1 | E11: 7 ضد 1
A12: 2 | B12: =المدخلات!$F$4 -> 4:00–5:10 م | C12: 2 | D12: المجموعة 1 | E12: 5 ضد 2
A13: 2 | B13: =المدخلات!$F$5 -> 5:20–6:30 م | C13: 1 | D13: المجموعة 1 | E13: 3 ضد 4
A14: 2 | B14: =المدخلات!$F$5 -> 5:20–6:30 م | C14: 2 | D14: المجموعة 1 | E14: 6 ضد 8
A15: 2 | B15: =المدخلات!$F$4 -> 4:00–5:10 م | C15: 3 | D15: المجموعة 2 | E15: 9 ضد 15
A16: 2 | B16: =المدخلات!$F$5 -> 5:20–6:30 م | C16: 3 | D16: المجموعة 2 | E16: 13 ضد 10
A17: 2 | B17: =المدخلات!$F$6 -> 6:40–7:50 م | C17: 3 | D17: المجموعة 2 | E17: 11 ضد 12
A18: 3 | B18: =المدخلات!$F$4 -> 4:00–5:10 م | C18: 1 | D18: المجموعة 1 | E18: 8 ضد 4
A19: 3 | B19: =المدخلات!$F$4 -> 4:00–5:10 م | C19: 2 | D19: المجموعة 1 | E19: 2 ضد 3
A20: 3 | B20: =المدخلات!$F$5 -> 5:20–6:30 م | C20: 1 | D20: المجموعة 1 | E20: 5 ضد 7
A21: 3 | B21: =المدخلات!$F$5 -> 5:20–6:30 م | C21: 2 | D21: المجموعة 1 | E21: 1 ضد 6
A22: 3 | B22: =المدخلات!$F$4 -> 4:00–5:10 م | C22: 3 | D22: المجموعة 2 | E22: 10 ضد 11
A23: 3 | B23: =المدخلات!$F$5 -> 5:20–6:30 م | C23: 3 | D23: المجموعة 2 | E23: 15 ضد 13
A24: 3 | B24: =المدخلات!$F$6 -> 6:40–7:50 م | C24: 3 | D24: المجموعة 2 | E24: 14 ضد 9
A25: 4 | B25: =المدخلات!$F$4 -> 4:00–5:10 م | C25: 1 | D25: المجموعة 1 | E25: 7 ضد 3
A26: 4 | B26: =المدخلات!$F$4 -> 4:00–5:10 م | C26: 2 | D26: المجموعة 1 | E26: 8 ضد 2
A27: 4 | B27: =المدخلات!$F$5 -> 5:20–6:30 م | C27: 1 | D27: المجموعة 1 | E27: 1 ضد 5
A28: 4 | B28: =المدخلات!$F$5 -> 5:20–6:30 م | C28: 2 | D28: المجموعة 1 | E28: 4 ضد 6
A29: 4 | B29: =المدخلات!$F$4 -> 4:00–5:10 م | C29: 3 | D29: المجموعة 2 | E29: 15 ضد 11
A30: 4 | B30: =المدخلات!$F$5 -> 5:20–6:30 م | C30: 3 | D30: المجموعة 2 | E30: 12 ضد 14
A31: 4 | B31: =المدخلات!$F$6 -> 6:40–7:50 م | C31: 3 | D31: المجموعة 2 | E31: 9 ضد 13
A32: 5 | B32: =المدخلات!$F$4 -> 4:00–5:10 م | C32: 1 | D32: المجموعة 1 | E32: 4 ضد 1
A33: 5 | B33: =المدخلات!$F$4 -> 4:00–5:10 م | C33: 2 | D33: المجموعة 1 | E33: 7 ضد 8
A34: 5 | B34: =المدخلات!$F$5 -> 5:20–6:30 م | C34: 1 | D34: المجموعة 1 | E34: 3 ضد 5
A35: 5 | B35: =المدخلات!$F$5 -> 5:20–6:30 م | C35: 2 | D35: المجموعة 1 | E35: 6 ضد 2
A36: 5 | B36: =المدخلات!$F$4 -> 4:00–5:10 م | C36: 3 | D36: المجموعة 2 | E36: 13 ضد 11
A37: 5 | B37: =المدخلات!$F$5 -> 5:20–6:30 م | C37: 3 | D37: المجموعة 2 | E37: 9 ضد 12
A38: 5 | B38: =المدخلات!$F$6 -> 6:40–7:50 م | C38: 3 | D38: المجموعة 2 | E38: 14 ضد 10
A39: 6 | B39: =المدخلات!$F$4 -> 4:00–5:10 م | C39: 1 | D39: المجموعة 1 | E39: 6 ضد 7
A40: 6 | B40: =المدخلات!$F$4 -> 4:00–5:10 م | C40: 2 | D40: المجموعة 1 | E40: 5 ضد 8
A41: 6 | B41: =المدخلات!$F$5 -> 5:20–6:30 م | C41: 1 | D41: المجموعة 1 | E41: 2 ضد 4
A42: 6 | B42: =المدخلات!$F$5 -> 5:20–6:30 م | C42: 2 | D42: المجموعة 1 | E42: 1 ضد 3
A43: 6 | B43: =المدخلات!$F$4 -> 4:00–5:10 م | C43: 3 | D43: المجموعة 2 | E43: 14 ضد 15
A44: 6 | B44: =المدخلات!$F$5 -> 5:20–6:30 م | C44: 3 | D44: المجموعة 2 | E44: 10 ضد 12
A45: 6 | B45: =المدخلات!$F$6 -> 6:40–7:50 م | C45: 3 | D45: المجموعة 2 | E45: 11 ضد 9
A46: 7 | B46: =المدخلات!$F$4 -> 4:00–5:10 م | C46: 1 | D46: المجموعة 1 | E46: 2 ضد 1
A47: 7 | B47: =المدخلات!$F$4 -> 4:00–5:10 م | C47: 2 | D47: المجموعة 1 | E47: 5 ضد 6
A48: 7 | B48: =المدخلات!$F$5 -> 5:20–6:30 م | C48: 1 | D48: المجموعة 1 | E48: 8 ضد 3
A49: 7 | B49: =المدخلات!$F$5 -> 5:20–6:30 م | C49: 2 | D49: المجموعة 1 | E49: 4 ضد 7
A50: 7 | B50: =المدخلات!$F$4 -> 4:00–5:10 م | C50: 3 | D50: المجموعة 2 | E50: 13 ضد 14
A51: 7 | B51: =المدخلات!$F$5 -> 5:20–6:30 م | C51: 3 | D51: المجموعة 2 | E51: 9 ضد 10
A52: 7 | B52: =المدخلات!$F$6 -> 6:40–7:50 م | C52: 3 | D52: المجموعة 2 | E52: 12 ضد 15
A53: 8 | B53: =المدخلات!$F$4 -> 4:00–5:10 م | C53: 1 | D53: المجموعة 1 | E53: 3 ضد 6
A54: 8 | B54: =المدخلات!$F$4 -> 4:00–5:10 م | C54: 2 | D54: المجموعة 1 | E54: 8 ضد 1
A55: 8 | B55: =المدخلات!$F$5 -> 5:20–6:30 م | C55: 1 | D55: المجموعة 1 | E55: 7 ضد 2
A56: 8 | B56: =المدخلات!$F$5 -> 5:20–6:30 م | C56: 2 | D56: المجموعة 1 | E56: 4 ضد 5
A57: 8 | B57: =المدخلات!$F$4 -> 4:00–5:10 م | C57: 3 | D57: المجموعة 2 | E57: 15 ضد 10
A58: 8 | B58: =المدخلات!$F$5 -> 5:20–6:30 م | C58: 3 | D58: المجموعة 2 | E58: 11 ضد 14
A59: 8 | B59: =المدخلات!$F$6 -> 6:40–7:50 م | C59: 3 | D59: المجموعة 2 | E59: 12 ضد 13
A60: 9 | B60: =المدخلات!$F$4 -> 4:00–5:10 م | C60: 1 | D60: المجموعة 1 | E60: 3 ضد 4
A61: 9 | B61: =المدخلات!$F$4 -> 4:00–5:10 م | C61: 2 | D61: المجموعة 1 | E61: 2 ضد 5
A62: 9 | B62: =المدخلات!$F$5 -> 5:20–6:30 م | C62: 1 | D62: المجموعة 1 | E62: 6 ضد 8
A63: 9 | B63: =المدخلات!$F$5 -> 5:20–6:30 م | C63: 2 | D63: المجموعة 1 | E63: 1 ضد 7
A64: 9 | B64: =المدخلات!$F$4 -> 4:00–5:10 م | C64: 3 | D64: المجموعة 2 | E64: 11 ضد 12
A65: 9 | B65: =المدخلات!$F$5 -> 5:20–6:30 م | C65: 3 | D65: المجموعة 2 | E65: 15 ضد 9
A66: 9 | B66: =المدخلات!$F$6 -> 6:40–7:50 م | C66: 3 | D66: المجموعة 2 | E66: 10 ضد 13
A67: 10 | B67: =المدخلات!$F$4 -> 4:00–5:10 م | C67: 1 | D67: المجموعة 1 | E67: 6 ضد 1
A68: 10 | B68: =المدخلات!$F$4 -> 4:00–5:10 م | C68: 2 | D68: المجموعة 1 | E68: 5 ضد 7
A69: 10 | B69: =المدخلات!$F$5 -> 5:20–6:30 م | C69: 1 | D69: المجموعة 1 | E69: 2 ضد 3
A70: 10 | B70: =المدخلات!$F$5 -> 5:20–6:30 م | C70: 2 | D70: المجموعة 1 | E70: 8 ضد 4
A71: 10 | B71: =المدخلات!$F$4 -> 4:00–5:10 م | C71: 3 | D71: المجموعة 2 | E71: 10 ضد 11
A72: 10 | B72: =المدخلات!$F$5 -> 5:20–6:30 م | C72: 3 | D72: المجموعة 2 | E72: 13 ضد 15
A73: 10 | B73: =المدخلات!$F$6 -> 6:40–7:50 م | C73: 3 | D73: المجموعة 2 | E73: 14 ضد 9
A74: 11 | B74: =المدخلات!$F$4 -> 4:00–5:10 م | C74: 1 | D74: المجموعة 1 | E74: 4 ضد 6
A75: 11 | B75: =المدخلات!$F$4 -> 4:00–5:10 م | C75: 2 | D75: المجموعة 1 | E75: 7 ضد 3
A76: 11 | B76: =المدخلات!$F$5 -> 5:20–6:30 م | C76: 1 | D76: المجموعة 1 | E76: 1 ضد 5
A77: 11 | B77: =المدخلات!$F$5 -> 5:20–6:30 م | C77: 2 | D77: المجموعة 1 | E77: 8 ضد 2
A78: 11 | B78: =المدخلات!$F$4 -> 4:00–5:10 م | C78: 3 | D78: المجموعة 2 | E78: 12 ضد 14
A79: 11 | B79: =المدخلات!$F$5 -> 5:20–6:30 م | C79: 3 | D79: المجموعة 2 | E79: 9 ضد 13
A80: 11 | B80: =المدخلات!$F$6 -> 6:40–7:50 م | C80: 3 | D80: المجموعة 2 | E80: 15 ضد 11
A81: 12 | B81: =المدخلات!$F$4 -> 4:00–5:10 م | C81: 1 | D81: المجموعة 1 | E81: 1 ضد 4
A82: 12 | B82: =المدخلات!$F$4 -> 4:00–5:10 م | C82: 2 | D82: المجموعة 1 | E82: 7 ضد 8
A83: 12 | B83: =المدخلات!$F$5 -> 5:20–6:30 م | C83: 1 | D83: المجموعة 1 | E83: 3 ضد 5
A84: 12 | B84: =المدخلات!$F$5 -> 5:20–6:30 م | C84: 2 | D84: المجموعة 1 | E84: 6 ضد 2
A85: 12 | B85: =المدخلات!$F$4 -> 4:00–5:10 م | C85: 3 | D85: المجموعة 2 | E85: 9 ضد 12
A86: 12 | B86: =المدخلات!$F$5 -> 5:20–6:30 م | C86: 3 | D86: المجموعة 2 | E86: 13 ضد 11
A87: 12 | B87: =المدخلات!$F$6 -> 6:40–7:50 م | C87: 3 | D87: المجموعة 2 | E87: 14 ضد 10
A88: 13 | B88: =المدخلات!$F$4 -> 4:00–5:10 م | C88: 1 | D88: المجموعة 1 | E88: 2 ضد 4
A89: 13 | B89: =المدخلات!$F$4 -> 4:00–5:10 م | C89: 2 | D89: المجموعة 1 | E89: 5 ضد 8
A90: 13 | B90: =المدخلات!$F$5 -> 5:20–6:30 م | C90: 1 | D90: المجموعة 1 | E90: 6 ضد 7
A91: 13 | B91: =المدخلات!$F$5 -> 5:20–6:30 م | C91: 2 | D91: المجموعة 1 | E91: 3 ضد 1
A92: 13 | B92: =المدخلات!$F$4 -> 4:00–5:10 م | C92: 3 | D92: المجموعة 2 | E92: 14 ضد 15
A93: 13 | B93: =المدخلات!$F$5 -> 5:20–6:30 م | C93: 3 | D93: المجموعة 2 | E93: 10 ضد 12
A94: 13 | B94: =المدخلات!$F$6 -> 6:40–7:50 م | C94: 3 | D94: المجموعة 2 | E94: 11 ضد 9
A95: 14 | B95: =المدخلات!$F$4 -> 4:00–5:10 م | C95: 1 | D95: المجموعة 1 | E95: 1 ضد 2
A96: 14 | B96: =المدخلات!$F$4 -> 4:00–5:10 م | C96: 2 | D96: المجموعة 1 | E96: 5 ضد 6
A97: 14 | B97: =المدخلات!$F$5 -> 5:20–6:30 م | C97: 1 | D97: المجموعة 1 | E97: 4 ضد 7
A98: 14 | B98: =المدخلات!$F$5 -> 5:20–6:30 م | C98: 2 | D98: المجموعة 1 | E98: 8 ضد 3
A99: 14 | B99: =المدخلات!$F$4 -> 4:00–5:10 م | C99: 3 | D99: المجموعة 2 | E99: 9 ضد 10
A100: 14 | B100: =المدخلات!$F$5 -> 5:20–6:30 م | C100: 3 | D100: المجموعة 2 | E100: 13 ضد 14
A101: 14 | B101: =المدخلات!$F$6 -> 6:40–7:50 م | C101: 3 | D101: المجموعة 2 | E101: 12 ضد 15
...

Sheet 16 فريقًا
A1: بطولة 16 فريقًا – تحت 11 / تحت 12
A3: اليوم | B3: الوقت | C3: الملعب | D3: المجموعة | E3: المباراة
A4: 1 | B4: =المدخلات!$F$4 -> 4:00–5:10 م | C4: 1 | D4: المجموعة 1 | E4: 1 ضد 8
A5: 1 | B5: =المدخلات!$F$4 -> 4:00–5:10 م | C5: 2 | D5: المجموعة 1 | E5: 2 ضد 7
A6: 1 | B6: =المدخلات!$F$5 -> 5:20–6:30 م | C6: 1 | D6: المجموعة 1 | E6: 3 ضد 6
A7: 1 | B7: =المدخلات!$F$5 -> 5:20–6:30 م | C7: 2 | D7: المجموعة 1 | E7: 4 ضد 5
A8: 1 | B8: =المدخلات!$F$4 -> 4:00–5:10 م | C8: 3 | D8: المجموعة 2 | E8: 9 ضد 16
A9: 1 | B9: =المدخلات!$F$4 -> 4:00–5:10 م | C9: 4 | D9: المجموعة 2 | E9: 10 ضد 15
A10: 1 | B10: =المدخلات!$F$5 -> 5:20–6:30 م | C10: 3 | D10: المجموعة 2 | E10: 11 ضد 14
A11: 1 | B11: =المدخلات!$F$5 -> 5:20–6:30 م | C11: 4 | D11: المجموعة 2 | E11: 12 ضد 13
A12: 2 | B12: =المدخلات!$F$4 -> 4:00–5:10 م | C12: 1 | D12: المجموعة 1 | E12: 3 ضد 4
A13: 2 | B13: =المدخلات!$F$4 -> 4:00–5:10 م | C13: 2 | D13: المجموعة 1 | E13: 6 ضد 8
A14: 2 | B14: =المدخلات!$F$5 -> 5:20–6:30 م | C14: 1 | D14: المجموعة 1 | E14: 7 ضد 1
A15: 2 | B15: =المدخلات!$F$5 -> 5:20–6:30 م | C15: 2 | D15: المجموعة 1 | E15: 5 ضد 2
A16: 2 | B16: =المدخلات!$F$4 -> 4:00–5:10 م | C16: 3 | D16: المجموعة 2 | E16: 11 ضد 12
A17: 2 | B17: =المدخلات!$F$4 -> 4:00–5:10 م | C17: 4 | D17: المجموعة 2 | E17: 14 ضد 16
A18: 2 | B18: =المدخلات!$F$5 -> 5:20–6:30 م | C18: 3 | D18: المجموعة 2 | E18: 15 ضد 9
A19: 2 | B19: =المدخلات!$F$5 -> 5:20–6:30 م | C19: 4 | D19: المجموعة 2 | E19: 13 ضد 10
A20: 3 | B20: =المدخلات!$F$4 -> 4:00–5:10 م | C20: 1 | D20: المجموعة 1 | E20: 5 ضد 7
A21: 3 | B21: =المدخلات!$F$4 -> 4:00–5:10 م | C21: 2 | D21: المجموعة 1 | E21: 1 ضد 6
A22: 3 | B22: =المدخلات!$F$5 -> 5:20–6:30 م | C22: 1 | D22: المجموعة 1 | E22: 8 ضد 4
A23: 3 | B23: =المدخلات!$F$5 -> 5:20–6:30 م | C23: 2 | D23: المجموعة 1 | E23: 2 ضد 3
A24: 3 | B24: =المدخلات!$F$4 -> 4:00–5:10 م | C24: 3 | D24: المجموعة 2 | E24: 13 ضد 15
A25: 3 | B25: =المدخلات!$F$4 -> 4:00–5:10 م | C25: 4 | D25: المجموعة 2 | E25: 9 ضد 14
A26: 3 | B26: =المدخلات!$F$5 -> 5:20–6:30 م | C26: 3 | D26: المجموعة 2 | E26: 16 ضد 12
A27: 3 | B27: =المدخلات!$F$5 -> 5:20–6:30 م | C27: 4 | D27: المجموعة 2 | E27: 10 ضد 11
A28: 4 | B28: =المدخلات!$F$4 -> 4:00–5:10 م | C28: 1 | D28: المجموعة 1 | E28: 7 ضد 3
A29: 4 | B29: =المدخلات!$F$4 -> 4:00–5:10 م | C29: 2 | D29: المجموعة 1 | E29: 8 ضد 2
A30: 4 | B30: =المدخلات!$F$5 -> 5:20–6:30 م | C30: 1 | D30: المجموعة 1 | E30: 1 ضد 5
A31: 4 | B31: =المدخلات!$F$5 -> 5:20–6:30 م | C31: 2 | D31: المجموعة 1 | E31: 4 ضد 6
A32: 4 | B32: =المدخلات!$F$4 -> 4:00–5:10 م | C32: 3 | D32: المجموعة 2 | E32: 15 ضد 11
A33: 4 | B33: =المدخلات!$F$4 -> 4:00–5:10 م | C33: 4 | D33: المجموعة 2 | E33: 16 ضد 10
A34: 4 | B34: =المدخلات!$F$5 -> 5:20–6:30 م | C34: 3 | D34: المجموعة 2 | E34: 9 ضد 13
A35: 4 | B35: =المدخلات!$F$5 -> 5:20–6:30 م | C35: 4 | D35: المجموعة 2 | E35: 12 ضد 14
A36: 5 | B36: =المدخلات!$F$4 -> 4:00–5:10 م | C36: 1 | D36: المجموعة 1 | E36: 4 ضد 1
A37: 5 | B37: =المدخلات!$F$4 -> 4:00–5:10 م | C37: 2 | D37: المجموعة 1 | E37: 3 ضد 5
A38: 5 | B38: =المدخلات!$F$5 -> 5:20–6:30 م | C38: 1 | D38: المجموعة 1 | E38: 7 ضد 8
A39: 5 | B39: =المدخلات!$F$5 -> 5:20–6:30 م | C39: 2 | D39: المجموعة 1 | E39: 6 ضد 2
A40: 5 | B40: =المدخلات!$F$4 -> 4:00–5:10 م | C40: 3 | D40: المجموعة 2 | E40: 12 ضد 9
A41: 5 | B41: =المدخلات!$F$4 -> 4:00–5:10 م | C41: 4 | D41: المجموعة 2 | E41: 11 ضد 13
A42: 5 | B42: =المدخلات!$F$5 -> 5:20–6:30 م | C42: 3 | D42: المجموعة 2 | E42: 15 ضد 16
A43: 5 | B43: =المدخلات!$F$5 -> 5:20–6:30 م | C43: 4 | D43: المجموعة 2 | E43: 14 ضد 10
A44: 6 | B44: =المدخلات!$F$4 -> 4:00–5:10 م | C44: 1 | D44: المجموعة 1 | E44: 2 ضد 4
A45: 6 | B45: =المدخلات!$F$4 -> 4:00–5:10 م | C45: 2 | D45: المجموعة 1 | E45: 6 ضد 7
A46: 6 | B46: =المدخلات!$F$5 -> 5:20–6:30 م | C46: 1 | D46: المجموعة 1 | E46: 1 ضد 3
A47: 6 | B47: =المدخلات!$F$5 -> 5:20–6:30 م | C47: 2 | D47: المجموعة 1 | E47: 5 ضد 8
A48: 6 | B48: =المدخلات!$F$4 -> 4:00–5:10 م | C48: 3 | D48: المجموعة 2 | E48: 10 ضد 12
A49: 6 | B49: =المدخلات!$F$4 -> 4:00–5:10 م | C49: 4 | D49: المجموعة 2 | E49: 14 ضد 15
A50: 6 | B50: =المدخلات!$F$5 -> 5:20–6:30 م | C50: 3 | D50: المجموعة 2 | E50: 9 ضد 11
A51: 6 | B51: =المدخلات!$F$5 -> 5:20–6:30 م | C51: 4 | D51: المجموعة 2 | E51: 13 ضد 16
A52: 7 | B52: =المدخلات!$F$4 -> 4:00–5:10 م | C52: 1 | D52: المجموعة 1 | E52: 5 ضد 6
A53: 7 | B53: =المدخلات!$F$4 -> 4:00–5:10 م | C53: 2 | D53: المجموعة 1 | E53: 8 ضد 3
A54: 7 | B54: =المدخلات!$F$5 -> 5:20–6:30 م | C54: 1 | D54: المجموعة 1 | E54: 4 ضد 7
A55: 7 | B55: =المدخلات!$F$5 -> 5:20–6:30 م | C55: 2 | D55: المجموعة 1 | E55: 2 ضد 1
A56: 7 | B56: =المدخلات!$F$4 -> 4:00–5:10 م | C56: 3 | D56: المجموعة 2 | E56: 13 ضد 14
A57: 7 | B57: =المدخلات!$F$4 -> 4:00–5:10 م | C57: 4 | D57: المجموعة 2 | E57: 16 ضد 11
A58: 7 | B58: =المدخلات!$F$5 -> 5:20–6:30 م | C58: 3 | D58: المجموعة 2 | E58: 12 ضد 15
A59: 7 | B59: =المدخلات!$F$5 -> 5:20–6:30 م | C59: 4 | D59: المجموعة 2 | E59: 10 ضد 9
A60: 8 | B60: =المدخلات!$F$4 -> 4:00–5:10 م | C60: 1 | D60: المجموعة 1 | E60: 8 ضد 1
A61: 8 | B61: =المدخلات!$F$4 -> 4:00–5:10 م | C61: 2 | D61: المجموعة 1 | E61: 7 ضد 2
A62: 8 | B62: =المدخلات!$F$5 -> 5:20–6:30 م | C62: 1 | D62: المجموعة 1 | E62: 3 ضد 6
A63: 8 | B63: =المدخلات!$F$5 -> 5:20–6:30 م | C63: 2 | D63: المجموعة 1 | E63: 4 ضد 5
A64: 8 | B64: =المدخلات!$F$4 -> 4:00–5:10 م | C64: 3 | D64: المجموعة 2 | E64: 16 ضد 9
A65: 8 | B65: =المدخلات!$F$4 -> 4:00–5:10 م | C65: 4 | D65: المجموعة 2 | E65: 15 ضد 10
A66: 8 | B66: =المدخلات!$F$5 -> 5:20–6:30 م | C66: 3 | D66: المجموعة 2 | E66: 11 ضد 14
A67: 8 | B67: =المدخلات!$F$5 -> 5:20–6:30 م | C67: 4 | D67: المجموعة 2 | E67: 12 ضد 13
A68: 9 | B68: =المدخلات!$F$4 -> 4:00–5:10 م | C68: 1 | D68: المجموعة 1 | E68: 3 ضد 4
A69: 9 | B69: =المدخلات!$F$4 -> 4:00–5:10 م | C69: 2 | D69: المجموعة 1 | E69: 2 ضد 5
A70: 9 | B70: =المدخلات!$F$5 -> 5:20–6:30 م | C70: 1 | D70: المجموعة 1 | E70: 1 ضد 7
A71: 9 | B71: =المدخلات!$F$5 -> 5:20–6:30 م | C71: 2 | D71: المجموعة 1 | E71: 6 ضد 8
A72: 9 | B72: =المدخلات!$F$4 -> 4:00–5:10 م | C72: 3 | D72: المجموعة 2 | E72: 11 ضد 12
A73: 9 | B73: =المدخلات!$F$4 -> 4:00–5:10 م | C73: 4 | D73: المجموعة 2 | E73: 10 ضد 13
A74: 9 | B74: =المدخلات!$F$5 -> 5:20–6:30 م | C74: 3 | D74: المجموعة 2 | E74: 9 ضد 15
A75: 9 | B75: =المدخلات!$F$5 -> 5:20–6:30 م | C75: 4 | D75: المجموعة 2 | E75: 14 ضد 16
A76: 10 | B76: =المدخلات!$F$4 -> 4:00–5:10 م | C76: 1 | D76: المجموعة 1 | E76: 6 ضد 1
A77: 10 | B77: =المدخلات!$F$4 -> 4:00–5:10 م | C77: 2 | D77: المجموعة 1 | E77: 8 ضد 4
A78: 10 | B78: =المدخلات!$F$5 -> 5:20–6:30 م | C78: 1 | D78: المجموعة 1 | E78: 2 ضد 3
A79: 10 | B79: =المدخلات!$F$5 -> 5:20–6:30 م | C79: 2 | D79: المجموعة 1 | E79: 5 ضد 7
A80: 10 | B80: =المدخلات!$F$4 -> 4:00–5:10 م | C80: 3 | D80: المجموعة 2 | E80: 14 ضد 9
A81: 10 | B81: =المدخلات!$F$4 -> 4:00–5:10 م | C81: 4 | D81: المجموعة 2 | E81: 16 ضد 12
A82: 10 | B82: =المدخلات!$F$5 -> 5:20–6:30 م | C82: 3 | D82: المجموعة 2 | E82: 10 ضد 11
A83: 10 | B83: =المدخلات!$F$5 -> 5:20–6:30 م | C83: 4 | D83: المجموعة 2 | E83: 13 ضد 15
A84: 11 | B84: =المدخلات!$F$4 -> 4:00–5:10 م | C84: 1 | D84: المجموعة 1 | E84: 1 ضد 5
A85: 11 | B85: =المدخلات!$F$4 -> 4:00–5:10 م | C85: 2 | D85: المجموعة 1 | E85: 7 ضد 3
A86: 11 | B86: =المدخلات!$F$5 -> 5:20–6:30 م | C86: 1 | D86: المجموعة 1 | E86: 4 ضد 6
A87: 11 | B87: =المدخلات!$F$5 -> 5:20–6:30 م | C87: 2 | D87: المجموعة 1 | E87: 8 ضد 2
A88: 11 | B88: =المدخلات!$F$4 -> 4:00–5:10 م | C88: 3 | D88: المجموعة 2 | E88: 9 ضد 13
A89: 11 | B89: =المدخلات!$F$4 -> 4:00–5:10 م | C89: 4 | D89: المجموعة 2 | E89: 15 ضد 11
A90: 11 | B90: =المدخلات!$F$5 -> 5:20–6:30 م | C90: 3 | D90: المجموعة 2 | E90: 12 ضد 14
A91: 11 | B91: =المدخلات!$F$5 -> 5:20–6:30 م | C91: 4 | D91: المجموعة 2 | E91: 16 ضد 10
A92: 12 | B92: =المدخلات!$F$4 -> 4:00–5:10 م | C92: 1 | D92: المجموعة 1 | E92: 6 ضد 2
A93: 12 | B93: =المدخلات!$F$4 -> 4:00–5:10 م | C93: 2 | D93: المجموعة 1 | E93: 7 ضد 8
A94: 12 | B94: =المدخلات!$F$5 -> 5:20–6:30 م | C94: 1 | D94: المجموعة 1 | E94: 3 ضد 5
A95: 12 | B95: =المدخلات!$F$5 -> 5:20–6:30 م | C95: 2 | D95: المجموعة 1 | E95: 1 ضد 4
A96: 12 | B96: =المدخلات!$F$4 -> 4:00–5:10 م | C96: 3 | D96: المجموعة 2 | E96: 14 ضد 10
A97: 12 | B97: =المدخلات!$F$4 -> 4:00–5:10 م | C97: 4 | D97: المجموعة 2 | E97: 15 ضد 16
A98: 12 | B98: =المدخلات!$F$5 -> 5:20–6:30 م | C98: 3 | D98: المجموعة 2 | E98: 11 ضد 13
A99: 12 | B99: =المدخلات!$F$5 -> 5:20–6:30 م | C99: 4 | D99: المجموعة 2 | E99: 9 ضد 12
A100: 13 | B100: =المدخلات!$F$4 -> 4:00–5:10 م | C100: 1 | D100: المجموعة 1 | E100: 2 ضد 4
A101: 13 | B101: =المدخلات!$F$4 -> 4:00–5:10 م | C101: 2 | D101: المجموعة 1 | E101: 3 ضد 1
...

Sheet 17 فريقًا
A1: بطولة 17 فريقًا – تحت 11 / تحت 12
A3: اليوم | B3: الوقت | C3: الملعب | D3: المباراة
A4: 1 | B4: =المدخلات!$F$4 -> 4:00–5:10 م | C4: 1 | D4: 3 ضد 17
A5: 1 | B5: =المدخلات!$F$4 -> 4:00–5:10 م | C5: 2 | D5: 1 ضد 10
A6: 1 | B6: =المدخلات!$F$4 -> 4:00–5:10 م | C6: 3 | D6: 6 ضد 14
A7: 1 | B7: =المدخلات!$F$5 -> 5:20–6:30 م | C7: 1 | D7: 9 ضد 11
A8: 1 | B8: =المدخلات!$F$5 -> 5:20–6:30 م | C8: 2 | D8: 5 ضد 15
A9: 1 | B9: =المدخلات!$F$5 -> 5:20–6:30 م | C9: 3 | D9: 8 ضد 12
A10: 1 | B10: =المدخلات!$F$6 -> 6:40–7:50 م | C10: 1 | D10: 4 ضد 16
A11: 1 | B11: =المدخلات!$F$6 -> 6:40–7:50 م | C11: 2 | D11: 7 ضد 13
A12: 2 | B12: =المدخلات!$F$4 -> 4:00–5:10 م | C12: 1 | D12: 11 ضد 4
A13: 2 | B13: =المدخلات!$F$4 -> 4:00–5:10 م | C13: 2 | D13: 6 ضد 9
A14: 2 | B14: =المدخلات!$F$4 -> 4:00–5:10 م | C14: 3 | D14: 15 ضد 17
A15: 2 | B15: =المدخلات!$F$5 -> 5:20–6:30 م | C15: 1 | D15: 16 ضد 1
A16: 2 | B16: =المدخلات!$F$5 -> 5:20–6:30 م | C16: 2 | D16: 2 ضد 13
A17: 2 | B17: =المدخلات!$F$5 -> 5:20–6:30 م | C17: 3 | D17: 7 ضد 8
A18: 2 | B18: =المدخلات!$F$6 -> 6:40–7:50 م | C18: 1 | D18: 12 ضد 3
A19: 2 | B19: =المدخلات!$F$6 -> 6:40–7:50 م | C19: 2 | D19: 10 ضد 5
A20: 3 | B20: =المدخلات!$F$4 -> 4:00–5:10 م | C20: 1 | D20: 12 ضد 16
A21: 3 | B21: =المدخلات!$F$4 -> 4:00–5:10 م | C21: 2 | D21: 13 ضد 15
A22: 3 | B22: =المدخلات!$F$4 -> 4:00–5:10 م | C22: 3 | D22: 2 ضد 9
A23: 3 | B23: =المدخلات!$F$5 -> 5:20–6:30 م | C23: 1 | D23: 4 ضد 7
A24: 3 | B24: =المدخلات!$F$5 -> 5:20–6:30 م | C24: 2 | D24: 5 ضد 6
A25: 3 | B25: =المدخلات!$F$5 -> 5:20–6:30 م | C25: 3 | D25: 3 ضد 8
A26: 3 | B26: =المدخلات!$F$6 -> 6:40–7:50 م | C26: 1 | D26: 17 ضد 11
A27: 3 | B27: =المدخلات!$F$6 -> 6:40–7:50 م | C27: 2 | D27: 14 ضد 1
A28: 4 | B28: =المدخلات!$F$4 -> 4:00–5:10 م | C28: 1 | D28: 1 ضد 5
A29: 4 | B29: =المدخلات!$F$4 -> 4:00–5:10 م | C29: 2 | D29: 3 ضد 7
A30: 4 | B30: =المدخلات!$F$4 -> 4:00–5:10 م | C30: 3 | D30: 11 ضد 16
A31: 4 | B31: =المدخلات!$F$5 -> 5:20–6:30 م | C31: 1 | D31: 10 ضد 17
A32: 4 | B32: =المدخلات!$F$5 -> 5:20–6:30 م | C32: 2 | D32: 13 ضد 14
A33: 4 | B33: =المدخلات!$F$5 -> 5:20–6:30 م | C33: 3 | D33: 15 ضد 12
A34: 4 | B34: =المدخلات!$F$6 -> 6:40–7:50 م | C34: 1 | D34: 8 ضد 2
A35: 4 | B35: =المدخلات!$F$6 -> 6:40–7:50 م | C35: 2 | D35: 4 ضد 6
A36: 5 | B36: =المدخلات!$F$4 -> 4:00–5:10 م | C36: 1 | D36: 8 ضد 15
A37: 5 | B37: =المدخلات!$F$4 -> 4:00–5:10 م | C37: 2 | D37: 2 ضد 4
A38: 5 | B38: =المدخلات!$F$4 -> 4:00–5:10 م | C38: 3 | D38: 11 ضد 12
A39: 5 | B39: =المدخلات!$F$5 -> 5:20–6:30 م | C39: 1 | D39: 17 ضد 6
A40: 5 | B40: =المدخلات!$F$5 -> 5:20–6:30 م | C40: 2 | D40: 1 ضد 3
A41: 5 | B41: =المدخلات!$F$5 -> 5:20–6:30 م | C41: 3 | D41: 9 ضد 14
A42: 5 | B42: =المدخلات!$F$6 -> 6:40–7:50 م | C42: 1 | D42: 16 ضد 7
A43: 5 | B43: =المدخلات!$F$6 -> 6:40–7:50 م | C43: 2 | D43: 10 ضد 13
A44: 6 | B44: =المدخلات!$F$4 -> 4:00–5:10 م | C44: 1 | D44: 6 ضد 13
A45: 6 | B45: =المدخلات!$F$4 -> 4:00–5:10 م | C45: 2 | D45: 7 ضد 12
A46: 6 | B46: =المدخلات!$F$4 -> 4:00–5:10 م | C46: 3 | D46: 8 ضد 11
A47: 6 | B47: =المدخلات!$F$5 -> 5:20–6:30 م | C47: 1 | D47: 16 ضد 3
A48: 6 | B48: =المدخلات!$F$5 -> 5:20–6:30 م | C48: 2 | D48: 15 ضد 4
A49: 6 | B49: =المدخلات!$F$5 -> 5:20–6:30 م | C49: 3 | D49: 9 ضد 10
A50: 6 | B50: =المدخلات!$F$6 -> 6:40–7:50 م | C50: 1 | D50: 14 ضد 5
A51: 6 | B51: =المدخلات!$F$6 -> 6:40–7:50 م | C51: 2 | D51: 17 ضد 2
A52: 7 | B52: =المدخلات!$F$4 -> 4:00–5:10 م | C52: 1 | D52: 7 ضد 17
A53: 7 | B53: =المدخلات!$F$4 -> 4:00–5:10 م | C53: 2 | D53: 16 ضد 8
A54: 7 | B54: =المدخلات!$F$4 -> 4:00–5:10 م | C54: 3 | D54: 3 ضد 4
A55: 7 | B55: =المدخلات!$F$5 -> 5:20–6:30 م | C55: 1 | D55: 13 ضد 11
A56: 7 | B56: =المدخلات!$F$5 -> 5:20–6:30 م | C56: 2 | D56: 5 ضد 2
A57: 7 | B57: =المدخلات!$F$5 -> 5:20–6:30 م | C57: 3 | D57: 14 ضد 10
A58: 7 | B58: =المدخلات!$F$6 -> 6:40–7:50 م | C58: 1 | D58: 9 ضد 15
A59: 7 | B59: =المدخلات!$F$6 -> 6:40–7:50 م | C59: 2 | D59: 12 ضد 1
A60: 8 | B60: =المدخلات!$F$4 -> 4:00–5:10 م | C60: 1 | D60: 5 ضد 13
A61: 8 | B61: =المدخلات!$F$4 -> 4:00–5:10 م | C61: 2 | D61: 4 ضد 14
A62: 8 | B62: =المدخلات!$F$4 -> 4:00–5:10 م | C62: 3 | D62: 15 ضد 3
A63: 8 | B63: =المدخلات!$F$5 -> 5:20–6:30 م | C63: 1 | D63: 2 ضد 16
A64: 8 | B64: =المدخلات!$F$5 -> 5:20–6:30 م | C64: 2 | D64: 6 ضد 12
A65: 8 | B65: =المدخلات!$F$5 -> 5:20–6:30 م | C65: 3 | D65: 1 ضد 9
A66: 8 | B66: =المدخلات!$F$6 -> 6:40–7:50 م | C66: 1 | D66: 10 ضد 8
A67: 8 | B67: =المدخلات!$F$6 -> 6:40–7:50 م | C67: 2 | D67: 11 ضد 7
A68: 9 | B68: =المدخلات!$F$4 -> 4:00–5:10 م | C68: 1 | D68: 12 ضد 2
A69: 9 | B69: =المدخلات!$F$4 -> 4:00–5:10 م | C69: 2 | D69: 6 ضد 8
A70: 9 | B70: =المدخلات!$F$4 -> 4:00–5:10 م | C70: 3 | D70: 15 ضد 16
A71: 9 | B71: =المدخلات!$F$5 -> 5:20–6:30 م | C71: 1 | D71: 4 ضد 10
A72: 9 | B72: =المدخلات!$F$5 -> 5:20–6:30 م | C72: 2 | D72: 3 ضد 11
A73: 9 | B73: =المدخلات!$F$5 -> 5:20–6:30 م | C73: 3 | D73: 1 ضد 7
A74: 9 | B74: =المدخلات!$F$6 -> 6:40–7:50 م | C74: 1 | D74: 14 ضد 17
A75: 9 | B75: =المدخلات!$F$6 -> 6:40–7:50 م | C75: 2 | D75: 5 ضد 9
A76: 10 | B76: =المدخلات!$F$4 -> 4:00–5:10 م | C76: 1 | D76: 10 ضد 3
A77: 10 | B77: =المدخلات!$F$4 -> 4:00–5:10 م | C77: 2 | D77: 9 ضد 4
A78: 10 | B78: =المدخلات!$F$4 -> 4:00–5:10 م | C78: 3 | D78: 2 ضد 11
A79: 10 | B79: =المدخلات!$F$5 -> 5:20–6:30 م | C79: 1 | D79: 13 ضد 17
A80: 10 | B80: =المدخلات!$F$5 -> 5:20–6:30 م | C80: 2 | D80: 14 ضد 16
A81: 10 | B81: =المدخلات!$F$5 -> 5:20–6:30 م | C81: 3 | D81: 8 ضد 5
A82: 10 | B82: =المدخلات!$F$6 -> 6:40–7:50 م | C82: 1 | D82: 1 ضد 15
A83: 10 | B83: =المدخلات!$F$6 -> 6:40–7:50 م | C83: 2 | D83: 7 ضد 6
A84: 11 | B84: =المدخلات!$F$4 -> 4:00–5:10 م | C84: 1 | D84: 5 ضد 7
A85: 11 | B85: =المدخلات!$F$4 -> 4:00–5:10 م | C85: 2 | D85: 14 ضد 15
A86: 11 | B86: =المدخلات!$F$4 -> 4:00–5:10 م | C86: 3 | D86: 3 ضد 9
A87: 11 | B87: =المدخلات!$F$5 -> 5:20–6:30 م | C87: 1 | D87: 17 ضد 12
A88: 11 | B88: =المدخلات!$F$5 -> 5:20–6:30 م | C88: 2 | D88: 6 ضد 1
A89: 11 | B89: =المدخلات!$F$5 -> 5:20–6:30 م | C89: 3 | D89: 2 ضد 10
A90: 11 | B90: =المدخلات!$F$6 -> 6:40–7:50 م | C90: 1 | D90: 13 ضد 16
A91: 11 | B91: =المدخلات!$F$6 -> 6:40–7:50 م | C91: 2 | D91: 4 ضد 8
A92: 12 | B92: =المدخلات!$F$4 -> 4:00–5:10 م | C92: 1 | D92: 1 ضد 4
A93: 12 | B93: =المدخلات!$F$4 -> 4:00–5:10 م | C93: 2 | D93: 12 ضد 13
A94: 12 | B94: =المدخلات!$F$4 -> 4:00–5:10 م | C94: 3 | D94: 2 ضد 6
A95: 12 | B95: =المدخلات!$F$5 -> 5:20–6:30 م | C95: 1 | D95: 10 ضد 15
A96: 12 | B96: =المدخلات!$F$5 -> 5:20–6:30 م | C96: 2 | D96: 17 ضد 8
A97: 12 | B97: =المدخلات!$F$5 -> 5:20–6:30 م | C97: 3 | D97: 16 ضد 9
A98: 12 | B98: =المدخلات!$F$6 -> 6:40–7:50 م | C98: 1 | D98: 3 ضد 5
A99: 12 | B99: =المدخلات!$F$6 -> 6:40–7:50 م | C99: 2 | D99: 11 ضد 14
A100: 13 | B100: =المدخلات!$F$4 -> 4:00–5:10 م | C100: 1 | D100: 17 ضد 5
A101: 13 | B101: =المدخلات!$F$4 -> 4:00–5:10 م | C101: 2 | D101: 9 ضد 13
...

Sheet 18 فريقًا
A1: بطولة 18 فريقًا – تحت 11 / تحت 12
A3: اليوم | B3: الوقت | C3: الملعب | D3: المجموعة | E3: المباراة
A4: 1 | B4: =المدخلات!$F$4 -> 4:00–5:10 م | C4: 1 | D4: المجموعة 1 | E4: 3 ضد 4
A5: 1 | B5: =المدخلات!$F$5 -> 5:20–6:30 م | C5: 1 | D5: المجموعة 1 | E5: 2 ضد 5
A6: 1 | B6: =المدخلات!$F$6 -> 6:40–7:50 م | C6: 1 | D6: المجموعة 1 | E6: 1 ضد 6
A7: 1 | B7: =المدخلات!$F$4 -> 4:00–5:10 م | C7: 2 | D7: المجموعة 2 | E7: 9 ضد 10
A8: 1 | B8: =المدخلات!$F$5 -> 5:20–6:30 م | C8: 2 | D8: المجموعة 2 | E8: 8 ضد 11
A9: 1 | B9: =المدخلات!$F$6 -> 6:40–7:50 م | C9: 2 | D9: المجموعة 2 | E9: 7 ضد 12
A10: 1 | B10: =المدخلات!$F$4 -> 4:00–5:10 م | C10: 3 | D10: المجموعة 3 | E10: 15 ضد 16
A11: 1 | B11: =المدخلات!$F$5 -> 5:20–6:30 م | C11: 3 | D11: المجموعة 3 | E11: 14 ضد 17
A12: 1 | B12: =المدخلات!$F$6 -> 6:40–7:50 م | C12: 3 | D12: المجموعة 3 | E12: 13 ضد 18
A13: 2 | B13: =المدخلات!$F$4 -> 4:00–5:10 م | C13: 1 | D13: المجموعة 1 | E13: 5 ضد 1
A14: 2 | B14: =المدخلات!$F$5 -> 5:20–6:30 م | C14: 1 | D14: المجموعة 1 | E14: 4 ضد 6
A15: 2 | B15: =المدخلات!$F$6 -> 6:40–7:50 م | C15: 1 | D15: المجموعة 1 | E15: 2 ضد 3
A16: 2 | B16: =المدخلات!$F$4 -> 4:00–5:10 م | C16: 2 | D16: المجموعة 2 | E16: 11 ضد 7
A17: 2 | B17: =المدخلات!$F$5 -> 5:20–6:30 م | C17: 2 | D17: المجموعة 2 | E17: 10 ضد 12
A18: 2 | B18: =المدخلات!$F$6 -> 6:40–7:50 م | C18: 2 | D18: المجموعة 2 | E18: 8 ضد 9
A19: 2 | B19: =المدخلات!$F$4 -> 4:00–5:10 م | C19: 3 | D19: المجموعة 3 | E19: 17 ضد 13
A20: 2 | B20: =المدخلات!$F$5 -> 5:20–6:30 م | C20: 3 | D20: المجموعة 3 | E20: 16 ضد 18
A21: 2 | B21: =المدخلات!$F$6 -> 6:40–7:50 م | C21: 3 | D21: المجموعة 3 | E21: 14 ضد 15
A22: 3 | B22: =المدخلات!$F$4 -> 4:00–5:10 م | C22: 1 | D22: المجموعة 1 | E22: 6 ضد 2
A23: 3 | B23: =المدخلات!$F$5 -> 5:20–6:30 م | C23: 1 | D23: المجموعة 1 | E23: 3 ضد 5
A24: 3 | B24: =المدخلات!$F$6 -> 6:40–7:50 م | C24: 1 | D24: المجموعة 1 | E24: 1 ضد 4
A25: 3 | B25: =المدخلات!$F$4 -> 4:00–5:10 م | C25: 2 | D25: المجموعة 2 | E25: 12 ضد 8
A26: 3 | B26: =المدخلات!$F$5 -> 5:20–6:30 م | C26: 2 | D26: المجموعة 2 | E26: 9 ضد 11
A27: 3 | B27: =المدخلات!$F$6 -> 6:40–7:50 م | C27: 2 | D27: المجموعة 2 | E27: 7 ضد 10
A28: 3 | B28: =المدخلات!$F$4 -> 4:00–5:10 م | C28: 3 | D28: المجموعة 3 | E28: 18 ضد 14
A29: 3 | B29: =المدخلات!$F$5 -> 5:20–6:30 م | C29: 3 | D29: المجموعة 3 | E29: 15 ضد 17
A30: 3 | B30: =المدخلات!$F$6 -> 6:40–7:50 م | C30: 3 | D30: المجموعة 3 | E30: 13 ضد 16
A31: 4 | B31: =المدخلات!$F$4 -> 4:00–5:10 م | C31: 1 | D31: المجموعة 1 | E31: 4 ضد 2
A32: 4 | B32: =المدخلات!$F$5 -> 5:20–6:30 م | C32: 1 | D32: المجموعة 1 | E32: 1 ضد 3
A33: 4 | B33: =المدخلات!$F$6 -> 6:40–7:50 م | C33: 1 | D33: المجموعة 1 | E33: 5 ضد 6
A34: 4 | B34: =المدخلات!$F$4 -> 4:00–5:10 م | C34: 2 | D34: المجموعة 2 | E34: 10 ضد 8
A35: 4 | B35: =المدخلات!$F$5 -> 5:20–6:30 م | C35: 2 | D35: المجموعة 2 | E35: 7 ضد 9
A36: 4 | B36: =المدخلات!$F$6 -> 6:40–7:50 م | C36: 2 | D36: المجموعة 2 | E36: 11 ضد 12
A37: 4 | B37: =المدخلات!$F$4 -> 4:00–5:10 م | C37: 3 | D37: المجموعة 3 | E37: 16 ضد 14
A38: 4 | B38: =المدخلات!$F$5 -> 5:20–6:30 م | C38: 3 | D38: المجموعة 3 | E38: 13 ضد 15
A39: 4 | B39: =المدخلات!$F$6 -> 6:40–7:50 م | C39: 3 | D39: المجموعة 3 | E39: 17 ضد 18
A40: 5 | B40: =المدخلات!$F$4 -> 4:00–5:10 م | C40: 1 | D40: المجموعة 1 | E40: 6 ضد 3
A41: 5 | B41: =المدخلات!$F$5 -> 5:20–6:30 م | C41: 1 | D41: المجموعة 1 | E41: 2 ضد 1
A42: 5 | B42: =المدخلات!$F$6 -> 6:40–7:50 م | C42: 1 | D42: المجموعة 1 | E42: 4 ضد 5
A43: 5 | B43: =المدخلات!$F$4 -> 4:00–5:10 م | C43: 2 | D43: المجموعة 2 | E43: 12 ضد 9
A44: 5 | B44: =المدخلات!$F$5 -> 5:20–6:30 م | C44: 2 | D44: المجموعة 2 | E44: 8 ضد 7
A45: 5 | B45: =المدخلات!$F$6 -> 6:40–7:50 م | C45: 2 | D45: المجموعة 2 | E45: 10 ضد 11
A46: 5 | B46: =المدخلات!$F$4 -> 4:00–5:10 م | C46: 3 | D46: المجموعة 3 | E46: 18 ضد 15
A47: 5 | B47: =المدخلات!$F$5 -> 5:20–6:30 م | C47: 3 | D47: المجموعة 3 | E47: 14 ضد 13
A48: 5 | B48: =المدخلات!$F$6 -> 6:40–7:50 م | C48: 3 | D48: المجموعة 3 | E48: 16 ضد 17
A49: 6 | B49: =المدخلات!$F$4 -> 4:00–5:10 م | C49: 1 | D49: المجموعة 1 | E49: 5 ضد 2
A50: 6 | B50: =المدخلات!$F$5 -> 5:20–6:30 م | C50: 1 | D50: المجموعة 1 | E50: 6 ضد 1
A51: 6 | B51: =المدخلات!$F$6 -> 6:40–7:50 م | C51: 1 | D51: المجموعة 1 | E51: 3 ضد 4
A52: 6 | B52: =المدخلات!$F$4 -> 4:00–5:10 م | C52: 2 | D52: المجموعة 2 | E52: 11 ضد 8
A53: 6 | B53: =المدخلات!$F$5 -> 5:20–6:30 م | C53: 2 | D53: المجموعة 2 | E53: 12 ضد 7
A54: 6 | B54: =المدخلات!$F$6 -> 6:40–7:50 م | C54: 2 | D54: المجموعة 2 | E54: 9 ضد 10
A55: 6 | B55: =المدخلات!$F$4 -> 4:00–5:10 م | C55: 3 | D55: المجموعة 3 | E55: 17 ضد 14
A56: 6 | B56: =المدخلات!$F$5 -> 5:20–6:30 م | C56: 3 | D56: المجموعة 3 | E56: 18 ضد 13
A57: 6 | B57: =المدخلات!$F$6 -> 6:40–7:50 م | C57: 3 | D57: المجموعة 3 | E57: 15 ضد 16
A58: 7 | B58: =المدخلات!$F$4 -> 4:00–5:10 م | C58: 1 | D58: المجموعة 1 | E58: 1 ضد 5
A59: 7 | B59: =المدخلات!$F$5 -> 5:20–6:30 م | C59: 1 | D59: المجموعة 1 | E59: 4 ضد 6
A60: 7 | B60: =المدخلات!$F$6 -> 6:40–7:50 م | C60: 1 | D60: المجموعة 1 | E60: 2 ضد 3
A61: 7 | B61: =المدخلات!$F$4 -> 4:00–5:10 م | C61: 2 | D61: المجموعة 2 | E61: 7 ضد 11
A62: 7 | B62: =المدخلات!$F$5 -> 5:20–6:30 م | C62: 2 | D62: المجموعة 2 | E62: 10 ضد 12
A63: 7 | B63: =المدخلات!$F$6 -> 6:40–7:50 م | C63: 2 | D63: المجموعة 2 | E63: 8 ضد 9
A64: 7 | B64: =المدخلات!$F$4 -> 4:00–5:10 م | C64: 3 | D64: المجموعة 3 | E64: 13 ضد 17
A65: 7 | B65: =المدخلات!$F$5 -> 5:20–6:30 م | C65: 3 | D65: المجموعة 3 | E65: 16 ضد 18
A66: 7 | B66: =المدخلات!$F$6 -> 6:40–7:50 م | C66: 3 | D66: المجموعة 3 | E66: 14 ضد 15
A67: 8 | B67: =المدخلات!$F$4 -> 4:00–5:10 م | C67: 1 | D67: المجموعة 1 | E67: 1 ضد 4
A68: 8 | B68: =المدخلات!$F$5 -> 5:20–6:30 م | C68: 1 | D68: المجموعة 1 | E68: 3 ضد 5
A69: 8 | B69: =المدخلات!$F$6 -> 6:40–7:50 م | C69: 1 | D69: المجموعة 1 | E69: 6 ضد 2
A70: 8 | B70: =المدخلات!$F$4 -> 4:00–5:10 م | C70: 2 | D70: المجموعة 2 | E70: 7 ضد 10
A71: 8 | B71: =المدخلات!$F$5 -> 5:20–6:30 م | C71: 2 | D71: المجموعة 2 | E71: 9 ضد 11
A72: 8 | B72: =المدخلات!$F$6 -> 6:40–7:50 م | C72: 2 | D72: المجموعة 2 | E72: 12 ضد 8
A73: 8 | B73: =المدخلات!$F$4 -> 4:00–5:10 م | C73: 3 | D73: المجموعة 3 | E73: 13 ضد 16
A74: 8 | B74: =المدخلات!$F$5 -> 5:20–6:30 م | C74: 3 | D74: المجموعة 3 | E74: 15 ضد 17
A75: 8 | B75: =المدخلات!$F$6 -> 6:40–7:50 م | C75: 3 | D75: المجموعة 3 | E75: 18 ضد 14
A76: 9 | B76: =المدخلات!$F$4 -> 4:00–5:10 م | C76: 1 | D76: المجموعة 1 | E76: 5 ضد 6
A77: 9 | B77: =المدخلات!$F$5 -> 5:20–6:30 م | C77: 1 | D77: المجموعة 1 | E77: 2 ضد 4
A78: 9 | B78: =المدخلات!$F$6 -> 6:40–7:50 م | C78: 1 | D78: المجموعة 1 | E78: 3 ضد 1
A79: 9 | B79: =المدخلات!$F$4 -> 4:00–5:10 م | C79: 2 | D79: المجموعة 2 | E79: 11 ضد 12
A80: 9 | B80: =المدخلات!$F$5 -> 5:20–6:30 م | C80: 2 | D80: المجموعة 2 | E80: 8 ضد 10
A81: 9 | B81: =المدخلات!$F$6 -> 6:40–7:50 م | C81: 2 | D81: المجموعة 2 | E81: 9 ضد 7
A82: 9 | B82: =المدخلات!$F$4 -> 4:00–5:10 م | C82: 3 | D82: المجموعة 3 | E82: 17 ضد 18
A83: 9 | B83: =المدخلات!$F$5 -> 5:20–6:30 م | C83: 3 | D83: المجموعة 3 | E83: 14 ضد 16
A84: 9 | B84: =المدخلات!$F$6 -> 6:40–7:50 م | C84: 3 | D84: المجموعة 3 | E84: 15 ضد 13
A85: 10 | B85: =المدخلات!$F$4 -> 4:00–5:10 م | C85: 1 | D85: المجموعة 1 | E85: 1 ضد 2
A86: 10 | B86: =المدخلات!$F$5 -> 5:20–6:30 م | C86: 1 | D86: المجموعة 1 | E86: 6 ضد 3
A87: 10 | B87: =المدخلات!$F$6 -> 6:40–7:50 م | C87: 1 | D87: المجموعة 1 | E87: 4 ضد 5
A88: 10 | B88: =المدخلات!$F$4 -> 4:00–5:10 م | C88: 2 | D88: المجموعة 2 | E88: 7 ضد 8
A89: 10 | B89: =المدخلات!$F$5 -> 5:20–6:30 م | C89: 2 | D89: المجموعة 2 | E89: 12 ضد 9
A90: 10 | B90: =المدخلات!$F$6 -> 6:40–7:50 م | C90: 2 | D90: المجموعة 2 | E90: 10 ضد 11
A91: 10 | B91: =المدخلات!$F$4 -> 4:00–5:10 م | C91: 3 | D91: المجموعة 3 | E91: 13 ضد 14
A92: 10 | B92: =المدخلات!$F$5 -> 5:20–6:30 م | C92: 3 | D92: المجموعة 3 | E92: 18 ضد 15
A93: 10 | B93: =المدخلات!$F$6 -> 6:40–7:50 م | C93: 3 | D93: المجموعة 3 | E93: 16 ضد 17
A94: 11 | B94: =المدخلات!$F$4 -> 4:00–5:10 م | C94: 1 | D94: المجموعة 1 | E94: 3 ضد 4
A95: 11 | B95: =المدخلات!$F$5 -> 5:20–6:30 م | C95: 1 | D95: المجموعة 1 | E95: 5 ضد 2
A96: 11 | B96: =المدخلات!$F$6 -> 6:40–7:50 م | C96: 1 | D96: المجموعة 1 | E96: 6 ضد 1
A97: 11 | B97: =المدخلات!$F$4 -> 4:00–5:10 م | C97: 2 | D97: المجموعة 2 | E97: 9 ضد 10
A98: 11 | B98: =المدخلات!$F$5 -> 5:20–6:30 م | C98: 2 | D98: المجموعة 2 | E98: 11 ضد 8
A99: 11 | B99: =المدخلات!$F$6 -> 6:40–7:50 م | C99: 2 | D99: المجموعة 2 | E99: 12 ضد 7
A100: 11 | B100: =المدخلات!$F$4 -> 4:00–5:10 م | C100: 3 | D100: المجموعة 3 | E100: 15 ضد 16
A101: 11 | B101: =المدخلات!$F$5 -> 5:20–6:30 م | C101: 3 | D101: المجموعة 3 | E101: 17 ضد 14
...

Sheet 19 فريقًا
A1: بطولة 19 فريقًا – تحت 11 / تحت 12
A3: اليوم | B3: الوقت | C3: الملعب | D3: المباراة
A4: 1 | B4: =المدخلات!$F$4 -> 4:00–5:10 م | C4: 1 | D4: 8 ضد 13
A5: 1 | B5: =المدخلات!$F$4 -> 4:00–5:10 م | C5: 2 | D5: 9 ضد 12
A6: 1 | B6: =المدخلات!$F$4 -> 4:00–5:10 م | C6: 3 | D6: 10 ضد 11
A7: 1 | B7: =المدخلات!$F$5 -> 5:20–6:30 م | C7: 1 | D7: 5 ضد 16
A8: 1 | B8: =المدخلات!$F$5 -> 5:20–6:30 م | C8: 2 | D8: 6 ضد 15
A9: 1 | B9: =المدخلات!$F$5 -> 5:20–6:30 م | C9: 3 | D9: 7 ضد 14
A10: 1 | B10: =المدخلات!$F$6 -> 6:40–7:50 م | C10: 1 | D10: 2 ضد 19
A11: 1 | B11: =المدخلات!$F$6 -> 6:40–7:50 م | C11: 2 | D11: 3 ضد 18
A12: 1 | B12: =المدخلات!$F$6 -> 6:40–7:50 م | C12: 3 | D12: 4 ضد 17
A13: 2 | B13: =المدخلات!$F$4 -> 4:00–5:10 م | C13: 1 | D13: 16 ضد 3
A14: 2 | B14: =المدخلات!$F$4 -> 4:00–5:10 م | C14: 2 | D14: 15 ضد 4
A15: 2 | B15: =المدخلات!$F$4 -> 4:00–5:10 م | C15: 3 | D15: 1 ضد 19
A16: 2 | B16: =المدخلات!$F$5 -> 5:20–6:30 م | C16: 1 | D16: 9 ضد 10
A17: 2 | B17: =المدخلات!$F$5 -> 5:20–6:30 م | C17: 2 | D17: 17 ضد 2
A18: 2 | B18: =المدخلات!$F$5 -> 5:20–6:30 م | C18: 3 | D18: 11 ضد 8
A19: 2 | B19: =المدخلات!$F$6 -> 6:40–7:50 م | C19: 1 | D19: 14 ضد 5
A20: 2 | B20: =المدخلات!$F$6 -> 6:40–7:50 م | C20: 2 | D20: 13 ضد 6
A21: 2 | B21: =المدخلات!$F$6 -> 6:40–7:50 م | C21: 3 | D21: 12 ضد 7
A22: 3 | B22: =المدخلات!$F$4 -> 4:00–5:10 م | C22: 1 | D22: 6 ضد 11
A23: 3 | B23: =المدخلات!$F$4 -> 4:00–5:10 م | C23: 2 | D23: 7 ضد 10
A24: 3 | B24: =المدخلات!$F$4 -> 4:00–5:10 م | C24: 3 | D24: 5 ضد 12
A25: 3 | B25: =المدخلات!$F$5 -> 5:20–6:30 م | C25: 1 | D25: 4 ضد 13
A26: 3 | B26: =المدخلات!$F$5 -> 5:20–6:30 م | C26: 2 | D26: 3 ضد 14
A27: 3 | B27: =المدخلات!$F$5 -> 5:20–6:30 م | C27: 3 | D27: 19 ضد 17
A28: 3 | B28: =المدخلات!$F$6 -> 6:40–7:50 م | C28: 1 | D28: 8 ضد 9
A29: 3 | B29: =المدخلات!$F$6 -> 6:40–7:50 م | C29: 2 | D29: 2 ضد 15
A30: 3 | B30: =المدخلات!$F$6 -> 6:40–7:50 م | C30: 3 | D30: 18 ضد 1
A31: 4 | B31: =المدخلات!$F$4 -> 4:00–5:10 م | C31: 1 | D31: 13 ضد 2
A32: 4 | B32: =المدخلات!$F$4 -> 4:00–5:10 م | C32: 2 | D32: 1 ضد 17
A33: 4 | B33: =المدخلات!$F$4 -> 4:00–5:10 م | C33: 3 | D33: 6 ضد 9
A34: 4 | B34: =المدخلات!$F$5 -> 5:20–6:30 م | C34: 1 | D34: 16 ضد 18
A35: 4 | B35: =المدخلات!$F$5 -> 5:20–6:30 م | C35: 2 | D35: 15 ضد 19
A36: 4 | B36: =المدخلات!$F$5 -> 5:20–6:30 م | C36: 3 | D36: 7 ضد 8
A37: 4 | B37: =المدخلات!$F$6 -> 6:40–7:50 م | C37: 1 | D37: 11 ضد 4
A38: 4 | B38: =المدخلات!$F$6 -> 6:40–7:50 م | C38: 2 | D38: 10 ضد 5
A39: 4 | B39: =المدخلات!$F$6 -> 6:40–7:50 م | C39: 3 | D39: 12 ضد 3
A40: 5 | B40: =المدخلات!$F$4 -> 4:00–5:10 م | C40: 1 | D40: 14 ضد 18
A41: 5 | B41: =المدخلات!$F$4 -> 4:00–5:10 م | C41: 2 | D41: 5 ضد 8
A42: 5 | B42: =المدخلات!$F$4 -> 4:00–5:10 م | C42: 3 | D42: 6 ضد 7
A43: 5 | B43: =المدخلات!$F$5 -> 5:20–6:30 م | C43: 1 | D43: 3 ضد 10
A44: 5 | B44: =المدخلات!$F$5 -> 5:20–6:30 م | C44: 2 | D44: 2 ضد 11
A45: 5 | B45: =المدخلات!$F$5 -> 5:20–6:30 م | C45: 3 | D45: 4 ضد 9
A46: 5 | B46: =المدخلات!$F$6 -> 6:40–7:50 م | C46: 1 | D46: 1 ضد 16
A47: 5 | B47: =المدخلات!$F$6 -> 6:40–7:50 م | C47: 2 | D47: 17 ضد 15
A48: 5 | B48: =المدخلات!$F$6 -> 6:40–7:50 م | C48: 3 | D48: 19 ضد 13
A49: 6 | B49: =المدخلات!$F$4 -> 4:00–5:10 م | C49: 1 | D49: 11 ضد 19
A50: 6 | B50: =المدخلات!$F$4 -> 4:00–5:10 م | C50: 2 | D50: 8 ضد 3
A51: 6 | B51: =المدخلات!$F$4 -> 4:00–5:10 م | C51: 3 | D51: 4 ضد 7
A52: 6 | B52: =المدخلات!$F$5 -> 5:20–6:30 م | C52: 1 | D52: 18 ضد 12
A53: 6 | B53: =المدخلات!$F$5 -> 5:20–6:30 م | C53: 2 | D53: 15 ضد 1
A54: 6 | B54: =المدخلات!$F$5 -> 5:20–6:30 م | C54: 3 | D54: 13 ضد 17
A55: 6 | B55: =المدخلات!$F$6 -> 6:40–7:50 م | C55: 1 | D55: 14 ضد 16
A56: 6 | B56: =المدخلات!$F$6 -> 6:40–7:50 م | C56: 2 | D56: 9 ضد 2
A57: 6 | B57: =المدخلات!$F$6 -> 6:40–7:50 م | C57: 3 | D57: 5 ضد 6
A58: 7 | B58: =المدخلات!$F$4 -> 4:00–5:10 م | C58: 1 | D58: 12 ضد 16
A59: 7 | B59: =المدخلات!$F$4 -> 4:00–5:10 م | C59: 2 | D59: 19 ضد 9
A60: 7 | B60: =المدخلات!$F$4 -> 4:00–5:10 م | C60: 3 | D60: 2 ضد 7
A61: 7 | B61: =المدخلات!$F$5 -> 5:20–6:30 م | C61: 1 | D61: 1 ضد 14
A62: 7 | B62: =المدخلات!$F$5 -> 5:20–6:30 م | C62: 2 | D62: 4 ضد 5
A63: 7 | B63: =المدخلات!$F$5 -> 5:20–6:30 م | C63: 3 | D63: 3 ضد 6
A64: 7 | B64: =المدخلات!$F$6 -> 6:40–7:50 م | C64: 1 | D64: 17 ضد 11
A65: 7 | B65: =المدخلات!$F$6 -> 6:40–7:50 م | C65: 2 | D65: 10 ضد 18
A66: 7 | B66: =المدخلات!$F$6 -> 6:40–7:50 م | C66: 3 | D66: 13 ضد 15
A67: 8 | B67: =المدخلات!$F$4 -> 4:00–5:10 م | C67: 1 | D67: 9 ضد 17
A68: 8 | B68: =المدخلات!$F$4 -> 4:00–5:10 م | C68: 2 | D68: 1 ضد 13
A69: 8 | B69: =المدخلات!$F$4 -> 4:00–5:10 م | C69: 3 | D69: 11 ضد 15
A70: 8 | B70: =المدخلات!$F$5 -> 5:20–6:30 م | C70: 1 | D70: 16 ضد 10
A71: 8 | B71: =المدخلات!$F$5 -> 5:20–6:30 م | C71: 2 | D71: 18 ضد 8
A72: 8 | B72: =المدخلات!$F$5 -> 5:20–6:30 م | C72: 3 | D72: 2 ضد 5
A73: 8 | B73: =المدخلات!$F$6 -> 6:40–7:50 م | C73: 1 | D73: 7 ضد 19
A74: 8 | B74: =المدخلات!$F$6 -> 6:40–7:50 م | C74: 2 | D74: 3 ضد 4
A75: 8 | B75: =المدخلات!$F$6 -> 6:40–7:50 م | C75: 3 | D75: 12 ضد 14
A76: 9 | B76: =المدخلات!$F$4 -> 4:00–5:10 م | C76: 1 | D76: 10 ضد 14
A77: 9 | B77: =المدخلات!$F$4 -> 4:00–5:10 م | C77: 2 | D77: 2 ضد 3
A78: 9 | B78: =المدخلات!$F$4 -> 4:00–5:10 م | C78: 3 | D78: 17 ضد 7
A79: 9 | B79: =المدخلات!$F$5 -> 5:20–6:30 م | C79: 1 | D79: 12 ضد 1
A80: 9 | B80: =المدخلات!$F$5 -> 5:20–6:30 م | C80: 2 | D80: 18 ضد 6
A81: 9 | B81: =المدخلات!$F$5 -> 5:20–6:30 م | C81: 3 | D81: 19 ضد 5
A82: 9 | B82: =المدخلات!$F$6 -> 6:40–7:50 م | C82: 1 | D82: 8 ضد 16
A83: 9 | B83: =المدخلات!$F$6 -> 6:40–7:50 م | C83: 2 | D83: 11 ضد 13
A84: 9 | B84: =المدخلات!$F$6 -> 6:40–7:50 م | C84: 3 | D84: 15 ضد 9
A85: 10 | B85: =المدخلات!$F$4 -> 4:00–5:10 م | C85: 1 | D85: 18 ضد 4
A86: 10 | B86: =المدخلات!$F$4 -> 4:00–5:10 م | C86: 2 | D86: 5 ضد 17
A87: 10 | B87: =المدخلات!$F$4 -> 4:00–5:10 م | C87: 3 | D87: 19 ضد 3
A88: 10 | B88: =المدخلات!$F$5 -> 5:20–6:30 م | C88: 1 | D88: 9 ضد 13
A89: 10 | B89: =المدخلات!$F$5 -> 5:20–6:30 م | C89: 2 | D89: 7 ضد 15
A90: 10 | B90: =المدخلات!$F$5 -> 5:20–6:30 م | C90: 3 | D90: 1 ضد 11
A91: 10 | B91: =المدخلات!$F$6 -> 6:40–7:50 م | C91: 1 | D91: 10 ضد 12
A92: 10 | B92: =المدخلات!$F$6 -> 6:40–7:50 م | C92: 2 | D92: 16 ضد 6
A93: 10 | B93: =المدخلات!$F$6 -> 6:40–7:50 م | C93: 3 | D93: 14 ضد 8
A94: 11 | B94: =المدخلات!$F$4 -> 4:00–5:10 م | C94: 1 | D94: 15 ضد 5
A95: 11 | B95: =المدخلات!$F$4 -> 4:00–5:10 م | C95: 2 | D95: 18 ضد 2
A96: 11 | B96: =المدخلات!$F$4 -> 4:00–5:10 م | C96: 3 | D96: 16 ضد 4
A97: 11 | B97: =المدخلات!$F$5 -> 5:20–6:30 م | C97: 1 | D97: 8 ضد 12
A98: 11 | B98: =المدخلات!$F$5 -> 5:20–6:30 م | C98: 2 | D98: 6 ضد 14
A99: 11 | B99: =المدخلات!$F$5 -> 5:20–6:30 م | C99: 3 | D99: 17 ضد 3
A100: 11 | B100: =المدخلات!$F$6 -> 6:40–7:50 م | C100: 1 | D100: 10 ضد 1
A101: 11 | B101: =المدخلات!$F$6 -> 6:40–7:50 م | C101: 2 | D101: 13 ضد 7
...

Sheet 20 فريقًا
A1: بطولة 20 فريقًا – تحت 11 / تحت 12
A3: اليوم | B3: الوقت | C3: الملعب | D3: المباراة
A4: 1 | B4: =المدخلات!$F$4 -> 4:00–5:10 م | C4: 1 | D4: 3 ضد 18
A5: 1 | B5: =المدخلات!$F$4 -> 4:00–5:10 م | C5: 2 | D5: 4 ضد 17
A6: 1 | B6: =المدخلات!$F$4 -> 4:00–5:10 م | C6: 3 | D6: 7 ضد 14
A7: 1 | B7: =المدخلات!$F$4 -> 4:00–5:10 م | C7: 4 | D7: 8 ضد 13
A8: 1 | B8: =المدخلات!$F$5 -> 5:20–6:30 م | C8: 1 | D8: 1 ضد 20
A9: 1 | B9: =المدخلات!$F$5 -> 5:20–6:30 م | C9: 2 | D9: 2 ضد 19
A10: 1 | B10: =المدخلات!$F$5 -> 5:20–6:30 م | C10: 3 | D10: 9 ضد 12
A11: 1 | B11: =المدخلات!$F$5 -> 5:20–6:30 م | C11: 4 | D11: 10 ضد 11
A12: 1 | B12: =المدخلات!$F$6 -> 6:40–7:50 م | C12: 1 | D12: 5 ضد 16
A13: 1 | B13: =المدخلات!$F$6 -> 6:40–7:50 م | C13: 2 | D13: 6 ضد 15
A14: 2 | B14: =المدخلات!$F$4 -> 4:00–5:10 م | C14: 1 | D14: 19 ضد 1
A15: 2 | B15: =المدخلات!$F$4 -> 4:00–5:10 م | C15: 2 | D15: 12 ضد 7
A16: 2 | B16: =المدخلات!$F$4 -> 4:00–5:10 م | C16: 3 | D16: 18 ضد 20
A17: 2 | B17: =المدخلات!$F$4 -> 4:00–5:10 م | C17: 4 | D17: 17 ضد 2
A18: 2 | B18: =المدخلات!$F$5 -> 5:20–6:30 م | C18: 1 | D18: 16 ضد 3
A19: 2 | B19: =المدخلات!$F$5 -> 5:20–6:30 م | C19: 2 | D19: 15 ضد 4
A20: 2 | B20: =المدخلات!$F$5 -> 5:20–6:30 م | C20: 3 | D20: 14 ضد 5
A21: 2 | B21: =المدخلات!$F$5 -> 5:20–6:30 م | C21: 4 | D21: 13 ضد 6
A22: 2 | B22: =المدخلات!$F$6 -> 6:40–7:50 م | C22: 1 | D22: 11 ضد 8
A23: 2 | B23: =المدخلات!$F$6 -> 6:40–7:50 م | C23: 2 | D23: 9 ضد 10
A24: 3 | B24: =المدخلات!$F$4 -> 4:00–5:10 م | C24: 1 | D24: 6 ضد 11
A25: 3 | B25: =المدخلات!$F$4 -> 4:00–5:10 م | C25: 2 | D25: 20 ضد 16
A26: 3 | B26: =المدخلات!$F$4 -> 4:00–5:10 م | C26: 3 | D26: 2 ضد 15
A27: 3 | B27: =المدخلات!$F$4 -> 4:00–5:10 م | C27: 4 | D27: 5 ضد 12
A28: 3 | B28: =المدخلات!$F$5 -> 5:20–6:30 م | C28: 1 | D28: 7 ضد 10
A29: 3 | B29: =المدخلات!$F$5 -> 5:20–6:30 م | C29: 2 | D29: 8 ضد 9
A30: 3 | B30: =المدخلات!$F$5 -> 5:20–6:30 م | C30: 3 | D30: 1 ضد 18
A31: 3 | B31: =المدخلات!$F$5 -> 5:20–6:30 م | C31: 4 | D31: 4 ضد 13
A32: 3 | B32: =المدخلات!$F$6 -> 6:40–7:50 م | C32: 1 | D32: 17 ضد 19
A33: 3 | B33: =المدخلات!$F$6 -> 6:40–7:50 م | C33: 2 | D33: 3 ضد 14
A34: 4 | B34: =المدخلات!$F$4 -> 4:00–5:10 م | C34: 1 | D34: 6 ضد 9
A35: 4 | B35: =المدخلات!$F$4 -> 4:00–5:10 م | C35: 2 | D35: 10 ضد 5
A36: 4 | B36: =المدخلات!$F$4 -> 4:00–5:10 م | C36: 3 | D36: 11 ضد 4
A37: 4 | B37: =المدخلات!$F$4 -> 4:00–5:10 م | C37: 4 | D37: 16 ضد 18
A38: 4 | B38: =المدخلات!$F$5 -> 5:20–6:30 م | C38: 1 | D38: 12 ضد 3
A39: 4 | B39: =المدخلات!$F$5 -> 5:20–6:30 م | C39: 2 | D39: 1 ضد 17
A40: 4 | B40: =المدخلات!$F$5 -> 5:20–6:30 م | C40: 3 | D40: 14 ضد 20
A41: 4 | B41: =المدخلات!$F$5 -> 5:20–6:30 م | C41: 4 | D41: 15 ضد 19
A42: 4 | B42: =المدخلات!$F$6 -> 6:40–7:50 م | C42: 1 | D42: 13 ضد 2
A43: 4 | B43: =المدخلات!$F$6 -> 6:40–7:50 م | C43: 2 | D43: 7 ضد 8
