Workbook
Name الحد_الأدنى: [1]المدخلات!$N$3

Sheet 49 فريق
A1: جدول مباريات بطولة 49 فريقاً — أربع مجموعات (12 + 12 + 12 + 13) في أربعة ملاعب قانونية منفصلة
C2: الملعب القانوني 1 — المجموعة أ (الفرق 1–12) | G2: الملعب القانوني 2 — المجموعة ب (الفرق 13–24) | K2: الملعب القانوني 3 — المجموعة ج (الفرق 25–36) | O2: الملعب القانوني 4 — المجموعة د (الفرق 37–49)
A3: المهرجان | B3: الوقت | C3: ملعب 1 | D3: ملعب 2 | E3: ملعب 3 | F3: ملعب 4 | G3: ملعب 1 | H3: ملعب 2 | I3: ملعب 3 | J3: ملعب 4 | K3: ملعب 1 | L3: ملعب 2 | M3: ملعب 3 | N3: ملعب 4 | O3: ملعب 1 | P3: ملعب 2 | Q3: ملعب 3 | R3: ملعب 4 | S3: مجموع مباريات المهرجان
A4: المهرجان 1 | B4: =(MOD(HOUR([2]المدخلات!$B$4+(1-1)*[2]المدخلات!$B$7/1440)-1,12)+1)&":"&TEXT(MINUTE([2]المدخلات!$B$4+(1-1)*[2]المدخلات!$B$7/1440),"00")&"–"&(MOD(HOUR([2]المدخلات!$B$4+(1-1)*[2]المدخلات!$B$7/1440+[2]المدخلات!$B$5/1440)-1,12)+1)&":"&TEXT(MINUTE([2]المدخلات!$B$4+(1-1)*[2]المدخلات!$B$7/1440+[2]المدخلات!$B$5/1440),"00")&" م" -> 4:00–4:15 م | C4: 4 ضد 8 | G4: 16 ضد 20 | K4: 28 ضد 32 | O4: 45 ضد 49 | P4: 37 ضد 41 | Q4: 43 ضد 47 | R4: 42 ضد 44 | S4: =COUNTA(C4:R12) -> 98
B5: =(MOD(HOUR([2]المدخلات!$B$4+(2-1)*[2]المدخلات!$B$7/1440)-1,12)+1)&":"&TEXT(MINUTE([2]المدخلات!$B$4+(2-1)*[2]المدخلات!$B$7/1440),"00")&"–"&(MOD(HOUR([2]المدخلات!$B$4+(2-1)*[2]المدخلات!$B$7/1440+[2]المدخلات!$B$5/1440)-1,12)+1)&":"&TEXT(MINUTE([2]المدخلات!$B$4+(2-1)*[2]المدخلات!$B$7/1440+[2]المدخلات!$B$5/1440),"00")&" م" -> 4:15–4:30 م | C5: 2 ضد 6 | D5: 11 ضد 12 | E5: 7 ضد 9 | G5: 14 ضد 18 | H5: 23 ضد 24 | I5: 19 ضد 21 | K5: 26 ضد 30 | L5: 35 ضد 36 | M5: 31 ضد 33 | O5: 38 ضد 39 | P5: 40 ضد 46
B6: =(MOD(HOUR([2]المدخلات!$B$4+(3-1)*[2]المدخلات!$B$7/1440)-1,12)+1)&":"&TEXT(MINUTE([2]المدخلات!$B$4+(3-1)*[2]المدخلات!$B$7/1440),"00")&"–"&(MOD(HOUR([2]المدخلات!$B$4+(3-1)*[2]المدخلات!$B$7/1440+[2]المدخلات!$B$5/1440)-1,12)+1)&":"&TEXT(MINUTE([2]المدخلات!$B$4+(3-1)*[2]المدخلات!$B$7/1440+[2]المدخلات!$B$5/1440),"00")&" م" -> 4:30–4:45 م | C6: 3 ضد 5 | D6: 1 ضد 10 | G6: 15 ضد 17 | H6: 13 ضد 22 | K6: 27 ضد 29 | L6: 25 ضد 34 | O6: 43 ضد 49 | P6: 44 ضد 47 | Q6: 42 ضد 48
B7: =(MOD(HOUR([2]المدخلات!$B$4+(4-1)*[2]المدخلات!$B$7/1440)-1,12)+1)&":"&TEXT(MINUTE([2]المدخلات!$B$4+(4-1)*[2]المدخلات!$B$7/1440),"00")&"–"&(MOD(HOUR([2]المدخلات!$B$4+(4-1)*[2]المدخلات!$B$7/1440+[2]المدخلات!$B$5/1440)-1,12)+1)&":"&TEXT(MINUTE([2]المدخلات!$B$4+(4-1)*[2]المدخلات!$B$7/1440+[2]المدخلات!$B$5/1440),"00")&" م" -> 4:45–5:00 م | C7: 4 ضد 7 | D7: 2 ضد 8 | E7: 6 ضد 12 | F7: 9 ضد 11 | G7: 16 ضد 19 | H7: 14 ضد 20 | I7: 18 ضد 24 | J7: 21 ضد 23 | K7: 28 ضد 31 | L7: 26 ضد 32 | M7: 30 ضد 36 | N7: 33 ضد 35 | O7: 39 ضد 41 | P7: 38 ضد 46 | Q7: 37 ضد 45
B8: =(MOD(HOUR([2]المدخلات!$B$4+(5-1)*[2]المدخلات!$B$7/1440)-1,12)+1)&":"&TEXT(MINUTE([2]المدخلات!$B$4+(5-1)*[2]المدخلات!$B$7/1440),"00")&"–"&(MOD(HOUR([2]المدخلات!$B$4+(5-1)*[2]المدخلات!$B$7/1440+[2]المدخلات!$B$5/1440)-1,12)+1)&":"&TEXT(MINUTE([2]المدخلات!$B$4+(5-1)*[2]المدخلات!$B$7/1440+[2]المدخلات!$B$5/1440),"00")&" م" -> 5:00–5:15 م | C8: 1 ضد 5 | D8: 3 ضد 10 | G8: 13 ضد 17 | H8: 15 ضد 22 | K8: 25 ضد 29 | L8: 27 ضد 34 | O8: 40 ضد 47 | P8: 44 ضد 48
B9: =(MOD(HOUR([2]المدخلات!$B$4+(6-1)*[2]المدخلات!$B$7/1440)-1,12)+1)&":"&TEXT(MINUTE([2]المدخلات!$B$4+(6-1)*[2]المدخلات!$B$7/1440),"00")&"–"&(MOD(HOUR([2]المدخلات!$B$4+(6-1)*[2]المدخلات!$B$7/1440+[2]المدخلات!$B$5/1440)-1,12)+1)&":"&TEXT(MINUTE([2]المدخلات!$B$4+(6-1)*[2]المدخلات!$B$7/1440+[2]المدخلات!$B$5/1440),"00")&" م" -> 5:15–5:30 م | C9: 7 ضد 12 | D9: 6 ضد 8 | G9: 19 ضد 24 | H9: 18 ضد 20 | K9: 31 ضد 36 | L9: 30 ضد 32 | O9: 43 ضد 45 | P9: 37 ضد 49 | Q9: 42 ضد 46 | R9: 38 ضد 41
B10: =(MOD(HOUR([2]المدخلات!$B$4+(7-1)*[2]المدخلات!$B$7/1440)-1,12)+1)&":"&TEXT(MINUTE([2]المدخلات!$B$4+(7-1)*[2]المدخلات!$B$7/1440),"00")&"–"&(MOD(HOUR([2]المدخلات!$B$4+(7-1)*[2]المدخلات!$B$7/1440+[2]المدخلات!$B$5/1440)-1,12)+1)&":"&TEXT(MINUTE([2]المدخلات!$B$4+(7-1)*[2]المدخلات!$B$7/1440+[2]المدخلات!$B$5/1440),"00")&" م" -> 5:30–5:45 م | C10: 9 ضد 10 | D10: 4 ضد 5 | E10: 1 ضد 11 | F10: 2 ضد 3 | G10: 21 ضد 22 | H10: 16 ضد 17 | I10: 13 ضد 23 | J10: 14 ضد 15 | K10: 33 ضد 34 | L10: 28 ضد 29 | M10: 25 ضد 35 | N10: 26 ضد 27 | O10: 40 ضد 44 | P10: 39 ضد 48
B11: =(MOD(HOUR([2]المدخلات!$B$4+(8-1)*[2]المدخلات!$B$7/1440)-1,12)+1)&":"&TEXT(MINUTE([2]المدخلات!$B$4+(8-1)*[2]المدخلات!$B$7/1440),"00")&"–"&(MOD(HOUR([2]المدخلات!$B$4+(8-1)*[2]المدخلات!$B$7/1440+[2]المدخلات!$B$5/1440)-1,12)+1)&":"&TEXT(MINUTE([2]المدخلات!$B$4+(8-1)*[2]المدخلات!$B$7/1440+[2]المدخلات!$B$5/1440),"00")&" م" -> 5:45–6:00 م | C11: 6 ضد 7 | D11: 8 ضد 12 | G11: 18 ضد 19 | H11: 20 ضد 24 | K11: 30 ضد 31 | L11: 32 ضد 36 | O11: 41 ضد 43 | P11: 46 ضد 49 | Q11: 38 ضد 47
B12: =(MOD(HOUR([2]المدخلات!$B$4+(9-1)*[2]المدخلات!$B$7/1440)-1,12)+1)&":"&TEXT(MINUTE([2]المدخلات!$B$4+(9-1)*[2]المدخلات!$B$7/1440),"00")&"–"&(MOD(HOUR([2]المدخلات!$B$4+(9-1)*[2]المدخلات!$B$7/1440+[2]المدخلات!$B$5/1440)-1,12)+1)&":"&TEXT(MINUTE([2]المدخلات!$B$4+(9-1)*[2]المدخلات!$B$7/1440+[2]المدخلات!$B$5/1440),"00")&" م" -> 6:00–6:15 م | C12: 1 ضد 3 | D12: 4 ضد 11 | E12: 2 ضد 10 | F12: 5 ضد 9 | G12: 13 ضد 15 | H12: 16 ضد 23 | I12: 14 ضد 22 | J12: 17 ضد 21 | K12: 25 ضد 27 | L12: 28 ضد 35 | M12: 26 ضد 34 | N12: 29 ضد 33 | O12: 39 ضد 40 | P12: 42 ضد 45 | Q12: 37 ضد 48
A13: المهرجان 2 | B13: =(MOD(HOUR([2]المدخلات!$B$4+(1-1)*[2]المدخلات!$B$7/1440)-1,12)+1)&":"&TEXT(MINUTE([2]المدخلات!$B$4+(1-1)*[2]المدخلات!$B$7/1440),"00")&"–"&(MOD(HOUR([2]المدخلات!$B$4+(1-1)*[2]المدخلات!$B$7/1440+[2]المدخلات!$B$5/1440)-1,12)+1)&":"&TEXT(MINUTE([2]المدخلات!$B$4+(1-1)*[2]المدخلات!$B$7/1440+[2]المدخلات!$B$5/1440),"00")&" م" -> 4:00–4:15 م | C13: 1 ضد 7 | D13: 3 ضد 11 | E13: 5 ضد 10 | G13: 13 ضد 19 | H13: 15 ضد 23 | I13: 17 ضد 22 | K13: 25 ضد 31 | L13: 27 ضد 35 | M13: 29 ضد 34 | O13: 43 ضد 46 | P13: 39 ضد 45 | Q13: 37 ضد 44 | R13: 38 ضد 49 | S13: =COUNTA(C13:R21) -> 98
B14: =(MOD(HOUR([2]المدخلات!$B$4+(2-1)*[2]المدخلات!$B$7/1440)-1,12)+1)&":"&TEXT(MINUTE([2]المدخلات!$B$4+(2-1)*[2]المدخلات!$B$7/1440),"00")&"–"&(MOD(HOUR([2]المدخلات!$B$4+(2-1)*[2]المدخلات!$B$7/1440+[2]المدخلات!$B$5/1440)-1,12)+1)&":"&TEXT(MINUTE([2]المدخلات!$B$4+(2-1)*[2]المدخلات!$B$7/1440+[2]المدخلات!$B$5/1440),"00")&" م" -> 4:15–4:30 م | C14: 9 ضد 12 | D14: 2 ضد 4 | G14: 21 ضد 24 | H14: 14 ضد 16 | K14: 33 ضد 36 | L14: 26 ضد 28 | O14: 42 ضد 47 | P14: 40 ضد 41
B15: =(MOD(HOUR([2]المدخلات!$B$4+(3-1)*[2]المدخلات!$B$7/1440)-1,12)+1)&":"&TEXT(MINUTE([2]المدخلات!$B$4+(3-1)*[2]المدخلات!$B$7/1440),"00")&"–"&(MOD(HOUR([2]المدخلات!$B$4+(3-1)*[2]المدخلات!$B$7/1440+[2]المدخلات!$B$5/1440)-1,12)+1)&":"&TEXT(MINUTE([2]المدخلات!$B$4+(3-1)*[2]المدخلات!$B$7/1440+[2]المدخلات!$B$5/1440),"00")&" م" -> 4:30–4:45 م | C15: 6 ضد 11 | D15: 3 ضد 8 | G15: 18 ضد 23 | H15: 15 ضد 20 | K15: 30 ضد 35 | L15: 27 ضد 32 | O15: 37 ضد 43 | P15: 48 ضد 49 | Q15: 38 ضد 45
B16: =(MOD(HOUR([2]المدخلات!$B$4+(4-1)*[2]المدخلات!$B$7/1440)-1,12)+1)&":"&TEXT(MINUTE([2]المدخلات!$B$4+(4-1)*[2]المدخلات!$B$7/1440),"00")&"–"&(MOD(HOUR([2]المدخلات!$B$4+(4-1)*[2]المدخلات!$B$7/1440+[2]المدخلات!$B$5/1440)-1,12)+1)&":"&TEXT(MINUTE([2]المدخلات!$B$4+(4-1)*[2]المدخلات!$B$7/1440+[2]المدخلات!$B$5/1440),"00")&" م" -> 4:45–5:00 م | C16: 1 ضد 2 | D16: 5 ضد 12 | E16: 7 ضد 10 | G16: 13 ضد 14 | H16: 17 ضد 24 | I16: 19 ضد 22 | K16: 25 ضد 26 | L16: 29 ضد 36 | M16: 31 ضد 34 | O16: 39 ضد 44 | P16: 40 ضد 42 | Q16: 46 ضد 47
B17: =(MOD(HOUR([2]المدخلات!$B$4+(5-1)*[2]المدخلات!$B$7/1440)-1,12)+1)&":"&TEXT(MINUTE([2]المدخلات!$B$4+(5-1)*[2]المدخلات!$B$7/1440),"00")&"–"&(MOD(HOUR([2]المدخلات!$B$4+(5-1)*[2]المدخلات!$B$7/1440+[2]المدخلات!$B$5/1440)-1,12)+1)&":"&TEXT(MINUTE([2]المدخلات!$B$4+(5-1)*[2]المدخلات!$B$7/1440+[2]المدخلات!$B$5/1440),"00")&" م" -> 5:00–5:15 م | C17: 4 ضد 6 | D17: 8 ضد 11 | E17: 3 ضد 9 | G17: 16 ضد 18 | H17: 20 ضد 23 | I17: 15 ضد 21 | K17: 28 ضد 30 | L17: 32 ضد 35 | M17: 27 ضد 33 | O17: 38 ضد 48 | P17: 41 ضد 45
B18: =(MOD(HOUR([2]المدخلات!$B$4+(6-1)*[2]المدخلات!$B$7/1440)-1,12)+1)&":"&TEXT(MINUTE([2]المدخلات!$B$4+(6-1)*[2]المدخلات!$B$7/1440),"00")&"–"&(MOD(HOUR([2]المدخلات!$B$4+(6-1)*[2]المدخلات!$B$7/1440+[2]المدخلات!$B$5/1440)-1,12)+1)&":"&TEXT(MINUTE([2]المدخلات!$B$4+(6-1)*[2]المدخلات!$B$7/1440+[2]المدخلات!$B$5/1440),"00")&" م" -> 5:15–5:30 م | C18: 2 ضد 7 | D18: 10 ضد 12 | G18: 14 ضد 19 | H18: 22 ضد 24 | K18: 26 ضد 31 | L18: 34 ضد 36 | O18: 40 ضد 49 | P18: 39 ضد 43 | Q18: 37 ضد 42
B19: =(MOD(HOUR([2]المدخلات!$B$4+(7-1)*[2]المدخلات!$B$7/1440)-1,12)+1)&":"&TEXT(MINUTE([2]المدخلات!$B$4+(7-1)*[2]المدخلات!$B$7/1440),"00")&"–"&(MOD(HOUR([2]المدخلات!$B$4+(7-1)*[2]المدخلات!$B$7/1440+[2]المدخلات!$B$5/1440)-1,12)+1)&":"&TEXT(MINUTE([2]المدخلات!$B$4+(7-1)*[2]المدخلات!$B$7/1440+[2]المدخلات!$B$5/1440),"00")&" م" -> 5:30–5:45 م | C19: 5 ضد 11 | D19: 1 ضد 6 | E19: 8 ضد 9 | F19: 3 ضد 4 | G19: 17 ضد 23 | H19: 13 ضد 18 | I19: 20 ضد 21 | J19: 15 ضد 16 | K19: 29 ضد 35 | L19: 25 ضد 30 | M19: 32 ضد 33 | N19: 27 ضد 28 | O19: 44 ضد 46 | P19: 41 ضد 48 | Q19: 45 ضد 47
B20: =(MOD(HOUR([2]المدخلات!$B$4+(8-1)*[2]المدخلات!$B$7/1440)-1,12)+1)&":"&TEXT(MINUTE([2]المدخلات!$B$4+(8-1)*[2]المدخلات!$B$7/1440),"00")&"–"&(MOD(HOUR([2]المدخلات!$B$4+(8-1)*[2]المدخلات!$B$7/1440+[2]المدخلات!$B$5/1440)-1,12)+1)&":"&TEXT(MINUTE([2]المدخلات!$B$4+(8-1)*[2]المدخلات!$B$7/1440+[2]المدخلات!$B$5/1440),"00")&" م" -> 5:45–6:00 م | C20: 2 ضد 12 | G20: 14 ضد 24 | K20: 26 ضد 36 | O20: 39 ضد 42 | P20: 38 ضد 43
B21: =(MOD(HOUR([2]المدخلات!$B$4+(9-1)*[2]المدخلات!$B$7/1440)-1,12)+1)&":"&TEXT(MINUTE([2]المدخلات!$B$4+(9-1)*[2]المدخلات!$B$7/1440),"00")&"–"&(MOD(HOUR([2]المدخلات!$B$4+(9-1)*[2]المدخلات!$B$7/1440+[2]المدخلات!$B$5/1440)-1,12)+1)&":"&TEXT(MINUTE([2]المدخلات!$B$4+(9-1)*[2]المدخلات!$B$7/1440+[2]المدخلات!$B$5/1440),"00")&" م" -> 6:00–6:15 م | C21: 5 ضد 6 | D21: 4 ضد 10 | E21: 7 ضد 8 | F21: 1 ضد 9 | G21: 17 ضد 18 | H21: 16 ضد 22 | I21: 19 ضد 20 | J21: 13 ضد 21 | K21: 29 ضد 30 | L21: 28 ضد 34 | M21: 31 ضد 32 | N21: 25 ضد 33 | O21: 37 ضد 40 | P21: 41 ضد 46 | Q21: 47 ضد 48 | R21: 44 ضد 49
A22: المهرجان 3 | B22: =(MOD(HOUR([2]المدخلات!$B$4+(1-1)*[2]المدخلات!$B$7/1440)-1,12)+1)&":"&TEXT(MINUTE([2]المدخلات!$B$4+(1-1)*[2]المدخلات!$B$7/1440),"00")&"–"&(MOD(HOUR([2]المدخلات!$B$4+(1-1)*[2]المدخلات!$B$7/1440+[2]المدخلات!$B$5/1440)-1,12)+1)&":"&TEXT(MINUTE([2]المدخلات!$B$4+(1-1)*[2]المدخلات!$B$7/1440+[2]المدخلات!$B$5/1440),"00")&" م" -> 4:00–4:15 م | C22: 3 ضد 6 | D22: 2 ضد 9 | E22: 1 ضد 8 | G22: 15 ضد 18 | H22: 14 ضد 21 | I22: 13 ضد 20 | K22: 27 ضد 30 | L22: 26 ضد 33 | M22: 25 ضد 32 | O22: 43 ضد 48 | P22: 37 ضد 38 | Q22: 39 ضد 46 | R22: 41 ضد 47 | S22: =COUNTA(C22:R30) -> 98
B23: =(MOD(HOUR([2]المدخلات!$B$4+(2-1)*[2]المدخلات!$B$7/1440)-1,12)+1)&":"&TEXT(MINUTE([2]المدخلات!$B$4+(2-1)*[2]المدخلات!$B$7/1440),"00")&"–"&(MOD(HOUR([2]المدخلات!$B$4+(2-1)*[2]المدخلات!$B$7/1440+[2]المدخلات!$B$5/1440)-1,12)+1)&":"&TEXT(MINUTE([2]المدخلات!$B$4+(2-1)*[2]المدخلات!$B$7/1440+[2]المدخلات!$B$5/1440),"00")&" م" -> 4:15–4:30 م | C23: 5 ضد 7 | D23: 10 ضد 11 | G23: 17 ضد 19 | H23: 22 ضد 23 | K23: 29 ضد 31 | L23: 34 ضد 35 | O23: 44 ضد 45 | P23: 42 ضد 49
B24: =(MOD(HOUR([2]المدخلات!$B$4+(3-1)*[2]المدخلات!$B$7/1440)-1,12)+1)&":"&TEXT(MINUTE([2]المدخلات!$B$4+(3-1)*[2]المدخلات!$B$7/1440),"00")&"–"&(MOD(HOUR([2]المدخلات!$B$4+(3-1)*[2]المدخلات!$B$7/1440+[2]المدخلات!$B$5/1440)-1,12)+1)&":"&TEXT(MINUTE([2]المدخلات!$B$4+(3-1)*[2]المدخلات!$B$7/1440+[2]المدخلات!$B$5/1440),"00")&" م" -> 4:30–4:45 م | C24: 1 ضد 4 | D24: 3 ضد 12 | E24: 6 ضد 9 | G24: 13 ضد 16 | H24: 15 ضد 24 | I24: 18 ضد 21 | K24: 25 ضد 28 | L24: 27 ضد 36 | M24: 30 ضد 33 | O24: 46 ضد 48 | P24: 40 ضد 43
B25: =(MOD(HOUR([2]المدخلات!$B$4+(4-1)*[2]المدخلات!$B$7/1440)-1,12)+1)&":"&TEXT(MINUTE([2]المدخلات!$B$4+(4-1)*[2]المدخلات!$B$7/1440),"00")&"–"&(MOD(HOUR([2]المدخلات!$B$4+(4-1)*[2]المدخلات!$B$7/1440+[2]المدخلات!$B$5/1440)-1,12)+1)&":"&TEXT(MINUTE([2]المدخلات!$B$4+(4-1)*[2]المدخلات!$B$7/1440+[2]المدخلات!$B$5/1440),"00")&" م" -> 4:45–5:00 م | C25: 2 ضد 5 | D25: 7 ضد 11 | E25: 8 ضد 10 | G25: 14 ضد 17 | H25: 19 ضد 23 | I25: 20 ضد 22 | K25: 26 ضد 29 | L25: 31 ضد 35 | M25: 32 ضد 34 | O25: 37 ضد 39 | P25: 38 ضد 42 | Q25: 41 ضد 44 | R25: 47 ضد 49
B26: =(MOD(HOUR([2]المدخلات!$B$4+(5-1)*[2]المدخلات!$B$7/1440)-1,12)+1)&":"&TEXT(MINUTE([2]المدخلات!$B$4+(5-1)*[2]المدخلات!$B$7/1440),"00")&"–"&(MOD(HOUR([2]المدخلات!$B$4+(5-1)*[2]المدخلات!$B$7/1440+[2]المدخلات!$B$5/1440)-1,12)+1)&":"&TEXT(MINUTE([2]المدخلات!$B$4+(5-1)*[2]المدخلات!$B$7/1440+[2]المدخلات!$B$5/1440),"00")&" م" -> 5:00–5:15 م | C26: 4 ضد 9 | D26: 1 ضد 12 | G26: 16 ضد 21 | H26: 13 ضد 24 | K26: 28 ضد 33 | L26: 25 ضد 36 | O26: 40 ضد 48 | P26: 45 ضد 46
B27: =(MOD(HOUR([2]المدخلات!$B$4+(6-1)*[2]المدخلات!$B$7/1440)-1,12)+1)&":"&TEXT(MINUTE([2]المدخلات!$B$4+(6-1)*[2]المدخلات!$B$7/1440),"00")&"–"&(MOD(HOUR([2]المدخلات!$B$4+(6-1)*[2]المدخلات!$B$7/1440+[2]المدخلات!$B$5/1440)-1,12)+1)&":"&TEXT(MINUTE([2]المدخلات!$B$4+(6-1)*[2]المدخلات!$B$7/1440+[2]المدخلات!$B$5/1440),"00")&" م" -> 5:15–5:30 م | C27: 5 ضد 8 | D27: 3 ضد 7 | E27: 6 ضد 10 | G27: 17 ضد 20 | H27: 15 ضد 19 | I27: 18 ضد 22 | K27: 29 ضد 32 | L27: 27 ضد 31 | M27: 30 ضد 34 | O27: 43 ضد 44 | P27: 41 ضد 42 | Q27: 37 ضد 47 | R27: 39 ضد 49
B28: =(MOD(HOUR([2]المدخلات!$B$4+(7-1)*[2]المدخلات!$B$7/1440)-1,12)+1)&":"&TEXT(MINUTE([2]المدخلات!$B$4+(7-1)*[2]المدخلات!$B$7/1440),"00")&"–"&(MOD(HOUR([2]المدخلات!$B$4+(7-1)*[2]المدخلات!$B$7/1440+[2]المدخلات!$B$5/1440)-1,12)+1)&":"&TEXT(MINUTE([2]المدخلات!$B$4+(7-1)*[2]المدخلات!$B$7/1440+[2]المدخلات!$B$5/1440),"00")&" م" -> 5:30–5:45 م | C28: 4 ضد 12 | D28: 2 ضد 11 | E28: 1 ضد 9 | G28: 16 ضد 24 | H28: 14 ضد 23 | I28: 13 ضد 21 | K28: 28 ضد 36 | L28: 26 ضد 35 | M28: 25 ضد 33 | O28: 45 ضد 48 | P28: 38 ضد 40
B29: =(MOD(HOUR([2]المدخلات!$B$4+(8-1)*[2]المدخلات!$B$7/1440)-1,12)+1)&":"&TEXT(MINUTE([2]المدخلات!$B$4+(8-1)*[2]المدخلات!$B$7/1440),"00")&"–"&(MOD(HOUR([2]المدخلات!$B$4+(8-1)*[2]المدخلات!$B$7/1440+[2]المدخلات!$B$5/1440)-1,12)+1)&":"&TEXT(MINUTE([2]المدخلات!$B$4+(8-1)*[2]المدخلات!$B$7/1440+[2]المدخلات!$B$5/1440),"00")&" م" -> 5:45–6:00 م | C29: 3 ضد 10 | G29: 15 ضد 22 | K29: 27 ضد 34 | O29: 37 ضد 46 | P29: 41 ضد 49 | Q29: 39 ضد 47
B30: =(MOD(HOUR([2]المدخلات!$B$4+(9-1)*[2]المدخلات!$B$7/1440)-1,12)+1)&":"&TEXT(MINUTE([2]المدخلات!$B$4+(9-1)*[2]المدخلات!$B$7/1440),"00")&"–"&(MOD(HOUR([2]المدخلات!$B$4+(9-1)*[2]المدخلات!$B$7/1440+[2]المدخلات!$B$5/1440)-1,12)+1)&":"&TEXT(MINUTE([2]المدخلات!$B$4+(9-1)*[2]المدخلات!$B$7/1440+[2]المدخلات!$B$5/1440),"00")&" م" -> 6:00–6:15 م | C30: 6 ضد 11 | D30: 2 ضد 8 | E30: 5 ضد 12 | F30: 4 ضد 7 | G30: 18 ضد 23 | H30: 14 ضد 20 | I30: 17 ضد 24 | J30: 16 ضد 19 | K30: 30 ضد 35 | L30: 26 ضد 32 | M30: 29 ضد 36 | N30: 28 ضد 31 | O30: 38 ضد 44 | P30: 40 ضد 45 | Q30: 42 ضد 43
A31: المهرجان 4 | B31: =(MOD(HOUR([2]المدخلات!$B$4+(1-1)*[2]المدخلات!$B$7/1440)-1,12)+1)&":"&TEXT(MINUTE([2]المدخلات!$B$4+(1-1)*[2]المدخلات!$B$7/1440),"00")&"–"&(MOD(HOUR([2]المدخلات!$B$4+(1-1)*[2]المدخلات!$B$7/1440+[2]المدخلات!$B$5/1440)-1,12)+1)&":"&TEXT(MINUTE([2]المدخلات!$B$4+(1-1)*[2]المدخلات!$B$7/1440+[2]المدخلات!$B$5/1440),"00")&" م" -> 4:00–4:15 م | C31: 9 ضد 11 | D31: 5 ضد 10 | E31: 3 ضد 12 | F31: 1 ضد 7 | G31: 21 ضد 23 | H31: 17 ضد 22 | I31: 15 ضد 24 | J31: 13 ضد 19 | K31: 33 ضد 35 | L31: 29 ضد 34 | M31: 27 ضد 36 | N31: 25 ضد 31 | O31: 38 ضد 39 | P31: 43 ضد 46 | Q31: 47 ضد 48 | R31: 40 ضد 42 | S31: =COUNTA(C31:R39) -> 98
B32: =(MOD(HOUR([2]المدخلات!$B$4+(2-1)*[2]المدخلات!$B$7/1440)-1,12)+1)&":"&TEXT(MINUTE([2]المدخلات!$B$4+(2-1)*[2]المدخلات!$B$7/1440),"00")&"–"&(MOD(HOUR([2]المدخلات!$B$4+(2-1)*[2]المدخلات!$B$7/1440+[2]المدخلات!$B$5/1440)-1,12)+1)&":"&TEXT(MINUTE([2]المدخلات!$B$4+(2-1)*[2]المدخلات!$B$7/1440+[2]المدخلات!$B$5/1440),"00")&" م" -> 4:15–4:30 م | C32: 6 ضد 8 | G32: 18 ضد 20 | K32: 30 ضد 32 | O32: 37 ضد 41 | P32: 44 ضد 45
B33: =(MOD(HOUR([2]المدخلات!$B$4+(3-1)*[2]المدخلات!$B$7/1440)-1,12)+1)&":"&TEXT(MINUTE([2]المدخلات!$B$4+(3-1)*[2]المدخلات!$B$7/1440),"00")&"–"&(MOD(HOUR([2]المدخلات!$B$4+(3-1)*[2]المدخلات!$B$7/1440+[2]المدخلات!$B$5/1440)-1,12)+1)&":"&TEXT(MINUTE([2]المدخلات!$B$4+(3-1)*[2]المدخلات!$B$7/1440+[2]المدخلات!$B$5/1440),"00")&" م" -> 4:30–4:45 م | C33: 2 ضد 10 | D33: 4 ضد 11 | E33: 5 ضد 9 | G33: 14 ضد 22 | H33: 16 ضد 23 | I33: 17 ضد 21 | K33: 26 ضد 34 | L33: 28 ضد 35 | M33: 29 ضد 33 | O33: 40 ضد 43 | P33: 42 ضد 49
B34: =(MOD(HOUR([2]المدخلات!$B$4+(4-1)*[2]المدخلات!$B$7/1440)-1,12)+1)&":"&TEXT(MINUTE([2]المدخلات!$B$4+(4-1)*[2]المدخلات!$B$7/1440),"00")&"–"&(MOD(HOUR([2]المدخلات!$B$4+(4-1)*[2]المدخلات!$B$7/1440+[2]المدخلات!$B$5/1440)-1,12)+1)&":"&TEXT(MINUTE([2]المدخلات!$B$4+(4-1)*[2]المدخلات!$B$7/1440+[2]المدخلات!$B$5/1440),"00")&" م" -> 4:45–5:00 م | C34: 1 ضد 8 | D34: 3 ضد 6 | E34: 7 ضد 12 | G34: 13 ضد 20 | H34: 15 ضد 18 | I34: 19 ضد 24 | K34: 25 ضد 32 | L34: 27 ضد 30 | M34: 31 ضد 36 | O34: 41 ضد 47 | P34: 44 ضد 46 | Q34: 39 ضد 48 | R34: 38 ضد 45
B35: =(MOD(HOUR([2]المدخلات!$B$4+(5-1)*[2]المدخلات!$B$7/1440)-1,12)+1)&":"&TEXT(MINUTE([2]المدخلات!$B$4+(5-1)*[2]المدخلات!$B$7/1440),"00")&"–"&(MOD(HOUR([2]المدخلات!$B$4+(5-1)*[2]المدخلات!$B$7/1440+[2]المدخلات!$B$5/1440)-1,12)+1)&":"&TEXT(MINUTE([2]المدخلات!$B$4+(5-1)*[2]المدخلات!$B$7/1440+[2]المدخلات!$B$5/1440),"00")&" م" -> 5:00–5:15 م | C35: 2 ضد 5 | D35: 4 ضد 9 | G35: 14 ضد 17 | H35: 16 ضد 21 | K35: 26 ضد 29 | L35: 28 ضد 33 | O35: 37 ضد 43 | P35: 40 ضد 49
B36: =(MOD(HOUR([2]المدخلات!$B$4+(6-1)*[2]المدخلات!$B$7/1440)-1,12)+1)&":"&TEXT(MINUTE([2]المدخلات!$B$4+(6-1)*[2]المدخلات!$B$7/1440),"00")&"–"&(MOD(HOUR([2]المدخلات!$B$4+(6-1)*[2]المدخلات!$B$7/1440+[2]المدخلات!$B$5/1440)-1,12)+1)&":"&TEXT(MINUTE([2]المدخلات!$B$4+(6-1)*[2]المدخلات!$B$7/1440+[2]المدخلات!$B$5/1440),"00")&" م" -> 5:15–5:30 م | C36: 7 ضد 10 | D36: 3 ضد 11 | E36: 1 ضد 6 | G36: 19 ضد 22 | H36: 15 ضد 23 | I36: 13 ضد 18 | K36: 31 ضد 34 | L36: 27 ضد 35 | M36: 25 ضد 30 | O36: 45 ضد 47 | P36: 38 ضد 42 | Q36: 39 ضد 46 | R36: 41 ضد 44
B37: =(MOD(HOUR([2]المدخلات!$B$4+(7-1)*[2]المدخلات!$B$7/1440)-1,12)+1)&":"&TEXT(MINUTE([2]المدخلات!$B$4+(7-1)*[2]المدخلات!$B$7/1440),"00")&"–"&(MOD(HOUR([2]المدخلات!$B$4+(7-1)*[2]المدخلات!$B$7/1440+[2]المدخلات!$B$5/1440)-1,12)+1)&":"&TEXT(MINUTE([2]المدخلات!$B$4+(7-1)*[2]المدخلات!$B$7/1440+[2]المدخلات!$B$5/1440),"00")&" م" -> 5:30–5:45 م | C37: 8 ضد 12 | D37: 2 ضد 4 | G37: 20 ضد 24 | H37: 14 ضد 16 | K37: 32 ضد 36 | L37: 26 ضد 28 | O37: 37 ضد 48 | P37: 43 ضد 49
B38: =(MOD(HOUR([2]المدخلات!$B$4+(8-1)*[2]المدخلات!$B$7/1440)-1,12)+1)&":"&TEXT(MINUTE([2]المدخلات!$B$4+(8-1)*[2]المدخلات!$B$7/1440),"00")&"–"&(MOD(HOUR([2]المدخلات!$B$4+(8-1)*[2]المدخلات!$B$7/1440+[2]المدخلات!$B$5/1440)-1,12)+1)&":"&TEXT(MINUTE([2]المدخلات!$B$4+(8-1)*[2]المدخلات!$B$7/1440+[2]المدخلات!$B$5/1440),"00")&" م" -> 5:45–6:00 م | C38: 7 ضد 9 | D38: 3 ضد 5 | E38: 6 ضد 10 | G38: 19 ضد 21 | H38: 15 ضد 17 | I38: 18 ضد 22 | K38: 31 ضد 33 | L38: 27 ضد 29 | M38: 30 ضد 34 | O38: 41 ضد 42 | P38: 39 ضد 47 | Q38: 40 ضد 44
B39: =(MOD(HOUR([2]المدخلات!$B$4+(9-1)*[2]المدخلات!$B$7/1440)-1,12)+1)&":"&TEXT(MINUTE([2]المدخلات!$B$4+(9-1)*[2]المدخلات!$B$7/1440),"00")&"–"&(MOD(HOUR([2]المدخلات!$B$4+(9-1)*[2]المدخلات!$B$7/1440+[2]المدخلات!$B$5/1440)-1,12)+1)&":"&TEXT(MINUTE([2]المدخلات!$B$4+(9-1)*[2]المدخلات!$B$7/1440+[2]المدخلات!$B$5/1440),"00")&" م" -> 6:00–6:15 م | C39: 1 ضد 2 | D39: 4 ضد 8 | E39: 11 ضد 12 | G39: 13 ضد 14 | H39: 16 ضد 20 | I39: 23 ضد 24 | K39: 25 ضد 26 | L39: 28 ضد 32 | M39: 35 ضد 36 | O39: 37 ضد 45 | P39: 38 ضد 46 | Q39: 48 ضد 49
A40: المهرجان 5 | B40: =(MOD(HOUR([2]المدخلات!$B$4+(1-1)*[2]المدخلات!$B$7/1440)-1,12)+1)&":"&TEXT(MINUTE([2]المدخلات!$B$4+(1-1)*[2]المدخلات!$B$7/1440),"00")&"–"&(MOD(HOUR([2]المدخلات!$B$4+(1-1)*[2]المدخلات!$B$7/1440+[2]المدخلات!$B$5/1440)-1,12)+1)&":"&TEXT(MINUTE([2]المدخلات!$B$4+(1-1)*[2]المدخلات!$B$7/1440+[2]المدخلات!$B$5/1440),"00")&" م" -> 4:00–4:15 م | C40: 5 ضد 6 | D40: 2 ضد 9 | E40: 4 ضد 12 | G40: 17 ضد 18 | H40: 14 ضد 21 | I40: 16 ضد 24 | K40: 29 ضد 30 | L40: 26 ضد 33 | M40: 28 ضد 36 | O40: 38 ضد 40 | P40: 44 ضد 49 | Q40: 42 ضد 45 | S40: =COUNTA(C40:R48) -> 98
B41: =(MOD(HOUR([2]المدخلات!$B$4+(2-1)*[2]المدخلات!$B$7/1440)-1,12)+1)&":"&TEXT(MINUTE([2]المدخلات!$B$4+(2-1)*[2]المدخلات!$B$7/1440),"00")&"–"&(MOD(HOUR([2]المدخلات!$B$4+(2-1)*[2]المدخلات!$B$7/1440+[2]المدخلات!$B$5/1440)-1,12)+1)&":"&TEXT(MINUTE([2]المدخلات!$B$4+(2-1)*[2]المدخلات!$B$7/1440+[2]المدخلات!$B$5/1440),"00")&" م" -> 4:15–4:30 م | C41: 10 ضد 11 | D41: 3 ضد 7 | G41: 22 ضد 23 | H41: 15 ضد 19 | K41: 34 ضد 35 | L41: 27 ضد 31 | O41: 37 ضد 39 | P41: 43 ضد 48 | Q41: 41 ضد 46
B42: =(MOD(HOUR([2]المدخلات!$B$4+(3-1)*[2]المدخلات!$B$7/1440)-1,12)+1)&":"&TEXT(MINUTE([2]المدخلات!$B$4+(3-1)*[2]المدخلات!$B$7/1440),"00")&"–"&(MOD(HOUR([2]المدخلات!$B$4+(3-1)*[2]المدخلات!$B$7/1440+[2]المدخلات!$B$5/1440)-1,12)+1)&":"&TEXT(MINUTE([2]المدخلات!$B$4+(3-1)*[2]المدخلات!$B$7/1440+[2]المدخلات!$B$5/1440),"00")&" م" -> 4:30–4:45 م | C42: 2 ضد 6 | D42: 1 ضد 4 | E42: 5 ضد 8 | F42: 9 ضد 12 | G42: 14 ضد 18 | H42: 13 ضد 16 | I42: 17 ضد 20 | J42: 21 ضد 24 | K42: 26 ضد 30 | L42: 25 ضد 28 | M42: 29 ضد 32 | N42: 33 ضد 36 | O42: 47 ضد 49 | P42: 38 ضد 44 | Q42: 40 ضد 45
B43: =(MOD(HOUR([2]المدخلات!$B$4+(4-1)*[2]المدخلات!$B$7/1440)-1,12)+1)&":"&TEXT(MINUTE([2]المدخلات!$B$4+(4-1)*[2]المدخلات!$B$7/1440),"00")&"–"&(MOD(HOUR([2]المدخلات!$B$4+(4-1)*[2]المدخلات!$B$7/1440+[2]المدخلات!$B$5/1440)-1,12)+1)&":"&TEXT(MINUTE([2]المدخلات!$B$4+(4-1)*[2]المدخلات!$B$7/1440+[2]المدخلات!$B$5/1440),"00")&" م" -> 4:45–5:00 م | C43: 7 ضد 11 | G43: 19 ضد 23 | K43: 31 ضد 35 | O43: 39 ضد 42 | P43: 37 ضد 46
B44: =(MOD(HOUR([2]المدخلات!$B$4+(5-1)*[2]المدخلات!$B$7/1440)-1,12)+1)&":"&TEXT(MINUTE([2]المدخلات!$B$4+(5-1)*[2]المدخلات!$B$7/1440),"00")&"–"&(MOD(HOUR([2]المدخلات!$B$4+(5-1)*[2]المدخلات!$B$7/1440+[2]المدخلات!$B$5/1440)-1,12)+1)&":"&TEXT(MINUTE([2]المدخلات!$B$4+(5-1)*[2]المدخلات!$B$7/1440+[2]المدخلات!$B$5/1440),"00")&" م" -> 5:00–5:15 م | C44: 8 ضد 9 | D44: 4 ضد 6 | E44: 10 ضد 12 | F44: 1 ضد 3 | G44: 20 ضد 21 | H44: 16 ضد 18 | I44: 22 ضد 24 | J44: 13 ضد 15 | K44: 32 ضد 33 | L44: 28 ضد 30 | M44: 34 ضد 36 | N44: 25 ضد 27 | O44: 38 ضد 47 | P44: 41 ضد 43 | Q44: 40 ضد 48 | R44: 45 ضد 49
B45: =(MOD(HOUR([2]المدخلات!$B$4+(6-1)*[2]المدخلات!$B$7/1440)-1,12)+1)&":"&TEXT(MINUTE([2]المدخلات!$B$4+(6-1)*[2]المدخلات!$B$7/1440),"00")&"–"&(MOD(HOUR([2]المدخلات!$B$4+(6-1)*[2]المدخلات!$B$7/1440+[2]المدخلات!$B$5/1440)-1,12)+1)&":"&TEXT(MINUTE([2]المدخلات!$B$4+(6-1)*[2]المدخلات!$B$7/1440+[2]المدخلات!$B$5/1440),"00")&" م" -> 5:15–5:30 م | C45: 5 ضد 7 | D45: 2 ضد 11 | G45: 17 ضد 19 | H45: 14 ضد 23 | K45: 29 ضد 31 | L45: 26 ضد 35 | O45: 37 ضد 44 | P45: 42 ضد 46
B46: =(MOD(HOUR([2]المدخلات!$B$4+(7-1)*[2]المدخلات!$B$7/1440)-1,12)+1)&":"&TEXT(MINUTE([2]المدخلات!$B$4+(7-1)*[2]المدخلات!$B$7/1440),"00")&"–"&(MOD(HOUR([2]المدخلات!$B$4+(7-1)*[2]المدخلات!$B$7/1440+[2]المدخلات!$B$5/1440)-1,12)+1)&":"&TEXT(MINUTE([2]المدخلات!$B$4+(7-1)*[2]المدخلات!$B$7/1440+[2]المدخلات!$B$5/1440),"00")&" م" -> 5:30–5:45 م | C46: 8 ضد 10 | D46: 1 ضد 12 | E46: 3 ضد 4 | G46: 20 ضد 22 | H46: 13 ضد 24 | I46: 15 ضد 16 | K46: 32 ضد 34 | L46: 25 ضد 36 | M46: 27 ضد 28 | O46: 39 ضد 49 | P46: 38 ضد 41 | Q46: 43 ضد 47 | R46: 45 ضد 48
B47: =(MOD(HOUR([2]المدخلات!$B$4+(8-1)*[2]المدخلات!$B$7/1440)-1,12)+1)&":"&TEXT(MINUTE([2]المدخلات!$B$4+(8-1)*[2]المدخلات!$B$7/1440),"00")&"–"&(MOD(HOUR([2]المدخلات!$B$4+(8-1)*[2]المدخلات!$B$7/1440+[2]المدخلات!$B$5/1440)-1,12)+1)&":"&TEXT(MINUTE([2]المدخلات!$B$4+(8-1)*[2]المدخلات!$B$7/1440+[2]المدخلات!$B$5/1440),"00")&" م" -> 5:45–6:00 م | C47: 6 ضد 9 | D47: 5 ضد 11 | E47: 2 ضد 7 | G47: 18 ضد 21 | H47: 17 ضد 23 | I47: 14 ضد 19 | K47: 30 ضد 33 | L47: 29 ضد 35 | M47: 26 ضد 31 | O47: 42 ضد 44 | P47: 37 ضد 40
B48: =(MOD(HOUR([2]المدخلات!$B$4+(9-1)*[2]المدخلات!$B$7/1440)-1,12)+1)&":"&TEXT(MINUTE([2]المدخلات!$B$4+(9-1)*[2]المدخلات!$B$7/1440),"00")&"–"&(MOD(HOUR([2]المدخلات!$B$4+(9-1)*[2]المدخلات!$B$7/1440+[2]المدخلات!$B$5/1440)-1,12)+1)&":"&TEXT(MINUTE([2]المدخلات!$B$4+(9-1)*[2]المدخلات!$B$7/1440+[2]المدخلات!$B$5/1440),"00")&" م" -> 6:00–6:15 م | C48: 1 ضد 10 | D48: 3 ضد 8 | G48: 13 ضد 22 | H48: 15 ضد 20 | K48: 25 ضد 34 | L48: 27 ضد 32 | O48: 39 ضد 43 | P48: 41 ضد 48 | Q48: 46 ضد 47
A49: المهرجان 6 | B49: =(MOD(HOUR([2]المدخلات!$B$4+(1-1)*[2]المدخلات!$B$7/1440)-1,12)+1)&":"&TEXT(MINUTE([2]المدخلات!$B$4+(1-1)*[2]المدخلات!$B$7/1440),"00")&"–"&(MOD(HOUR([2]المدخلات!$B$4+(1-1)*[2]المدخلات!$B$7/1440+[2]المدخلات!$B$5/1440)-1,12)+1)&":"&TEXT(MINUTE([2]المدخلات!$B$4+(1-1)*[2]المدخلات!$B$7/1440+[2]المدخلات!$B$5/1440),"00")&" م" -> 4:00–4:15 م | C49: 8 ضد 11 | D49: 4 ضد 10 | E49: 2 ضد 12 | F49: 6 ضد 7 | G49: 20 ضد 23 | H49: 16 ضد 22 | I49: 14 ضد 24 | J49: 18 ضد 19 | K49: 32 ضد 35 | L49: 28 ضد 34 | M49: 26 ضد 36 | N49: 30 ضد 31 | O49: 39 ضد 40 | P49: 37 ضد 47 | Q49: 41 ضد 49 | R49: 42 ضد 48 | S49: =COUNTA(C49:R57) -> 62
B50: =(MOD(HOUR([2]المدخلات!$B$4+(2-1)*[2]المدخلات!$B$7/1440)-1,12)+1)&":"&TEXT(MINUTE([2]المدخلات!$B$4+(2-1)*[2]المدخلات!$B$7/1440),"00")&"–"&(MOD(HOUR([2]المدخلات!$B$4+(2-1)*[2]المدخلات!$B$7/1440+[2]المدخلات!$B$5/1440)-1,12)+1)&":"&TEXT(MINUTE([2]المدخلات!$B$4+(2-1)*[2]المدخلات!$B$7/1440+[2]المدخلات!$B$5/1440),"00")&" م" -> 4:15–4:30 م | C50: 3 ضد 9 | D50: 1 ضد 5 | G50: 15 ضد 21 | H50: 13 ضد 17 | K50: 27 ضد 33 | L50: 25 ضد 29 | O50: 45 ضد 46 | P50: 43 ضد 44
B51: =(MOD(HOUR([2]المدخلات!$B$4+(3-1)*[2]المدخلات!$B$7/1440)-1,12)+1)&":"&TEXT(MINUTE([2]المدخلات!$B$4+(3-1)*[2]المدخلات!$B$7/1440),"00")&"–"&(MOD(HOUR([2]المدخلات!$B$4+(3-1)*[2]المدخلات!$B$7/1440+[2]المدخلات!$B$5/1440)-1,12)+1)&":"&TEXT(MINUTE([2]المدخلات!$B$4+(3-1)*[2]المدخلات!$B$7/1440+[2]المدخلات!$B$5/1440),"00")&" م" -> 4:30–4:45 م | C51: 6 ضد 12 | D51: 7 ضد 8 | G51: 18 ضد 24 | H51: 19 ضد 20 | K51: 30 ضد 36 | L51: 31 ضد 32 | O51: 37 ضد 42 | P51: 38 ضد 48
B52: =(MOD(HOUR([2]المدخلات!$B$4+(4-1)*[2]المدخلات!$B$7/1440)-1,12)+1)&":"&TEXT(MINUTE([2]المدخلات!$B$4+(4-1)*[2]المدخلات!$B$7/1440),"00")&"–"&(MOD(HOUR([2]المدخلات!$B$4+(4-1)*[2]المدخلات!$B$7/1440+[2]المدخلات!$B$5/1440)-1,12)+1)&":"&TEXT(MINUTE([2]المدخلات!$B$4+(4-1)*[2]المدخلات!$B$7/1440+[2]المدخلات!$B$5/1440),"00")&" م" -> 4:45–5:00 م | C52: 2 ضد 3 | D52: 9 ضد 10 | E52: 4 ضد 5 | F52: 1 ضد 11 | G52: 14 ضد 15 | H52: 21 ضد 22 | I52: 16 ضد 17 | J52: 13 ضد 23 | K52: 26 ضد 27 | L52: 33 ضد 34 | M52: 28 ضد 29 | N52: 25 ضد 35 | O52: 39 ضد 44 | P52: 46 ضد 49 | Q52: 40 ضد 47 | R52: 41 ضد 45
B53: =(MOD(HOUR([2]المدخلات!$B$4+(5-1)*[2]المدخلات!$B$7/1440)-1,12)+1)&":"&TEXT(MINUTE([2]المدخلات!$B$4+(5-1)*[2]المدخلات!$B$7/1440),"00")&"–"&(MOD(HOUR([2]المدخلات!$B$4+(5-1)*[2]المدخلات!$B$7/1440+[2]المدخلات!$B$5/1440)-1,12)+1)&":"&TEXT(MINUTE([2]المدخلات!$B$4+(5-1)*[2]المدخلات!$B$7/1440+[2]المدخلات!$B$5/1440),"00")&" م" -> 5:00–5:15 م | O53: 42 ضد 43 | P53: 37 ضد 38
B54: =(MOD(HOUR([2]المدخلات!$B$4+(6-1)*[2]المدخلات!$B$7/1440)-1,12)+1)&":"&TEXT(MINUTE([2]المدخلات!$B$4+(6-1)*[2]المدخلات!$B$7/1440),"00")&"–"&(MOD(HOUR([2]المدخلات!$B$4+(6-1)*[2]المدخلات!$B$7/1440+[2]المدخلات!$B$5/1440)-1,12)+1)&":"&TEXT(MINUTE([2]المدخلات!$B$4+(6-1)*[2]المدخلات!$B$7/1440+[2]المدخلات!$B$5/1440),"00")&" م" -> 5:15–5:30 م | O54: 44 ضد 47 | P54: 40 ضد 41 | Q54: 39 ضد 45 | R54: 46 ضد 48
B55: =(MOD(HOUR([2]المدخلات!$B$4+(7-1)*[2]المدخلات!$B$7/1440)-1,12)+1)&":"&TEXT(MINUTE([2]المدخلات!$B$4+(7-1)*[2]المدخلات!$B$7/1440),"00")&"–"&(MOD(HOUR([2]المدخلات!$B$4+(7-1)*[2]المدخلات!$B$7/1440+[2]المدخلات!$B$5/1440)-1,12)+1)&":"&TEXT(MINUTE([2]المدخلات!$B$4+(7-1)*[2]المدخلات!$B$7/1440+[2]المدخلات!$B$5/1440),"00")&" م" -> 5:30–5:45 م | O55: 38 ضد 43 | P55: 37 ضد 49
B56: =(MOD(HOUR([2]المدخلات!$B$4+(8-1)*[2]المدخلات!$B$7/1440)-1,12)+1)&":"&TEXT(MINUTE([2]المدخلات!$B$4+(8-1)*[2]المدخلات!$B$7/1440),"00")&"–"&(MOD(HOUR([2]المدخلات!$B$4+(8-1)*[2]المدخلات!$B$7/1440+[2]المدخلات!$B$5/1440)-1,12)+1)&":"&TEXT(MINUTE([2]المدخلات!$B$4+(8-1)*[2]المدخلات!$B$7/1440+[2]المدخلات!$B$5/1440),"00")&" م" -> 5:45–6:00 م | O56: 42 ضد 47 | P56: 40 ضد 46 | Q56: 39 ضد 41
B57: =(MOD(HOUR([2]المدخلات!$B$4+(9-1)*[2]المدخلات!$B$7/1440)-1,12)+1)&":"&TEXT(MINUTE([2]المدخلات!$B$4+(9-1)*[2]المدخلات!$B$7/1440),"00")&"–"&(MOD(HOUR([2]المدخلات!$B$4+(9-1)*[2]المدخلات!$B$7/1440+[2]المدخلات!$B$5/1440)-1,12)+1)&":"&TEXT(MINUTE([2]المدخلات!$B$4+(9-1)*[2]المدخلات!$B$7/1440+[2]المدخلات!$B$5/1440),"00")&" م" -> 6:00–6:15 م | O57: 43 ضد 45 | P57: 44 ضد 48 | Q57: 38 ضد 49
A59: توزيع الفرق على مجموعة جدة — تحت 9 — يُعبّأ بأسماء الفرق
B60: # | C60: المجموعة أ (الفرق 1-12) | F60: التصنيف | I60: # | J60: المجموعة ب (الفرق 13-24) | M60: التصنيف
B61: 1 | C61: البلد | F61: نادي | I61: 13 | J61: نادي الاتحاد السعودي (2) | M61: نادي
B62: 2 | C62: نادي الاهلي السعودي (2) | F62: نادي | I62: 14 | J62: نادي الاهلي السعودي (3) | M62: نادي
B63: 3 | C63: اكاديمية سمارت | F63: أكاديمية | I63: 15 | J63: الجوهرة المتحدة (1) | M63: أكاديمية
B64: 4 | C64: القرية الاولومبية (2) | F64: أكاديمية | I64: 16 | J64: الفيصلية | M64: أكاديمية
B65: 5 | C65: الكرة المشتعلة | F65: أكاديمية | I65: 17 | J65: المجد النموذجية (2) | M65: أكاديمية
B66: 6 | C66: المدرسة الاسبانية (2) | F66: أكاديمية | I66: 18 | J66: المملكة (2) | M66: أكاديمية
B67: 7 | C67: شركة براعم المقاولون العرب (2) | F67: أكاديمية | I67: 19 | J67: ساحة التحدي | M67: أكاديمية
B68: 8 | C68: مواهب جدة | F68: أكاديمية | I68: 20 | J68: مدرسة نادي الاتحاد -فرع الصحافة (2) | M68: أكاديمية
B69: 9 | C69: اكاديمية الترجي جدة | F69: هواة | I69: 21 | J69: اكاديمية وولفز | M69: هواة
B70: 10 | C70: السنابل | F70: هواة | I70: 22 | J70: جدة تالنتس | M70: هواة
B71: 11 | C71: دار الفرسان | F71: هواة | I71: 23 | J71: فريق نادي الوسام الرياضي | M71: هواة
B72: 12 | C72: مدرسة المجد | F72: هواة | I72: 24 | J72: نجوم الثمانين | M72: هواة
B74: # | C74: المجموعة ج (الفرق 25-36) | F74: التصنيف | I74: # | J74: المجموعة د (الفرق 37-49) | M74: التصنيف
B75: 25 | C75: نادي الاتحاد السعودي (1) | F75: نادي | I75: 37 | J75: نادي الاهلي السعودي (1) | M75: نادي
B76: 26 | C76: اشبال الساحل | F76: أكاديمية | I76: 38 | J76: العالم الرياضية | M76: أكاديمية
B77: 27 | C77: الجوهرة المتحدة (2) | F77: أكاديمية | I77: 39 | J77: القرية الاولومبية (1) | M77: أكاديمية
B78: 28 | C78: القرينتا اكاديمي | F78: أكاديمية | I78: 40 | J78: المجد النموذجية (1) | M78: أكاديمية
B79: 29 | C79: المدرسة الاسبانية (1) | F79: أكاديمية | I79: 41 | J79: المملكة (1) | M79: أكاديمية
B80: 30 | C80: شركة براعم المقاولون العرب (1) | F80: أكاديمية | I80: 42 | J80: رجال التعاون | M80: أكاديمية
B81: 31 | C81: عسفان | F81: أكاديمية | I81: 43 | J81: مدرسة نادي الاتحاد -فرع الصحافة (1) | M81: أكاديمية
B82: 32 | C82: اكاديمية التحدي جدة | F82: هواة | I82: 44 | J82: نخبة الحمدانية | M82: أكاديمية
B83: 33 | C83: الدخيل | F83: هواة | I83: 45 | J83: PARIS SAINT GERMAIN ACADEMY SAUDI ARABIA | M83: هواة
B84: 34 | C84: جول اكاديمي | F84: هواة | I84: 46 | J84: اكاديمية بلو باور جدة | M84: هواة
B85: 35 | C85: مدارس الاندلس الاهلية | F85: هواة | I85: 47 | J85: اكاديمية جدة سيتي | M85: هواة
B86: 36 | C86: نسيم الحرازات | F86: هواة | I86: 48 | J86: بي فايف | M86: هواة
I87: 49 | J87: فريق المنارات | M87: هواة

Sheet Sheet1
B2: تحت 14 | C2: مجموعة نجران | D2: 1 | E2: نجران | F2: 5
B3: تحت 5 | C3: مجموعة طبرجل | D3: 1 | E3: طبرجل | F3: 5
B4: تحت 7 | C4: مجموعة طبرجل | D4: 1 | E4: طبرجل | F4: 5
B5: تحت 9 | C5: مجموعة الخرج | D5: 1 | E5: الخرج | F5: 5
B6: تحت 12 | C6: مجموعة طبرجل | D6: 1 | E6: طبرجل | F6: 5
B7: تحت 14 | C7: مجموعة طبرجل | D7: 1 | E7: طبرجل | F7: 5
B8: تحت 7 | C8: مجموعة شرورة | D8: 1 | E8: شرورة | F8: 5
B9: تحت 9 | C9: مجموعة شرورة | D9: 1 | E9: شرورة | F9: 5
B10: تحت 9 | C10: مجموعة الدوادمي | D10: 1 | E10: الدوادمي | F10: 5
B11: تحت 11 | C11: مجموعة القريات | D11: 1 | E11: القريات | F11: 5
B12: تحت 12 | C12: مجموعة القريات | D12: 1 | E12: القريات | F12: 5
B13: تحت 13 | C13: مجموعة القريات | D13: 1 | E13: القريات | F13: 5
... B185: تحت 12 | C185: مجموعة جدة | D185: 1 | E185: جدة | F185: 56

Sheet المدخلات
A1: صفحة المدخلات – بطولات تحت 11 / تحت 12
A3: البند | B3: القيمة | C3: ملاحظة | E3: الفترة | F3: التوقيت | H3: رقم المجموعة | I3: عدد الفرق
A4: وقت بداية اليوم | B4: 0.66666667 | C4: مشترك لكل البطولات | E4: =IF(1<=$B$8,1,"") -> 1 | F4: =IF(1>$B$8,"",MOD(HOUR($B$4+0*$B$7/1440)-1,12)+1&":"&TEXT(MINUTE($B$4+0*$B$7/1440),"00")&"–"&MOD(HOUR($B$4+0*$B$7/1440+$B$5/1440)-1,12)+1&":"&TEXT(MINUTE($B$4+0*$B$7/1440+$B$5/1440),"00")&IF(HOUR($B$4+0*$B$7/1440)<12," ص"," م")) -> 4:00–5:10 م | H4: 1 | I4: 5
A5: مدة المباراة (دقيقة) | B5: 70 | C5: زمن المباراة الفعلي | E5: =IF(2<=$B$8,2,"") -> 2 | F5: =IF(2>$B$8,"",MOD(HOUR($B$4+1*$B$7/1440)-1,12)+1&":"&TEXT(MINUTE($B$4+1*$B$7/1440),"00")&"–"&MOD(HOUR($B$4+1*$B$7/1440+$B$5/1440)-1,12)+1&":"&TEXT(MINUTE($B$4+1*$B$7/1440+$B$5/1440),"00")&IF(HOUR($B$4+1*$B$7/1440)<12," ص"," م")) -> 5:20–6:30 م | H5: 2 | I5: 5
A6: الفاصل/ترتيب الملعب (دقيقة) | B6: 10 | C6: راحة وترتيب الملعب بين المباريات | E6: =IF(3<=$B$8,3,"") -> 3 | F6: =IF(3>$B$8,"",MOD(HOUR($B$4+2*$B$7/1440)-1,12)+1&":"&TEXT(MINUTE($B$4+2*$B$7/1440),"00")&"–"&MOD(HOUR($B$4+2*$B$7/1440+$B$5/1440)-1,12)+1&":"&TEXT(MINUTE($B$4+2*$B$7/1440+$B$5/1440),"00")&IF(HOUR($B$4+2*$B$7/1440)<12," ص"," م")) -> 6:40–7:50 م | H6: 3 | I6: 5
A7: طول الفترة الكاملة (دقيقة) | B7: =B5+B6 -> 80 | C7: محسوبة = مدة + فاصل | E7: =IF(4<=$B$8,4,"") | F7: =IF(4>$B$8,"",MOD(HOUR($B$4+3*$B$7/1440)-1,12)+1&":"&TEXT(MINUTE($B$4+3*$B$7/1440),"00")&"–"&MOD(HOUR($B$4+3*$B$7/1440+$B$5/1440)-1,12)+1&":"&TEXT(MINUTE($B$4+3*$B$7/1440+$B$5/1440),"00")&IF(HOUR($B$4+3*$B$7/1440)<12," ص"," م")) | H7: 4 | I7: 6
A8: أقصى عدد فترات في اليوم | B8: 3 | C8: يحدد عدد الملاعب المطلوبة | H8: 5 | I8: 8
A9: عدد ملاعب 7×7 داخل الملعب القانوني | B9: 2 | C9: يُستخدم لحساب عدد الملاعب القانونية في الملخص | H9: 6 | I9: 8
A10: عدد المباريات المستهدف للفريق | B10: 20 | C10: يُختار عدد الأدوار الأقرب لهذا الهدف (يُسمح بأقل أو بتجاوز بسيط) | H10: 7 | I10: 8
A11: الحد الأدنى لعدد فرق المجموعة | B11: 5 | C11: لا توجد مجموعة أقل من هذا العدد | H11: 8 | I11: 8
A12: أقصى حجم للمجموعة | B12: 22 | C12: لا تزيد المجموعة عن هذا العدد (يحدد عدد المجموعات) | H12: 9 | I12: 8
A13: سقف أيام البطولة | B13: 23 | C13: يشمل أيام الدوري والإقصاء معاً | H13: 10 | I13: 9
A14: أقل عدد مباريات للفريق | B14: 16 | C14: لا تقل مباريات أي فريق عن هذا العدد | H14: 11 | I14: 9
A15: جدول مراحل الإقصاء حسب عدد المجموعات | H15: 12 | I15: 9
A16: من | B16: إلى | C16: نظام الإقصاء | H16: 13 | I16: 9
A17: 1 | B17: 1 | C17: — (دوري فقط، البطل أول المجموعة) | H17: 14 | I17: 10
A18: 2 | B18: 2 | C18: نهائي مباشر | H18: 15 | I18: 10
A19: 3 | B19: 4 | C19: نصف نهائي ثم نهائي | H19: 16 | I19: 10
A20: 5 | B20: 8 | C20: ربع نهائي ثم نصف نهائي ثم نهائي | H20: 17 | I20: 10
H21: 18 | I21: 10
H22: 19 | I22: 10
H23: 20 | I23: 10
H24: 21 | I24: 10
H25: 22 | I25: 11
H26: 23 | I26: 11
H27: 24 | I27: 11
H28: 25 | I28: 11
H29: 26 | I29: 12
H30: 27 | I30: 12
H31: 28 | I31: 12
H32: 29 | I32: 13
... H59: 56 | I59: 56

Sheet الملخص
A1: ملخص بطولات تحت 11 / تحت 12 — الأعداد المطلوبة
A3: عدد الفرق | B3: عدد المجموعات | C3: توزيع الفرق في المجموعات | D3: عدد الأدوار | E3: مباريات كل فريق (مخططة) | F3: نظام الإقصاء | G3: أيام الدوري | H3: أيام الإقصاء | I3: إجمالي الأيام (دوري + إقصاء) | J3: وقت البداية | K3: وقت النهاية | L3: عدد الملاعب (7 ضد 7) | M3: عدد الملاعب القانونية | N3: تحقق: أصغر مجموعة ≥ الحد | O3: تحقق: الأيام ≤ السقف | P3: تحقق: أقل مباريات ≥ الحد | Q3: عدد مباريات البطولة الواحدة | R3: عدد المجموعات بهذا العدد
A4: 5 | B4: {=ROUND(SUMPRODUCT(1/COUNTIF('بيانات الفرق'!$B$3:$B$7,'بيانات الفرق'!$B$3:$B$7)),0)} -> 1 | C4: {=_xlfn.TEXTJOIN(" + ",TRUE,COUNTIF('بيانات الفرق'!$B$3:$B$7,"المجموعة "&_xlfn.SEQUENCE($B4)))} -> 5 | D4: {=_xlfn.LET(_xlpm.c,COUNTIF('بيانات الفرق'!$B$3:$B$7,"المجموعة "&_xlfn.SEQUENCE($B4)),_xlpm.mm,AVERAGEIFS('بيانات الفرق'!$C$3:$C$7,'بيانات الفرق'!$B$3:$B$7,"المجموعة "&_xlfn.SEQUENCE($B4)),_xlfn.TEXTJOIN(" + ",TRUE,_xlpm.mm/(_xlpm.c-1)))} -> 4 | E4: {=_xlfn.LET(_xlpm.c,COUNTIF('بيانات الفرق'!$B$3:$B$7,"المجموعة "&_xlfn.SEQUENCE($B4)),_xlpm.mm,AVERAGEIFS('بيانات الفرق'!$C$3:$C$7,'بيانات الفرق'!$B$3:$B$7,"المجموعة "&_xlfn.SEQUENCE($B4)),_xlfn.TEXTJOIN(" + ",TRUE,_xlpm.mm))} -> 16 | F4: =IF($B4>MAX(المدخلات!$B$17:$B$20),"—",LOOKUP($B4,المدخلات!$A$17:$A$20,المدخلات!$C$17:$C$20)) -> — (دوري فقط، البطل أول المجموعة) | G4: =_xlfn.MAXIFS('5 فرق'!$A$4:$A$1999,'5 فرق'!$D$4:$D$1999,"* ضد *",'5 فرق'!$D$4:$D$1999,"<>*فائز*",'5 فرق'!$D$4:$D$1999,"<>*أول المجموعة*",'5 فرق'!$D$4:$D$1999,"<>*أفضل ثانٍ*") -> 20 | H4: =$I4-$G4 -> 0 | I4: =_xlfn.MAXIFS('5 فرق'!$A$4:$A$1999,'5 فرق'!$D$4:$D$1999,"* ضد *") -> 20 | J4: =MOD(HOUR(المدخلات!$B$4)-1,12)+1&":"&TEXT(MINUTE(المدخلات!$B$4),"00")&IF(HOUR(المدخلات!$B$4)<12," ص"," م") -> 4:00 م | K4: {=_xlfn.LET(_xlpm.p,SUMPRODUCT(MAX((COUNTIF('5 فرق'!$B$4:$B$1999,المدخلات!$F$4:$F$7)>0)*(المدخلات!$F$4:$F$7<>"")*ROW(المدخلات!$F$4:$F$7)))-3,_xlpm.t,INDEX(المدخلات!$F$4:$F$7,_xlpm.p),TRIM(MID(_xlpm.t,FIND("–",_xlpm.t)+1,20)))} -> 7:50 م | L4: =_xlfn.MAXIFS('5 فرق'!$C$4:$C$1999,'5 فرق'!$D$4:$D$1999,"* ضد *") -> 1 | M4: =ROUNDUP($L4/المدخلات!$B$9,0) -> 1 | N4: {=IF(MIN(COUNTIF('بيانات الفرق'!$B$3:$B$7,"المجموعة "&_xlfn.SEQUENCE($B4)))>=المدخلات!$B$11,"✔ "&MIN(COUNTIF('بيانات الفرق'!$B$3:$B$7,"المجموعة "&_xlfn.SEQUENCE($B4))),"✘ "&MIN(COUNTIF('بيانات الفرق'!$B$3:$B$7,"المجموعة "&_xlfn.SEQUENCE($B4))))} -> ✔ 5 | O4: =IF($I4<=المدخلات!$B$13,"✔ "&$I4," ⚠ "&$I4&" يوماً — تجاوز السقف ("&المدخلات!$B$13&") لضمان "&المدخلات!$B$14&" مباراة") -> ✔ 20 | P4: {=_xlfn.LET(_xlpm.c,COUNTIF('بيانات الفرق'!$B$3:$B$7,"المجموعة "&_xlfn.SEQUENCE($B4)),_xlpm.mm,AVERAGEIFS('بيانات الفرق'!$C$3:$C$7,'بيانات الفرق'!$B$3:$B$7,"المجموعة "&_xlfn.SEQUENCE($B4)),IF(MIN(_xlpm.mm)>=المدخلات!$B$14,"✔ "&MIN(_xlpm.mm)," ✘ "&MIN(_xlpm.mm)&" / "&المدخلات!$B$14))} -> ✔ 16 | Q4: =COUNTIF('5 فرق'!$D$4:$D$1999,"* ضد *") -> 40 | R4: =COUNTIF(المدخلات!$I$4:$I$200,$A4) -> 3
A5: 6 | B5: {=ROUND(SUMPRODUCT(1/COUNTIF('بيانات الفرق'!$G$3:$G$8,'بيانات الفرق'!$G$3:$G$8)),0)} -> 1 | C5: {=_xlfn.TEXTJOIN(" + ",TRUE,COUNTIF('بيانات الفرق'!$G$3:$G$8,"المجموعة "&_xlfn.SEQUENCE($B5)))} -> 6 | D5: {=_xlfn.LET(_xlpm.c,COUNTIF('بيانات الفرق'!$G$3:$G$8,"المجموعة "&_xlfn.SEQUENCE($B5)),_xlpm.mm,AVERAGEIFS('بيانات الفرق'!$H$3:$H$8,'بيانات الفرق'!$G$3:$G$8,"المجموعة "&_xlfn.SEQUENCE($B5)),_xlfn.TEXTJOIN(" + ",TRUE,_xlpm.mm/(_xlpm.c-1)))} -> 4 | E5: {=_xlfn.LET(_xlpm.c,COUNTIF('بيانات الفرق'!$G$3:$G$8,"المجموعة "&_xlfn.SEQUENCE($B5)),_xlpm.mm,AVERAGEIFS('بيانات الفرق'!$H$3:$H$8,'بيانات الفرق'!$G$3:$G$8,"المجموعة "&_xlfn.SEQUENCE($B5)),_xlfn.TEXTJOIN(" + ",TRUE,_xlpm.mm))} -> 20 | F5: =IF($B5>MAX(المدخلات!$B$17:$B$20),"—",LOOKUP($B5,المدخلات!$A$17:$A$20,المدخلات!$C$17:$C$20)) -> — (دوري فقط، البطل أول المجموعة) | G5: =_xlfn.MAXIFS('6 فرق'!$A$4:$A$1999,'6 فرق'!$D$4:$D$1999,"* ضد *",'6 فرق'!$D$4:$D$1999,"<>*فائز*",'6 فرق'!$D$4:$D$1999,"<>*أول المجموعة*",'6 فرق'!$D$4:$D$1999,"<>*أفضل ثانٍ*") -> 20 | H5: =$I5-$G5 -> 0 | I5: =_xlfn.MAXIFS('6 فرق'!$A$4:$A$1999,'6 فرق'!$D$4:$D$1999,"* ضد *") -> 20 | J5: =MOD(HOUR(المدخلات!$B$4)-1,12)+1&":"&TEXT(MINUTE(المدخلات!$B$4),"00")&IF(HOUR(المدخلات!$B$4)<12," ص"," م") -> 4:00 م | K5: {=_xlfn.LET(_xlpm.p,SUMPRODUCT(MAX((COUNTIF('6 فرق'!$B$4:$B$1999,المدخلات!$F$4:$F$7)>0)*(المدخلات!$F$4:$F$7<>"")*ROW(المدخلات!$F$4:$F$7)))-3,_xlpm.t,INDEX(المدخلات!$F$4:$F$7,_xlpm.p),TRIM(MID(_xlpm.t,FIND("–",_xlpm.t)+1,20)))} -> 7:50 م | L5: =_xlfn.MAXIFS('6 فرق'!$C$4:$C$1999,'6 فرق'!$D$4:$D$1999,"* ضد *") -> 1 | M5: =ROUNDUP($L5/المدخلات!$B$9,0) -> 1 | N5: {=IF(MIN(COUNTIF('بيانات الفرق'!$G$3:$G$8,"المجموعة "&_xlfn.SEQUENCE($B5)))>=المدخلات!$B$11,"✔ "&MIN(COUNTIF('بيانات الفرق'!$G$3:$G$8,"المجموعة "&_xlfn.SEQUENCE($B5))),"✘ "&MIN(COUNTIF('بيانات الفرق'!$G$3:$G$8,"المجموعة "&_xlfn.SEQUENCE($B5))))} -> ✔ 6 | O5: =IF($I5<=المدخلات!$B$13,"✔ "&$I5," ⚠ "&$I5&" يوماً — تجاوز السقف ("&المدخلات!$B$13&") لضمان "&المدخلات!$B$14&" مباراة") -> ✔ 20 | P5: {=_xlfn.LET(_xlpm.c,COUNTIF('بيانات الفرق'!$G$3:$G$8,"المجموعة "&_xlfn.SEQUENCE($B5)),_xlpm.mm,AVERAGEIFS('بيانات الفرق'!$H$3:$H$8,'بيانات الفرق'!$G$3:$G$8,"المجموعة "&_xlfn.SEQUENCE($B5)),IF(MIN(_xlpm.mm)>=المدخلات!$B$14,"✔ "&MIN(_xlpm.mm)," ✘ "&MIN(_xlpm.mm)&" / "&المدخلات!$B$14))} -> ✔ 20 | Q5: =COUNTIF('6 فرق'!$D$4:$D$1999,"* ضد *") -> 60 | R5: =COUNTIF(المدخلات!$I$4:$I$200,$A5) -> 1
A6: 8 | B6: {=ROUND(SUMPRODUCT(1/COUNTIF('بيانات الفرق'!$L$3:$L$10,'بيانات الفرق'!$L$3:$L$10)),0)} -> 1 | C6: {=_xlfn.TEXTJOIN(" + ",TRUE,COUNTIF('بيانات الفرق'!$L$3:$L$10,"المجموعة "&_xlfn.SEQUENCE($B6)))} -> 8 | D6: {=_xlfn.LET(_xlpm.c,COUNTIF('بيانات الفرق'!$L$3:$L$10,"المجموعة "&_xlfn.SEQUENCE($B6)),_xlpm.mm,AVERAGEIFS('بيانات الفرق'!$M$3:$M$10,'بيانات الفرق'!$L$3:$L$10,"المجموعة "&_xlfn.SEQUENCE($B6)),_xlfn.TEXTJOIN(" + ",TRUE,_xlpm.mm/(_xlpm.c-1)))} -> 3 | E6: {=_xlfn.LET(_xlpm.c,COUNTIF('بيانات الفرق'!$L$3:$L$10,"المجموعة "&_xlfn.SEQUENCE($B6)),_xlpm.mm,AVERAGEIFS('بيانات الفرق'!$M$3:$M$10,'بيانات الفرق'!$L$3:$L$10,"المجموعة "&_xlfn.SEQUENCE($B6)),_xlfn.TEXTJOIN(" + ",TRUE,_xlpm.mm))} -> 21 | F6: =IF($B6>MAX(المدخلات!$B$17:$B$20),"—",LOOKUP($B6,المدخلات!$A$17:$A$20,المدخلات!$C$17:$C$20)) -> — (دوري فقط، البطل أول المجموعة) | G6: =_xlfn.MAXIFS('8 فرق'!$A$4:$A$1999,'8 فرق'!$D$4:$D$1999,"* ضد *",'8 فرق'!$D$4:$D$1999,"<>*فائز*",'8 فرق'!$D$4:$D$1999,"<>*أول المجموعة*",'8 فرق'!$D$4:$D$1999,"<>*أفضل ثانٍ*") -> 21 | H6: =$I6-$G6 -> 0 | I6: =_xlfn.MAXIFS('8 فرق'!$A$4:$A$1999,'8 فرق'!$D$4:$D$1999,"* ضد *") -> 21 | J6: =MOD(HOUR(المدخلات!$B$4)-1,12)+1&":"&TEXT(MINUTE(المدخلات!$B$4),"00")&IF(HOUR(المدخلات!$B$4)<12," ص"," م") -> 4:00 م | K6: {=_xlfn.LET(_xlpm.p,SUMPRODUCT(MAX((COUNTIF('8 فرق'!$B$4:$B$1999,المدخلات!$F$4:$F$7)>0)*(المدخلات!$F$4:$F$7<>"")*ROW(المدخلات!$F$4:$F$7)))-3,_xlpm.t,INDEX(المدخلات!$F$4:$F$7,_xlpm.p),TRIM(MID(_xlpm.t,FIND("–",_xlpm.t)+1,20)))} -> 7:50 م | L6: =_xlfn.MAXIFS('8 فرق'!$C$4:$C$1999,'8 فرق'!$D$4:$D$1999,"* ضد *") -> 2 | M6: =ROUNDUP($L6/المدخلات!$B$9,0) -> 1 | N6: {=IF(MIN(COUNTIF('بيانات الفرق'!$L$3:$L$10,"المجموعة "&_xlfn.SEQUENCE($B6)))>=المدخلات!$B$11,"✔ "&MIN(COUNTIF('بيانات الفرق'!$L$3:$L$10,"المجموعة "&_xlfn.SEQUENCE($B6))),"✘ "&MIN(COUNTIF('بيانات الفرق'!$L$3:$L$10,"المجموعة "&_xlfn.SEQUENCE($B6))))} -> ✔ 8 | O6: =IF($I6<=المدخلات!$B$13,"✔ "&$I6," ⚠ "&$I6&" يوماً — تجاوز السقف ("&المدخلات!$B$13&") لضمان "&المدخلات!$B$14&" مباراة") -> ✔ 21 | P6: {=_xlfn.LET(_xlpm.c,COUNTIF('بيانات الفرق'!$L$3:$L$10,"المجموعة "&_xlfn.SEQUENCE($B6)),_xlpm.mm,AVERAGEIFS('بيانات الفرق'!$M$3:$M$10,'بيانات الفرق'!$L$3:$L$10,"المجموعة "&_xlfn.SEQUENCE($B6)),IF(MIN(_xlpm.mm)>=المدخلات!$B$14,"✔ "&MIN(_xlpm.mm)," ✘ "&MIN(_xlpm.mm)&" / "&المدخلات!$B$14))} -> ✔ 21 | Q6: =COUNTIF('8 فرق'!$D$4:$D$1999,"* ضد *") -> 84 | R6: =COUNTIF(المدخلات!$I$4:$I$200,$A6) -> 5
A7: 9 | B7: {=ROUND(SUMPRODUCT(1/COUNTIF('بيانات الفرق'!$Q$3:$Q$11,'بيانات الفرق'!$Q$3:$Q$11)),0)} -> 1 | C7: {=_xlfn.TEXTJOIN(" + ",TRUE,COUNTIF('بيانات الفرق'!$Q$3:$Q$11,"المجموعة "&_xlfn.SEQUENCE($B7)))} -> 9 | D7: {=_xlfn.LET(_xlpm.c,COUNTIF('بيانات الفرق'!$Q$3:$Q$11,"المجموعة "&_xlfn.SEQUENCE($B7)),_xlpm.mm,AVERAGEIFS('بيانات الفرق'!$R$3:$R$11,'بيانات الفرق'!$Q$3:$Q$11,"المجموعة "&_xlfn.SEQUENCE($B7)),_xlfn.TEXTJOIN(" + ",TRUE,_xlpm.mm/(_xlpm.c-1)))} -> 2 | E7: {=_xlfn.LET(_xlpm.c,COUNTIF('بيانات الفرق'!$Q$3:$Q$11,"المجموعة "&_xlfn.SEQUENCE($B7)),_xlpm.mm,AVERAGEIFS('بيانات الفرق'!$R$3:$R$11,'بيانات الفرق'!$Q$3:$Q$11,"المجموعة "&_xlfn.SEQUENCE($B7)),_xlfn.TEXTJOIN(" + ",TRUE,_xlpm.mm))} -> 16 | F7: =IF($B7>MAX(المدخلات!$B$17:$B$20),"—",LOOKUP($B7,المدخلات!$A$17:$A$20,المدخلات!$C$17:$C$20)) -> — (دوري فقط، البطل أول المجموعة) | G7: =_xlfn.MAXIFS('9 فرق'!$A$4:$A$1999,'9 فرق'!$D$4:$D$1999,"* ضد *",'9 فرق'!$D$4:$D$1999,"<>*فائز*",'9 فرق'!$D$4:$D$1999,"<>*أول المجموعة*",'9 فرق'!$D$4:$D$1999,"<>*أفضل ثانٍ*") -> 18 | H7: =$I7-$G7 -> 0 | I7: =_xlfn.MAXIFS('9 فرق'!$A$4:$A$1999,'9 فرق'!$D$4:$D$1999,"* ضد *") -> 18 | J7: =MOD(HOUR(المدخلات!$B$4)-1,12)+1&":"&TEXT(MINUTE(المدخلات!$B$4),"00")&IF(HOUR(المدخلات!$B$4)<12," ص"," م") -> 4:00 م | K7: {=_xlfn.LET(_xlpm.p,SUMPRODUCT(MAX((COUNTIF('9 فرق'!$B$4:$B$1999,المدخلات!$F$4:$F$7)>0)*(المدخلات!$F$4:$F$7<>"")*ROW(المدخلات!$F$4:$F$7)))-3,_xlpm.t,INDEX(المدخلات!$F$4:$F$7,_xlpm.p),TRIM(MID(_xlpm.t,FIND("–",_xlpm.t)+1,20)))} -> 7:50 م | L7: =_xlfn.MAXIFS('9 فرق'!$C$4:$C$1999,'9 فرق'!$D$4:$D$1999,"* ضد *") -> 2 | M7: =ROUNDUP($L7/المدخلات!$B$9,0) -> 1 | N7: {=IF(MIN(COUNTIF('بيانات الفرق'!$Q$3:$Q$11,"المجموعة "&_xlfn.SEQUENCE($B7)))>=المدخلات!$B$11,"✔ "&MIN(COUNTIF('بيانات الفرق'!$Q$3:$Q$11,"المجموعة "&_xlfn.SEQUENCE($B7))),"✘ "&MIN(COUNTIF('بيانات الفرق'!$Q$3:$Q$11,"المجموعة "&_xlfn.SEQUENCE($B7))))} -> ✔ 9 | O7: =IF($I7<=المدخلات!$B$13,"✔ "&$I7," ⚠ "&$I7&" يوماً — تجاوز السقف ("&المدخلات!$B$13&") لضمان "&المدخلات!$B$14&" مباراة") -> ✔ 18 | P7: {=_xlfn.LET(_xlpm.c,COUNTIF('بيانات الفرق'!$Q$3:$Q$11,"المجموعة "&_xlfn.SEQUENCE($B7)),_xlpm.mm,AVERAGEIFS('بيانات الفرق'!$R$3:$R$11,'بيانات الفرق'!$Q$3:$Q$11,"المجموعة "&_xlfn.SEQUENCE($B7)),IF(MIN(_xlpm.mm)>=المدخلات!$B$14,"✔ "&MIN(_xlpm.mm)," ✘ "&MIN(_xlpm.mm)&" / "&المدخلات!$B$14))} -> ✔ 16 | Q7: =COUNTIF('9 فرق'!$D$4:$D$1999,"* ضد *") -> 72 | R7: =COUNTIF(المدخلات!$I$4:$I$200,$A7) -> 4
A8: 10 | B8: {=ROUND(SUMPRODUCT(1/COUNTIF('بيانات الفرق'!$V$3:$V$12,'بيانات الفرق'!$V$3:$V$12)),0)} -> 1 | C8: {=_xlfn.TEXTJOIN(" + ",TRUE,COUNTIF('بيانات الفرق'!$V$3:$V$12,"المجموعة "&_xlfn.SEQUENCE($B8)))} -> 10 | D8: {=_xlfn.LET(_xlpm.c,COUNTIF('بيانات الفرق'!$V$3:$V$12,"المجموعة "&_xlfn.SEQUENCE($B8)),_xlpm.mm,AVERAGEIFS('بيانات الفرق'!$W$3:$W$12,'بيانات الفرق'!$V$3:$V$12,"المجموعة "&_xlfn.SEQUENCE($B8)),_xlfn.TEXTJOIN(" + ",TRUE,_xlpm.mm/(_xlpm.c-1)))} -> 2 | E8: {=_xlfn.LET(_xlpm.c,COUNTIF('بيانات الفرق'!$V$3:$V$12,"المجموعة "&_xlfn.SEQUENCE($B8)),_xlpm.mm,AVERAGEIFS('بيانات الفرق'!$W$3:$W$12,'بيانات الفرق'!$V$3:$V$12,"المجموعة "&_xlfn.SEQUENCE($B8)),_xlfn.TEXTJOIN(" + ",TRUE,_xlpm.mm))} -> 18 | F8: =IF($B8>MAX(المدخلات!$B$17:$B$20),"—",LOOKUP($B8,المدخلات!$A$17:$A$20,المدخلات!$C$17:$C$20)) -> — (دوري فقط، البطل أول المجموعة) | G8: =_xlfn.MAXIFS('10 فرق'!$A$4:$A$1999,'10 فرق'!$D$4:$D$1999,"* ضد *",'10 فرق'!$D$4:$D$1999,"<>*فائز*",'10 فرق'!$D$4:$D$1999,"<>*أول المجموعة*",'10 فرق'!$D$4:$D$1999,"<>*أفضل ثانٍ*") -> 18 | H8: =$I8-$G8 -> 0 | I8: =_xlfn.MAXIFS('10 فرق'!$A$4:$A$1999,'10 فرق'!$D$4:$D$1999,"* ضد *") -> 18 | J8: =MOD(HOUR(المدخلات!$B$4)-1,12)+1&":"&TEXT(MINUTE(المدخلات!$B$4),"00")&IF(HOUR(المدخلات!$B$4)<12," ص"," م") -> 4:00 م | K8: {=_xlfn.LET(_xlpm.p,SUMPRODUCT(MAX((COUNTIF('10 فرق'!$B$4:$B$1999,المدخلات!$F$4:$F$7)>0)*(المدخلات!$F$4:$F$7<>"")*ROW(المدخلات!$F$4:$F$7)))-3,_xlpm.t,INDEX(المدخلات!$F$4:$F$7,_xlpm.p),TRIM(MID(_xlpm.t,FIND("–",_xlpm.t)+1,20)))} -> 7:50 م | L8: =_xlfn.MAXIFS('10 فرق'!$C$4:$C$1999,'10 فرق'!$D$4:$D$1999,"* ضد *") -> 2 | M8: =ROUNDUP($L8/المدخلات!$B$9,0) -> 1 | N8: {=IF(MIN(COUNTIF('بيانات الفرق'!$V$3:$V$12,"المجموعة "&_xlfn.SEQUENCE($B8)))>=المدخلات!$B$11,"✔ "&MIN(COUNTIF('بيانات الفرق'!$V$3:$V$12,"المجموعة "&_xlfn.SEQUENCE($B8))),"✘ "&MIN(COUNTIF('بيانات الفرق'!$V$3:$V$12,"المجموعة "&_xlfn.SEQUENCE($B8))))} -> ✔ 10 | O8: =IF($I8<=المدخلات!$B$13,"✔ "&$I8," ⚠ "&$I8&" يوماً — تجاوز السقف ("&المدخلات!$B$13&") لضمان "&المدخلات!$B$14&" مباراة") -> ✔ 18 | P8: {=_xlfn.LET(_xlpm.c,COUNTIF('بيانات الفرق'!$V$3:$V$12,"المجموعة "&_xlfn.SEQUENCE($B8)),_xlpm.mm,AVERAGEIFS('بيانات الفرق'!$W$3:$W$12,'بيانات الفرق'!$V$3:$V$12,"المجموعة "&_xlfn.SEQUENCE($B8)),IF(MIN(_xlpm.mm)>=المدخلات!$B$14,"✔ "&MIN(_xlpm.mm)," ✘ "&MIN(_xlpm.mm)&" / "&المدخلات!$B$14))} -> ✔ 18 | Q8: =COUNTIF('10 فرق'!$D$4:$D$1999,"* ضد *") -> 90 | R8: =COUNTIF(المدخلات!$I$4:$I$200,$A8) -> 8
A9: 11 | B9: {=ROUND(SUMPRODUCT(1/COUNTIF('بيانات الفرق'!$AA$3:$AA$13,'بيانات الفرق'!$AA$3:$AA$13)),0)} -> 1 | C9: {=_xlfn.TEXTJOIN(" + ",TRUE,COUNTIF('بيانات الفرق'!$AA$3:$AA$13,"المجموعة "&_xlfn.SEQUENCE($B9)))} -> 11 | D9: {=_xlfn.LET(_xlpm.c,COUNTIF('بيانات الفرق'!$AA$3:$AA$13,"المجموعة "&_xlfn.SEQUENCE($B9)),_xlpm.mm,AVERAGEIFS('بيانات الفرق'!$AB$3:$AB$13,'بيانات الفرق'!$AA$3:$AA$13,"المجموعة "&_xlfn.SEQUENCE($B9)),_xlfn.TEXTJOIN(" + ",TRUE,_xlpm.mm/(_xlpm.c-1)))} -> 2 | E9: {=_xlfn.LET(_xlpm.c,COUNTIF('بيانات الفرق'!$AA$3:$AA$13,"المجموعة "&_xlfn.SEQUENCE($B9)),_xlpm.mm,AVERAGEIFS('بيانات الفرق'!$AB$3:$AB$13,'بيانات الفرق'!$AA$3:$AA$13,"المجموعة "&_xlfn.SEQUENCE($B9)),_xlfn.TEXTJOIN(" + ",TRUE,_xlpm.mm))} -> 20 | F9: =IF($B9>MAX(المدخلات!$B$17:$B$20),"—",LOOKUP($B9,المدخلات!$A$17:$A$20,المدخلات!$C$17:$C$20)) -> — (دوري فقط، البطل أول المجموعة) | G9: =_xlfn.MAXIFS('11 فريقًا'!$A$4:$A$1999,'11 فريقًا'!$D$4:$D$1999,"* ضد *",'11 فريقًا'!$D$4:$D$1999,"<>*فائز*",'11 فريقًا'!$D$4:$D$1999,"<>*أول المجموعة*",'11 فريقًا'!$D$4:$D$1999,"<>*أفضل ثانٍ*") -> 22 | H9: =$I9-$G9 -> 0 | I9: =_xlfn.MAXIFS('11 فريقًا'!$A$4:$A$1999,'11 فريقًا'!$D$4:$D$1999,"* ضد *") -> 22 | J9: =MOD(HOUR(المدخلات!$B$4)-1,12)+1&":"&TEXT(MINUTE(المدخلات!$B$4),"00")&IF(HOUR(المدخلات!$B$4)<12," ص"," م") -> 4:00 م | K9: {=_xlfn.LET(_xlpm.p,SUMPRODUCT(MAX((COUNTIF('11 فريقًا'!$B$4:$B$1999,المدخلات!$F$4:$F$7)>0)*(المدخلات!$F$4:$F$7<>"")*ROW(المدخلات!$F$4:$F$7)))-3,_xlpm.t,INDEX(المدخلات!$F$4:$F$7,_xlpm.p),TRIM(MID(_xlpm.t,FIND("–",_xlpm.t)+1,20)))} -> 7:50 م | L9: =_xlfn.MAXIFS('11 فريقًا'!$C$4:$C$1999,'11 فريقًا'!$D$4:$D$1999,"* ضد *") -> 2 | M9: =ROUNDUP($L9/المدخلات!$B$9,0) -> 1 | N9: {=IF(MIN(COUNTIF('بيانات الفرق'!$AA$3:$AA$13,"المجموعة "&_xlfn.SEQUENCE($B9)))>=المدخلات!$B$11,"✔ "&MIN(COUNTIF('بيانات الفرق'!$AA$3:$AA$13,"المجموعة "&_xlfn.SEQUENCE($B9))),"✘ "&MIN(COUNTIF('بيانات الفرق'!$AA$3:$AA$13,"المجموعة "&_xlfn.SEQUENCE($B9))))} -> ✔ 11 | O9: =IF($I9<=المدخلات!$B$13,"✔ "&$I9," ⚠ "&$I9&" يوماً — تجاوز السقف ("&المدخلات!$B$13&") لضمان "&المدخلات!$B$14&" مباراة") -> ✔ 22 | P9: {=_xlfn.LET(_xlpm.c,COUNTIF('بيانات الفرق'!$AA$3:$AA$13,"المجموعة "&_xlfn.SEQUENCE($B9)),_xlpm.mm,AVERAGEIFS('بيانات الفرق'!$AB$3:$AB$13,'بيانات الفرق'!$AA$3:$AA$13,"المجموعة "&_xlfn.SEQUENCE($B9)),IF(MIN(_xlpm.mm)>=المدخلات!$B$14,"✔ "&MIN(_xlpm.mm)," ✘ "&MIN(_xlpm.mm)&" / "&المدخلات!$B$14))} -> ✔ 20 | Q9: =COUNTIF('11 فريقًا'!$D$4:$D$1999,"* ضد *") -> 110 | R9: =COUNTIF(المدخلات!$I$4:$I$200,$A9) -> 4
A10: 12 | B10: {=ROUND(SUMPRODUCT(1/COUNTIF('بيانات الفرق'!$AF$3:$AF$14,'بيانات الفرق'!$AF$3:$AF$14)),0)} -> 1 | C10: {=_xlfn.TEXTJOIN(" + ",TRUE,COUNTIF('بيانات الفرق'!$AF$3:$AF$14,"المجموعة "&_xlfn.SEQUENCE($B10)))} -> 12 | D10: {=_xlfn.LET(_xlpm.c,COUNTIF('بيانات الفرق'!$AF$3:$AF$14,"المجموعة "&_xlfn.SEQUENCE($B10)),_xlpm.mm,AVERAGEIFS('بيانات الفرق'!$AG$3:$AG$14,'بيانات الفرق'!$AF$3:$AF$14,"المجموعة "&_xlfn.SEQUENCE($B10)),_xlfn.TEXTJOIN(" + ",TRUE,_xlpm.mm/(_xlpm.c-1)))} -> 2 | E10: {=_xlfn.LET(_xlpm.c,COUNTIF('بيانات الفرق'!$AF$3:$AF$14,"المجموعة "&_xlfn.SEQUENCE($B10)),_xlpm.mm,AVERAGEIFS('بيانات الفرق'!$AG$3:$AG$14,'بيانات الفرق'!$AF$3:$AF$14,"المجموعة "&_xlfn.SEQUENCE($B10)),_xlfn.TEXTJOIN(" + ",TRUE,_xlpm.mm))} -> 22 | F10: =IF($B10>MAX(المدخلات!$B$17:$B$20),"—",LOOKUP($B10,المدخلات!$A$17:$A$20,المدخلات!$C$17:$C$20)) -> — (دوري فقط، البطل أول المجموعة) | G10: =_xlfn.MAXIFS('12 فريقًا'!$A$4:$A$1999,'12 فريقًا'!$D$4:$D$1999,"* ضد *",'12 فريقًا'!$D$4:$D$1999,"<>*فائز*",'12 فريقًا'!$D$4:$D$1999,"<>*أول المجموعة*",'12 فريقًا'!$D$4:$D$1999,"<>*أفضل ثانٍ*") -> 22 | H10: =$I10-$G10 -> 0 | I10: =_xlfn.MAXIFS('12 فريقًا'!$A$4:$A$1999,'12 فريقًا'!$D$4:$D$1999,"* ضد *") -> 22 | J10: =MOD(HOUR(المدخلات!$B$4)-1,12)+1&":"&TEXT(MINUTE(المدخلات!$B$4),"00")&IF(HOUR(المدخلات!$B$4)<12," ص"," م") -> 4:00 م | K10: {=_xlfn.LET(_xlpm.p,SUMPRODUCT(MAX((COUNTIF('12 فريقًا'!$B$4:$B$1999,المدخلات!$F$4:$F$7)>0)*(المدخلات!$F$4:$F$7<>"")*ROW(المدخلات!$F$4:$F$7)))-3,_xlpm.t,INDEX(المدخلات!$F$4:$F$7,_xlpm.p),TRIM(MID(_xlpm.t,FIND("–",_xlpm.t)+1,20)))} -> 7:50 م | L10: =_xlfn.MAXIFS('12 فريقًا'!$C$4:$C$1999,'12 فريقًا'!$D$4:$D$1999,"* ضد *") -> 2 | M10: =ROUNDUP($L10/المدخلات!$B$9,0) -> 1 | N10: {=IF(MIN(COUNTIF('بيانات الفرق'!$AF$3:$AF$14,"المجموعة "&_xlfn.SEQUENCE($B10)))>=المدخلات!$B$11,"✔ "&MIN(COUNTIF('بيانات الفرق'!$AF$3:$AF$14,"المجموعة "&_xlfn.SEQUENCE($B10))),"✘ "&MIN(COUNTIF('بيانات الفرق'!$AF$3:$AF$14,"المجموعة "&_xlfn.SEQUENCE($B10))))} -> ✔ 12 | O10: =IF($I10<=المدخلات!$B$13,"✔ "&$I10," ⚠ "&$I10&" يوماً — تجاوز السقف ("&المدخلات!$B$13&") لضمان "&المدخلات!$B$14&" مباراة") -> ✔ 22 | P10: {=_xlfn.LET(_xlpm.c,COUNTIF('بيانات الفرق'!$AF$3:$AF$14,"المجموعة "&_xlfn.SEQUENCE($B10)),_xlpm.mm,AVERAGEIFS('بيانات الفرق'!$AG$3:$AG$14,'بيانات الفرق'!$AF$3:$AF$14,"المجموعة "&_xlfn.SEQUENCE($B10)),IF(MIN(_xlpm.mm)>=المدخلات!$B$14,"✔ "&MIN(_xlpm.mm)," ✘ "&MIN(_xlpm.mm)&" / "&المدخلات!$B$14))} -> ✔ 22 | Q10: =COUNTIF('12 فريقًا'!$D$4:$D$1999,"* ضد *") -> 132 | R10: =COUNTIF(المدخلات!$I$4:$I$200,$A10) -> 3
A11: 13 | B11: {=ROUND(SUMPRODUCT(1/COUNTIF('بيانات الفرق'!$AK$3:$AK$15,'بيانات الفرق'!$AK$3:$AK$15)),0)} -> 2 | C11: {=_xlfn.TEXTJOIN(" + ",TRUE,COUNTIF('بيانات الفرق'!$AK$3:$AK$15,"المجموعة "&_xlfn.SEQUENCE($B11)))} -> 6 + 7 | D11: {=_xlfn.LET(_xlpm.c,COUNTIF('بيانات الفرق'!$AK$3:$AK$15,"المجموعة "&_xlfn.SEQUENCE($B11)),_xlpm.mm,AVERAGEIFS('بيانات الفرق'!$AL$3:$AL$15,'بيانات الفرق'!$AK$3:$AK$15,"المجموعة "&_xlfn.SEQUENCE($B11)),_xlfn.TEXTJOIN(" + ",TRUE,_xlpm.mm/(_xlpm.c-1)))} -> 4 + 3 | E11: {=_xlfn.LET(_xlpm.c,COUNTIF('بيانات الفرق'!$AK$3:$AK$15,"المجموعة "&_xlfn.SEQUENCE($B11)),_xlpm.mm,AVERAGEIFS('بيانات الفرق'!$AL$3:$AL$15,'بيانات الفرق'!$AK$3:$AK$15,"المجموعة "&_xlfn.SEQUENCE($B11)),_xlfn.TEXTJOIN(" + ",TRUE,_xlpm.mm))} -> 20 + 18 | F11: =IF($B11>MAX(المدخلات!$B$17:$B$20),"—",LOOKUP($B11,المدخلات!$A$17:$A$20,المدخلات!$C$17:$C$20)) -> نهائي مباشر | G11: =_xlfn.MAXIFS('13 فريقًا'!$A$4:$A$1999,'13 فريقًا'!$E$4:$E$1999,"* ضد *",'13 فريقًا'!$E$4:$E$1999,"<>*فائز*",'13 فريقًا'!$E$4:$E$1999,"<>*أول المجموعة*",'13 فريقًا'!$E$4:$E$1999,"<>*أفضل ثانٍ*") -> 21 | H11: =$I11-$G11 -> 1 | I11: =_xlfn.MAXIFS('13 فريقًا'!$A$4:$A$1999,'13 فريقًا'!$E$4:$E$1999,"* ضد *") -> 22 | J11: =MOD(HOUR(المدخلات!$B$4)-1,12)+1&":"&TEXT(MINUTE(المدخلات!$B$4),"00")&IF(HOUR(المدخلات!$B$4)<12," ص"," م") -> 4:00 م | K11: {=_xlfn.LET(_xlpm.p,SUMPRODUCT(MAX((COUNTIF('13 فريقًا'!$B$4:$B$1999,المدخلات!$F$4:$F$7)>0)*(المدخلات!$F$4:$F$7<>"")*ROW(المدخلات!$F$4:$F$7)))-3,_xlpm.t,INDEX(المدخلات!$F$4:$F$7,_xlpm.p),TRIM(MID(_xlpm.t,FIND("–",_xlpm.t)+1,20)))} -> 7:50 م | L11: =_xlfn.MAXIFS('13 فريقًا'!$C$4:$C$1999,'13 فريقًا'!$E$4:$E$1999,"* ضد *") -> 2 | M11: =ROUNDUP($L11/المدخلات!$B$9,0) -> 1 | N11: {=IF(MIN(COUNTIF('بيانات الفرق'!$AK$3:$AK$15,"المجموعة "&_xlfn.SEQUENCE($B11)))>=المدخلات!$B$11,"✔ "&MIN(COUNTIF('بيانات الفرق'!$AK$3:$AK$15,"المجموعة "&_xlfn.SEQUENCE($B11))),"✘ "&MIN(COUNTIF('بيانات الفرق'!$AK$3:$AK$15,"المجموعة "&_xlfn.SEQUENCE($B11))))} -> ✔ 6 | O11: =IF($I11<=المدخلات!$B$13,"✔ "&$I11," ⚠ "&$I11&" يوماً — تجاوز السقف ("&المدخلات!$B$13&") لضمان "&المدخلات!$B$14&" مباراة") -> ✔ 22 | P11: {=_xlfn.LET(_xlpm.c,COUNTIF('بيانات الفرق'!$AK$3:$AK$15,"المجموعة "&_xlfn.SEQUENCE($B11)),_xlpm.mm,AVERAGEIFS('بيانات الفرق'!$AL$3:$AL$15,'بيانات الفرق'!$AK$3:$AK$15,"المجموعة "&_xlfn.SEQUENCE($B11)),IF(MIN(_xlpm.mm)>=المدخلات!$B$14,"✔ "&MIN(_xlpm.mm)," ✘ "&MIN(_xlpm.mm)&" / "&المدخلات!$B$14))} -> ✔ 18 | Q11: =COUNTIF('13 فريقًا'!$E$4:$E$1999,"* ضد *") -> 124 | R11: =COUNTIF(المدخلات!$I$4:$I$200,$A11) -> 1
A12: 14 | B12: {=ROUND(SUMPRODUCT(1/COUNTIF('بيانات الفرق'!$AP$3:$AP$16,'بيانات الفرق'!$AP$3:$AP$16)),0)} -> 2 | C12: {=_xlfn.TEXTJOIN(" + ",TRUE,COUNTIF('بيانات الفرق'!$AP$3:$AP$16,"المجموعة "&_xlfn.SEQUENCE($B12)))} -> 7 + 7 | D12: {=_xlfn.LET(_xlpm.c,COUNTIF('بيانات الفرق'!$AP$3:$AP$16,"المجموعة "&_xlfn.SEQUENCE($B12)),_xlpm.mm,AVERAGEIFS('بيانات الفرق'!$AQ$3:$AQ$16,'بيانات الفرق'!$AP$3:$AP$16,"المجموعة "&_xlfn.SEQUENCE($B12)),_xlfn.TEXTJOIN(" + ",TRUE,_xlpm.mm/(_xlpm.c-1)))} -> 3 + 3 | E12: {=_xlfn.LET(_xlpm.c,COUNTIF('بيانات الفرق'!$AP$3:$AP$16,"المجموعة "&_xlfn.SEQUENCE($B12)),_xlpm.mm,AVERAGEIFS('بيانات الفرق'!$AQ$3:$AQ$16,'بيانات الفرق'!$AP$3:$AP$16,"المجموعة "&_xlfn.SEQUENCE($B12)),_xlfn.TEXTJOIN(" + ",TRUE,_xlpm.mm))} -> 18 + 18 | F12: =IF($B12>MAX(المدخلات!$B$17:$B$20),"—",LOOKUP($B12,المدخلات!$A$17:$A$20,المدخلات!$C$17:$C$20)) -> نهائي مباشر | G12: =_xlfn.MAXIFS('14 فريقًا'!$A$4:$A$1999,'14 فريقًا'!$E$4:$E$1999,"* ضد *",'14 فريقًا'!$E$4:$E$1999,"<>*فائز*",'14 فريقًا'!$E$4:$E$1999,"<>*أول المجموعة*",'14 فريقًا'!$E$4:$E$1999,"<>*أفضل ثانٍ*") -> 21 | H12: =$I12-$G12 -> 1 | I12: =_xlfn.MAXIFS('14 فريقًا'!$A$4:$A$1999,'14 فريقًا'!$E$4:$E$1999,"* ضد *") -> 22 | J12: =MOD(HOUR(المدخلات!$B$4)-1,12)+1&":"&TEXT(MINUTE(المدخلات!$B$4),"00")&IF(HOUR(المدخلات!$B$4)<12," ص"," م") -> 4:00 م | K12: {=_xlfn.LET(_xlpm.p,SUMPRODUCT(MAX((COUNTIF('14 فريقًا'!$B$4:$B$1999,المدخلات!$F$4:$F$7)>0)*(المدخلات!$F$4:$F$7<>"")*ROW(المدخلات!$F$4:$F$7)))-3,_xlpm.t,INDEX(المدخلات!$F$4:$F$7,_xlpm.p),TRIM(MID(_xlpm.t,FIND("–",_xlpm.t)+1,20)))} -> 7:50 م | L12: =_xlfn.MAXIFS('14 فريقًا'!$C$4:$C$1999,'14 فريقًا'!$E$4:$E$1999,"* ضد *") -> 2 | M12: =ROUNDUP($L12/المدخلات!$B$9,0) -> 1 | N12: {=IF(MIN(COUNTIF('بيانات الفرق'!$AP$3:$AP$16,"المجموعة "&_xlfn.SEQUENCE($B12)))>=المدخلات!$B$11,"✔ "&MIN(COUNTIF('بيانات الفرق'!$AP$3:$AP$16,"المجموعة "&_xlfn.SEQUENCE($B12))),"✘ "&MIN(COUNTIF('بيانات الفرق'!$AP$3:$AP$16,"المجموعة "&_xlfn.SEQUENCE($B12))))} -> ✔ 7 | O12: =IF($I12<=المدخلات!$B$13,"✔ "&$I12," ⚠ "&$I12&" يوماً — تجاوز السقف ("&المدخلات!$B$13&") لضمان "&المدخلات!$B$14&" مباراة") -> ✔ 22 | P12: {=_xlfn.LET(_xlpm.c,COUNTIF('بيانات الفرق'!$AP$3:$AP$16,"المجموعة "&_xlfn.SEQUENCE($B12)),_xlpm.mm,AVERAGEIFS('بيانات الفرق'!$AQ$3:$AQ$16,'بيانات الفرق'!$AP$3:$AP$16,"المجموعة "&_xlfn.SEQUENCE($B12)),IF(MIN(_xlpm.mm)>=المدخلات!$B$14,"✔ "&MIN(_xlpm.mm)," ✘ "&MIN(_xlpm.mm)&" / "&المدخلات!$B$14))} -> ✔ 18 | Q12: =COUNTIF('14 فريقًا'!$E$4:$E$1999,"* ضد *") -> 127 | R12: =COUNTIF(المدخلات!$I$4:$I$200,$A12) -> 5
A13: 15 | B13: {=ROUND(SUMPRODUCT(1/COUNTIF('بيانات الفرق'!$AU$3:$AU$17,'بيانات الفرق'!$AU$3:$AU$17)),0)} -> 2 | C13: {=_xlfn.TEXTJOIN(" + ",TRUE,COUNTIF('بيانات الفرق'!$AU$3:$AU$17,"المجموعة "&_xlfn.SEQUENCE($B13)))} -> 7 + 8 | D13: {=_xlfn.LET(_xlpm.c,COUNTIF('بيانات الفرق'!$AU$3:$AU$17,"المجموعة "&_xlfn.SEQUENCE($B13)),_xlpm.mm,AVERAGEIFS('بيانات الفرق'!$AV$3:$AV$17,'بيانات الفرق'!$AU$3:$AU$17,"المجموعة "&_xlfn.SEQUENCE($B13)),_xlfn.TEXTJOIN(" + ",TRUE,_xlpm.mm/(_xlpm.c-1)))} -> 3 + 3 | E13: {=_xlfn.LET(_xlpm.c,COUNTIF('بيانات الفرق'!$AU$3:$AU$17,"المجموعة "&_xlfn.SEQUENCE($B13)),_xlpm.mm,AVERAGEIFS('بيانات الفرق'!$AV$3:$AV$17,'بيانات الفرق'!$AU$3:$AU$17,"المجموعة "&_xlfn.SEQUENCE($B13)),_xlfn.TEXTJOIN(" + ",TRUE,_xlpm.mm))} -> 18 + 21 | F13: =IF($B13>MAX(المدخلات!$B$17:$B$20),"—",LOOKUP($B13,المدخلات!$A$17:$A$20,المدخلات!$C$17:$C$20)) -> نهائي مباشر | G13: =_xlfn.MAXIFS('15 فريقًا'!$A$4:$A$1999,'15 فريقًا'!$E$4:$E$1999,"* ضد *",'15 فريقًا'!$E$4:$E$1999,"<>*فائز*",'15 فريقًا'!$E$4:$E$1999,"<>*أول المجموعة*",'15 فريقًا'!$E$4:$E$1999,"<>*أفضل ثانٍ*") -> 21 | H13: =$I13-$G13 -> 1 | I13: =_xlfn.MAXIFS('15 فريقًا'!$A$4:$A$1999,'15 فريقًا'!$E$4:$E$1999,"* ضد *") -> 22 | J13: =MOD(HOUR(المدخلات!$B$4)-1,12)+1&":"&TEXT(MINUTE(المدخلات!$B$4),"00")&IF(HOUR(المدخلات!$B$4)<12," ص"," م") -> 4:00 م | K13: {=_xlfn.LET(_xlpm.p,SUMPRODUCT(MAX((COUNTIF('15 فريقًا'!$B$4:$B$1999,المدخلات!$F$4:$F$7)>0)*(المدخلات!$F$4:$F$7<>"")*ROW(المدخلات!$F$4:$F$7)))-3,_xlpm.t,INDEX(المدخلات!$F$4:$F$7,_xlpm.p),TRIM(MID(_xlpm.t,FIND("–",_xlpm.t)+1,20)))} -> 7:50 م | L13: =_xlfn.MAXIFS('15 فريقًا'!$C$4:$C$1999,'15 فريقًا'!$E$4:$E$1999,"* ضد *") -> 3 | M13: =ROUNDUP($L13/المدخلات!$B$9,0) -> 2 | N13: {=IF(MIN(COUNTIF('بيانات الفرق'!$AU$3:$AU$17,"المجموعة "&_xlfn.SEQUENCE($B13)))>=المدخلات!$B$11,"✔ "&MIN(COUNTIF('بيانات الفرق'!$AU$3:$AU$17,"المجموعة "&_xlfn.SEQUENCE($B13))),"✘ "&MIN(COUNTIF('بيانات الفرق'!$AU$3:$AU$17,"المجموعة "&_xlfn.SEQUENCE($B13))))} -> ✔ 7 | O13: =IF($I13<=المدخلات!$B$13,"✔ "&$I13," ⚠ "&$I13&" يوماً — تجاوز السقف ("&المدخلات!$B$13&") لضمان "&المدخلات!$B$14&" مباراة") -> ✔ 22 | P13: {=_xlfn.LET(_xlpm.c,COUNTIF('بيانات الفرق'!$AU$3:$AU$17,"المجموعة "&_xlfn.SEQUENCE($B13)),_xlpm.mm,AVERAGEIFS('بيانات الفرق'!$AV$3:$AV$17,'بيانات الفرق'!$AU$3:$AU$17,"المجموعة "&_xlfn.SEQUENCE($B13)),IF(MIN(_xlpm.mm)>=المدخلات!$B$14,"✔ "&MIN(_xlpm.mm)," ✘ "&MIN(_xlpm.mm)&" / "&المدخلات!$B$14))} -> ✔ 18 | Q13: =COUNTIF('15 فريقًا'!$E$4:$E$1999,"* ضد *") -> 148 | R13: =COUNTIF(المدخلات!$I$4:$I$200,$A13) -> 4
A14: 16 | B14: {=ROUND(SUMPRODUCT(1/COUNTIF('بيانات الفرق'!$AZ$3:$AZ$18,'بيانات الفرق'!$AZ$3:$AZ$18)),0)} -> 2 | C14: {=_xlfn.TEXTJOIN(" + ",TRUE,COUNTIF('بيانات الفرق'!$AZ$3:$AZ$18,"المجموعة "&_xlfn.SEQUENCE($B14)))} -> 8 + 8 | D14: {=_xlfn.LET(_xlpm.c,COUNTIF('بيانات الفرق'!$AZ$3:$AZ$18,"المجموعة "&_xlfn.SEQUENCE($B14)),_xlpm.mm,AVERAGEIFS('بيانات الفرق'!$BA$3:$BA$18,'بيانات الفرق'!$AZ$3:$AZ$18,"المجموعة "&_xlfn.SEQUENCE($B14)),_xlfn.TEXTJOIN(" + ",TRUE,_xlpm.mm/(_xlpm.c-1)))} -> 3 + 3 | E14: {=_xlfn.LET(_xlpm.c,COUNTIF('بيانات الفرق'!$AZ$3:$AZ$18,"المجموعة "&_xlfn.SEQUENCE($B14)),_xlpm.mm,AVERAGEIFS('بيانات الفرق'!$BA$3:$BA$18,'بيانات الفرق'!$AZ$3:$AZ$18,"المجموعة "&_xlfn.SEQUENCE($B14)),_xlfn.TEXTJOIN(" + ",TRUE,_xlpm.mm))} -> 21 + 21 | F14: =IF($B14>MAX(المدخلات!$B$17:$B$20),"—",LOOKUP($B14,المدخلات!$A$17:$A$20,المدخلات!$C$17:$C$20)) -> نهائي مباشر | G14: =_xlfn.MAXIFS('16 فريقًا'!$A$4:$A$1999,'16 فريقًا'!$E$4:$E$1999,"* ضد *",'16 فريقًا'!$E$4:$E$1999,"<>*فائز*",'16 فريقًا'!$E$4:$E$1999,"<>*أول المجموعة*",'16 فريقًا'!$E$4:$E$1999,"<>*أفضل ثانٍ*") -> 21 | H14: =$I14-$G14 -> 1 | I14: =_xlfn.MAXIFS('16 فريقًا'!$A$4:$A$1999,'16 فريقًا'!$E$4:$E$1999,"* ضد *") -> 22 | J14: =MOD(HOUR(المدخلات!$B$4)-1,12)+1&":"&TEXT(MINUTE(المدخلات!$B$4),"00")&IF(HOUR(المدخلات!$B$4)<12," ص"," م") -> 4:00 م | K14: {=_xlfn.LET(_xlpm.p,SUMPRODUCT(MAX((COUNTIF('16 فريقًا'!$B$4:$B$1999,المدخلات!$F$4:$F$7)>0)*(المدخلات!$F$4:$F$7<>"")*ROW(المدخلات!$F$4:$F$7)))-3,_xlpm.t,INDEX(المدخلات!$F$4:$F$7,_xlpm.p),TRIM(MID(_xlpm.t,FIND("–",_xlpm.t)+1,20)))} -> 7:50 م | L14: =_xlfn.MAXIFS('16 فريقًا'!$C$4:$C$1999,'16 فريقًا'!$E$4:$E$1999,"* ضد *") -> 3 | M14: =ROUNDUP($L14/المدخلات!$B$9,0) -> 2 | N14: {=IF(MIN(COUNTIF('بيانات الفرق'!$AZ$3:$AZ$18,"المجموعة "&_xlfn.SEQUENCE($B14)))>=المدخلات!$B$11,"✔ "&MIN(COUNTIF('بيانات الفرق'!$AZ$3:$AZ$18,"المجموعة "&_xlfn.SEQUENCE($B14))),"✘ "&MIN(COUNTIF('بيانات الفرق'!$AZ$3:$AZ$18,"المجموعة "&_xlfn.SEQUENCE($B14))))} -> ✔ 8 | O14: =IF($I14<=المدخلات!$B$13,"✔ "&$I14," ⚠ "&$I14&" يوماً — تجاوز السقف ("&المدخلات!$B$13&") لضمان "&المدخلات!$B$14&" مباراة") -> ✔ 22 | P14: {=_xlfn.LET(_xlpm.c,COUNTIF('بيانات الفرق'!$AZ$3:$AZ$18,"المجموعة "&_xlfn.SEQUENCE($B14)),_xlpm.mm,AVERAGEIFS('بيانات الفرق'!$BA$3:$BA$18,'بيانات الفرق'!$AZ$3:$AZ$18,"المجموعة "&_xlfn.SEQUENCE($B14)),IF(MIN(_xlpm.mm)>=المدخلات!$B$14,"✔ "&MIN(_xlpm.mm)," ✘ "&MIN(_xlpm.mm)&" / "&المدخلات!$B$14))} -> ✔ 21 | Q14: =COUNTIF('16 فريقًا'!$E$4:$E$1999,"* ضد *") -> 169 | R14: =COUNTIF(المدخلات!$I$4:$I$200,$A14) -> 5
A15: 18 | B15: {=ROUND(SUMPRODUCT(1/COUNTIF('بيانات الفرق'!$BE$3:$BE$20,'بيانات الفرق'!$BE$3:$BE$20)),0)} -> 1 | C15: {=_xlfn.TEXTJOIN(" + ",TRUE,COUNTIF('بيانات الفرق'!$BE$3:$BE$20,"المجموعة "&_xlfn.SEQUENCE($B15)))} -> 18 | D15: {=_xlfn.LET(_xlpm.c,COUNTIF('بيانات الفرق'!$BE$3:$BE$20,"المجموعة "&_xlfn.SEQUENCE($B15)),_xlpm.mm,AVERAGEIFS('بيانات الفرق'!$BF$3:$BF$20,'بيانات الفرق'!$BE$3:$BE$20,"المجموعة "&_xlfn.SEQUENCE($B15)),_xlfn.TEXTJOIN(" + ",TRUE,_xlpm.mm/(_xlpm.c-1)))} -> 1 | E15: {=_xlfn.LET(_xlpm.c,COUNTIF('بيانات الفرق'!$BE$3:$BE$20,"المجموعة "&_xlfn.SEQUENCE($B15)),_xlpm.mm,AVERAGEIFS('بيانات الفرق'!$BF$3:$BF$20,'بيانات الفرق'!$BE$3:$BE$20,"المجموعة "&_xlfn.SEQUENCE($B15)),_xlfn.TEXTJOIN(" + ",TRUE,_xlpm.mm))} -> 17 | F15: =IF($B15>MAX(المدخلات!$B$17:$B$20),"—",LOOKUP($B15,المدخلات!$A$17:$A$20,المدخلات!$C$17:$C$20)) -> — (دوري فقط، البطل أول المجموعة) | G15: =_xlfn.MAXIFS('18 فريقًا'!$A$4:$A$1999,'18 فريقًا'!$E$4:$E$1999,"* ضد *",'18 فريقًا'!$E$4:$E$1999,"<>*فائز*",'18 فريقًا'!$E$4:$E$1999,"<>*أول المجموعة*",'18 فريقًا'!$E$4:$E$1999,"<>*أفضل ثانٍ*") -> 17 | H15: =$I15-$G15 -> 0 | I15: =_xlfn.MAXIFS('18 فريقًا'!$A$4:$A$1999,'18 فريقًا'!$E$4:$E$1999,"* ضد *") -> 17 | J15: =MOD(HOUR(المدخلات!$B$4)-1,12)+1&":"&TEXT(MINUTE(المدخلات!$B$4),"00")&IF(HOUR(المدخلات!$B$4)<12," ص"," م") -> 4:00 م | K15: {=_xlfn.LET(_xlpm.p,SUMPRODUCT(MAX((COUNTIF('18 فريقًا'!$B$4:$B$1999,المدخلات!$F$4:$F$7)>0)*(المدخلات!$F$4:$F$7<>"")*ROW(المدخلات!$F$4:$F$7)))-3,_xlpm.t,INDEX(المدخلات!$F$4:$F$7,_xlpm.p),TRIM(MID(_xlpm.t,FIND("–",_xlpm.t)+1,20)))} -> 7:50 م | L15: =_xlfn.MAXIFS('18 فريقًا'!$C$4:$C$1999,'18 فريقًا'!$E$4:$E$1999,"* ضد *") -> 3 | M15: =ROUNDUP($L15/المدخلات!$B$9,0) -> 2 | N15: {=IF(MIN(COUNTIF('بيانات الفرق'!$BE$3:$BE$20,"المجموعة "&_xlfn.SEQUENCE($B15)))>=المدخلات!$B$11,"✔ "&MIN(COUNTIF('بيانات الفرق'!$BE$3:$BE$20,"المجموعة "&_xlfn.SEQUENCE($B15))),"✘ "&MIN(COUNTIF('بيانات الفرق'!$BE$3:$BE$20,"المجموعة "&_xlfn.SEQUENCE($B15))))} -> ✔ 18 | O15: =IF($I15<=المدخلات!$B$13,"✔ "&$I15," ⚠ "&$I15&" يوماً — تجاوز السقف ("&المدخلات!$B$13&") لضمان "&المدخلات!$B$14&" مباراة") -> ✔ 17 | P15: {=_xlfn.LET(_xlpm.c,COUNTIF('بيانات الفرق'!$BE$3:$BE$20,"المجموعة "&_xlfn.SEQUENCE($B15)),_xlpm.mm,AVERAGEIFS('بيانات الفرق'!$BF$3:$BF$20,'بيانات الفرق'!$BE$3:$BE$20,"المجموعة "&_xlfn.SEQUENCE($B15)),IF(MIN(_xlpm.mm)>=المدخلات!$B$14,"✔ "&MIN(_xlpm.mm)," ✘ "&MIN(_xlpm.mm)&" / "&المدخلات!$B$14))} -> ✔ 17 | Q15: =COUNTIF('18 فريقًا'!$E$4:$E$1999,"* ضد *") -> 153 | R15: =COUNTIF(المدخلات!$I$4:$I$200,$A15) -> 1
A16: 21 | B16: {=ROUND(SUMPRODUCT(1/COUNTIF('بيانات الفرق'!$BJ$3:$BJ$23,'بيانات الفرق'!$BJ$3:$BJ$23)),0)} -> 1 | C16: {=_xlfn.TEXTJOIN(" + ",TRUE,COUNTIF('بيانات الفرق'!$BJ$3:$BJ$23,"المجموعة "&_xlfn.SEQUENCE($B16)))} -> 21 | D16: {=_xlfn.LET(_xlpm.c,COUNTIF('بيانات الفرق'!$BJ$3:$BJ$23,"المجموعة "&_xlfn.SEQUENCE($B16)),_xlpm.mm,AVERAGEIFS('بيانات الفرق'!$BK$3:$BK$23,'بيانات الفرق'!$BJ$3:$BJ$23,"المجموعة "&_xlfn.SEQUENCE($B16)),_xlfn.TEXTJOIN(" + ",TRUE,_xlpm.mm/(_xlpm.c-1)))} -> 1 | E16: {=_xlfn.LET(_xlpm.c,COUNTIF('بيانات الفرق'!$BJ$3:$BJ$23,"المجموعة "&_xlfn.SEQUENCE($B16)),_xlpm.mm,AVERAGEIFS('بيانات الفرق'!$BK$3:$BK$23,'بيانات الفرق'!$BJ$3:$BJ$23,"المجموعة "&_xlfn.SEQUENCE($B16)),_xlfn.TEXTJOIN(" + ",TRUE,_xlpm.mm))} -> 20 | F16: =IF($B16>MAX(المدخلات!$B$17:$B$20),"—",LOOKUP($B16,المدخلات!$A$17:$A$20,المدخلات!$C$17:$C$20)) -> — (دوري فقط، البطل أول المجموعة) | G16: =_xlfn.MAXIFS('21 فريقًا'!$A$4:$A$1999,'21 فريقًا'!$E$4:$E$1999,"* ضد *",'21 فريقًا'!$E$4:$E$1999,"<>*فائز*",'21 فريقًا'!$E$4:$E$1999,"<>*أول المجموعة*",'21 فريقًا'!$E$4:$E$1999,"<>*أفضل ثانٍ*") -> 21 | H16: =$I16-$G16 -> 0 | I16: =_xlfn.MAXIFS('21 فريقًا'!$A$4:$A$1999,'21 فريقًا'!$E$4:$E$1999,"* ضد *") -> 21 | J16: =MOD(HOUR(المدخلات!$B$4)-1,12)+1&":"&TEXT(MINUTE(المدخلات!$B$4),"00")&IF(HOUR(المدخلات!$B$4)<12," ص"," م") -> 4:00 م | K16: {=_xlfn.LET(_xlpm.p,SUMPRODUCT(MAX((COUNTIF('21 فريقًا'!$B$4:$B$1999,المدخلات!$F$4:$F$7)>0)*(المدخلات!$F$4:$F$7<>"")*ROW(المدخلات!$F$4:$F$7)))-3,_xlpm.t,INDEX(المدخلات!$F$4:$F$7,_xlpm.p),TRIM(MID(_xlpm.t,FIND("–",_xlpm.t)+1,20)))} -> 7:50 م | L16: =_xlfn.MAXIFS('21 فريقًا'!$C$4:$C$1999,'21 فريقًا'!$E$4:$E$1999,"* ضد *") -> 4 | M16: =ROUNDUP($L16/المدخلات!$B$9,0) -> 2 | N16: {=IF(MIN(COUNTIF('بيانات الفرق'!$BJ$3:$BJ$23,"المجموعة "&_xlfn.SEQUENCE($B16)))>=المدخلات!$B$11,"✔ "&MIN(COUNTIF('بيانات الفرق'!$BJ$3:$BJ$23,"المجموعة "&_xlfn.SEQUENCE($B16))),"✘ "&MIN(COUNTIF('بيانات الفرق'!$BJ$3:$BJ$23,"المجموعة "&_xlfn.SEQUENCE($B16))))} -> ✔ 21 | O16: =IF($I16<=المدخلات!$B$13,"✔ "&$I16," ⚠ "&$I16&" يوماً — تجاوز السقف ("&المدخلات!$B$13&") لضمان "&المدخلات!$B$14&" مباراة") -> ✔ 21 | P16: {=_xlfn.LET(_xlpm.c,COUNTIF('بيانات الفرق'!$BJ$3:$BJ$23,"المجموعة "&_xlfn.SEQUENCE($B16)),_xlpm.mm,AVERAGEIFS('بيانات الفرق'!$BK$3:$BK$23,'بيانات الفرق'!$BJ$3:$BJ$23,"المجموعة "&_xlfn.SEQUENCE($B16)),IF(MIN(_xlpm.mm)>=المدخلات!$B$14,"✔ "&MIN(_xlpm.mm)," ✘ "&MIN(_xlpm.mm)&" / "&المدخلات!$B$14))} -> ✔ 20 | Q16: =COUNTIF('21 فريقًا'!$E$4:$E$1999,"* ضد *") -> 210 | R16: =COUNTIF(المدخلات!$I$4:$I$200,$A16) -> 1
A17: 22 | B17: {=ROUND(SUMPRODUCT(1/COUNTIF('بيانات الفرق'!$BO$3:$BO$24,'بيانات الفرق'!$BO$3:$BO$24)),0)} -> 1 | C17: {=_xlfn.TEXTJOIN(" + ",TRUE,COUNTIF('بيانات الفرق'!$BO$3:$BO$24,"المجموعة "&_xlfn.SEQUENCE($B17)))} -> 22 | D17: {=_xlfn.LET(_xlpm.c,COUNTIF('بيانات الفرق'!$BO$3:$BO$24,"المجموعة "&_xlfn.SEQUENCE($B17)),_xlpm.mm,AVERAGEIFS('بيانات الفرق'!$BP$3:$BP$24,'بيانات الفرق'!$BO$3:$BO$24,"المجموعة "&_xlfn.SEQUENCE($B17)),_xlfn.TEXTJOIN(" + ",TRUE,_xlpm.mm/(_xlpm.c-1)))} -> 1 | E17: {=_xlfn.LET(_xlpm.c,COUNTIF('بيانات الفرق'!$BO$3:$BO$24,"المجموعة "&_xlfn.SEQUENCE($B17)),_xlpm.mm,AVERAGEIFS('بيانات الفرق'!$BP$3:$BP$24,'بيانات الفرق'!$BO$3:$BO$24,"المجموعة "&_xlfn.SEQUENCE($B17)),_xlfn.TEXTJOIN(" + ",TRUE,_xlpm.mm))} -> 21 | F17: =IF($B17>MAX(المدخلات!$B$17:$B$20),"—",LOOKUP($B17,المدخلات!$A$17:$A$20,المدخلات!$C$17:$C$20)) -> — (دوري فقط، البطل أول المجموعة) | G17: =_xlfn.MAXIFS('22 فريقًا'!$A$4:$A$1999,'22 فريقًا'!$E$4:$E$1999,"* ضد *",'22 فريقًا'!$E$4:$E$1999,"<>*فائز*",'22 فريقًا'!$E$4:$E$1999,"<>*أول المجموعة*",'22 فريقًا'!$E$4:$E$1999,"<>*أفضل ثانٍ*") -> 21 | H17: =$I17-$G17 -> 0 | I17: =_xlfn.MAXIFS('22 فريقًا'!$A$4:$A$1999,'22 فريقًا'!$E$4:$E$1999,"* ضد *") -> 21 | J17: =MOD(HOUR(المدخلات!$B$4)-1,12)+1&":"&TEXT(MINUTE(المدخلات!$B$4),"00")&IF(HOUR(المدخلات!$B$4)<12," ص"," م") -> 4:00 م | K17: {=_xlfn.LET(_xlpm.p,SUMPRODUCT(MAX((COUNTIF('22 فريقًا'!$B$4:$B$1999,المدخلات!$F$4:$F$7)>0)*(المدخلات!$F$4:$F$7<>"")*ROW(المدخلات!$F$4:$F$7)))-3,_xlpm.t,INDEX(المدخلات!$F$4:$F$7,_xlpm.p),TRIM(MID(_xlpm.t,FIND("–",_xlpm.t)+1,20)))} -> 7:50 م | L17: =_xlfn.MAXIFS('22 فريقًا'!$C$4:$C$1999,'22 فريقًا'!$E$4:$E$1999,"* ضد *") -> 4 | M17: =ROUNDUP($L17/المدخلات!$B$9,0) -> 2 | N17: {=IF(MIN(COUNTIF('بيانات الفرق'!$BO$3:$BO$24,"المجموعة "&_xlfn.SEQUENCE($B17)))>=المدخلات!$B$11,"✔ "&MIN(COUNTIF('بيانات الفرق'!$BO$3:$BO$24,"المجموعة "&_xlfn.SEQUENCE($B17))),"✘ "&MIN(COUNTIF('بيانات الفرق'!$BO$3:$BO$24,"المجموعة "&_xlfn.SEQUENCE($B17))))} -> ✔ 22 | O17: =IF($I17<=المدخلات!$B$13,"✔ "&$I17," ⚠ "&$I17&" يوماً — تجاوز السقف ("&المدخلات!$B$13&") لضمان "&المدخلات!$B$14&" مباراة") -> ✔ 21 | P17: {=_xlfn.LET(_xlpm.c,COUNTIF('بيانات الفرق'!$BO$3:$BO$24,"المجموعة "&_xlfn.SEQUENCE($B17)),_xlpm.mm,AVERAGEIFS('بيانات الفرق'!$BP$3:$BP$24,'بيانات الفرق'!$BO$3:$BO$24,"المجموعة "&_xlfn.SEQUENCE($B17)),IF(MIN(_xlpm.mm)>=المدخلات!$B$14,"✔ "&MIN(_xlpm.mm)," ✘ "&MIN(_xlpm.mm)&" / "&المدخلات!$B$14))} -> ✔ 21 | Q17: =COUNTIF('22 فريقًا'!$E$4:$E$1999,"* ضد *") -> 231 | R17: =COUNTIF(المدخلات!$I$4:$I$200,$A17) -> 1
A18: 23 | B18: {=ROUND(SUMPRODUCT(1/COUNTIF('بيانات الفرق'!$BT$3:$BT$25,'بيانات الفرق'!$BT$3:$BT$25)),0)} -> 2 | C18: {=_xlfn.TEXTJOIN(" + ",TRUE,COUNTIF('بيانات الفرق'!$BT$3:$BT$25,"المجموعة "&_xlfn.SEQUENCE($B18)))} -> 11 + 12 | D18: {=_xlfn.LET(_xlpm.c,COUNTIF('بيانات الفرق'!$BT$3:$BT$25,"المجموعة "&_xlfn.SEQUENCE($B18)),_xlpm.mm,AVERAGEIFS('بيانات الفرق'!$BU$3:$BU$25,'بيانات الفرق'!$BT$3:$BT$25,"المجموعة "&_xlfn.SEQUENCE($B18)),_xlfn.TEXTJOIN(" + ",TRUE,_xlpm.mm/(_xlpm.c-1)))} -> 2 + 2 | E18: {=_xlfn.LET(_xlpm.c,COUNTIF('بيانات الفرق'!$BT$3:$BT$25,"المجموعة "&_xlfn.SEQUENCE($B18)),_xlpm.mm,AVERAGEIFS('بيانات الفرق'!$BU$3:$BU$25,'بيانات الفرق'!$BT$3:$BT$25,"المجموعة "&_xlfn.SEQUENCE($B18)),_xlfn.TEXTJOIN(" + ",TRUE,_xlpm.mm))} -> 20 + 22 | F18: =IF($B18>MAX(المدخلات!$B$17:$B$20),"—",LOOKUP($B18,المدخلات!$A$17:$A$20,المدخلات!$C$17:$C$20)) -> نهائي مباشر | G18: =_xlfn.MAXIFS('23 فريقًا'!$A$4:$A$1999,'23 فريقًا'!$E$4:$E$1999,"* ضد *",'23 فريقًا'!$E$4:$E$1999,"<>*فائز*",'23 فريقًا'!$E$4:$E$1999,"<>*أول المجموعة*",'23 فريقًا'!$E$4:$E$1999,"<>*أفضل ثانٍ*") -> 22 | H18: =$I18-$G18 -> 1 | I18: =_xlfn.MAXIFS('23 فريقًا'!$A$4:$A$1999,'23 فريقًا'!$E$4:$E$1999,"* ضد *") -> 23 | J18: =MOD(HOUR(المدخلات!$B$4)-1,12)+1&":"&TEXT(MINUTE(المدخلات!$B$4),"00")&IF(HOUR(المدخلات!$B$4)<12," ص"," م") -> 4:00 م | K18: {=_xlfn.LET(_xlpm.p,SUMPRODUCT(MAX((COUNTIF('23 فريقًا'!$B$4:$B$1999,المدخلات!$F$4:$F$7)>0)*(المدخلات!$F$4:$F$7<>"")*ROW(المدخلات!$F$4:$F$7)))-3,_xlpm.t,INDEX(المدخلات!$F$4:$F$7,_xlpm.p),TRIM(MID(_xlpm.t,FIND("–",_xlpm.t)+1,20)))} -> 7:50 م | L18: =_xlfn.MAXIFS('23 فريقًا'!$C$4:$C$1999,'23 فريقًا'!$E$4:$E$1999,"* ضد *") -> 4 | M18: =ROUNDUP($L18/المدخلات!$B$9,0) -> 2 | N18: {=IF(MIN(COUNTIF('بيانات الفرق'!$BT$3:$BT$25,"المجموعة "&_xlfn.SEQUENCE($B18)))>=المدخلات!$B$11,"✔ "&MIN(COUNTIF('بيانات الفرق'!$BT$3:$BT$25,"المجموعة "&_xlfn.SEQUENCE($B18))),"✘ "&MIN(COUNTIF('بيانات الفرق'!$BT$3:$BT$25,"المجموعة "&_xlfn.SEQUENCE($B18))))} -> ✔ 11 | O18: =IF($I18<=المدخلات!$B$13,"✔ "&$I18," ⚠ "&$I18&" يوماً — تجاوز السقف ("&المدخلات!$B$13&") لضمان "&المدخلات!$B$14&" مباراة") -> ✔ 23 | P18: {=_xlfn.LET(_xlpm.c,COUNTIF('بيانات الفرق'!$BT$3:$BT$25,"المجموعة "&_xlfn.SEQUENCE($B18)),_xlpm.mm,AVERAGEIFS('بيانات الفرق'!$BU$3:$BU$25,'بيانات الفرق'!$BT$3:$BT$25,"المجموعة "&_xlfn.SEQUENCE($B18)),IF(MIN(_xlpm.mm)>=المدخلات!$B$14,"✔ "&MIN(_xlpm.mm)," ✘ "&MIN(_xlpm.mm)&" / "&المدخلات!$B$14))} -> ✔ 20 | Q18: =COUNTIF('23 فريقًا'!$E$4:$E$1999,"* ضد *") -> 243 | R18: =COUNTIF(المدخلات!$I$4:$I$200,$A18) -> 1
A19: 25 | B19: {=ROUND(SUMPRODUCT(1/COUNTIF('بيانات الفرق'!$BY$3:$BY$27,'بيانات الفرق'!$BY$3:$BY$27)),0)} -> 4 | C19: {=_xlfn.TEXTJOIN(" + ",TRUE,COUNTIF('بيانات الفرق'!$BY$3:$BY$27,"المجموعة "&_xlfn.SEQUENCE($B19)))} -> 6 + 6 + 6 + 7 | D19: {=_xlfn.LET(_xlpm.c,COUNTIF('بيانات الفرق'!$BY$3:$BY$27,"المجموعة "&_xlfn.SEQUENCE($B19)),_xlpm.mm,AVERAGEIFS('بيانات الفرق'!$BZ$3:$BZ$27,'بيانات الفرق'!$BY$3:$BY$27,"المجموعة "&_xlfn.SEQUENCE($B19)),_xlfn.TEXTJOIN(" + ",TRUE,_xlpm.mm/(_xlpm.c-1)))} -> 4 + 4 + 4 + 3 | E19: {=_xlfn.LET(_xlpm.c,COUNTIF('بيانات الفرق'!$BY$3:$BY$27,"المجموعة "&_xlfn.SEQUENCE($B19)),_xlpm.mm,AVERAGEIFS('بيانات الفرق'!$BZ$3:$BZ$27,'بيانات الفرق'!$BY$3:$BY$27,"المجموعة "&_xlfn.SEQUENCE($B19)),_xlfn.TEXTJOIN(" + ",TRUE,_xlpm.mm))} -> 20 + 20 + 20 + 18 | F19: =IF($B19>MAX(المدخلات!$B$17:$B$20),"—",LOOKUP($B19,المدخلات!$A$17:$A$20,المدخلات!$C$17:$C$20)) -> نصف نهائي ثم نهائي | G19: =_xlfn.MAXIFS('25 فريقًا'!$A$4:$A$1999,'25 فريقًا'!$E$4:$E$1999,"* ضد *",'25 فريقًا'!$E$4:$E$1999,"<>*فائز*",'25 فريقًا'!$E$4:$E$1999,"<>*أول المجموعة*",'25 فريقًا'!$E$4:$E$1999,"<>*أفضل ثانٍ*") -> 21 | H19: =$I19-$G19 -> 2 | I19: =_xlfn.MAXIFS('25 فريقًا'!$A$4:$A$1999,'25 فريقًا'!$E$4:$E$1999,"* ضد *") -> 23 | J19: =MOD(HOUR(المدخلات!$B$4)-1,12)+1&":"&TEXT(MINUTE(المدخلات!$B$4),"00")&IF(HOUR(المدخلات!$B$4)<12," ص"," م") -> 4:00 م | K19: {=_xlfn.LET(_xlpm.p,SUMPRODUCT(MAX((COUNTIF('25 فريقًا'!$B$4:$B$1999,المدخلات!$F$4:$F$7)>0)*(المدخلات!$F$4:$F$7<>"")*ROW(المدخلات!$F$4:$F$7)))-3,_xlpm.t,INDEX(المدخلات!$F$4:$F$7,_xlpm.p),TRIM(MID(_xlpm.t,FIND("–",_xlpm.t)+1,20)))} -> 7:50 م | L19: =_xlfn.MAXIFS('25 فريقًا'!$C$4:$C$1999,'25 فريقًا'!$E$4:$E$1999,"* ضد *") -> 4 | M19: =ROUNDUP($L19/المدخلات!$B$9,0) -> 2 | N19: {=IF(MIN(COUNTIF('بيانات الفرق'!$BY$3:$BY$27,"المجموعة "&_xlfn.SEQUENCE($B19)))>=المدخلات!$B$11,"✔ "&MIN(COUNTIF('بيانات الفرق'!$BY$3:$BY$27,"المجموعة "&_xlfn.SEQUENCE($B19))),"✘ "&MIN(COUNTIF('بيانات الفرق'!$BY$3:$BY$27,"المجموعة "&_xlfn.SEQUENCE($B19))))} -> ✔ 6 | O19: =IF($I19<=المدخلات!$B$13,"✔ "&$I19," ⚠ "&$I19&" يوماً — تجاوز السقف ("&المدخلات!$B$13&") لضمان "&المدخلات!$B$14&" مباراة") -> ✔ 23 | P19: {=_xlfn.LET(_xlpm.c,COUNTIF('بيانات الفرق'!$BY$3:$BY$27,"المجموعة "&_xlfn.SEQUENCE($B19)),_xlpm.mm,AVERAGEIFS('بيانات الفرق'!$BZ$3:$BZ$27,'بيانات الفرق'!$BY$3:$BY$27,"المجموعة "&_xlfn.SEQUENCE($B19)),IF(MIN(_xlpm.mm)>=المدخلات!$B$14,"✔ "&MIN(_xlpm.mm)," ✘ "&MIN(_xlpm.mm)&" / "&المدخلات!$B$14))} -> ✔ 18 | Q19: =COUNTIF('25 فريقًا'!$E$4:$E$1999,"* ضد *") -> 246 | R19: =COUNTIF(المدخلات!$I$4:$I$200,$A19) -> 1
A20: 27 | B20: {=ROUND(SUMPRODUCT(1/COUNTIF('بيانات الفرق'!$CD$3:$CD$29,'بيانات الفرق'!$CD$3:$CD$29)),0)} -> 3 | C20: {=_xlfn.TEXTJOIN(" + ",TRUE,COUNTIF('بيانات الفرق'!$CD$3:$CD$29,"المجموعة "&_xlfn.SEQUENCE($B20)))} -> 9 + 9 + 9 | D20: {=_xlfn.LET(_xlpm.c,COUNTIF('بيانات الفرق'!$CD$3:$CD$29,"المجموعة "&_xlfn.SEQUENCE($B20)),_xlpm.mm,AVERAGEIFS('بيانات الفرق'!$CE$3:$CE$29,'بيانات الفرق'!$CD$3:$CD$29,"المجموعة "&_xlfn.SEQUENCE($B20)),_xlfn.TEXTJOIN(" + ",TRUE,_xlpm.mm/(_xlpm.c-1)))} -> 2 + 2 + 2 | E20: {=_xlfn.LET(_xlpm.c,COUNTIF('بيانات الفرق'!$CD$3:$CD$29,"المجموعة "&_xlfn.SEQUENCE($B20)),_xlpm.mm,AVERAGEIFS('بيانات الفرق'!$CE$3:$CE$29,'بيانات الفرق'!$CD$3:$CD$29,"المجموعة "&_xlfn.SEQUENCE($B20)),_xlfn.TEXTJOIN(" + ",TRUE,_xlpm.mm))} -> 16 + 16 + 16 | F20: =IF($B20>MAX(المدخلات!$B$17:$B$20),"—",LOOKUP($B20,المدخلات!$A$17:$A$20,المدخلات!$C$17:$C$20)) -> نصف نهائي ثم نهائي | G20: =_xlfn.MAXIFS('27 فريقًا'!$A$4:$A$1999,'27 فريقًا'!$E$4:$E$1999,"* ضد *",'27 فريقًا'!$E$4:$E$1999,"<>*فائز*",'27 فريقًا'!$E$4:$E$1999,"<>*أول المجموعة*",'27 فريقًا'!$E$4:$E$1999,"<>*أفضل ثانٍ*") -> 18 | H20: =$I20-$G20 -> 2 | I20: =_xlfn.MAXIFS('27 فريقًا'!$A$4:$A$1999,'27 فريقًا'!$E$4:$E$1999,"* ضد *") -> 20 | J20: =MOD(HOUR(المدخلات!$B$4)-1,12)+1&":"&TEXT(MINUTE(المدخلات!$B$4),"00")&IF(HOUR(المدخلات!$B$4)<12," ص"," م") -> 4:00 م | K20: {=_xlfn.LET(_xlpm.p,SUMPRODUCT(MAX((COUNTIF('27 فريقًا'!$B$4:$B$1999,المدخلات!$F$4:$F$7)>0)*(المدخلات!$F$4:$F$7<>"")*ROW(المدخلات!$F$4:$F$7)))-3,_xlpm.t,INDEX(المدخلات!$F$4:$F$7,_xlpm.p),TRIM(MID(_xlpm.t,FIND("–",_xlpm.t)+1,20)))} -> 7:50 م | L20: =_xlfn.MAXIFS('27 فريقًا'!$C$4:$C$1999,'27 فريقًا'!$E$4:$E$1999,"* ضد *") -> 4 | M20: =ROUNDUP($L20/المدخلات!$B$9,0) -> 2 | N20: {=IF(MIN(COUNTIF('بيانات الفرق'!$CD$3:$CD$29,"المجموعة "&_xlfn.SEQUENCE($B20)))>=المدخلات!$B$11,"✔ "&MIN(COUNTIF('بيانات الفرق'!$CD$3:$CD$29,"المجموعة "&_xlfn.SEQUENCE($B20))),"✘ "&MIN(COUNTIF('بيانات الفرق'!$CD$3:$CD$29,"المجموعة "&_xlfn.SEQUENCE($B20))))} -> ✔ 9 | O20: =IF($I20<=المدخلات!$B$13,"✔ "&$I20," ⚠ "&$I20&" يوماً — تجاوز السقف ("&المدخلات!$B$13&") لضمان "&المدخلات!$B$14&" مباراة") -> ✔ 20 | P20: {=_xlfn.LET(_xlpm.c,COUNTIF('بيانات الفرق'!$CD$3:$CD$29,"المجموعة "&_xlfn.SEQUENCE($B20)),_xlpm.mm,AVERAGEIFS('بيانات الفرق'!$CE$3:$CE$29,'بيانات الفرق'!$CD$3:$CD$29,"المجموعة "&_xlfn.SEQUENCE($B20)),IF(MIN(_xlpm.mm)>=المدخلات!$B$14,"✔ "&MIN(_xlpm.mm)," ✘ "&MIN(_xlpm.mm)&" / "&المدخلات!$B$14))} -> ✔ 16 | Q20: =COUNTIF('27 فريقًا'!$E$4:$E$1999,"* ضد *") -> 219 | R20: =COUNTIF(المدخلات!$I$4:$I$200,$A20) -> 2
A21: 29 | B21: {=ROUND(SUMPRODUCT(1/COUNTIF('بيانات الفرق'!$CI$3:$CI$31,'بيانات الفرق'!$CI$3:$CI$31)),0)} -> 3 | C21: {=_xlfn.TEXTJOIN(" + ",TRUE,COUNTIF('بيانات الفرق'!$CI$3:$CI$31,"المجموعة "&_xlfn.SEQUENCE($B21)))} -> 9 + 10 + 10 | D21: {=_xlfn.LET(_xlpm.c,COUNTIF('بيانات الفرق'!$CI$3:$CI$31,"المجموعة "&_xlfn.SEQUENCE($B21)),_xlpm.mm,AVERAGEIFS('بيانات الفرق'!$CJ$3:$CJ$31,'بيانات الفرق'!$CI$3:$CI$31,"المجموعة "&_xlfn.SEQUENCE($B21)),_xlfn.TEXTJOIN(" + ",TRUE,_xlpm.mm/(_xlpm.c-1)))} -> 2 + 2 + 2 | E21: {=_xlfn.LET(_xlpm.c,COUNTIF('بيانات الفرق'!$CI$3:$CI$31,"المجموعة "&_xlfn.SEQUENCE($B21)),_xlpm.mm,AVERAGEIFS('بيانات الفرق'!$CJ$3:$CJ$31,'بيانات الفرق'!$CI$3:$CI$31,"المجموعة "&_xlfn.SEQUENCE($B21)),_xlfn.TEXTJOIN(" + ",TRUE,_xlpm.mm))} -> 16 + 18 + 18 | F21: =IF($B21>MAX(المدخلات!$B$17:$B$20),"—",LOOKUP($B21,المدخلات!$A$17:$A$20,المدخلات!$C$17:$C$20)) -> نصف نهائي ثم نهائي | G21: =_xlfn.MAXIFS('29 فريقًا'!$A$4:$A$1999,'29 فريقًا'!$E$4:$E$1999,"* ضد *",'29 فريقًا'!$E$4:$E$1999,"<>*فائز*",'29 فريقًا'!$E$4:$E$1999,"<>*أول المجموعة*",'29 فريقًا'!$E$4:$E$1999,"<>*أفضل ثانٍ*") -> 18 | H21: =$I21-$G21 -> 2 | I21: =_xlfn.MAXIFS('29 فريقًا'!$A$4:$A$1999,'29 فريقًا'!$E$4:$E$1999,"* ضد *") -> 20 | J21: =MOD(HOUR(المدخلات!$B$4)-1,12)+1&":"&TEXT(MINUTE(المدخلات!$B$4),"00")&IF(HOUR(المدخلات!$B$4)<12," ص"," م") -> 4:00 م | K21: {=_xlfn.LET(_xlpm.p,SUMPRODUCT(MAX((COUNTIF('29 فريقًا'!$B$4:$B$1999,المدخلات!$F$4:$F$7)>0)*(المدخلات!$F$4:$F$7<>"")*ROW(المدخلات!$F$4:$F$7)))-3,_xlpm.t,INDEX(المدخلات!$F$4:$F$7,_xlpm.p),TRIM(MID(_xlpm.t,FIND("–",_xlpm.t)+1,20)))} -> 7:50 م | L21: =_xlfn.MAXIFS('29 فريقًا'!$C$4:$C$1999,'29 فريقًا'!$E$4:$E$1999,"* ضد *") -> 5 | M21: =ROUNDUP($L21/المدخلات!$B$9,0) -> 3 | N21: {=IF(MIN(COUNTIF('بيانات الفرق'!$CI$3:$CI$31,"المجموعة "&_xlfn.SEQUENCE($B21)))>=المدخلات!$B$11,"✔ "&MIN(COUNTIF('بيانات الفرق'!$CI$3:$CI$31,"المجموعة "&_xlfn.SEQUENCE($B21))),"✘ "&MIN(COUNTIF('بيانات الفرق'!$CI$3:$CI$31,"المجموعة "&_xlfn.SEQUENCE($B21))))} -> ✔ 9 | O21: =IF($I21<=المدخلات!$B$13,"✔ "&$I21," ⚠ "&$I21&" يوماً — تجاوز السقف ("&المدخلات!$B$13&") لضمان "&المدخلات!$B$14&" مباراة") -> ✔ 20 | P21: {=_xlfn.LET(_xlpm.c,COUNTIF('بيانات الفرق'!$CI$3:$CI$31,"المجموعة "&_xlfn.SEQUENCE($B21)),_xlpm.mm,AVERAGEIFS('بيانات الفرق'!$CJ$3:$CJ$31,'بيانات الفرق'!$CI$3:$CI$31,"المجموعة "&_xlfn.SEQUENCE($B21)),IF(MIN(_xlpm.mm)>=المدخلات!$B$14,"✔ "&MIN(_xlpm.mm)," ✘ "&MIN(_xlpm.mm)&" / "&المدخلات!$B$14))} -> ✔ 16 | Q21: =COUNTIF('29 فريقًا'!$E$4:$E$1999,"* ضد *") -> 255 | R21: =COUNTIF(المدخلات!$I$4:$I$200,$A21) -> 1
A22: 35 | B22: {=ROUND(SUMPRODUCT(1/COUNTIF('بيانات الفرق'!$CN$3:$CN$37,'بيانات الفرق'!$CN$3:$CN$37)),0)} -> 2 | C22: {=_xlfn.TEXTJOIN(" + ",TRUE,COUNTIF('بيانات الفرق'!$CN$3:$CN$37,"المجموعة "&_xlfn.SEQUENCE($B22)))} -> 17 + 18 | D22: {=_xlfn.LET(_xlpm.c,COUNTIF('بيانات الفرق'!$CN$3:$CN$37,"المجموعة "&_xlfn.SEQUENCE($B22)),_xlpm.mm,AVERAGEIFS('بيانات الفرق'!$CO$3:$CO$37,'بيانات الفرق'!$CN$3:$CN$37,"المجموعة "&_xlfn.SEQUENCE($B22)),_xlfn.TEXTJOIN(" + ",TRUE,_xlpm.mm/(_xlpm.c-1)))} -> 1 + 1 | E22: {=_xlfn.LET(_xlpm.c,COUNTIF('بيانات الفرق'!$CN$3:$CN$37,"المجموعة "&_xlfn.SEQUENCE($B22)),_xlpm.mm,AVERAGEIFS('بيانات الفرق'!$CO$3:$CO$37,'بيانات الفرق'!$CN$3:$CN$37,"المجموعة "&_xlfn.SEQUENCE($B22)),_xlfn.TEXTJOIN(" + ",TRUE,_xlpm.mm))} -> 16 + 17 | F22: =IF($B22>MAX(المدخلات!$B$17:$B$20),"—",LOOKUP($B22,المدخلات!$A$17:$A$20,المدخلات!$C$17:$C$20)) -> نهائي مباشر | G22: =_xlfn.MAXIFS('35 فريقًا'!$A$4:$A$1999,'35 فريقًا'!$E$4:$E$1999,"* ضد *",'35 فريقًا'!$E$4:$E$1999,"<>*فائز*",'35 فريقًا'!$E$4:$E$1999,"<>*أول المجموعة*",'35 فريقًا'!$E$4:$E$1999,"<>*أفضل ثانٍ*") -> 17 | H22: =$I22-$G22 -> 1 | I22: =_xlfn.MAXIFS('35 فريقًا'!$A$4:$A$1999,'35 فريقًا'!$E$4:$E$1999,"* ضد *") -> 18 | J22: =MOD(HOUR(المدخلات!$B$4)-1,12)+1&":"&TEXT(MINUTE(المدخلات!$B$4),"00")&IF(HOUR(المدخلات!$B$4)<12," ص"," م") -> 4:00 م | K22: {=_xlfn.LET(_xlpm.p,SUMPRODUCT(MAX((COUNTIF('35 فريقًا'!$B$4:$B$1999,المدخلات!$F$4:$F$7)>0)*(المدخلات!$F$4:$F$7<>"")*ROW(المدخلات!$F$4:$F$7)))-3,_xlpm.t,INDEX(المدخلات!$F$4:$F$7,_xlpm.p),TRIM(MID(_xlpm.t,FIND("–",_xlpm.t)+1,20)))} -> 7:50 م | L22: =_xlfn.MAXIFS('35 فريقًا'!$C$4:$C$1999,'35 فريقًا'!$E$4:$E$1999,"* ضد *") -> 6 | M22: =ROUNDUP($L22/المدخلات!$B$9,0) -> 3 | N22: {=IF(MIN(COUNTIF('بيانات الفرق'!$CN$3:$CN$37,"المجموعة "&_xlfn.SEQUENCE($B22)))>=المدخلات!$B$11,"✔ "&MIN(COUNTIF('بيانات الفرق'!$CN$3:$CN$37,"المجموعة "&_xlfn.SEQUENCE($B22))),"✘ "&MIN(COUNTIF('بيانات الفرق'!$CN$3:$CN$37,"المجموعة "&_xlfn.SEQUENCE($B22))))} -> ✔ 17 | O22: =IF($I22<=المدخلات!$B$13,"✔ "&$I22," ⚠ "&$I22&" يوماً — تجاوز السقف ("&المدخلات!$B$13&") لضمان "&المدخلات!$B$14&" مباراة") -> ✔ 18 | P22: {=_xlfn.LET(_xlpm.c,COUNTIF('بيانات الفرق'!$CN$3:$CN$37,"المجموعة "&_xlfn.SEQUENCE($B22)),_xlpm.mm,AVERAGEIFS('بيانات الفرق'!$CO$3:$CO$37,'بيانات الفرق'!$CN$3:$CN$37,"المجموعة "&_xlfn.SEQUENCE($B22)),IF(MIN(_xlpm.mm)>=المدخلات!$B$14,"✔ "&MIN(_xlpm.mm)," ✘ "&MIN(_xlpm.mm)&" / "&المدخلات!$B$14))} -> ✔ 16 | Q22: =COUNTIF('35 فريقًا'!$E$4:$E$1999,"* ضد *") -> 290 | R22: =COUNTIF(المدخلات!$I$4:$I$200,$A22) -> 1
A23: 48 | B23: {=ROUND(SUMPRODUCT(1/COUNTIF('بيانات الفرق'!$CS$3:$CS$50,'بيانات الفرق'!$CS$3:$CS$50)),0)} -> 5 | C23: {=_xlfn.TEXTJOIN(" + ",TRUE,COUNTIF('بيانات الفرق'!$CS$3:$CS$50,"المجموعة "&_xlfn.SEQUENCE($B23)))} -> 9 + 9 + 10 + 10 + 10 | D23: {=_xlfn.LET(_xlpm.c,COUNTIF('بيانات الفرق'!$CS$3:$CS$50,"المجموعة "&_xlfn.SEQUENCE($B23)),_xlpm.mm,AVERAGEIFS('بيانات الفرق'!$CT$3:$CT$50,'بيانات الفرق'!$CS$3:$CS$50,"المجموعة "&_xlfn.SEQUENCE($B23)),_xlfn.TEXTJOIN(" + ",TRUE,_xlpm.mm/(_xlpm.c-1)))} -> 2 + 2 + 2 + 2 + 2 | E23: {=_xlfn.LET(_xlpm.c,COUNTIF('بيانات الفرق'!$CS$3:$CS$50,"المجموعة "&_xlfn.SEQUENCE($B23)),_xlpm.mm,AVERAGEIFS('بيانات الفرق'!$CT$3:$CT$50,'بيانات الفرق'!$CS$3:$CS$50,"المجموعة "&_xlfn.SEQUENCE($B23)),_xlfn.TEXTJOIN(" + ",TRUE,_xlpm.mm))} -> 16 + 16 + 18 + 18 + 18 | F23: =IF($B23>MAX(المدخلات!$B$17:$B$20),"—",LOOKUP($B23,المدخلات!$A$17:$A$20,المدخلات!$C$17:$C$20)) -> ربع نهائي ثم نصف نهائي ثم نهائي | G23: =_xlfn.MAXIFS('48 فريقًا'!$A$4:$A$1999,'48 فريقًا'!$E$4:$E$1999,"* ضد *",'48 فريقًا'!$E$4:$E$1999,"<>*فائز*",'48 فريقًا'!$E$4:$E$1999,"<>*أول المجموعة*",'48 فريقًا'!$E$4:$E$1999,"<>*أفضل ثانٍ*") -> 18 | H23: =$I23-$G23 -> 3 | I23: =_xlfn.MAXIFS('48 فريقًا'!$A$4:$A$1999,'48 فريقًا'!$E$4:$E$1999,"* ضد *") -> 21 | J23: =MOD(HOUR(المدخلات!$B$4)-1,12)+1&":"&TEXT(MINUTE(المدخلات!$B$4),"00")&IF(HOUR(المدخلات!$B$4)<12," ص"," م") -> 4:00 م | K23: {=_xlfn.LET(_xlpm.p,SUMPRODUCT(MAX((COUNTIF('48 فريقًا'!$B$4:$B$1999,المدخلات!$F$4:$F$7)>0)*(المدخلات!$F$4:$F$7<>"")*ROW(المدخلات!$F$4:$F$7)))-3,_xlpm.t,INDEX(المدخلات!$F$4:$F$7,_xlpm.p),TRIM(MID(_xlpm.t,FIND("–",_xlpm.t)+1,20)))} -> 7:50 م | L23: =_xlfn.MAXIFS('48 فريقًا'!$C$4:$C$1999,'48 فريقًا'!$E$4:$E$1999,"* ضد *") -> 8 | M23: =ROUNDUP($L23/المدخلات!$B$9,0) -> 4 | N23: {=IF(MIN(COUNTIF('بيانات الفرق'!$CS$3:$CS$50,"المجموعة "&_xlfn.SEQUENCE($B23)))>=المدخلات!$B$11,"✔ "&MIN(COUNTIF('بيانات الفرق'!$CS$3:$CS$50,"المجموعة "&_xlfn.SEQUENCE($B23))),"✘ "&MIN(COUNTIF('بيانات الفرق'!$CS$3:$CS$50,"المجموعة "&_xlfn.SEQUENCE($B23))))} -> ✔ 9 | O23: =IF($I23<=المدخلات!$B$13,"✔ "&$I23," ⚠ "&$I23&" يوماً — تجاوز السقف ("&المدخلات!$B$13&") لضمان "&المدخلات!$B$14&" مباراة") -> ✔ 21 | P23: {=_xlfn.LET(_xlpm.c,COUNTIF('بيانات الفرق'!$CS$3:$CS$50,"المجموعة "&_xlfn.SEQUENCE($B23)),_xlpm.mm,AVERAGEIFS('بيانات الفرق'!$CT$3:$CT$50,'بيانات الفرق'!$CS$3:$CS$50,"المجموعة "&_xlfn.SEQUENCE($B23)),IF(MIN(_xlpm.mm)>=المدخلات!$B$14,"✔ "&MIN(_xlpm.mm)," ✘ "&MIN(_xlpm.mm)&" / "&المدخلات!$B$14))} -> ✔ 16 | Q23: =COUNTIF('48 فريقًا'!$E$4:$E$1999,"* ضد *") -> 421 | R23: =COUNTIF(المدخلات!$I$4:$I$200,$A23) -> 1
A24: 49 | B24: {=ROUND(SUMPRODUCT(1/COUNTIF('بيانات الفرق'!$CX$3:$CX$51,'بيانات الفرق'!$CX$3:$CX$51)),0)} -> 5 | C24: {=_xlfn.TEXTJOIN(" + ",TRUE,COUNTIF('بيانات الفرق'!$CX$3:$CX$51,"المجموعة "&_xlfn.SEQUENCE($B24)))} -> 9 + 10 + 10 + 10 + 10 | D24: {=_xlfn.LET(_xlpm.c,COUNTIF('بيانات الفرق'!$CX$3:$CX$51,"المجموعة "&_xlfn.SEQUENCE($B24)),_xlpm.mm,AVERAGEIFS('بيانات الفرق'!$CY$3:$CY$51,'بيانات الفرق'!$CX$3:$CX$51,"المجموعة "&_xlfn.SEQUENCE($B24)),_xlfn.TEXTJOIN(" + ",TRUE,_xlpm.mm/(_xlpm.c-1)))} -> 2 + 2 + 2 + 2 + 2 | E24: {=_xlfn.LET(_xlpm.c,COUNTIF('بيانات الفرق'!$CX$3:$CX$51,"المجموعة "&_xlfn.SEQUENCE($B24)),_xlpm.mm,AVERAGEIFS('بيانات الفرق'!$CY$3:$CY$51,'بيانات الفرق'!$CX$3:$CX$51,"المجموعة "&_xlfn.SEQUENCE($B24)),_xlfn.TEXTJOIN(" + ",TRUE,_xlpm.mm))} -> 16 + 18 + 18 + 18 + 18 | F24: =IF($B24>MAX(المدخلات!$B$17:$B$20),"—",LOOKUP($B24,المدخلات!$A$17:$A$20,المدخلات!$C$17:$C$20)) -> ربع نهائي ثم نصف نهائي ثم نهائي | G24: =_xlfn.MAXIFS('49 فريقًا'!$A$4:$A$1999,'49 فريقًا'!$E$4:$E$1999,"* ضد *",'49 فريقًا'!$E$4:$E$1999,"<>*فائز*",'49 فريقًا'!$E$4:$E$1999,"<>*أول المجموعة*",'49 فريقًا'!$E$4:$E$1999,"<>*أفضل ثانٍ*") -> 18 | H24: =$I24-$G24 -> 3 | I24: =_xlfn.MAXIFS('49 فريقًا'!$A$4:$A$1999,'49 فريقًا'!$E$4:$E$1999,"* ضد *") -> 21 | J24: =MOD(HOUR(المدخلات!$B$4)-1,12)+1&":"&TEXT(MINUTE(المدخلات!$B$4),"00")&IF(HOUR(المدخلات!$B$4)<12," ص"," م") -> 4:00 م | K24: {=_xlfn.LET(_xlpm.p,SUMPRODUCT(MAX((COUNTIF('49 فريقًا'!$B$4:$B$1999,المدخلات!$F$4:$F$7)>0)*(المدخلات!$F$4:$F$7<>"")*ROW(المدخلات!$F$4:$F$7)))-3,_xlpm.t,INDEX(المدخلات!$F$4:$F$7,_xlpm.p),TRIM(MID(_xlpm.t,FIND("–",_xlpm.t)+1,20)))} -> 7:50 م | L24: =_xlfn.MAXIFS('49 فريقًا'!$C$4:$C$1999,'49 فريقًا'!$E$4:$E$1999,"* ضد *") -> 8 | M24: =ROUNDUP($L24/المدخلات!$B$9,0) -> 4 | N24: {=IF(MIN(COUNTIF('بيانات الفرق'!$CX$3:$CX$51,"المجموعة "&_xlfn.SEQUENCE($B24)))>=المدخلات!$B$11,"✔ "&MIN(COUNTIF('بيانات الفرق'!$CX$3:$CX$51,"المجموعة "&_xlfn.SEQUENCE($B24))),"✘ "&MIN(COUNTIF('بيانات الفرق'!$CX$3:$CX$51,"المجموعة "&_xlfn.SEQUENCE($B24))))} -> ✔ 9 | O24: =IF($I24<=المدخلات!$B$13,"✔ "&$I24," ⚠ "&$I24&" يوماً — تجاوز السقف ("&المدخلات!$B$13&") لضمان "&المدخلات!$B$14&" مباراة") -> ✔ 21 | P24: {=_xlfn.LET(_xlpm.c,COUNTIF('بيانات الفرق'!$CX$3:$CX$51,"المجموعة "&_xlfn.SEQUENCE($B24)),_xlpm.mm,AVERAGEIFS('بيانات الفرق'!$CY$3:$CY$51,'بيانات الفرق'!$CX$3:$CX$51,"المجموعة "&_xlfn.SEQUENCE($B24)),IF(MIN(_xlpm.mm)>=المدخلات!$B$14,"✔ "&MIN(_xlpm.mm)," ✘ "&MIN(_xlpm.mm)&" / "&المدخلات!$B$14))} -> ✔ 16 | Q24: =COUNTIF('49 فريقًا'!$E$4:$E$1999,"* ضد *") -> 439 | R24: =COUNTIF(المدخلات!$I$4:$I$200,$A24) -> 1
A25: 52 | B25: {=ROUND(SUMPRODUCT(1/COUNTIF('بيانات الفرق'!$DC$3:$DC$54,'بيانات الفرق'!$DC$3:$DC$54)),0)} -> 3 | C25: {=_xlfn.TEXTJOIN(" + ",TRUE,COUNTIF('بيانات الفرق'!$DC$3:$DC$54,"المجموعة "&_xlfn.SEQUENCE($B25)))} -> 17 + 17 + 18 | D25: {=_xlfn.LET(_xlpm.c,COUNTIF('بيانات الفرق'!$DC$3:$DC$54,"المجموعة "&_xlfn.SEQUENCE($B25)),_xlpm.mm,AVERAGEIFS('بيانات الفرق'!$DD$3:$DD$54,'بيانات الفرق'!$DC$3:$DC$54,"المجموعة "&_xlfn.SEQUENCE($B25)),_xlfn.TEXTJOIN(" + ",TRUE,_xlpm.mm/(_xlpm.c-1)))} -> 1 + 1 + 1 | E25: {=_xlfn.LET(_xlpm.c,COUNTIF('بيانات الفرق'!$DC$3:$DC$54,"المجموعة "&_xlfn.SEQUENCE($B25)),_xlpm.mm,AVERAGEIFS('بيانات الفرق'!$DD$3:$DD$54,'بيانات الفرق'!$DC$3:$DC$54,"المجموعة "&_xlfn.SEQUENCE($B25)),_xlfn.TEXTJOIN(" + ",TRUE,_xlpm.mm))} -> 16 + 16 + 17 | F25: =IF($B25>MAX(المدخلات!$B$17:$B$20),"—",LOOKUP($B25,المدخلات!$A$17:$A$20,المدخلات!$C$17:$C$20)) -> نصف نهائي ثم نهائي | G25: =_xlfn.MAXIFS('52 فريقًا'!$A$4:$A$1999,'52 فريقًا'!$E$4:$E$1999,"* ضد *",'52 فريقًا'!$E$4:$E$1999,"<>*فائز*",'52 فريقًا'!$E$4:$E$1999,"<>*أول المجموعة*",'52 فريقًا'!$E$4:$E$1999,"<>*أفضل ثانٍ*") -> 17 | H25: =$I25-$G25 -> 2 | I25: =_xlfn.MAXIFS('52 فريقًا'!$A$4:$A$1999,'52 فريقًا'!$E$4:$E$1999,"* ضد *") -> 19 | J25: =MOD(HOUR(المدخلات!$B$4)-1,12)+1&":"&TEXT(MINUTE(المدخلات!$B$4),"00")&IF(HOUR(المدخلات!$B$4)<12," ص"," م") -> 4:00 م | K25: {=_xlfn.LET(_xlpm.p,SUMPRODUCT(MAX((COUNTIF('52 فريقًا'!$B$4:$B$1999,المدخلات!$F$4:$F$7)>0)*(المدخلات!$F$4:$F$7<>"")*ROW(المدخلات!$F$4:$F$7)))-3,_xlpm.t,INDEX(المدخلات!$F$4:$F$7,_xlpm.p),TRIM(MID(_xlpm.t,FIND("–",_xlpm.t)+1,20)))} -> 7:50 م | L25: =_xlfn.MAXIFS('52 فريقًا'!$C$4:$C$1999,'52 فريقًا'!$E$4:$E$1999,"* ضد *") -> 9 | M25: =ROUNDUP($L25/المدخلات!$B$9,0) -> 5 | N25: {=IF(MIN(COUNTIF('بيانات الفرق'!$DC$3:$DC$54,"المجموعة "&_xlfn.SEQUENCE($B25)))>=المدخلات!$B$11,"✔ "&MIN(COUNTIF('بيانات الفرق'!$DC$3:$DC$54,"المجموعة "&_xlfn.SEQUENCE($B25))),"✘ "&MIN(COUNTIF('بيانات الفرق'!$DC$3:$DC$54,"المجموعة "&_xlfn.SEQUENCE($B25))))} -> ✔ 17 | O25: =IF($I25<=المدخلات!$B$13,"✔ "&$I25," ⚠ "&$I25&" يوماً — تجاوز السقف ("&المدخلات!$B$13&") لضمان "&المدخلات!$B$14&" مباراة") -> ✔ 19 | P25: {=_xlfn.LET(_xlpm.c,COUNTIF('بيانات الفرق'!$DC$3:$DC$54,"المجموعة "&_xlfn.SEQUENCE($B25)),_xlpm.mm,AVERAGEIFS('بيانات الفرق'!$DD$3:$DD$54,'بيانات الفرق'!$DC$3:$DC$54,"المجموعة "&_xlfn.SEQUENCE($B25)),IF(MIN(_xlpm.mm)>=المدخلات!$B$14,"✔ "&MIN(_xlpm.mm)," ✘ "&MIN(_xlpm.mm)&" / "&المدخلات!$B$14))} -> ✔ 16 | Q25: =COUNTIF('52 فريقًا'!$E$4:$E$1999,"* ضد *") -> 428 | R25: =COUNTIF(المدخلات!$I$4:$I$200,$A25) -> 1
A26: 56 | B26: {=ROUND(SUMPRODUCT(1/COUNTIF('بيانات الفرق'!$DH$3:$DH$58,'بيانات الفرق'!$DH$3:$DH$58)),0)} -> 6 | C26: {=_xlfn.TEXTJOIN(" + ",TRUE,COUNTIF('بيانات الفرق'!$DH$3:$DH$58,"المجموعة "&_xlfn.SEQUENCE($B26)))} -> 9 + 9 + 9 + 9 + 10 + 10 | D26: {=_xlfn.LET(_xlpm.c,COUNTIF('بيانات الفرق'!$DH$3:$DH$58,"المجموعة "&_xlfn.SEQUENCE($B26)),_xlpm.mm,AVERAGEIFS('بيانات الفرق'!$DI$3:$DI$58,'بيانات الفرق'!$DH$3:$DH$58,"المجموعة "&_xlfn.SEQUENCE($B26)),_xlfn.TEXTJOIN(" + ",TRUE,_xlpm.mm/(_xlpm.c-1)))} -> 2 + 2 + 2 + 2 + 2 + 2 | E26: {=_xlfn.LET(_xlpm.c,COUNTIF('بيانات الفرق'!$DH$3:$DH$58,"المجموعة "&_xlfn.SEQUENCE($B26)),_xlpm.mm,AVERAGEIFS('بيانات الفرق'!$DI$3:$DI$58,'بيانات الفرق'!$DH$3:$DH$58,"المجموعة "&_xlfn.SEQUENCE($B26)),_xlfn.TEXTJOIN(" + ",TRUE,_xlpm.mm))} -> 16 + 16 + 16 + 16 + 18 + 18 | F26: =IF($B26>MAX(المدخلات!$B$17:$B$20),"—",LOOKUP($B26,المدخلات!$A$17:$A$20,المدخلات!$C$17:$C$20)) -> ربع نهائي ثم نصف نهائي ثم نهائي | G26: =_xlfn.MAXIFS('56 فريقًا'!$A$4:$A$1999,'56 فريقًا'!$E$4:$E$1999,"* ضد *",'56 فريقًا'!$E$4:$E$1999,"<>*فائز*",'56 فريقًا'!$E$4:$E$1999,"<>*أول المجموعة*",'56 فريقًا'!$E$4:$E$1999,"<>*أفضل ثانٍ*") -> 18 | H26: =$I26-$G26 -> 3 | I26: =_xlfn.MAXIFS('56 فريقًا'!$A$4:$A$1999,'56 فريقًا'!$E$4:$E$1999,"* ضد *") -> 21 | J26: =MOD(HOUR(المدخلات!$B$4)-1,12)+1&":"&TEXT(MINUTE(المدخلات!$B$4),"00")&IF(HOUR(المدخلات!$B$4)<12," ص"," م") -> 4:00 م | K26: {=_xlfn.LET(_xlpm.p,SUMPRODUCT(MAX((COUNTIF('56 فريقًا'!$B$4:$B$1999,المدخلات!$F$4:$F$7)>0)*(المدخلات!$F$4:$F$7<>"")*ROW(المدخلات!$F$4:$F$7)))-3,_xlpm.t,INDEX(المدخلات!$F$4:$F$7,_xlpm.p),TRIM(MID(_xlpm.t,FIND("–",_xlpm.t)+1,20)))} -> 7:50 م | L26: =_xlfn.MAXIFS('56 فريقًا'!$C$4:$C$1999,'56 فريقًا'!$E$4:$E$1999,"* ضد *") -> 9 | M26: =ROUNDUP($L26/المدخلات!$B$9,0) -> 5 | N26: {=IF(MIN(COUNTIF('بيانات الفرق'!$DH$3:$DH$58,"المجموعة "&_xlfn.SEQUENCE($B26)))>=المدخلات!$B$11,"✔ "&MIN(COUNTIF('بيانات الفرق'!$DH$3:$DH$58,"المجموعة "&_xlfn.SEQUENCE($B26))),"✘ "&MIN(COUNTIF('بيانات الفرق'!$DH$3:$DH$58,"المجموعة "&_xlfn.SEQUENCE($B26))))} -> ✔ 9 | O26: =IF($I26<=المدخلات!$B$13,"✔ "&$I26," ⚠ "&$I26&" يوماً — تجاوز السقف ("&المدخلات!$B$13&") لضمان "&المدخلات!$B$14&" مباراة") -> ✔ 21 | P26: {=_xlfn.LET(_xlpm.c,COUNTIF('بيانات الفرق'!$DH$3:$DH$58,"المجموعة "&_xlfn.SEQUENCE($B26)),_xlpm.mm,AVERAGEIFS('بيانات الفرق'!$DI$3:$DI$58,'بيانات الفرق'!$DH$3:$DH$58,"المجموعة "&_xlfn.SEQUENCE($B26)),IF(MIN(_xlpm.mm)>=المدخلات!$B$14,"✔ "&MIN(_xlpm.mm)," ✘ "&MIN(_xlpm.mm)&" / "&المدخلات!$B$14))} -> ✔ 16 | Q26: =COUNTIF('56 فريقًا'!$E$4:$E$1999,"* ضد *") -> 475 | R26: =COUNTIF(المدخلات!$I$4:$I$200,$A26) -> 1
A28: إجمالي عدد المباريات لكل البطولات (حسب المجموعات في المدخلات) | B28: =SUMPRODUCT($R$4:$R$26,$Q$4:$Q$26) -> 8469
A29: إجمالي عدد الفرق | B29: =SUM(المدخلات!$I$4:$I$200) -> 912
A30: عدد المجموعات المدخلة | B30: =COUNT(المدخلات!$I$4:$I$200) -> 56
A32: الملاعب القانونية المطلوبة لكل عدد فرق — مقسمة إلى تحت 11 وتحت 12 (حسب المجموعات في Sheet1)
A33: عدد الفرق في المجموعة | B33: الملاعب القانونية لكل مجموعة | C33: عدد المجموعات — تحت 11 | D33: إجمالي الملاعب — تحت 11 | E33: عدد المجموعات — تحت 12 | F33: إجمالي الملاعب — تحت 12 | G33: إجمالي المجموعات | H33: إجمالي الملاعب (الاثنان)
A34: =A4 -> 5 | B34: =M4 -> 1 | C34: =COUNTIFS(Sheet1!$B$2:$B$185,"تحت 11",Sheet1!$F$2:$F$185,$A34) -> 1 | D34: =$B34*C34 -> 1 | E34: =COUNTIFS(Sheet1!$B$2:$B$185,"تحت 12",Sheet1!$F$2:$F$185,$A34) -> 2 | F34: =$B34*E34 -> 2 | G34: =C34+E34 -> 3 | H34: =D34+F34 -> 3
A35: =A5 -> 6 | B35: =M5 -> 1 | C35: =COUNTIFS(Sheet1!$B$2:$B$185,"تحت 11",Sheet1!$F$2:$F$185,$A35) -> 0 | D35: =$B35*C35 -> 0 | E35: =COUNTIFS(Sheet1!$B$2:$B$185,"تحت 12",Sheet1!$F$2:$F$185,$A35) -> 1 | F35: =$B35*E35 -> 1 | G35: =C35+E35 -> 1 | H35: =D35+F35 -> 1
A36: =A6 -> 8 | B36: =M6 -> 1 | C36: =COUNTIFS(Sheet1!$B$2:$B$185,"تحت 11",Sheet1!$F$2:$F$185,$A36) -> 1 | D36: =$B36*C36 -> 1 | E36: =COUNTIFS(Sheet1!$B$2:$B$185,"تحت 12",Sheet1!$F$2:$F$185,$A36) -> 4 | F36: =$B36*E36 -> 4 | G36: =C36+E36 -> 5 | H36: =D36+F36 -> 5
A37: =A7 -> 9 | B37: =M7 -> 1 | C37: =COUNTIFS(Sheet1!$B$2:$B$185,"تحت 11",Sheet1!$F$2:$F$185,$A37) -> 2 | D37: =$B37*C37 -> 2 | E37: =COUNTIFS(Sheet1!$B$2:$B$185,"تحت 12",Sheet1!$F$2:$F$185,$A37) -> 2 | F37: =$B37*E37 -> 2 | G37: =C37+E37 -> 4 | H37: =D37+F37 -> 4
A38: =A8 -> 10 | B38: =M8 -> 1 | C38: =COUNTIFS(Sheet1!$B$2:$B$185,"تحت 11",Sheet1!$F$2:$F$185,$A38) -> 6 | D38: =$B38*C38 -> 6 | E38: =COUNTIFS(Sheet1!$B$2:$B$185,"تحت 12",Sheet1!$F$2:$F$185,$A38) -> 2 | F38: =$B38*E38 -> 2 | G38: =C38+E38 -> 8 | H38: =D38+F38 -> 8
A39: =A9 -> 11 | B39: =M9 -> 1 | C39: =COUNTIFS(Sheet1!$B$2:$B$185,"تحت 11",Sheet1!$F$2:$F$185,$A39) -> 2 | D39: =$B39*C39 -> 2 | E39: =COUNTIFS(Sheet1!$B$2:$B$185,"تحت 12",Sheet1!$F$2:$F$185,$A39) -> 2 | F39: =$B39*E39 -> 2 | G39: =C39+E39 -> 4 | H39: =D39+F39 -> 4
A40: =A10 -> 12 | B40: =M10 -> 1 | C40: =COUNTIFS(Sheet1!$B$2:$B$185,"تحت 11",Sheet1!$F$2:$F$185,$A40) -> 0 | D40: =$B40*C40 -> 0 | E40: =COUNTIFS(Sheet1!$B$2:$B$185,"تحت 12",Sheet1!$F$2:$F$185,$A40) -> 3 | F40: =$B40*E40 -> 3 | G40: =C40+E40 -> 3 | H40: =D40+F40 -> 3
A41: =A11 -> 13 | B41: =M11 -> 1 | C41: =COUNTIFS(Sheet1!$B$2:$B$185,"تحت 11",Sheet1!$F$2:$F$185,$A41) -> 1 | D41: =$B41*C41 -> 1 | E41: =COUNTIFS(Sheet1!$B$2:$B$185,"تحت 12",Sheet1!$F$2:$F$185,$A41) -> 0 | F41: =$B41*E41 -> 0 | G41: =C41+E41 -> 1 | H41: =D41+F41 -> 1
A42: =A12 -> 14 | B42: =M12 -> 1 | C42: =COUNTIFS(Sheet1!$B$2:$B$185,"تحت 11",Sheet1!$F$2:$F$185,$A42) -> 2 | D42: =$B42*C42 -> 2 | E42: =COUNTIFS(Sheet1!$B$2:$B$185,"تحت 12",Sheet1!$F$2:$F$185,$A42) -> 3 | F42: =$B42*E42 -> 3 | G42: =C42+E42 -> 5 | H42: =D42+F42 -> 5
A43: =A13 -> 15 | B43: =M13 -> 2 | C43: =COUNTIFS(Sheet1!$B$2:$B$185,"تحت 11",Sheet1!$F$2:$F$185,$A43) -> 2 | D43: =$B43*C43 -> 4 | E43: =COUNTIFS(Sheet1!$B$2:$B$185,"تحت 12",Sheet1!$F$2:$F$185,$A43) -> 2 | F43: =$B43*E43 -> 4 | G43: =C43+E43 -> 4 | H43: =D43+F43 -> 8
A44: =A14 -> 16 | B44: =M14 -> 2 | C44: =COUNTIFS(Sheet1!$B$2:$B$185,"تحت 11",Sheet1!$F$2:$F$185,$A44) -> 3 | D44: =$B44*C44 -> 6 | E44: =COUNTIFS(Sheet1!$B$2:$B$185,"تحت 12",Sheet1!$F$2:$F$185,$A44) -> 2 | F44: =$B44*E44 -> 4 | G44: =C44+E44 -> 5 | H44: =D44+F44 -> 10
A45: =A15 -> 18 | B45: =M15 -> 2 | C45: =COUNTIFS(Sheet1!$B$2:$B$185,"تحت 11",Sheet1!$F$2:$F$185,$A45) -> 0 | D45: =$B45*C45 -> 0 | E45: =COUNTIFS(Sheet1!$B$2:$B$185,"تحت 12",Sheet1!$F$2:$F$185,$A45) -> 1 | F45: =$B45*E45 -> 2 | G45: =C45+E45 -> 1 | H45: =D45+F45 -> 2
... A56: =A26 -> 56 | B56: =M26 -> 5 | C56: =COUNTIFS(Sheet1!$B$2:$B$185,"تحت 11",Sheet1!$F$2:$F$185,$A56) -> 0 | D56: =$B56*C56 -> 0 | E56: =COUNTIFS(Sheet1!$B$2:$B$185,"تحت 12",Sheet1!$F$2:$F$185,$A56) -> 1 | F56: =$B56*E56 -> 5 | G56: =C56+E56 -> 1 | H56: =D56+F56 -> 5
A57: الإجمالي (كل المجموعات تلعب معاً) | C57: =SUM(C34:C56) -> 26 | D57: =SUM(D34:D56) -> 43 | E57: =SUM(E34:E56) -> 30 | F57: =SUM(F34:F56) -> 47 | G57: =SUM(G34:G56) -> 56 | H57: =SUM(H34:H56) -> 90
A58: أكبر احتياج لمجموعة واحدة (لو تُلعب بالتتابع) | C58: =_xlfn.MAXIFS($B$34:$B$56,C34:C56,">0") -> 5 | E58: =_xlfn.MAXIFS($B$34:$B$56,E34:E56,">0") -> 5 | G58: =_xlfn.MAXIFS($B$34:$B$56,G34:G56,">0") -> 5
A59: تحقق: المجموعات = عدد المجموعات المدخلة | B59: =IF(G57=B30,"✔ "&G57,"✘ "&G57&" ≠ "&B30) -> ✔ 56
A61: عدد الملاعب المطلوب (تحت 11 ويوم وتحت 12 يوم آخر) = الأكبر من الاثنين | C61: =MAX(D57,F57) -> 47

Sheet 5 فرق
A1: بطولة 5 فرق – تحت 11 / تحت 12
A3: اليوم | B3: الوقت | C3: الملعب | D3: المباراة
A4: 1 | B4: 4:00–5:10 م | C4: 1 | D4: 3 ضد 4
A5: 1 | B5: 5:20–6:30 م | C5: 1 | D5: 2 ضد 5
A6: 2 | B6: 4:00–5:10 م | C6: 1 | D6: 5 ضد 1
A7: 2 | B7: 6:40–7:50 م | C7: 1 | D7: 3 ضد 2
A8: 3 | B8: 5:20–6:30 م | C8: 1 | D8: 5 ضد 3
A9: 3 | B9: 6:40–7:50 م | C9: 1 | D9: 1 ضد 4
A10: 4 | B10: 4:00–5:10 م | C10: 1 | D10: 2 ضد 4
A11: 4 | B11: 5:20–6:30 م | C11: 1 | D11: 3 ضد 1
A12: 5 | B12: 5:20–6:30 م | C12: 1 | D12: 4 ضد 5
A13: 5 | B13: 6:40–7:50 م | C13: 1 | D13: 1 ضد 2
A14: 6 | B14: 4:00–5:10 م | C14: 1 | D14: 5 ضد 2
A15: 6 | B15: 6:40–7:50 م | C15: 1 | D15: 4 ضد 3
... A43: 20 | B43: 5:20–6:30 م | C43: 1 | D43: 5 ضد 4
B46: توزيع الفرق على مجموعة طبرجل — تحت 12 — يُعبّأ بأسماء الفرق
B47: # | C47: الفرق (1-5) | F47: التصنيف
B48: 1 | C48: طبرجل | F48: نادي
B49: 2 | C49: R20 | F49: أكاديمية
B50: 3 | C50: شمال الوادي | F50: أكاديمية
B51: 4 | C51: اكاديمية البندر | F51: أكاديمية
B52: 5 | C52: نخبة طبرجل | F52: أكاديمية
B55: توزيع الفرق على مجموعة القريات — تحت 11 — يُعبّأ بأسماء الفرق
B56: # | C56: الفرق (1-5) | F56: التصنيف
B57: 1 | C57: القريات | F57: نادي
B58: 2 | C58: اشبيلية بارك الرياضية (1) | F58: أكاديمية
B59: 3 | C59: اشبيلية بارك الرياضية (2) | F59: أكاديمية
B60: 4 | C60: وولف | F60: هواة
B61: 5 | C61: باريس الجوف | F61: هواة
B64: توزيع الفرق على مجموعة القريات — تحت 12 — يُعبّأ بأسماء الفرق
B65: # | C65: الفرق (1-5) | F65: التصنيف
B66: 1 | C66: القريات | F66: نادي
B67: 2 | C67: اشبيلية بارك الرياضية (1) | F67: أكاديمية
B68: 3 | C68: اشبيلية بارك الرياضية (2) | F68: أكاديمية
B69: 4 | C69: وولف | F69: هواة
B70: 5 | C70: باريس الجوف | F70: هواة

Sheet 6 فرق
A1: بطولة 6 فرق – تحت 11 / تحت 12
A3: اليوم | B3: الوقت | C3: الملعب | D3: المباراة
A4: 1 | B4: 4:00–5:10 م | C4: 1 | D4: 1 ضد 6
A5: 1 | B5: 5:20–6:30 م | C5: 1 | D5: 2 ضد 5
A6: 1 | B6: 6:40–7:50 م | C6: 1 | D6: 3 ضد 4
A7: 2 | B7: 4:00–5:10 م | C7: 1 | D7: 6 ضد 4
A8: 2 | B8: 5:20–6:30 م | C8: 1 | D8: 1 ضد 5
A9: 2 | B9: 6:40–7:50 م | C9: 1 | D9: 2 ضد 3
A10: 3 | B10: 4:00–5:10 م | C10: 1 | D10: 5 ضد 3
A11: 3 | B11: 5:20–6:30 م | C11: 1 | D11: 6 ضد 2
A12: 3 | B12: 6:40–7:50 م | C12: 1 | D12: 1 ضد 4
A13: 4 | B13: 4:00–5:10 م | C13: 1 | D13: 5 ضد 6
A14: 4 | B14: 5:20–6:30 م | C14: 1 | D14: 1 ضد 3
A15: 4 | B15: 6:40–7:50 م | C15: 1 | D15: 4 ضد 2
... A63: 20 | B63: 6:40–7:50 م | C63: 1 | D63: 6 ضد 3
B66: توزيع الفرق على مجموعة الباحة (الباحة، العقيق) — تحت 12 — يُعبّأ بأسماء الفرق
B67: # | C67: الفرق (1-6) | F67: التصنيف
B68: 1 | C68: الصحراء الرياضية | F68: أكاديمية
B69: 2 | C69: اكاديمية نجوم الباحة | F69: أكاديمية
B70: 3 | C70: اكاديمية مواهب الباحة | F70: أكاديمية
B71: 4 | C71: اكاديمية البشائر الاولى الرياضية | F71: أكاديمية
B72: 5 | C72: اكاديمية اس اف | F72: هواة
B73: 6 | C73: نادي بثرة | F73: هواة

Sheet 8 فرق
A1: بطولة 8 فرق – تحت 11 / تحت 12
A3: اليوم | B3: الوقت | C3: الملعب | D3: المباراة
A4: 1 | B4: 4:00–5:10 م | C4: 1 | D4: 1 ضد 8
A5: 1 | B5: 4:00–5:10 م | C5: 2 | D5: 3 ضد 6
A6: 1 | B6: 5:20–6:30 م | C6: 1 | D6: 4 ضد 5
A7: 1 | B7: 6:40–7:50 م | C7: 1 | D7: 2 ضد 7
A8: 2 | B8: 4:00–5:10 م | C8: 1 | D8: 2 ضد 5
A9: 2 | B9: 4:00–5:10 م | C9: 2 | D9: 3 ضد 4
A10: 2 | B10: 5:20–6:30 م | C10: 1 | D10: 1 ضد 7
A11: 2 | B11: 6:40–7:50 م | C11: 1 | D11: 8 ضد 6
A12: 3 | B12: 5:20–6:30 م | C12: 1 | D12: 1 ضد 6
A13: 3 | B13: 5:20–6:30 م | C13: 2 | D13: 8 ضد 4
A14: 3 | B14: 6:40–7:50 م | C14: 1 | D14: 2 ضد 3
A15: 3 | B15: 6:40–7:50 م | C15: 2 | D15: 7 ضد 5
... A87: 21 | B87: 6:40–7:50 م | C87: 1 | D87: 3 ضد 8
B90: توزيع الفرق على مجموعة أحد المسارحة — تحت 11 — يُعبّأ بأسماء الفرق
B91: # | C91: الفرق (1-8) | F91: التصنيف
B92: 1 | C92: الوسام | F92: هواة
B93: 2 | C93: الوحوش | F93: هواة
B94: 3 | C94: تعاون الشعفولية | F94: هواة
B95: 4 | C95: السويديه | F95: هواة
B96: 5 | C96: احلام النورس | F96: هواة
B97: 6 | C97: ساحل الوحلة | F97: هواة
B98: 7 | C98: جحا | F98: هواة
B99: 8 | C99: سمبدوريا المسارحة | F99: هواة
B102: توزيع الفرق على مجموعة أملج (ينبع، أملج) — تحت 12 — يُعبّأ بأسماء الفرق
B103: # | C103: الفرق (1-8) | F103: التصنيف
B104: 1 | C104: رضوي (1) | F104: نادي
B105: 2 | C105: رضوي (2) | F105: نادي
B106: 3 | C106: اكاديمية الاقوياء الرياضية ينبع | F106: أكاديمية
B107: 4 | C107: نجم الجيل الرياضية (1) | F107: أكاديمية
B108: 5 | C108: نجم الجيل الرياضية (2) | F108: أكاديمية
B109: 6 | C109: اكاديمية K1 الرياضية | F109: أكاديمية
B110: 7 | C110: فيفا املج | F110: هواة
B111: 8 | C111: اكاديمية ناين ون | F111: هواة
B114: توزيع الفرق على مجموعة مركز الرفيعة — تحت 12 — يُعبّأ بأسماء الفرق
B115: # | C115: الفرق (1-8) | F115: التصنيف
B116: 1 | C116: قرية العليا | F116: أكاديمية
B117: 2 | C117: نخبة الصمان | F117: هواة
B118: 3 | C118: النخبوي | F118: هواة
B119: 4 | C119: اجيال اللهابه | F119: هواة
B120: 5 | C120: نجوم الرفاع | F120: هواة
B121: 6 | C121: مواهب الشيحية | F121: هواة
B122: 7 | C122: صقور الرفيعة | F122: هواة
B123: 8 | C123: شباب السعيره | F123: هواة
B126: توزيع الفرق على مجموعة نجران — تحت 12 — يُعبّأ بأسماء الفرق
B127: # | C127: الفرق (1-8) | F127: التصنيف
B128: 1 | C128: إيزوف | F128: أكاديمية
B129: 2 | C129: نجوم لوسيل | F129: أكاديمية
B130: 3 | C130: اكاديمية سهيل (1) | F130: أكاديمية
B131: 4 | C131: اكاديمية سهيل (2) | F131: أكاديمية
B132: 5 | C132: الوداد الشرقي | F132: أكاديمية
B133: 6 | C133: اكاديمية موهبه اجيال المنصورة | F133: أكاديمية
B134: 7 | C134: موهبة الاجيال | F134: أكاديمية
B135: 8 | C135: رواد الكرة | F135: أكاديمية
B138: توزيع الفرق على مجموعة أحد المسارحة — تحت 12 — يُعبّأ بأسماء الفرق
B139: # | C139: الفرق (1-8) | F139: التصنيف
B140: 1 | C140: الوسام | F140: هواة
B141: 2 | C141: الوحوش | F141: هواة
B142: 3 | C142: تعاون الشعفولية | F142: هواة
B143: 4 | C143: السويديه | F143: هواة
B144: 5 | C144: احلام النورس | F144: هواة
B145: 6 | C145: ساحل الوحلة | F145: هواة
B146: 7 | C146: جحا | F146: هواة
B147: 8 | C147: سمبدوريا المسارحة | F147: هواة

Sheet 9 فرق
A1: بطولة 9 فرق – تحت 11 / تحت 12
A3: اليوم | B3: الوقت | C3: الملعب | D3: المباراة
A4: 1 | B4: 4:00–5:10 م | C4: 1 | D4: 2 ضد 9
A5: 1 | B5: 5:20–6:30 م | C5: 1 | D5: 3 ضد 8
A6: 1 | B6: 5:20–6:30 م | C6: 2 | D6: 5 ضد 6
A7: 1 | B7: 6:40–7:50 م | C7: 1 | D7: 4 ضد 7
A8: 2 | B8: 4:00–5:10 م | C8: 1 | D8: 3 ضد 6
A9: 2 | B9: 4:00–5:10 م | C9: 2 | D9: 4 ضد 5
A10: 2 | B10: 5:20–6:30 م | C10: 1 | D10: 1 ضد 9
A11: 2 | B11: 6:40–7:50 م | C11: 1 | D11: 2 ضد 7
A12: 3 | B12: 4:00–5:10 م | C12: 1 | D12: 9 ضد 7
A13: 3 | B13: 5:20–6:30 م | C13: 1 | D13: 2 ضد 5
A14: 3 | B14: 5:20–6:30 م | C14: 2 | D14: 3 ضد 4
A15: 3 | B15: 6:40–7:50 م | C15: 1 | D15: 1 ضد 8
... A75: 18 | B75: 6:40–7:50 م | C75: 1 | D75: 8 ضد 5
B78: توزيع الفرق على مجموعة تبوك — تحت 11 — يُعبّأ بأسماء الفرق
B79: # | C79: الفرق (1-9) | F79: التصنيف
B80: 1 | C80: الحوراء | F80: نادي
B81: 2 | C81: الكاسر (1) | F81: أكاديمية
B82: 3 | C82: الكاسر (2) | F82: أكاديمية
B83: 4 | C83: اكاديمية E9 (1) | F83: أكاديمية
B84: 5 | C84: اكاديمية E9 (2) | F84: أكاديمية
B85: 6 | C85: اكاديمية بيتيس تبوك | F85: هواة
B86: 7 | C86: نمور تبوك | F86: هواة
B87: 8 | C87: اكاديمية الامبراطور تبوك | F87: هواة
B88: 9 | C88: اكاديمية سمارت تبوك | F88: هواة
B91: توزيع الفرق على مجموعة مركز الرفيعة — تحت 11 — يُعبّأ بأسماء الفرق
B92: # | C92: الفرق (1-9) | F92: التصنيف
B93: 1 | C93: قرية العليا | F93: أكاديمية
B94: 2 | C94: نخبة الصمان | F94: هواة
B95: 3 | C95: النخبوي | F95: هواة
B96: 4 | C96: اجيال اللهابه | F96: هواة
B97: 5 | C97: نجوم الرفاع | F97: هواة
B98: 6 | C98: مواهب الشيحية | F98: هواة
B99: 7 | C99: القمه مركز الرفيعة | F99: هواة
B100: 8 | C100: صقور الرفيعة | F100: هواة
B101: 9 | C101: شباب السعيره | F101: هواة
B104: توزيع الفرق على مجموعة تبوك — تحت 12 — يُعبّأ بأسماء الفرق
B105: # | C105: الفرق (1-9) | F105: التصنيف
B106: 1 | C106: الحوراء | F106: نادي
B107: 2 | C107: الكاسر | F107: أكاديمية
B108: 3 | C108: اكاديمية E9 (1) | F108: أكاديمية
B109: 4 | C109: اكاديمية E9 (2) | F109: أكاديمية
B110: 5 | C110: اكاديمية بيتيس تبوك | F110: هواة
B111: 6 | C111: نمور تبوك | F111: هواة
B112: 7 | C112: اكاديمية الامبراطور تبوك | F112: هواة
B113: 8 | C113: هواة تبوك | F113: هواة
B114: 9 | C114: اكاديمية سمارت تبوك | F114: هواة
B117: توزيع الفرق على مجموعة سكاكا (سكاكا، دومة الجندل) — تحت 12 — يُعبّأ بأسماء الفرق
B118: # | C118: الفرق (1-9) | F118: التصنيف
B119: 1 | C119: الجندل | F119: نادي
B120: 2 | C120: الانطلاق | F120: نادي
B121: 3 | C121: نادي القلعة | F121: نادي
B122: 4 | C122: العروبة | F122: نادي
B123: 5 | C123: أجيال الحياة | F123: أكاديمية
B124: 6 | C124: اكاديمية الجوبة الرياضية | F124: أكاديمية
B125: 7 | C125: اكاديمية المواهب | F125: أكاديمية
B126: 8 | C126: المتحد بالجوف | F126: هواة
B127: 9 | C127: الردع | F127: هواة

Sheet 10 فرق
A1: بطولة 10 فرق – تحت 11 / تحت 12
A3: اليوم | B3: الوقت | C3: الملعب | D3: المباراة
A4: 1 | B4: 4:00–5:10 م | C4: 1 | D4: 2 ضد 9
A5: 1 | B5: 4:00–5:10 م | C5: 2 | D5: 4 ضد 7
A6: 1 | B6: 5:20–6:30 م | C6: 1 | D6: 1 ضد 10
A7: 1 | B7: 6:40–7:50 م | C7: 1 | D7: 3 ضد 8
A8: 1 | B8: 6:40–7:50 م | C8: 2 | D8: 5 ضد 6
A9: 2 | B9: 4:00–5:10 م | C9: 1 | D9: 6 ضد 3
A10: 2 | B10: 4:00–5:10 م | C10: 2 | D10: 8 ضد 10
A11: 2 | B11: 5:20–6:30 م | C11: 1 | D11: 5 ضد 4
A12: 2 | B12: 5:20–6:30 م | C12: 2 | D12: 7 ضد 2
A13: 2 | B13: 6:40–7:50 م | C13: 1 | D13: 9 ضد 1
A14: 3 | B14: 4:00–5:10 م | C14: 1 | D14: 2 ضد 5
A15: 3 | B15: 4:00–5:10 م | C15: 2 | D15: 9 ضد 7
... A93: 18 | B93: 6:40–7:50 م | C93: 1 | D93: 10 ضد 3
B96: توزيع الفرق على مجموعة سكاكا (سكاكا، دومة الجندل) — تحت 11 — يُعبّأ بأسماء الفرق
B97: # | C97: الفرق (1-10) | F97: التصنيف
B98: 1 | C98: الجندل | F98: نادي
B99: 2 | C99: الانطلاق | F99: نادي
B100: 3 | C100: نادي القلعة | F100: نادي
B101: 4 | C101: العروبة | F101: نادي
B102: 5 | C102: أجيال الحياة | F102: أكاديمية
B103: 6 | C103: اكاديمية الجوبة الرياضية (1) | F103: أكاديمية
B104: 7 | C104: اكاديمية الجوبة الرياضية (2) | F104: أكاديمية
B105: 8 | C105: اكاديمية المواهب | F105: أكاديمية
B106: 9 | C106: المتحد بالجوف | F106: هواة
B107: 10 | C107: الردع | F107: هواة
B110: توزيع الفرق على مجموعة الخرج (الخرج، الدلم) — تحت 11 — يُعبّأ بأسماء الفرق
B111: # | C111: الفرق (1-10) | F111: التصنيف
B112: 1 | C112: الشعلة | F112: نادي
B113: 2 | C113: نادي الشرق | F113: نادي
B114: 3 | C114: اكاديمية ارتس فوتبول | F114: أكاديمية
B115: 4 | C115: نادي بدي هيلث الرياضي | F115: أكاديمية
B116: 5 | C116: سبورت اكس | F116: أكاديمية
B117: 6 | C117: اكاديمية الكأس الرياضية (1) | F117: أكاديمية
B118: 7 | C118: اكاديمية الكأس الرياضية (2) | F118: أكاديمية
B119: 8 | C119: اكاديمية موهبة نعجان | F119: هواة
B120: 9 | C120: باتي قول | F120: هواة
B121: 10 | C121: مدارس الجامعة | F121: هواة
B124: توزيع الفرق على مجموعة أبها (أبها، خميس مشيط) — تحت 11 — يُعبّأ بأسماء الفرق
B125: # | C125: الفرق (1-10) | F125: التصنيف
B126: 1 | C126: ضمك | F126: نادي
B127: 2 | C127: الرواد الرياضية | F127: أكاديمية
B128: 3 | C128: مستقبل الخميس (1) | F128: أكاديمية
B129: 4 | C129: مستقبل الخميس (2) | F129: أكاديمية
B130: 5 | C130: اكاديمية نجوم الاوائل | F130: أكاديمية
B131: 6 | C131: براعم الموهوبين | F131: أكاديمية
B132: 7 | C132: نخبة رواد القمة | F132: أكاديمية
B133: 8 | C133: اكاديمية تندحة الرياضية | F133: هواة
B134: 9 | C134: زعيم الجنوب | F134: هواة
B135: 10 | C135: اكاديمية الرجاء | F135: هواة
B138: توزيع الفرق على مجموعة جازان — تحت 11 — يُعبّأ بأسماء الفرق
B139: # | C139: الفرق (1-10) | F139: التصنيف
B140: 1 | C140: التهامي (1) | F140: نادي
B141: 2 | C141: التهامي (2) | F141: نادي
B142: 3 | C142: ستار ون | F142: أكاديمية
B143: 4 | C143: سحار | F143: هواة
B144: 5 | C144: الجاردن | F144: هواة
B145: 6 | C145: العدايا | F145: هواة
B146: 7 | C146: النجوم بجازان | F146: هواة
B147: 8 | C147: سانتوس جيزان | F147: هواة
B148: 9 | C148: صقور الوادي | F148: هواة
B149: 10 | C149: فريق منشبة | F149: هواة
B152: توزيع الفرق على مجموعة أبو عريش — تحت 11 — يُعبّأ بأسماء الفرق
B153: # | C153: الفرق (1-10) | F153: التصنيف
B154: 1 | C154: أمجاد الخشابية | F154: هواة
B155: 2 | C155: الكواكب ابو عريش | F155: هواة
B156: 3 | C156: مستقبل الخضراء | F156: هواة
B157: 4 | C157: شباب حاكمة ابي عريش | F157: هواة
B158: 5 | C158: الجوه | F158: هواة
B159: 6 | C159: احلام العبادلة | F159: هواة
B160: 7 | C160: صقور قامرة جازان | F160: هواة
B161: 8 | C161: الهلال الشرقي | F161: هواة
B162: 9 | C162: فريق الخليج بأبو عريش | F162: هواة
B163: 10 | C163: هواة احلام الريان | F163: هواة
B166: توزيع الفرق على مجموعة صامطة — تحت 11 — يُعبّأ بأسماء الفرق
B167: # | C167: الفرق (1-10) | F167: التصنيف
B168: 1 | C168: حطين | F168: نادي
B169: 2 | C169: الهدف الخامس | F169: أكاديمية
B170: 3 | C170: إتحاد صامطة | F170: هواة
B171: 4 | C171: التضامن | F171: هواة
B172: 5 | C172: تعاون ديحمة | F172: هواة
B173: 6 | C173: تعاون الطرشية | F173: هواة
B174: 7 | C174: زين المباركة | F174: هواة
B175: 8 | C175: سامبا الوتد | F175: هواة
B176: 9 | C176: أبو حجر | F176: هواة
B177: 10 | C177: نجوم صامطة | F177: هواة
B180: توزيع الفرق على مجموعة أبو عريش — تحت 12 — يُعبّأ بأسماء الفرق
B181: # | C181: الفرق (1-10) | F181: التصنيف
B182: 1 | C182: أمجاد الخشابية | F182: هواة
B183: 2 | C183: الكواكب ابو عريش | F183: هواة
B184: 3 | C184: مستقبل الخضراء | F184: هواة
B185: 4 | C185: شباب حاكمة ابي عريش | F185: هواة
B186: 5 | C186: الجوه | F186: هواة
B187: 6 | C187: احلام العبادلة | F187: هواة
B188: 7 | C188: صقور قامرة جازان | F188: هواة
B189: 8 | C189: الهلال الشرقي | F189: هواة
B190: 9 | C190: فريق الخليج بأبو عريش | F190: هواة
B191: 10 | C191: هواة احلام الريان | F191: هواة
B194: توزيع الفرق على مجموعة صامطة — تحت 12 — يُعبّأ بأسماء الفرق
...

Sheet 11 فريقًا
A1: بطولة 11 فريقًا – تحت 11 / تحت 12
A3: اليوم | B3: الوقت | C3: الملعب | D3: المباراة
A4: 1 | B4: 4:00–5:10 م | C4: 1 | D4: 3 ضد 10
A5: 1 | B5: 4:00–5:10 م | C5: 2 | D5: 4 ضد 9
A6: 1 | B6: 5:20–6:30 م | C6: 1 | D6: 5 ضد 8
A7: 1 | B7: 6:40–7:50 م | C7: 1 | D7: 2 ضد 11
A8: 1 | B8: 6:40–7:50 م | C8: 2 | D8: 6 ضد 7
A9: 2 | B9: 4:00–5:10 م | C9: 1 | D9: 3 ضد 8
A10: 2 | B10: 4:00–5:10 م | C10: 2 | D10: 5 ضد 6
A11: 2 | B11: 5:20–6:30 م | C11: 1 | D11: 1 ضد 11
A12: 2 | B12: 5:20–6:30 م | C12: 2 | D12: 4 ضد 7
A13: 2 | B13: 6:40–7:50 م | C13: 1 | D13: 2 ضد 9
A14: 3 | B14: 4:00–5:10 م | C14: 1 | D14: 1 ضد 10
A15: 3 | B15: 4:00–5:10 م | C15: 2 | D15: 11 ضد 9
... A113: 22 | B113: 6:40–7:50 م | C113: 2 | D113: 10 ضد 5
B116: توزيع الفرق على مجموعة الرس (البكيرية، الرس، رياض الخبراء، البدائع) — تحت 11 — يُعبّأ بأسماء الفرق
B117: # | C117: الفرق (1-11) | F117: التصنيف
B118: 1 | C118: الفيصلي | F118: نادي
B119: 2 | C119: القصيم (1) | F119: نادي
B120: 3 | C120: القصيم (2) | F120: نادي
B121: 4 | C121: الخلود | F121: نادي
B122: 5 | C122: نادي البدائع | F122: نادي
B123: 6 | C123: الشنانة | F123: أكاديمية
B124: 7 | C124: أتلتيك | F124: أكاديمية
B125: 8 | C125: اكاديمية بلنسية | F125: أكاديمية
B126: 9 | C126: معقل المواهب | F126: هواة
B127: 10 | C127: اكاديمية اربع وعشرين الرياضية | F127: هواة
B128: 11 | C128: الجواهر | F128: هواة
B131: توزيع الفرق على مجموعة الخبر (الظهران، الخبر) — تحت 11 — يُعبّأ بأسماء الفرق
B132: # | C132: الفرق (1-11) | F132: التصنيف
B133: 1 | C133: الاتفاق (1) | F133: نادي
B134: 2 | C134: الاتفاق (2) | F134: نادي
B135: 3 | C135: القادسية (1) | F135: نادي
B136: 4 | C136: القادسية (2) | F136: نادي
B137: 5 | C137: الثقبة | F137: نادي
B138: 6 | C138: خالد مبارك الرياضية | F138: أكاديمية
B139: 7 | C139: قادسية الخبر (1) | F139: أكاديمية
B140: 8 | C140: قادسية الخبر (2) | F140: أكاديمية
B141: 9 | C141: اكاديمية الظهران (1) | F141: أكاديمية
B142: 10 | C142: اكاديمية الظهران (2) | F142: أكاديمية
B143: 11 | C143: شبه الجزيرة | F143: أكاديمية
B146: توزيع الفرق على مجموعة الرس (البكيرية، الرس، رياض الخبراء، البدائع) — تحت 12 — يُعبّأ بأسماء الفرق
B147: # | C147: الفرق (1-11) | F147: التصنيف
B148: 1 | C148: الفيصلي | F148: نادي
B149: 2 | C149: البكيرية | F149: نادي
B150: 3 | C150: القصيم (1) | F150: نادي
B151: 4 | C151: القصيم (2) | F151: نادي
B152: 5 | C152: الخلود | F152: نادي
B153: 6 | C153: نادي الحزم الرياضي | F153: نادي
B154: 7 | C154: نادي البدائع | F154: نادي
B155: 8 | C155: الشنانة | F155: أكاديمية
B156: 9 | C156: الخزامى | F156: أكاديمية
B157: 10 | C157: أتلتيك | F157: أكاديمية
B158: 11 | C158: اكاديمية اربع وعشرين الرياضية | F158: هواة
B161: توزيع الفرق على مجموعة جازان — تحت 12 — يُعبّأ بأسماء الفرق
B162: # | C162: الفرق (1-11) | F162: التصنيف
B163: 1 | C163: التهامي (1) | F163: نادي
B164: 2 | C164: التهامي (2) | F164: نادي
B165: 3 | C165: ستار ون | F165: أكاديمية
B166: 4 | C166: اكاديمية الزعيم | F166: أكاديمية
B167: 5 | C167: سحار | F167: هواة
B168: 6 | C168: الجاردن | F168: هواة
B169: 7 | C169: العدايا | F169: هواة
B170: 8 | C170: النجوم بجازان | F170: هواة
B171: 9 | C171: سانتوس جيزان | F171: هواة
B172: 10 | C172: صقور الوادي | F172: هواة
B173: 11 | C173: فريق منشبة | F173: هواة

Sheet 12 فريقًا
A1: بطولة 12 فريقًا – تحت 11 / تحت 12
A3: اليوم | B3: الوقت | C3: الملعب | D3: المباراة
A4: 1 | B4: 4:00–5:10 م | C4: 1 | D4: 5 ضد 8
A5: 1 | B5: 4:00–5:10 م | C5: 2 | D5: 6 ضد 7
A6: 1 | B6: 5:20–6:30 م | C6: 1 | D6: 2 ضد 11
A7: 1 | B7: 5:20–6:30 م | C7: 2 | D7: 4 ضد 9
A8: 1 | B8: 6:40–7:50 م | C8: 1 | D8: 1 ضد 12
A9: 1 | B9: 6:40–7:50 م | C9: 2 | D9: 3 ضد 10
A10: 2 | B10: 4:00–5:10 م | C10: 1 | D10: 1 ضد 11
A11: 2 | B11: 4:00–5:10 م | C11: 2 | D11: 12 ضد 10
A12: 2 | B12: 5:20–6:30 م | C12: 1 | D12: 3 ضد 8
A13: 2 | B13: 5:20–6:30 م | C13: 2 | D13: 5 ضد 6
A14: 2 | B14: 6:40–7:50 م | C14: 1 | D14: 2 ضد 9
A15: 2 | B15: 6:40–7:50 م | C15: 2 | D15: 4 ضد 7
... A135: 22 | B135: 6:40–7:50 م | C135: 2 | D135: 12 ضد 3
B138: توزيع الفرق على مجموعة حائل (حائل، سميراء) — تحت 12 — يُعبّأ بأسماء الفرق
B139: # | C139: الفرق (1-12) | F139: التصنيف
B140: 1 | C140: الطائي | F140: نادي
B141: 2 | C141: الجبلين | F141: نادي
B142: 3 | C142: الريان | F142: نادي
B143: 4 | C143: قفار | F143: نادي
B144: 5 | C144: سميراء | F144: نادي
B145: 6 | C145: نادي جبة | F145: نادي
B146: 7 | C146: فيد (1) | F146: نادي
B147: 8 | C147: فيد (2) | F147: نادي
B148: 9 | C148: اكاديمية سلمى | F148: أكاديمية
B149: 10 | C149: تكتيك | F149: أكاديمية
B150: 11 | C150: أشبال سهما | F150: هواة
B151: 12 | C151: اكاديمية نيوكاسل | F151: هواة
B154: توزيع الفرق على مجموعة القنفذة (القنفذة، الليث) — تحت 12 — يُعبّأ بأسماء الفرق
B155: # | C155: الفرق (1-12) | F155: التصنيف
B156: 1 | C156: القنفذة | F156: نادي
B157: 2 | C157: تضامن القنفذة بالقوز | F157: أكاديمية
B158: 3 | C158: اكاديمية التدريب الفردي | F158: أكاديمية
B159: 4 | C159: فريق بحلي | F159: هواة
B160: 5 | C160: ثلاثا يبه | F160: هواة
B161: 6 | C161: اتحاد دوقة | F161: هواة
B162: 7 | C162: البرك | F162: هواة
B163: 8 | C163: اكاديمية عز تن | F163: هواة
B164: 9 | C164: شباب الفلحة | F164: هواة
B165: 10 | C165: اكادمية السهم | F165: هواة
B166: 11 | C166: وحدة عنيكر | F166: هواة
B167: 12 | C167: زد ام سي القنفذة | F167: هواة
B170: توزيع الفرق على مجموعة الخبر (الظهران، الخبر) — تحت 12 — يُعبّأ بأسماء الفرق
B171: # | C171: الفرق (1-12) | F171: التصنيف
B172: 1 | C172: الاتفاق (1) | F172: نادي
B173: 2 | C173: الاتفاق (2) | F173: نادي
B174: 3 | C174: القادسية (1) | F174: نادي
B175: 4 | C175: القادسية (2) | F175: نادي
B176: 5 | C176: الثقبة | F176: نادي
B177: 6 | C177: خالد مبارك الرياضية | F177: أكاديمية
B178: 7 | C178: قادسية الخبر (1) | F178: أكاديمية
B179: 8 | C179: قادسية الخبر (2) | F179: أكاديمية
B180: 9 | C180: سما | F180: أكاديمية
B181: 10 | C181: اكاديمية الظهران (1) | F181: أكاديمية
B182: 11 | C182: اكاديمية الظهران (2) | F182: أكاديمية
B183: 12 | C183: شبه الجزيرة | F183: أكاديمية

Sheet 13 فريقًا
A1: بطولة 13 فريقًا – تحت 11 / تحت 12
A3: اليوم | B3: الوقت | C3: الملعب | D3: المجموعة | E3: المباراة
A4: 1 | B4: 4:00–5:10 م | C4: 1 | D4: المجموعة 1 | E4: 2 ضد 5
A5: 1 | B5: 4:00–5:10 م | C5: 2 | D5: المجموعة 2 | E5: 8 ضد 13
A6: 1 | B6: 5:20–6:30 م | C6: 1 | D6: المجموعة 2 | E6: 9 ضد 12
A7: 1 | B7: 5:20–6:30 م | C7: 2 | D7: المجموعة 2 | E7: 10 ضد 11
A8: 1 | B8: 6:40–7:50 م | C8: 1 | D8: المجموعة 1 | E8: 1 ضد 6
A9: 1 | B9: 6:40–7:50 م | C9: 2 | D9: المجموعة 1 | E9: 3 ضد 4
A10: 2 | B10: 4:00–5:10 م | C10: 1 | D10: المجموعة 1 | E10: 1 ضد 5
A11: 2 | B11: 4:00–5:10 م | C11: 2 | D11: المجموعة 2 | E11: 9 ضد 10
A12: 2 | B12: 5:20–6:30 م | C12: 1 | D12: المجموعة 1 | E12: 2 ضد 3
A13: 2 | B13: 5:20–6:30 م | C13: 2 | D13: المجموعة 1 | E13: 6 ضد 4
A14: 2 | B14: 6:40–7:50 م | C14: 1 | D14: المجموعة 2 | E14: 7 ضد 13
A15: 2 | B15: 6:40–7:50 م | C15: 2 | D15: المجموعة 2 | E15: 8 ضد 11
... A127: 22 | B127: 4:00–5:10 م | C127: 1 | D127: الإقصاء | E127: أول المجموعة 1 ضد أول المجموعة 2
B130: توزيع الفرق على مجموعة حائل (حائل، سميراء) — تحت 11 — يُعبّأ بأسماء الفرق
B131: # | C131: المجموعة أ (الفرق 1-6) | F131: التصنيف | I131: # | J131: المجموعة ب (الفرق 7-13) | M131: التصنيف
B132: 1 | C132: فيد (2) | F132: نادي | I132: 7 | J132: فيد (1) | M132: نادي
B133: 2 | C133: سميراء | F133: نادي | I133: 8 | J133: الجبلين | M133: نادي
B134: 3 | C134: الطائي | F134: نادي | I134: 9 | J134: الريان | M134: نادي
B135: 4 | C135: قفار | F135: نادي | I135: 10 | J135: نادي جبة | M135: نادي
B136: 5 | C136: تكتيك | F136: أكاديمية | I136: 11 | J136: مستقبل النخبة | M136: أكاديمية
B137: 6 | C137: أشبال سهما | F137: هواة | I137: 12 | J137: اكاديمية سلمى | M137: أكاديمية
I138: 13 | J138: اكاديمية مستقبل حائل | M138: هواة

Sheet 14 فريقًا
A1: بطولة 14 فريقًا – تحت 11 / تحت 12
A3: اليوم | B3: الوقت | C3: الملعب | D3: المجموعة | E3: المباراة
A4: 1 | B4: 4:00–5:10 م | C4: 1 | D4: المجموعة 1 | E4: 3 ضد 6
A5: 1 | B5: 4:00–5:10 م | C5: 2 | D5: المجموعة 1 | E5: 4 ضد 5
A6: 1 | B6: 5:20–6:30 م | C6: 1 | D6: المجموعة 1 | E6: 2 ضد 7
A7: 1 | B7: 5:20–6:30 م | C7: 2 | D7: المجموعة 2 | E7: 11 ضد 12
A8: 1 | B8: 6:40–7:50 م | C8: 1 | D8: المجموعة 2 | E8: 9 ضد 14
A9: 1 | B9: 6:40–7:50 م | C9: 2 | D9: المجموعة 2 | E9: 10 ضد 13
A10: 2 | B10: 4:00–5:10 م | C10: 1 | D10: المجموعة 1 | E10: 3 ضد 4
A11: 2 | B11: 4:00–5:10 م | C11: 2 | D11: المجموعة 2 | E11: 9 ضد 12
A12: 2 | B12: 5:20–6:30 م | C12: 1 | D12: المجموعة 2 | E12: 8 ضد 14
A13: 2 | B13: 5:20–6:30 م | C13: 2 | D13: المجموعة 2 | E13: 10 ضد 11
A14: 2 | B14: 6:40–7:50 م | C14: 1 | D14: المجموعة 1 | E14: 1 ضد 7
A15: 2 | B15: 6:40–7:50 م | C15: 2 | D15: المجموعة 1 | E15: 2 ضد 5
... A130: 22 | B130: 4:00–5:10 م | C130: 1 | D130: الإقصاء | E130: أول المجموعة 1 ضد أول المجموعة 2
B133: توزيع الفرق على مجموعة الدمام (الدمام، سيهات) — تحت 11 — يُعبّأ بأسماء الفرق
B134: # | C134: المجموعة أ (الفرق 1-7) | F134: التصنيف | I134: # | J134: المجموعة ب (الفرق 8-14) | M134: التصنيف
B135: 1 | C135: وينرز (2) | F135: نادي | I135: 8 | J135: وينرز (1) | M135: نادي
B136: 2 | C136: الخليج | F136: نادي | I136: 9 | J136: الدمام السعودي | M136: نادي
B137: 3 | C137: اكاديمية اجيال التفوق (2) | F137: أكاديمية | I137: 10 | J137: اكاديمية مروم الشرق (1) | M137: أكاديمية
B138: 4 | C138: اكاديمية مروم الشرق (2) | F138: أكاديمية | I138: 11 | J138: اكاديمية اجيال التفوق (1) | M138: أكاديمية
B139: 5 | C139: اكاديمية رايت | F139: أكاديمية | I139: 12 | J139: نيكست تشامبيون | M139: أكاديمية
B140: 6 | C140: الزوري | F140: أكاديمية | I140: 13 | J140: أشبال البراعم | M140: أكاديمية
B141: 7 | C141: مدريدستا | F141: أكاديمية | I141: 14 | J141: اكاديمية قول | M141: أكاديمية
B144: توزيع الفرق على مجموعة القنفذة (القنفذة، الليث) — تحت 11 — يُعبّأ بأسماء الفرق
B145: # | C145: المجموعة أ (الفرق 1-7) | F145: التصنيف | I145: # | J145: المجموعة ب (الفرق 8-14) | M145: التصنيف
B146: 1 | C146: القنفذة | F146: نادي | I146: 8 | J146: اكاديمية التدريب الفردي | M146: أكاديمية
B147: 2 | C147: تضامن القنفذة بالقوز | F147: أكاديمية | I147: 9 | J147: ثلاثا يبه | M147: هواة
B148: 3 | C148: اتحاد دوقة | F148: هواة | I148: 10 | J148: زد ام سي القنفذة | M148: هواة
B149: 4 | C149: النجم بالحويرس | F149: هواة | I149: 11 | J149: وحدة عنيكر | M149: هواة
B150: 5 | C150: اكاديمية عز تن | F150: هواة | I150: 12 | J150: اكاديمية X5 | M150: هواة
B151: 6 | C151: شباب الفلحة | F151: هواة | I151: 13 | J151: الجرد | M151: هواة
B152: 7 | C152: فريق بحلي | F152: هواة | I152: 14 | J152: اكادمية السهم | M152: هواة
B155: توزيع الفرق على مجموعة الدمام (الدمام، سيهات) — تحت 12 — يُعبّأ بأسماء الفرق
B156: # | C156: المجموعة أ (الفرق 1-7) | F156: التصنيف | I156: # | J156: المجموعة ب (الفرق 8-14) | M156: التصنيف
B157: 1 | C157: وينرز (2) | F157: نادي | I157: 8 | J157: وينرز (1) | M157: نادي
B158: 2 | C158: الخليج | F158: نادي | I158: 9 | J158: الدمام السعودي | M158: نادي
B159: 3 | C159: اكاديمية اجيال التفوق (1) | F159: أكاديمية | I159: 10 | J159: اكاديمية اجيال التفوق (2) | M159: أكاديمية
B160: 4 | C160: اسبايرالظهران | F160: أكاديمية | I160: 11 | J160: أشبال البراعم | M160: أكاديمية
B161: 5 | C161: اكاديمية مروم الشرق | F161: أكاديمية | I161: 12 | J161: اكاديمية قول | M161: أكاديمية
B162: 6 | C162: الزوري | F162: أكاديمية | I162: 13 | J162: اكاديمية رايت | M162: أكاديمية
B163: 7 | C163: اكاديمية السوبر الرياضية | F163: أكاديمية | I163: 14 | J163: مدريدستا | M163: أكاديمية
B166: توزيع الفرق على مجموعة الخرج (الخرج، الدلم) — تحت 12 — يُعبّأ بأسماء الفرق
B167: # | C167: المجموعة أ (الفرق 1-7) | F167: التصنيف | I167: # | J167: المجموعة ب (الفرق 8-14) | M167: التصنيف
B168: 1 | C168: نادي السد | F168: نادي | I168: 8 | J168: الشعلة | M168: نادي
B169: 2 | C169: نادي الشرق | F169: نادي | I169: 9 | J169: اكاديمية الكأس الرياضية (1) | M169: أكاديمية
B170: 3 | C170: اكاديمية الكأس الرياضية (2) | F170: أكاديمية | I170: 10 | J170: سبورت اكس | M170: أكاديمية
B171: 4 | C171: نادي بدي هيلث الرياضي | F171: أكاديمية | I171: 11 | J171: اكاديمية ارتس فوتبول | M171: أكاديمية
B172: 5 | C172: اكاديمية موهبة نعجان | F172: هواة | I172: 12 | J172: صفوة جيم | M172: هواة
B173: 6 | C173: مدارس الجامعة | F173: هواة | I173: 13 | J173: اكاديمية اليمامة | M173: هواة
B174: 7 | C174: اكاديمية الدلم | F174: هواة | I174: 14 | J174: باتي قول | M174: هواة
B177: توزيع الفرق على مجموعة القصيم (بريدة، عيون الجواء، المذنب، عنيزة) — تحت 12 — يُعبّأ بأسماء الفرق
B178: # | C178: المجموعة أ (الفرق 1-7) | F178: التصنيف | I178: # | J178: المجموعة ب (الفرق 8-14) | M178: التصنيف
B179: 1 | C179: التعاون | F179: نادي | I179: 8 | J179: الجواء | M179: نادي
B180: 2 | C180: التقدم | F180: نادي | I180: 9 | J180: نادي العربي | M180: نادي
B181: 3 | C181: عيون الجواء | F181: نادي | I181: 10 | J181: اكاديمية موهبة الرياضية (1) | M181: أكاديمية
B182: 4 | C182: اكاديمية موهبة الرياضية (2) | F182: أكاديمية | I182: 11 | J182: اكاديمية نبض القوة | M182: أكاديمية
B183: 5 | C183: ليدرز هاوس | F183: أكاديمية | I183: 12 | J183: تالنت | M183: أكاديمية
B184: 6 | C184: اف 10 شقة (2) | F184: هواة | I184: 13 | J184: اف 10 شقة (1) | M184: هواة
B185: 7 | C185: اكاديمية أبناء | F185: هواة | I185: 14 | J185: اكاديمية تايقرز | M185: هواة

Sheet 15 فريقًا
A1: بطولة 15 فريقًا – تحت 11 / تحت 12
A3: اليوم | B3: الوقت | C3: الملعب | D3: المجموعة | E3: المباراة
A4: 1 | B4: 4:00–5:10 م | C4: 1 | D4: المجموعة 1 | E4: 2 ضد 7
A5: 1 | B5: 4:00–5:10 م | C5: 2 | D5: المجموعة 1 | E5: 4 ضد 5
A6: 1 | B6: 5:20–6:30 م | C6: 1 | D6: المجموعة 2 | E6: 8 ضد 15
A7: 1 | B7: 5:20–6:30 م | C7: 2 | D7: المجموعة 2 | E7: 10 ضد 13
A8: 1 | B8: 5:20–6:30 م | C8: 3 | D8: المجموعة 2 | E8: 11 ضد 12
A9: 1 | B9: 6:40–7:50 م | C9: 1 | D9: المجموعة 1 | E9: 3 ضد 6
A10: 1 | B10: 6:40–7:50 م | C10: 2 | D10: المجموعة 2 | E10: 9 ضد 14
A11: 2 | B11: 4:00–5:10 م | C11: 1 | D11: المجموعة 2 | E11: 9 ضد 12
A12: 2 | B12: 4:00–5:10 م | C12: 2 | D12: المجموعة 2 | E12: 10 ضد 11
A13: 2 | B13: 4:00–5:10 م | C13: 3 | D13: المجموعة 2 | E13: 15 ضد 13
A14: 2 | B14: 5:20–6:30 م | C14: 1 | D14: المجموعة 1 | E14: 3 ضد 4
A15: 2 | B15: 5:20–6:30 م | C15: 2 | D15: المجموعة 2 | E15: 8 ضد 14
... A151: 22 | B151: 4:00–5:10 م | C151: 1 | D151: الإقصاء | E151: أول المجموعة 1 ضد أول المجموعة 2
B154: توزيع الفرق على مجموعة الخفجي — تحت 11 — يُعبّأ بأسماء الفرق
B155: # | C155: المجموعة أ (الفرق 1-7) | F155: التصنيف | I155: # | J155: المجموعة ب (الفرق 8-15) | M155: التصنيف
B156: 1 | C156: العلمين | F156: نادي | I156: 8 | J156: الايمان الرياضية | M156: أكاديمية
B157: 2 | C157: اولمبي الحزم | F157: هواة | I157: 9 | J157: زعيم الخفجي | M157: هواة
B158: 3 | C158: مدرسة الشرق الاهلية | F158: هواة | I158: 10 | J158: نابولي الخفجي | M158: هواة
B159: 4 | C159: مدرسة اجيال الخفجي | F159: هواة | I159: 11 | J159: السهم | M159: هواة
B160: 5 | C160: القانرز | F160: هواة | I160: 12 | J160: ميلان الخفجي | M160: هواة
B161: 6 | C161: حزم الخفجي | F161: هواة | I161: 13 | J161: نجوم الخفجي | M161: هواة
B162: 7 | C162: الفرسان | F162: هواة | I162: 14 | J162: افاق الخفجي | M162: هواة
I163: 15 | J163: اشبال الحديبية | M163: هواة
B166: توزيع الفرق على مجموعة الطائف — تحت 11 — يُعبّأ بأسماء الفرق
B167: # | C167: المجموعة أ (الفرق 1-7) | F167: التصنيف | I167: # | J167: المجموعة ب (الفرق 8-15) | M167: التصنيف
B168: 1 | C168: الوداد الطائفي | F168: نادي | I168: 8 | J168: عكاظ | M168: نادي
B169: 2 | C169: الأغر | F169: نادي | I169: 9 | J169: نخبة بالطايف | M169: أكاديمية
B170: 3 | C170: فالكون | F170: أكاديمية | I170: 10 | J170: نجوم مجد | M170: أكاديمية
B171: 4 | C171: الطموح | F171: هواة | I171: 11 | J171: اكاديمة السامبا | M171: هواة
B172: 5 | C172: اكاديمية الرواد بالطائف | F172: هواة | I172: 12 | J172: شباب الحرمين | M172: هواة
B173: 6 | C173: اكاديمية الجوهره | F173: هواة | I173: 13 | J173: برشا الشطبة | M173: هواة
B174: 7 | C174: إي إس زد الطائف | F174: هواة | I174: 14 | J174: سر النجوم | M174: هواة
I175: 15 | J175: تورنيدو | M175: هواة
B178: توزيع الفرق على مجموعة أبها (أبها، خميس مشيط) — تحت 12 — يُعبّأ بأسماء الفرق
B179: # | C179: المجموعة أ (الفرق 1-7) | F179: التصنيف | I179: # | J179: المجموعة ب (الفرق 8-15) | M179: التصنيف
B180: 1 | C180: اكاديمية تلال ابها (1) | F180: أكاديمية | I180: 8 | J180: ضمك | M180: نادي
B181: 2 | C181: مستقبل الخميس (1) | F181: أكاديمية | I181: 9 | J181: مستقبل الخميس (2) | M181: أكاديمية
B182: 3 | C182: براعم الموهوبين | F182: أكاديمية | I182: 10 | J182: اكاديمية تلال ابها (2) | M182: أكاديمية
B183: 4 | C183: نخبة رواد القمة | F183: أكاديمية | I183: 11 | J183: اكاديمية نجوم الاوائل | M183: أكاديمية
B184: 5 | C184: اكاديمية تندحة الرياضية | F184: هواة | I184: 12 | J184: اكاديمية او اس الرياضية | M184: أكاديمية
B185: 6 | C185: نادي دايموند الرياضي | F185: هواة | I185: 13 | J185: صفوة مواهب الجنوب | M185: هواة
B186: 7 | C186: اكاديمية وهب | F186: هواة | I186: 14 | J186: زعيم الجنوب | M186: هواة
I187: 15 | J187: اكاديمية الرجاء | M187: هواة
B190: توزيع الفرق على مجموعة الخفجي — تحت 12 — يُعبّأ بأسماء الفرق
B191: # | C191: المجموعة أ (الفرق 1-7) | F191: التصنيف | I191: # | J191: المجموعة ب (الفرق 8-15) | M191: التصنيف
B192: 1 | C192: العلمين | F192: نادي | I192: 8 | J192: الايمان الرياضية | M192: أكاديمية
B193: 2 | C193: اولمبي الحزم | F193: هواة | I193: 9 | J193: زعيم الخفجي | M193: هواة
B194: 3 | C194: مدرسة الشرق الاهلية | F194: هواة | I194: 10 | J194: نابولي الخفجي | M194: هواة
B195: 4 | C195: مدرسة اجيال الخفجي | F195: هواة | I195: 11 | J195: السهم | M195: هواة
B196: 5 | C196: القانرز | F196: هواة | I196: 12 | J196: ميلان الخفجي | M196: هواة
B197: 6 | C197: حزم الخفجي | F197: هواة | I197: 13 | J197: نجوم الخفجي | M197: هواة
B198: 7 | C198: الفرسان | F198: هواة | I198: 14 | J198: افاق الخفجي | M198: هواة
I199: 15 | J199: اشبال الحديبية | M199: هواة

Sheet 16 فريقًا
A1: بطولة 16 فريقًا – تحت 11 / تحت 12
A3: اليوم | B3: الوقت | C3: الملعب | D3: المجموعة | E3: المباراة
A4: 1 | B4: 4:00–5:10 م | C4: 1 | D4: المجموعة 1 | E4: 2 ضد 7
A5: 1 | B5: 4:00–5:10 م | C5: 2 | D5: المجموعة 2 | E5: 9 ضد 16
A6: 1 | B6: 4:00–5:10 م | C6: 3 | D6: المجموعة 2 | E6: 11 ضد 14
A7: 1 | B7: 5:20–6:30 م | C7: 1 | D7: المجموعة 1 | E7: 1 ضد 8
A8: 1 | B8: 5:20–6:30 م | C8: 2 | D8: المجموعة 1 | E8: 3 ضد 6
A9: 1 | B9: 5:20–6:30 م | C9: 3 | D9: المجموعة 2 | E9: 10 ضد 15
A10: 1 | B10: 6:40–7:50 م | C10: 1 | D10: المجموعة 1 | E10: 4 ضد 5
A11: 1 | B11: 6:40–7:50 م | C11: 2 | D11: المجموعة 2 | E11: 12 ضد 13
A12: 2 | B12: 4:00–5:10 م | C12: 1 | D12: المجموعة 1 | E12: 3 ضد 4
A13: 2 | B13: 4:00–5:10 م | C13: 2 | D13: المجموعة 1 | E13: 8 ضد 6
A14: 2 | B14: 4:00–5:10 م | C14: 3 | D14: المجموعة 2 | E14: 10 ضد 13
A15: 2 | B15: 5:20–6:30 م | C15: 1 | D15: المجموعة 1 | E15: 1 ضد 7
... A172: 22 | B172: 4:00–5:10 م | C172: 1 | D172: الإقصاء | E172: أول المجموعة 1 ضد أول المجموعة 2
B175: توزيع الفرق على مجموعة القصيم (بريدة، عيون الجواء، المذنب، عنيزة) — تحت 11 — يُعبّأ بأسماء الفرق
B176: # | C176: المجموعة أ (الفرق 1-8) | F176: التصنيف | I176: # | J176: المجموعة ب (الفرق 9-16) | M176: التصنيف
B177: 1 | C177: التقدم | F177: نادي | I177: 9 | J177: عيون الجواء | M177: نادي
B178: 2 | C178: التعاون | F178: نادي | I178: 10 | J178: الصقر | M178: نادي
B179: 3 | C179: نادي العربي | F179: نادي | I179: 11 | J179: شركة نادي الزلفي | M179: نادي
B180: 4 | C180: اكاديمية موهبة الرياضية (2) | F180: أكاديمية | I180: 12 | J180: اكاديمية موهبة الرياضية (1) | M180: أكاديمية
B181: 5 | C181: السرعة الفعالة | F181: أكاديمية | I181: 13 | J181: تالنت | M181: أكاديمية
B182: 6 | C182: ليدرز هاوس | F182: أكاديمية | I182: 14 | J182: اف 10 شقة (1) | M182: هواة
B183: 7 | C183: اف 10 شقة (2) | F183: هواة | I183: 15 | J183: اكاديمية أبناء | M183: هواة
B184: 8 | C184: اكاديمية تايقرز | F184: هواة | I184: 16 | J184: صانع الاهداف | M184: هواة
B187: توزيع الفرق على مجموعة القطيف (القطيف، الجبيل) — تحت 11 — يُعبّأ بأسماء الفرق
B188: # | C188: المجموعة أ (الفرق 1-8) | F188: التصنيف | I188: # | J188: المجموعة ب (الفرق 9-16) | M188: التصنيف
B189: 1 | C189: المحيط | F189: نادي | I189: 9 | J189: الصفا | M189: نادي
B190: 2 | C190: السلام | F190: نادي | I190: 10 | J190: مضر | M190: نادي
B191: 3 | C191: النور | F191: نادي | I191: 11 | J191: الترجي | M191: نادي
B192: 4 | C192: الابتسام | F192: نادي | I192: 12 | J192: نادي الجزيرة | M192: نادي
B193: 5 | C193: الازهر | F193: نادي | I193: 13 | J193: النجوم المضيئة (1) | M193: أكاديمية
B194: 6 | C194: النجوم المضيئة (2) | F194: أكاديمية | I194: 14 | J194: مواهب الدانة | M194: أكاديمية
B195: 7 | C195: كات | F195: أكاديمية | I195: 15 | J195: طائر العقاب | M195: أكاديمية
B196: 8 | C196: اتش اس سبورت | F196: أكاديمية | I196: 16 | J196: الاعب الموهوب | M196: أكاديمية
B199: توزيع الفرق على مجموعة صبيا (صبيا، ضمد) — تحت 11 — يُعبّأ بأسماء الفرق
B200: # | C200: المجموعة أ (الفرق 1-8) | F200: التصنيف | I200: # | J200: المجموعة ب (الفرق 9-16) | M200: التصنيف
B201: 1 | C201: الوطن | F201: نادي | I201: 9 | J201: وفاق الجنوب (2) | M201: أكاديمية
B202: 2 | C202: وفاق الجنوب (1) | F202: أكاديمية | I202: 10 | J202: الليث الابيض | M202: أكاديمية
B203: 3 | C203: اكاديمية ليبرو | F203: أكاديمية | I203: 11 | J203: المحمدية | M203: هواة
B204: 4 | C204: الشاطئ | F204: هواة | I204: 12 | J204: جريبة | M204: هواة
B205: 5 | C205: الجزيرة بالحسيني | F205: هواة | I205: 13 | J205: الصمود | M205: هواة
B206: 6 | C206: العروبة بجخيرة | F206: هواة | I206: 14 | J206: الامجاد ضمد | M206: هواة
B207: 7 | C207: القاضي | F207: هواة | I207: 15 | J207: شباب ابو القعايد | M207: هواة
B208: 8 | C208: جميما | F208: هواة | I208: 16 | J208: السالمية | M208: هواة
B211: توزيع الفرق على مجموعة الطائف — تحت 12 — يُعبّأ بأسماء الفرق
B212: # | C212: المجموعة أ (الفرق 1-8) | F212: التصنيف | I212: # | J212: المجموعة ب (الفرق 9-16) | M212: التصنيف
B213: 1 | C213: الوداد الطائفي | F213: نادي | I213: 9 | J213: عكاظ | M213: نادي
B214: 2 | C214: الأغر | F214: نادي | I214: 10 | J214: فالكون | M214: أكاديمية
B215: 3 | C215: نجوم مجد | F215: أكاديمية | I215: 11 | J215: فارس الحميد الطائف | M215: أكاديمية
B216: 4 | C216: اكاديمية نجم الفرق | F216: أكاديمية | I216: 12 | J216: نخبة بالطايف | M216: أكاديمية
B217: 5 | C217: الكوماندوز | F217: هواة | I217: 13 | J217: الطموح | M217: هواة
B218: 6 | C218: شباب الحرمين | F218: هواة | I218: 14 | J218: برشا الشطبة | M218: هواة
B219: 7 | C219: اكاديمية الجوهره | F219: هواة | I219: 15 | J219: سر النجوم | M219: هواة
B220: 8 | C220: اكاديمة السامبا | F220: هواة | I220: 16 | J220: اكاديمية الرواد بالطائف | M220: هواة
B223: توزيع الفرق على مجموعة صبيا (صبيا، ضمد) — تحت 12 — يُعبّأ بأسماء الفرق
B224: # | C224: المجموعة أ (الفرق 1-8) | F224: التصنيف | I224: # | J224: المجموعة ب (الفرق 9-16) | M224: التصنيف
B225: 1 | C225: الوطن | F225: نادي | I225: 9 | J225: وفاق الجنوب | M225: أكاديمية
B226: 2 | C226: اكاديمية ليبرو | F226: أكاديمية | I226: 10 | J226: الليث الابيض | M226: أكاديمية
B227: 3 | C227: المحمدية | F227: هواة | I227: 11 | J227: الشاطئ | M227: هواة
B228: 4 | C228: جريبة | F228: هواة | I228: 12 | J228: الجزيرة بالحسيني | M228: هواة
B229: 5 | C229: الامجاد ضمد | F229: هواة | I229: 13 | J229: الصمود | M229: هواة
B230: 6 | C230: القاضي | F230: هواة | I230: 14 | J230: العروبة بجخيرة | M230: هواة
B231: 7 | C231: جميما | F231: هواة | I231: 15 | J231: شباب ابو القعايد | M231: هواة
B232: 8 | C232: السالمية | F232: هواة | I232: 16 | J232: زمن الاحتراف | M232: هواة

Sheet 18 فريقًا
A1: بطولة 18 فريقًا – تحت 11 / تحت 12
A3: اليوم | B3: الوقت | C3: الملعب | D3: المجموعة | E3: المباراة
A4: 1 | B4: 4:00–5:10 م | C4: 1 | D4: المجموعة 1 | E4: 1 ضد 18
A5: 1 | B5: 4:00–5:10 م | C5: 2 | D5: المجموعة 1 | E5: 3 ضد 16
A6: 1 | B6: 4:00–5:10 م | C6: 3 | D6: المجموعة 1 | E6: 7 ضد 12
A7: 1 | B7: 5:20–6:30 م | C7: 1 | D7: المجموعة 1 | E7: 4 ضد 15
A8: 1 | B8: 5:20–6:30 م | C8: 2 | D8: المجموعة 1 | E8: 5 ضد 14
A9: 1 | B9: 5:20–6:30 م | C9: 3 | D9: المجموعة 1 | E9: 6 ضد 13
A10: 1 | B10: 6:40–7:50 م | C10: 1 | D10: المجموعة 1 | E10: 2 ضد 17
A11: 1 | B11: 6:40–7:50 م | C11: 2 | D11: المجموعة 1 | E11: 8 ضد 11
A12: 1 | B12: 6:40–7:50 م | C12: 3 | D12: المجموعة 1 | E12: 9 ضد 10
A13: 2 | B13: 4:00–5:10 م | C13: 1 | D13: المجموعة 1 | E13: 2 ضد 15
A14: 2 | B14: 4:00–5:10 م | C14: 2 | D14: المجموعة 1 | E14: 5 ضد 12
A15: 2 | B15: 4:00–5:10 م | C15: 3 | D15: المجموعة 1 | E15: 6 ضد 11
... A156: 17 | B156: 6:40–7:50 م | C156: 3 | D156: المجموعة 1 | E156: 9 ضد 12
B159: توزيع الفرق على مجموعة القطيف (القطيف، الجبيل) — تحت 12 — يُعبّأ بأسماء الفرق
B160: # | C160: الفرق (1-18) | F160: التصنيف
B161: 1 | C161: الترجي | F161: نادي
B162: 2 | C162: المحيط | F162: نادي
B163: 3 | C163: مضر | F163: نادي
B164: 4 | C164: الهدى | F164: نادي
B165: 5 | C165: نادي الجزيرة | F165: نادي
B166: 6 | C166: السلام | F166: نادي
B167: 7 | C167: الازهر | F167: نادي
B168: 8 | C168: الابتسام | F168: نادي
B169: 9 | C169: الصفا | F169: نادي
B170: 10 | C170: النور | F170: نادي
B171: 11 | C171: الاعب الموهوب | F171: أكاديمية
B172: 12 | C172: كات | F172: أكاديمية
... B178: 18 | C178: فالكونز الجبيل | F178: هواة

Sheet 21 فريقًا
A1: بطولة 21 فريقًا – تحت 11 / تحت 12
A3: اليوم | B3: الوقت | C3: الملعب | D3: المجموعة | E3: المباراة
A4: 1 | B4: 4:00–5:10 م | C4: 1 | D4: المجموعة 1 | E4: 3 ضد 20
A5: 1 | B5: 4:00–5:10 م | C5: 2 | D5: المجموعة 1 | E5: 6 ضد 17
A6: 1 | B6: 4:00–5:10 م | C6: 3 | D6: المجموعة 1 | E6: 8 ضد 15
A7: 1 | B7: 5:20–6:30 م | C7: 1 | D7: المجموعة 1 | E7: 7 ضد 16
A8: 1 | B8: 5:20–6:30 م | C8: 2 | D8: المجموعة 1 | E8: 9 ضد 14
A9: 1 | B9: 5:20–6:30 م | C9: 3 | D9: المجموعة 1 | E9: 10 ضد 13
A10: 1 | B10: 6:40–7:50 م | C10: 1 | D10: المجموعة 1 | E10: 2 ضد 21
A11: 1 | B11: 6:40–7:50 م | C11: 2 | D11: المجموعة 1 | E11: 4 ضد 19
A12: 1 | B12: 6:40–7:50 م | C12: 3 | D12: المجموعة 1 | E12: 5 ضد 18
A13: 1 | B13: 6:40–7:50 م | C13: 4 | D13: المجموعة 1 | E13: 11 ضد 12
A14: 2 | B14: 4:00–5:10 م | C14: 1 | D14: المجموعة 1 | E14: 1 ضد 21
A15: 2 | B15: 4:00–5:10 م | C15: 2 | D15: المجموعة 1 | E15: 5 ضد 16
... A213: 21 | B213: 6:40–7:50 م | C213: 3 | D213: المجموعة 1 | E213: 12 ضد 13
B216: توزيع الفرق على مجموعة حفر الباطن — تحت 11 — يُعبّأ بأسماء الفرق
B217: # | C217: الفرق (1-21) | F217: التصنيف
B218: 1 | C218: نادي الحفر | F218: نادي
B219: 2 | C219: الباطن | F219: نادي
B220: 3 | C220: القيصومة | F220: نادي
B221: 4 | C221: مواهب الحفر | F221: أكاديمية
B222: 5 | C222: فيصل الدخيل | F222: أكاديمية
B223: 6 | C223: القمة الرياضية | F223: أكاديمية
B224: 7 | C224: أبطال الروضة | F224: أكاديمية
B225: 8 | C225: اف ستة عشر العالمية (1) | F225: أكاديمية
B226: 9 | C226: اف ستة عشر العالمية (2) | F226: أكاديمية
B227: 10 | C227: مواهب اسباير | F227: أكاديمية
B228: 11 | C228: مواهب السد | F228: أكاديمية
B229: 12 | C229: اكاديمية البلوز | F229: أكاديمية
... B238: 21 | C238: فريق اكاديمية الحفر | F238: هواة

Sheet 22 فريقًا
A1: بطولة 22 فريقًا – تحت 11 / تحت 12
A3: اليوم | B3: الوقت | C3: الملعب | D3: المجموعة | E3: المباراة
A4: 1 | B4: 4:00–5:10 م | C4: 1 | D4: المجموعة 1 | E4: 2 ضد 21
A5: 1 | B5: 4:00–5:10 م | C5: 2 | D5: المجموعة 1 | E5: 8 ضد 15
A6: 1 | B6: 4:00–5:10 م | C6: 3 | D6: المجموعة 1 | E6: 10 ضد 13
A7: 1 | B7: 4:00–5:10 م | C7: 4 | D7: المجموعة 1 | E7: 11 ضد 12
A8: 1 | B8: 5:20–6:30 م | C8: 1 | D8: المجموعة 1 | E8: 1 ضد 22
A9: 1 | B9: 5:20–6:30 م | C9: 2 | D9: المجموعة 1 | E9: 4 ضد 19
A10: 1 | B10: 5:20–6:30 م | C10: 3 | D10: المجموعة 1 | E10: 6 ضد 17
A11: 1 | B11: 6:40–7:50 م | C11: 1 | D11: المجموعة 1 | E11: 3 ضد 20
A12: 1 | B12: 6:40–7:50 م | C12: 2 | D12: المجموعة 1 | E12: 5 ضد 18
A13: 1 | B13: 6:40–7:50 م | C13: 3 | D13: المجموعة 1 | E13: 7 ضد 16
A14: 1 | B14: 6:40–7:50 م | C14: 4 | D14: المجموعة 1 | E14: 9 ضد 14
A15: 2 | B15: 4:00–5:10 م | C15: 1 | D15: المجموعة 1 | E15: 3 ضد 18
... A234: 21 | B234: 6:40–7:50 م | C234: 3 | D234: المجموعة 1 | E234: 12 ضد 13
B237: توزيع الفرق على مجموعة حفر الباطن — تحت 12 — يُعبّأ بأسماء الفرق
B238: # | C238: الفرق (1-22) | F238: التصنيف
B239: 1 | C239: نادي الحفر | F239: نادي
B240: 2 | C240: الباطن | F240: نادي
B241: 3 | C241: القيصومة | F241: نادي
B242: 4 | C242: مواهب الحفر (1) | F242: أكاديمية
B243: 5 | C243: مواهب الحفر (2) | F243: أكاديمية
B244: 6 | C244: فيصل الدخيل | F244: أكاديمية
B245: 7 | C245: القمة الرياضية | F245: أكاديمية
B246: 8 | C246: أبطال الروضة | F246: أكاديمية
B247: 9 | C247: اف ستة عشر العالمية | F247: أكاديمية
B248: 10 | C248: مواهب اسباير | F248: أكاديمية
B249: 11 | C249: مواهب السد | F249: أكاديمية
B250: 12 | C250: اكاديمية البلوز | F250: أكاديمية
... B260: 22 | C260: فريق اكاديمية الحفر | F260: هواة

Sheet 23 فريقًا
A1: بطولة 23 فريقًا – تحت 11 / تحت 12
A3: اليوم | B3: الوقت | C3: الملعب | D3: المجموعة | E3: المباراة
A4: 1 | B4: 4:00–5:10 م | C4: 1 | D4: المجموعة 1 | E4: 3 ضد 10
A5: 1 | B5: 4:00–5:10 م | C5: 2 | D5: المجموعة 1 | E5: 5 ضد 8
A6: 1 | B6: 4:00–5:10 م | C6: 3 | D6: المجموعة 2 | E6: 12 ضد 23
A7: 1 | B7: 4:00–5:10 م | C7: 4 | D7: المجموعة 2 | E7: 15 ضد 20
A8: 1 | B8: 5:20–6:30 م | C8: 1 | D8: المجموعة 1 | E8: 2 ضد 11
A9: 1 | B9: 5:20–6:30 م | C9: 2 | D9: المجموعة 1 | E9: 6 ضد 7
A10: 1 | B10: 5:20–6:30 م | C10: 3 | D10: المجموعة 2 | E10: 13 ضد 22
A11: 1 | B11: 5:20–6:30 م | C11: 4 | D11: المجموعة 2 | E11: 17 ضد 18
A12: 1 | B12: 6:40–7:50 م | C12: 1 | D12: المجموعة 1 | E12: 4 ضد 9
A13: 1 | B13: 6:40–7:50 م | C13: 2 | D13: المجموعة 2 | E13: 14 ضد 21
A14: 1 | B14: 6:40–7:50 م | C14: 3 | D14: المجموعة 2 | E14: 16 ضد 19
A15: 2 | B15: 4:00–5:10 م | C15: 1 | D15: المجموعة 1 | E15: 2 ضد 9
... A246: 23 | B246: 4:00–5:10 م | C246: 1 | D246: الإقصاء | E246: أول المجموعة 1 ضد أول المجموعة 2
B249: توزيع الفرق على مجموعة المدينة المنورة — تحت 11 — يُعبّأ بأسماء الفرق
B250: # | C250: المجموعة أ (الفرق 1-11) | F250: التصنيف | I250: # | J250: المجموعة ب (الفرق 12-23) | M250: التصنيف
B251: 1 | C251: العلا (1) | F251: نادي | I251: 12 | J251: الانصار (2) | M251: نادي
B252: 2 | C252: الانصار (1) | F252: نادي | I252: 13 | J252: العلا (2) | M252: نادي
B253: 3 | C253: السفير (1) | F253: أكاديمية | I253: 14 | J253: أحد | M253: نادي
B254: 4 | C254: مستقبل المتقدمة (1) | F254: أكاديمية | I254: 15 | J254: اكاديمية مجتمعي (2) | M254: أكاديمية
B255: 5 | C255: اكاديمية مجتمعي (1) | F255: أكاديمية | I255: 16 | J255: السفير (2) | M255: أكاديمية
B256: 6 | C256: شباب طيبة | F256: أكاديمية | I256: 17 | J256: مستقبل المتقدمة (2) | M256: أكاديمية
B257: 7 | C257: واعي | F257: أكاديمية | I257: 18 | J257: الكالتشيو | M257: أكاديمية
B258: 8 | C258: اكاديمية الفالي بارك | F258: أكاديمية | I258: 19 | J258: الجيل الجديد | M258: أكاديمية
B259: 9 | C259: البلاك ستارز | F259: هواة | I259: 20 | J259: اكاديمية التحدي | M259: أكاديمية
B260: 10 | C260: اكاديمية نجوم الدعيثة | F260: هواة | I260: 21 | J260: فريق تاج العدالة | M260: هواة
B261: 11 | C261: m 1 | F261: هواة | I261: 22 | J261: اكاديمية الليجا الرياضية | M261: هواة
I262: 23 | J262: نكست جول | M262: هواة

Sheet 25 فريقًا
A1: بطولة 25 فريقًا – تحت 11 / تحت 12
A3: اليوم | B3: الوقت | C3: الملعب | D3: المجموعة | E3: المباراة
A4: 1 | B4: 4:00–5:10 م | C4: 1 | D4: المجموعة 2 | E4: 7 ضد 12
A5: 1 | B5: 4:00–5:10 م | C5: 2 | D5: المجموعة 3 | E5: 13 ضد 18
A6: 1 | B6: 4:00–5:10 م | C6: 3 | D6: المجموعة 4 | E6: 21 ضد 24
A7: 1 | B7: 4:00–5:10 م | C7: 4 | D7: المجموعة 4 | E7: 22 ضد 23
A8: 1 | B8: 5:20–6:30 م | C8: 1 | D8: المجموعة 1 | E8: 2 ضد 5
A9: 1 | B9: 5:20–6:30 م | C9: 2 | D9: المجموعة 1 | E9: 3 ضد 4
A10: 1 | B10: 5:20–6:30 م | C10: 3 | D10: المجموعة 2 | E10: 8 ضد 11
A11: 1 | B11: 5:20–6:30 م | C11: 4 | D11: المجموعة 2 | E11: 9 ضد 10
A12: 1 | B12: 6:40–7:50 م | C12: 1 | D12: المجموعة 1 | E12: 1 ضد 6
A13: 1 | B13: 6:40–7:50 م | C13: 2 | D13: المجموعة 3 | E13: 14 ضد 17
A14: 1 | B14: 6:40–7:50 م | C14: 3 | D14: المجموعة 3 | E14: 15 ضد 16
A15: 1 | B15: 6:40–7:50 م | C15: 4 | D15: المجموعة 4 | E15: 20 ضد 25
... A249: 23 | B249: 4:00–5:10 م | C249: 1 | D249: الإقصاء | E249: فائز نصف النهائي 1 ضد فائز نصف النهائي 2
B252: توزيع الفرق على مجموعة المدينة المنورة — تحت 12 — يُعبّأ بأسماء الفرق
B253: # | C253: المجموعة أ (الفرق 1-6) | F253: التصنيف | I253: # | J253: المجموعة ب (الفرق 7-12) | M253: التصنيف
B254: 1 | C254: الانصار (1) | F254: نادي | I254: 7 | J254: العلا (1) | M254: نادي
B255: 2 | C255: العلا (2) | F255: نادي | I255: 8 | J255: اكاديمية مجتمعي (2) | M255: أكاديمية
B256: 3 | C256: اكاديمية الفالي بارك | F256: أكاديمية | I256: 9 | J256: السفير | M256: أكاديمية
B257: 4 | C257: اشبيلية المدينة الرياضي | F257: أكاديمية | I257: 10 | J257: مستقبل المتقدمة | M257: أكاديمية
B258: 5 | C258: شباب طيبة | F258: أكاديمية | I258: 11 | J258: فريق العقيد | M258: هواة
B259: 6 | C259: نكست جول | F259: هواة | I259: 12 | J259: اكاديمية الليجا الرياضية | M259: هواة
B261: # | C261: المجموعة ج (الفرق 13-18) | F261: التصنيف | I261: # | J261: المجموعة د (الفرق 19-25) | M261: التصنيف
B262: 13 | C262: الذهب الرياضي | F262: نادي | I262: 19 | J262: الانصار (2) | M262: نادي
B263: 14 | C263: اكاديمية مجتمعي (1) | F263: أكاديمية | I263: 20 | J263: أحد | M263: نادي
B264: 15 | C264: اكاديمية الحزام | F264: أكاديمية | I264: 21 | J264: واعي | M264: أكاديمية
B265: 16 | C265: اكاديمية باليرمو | F265: أكاديمية | I265: 22 | J265: الكالتشيو | M265: أكاديمية
B266: 17 | C266: البلاك ستارز | F266: هواة | I266: 23 | J266: اكاديمية التحدي | M266: أكاديمية
B267: 18 | C267: m 1 | F267: هواة | I267: 24 | J267: فريق تاج العدالة | M267: هواة
I268: 25 | J268: اكاديمية نجوم الدعيثة | M268: هواة

Sheet 27 فريقًا
A1: بطولة 27 فريقًا – تحت 11 / تحت 12
A3: اليوم | B3: الوقت | C3: الملعب | D3: المجموعة | E3: المباراة
A4: 1 | B4: 4:00–5:10 م | C4: 1 | D4: المجموعة 2 | E4: 11 ضد 18
A5: 1 | B5: 4:00–5:10 م | C5: 2 | D5: المجموعة 2 | E5: 14 ضد 15
A6: 1 | B6: 4:00–5:10 م | C6: 3 | D6: المجموعة 3 | E6: 22 ضد 25
A7: 1 | B7: 4:00–5:10 م | C7: 4 | D7: المجموعة 3 | E7: 23 ضد 24
A8: 1 | B8: 5:20–6:30 م | C8: 1 | D8: المجموعة 1 | E8: 2 ضد 9
A9: 1 | B9: 5:20–6:30 م | C9: 2 | D9: المجموعة 1 | E9: 4 ضد 7
A10: 1 | B10: 5:20–6:30 م | C10: 3 | D10: المجموعة 2 | E10: 12 ضد 17
A11: 1 | B11: 5:20–6:30 م | C11: 4 | D11: المجموعة 3 | E11: 21 ضد 26
A12: 1 | B12: 6:40–7:50 م | C12: 1 | D12: المجموعة 1 | E12: 3 ضد 8
A13: 1 | B13: 6:40–7:50 م | C13: 2 | D13: المجموعة 1 | E13: 5 ضد 6
A14: 1 | B14: 6:40–7:50 م | C14: 3 | D14: المجموعة 2 | E14: 13 ضد 16
A15: 1 | B15: 6:40–7:50 م | C15: 4 | D15: المجموعة 3 | E15: 20 ضد 27
... A222: 20 | B222: 4:00–5:10 م | C222: 1 | D222: الإقصاء | E222: فائز نصف النهائي 1 ضد فائز نصف النهائي 2
B225: توزيع الفرق على مجموعة مكة المكرمة (مكة المكرمة، الجموم) — تحت 11 — يُعبّأ بأسماء الفرق
B226: # | C226: المجموعة أ (الفرق 1-9) | F226: التصنيف | I226: # | J226: المجموعة ب (الفرق 10-18) | M226: التصنيف
B227: 1 | C227: الوحدة | F227: نادي | I227: 10 | J227: منجم المواهب | M227: نادي
B228: 2 | C228: اكاديمية بناء الانسان الريايضية (2) | F228: أكاديمية | I228: 11 | J228: اكاديمية بناء الانسان الريايضية (1) | M228: أكاديمية
B229: 3 | C229: المحور ستة | F229: أكاديمية | I229: 12 | J229: صناع الابطال | M229: أكاديمية
B230: 4 | C230: مكة يارد | F230: أكاديمية | I230: 13 | J230: اكاديمية الأسياد | M230: أكاديمية
B231: 5 | C231: نجوم الروحاء | F231: هواة | I231: 14 | J231: نادي الهجرة | M231: هواة
B232: 6 | C232: العطا تيم | F232: هواة | I232: 15 | J232: اكاديمية النوفاوي | M232: هواة
B233: 7 | C233: اكاديمية المنصور | F233: هواة | I233: 16 | J233: عصر الاحتراف | M233: هواة
B234: 8 | C234: نحن النجوم | F234: هواة | I234: 17 | J234: اوتو مكة | M234: هواة
B235: 9 | C235: اكاديمية الانجاز | F235: هواة | I235: 18 | J235: اكاديمية القمة هواة | M235: هواة
B237: # | C237: المجموعة ج (الفرق 19-27) | F237: التصنيف
B238: 19 | C238: المجرة | F238: نادي
B239: 20 | C239: الرؤية المحترفة | F239: أكاديمية
B240: 21 | C240: كرة النجوم | F240: أكاديمية
B241: 22 | C241: همة الفرسان | F241: أكاديمية
B242: 23 | C242: العاصمة البيضاء | F242: هواة
B243: 24 | C243: اكاديمية أف 1 | F243: هواة
B244: 25 | C244: شباب الوادي | F244: هواة
B245: 26 | C245: أجيال الابطال الرياضية | F245: هواة
B246: 27 | C246: اكاديمية الكرة الراقية | F246: هواة
B249: توزيع الفرق على مجموعة مكة المكرمة (مكة المكرمة، الجموم) — تحت 12 — يُعبّأ بأسماء الفرق
B250: # | C250: المجموعة أ (الفرق 1-9) | F250: التصنيف | I250: # | J250: المجموعة ب (الفرق 10-18) | M250: التصنيف
B251: 1 | C251: الوحدة | F251: نادي | I251: 10 | J251: منجم المواهب | M251: نادي
B252: 2 | C252: اكاديمية بناء الانسان الريايضية (2) | F252: أكاديمية | I252: 11 | J252: اكاديمية بناء الانسان الريايضية (1) | M252: أكاديمية
B253: 3 | C253: الرؤية المحترفة | F253: أكاديمية | I253: 12 | J253: صناع الابطال | M253: أكاديمية
B254: 4 | C254: اكاديمية الأسياد | F254: أكاديمية | I254: 13 | J254: همة الفرسان | M254: أكاديمية
B255: 5 | C255: العاصمة البيضاء | F255: هواة | I255: 14 | J255: العطا تيم | M255: هواة
B256: 6 | C256: أجيال الابطال الرياضية | F256: هواة | I256: 15 | J256: اكاديمية أف 1 | M256: هواة
B257: 7 | C257: اكاديمية القمة هواة | F257: هواة | I257: 16 | J257: اكاديمية المنصور | M257: هواة
B258: 8 | C258: اكاديمية الكرة الراقية | F258: هواة | I258: 17 | J258: اكاديمية مجد والعلياء الرياضية | M258: هواة
B259: 9 | C259: عصر الاحتراف | F259: هواة | I259: 18 | J259: نادي الهجرة | M259: هواة
B261: # | C261: المجموعة ج (الفرق 19-27) | F261: التصنيف
B262: 19 | C262: المجرة | F262: نادي
B263: 20 | C263: كرة النجوم | F263: أكاديمية
B264: 21 | C264: مكة يارد | F264: أكاديمية
B265: 22 | C265: نجوم الروحاء | F265: هواة
B266: 23 | C266: نحن النجوم | F266: هواة
B267: 24 | C267: اكاديمية النوفاوي | F267: هواة
B268: 25 | C268: شباب الوادي | F268: هواة
B269: 26 | C269: اوتو مكة | F269: هواة
B270: 27 | C270: اكاديمية الانجاز | F270: هواة

Sheet 29 فريقًا
A1: بطولة 29 فريقًا – تحت 11 / تحت 12
A3: اليوم | B3: الوقت | C3: الملعب | D3: المجموعة | E3: المباراة
A4: 1 | B4: 4:00–5:10 م | C4: 1 | D4: المجموعة 3 | E4: 20 ضد 29
A5: 1 | B5: 4:00–5:10 م | C5: 2 | D5: المجموعة 3 | E5: 21 ضد 28
A6: 1 | B6: 4:00–5:10 م | C6: 3 | D6: المجموعة 3 | E6: 22 ضد 27
A7: 1 | B7: 4:00–5:10 م | C7: 4 | D7: المجموعة 3 | E7: 23 ضد 26
A8: 1 | B8: 5:20–6:30 م | C8: 1 | D8: المجموعة 1 | E8: 3 ضد 8
A9: 1 | B9: 5:20–6:30 م | C9: 2 | D9: المجموعة 2 | E9: 11 ضد 18
A10: 1 | B10: 5:20–6:30 م | C10: 3 | D10: المجموعة 2 | E10: 12 ضد 17
A11: 1 | B11: 5:20–6:30 م | C11: 4 | D11: المجموعة 2 | E11: 14 ضد 15
A12: 1 | B12: 5:20–6:30 م | C12: 5 | D12: المجموعة 3 | E12: 24 ضد 25
A13: 1 | B13: 6:40–7:50 م | C13: 1 | D13: المجموعة 1 | E13: 2 ضد 9
A14: 1 | B14: 6:40–7:50 م | C14: 2 | D14: المجموعة 1 | E14: 4 ضد 7
A15: 1 | B15: 6:40–7:50 م | C15: 3 | D15: المجموعة 1 | E15: 5 ضد 6
... A258: 20 | B258: 4:00–5:10 م | C258: 1 | D258: الإقصاء | E258: فائز نصف النهائي 1 ضد فائز نصف النهائي 2
B261: توزيع الفرق على مجموعة الأحساء — تحت 12 — يُعبّأ بأسماء الفرق
B262: # | C262: المجموعة أ (الفرق 1-9) | F262: التصنيف | I262: # | J262: المجموعة ب (الفرق 10-19) | M262: التصنيف
B263: 1 | C263: الفتح (2) | F263: نادي | I263: 10 | J263: الفتح (1) | M263: نادي
B264: 2 | C264: العدالة | F264: نادي | I264: 11 | J264: نادي الروضة | M264: نادي
B265: 3 | C265: نجمة الهفوف | F265: أكاديمية | I265: 12 | J265: أحلام المنصورة (2) | M265: أكاديمية
B266: 4 | C266: قادسية الاحساء | F266: أكاديمية | I266: 13 | J266: اكاديمية وهب الكرة | M266: أكاديمية
B267: 5 | C267: الضحى | F267: هواة | I267: 14 | J267: المنصورة | M267: أكاديمية
B268: 6 | C268: الرابية | F268: هواة | I268: 15 | J268: صقور المحدود | M268: هواة
B269: 7 | C269: ريف جواثا | F269: هواة | I269: 16 | J269: برذرتيم | M269: هواة
B270: 8 | C270: فريق الشهارين | F270: هواة | I270: 17 | J270: فوارس البطالية | M270: هواة
B271: 9 | C271: النور بالبطالية | F271: هواة | I271: 18 | J271: نجوم الاحساء | M271: هواة
I272: 19 | J272: فريق هلال العيون | M272: هواة
B274: # | C274: المجموعة ج (الفرق 20-29) | F274: التصنيف
B275: 20 | C275: العيون | F275: نادي
B276: 21 | C276: هجر | F276: نادي
B277: 22 | C277: أحلام المنصورة (1) | F277: أكاديمية
B278: 23 | C278: اتحاد العزم | F278: أكاديمية
B279: 24 | C279: اكاديمية ون كيك | F279: أكاديمية
B280: 25 | C280: الوطن الاحساء | F280: هواة
B281: 26 | C281: خليج الطرف | F281: هواة
B282: 27 | C282: الكواسر | F282: هواة
B283: 28 | C283: النورس بالرميلة | F283: هواة
B284: 29 | C284: فريق الجزيرة بالعيون | F284: هواة

Sheet 35 فريقًا
A1: بطولة 35 فريقًا – تحت 11 / تحت 12
A3: اليوم | B3: الوقت | C3: الملعب | D3: المجموعة | E3: المباراة
A4: 1 | B4: 4:00–5:10 م | C4: 1 | D4: المجموعة 1 | E4: 4 ضد 15
A5: 1 | B5: 4:00–5:10 م | C5: 2 | D5: المجموعة 1 | E5: 5 ضد 14
A6: 1 | B6: 4:00–5:10 م | C6: 3 | D6: المجموعة 1 | E6: 6 ضد 13
A7: 1 | B7: 4:00–5:10 م | C7: 4 | D7: المجموعة 2 | E7: 20 ضد 33
A8: 1 | B8: 4:00–5:10 م | C8: 5 | D8: المجموعة 2 | E8: 21 ضد 32
A9: 1 | B9: 5:20–6:30 م | C9: 1 | D9: المجموعة 1 | E9: 7 ضد 12
A10: 1 | B10: 5:20–6:30 م | C10: 2 | D10: المجموعة 1 | E10: 8 ضد 11
A11: 1 | B11: 5:20–6:30 م | C11: 3 | D11: المجموعة 1 | E11: 9 ضد 10
A12: 1 | B12: 5:20–6:30 م | C12: 4 | D12: المجموعة 2 | E12: 18 ضد 35
A13: 1 | B13: 5:20–6:30 م | C13: 5 | D13: المجموعة 2 | E13: 19 ضد 34
A14: 1 | B14: 5:20–6:30 م | C14: 6 | D14: المجموعة 2 | E14: 22 ضد 31
A15: 1 | B15: 6:40–7:50 م | C15: 1 | D15: المجموعة 1 | E15: 2 ضد 17
... A293: 18 | B293: 4:00–5:10 م | C293: 1 | D293: الإقصاء | E293: أول المجموعة 1 ضد أول المجموعة 2
B296: توزيع الفرق على مجموعة الأحساء — تحت 11 — يُعبّأ بأسماء الفرق
B297: # | C297: المجموعة أ (الفرق 1-17) | F297: التصنيف | I297: # | J297: المجموعة ب (الفرق 18-35) | M297: التصنيف
B298: 1 | C298: الفتح (2) | F298: نادي | I298: 18 | J298: الفتح (1) | M298: نادي
B299: 2 | C299: العيون | F299: نادي | I299: 19 | J299: العدالة | M299: نادي
B300: 3 | C300: هجر | F300: نادي | I300: 20 | J300: نادي الروضة | M300: نادي
B301: 4 | C301: أحلام المنصورة (2) | F301: أكاديمية | I301: 21 | J301: أحلام المنصورة (1) | M301: أكاديمية
B302: 5 | C302: المنصورة | F302: أكاديمية | I302: 22 | J302: نجمة الهفوف | M302: أكاديمية
B303: 6 | C303: اكاديمية الفوارس | F303: أكاديمية | I303: 23 | J303: اكاديمية ون كيك | M303: أكاديمية
B304: 7 | C304: قادسية الاحساء | F304: أكاديمية | I304: 24 | J304: فوكس | M304: أكاديمية
B305: 8 | C305: اكاديمية لحن | F305: أكاديمية | I305: 25 | J305: اكاديمية حلم | M305: أكاديمية
B306: 9 | C306: صقور المحدود | F306: هواة | I306: 26 | J306: الطليعة | M306: هواة
B307: 10 | C307: فوارس البطالية | F307: هواة | I307: 27 | J307: الوطن الاحساء | M307: هواة
B308: 11 | C308: ريف جواثا | F308: هواة | I308: 28 | J308: الرابية | M308: هواة
B309: 12 | C309: النمور | F309: هواة | I309: 29 | J309: فريق هلال العيون | M309: هواة
... B314: 17 | C314: النور بالبطالية | F314: هواة | I314: 34 | J314: فريق الجزيرة بالعيون | M314: هواة
I315: 35 | J315: النورس بالرميلة | M315: هواة

Sheet 48 فريقًا
A1: بطولة 48 فريقًا – تحت 11 / تحت 12
A3: اليوم | B3: الوقت | C3: الملعب | D3: المجموعة | E3: المباراة
A4: 1 | B4: 4:00–5:10 م | C4: 1 | D4: المجموعة 1 | E4: 3 ضد 8
A5: 1 | B5: 4:00–5:10 م | C5: 2 | D5: المجموعة 2 | E5: 12 ضد 17
A6: 1 | B6: 4:00–5:10 م | C6: 3 | D6: المجموعة 2 | E6: 14 ضد 15
A7: 1 | B7: 4:00–5:10 م | C7: 4 | D7: المجموعة 3 | E7: 21 ضد 26
A8: 1 | B8: 4:00–5:10 م | C8: 5 | D8: المجموعة 3 | E8: 22 ضد 25
A9: 1 | B9: 4:00–5:10 م | C9: 6 | D9: المجموعة 4 | E9: 30 ضد 37
A10: 1 | B10: 4:00–5:10 م | C10: 7 | D10: المجموعة 4 | E10: 31 ضد 36
A11: 1 | B11: 5:20–6:30 م | C11: 1 | D11: المجموعة 1 | E11: 5 ضد 6
A12: 1 | B12: 5:20–6:30 م | C12: 2 | D12: المجموعة 2 | E12: 11 ضد 18
A13: 1 | B13: 5:20–6:30 م | C13: 3 | D13: المجموعة 2 | E13: 13 ضد 16
A14: 1 | B14: 5:20–6:30 م | C14: 4 | D14: المجموعة 3 | E14: 19 ضد 28
A15: 1 | B15: 5:20–6:30 م | C15: 5 | D15: المجموعة 3 | E15: 20 ضد 27
... A424: 21 | B424: 4:00–5:10 م | C424: 1 | D424: الإقصاء | E424: فائز نصف النهائي 1 ضد فائز نصف النهائي 2
B427: توزيع الفرق على مجموعة الرياض — تحت 11 — يُعبّأ بأسماء الفرق
B428: # | C428: المجموعة أ (الفرق 1-9) | F428: التصنيف | I428: # | J428: المجموعة ب (الفرق 10-18) | M428: التصنيف
B429: 1 | C429: نجد الرياض (2) | F429: نادي | I429: 10 | J429: الفاو (1) | M429: نادي
B430: 2 | C430: الفاو (2) | F430: نادي | I430: 11 | J430: النصر (1) | M430: نادي
B431: 3 | C431: مجد القنفذة | F431: نادي | I431: 12 | J431: المطوع | M431: نادي
B432: 4 | C432: الفذ | F432: نادي | I432: 13 | J432: اكاديمية دايموند (2) | M432: أكاديمية
B433: 5 | C433: مدارس الرياض (2) | F433: أكاديمية | I433: 14 | J433: أبيكس | M433: أكاديمية
B434: 6 | C434: فريق عالم المنجزون | F434: أكاديمية | I434: 15 | J434: مواهب الخالدية | M434: أكاديمية
B435: 7 | C435: الحزم جول | F435: أكاديمية | I435: 16 | J435: صقور نجد | M435: أكاديمية
B436: 8 | C436: اكاديمية بلانكوس | F436: أكاديمية | I436: 17 | J436: اكاديمية ستورم | M436: أكاديمية
B437: 9 | C437: النهج السعودي | F437: أكاديمية | I437: 18 | J437: سدرة | M437: هواة
B439: # | C439: المجموعة ج (الفرق 19-28) | F439: التصنيف | I439: # | J439: المجموعة د (الفرق 29-38) | M439: التصنيف
B440: 19 | C440: ليجيندز (2) | F440: نادي | I440: 29 | J440: ليجيندز (1) | M440: نادي
B441: 20 | C441: نجد الرياض (1) | F441: نادي | I441: 30 | J441: الهلال | M441: نادي
B442: 21 | C442: البجادية | F442: نادي | I442: 31 | J442: نجوم الملاعب | M442: نادي
B443: 22 | C443: الرياض | F443: نادي | I443: 32 | J443: مهد الرياضية (1) | M443: أكاديمية
B444: 23 | C444: هاي ليفل اوف برفورمانس (2) | F444: أكاديمية | I444: 33 | J444: مدارس الرياض (1) | M444: أكاديمية
B445: 24 | C445: اكاديمية اوليمبك | F445: أكاديمية | I445: 34 | J445: هاي ليفل اوف برفورمانس (1) | M445: أكاديمية
B446: 25 | C446: اكاديمية اسيست | F446: أكاديمية | I446: 35 | J446: مواهب الشرق | M446: أكاديمية
B447: 26 | C447: وايت نايتس | F447: أكاديمية | I447: 36 | J447: النسور الذهبية | M447: أكاديمية
B448: 27 | C448: الاوائل الرياضية | F448: أكاديمية | I448: 37 | J448: اكاديمية فارس الرياض | M448: أكاديمية
B449: 28 | C449: PARIS SAINT GERMAIN ACADEMY SAUDI ARABIA | F449: هواة | I449: 38 | J449: اكادميه ميلانو | M449: هواة
B451: # | C451: المجموعة هـ (الفرق 39-48) | F451: التصنيف
B452: 39 | C452: النصر (2) | F452: نادي
B453: 40 | C453: ليوبارد | F453: نادي
B454: 41 | C454: الشباب | F454: نادي
B455: 42 | C455: اكاديمية دايموند (1) | F455: أكاديمية
B456: 43 | C456: مهد الرياضية (2) | F456: أكاديمية
B457: 44 | C457: اكاديمية الجيل المحترف | F457: أكاديمية
B458: 45 | C458: هجوم أتاك | F458: أكاديمية
B459: 46 | C459: الجوكر | F459: أكاديمية
B460: 47 | C460: الوصل الرياضية | F460: أكاديمية
B461: 48 | C461: ون فاير | F461: هواة

Sheet 49 فريقًا
A1: بطولة 49 فريقًا – تحت 11 / تحت 12
A3: اليوم | B3: الوقت | C3: الملعب | D3: المجموعة | E3: المباراة
A4: 1 | B4: 4:00–5:10 م | C4: 1 | D4: المجموعة 1 | E4: 2 ضد 9
A5: 1 | B5: 4:00–5:10 م | C5: 2 | D5: المجموعة 1 | E5: 4 ضد 7
A6: 1 | B6: 4:00–5:10 م | C6: 3 | D6: المجموعة 2 | E6: 11 ضد 18
A7: 1 | B7: 4:00–5:10 م | C7: 4 | D7: المجموعة 2 | E7: 13 ضد 16
A8: 1 | B8: 4:00–5:10 م | C8: 5 | D8: المجموعة 2 | E8: 14 ضد 15
A9: 1 | B9: 4:00–5:10 م | C9: 6 | D9: المجموعة 3 | E9: 23 ضد 26
A10: 1 | B10: 4:00–5:10 م | C10: 7 | D10: المجموعة 4 | E10: 31 ضد 38
A11: 1 | B11: 4:00–5:10 م | C11: 8 | D11: المجموعة 5 | E11: 44 ضد 45
A12: 1 | B12: 5:20–6:30 م | C12: 1 | D12: المجموعة 1 | E12: 3 ضد 8
A13: 1 | B13: 5:20–6:30 م | C13: 2 | D13: المجموعة 1 | E13: 5 ضد 6
A14: 1 | B14: 5:20–6:30 م | C14: 3 | D14: المجموعة 2 | E14: 10 ضد 19
A15: 1 | B15: 5:20–6:30 م | C15: 4 | D15: المجموعة 3 | E15: 20 ضد 29
... A442: 21 | B442: 4:00–5:10 م | C442: 1 | D442: الإقصاء | E442: فائز نصف النهائي 1 ضد فائز نصف النهائي 2
B445: توزيع الفرق على مجموعة الرياض — تحت 12 — يُعبّأ بأسماء الفرق
B446: # | C446: المجموعة أ (الفرق 1-9) | F446: التصنيف | I446: # | J446: المجموعة ب (الفرق 10-19) | M446: التصنيف
B447: 1 | C447: الفاو (2) | F447: نادي | I447: 10 | J447: النصر (2) | M447: نادي
B448: 2 | C448: البجادية | F448: نادي | I448: 11 | J448: الفاو (1) | M448: نادي
B449: 3 | C449: المطوع | F449: نادي | I449: 12 | J449: الرياض | M449: نادي
B450: 4 | C450: الاوائل الرياضية | F450: أكاديمية | I450: 13 | J450: مدارس الرياض (2) | M450: أكاديمية
B451: 5 | C451: اكاديمية تكوين | F451: أكاديمية | I451: 14 | J451: ستار ستيبس | M451: أكاديمية
B452: 6 | C452: هجوم أتاك | F452: أكاديمية | I452: 15 | J452: اكاديمية فارس الرياض | M452: أكاديمية
B453: 7 | C453: الجوكر | F453: أكاديمية | I453: 16 | J453: النسور الذهبية | M453: أكاديمية
B454: 8 | C454: المنار | F454: أكاديمية | I454: 17 | J454: الحزم جول | M454: أكاديمية
B455: 9 | C455: PARIS SAINT GERMAIN ACADEMY SAUDI ARABIA | F455: هواة | I455: 18 | J455: اكاديمية بلانكوس | M455: أكاديمية
I456: 19 | J456: سدرة | M456: هواة
B458: # | C458: المجموعة ج (الفرق 20-29) | F458: التصنيف | I458: # | J458: المجموعة د (الفرق 30-39) | M458: التصنيف
B459: 20 | C459: النصر (1) | F459: نادي | I459: 30 | J459: ليجيندز (1) | M459: نادي
B460: 21 | C460: ليوبارد | F460: نادي | I460: 31 | J460: مجد القنفذة | M460: نادي
B461: 22 | C461: نجوم الملاعب | F461: نادي | I461: 32 | J461: الهلال | M461: نادي
B462: 23 | C462: مدارس الرياض (1) | F462: أكاديمية | I462: 33 | J462: النهج السعودي | M462: أكاديمية
B463: 24 | C463: مهد الرياضية | F463: أكاديمية | I463: 34 | J463: دريمز إف سي | M463: أكاديمية
B464: 25 | C464: أبيكس | F464: أكاديمية | I464: 35 | J464: اكاديمية دايموند | M464: أكاديمية
B465: 26 | C465: اكاديمية ستورم | F465: أكاديمية | I465: 36 | J465: صقور نجد | M465: أكاديمية
B466: 27 | C466: هيرو | F466: أكاديمية | I466: 37 | J466: اكاديمية اسيست | M466: أكاديمية
B467: 28 | C467: الوصل الرياضية | F467: أكاديمية | I467: 38 | J467: فريق أوتاد | M467: هواة
B468: 29 | C468: ون فاير | F468: هواة | I468: 39 | J468: GOAL FIT | M468: هواة
B470: # | C470: المجموعة هـ (الفرق 40-49) | F470: التصنيف
B471: 40 | C471: ليجيندز (2) | F471: نادي
B472: 41 | C472: الشباب | F472: نادي
B473: 42 | C473: الفذ | F473: نادي
B474: 43 | C474: مواهب الشرق | F474: أكاديمية
B475: 44 | C475: وايت نايتس | F475: أكاديمية
B476: 45 | C476: اكاديمية الشنكل | F476: أكاديمية
B477: 46 | C477: اكاديمية اوليمبك | F477: أكاديمية
B478: 47 | C478: هاي ليفل اوف برفورمانس | F478: أكاديمية
B479: 48 | C479: اكادميه ميلانو | F479: هواة
B480: 49 | C480: مدارس البيان الاهلية المتوسطة | F480: هواة

Sheet 52 فريقًا
A1: بطولة 52 فريقًا – تحت 11 / تحت 12
A3: اليوم | B3: الوقت | C3: الملعب | D3: المجموعة | E3: المباراة
A4: 1 | B4: 4:00–5:10 م | C4: 1 | D4: المجموعة 2 | E4: 21 ضد 32
A5: 1 | B5: 4:00–5:10 م | C5: 2 | D5: المجموعة 2 | E5: 23 ضد 30
A6: 1 | B6: 4:00–5:10 م | C6: 3 | D6: المجموعة 2 | E6: 26 ضد 27
A7: 1 | B7: 4:00–5:10 م | C7: 4 | D7: المجموعة 3 | E7: 36 ضد 51
A8: 1 | B8: 4:00–5:10 م | C8: 5 | D8: المجموعة 3 | E8: 37 ضد 50
A9: 1 | B9: 4:00–5:10 م | C9: 6 | D9: المجموعة 3 | E9: 38 ضد 49
A10: 1 | B10: 4:00–5:10 م | C10: 7 | D10: المجموعة 3 | E10: 39 ضد 48
A11: 1 | B11: 4:00–5:10 م | C11: 8 | D11: المجموعة 3 | E11: 40 ضد 47
A12: 1 | B12: 4:00–5:10 م | C12: 9 | D12: المجموعة 3 | E12: 42 ضد 45
A13: 1 | B13: 5:20–6:30 م | C13: 1 | D13: المجموعة 1 | E13: 3 ضد 16
A14: 1 | B14: 5:20–6:30 م | C14: 2 | D14: المجموعة 1 | E14: 5 ضد 14
A15: 1 | B15: 5:20–6:30 م | C15: 3 | D15: المجموعة 1 | E15: 7 ضد 12
... A431: 19 | B431: 4:00–5:10 م | C431: 1 | D431: الإقصاء | E431: فائز نصف النهائي 1 ضد فائز نصف النهائي 2
B434: توزيع الفرق على مجموعة جدة — تحت 11 — يُعبّأ بأسماء الفرق
B435: # | C435: المجموعة أ (الفرق 1-17) | F435: التصنيف | I435: # | J435: المجموعة ب (الفرق 18-34) | M435: التصنيف
B436: 1 | C436: نادي الاهلي السعودي (1) | F436: نادي | I436: 18 | J436: نادي الاتحاد السعودي (1) | M436: نادي
B437: 2 | C437: نادي الاتحاد السعودي (2) | F437: نادي | I437: 19 | J437: البلد | M437: نادي
B438: 3 | C438: ساحة التحدي (1) | F438: أكاديمية | I438: 20 | J438: المجد النموذجية (1) | M438: أكاديمية
B439: 4 | C439: المدرسة الاسبانية (1) | F439: أكاديمية | I439: 21 | J439: ساحة التحدي (2) | M439: أكاديمية
B440: 5 | C440: القرية الاولومبية (2) | F440: أكاديمية | I440: 22 | J440: فيتوريا زون | M440: أكاديمية
B441: 6 | C441: مدرسة نادي الاتحاد -فرع الصحافة (2) | F441: أكاديمية | I441: 23 | J441: اشبال الساحل | M441: أكاديمية
B442: 7 | C442: اكاديمية ان زد | F442: أكاديمية | I442: 24 | J442: العالم الرياضية | M442: أكاديمية
B443: 8 | C443: القرينتا اكاديمي | F443: أكاديمية | I443: 25 | J443: شركة براعم المقاولون العرب | M443: أكاديمية
B444: 9 | C444: الكرة المشتعلة | F444: أكاديمية | I444: 26 | J444: نخبة الحمدانية | M444: أكاديمية
B445: 10 | C445: يوفنتوس جدة | F445: أكاديمية | I445: 27 | J445: مواهب جدة | M445: أكاديمية
B446: 11 | C446: الجوهرة المتحدة | F446: أكاديمية | I446: 28 | J446: سعودي34 | M446: هواة
B447: 12 | C447: دار الفرسان | F447: هواة | I447: 29 | J447: اكاديمية جدة سيتي | M447: هواة
... B452: 17 | C452: السنابل | F452: هواة | I452: 34 | J452: اكاديمية بلو باور جدة | M452: هواة
B454: # | C454: المجموعة ج (الفرق 35-52) | F454: التصنيف
B455: 35 | C455: نادي الاهلي السعودي (2) | F455: نادي
B456: 36 | C456: جدة | F456: نادي
B457: 37 | C457: المجد النموذجية (2) | F457: أكاديمية
B458: 38 | C458: القرية الاولومبية (1) | F458: أكاديمية
B459: 39 | C459: مدرسة نادي الاتحاد -فرع الصحافة (1) | F459: أكاديمية
B460: 40 | C460: المدرسة الاسبانية (2) | F460: أكاديمية
B461: 41 | C461: عسفان | F461: أكاديمية
B462: 42 | C462: اكاديمية سمارت | F462: أكاديمية
B463: 43 | C463: المملكة | F463: أكاديمية
B464: 44 | C464: رجال التعاون | F464: أكاديمية
B465: 45 | C465: اكاديمية قمم وقمم | F465: أكاديمية
B466: 46 | C466: نسيم الحرازات | F466: هواة
... B472: 52 | C472: فريق المنارات | F472: هواة

Sheet 56 فريقًا
A1: بطولة 56 فريقًا – تحت 11 / تحت 12
A3: اليوم | B3: الوقت | C3: الملعب | D3: المجموعة | E3: المباراة
A4: 1 | B4: 4:00–5:10 م | C4: 1 | D4: المجموعة 1 | E4: 5 ضد 6
A5: 1 | B5: 4:00–5:10 م | C5: 2 | D5: المجموعة 5 | E5: 37 ضد 46
A6: 1 | B6: 4:00–5:10 م | C6: 3 | D6: المجموعة 5 | E6: 38 ضد 45
A7: 1 | B7: 4:00–5:10 م | C7: 4 | D7: المجموعة 5 | E7: 39 ضد 44
A8: 1 | B8: 4:00–5:10 م | C8: 5 | D8: المجموعة 6 | E8: 47 ضد 56
A9: 1 | B9: 4:00–5:10 م | C9: 6 | D9: المجموعة 6 | E9: 48 ضد 55
A10: 1 | B10: 4:00–5:10 م | C10: 7 | D10: المجموعة 6 | E10: 49 ضد 54
A11: 1 | B11: 4:00–5:10 م | C11: 8 | D11: المجموعة 6 | E11: 51 ضد 52
A12: 1 | B12: 5:20–6:30 م | C12: 1 | D12: المجموعة 1 | E12: 2 ضد 9
A13: 1 | B13: 5:20–6:30 م | C13: 2 | D13: المجموعة 1 | E13: 4 ضد 7
A14: 1 | B14: 5:20–6:30 م | C14: 3 | D14: المجموعة 2 | E14: 12 ضد 17
A15: 1 | B15: 5:20–6:30 م | C15: 4 | D15: المجموعة 2 | E15: 13 ضد 16
... A478: 21 | B478: 4:00–5:10 م | C478: 1 | D478: الإقصاء | E478: فائز نصف النهائي 1 ضد فائز نصف النهائي 2
B481: توزيع الفرق على مجموعة جدة — تحت 12 — يُعبّأ بأسماء الفرق
B482: # | C482: المجموعة أ (الفرق 1-9) | F482: التصنيف | I482: # | J482: المجموعة ب (الفرق 10-18) | M482: التصنيف
B483: 1 | C483: نادي الاهلي السعودي (2) | F483: نادي | I483: 10 | J483: نادي الاتحاد السعودي (2) | M483: نادي
B484: 2 | C484: نادي الاتحاد السعودي (1) | F484: نادي | I484: 11 | J484: نادي O15 | M484: نادي
B485: 3 | C485: اكاديمية لاتين (1) | F485: أكاديمية | I485: 12 | J485: مدرسة نادي الاتحاد -فرع الصحافة (1) | M485: أكاديمية
B486: 4 | C486: الفيصلية | F486: أكاديمية | I486: 13 | J486: المدرسة الاسبانية | M486: أكاديمية
B487: 5 | C487: اكاديمية سمارت | F487: أكاديمية | I487: 14 | J487: المملكة | M487: أكاديمية
B488: 6 | C488: ودان | F488: هواة | I488: 15 | J488: فريق المنارات | M488: هواة
B489: 7 | C489: افاق الهداية | F489: هواة | I489: 16 | J489: السنابل | M489: هواة
B490: 8 | C490: اكاديمية جدة سيتي | F490: هواة | I490: 17 | J490: اكاديمية التحدي جدة | M490: هواة
B491: 9 | C491: اكاديمية الترجي جدة | F491: هواة | I491: 18 | J491: نجوم الثمانين | M491: هواة
B493: # | C493: المجموعة ج (الفرق 19-27) | F493: التصنيف | I493: # | J493: المجموعة د (الفرق 28-36) | M493: التصنيف
B494: 19 | C494: جدة | F494: نادي | I494: 28 | J494: البلد (1) | M494: نادي
B495: 20 | C495: المجد النموذجية (1) | F495: أكاديمية | I495: 29 | J495: المجد النموذجية (2) | M495: أكاديمية
B496: 21 | C496: اكاديمية لاتين (2) | F496: أكاديمية | I496: 30 | J496: اورباه ستارز (1) | M496: أكاديمية
B497: 22 | C497: القرية الاولومبية | F497: أكاديمية | I497: 31 | J497: عسفان | M497: أكاديمية
B498: 23 | C498: الجوهرة المتحدة | F498: أكاديمية | I498: 32 | J498: ساحة التحدي | M498: أكاديمية
B499: 24 | C499: اكاديمية السامبا - جدة | F499: هواة | I499: 33 | J499: احتراف المؤسس | M499: هواة
B500: 25 | C500: بي فايف | F500: هواة | I500: 34 | J500: درة الشرق العالمية | M500: هواة
B501: 26 | C501: دار الفرسان | F501: هواة | I501: 35 | J501: جدة تالنتس | M501: هواة
B502: 27 | C502: مدارس رواد الخليج | F502: هواة | I502: 36 | J502: جول اكاديمي | M502: هواة
B504: # | C504: المجموعة هـ (الفرق 37-46) | F504: التصنيف | I504: # | J504: المجموعة و (الفرق 47-56) | M504: التصنيف
B505: 37 | C505: نادي الاهلي السعودي (1) | F505: نادي | I505: 47 | J505: البلد (2) | M505: نادي
B506: 38 | C506: مدرسة نادي الاتحاد -فرع الصحافة (2) | F506: أكاديمية | I506: 48 | J506: اورباه ستارز (2) | M506: أكاديمية
B507: 39 | C507: القرينتا اكاديمي | F507: أكاديمية | I507: 49 | J507: اكاديمية ان زد | M507: أكاديمية
B508: 40 | C508: الكرة المشتعلة | F508: أكاديمية | I508: 50 | J508: مواهب جدة | M508: أكاديمية
B509: 41 | C509: اكاديمية جدة الاحترافية | F509: أكاديمية | I509: 51 | J509: المدرسة الماسية | M509: أكاديمية
B510: 42 | C510: سعودي34 | F510: هواة | I510: 52 | J510: نسيم الحرازات | M510: هواة
B511: 43 | C511: اكاديمية وولفز | F511: هواة | I511: 53 | J511: برشلونة دريم تيم | M511: هواة
B512: 44 | C512: اكاديمية بلو باور جدة | F512: هواة | I512: 54 | J512: فريق نادي الوسام الرياضي | M512: هواة
B513: 45 | C513: الاكاديمية البرتغالية | F513: هواة | I513: 55 | J513: فريق البعد | M513: هواة
B514: 46 | C514: مدرسة المجد | F514: هواة | I514: 56 | J514: مدارس الاندلس الاهلية | M514: هواة

Sheet بيانات الفرق
A1: 5 فرق | F1: 6 فرق | K1: 8 فرق | P1: 9 فرق | U1: 10 فرق | Z1: 11 فريقًا | AE1: 12 فريقًا | AJ1: 13 فريقًا | AO1: 14 فريقًا | AT1: 15 فريقًا | AY1: 16 فريقًا | BD1: 18 فريقًا | BI1: 21 فريقًا | BN1: 22 فريقًا | BS1: 23 فريقًا | BX1: 25 فريقًا | CC1: 27 فريقًا | CH1: 29 فريقًا | CM1: 35 فريقًا | CR1: 48 فريقًا | CW1: 49 فريقًا | DB1: 52 فريقًا | DG1: 56 فريقًا
A2: الفريق | B2: المجموعة | C2: مباريات الدوري | D2: عدد الخصوم | F2: الفريق | G2: المجموعة | H2: مباريات الدوري | I2: عدد الخصوم | K2: الفريق | L2: المجموعة | M2: مباريات الدوري | N2: عدد الخصوم | P2: الفريق | Q2: المجموعة | R2: مباريات الدوري | S2: عدد الخصوم | U2: الفريق | V2: المجموعة | W2: مباريات الدوري | X2: عدد الخصوم | Z2: الفريق | AA2: المجموعة | AB2: مباريات الدوري | AC2: عدد الخصوم | AE2: الفريق | AF2: المجموعة | AG2: مباريات الدوري | AH2: عدد الخصوم | AJ2: الفريق | AK2: المجموعة | AL2: مباريات الدوري | AM2: عدد الخصوم | AO2: الفريق | AP2: المجموعة | AQ2: مباريات الدوري | AR2: عدد الخصوم | AT2: الفريق | AU2: المجموعة | AV2: مباريات الدوري | AW2: عدد الخصوم | AY2: الفريق | AZ2: المجموعة | BA2: مباريات الدوري | BB2: عدد الخصوم | BD2: الفريق | BE2: المجموعة | BF2: مباريات الدوري | BG2: عدد الخصوم | BI2: الفريق | BJ2: المجموعة | BK2: مباريات الدوري | BL2: عدد الخصوم | BN2: الفريق | BO2: المجموعة | BP2: مباريات الدوري | BQ2: عدد الخصوم | BS2: الفريق | BT2: المجموعة | BU2: مباريات الدوري | BV2: عدد الخصوم | BX2: الفريق | BY2: المجموعة | BZ2: مباريات الدوري | CA2: عدد الخصوم | CC2: الفريق | CD2: المجموعة | CE2: مباريات الدوري | CF2: عدد الخصوم | CH2: الفريق | CI2: المجموعة | CJ2: مباريات الدوري | CK2: عدد الخصوم | CM2: الفريق | CN2: المجموعة | CO2: مباريات الدوري | CP2: عدد الخصوم | CR2: الفريق | CS2: المجموعة | CT2: مباريات الدوري | CU2: عدد الخصوم | CW2: الفريق | CX2: المجموعة | CY2: مباريات الدوري | CZ2: عدد الخصوم | DB2: الفريق | DC2: المجموعة | DD2: مباريات الدوري | DE2: عدد الخصوم | DG2: الفريق | DH2: المجموعة | DI2: مباريات الدوري | DJ2: عدد الخصوم
A3: 1 | B3: المجموعة 1 | C3: =COUNTIF('5 فرق'!$D$4:$D$1999,$A3&" ضد *")+COUNTIF('5 فرق'!$D$4:$D$1999,"* ضد "&$A3) -> 16 | D3: =COUNTIF($B$3:$B$7,$B3)-1 -> 4 | F3: 1 | G3: المجموعة 1 | H3: =COUNTIF('6 فرق'!$D$4:$D$1999,$F3&" ضد *")+COUNTIF('6 فرق'!$D$4:$D$1999,"* ضد "&$F3) -> 20 | I3: =COUNTIF($G$3:$G$8,$G3)-1 -> 5 | K3: 1 | L3: المجموعة 1 | M3: =COUNTIF('8 فرق'!$D$4:$D$1999,$K3&" ضد *")+COUNTIF('8 فرق'!$D$4:$D$1999,"* ضد "&$K3) -> 21 | N3: =COUNTIF($L$3:$L$10,$L3)-1 -> 7 | P3: 1 | Q3: المجموعة 1 | R3: =COUNTIF('9 فرق'!$D$4:$D$1999,$P3&" ضد *")+COUNTIF('9 فرق'!$D$4:$D$1999,"* ضد "&$P3) -> 16 | S3: =COUNTIF($Q$3:$Q$11,$Q3)-1 -> 8 | U3: 1 | V3: المجموعة 1 | W3: =COUNTIF('10 فرق'!$D$4:$D$1999,$U3&" ضد *")+COUNTIF('10 فرق'!$D$4:$D$1999,"* ضد "&$U3) -> 18 | X3: =COUNTIF($V$3:$V$12,$V3)-1 -> 9 | Z3: 1 | AA3: المجموعة 1 | AB3: =COUNTIF('11 فريقًا'!$D$4:$D$1999,$Z3&" ضد *")+COUNTIF('11 فريقًا'!$D$4:$D$1999,"* ضد "&$Z3) -> 20 | AC3: =COUNTIF($AA$3:$AA$13,$AA3)-1 -> 10 | AE3: 1 | AF3: المجموعة 1 | AG3: =COUNTIF('12 فريقًا'!$D$4:$D$1999,$AE3&" ضد *")+COUNTIF('12 فريقًا'!$D$4:$D$1999,"* ضد "&$AE3) -> 22 | AH3: =COUNTIF($AF$3:$AF$14,$AF3)-1 -> 11 | AJ3: 1 | AK3: المجموعة 1 | AL3: =COUNTIF('13 فريقًا'!$E$4:$E$1999,$AJ3&" ضد *")+COUNTIF('13 فريقًا'!$E$4:$E$1999,"* ضد "&$AJ3) -> 20 | AM3: =COUNTIF($AK$3:$AK$15,$AK3)-1 -> 5 | AO3: 1 | AP3: المجموعة 1 | AQ3: =COUNTIF('14 فريقًا'!$E$4:$E$1999,$AO3&" ضد *")+COUNTIF('14 فريقًا'!$E$4:$E$1999,"* ضد "&$AO3) -> 18 | AR3: =COUNTIF($AP$3:$AP$16,$AP3)-1 -> 6 | AT3: 1 | AU3: المجموعة 1 | AV3: =COUNTIF('15 فريقًا'!$E$4:$E$1999,$AT3&" ضد *")+COUNTIF('15 فريقًا'!$E$4:$E$1999,"* ضد "&$AT3) -> 18 | AW3: =COUNTIF($AU$3:$AU$17,$AU3)-1 -> 6 | AY3: 1 | AZ3: المجموعة 1 | BA3: =COUNTIF('16 فريقًا'!$E$4:$E$1999,$AY3&" ضد *")+COUNTIF('16 فريقًا'!$E$4:$E$1999,"* ضد "&$AY3) -> 21 | BB3: =COUNTIF($AZ$3:$AZ$18,$AZ3)-1 -> 7 | BD3: 1 | BE3: المجموعة 1 | BF3: =COUNTIF('18 فريقًا'!$E$4:$E$1999,$BD3&" ضد *")+COUNTIF('18 فريقًا'!$E$4:$E$1999,"* ضد "&$BD3) -> 17 | BG3: =COUNTIF($BE$3:$BE$20,$BE3)-1 -> 17 | BI3: 1 | BJ3: المجموعة 1 | BK3: =COUNTIF('21 فريقًا'!$E$4:$E$1999,$BI3&" ضد *")+COUNTIF('21 فريقًا'!$E$4:$E$1999,"* ضد "&$BI3) -> 20 | BL3: =COUNTIF($BJ$3:$BJ$23,$BJ3)-1 -> 20 | BN3: 1 | BO3: المجموعة 1 | BP3: =COUNTIF('22 فريقًا'!$E$4:$E$1999,$BN3&" ضد *")+COUNTIF('22 فريقًا'!$E$4:$E$1999,"* ضد "&$BN3) -> 21 | BQ3: =COUNTIF($BO$3:$BO$24,$BO3)-1 -> 21 | BS3: 1 | BT3: المجموعة 1 | BU3: =COUNTIF('23 فريقًا'!$E$4:$E$1999,$BS3&" ضد *")+COUNTIF('23 فريقًا'!$E$4:$E$1999,"* ضد "&$BS3) -> 20 | BV3: =COUNTIF($BT$3:$BT$25,$BT3)-1 -> 10 | BX3: 1 | BY3: المجموعة 1 | BZ3: =COUNTIF('25 فريقًا'!$E$4:$E$1999,$BX3&" ضد *")+COUNTIF('25 فريقًا'!$E$4:$E$1999,"* ضد "&$BX3) -> 20 | CA3: =COUNTIF($BY$3:$BY$27,$BY3)-1 -> 5 | CC3: 1 | CD3: المجموعة 1 | CE3: =COUNTIF('27 فريقًا'!$E$4:$E$1999,$CC3&" ضد *")+COUNTIF('27 فريقًا'!$E$4:$E$1999,"* ضد "&$CC3) -> 16 | CF3: =COUNTIF($CD$3:$CD$29,$CD3)-1 -> 8 | CH3: 1 | CI3: المجموعة 1 | CJ3: =COUNTIF('29 فريقًا'!$E$4:$E$1999,$CH3&" ضد *")+COUNTIF('29 فريقًا'!$E$4:$E$1999,"* ضد "&$CH3) -> 16 | CK3: =COUNTIF($CI$3:$CI$31,$CI3)-1 -> 8 | CM3: 1 | CN3: المجموعة 1 | CO3: =COUNTIF('35 فريقًا'!$E$4:$E$1999,$CM3&" ضد *")+COUNTIF('35 فريقًا'!$E$4:$E$1999,"* ضد "&$CM3) -> 16 | CP3: =COUNTIF($CN$3:$CN$37,$CN3)-1 -> 16 | CR3: 1 | CS3: المجموعة 1 | CT3: =COUNTIF('48 فريقًا'!$E$4:$E$1999,$CR3&" ضد *")+COUNTIF('48 فريقًا'!$E$4:$E$1999,"* ضد "&$CR3) -> 16 | CU3: =COUNTIF($CS$3:$CS$50,$CS3)-1 -> 8 | CW3: 1 | CX3: المجموعة 1 | CY3: =COUNTIF('49 فريقًا'!$E$4:$E$1999,$CW3&" ضد *")+COUNTIF('49 فريقًا'!$E$4:$E$1999,"* ضد "&$CW3) -> 16 | CZ3: =COUNTIF($CX$3:$CX$51,$CX3)-1 -> 8 | DB3: 1 | DC3: المجموعة 1 | DD3: =COUNTIF('52 فريقًا'!$E$4:$E$1999,$DB3&" ضد *")+COUNTIF('52 فريقًا'!$E$4:$E$1999,"* ضد "&$DB3) -> 16 | DE3: =COUNTIF($DC$3:$DC$54,$DC3)-1 -> 16 | DG3: 1 | DH3: المجموعة 1 | DI3: =COUNTIF('56 فريقًا'!$E$4:$E$1999,$DG3&" ضد *")+COUNTIF('56 فريقًا'!$E$4:$E$1999,"* ضد "&$DG3) -> 16 | DJ3: =COUNTIF($DH$3:$DH$58,$DH3)-1 -> 8
A4: 2 | B4: المجموعة 1 | C4: =COUNTIF('5 فرق'!$D$4:$D$1999,$A4&" ضد *")+COUNTIF('5 فرق'!$D$4:$D$1999,"* ضد "&$A4) -> 16 | D4: =COUNTIF($B$3:$B$7,$B4)-1 -> 4 | F4: 2 | G4: المجموعة 1 | H4: =COUNTIF('6 فرق'!$D$4:$D$1999,$F4&" ضد *")+COUNTIF('6 فرق'!$D$4:$D$1999,"* ضد "&$F4) -> 20 | I4: =COUNTIF($G$3:$G$8,$G4)-1 -> 5 | K4: 2 | L4: المجموعة 1 | M4: =COUNTIF('8 فرق'!$D$4:$D$1999,$K4&" ضد *")+COUNTIF('8 فرق'!$D$4:$D$1999,"* ضد "&$K4) -> 21 | N4: =COUNTIF($L$3:$L$10,$L4)-1 -> 7 | P4: 2 | Q4: المجموعة 1 | R4: =COUNTIF('9 فرق'!$D$4:$D$1999,$P4&" ضد *")+COUNTIF('9 فرق'!$D$4:$D$1999,"* ضد "&$P4) -> 16 | S4: =COUNTIF($Q$3:$Q$11,$Q4)-1 -> 8 | U4: 2 | V4: المجموعة 1 | W4: =COUNTIF('10 فرق'!$D$4:$D$1999,$U4&" ضد *")+COUNTIF('10 فرق'!$D$4:$D$1999,"* ضد "&$U4) -> 18 | X4: =COUNTIF($V$3:$V$12,$V4)-1 -> 9 | Z4: 2 | AA4: المجموعة 1 | AB4: =COUNTIF('11 فريقًا'!$D$4:$D$1999,$Z4&" ضد *")+COUNTIF('11 فريقًا'!$D$4:$D$1999,"* ضد "&$Z4) -> 20 | AC4: =COUNTIF($AA$3:$AA$13,$AA4)-1 -> 10 | AE4: 2 | AF4: المجموعة 1 | AG4: =COUNTIF('12 فريقًا'!$D$4:$D$1999,$AE4&" ضد *")+COUNTIF('12 فريقًا'!$D$4:$D$1999,"* ضد "&$AE4) -> 22 | AH4: =COUNTIF($AF$3:$AF$14,$AF4)-1 -> 11 | AJ4: 2 | AK4: المجموعة 1 | AL4: =COUNTIF('13 فريقًا'!$E$4:$E$1999,$AJ4&" ضد *")+COUNTIF('13 فريقًا'!$E$4:$E$1999,"* ضد "&$AJ4) -> 20 | AM4: =COUNTIF($AK$3:$AK$15,$AK4)-1 -> 5 | AO4: 2 | AP4: المجموعة 1 | AQ4: =COUNTIF('14 فريقًا'!$E$4:$E$1999,$AO4&" ضد *")+COUNTIF('14 فريقًا'!$E$4:$E$1999,"* ضد "&$AO4) -> 18 | AR4: =COUNTIF($AP$3:$AP$16,$AP4)-1 -> 6 | AT4: 2 | AU4: المجموعة 1 | AV4: =COUNTIF('15 فريقًا'!$E$4:$E$1999,$AT4&" ضد *")+COUNTIF('15 فريقًا'!$E$4:$E$1999,"* ضد "&$AT4) -> 18 | AW4: =COUNTIF($AU$3:$AU$17,$AU4)-1 -> 6 | AY4: 2 | AZ4: المجموعة 1 | BA4: =COUNTIF('16 فريقًا'!$E$4:$E$1999,$AY4&" ضد *")+COUNTIF('16 فريقًا'!$E$4:$E$1999,"* ضد "&$AY4) -> 21 | BB4: =COUNTIF($AZ$3:$AZ$18,$AZ4)-1 -> 7 | BD4: 2 | BE4: المجموعة 1 | BF4: =COUNTIF('18 فريقًا'!$E$4:$E$1999,$BD4&" ضد *")+COUNTIF('18 فريقًا'!$E$4:$E$1999,"* ضد "&$BD4) -> 17 | BG4: =COUNTIF($BE$3:$BE$20,$BE4)-1 -> 17 | BI4: 2 | BJ4: المجموعة 1 | BK4: =COUNTIF('21 فريقًا'!$E$4:$E$1999,$BI4&" ضد *")+COUNTIF('21 فريقًا'!$E$4:$E$1999,"* ضد "&$BI4) -> 20 | BL4: =COUNTIF($BJ$3:$BJ$23,$BJ4)-1 -> 20 | BN4: 2 | BO4: المجموعة 1 | BP4: =COUNTIF('22 فريقًا'!$E$4:$E$1999,$BN4&" ضد *")+COUNTIF('22 فريقًا'!$E$4:$E$1999,"* ضد "&$BN4) -> 21 | BQ4: =COUNTIF($BO$3:$BO$24,$BO4)-1 -> 21 | BS4: 2 | BT4: المجموعة 1 | BU4: =COUNTIF('23 فريقًا'!$E$4:$E$1999,$BS4&" ضد *")+COUNTIF('23 فريقًا'!$E$4:$E$1999,"* ضد "&$BS4) -> 20 | BV4: =COUNTIF($BT$3:$BT$25,$BT4)-1 -> 10 | BX4: 2 | BY4: المجموعة 1 | BZ4: =COUNTIF('25 فريقًا'!$E$4:$E$1999,$BX4&" ضد *")+COUNTIF('25 فريقًا'!$E$4:$E$1999,"* ضد "&$BX4) -> 20 | CA4: =COUNTIF($BY$3:$BY$27,$BY4)-1 -> 5 | CC4: 2 | CD4: المجموعة 1 | CE4: =COUNTIF('27 فريقًا'!$E$4:$E$1999,$CC4&" ضد *")+COUNTIF('27 فريقًا'!$E$4:$E$1999,"* ضد "&$CC4) -> 16 | CF4: =COUNTIF($CD$3:$CD$29,$CD4)-1 -> 8 | CH4: 2 | CI4: المجموعة 1 | CJ4: =COUNTIF('29 فريقًا'!$E$4:$E$1999,$CH4&" ضد *")+COUNTIF('29 فريقًا'!$E$4:$E$1999,"* ضد "&$CH4) -> 16 | CK4: =COUNTIF($CI$3:$CI$31,$CI4)-1 -> 8 | CM4: 2 | CN4: المجموعة 1 | CO4: =COUNTIF('35 فريقًا'!$E$4:$E$1999,$CM4&" ضد *")+COUNTIF('35 فريقًا'!$E$4:$E$1999,"* ضد "&$CM4) -> 16 | CP4: =COUNTIF($CN$3:$CN$37,$CN4)-1 -> 16 | CR4: 2 | CS4: المجموعة 1 | CT4: =COUNTIF('48 فريقًا'!$E$4:$E$1999,$CR4&" ضد *")+COUNTIF('48 فريقًا'!$E$4:$E$1999,"* ضد "&$CR4) -> 16 | CU4: =COUNTIF($CS$3:$CS$50,$CS4)-1 -> 8 | CW4: 2 | CX4: المجموعة 1 | CY4: =COUNTIF('49 فريقًا'!$E$4:$E$1999,$CW4&" ضد *")+COUNTIF('49 فريقًا'!$E$4:$E$1999,"* ضد "&$CW4) -> 16 | CZ4: =COUNTIF($CX$3:$CX$51,$CX4)-1 -> 8 | DB4: 2 | DC4: المجموعة 1 | DD4: =COUNTIF('52 فريقًا'!$E$4:$E$1999,$DB4&" ضد *")+COUNTIF('52 فريقًا'!$E$4:$E$1999,"* ضد "&$DB4) -> 16 | DE4: =COUNTIF($DC$3:$DC$54,$DC4)-1 -> 16 | DG4: 2 | DH4: المجموعة 1 | DI4: =COUNTIF('56 فريقًا'!$E$4:$E$1999,$DG4&" ضد *")+COUNTIF('56 فريقًا'!$E$4:$E$1999,"* ضد "&$DG4) -> 16 | DJ4: =COUNTIF($DH$3:$DH$58,$DH4)-1 -> 8
A5: 3 | B5: المجموعة 1 | C5: =COUNTIF('5 فرق'!$D$4:$D$1999,$A5&" ضد *")+COUNTIF('5 فرق'!$D$4:$D$1999,"* ضد "&$A5) -> 16 | D5: =COUNTIF($B$3:$B$7,$B5)-1 -> 4 | F5: 3 | G5: المجموعة 1 | H5: =COUNTIF('6 فرق'!$D$4:$D$1999,$F5&" ضد *")+COUNTIF('6 فرق'!$D$4:$D$1999,"* ضد "&$F5) -> 20 | I5: =COUNTIF($G$3:$G$8,$G5)-1 -> 5 | K5: 3 | L5: المجموعة 1 | M5: =COUNTIF('8 فرق'!$D$4:$D$1999,$K5&" ضد *")+COUNTIF('8 فرق'!$D$4:$D$1999,"* ضد "&$K5) -> 21 | N5: =COUNTIF($L$3:$L$10,$L5)-1 -> 7 | P5: 3 | Q5: المجموعة 1 | R5: =COUNTIF('9 فرق'!$D$4:$D$1999,$P5&" ضد *")+COUNTIF('9 فرق'!$D$4:$D$1999,"* ضد "&$P5) -> 16 | S5: =COUNTIF($Q$3:$Q$11,$Q5)-1 -> 8 | U5: 3 | V5: المجموعة 1 | W5: =COUNTIF('10 فرق'!$D$4:$D$1999,$U5&" ضد *")+COUNTIF('10 فرق'!$D$4:$D$1999,"* ضد "&$U5) -> 18 | X5: =COUNTIF($V$3:$V$12,$V5)-1 -> 9 | Z5: 3 | AA5: المجموعة 1 | AB5: =COUNTIF('11 فريقًا'!$D$4:$D$1999,$Z5&" ضد *")+COUNTIF('11 فريقًا'!$D$4:$D$1999,"* ضد "&$Z5) -> 20 | AC5: =COUNTIF($AA$3:$AA$13,$AA5)-1 -> 10 | AE5: 3 | AF5: المجموعة 1 | AG5: =COUNTIF('12 فريقًا'!$D$4:$D$1999,$AE5&" ضد *")+COUNTIF('12 فريقًا'!$D$4:$D$1999,"* ضد "&$AE5) -> 22 | AH5: =COUNTIF($AF$3:$AF$14,$AF5)-1 -> 11 | AJ5: 3 | AK5: المجموعة 1 | AL5: =COUNTIF('13 فريقًا'!$E$4:$E$1999,$AJ5&" ضد *")+COUNTIF('13 فريقًا'!$E$4:$E$1999,"* ضد "&$AJ5) -> 20 | AM5: =COUNTIF($AK$3:$AK$15,$AK5)-1 -> 5 | AO5: 3 | AP5: المجموعة 1 | AQ5: =COUNTIF('14 فريقًا'!$E$4:$E$1999,$AO5&" ضد *")+COUNTIF('14 فريقًا'!$E$4:$E$1999,"* ضد "&$AO5) -> 18 | AR5: =COUNTIF($AP$3:$AP$16,$AP5)-1 -> 6 | AT5: 3 | AU5: المجموعة 1 | AV5: =COUNTIF('15 فريقًا'!$E$4:$E$1999,$AT5&" ضد *")+COUNTIF('15 فريقًا'!$E$4:$E$1999,"* ضد "&$AT5) -> 18 | AW5: =COUNTIF($AU$3:$AU$17,$AU5)-1 -> 6 | AY5: 3 | AZ5: المجموعة 1 | BA5: =COUNTIF('16 فريقًا'!$E$4:$E$1999,$AY5&" ضد *")+COUNTIF('16 فريقًا'!$E$4:$E$1999,"* ضد "&$AY5) -> 21 | BB5: =COUNTIF($AZ$3:$AZ$18,$AZ5)-1 -> 7 | BD5: 3 | BE5: المجموعة 1 | BF5: =COUNTIF('18 فريقًا'!$E$4:$E$1999,$BD5&" ضد *")+COUNTIF('18 فريقًا'!$E$4:$E$1999,"* ضد "&$BD5) -> 17 | BG5: =COUNTIF($BE$3:$BE$20,$BE5)-1 -> 17 | BI5: 3 | BJ5: المجموعة 1 | BK5: =COUNTIF('21 فريقًا'!$E$4:$E$1999,$BI5&" ضد *")+COUNTIF('21 فريقًا'!$E$4:$E$1999,"* ضد "&$BI5) -> 20 | BL5: =COUNTIF($BJ$3:$BJ$23,$BJ5)-1 -> 20 | BN5: 3 | BO5: المجموعة 1 | BP5: =COUNTIF('22 فريقًا'!$E$4:$E$1999,$BN5&" ضد *")+COUNTIF('22 فريقًا'!$E$4:$E$1999,"* ضد "&$BN5) -> 21 | BQ5: =COUNTIF($BO$3:$BO$24,$BO5)-1 -> 21 | BS5: 3 | BT5: المجموعة 1 | BU5: =COUNTIF('23 فريقًا'!$E$4:$E$1999,$BS5&" ضد *")+COUNTIF('23 فريقًا'!$E$4:$E$1999,"* ضد "&$BS5) -> 20 | BV5: =COUNTIF($BT$3:$BT$25,$BT5)-1 -> 10 | BX5: 3 | BY5: المجموعة 1 | BZ5: =COUNTIF('25 فريقًا'!$E$4:$E$1999,$BX5&" ضد *")+COUNTIF('25 فريقًا'!$E$4:$E$1999,"* ضد "&$BX5) -> 20 | CA5: =COUNTIF($BY$3:$BY$27,$BY5)-1 -> 5 | CC5: 3 | CD5: المجموعة 1 | CE5: =COUNTIF('27 فريقًا'!$E$4:$E$1999,$CC5&" ضد *")+COUNTIF('27 فريقًا'!$E$4:$E$1999,"* ضد "&$CC5) -> 16 | CF5: =COUNTIF($CD$3:$CD$29,$CD5)-1 -> 8 | CH5: 3 | CI5: المجموعة 1 | CJ5: =COUNTIF('29 فريقًا'!$E$4:$E$1999,$CH5&" ضد *")+COUNTIF('29 فريقًا'!$E$4:$E$1999,"* ضد "&$CH5) -> 16 | CK5: =COUNTIF($CI$3:$CI$31,$CI5)-1 -> 8 | CM5: 3 | CN5: المجموعة 1 | CO5: =COUNTIF('35 فريقًا'!$E$4:$E$1999,$CM5&" ضد *")+COUNTIF('35 فريقًا'!$E$4:$E$1999,"* ضد "&$CM5) -> 16 | CP5: =COUNTIF($CN$3:$CN$37,$CN5)-1 -> 16 | CR5: 3 | CS5: المجموعة 1 | CT5: =COUNTIF('48 فريقًا'!$E$4:$E$1999,$CR5&" ضد *")+COUNTIF('48 فريقًا'!$E$4:$E$1999,"* ضد "&$CR5) -> 16 | CU5: =COUNTIF($CS$3:$CS$50,$CS5)-1 -> 8 | CW5: 3 | CX5: المجموعة 1 | CY5: =COUNTIF('49 فريقًا'!$E$4:$E$1999,$CW5&" ضد *")+COUNTIF('49 فريقًا'!$E$4:$E$1999,"* ضد "&$CW5) -> 16 | CZ5: =COUNTIF($CX$3:$CX$51,$CX5)-1 -> 8 | DB5: 3 | DC5: المجموعة 1 | DD5: =COUNTIF('52 فريقًا'!$E$4:$E$1999,$DB5&" ضد *")+COUNTIF('52 فريقًا'!$E$4:$E$1999,"* ضد "&$DB5) -> 16 | DE5: =COUNTIF($DC$3:$DC$54,$DC5)-1 -> 16 | DG5: 3 | DH5: المجموعة 1 | DI5: =COUNTIF('56 فريقًا'!$E$4:$E$1999,$DG5&" ضد *")+COUNTIF('56 فريقًا'!$E$4:$E$1999,"* ضد "&$DG5) -> 16 | DJ5: =COUNTIF($DH$3:$DH$58,$DH5)-1 -> 8
A6: 4 | B6: المجموعة 1 | C6: =COUNTIF('5 فرق'!$D$4:$D$1999,$A6&" ضد *")+COUNTIF('5 فرق'!$D$4:$D$1999,"* ضد "&$A6) -> 16 | D6: =COUNTIF($B$3:$B$7,$B6)-1 -> 4 | F6: 4 | G6: المجموعة 1 | H6: =COUNTIF('6 فرق'!$D$4:$D$1999,$F6&" ضد *")+COUNTIF('6 فرق'!$D$4:$D$1999,"* ضد "&$F6) -> 20 | I6: =COUNTIF($G$3:$G$8,$G6)-1 -> 5 | K6: 4 | L6: المجموعة 1 | M6: =COUNTIF('8 فرق'!$D$4:$D$1999,$K6&" ضد *")+COUNTIF('8 فرق'!$D$4:$D$1999,"* ضد "&$K6) -> 21 | N6: =COUNTIF($L$3:$L$10,$L6)-1 -> 7 | P6: 4 | Q6: المجموعة 1 | R6: =COUNTIF('9 فرق'!$D$4:$D$1999,$P6&" ضد *")+COUNTIF('9 فرق'!$D$4:$D$1999,"* ضد "&$P6) -> 16 | S6: =COUNTIF($Q$3:$Q$11,$Q6)-1 -> 8 | U6: 4 | V6: المجموعة 1 | W6: =COUNTIF('10 فرق'!$D$4:$D$1999,$U6&" ضد *")+COUNTIF('10 فرق'!$D$4:$D$1999,"* ضد "&$U6) -> 18 | X6: =COUNTIF($V$3:$V$12,$V6)-1 -> 9 | Z6: 4 | AA6: المجموعة 1 | AB6: =COUNTIF('11 فريقًا'!$D$4:$D$1999,$Z6&" ضد *")+COUNTIF('11 فريقًا'!$D$4:$D$1999,"* ضد "&$Z6) -> 20 | AC6: =COUNTIF($AA$3:$AA$13,$AA6)-1 -> 10 | AE6: 4 | AF6: المجموعة 1 | AG6: =COUNTIF('12 فريقًا'!$D$4:$D$1999,$AE6&" ضد *")+COUNTIF('12 فريقًا'!$D$4:$D$1999,"* ضد "&$AE6) -> 22 | AH6: =COUNTIF($AF$3:$AF$14,$AF6)-1 -> 11 | AJ6: 4 | AK6: المجموعة 1 | AL6: =COUNTIF('13 فريقًا'!$E$4:$E$1999,$AJ6&" ضد *")+COUNTIF('13 فريقًا'!$E$4:$E$1999,"* ضد "&$AJ6) -> 20 | AM6: =COUNTIF($AK$3:$AK$15,$AK6)-1 -> 5 | AO6: 4 | AP6: المجموعة 1 | AQ6: =COUNTIF('14 فريقًا'!$E$4:$E$1999,$AO6&" ضد *")+COUNTIF('14 فريقًا'!$E$4:$E$1999,"* ضد "&$AO6) -> 18 | AR6: =COUNTIF($AP$3:$AP$16,$AP6)-1 -> 6 | AT6: 4 | AU6: المجموعة 1 | AV6: =COUNTIF('15 فريقًا'!$E$4:$E$1999,$AT6&" ضد *")+COUNTIF('15 فريقًا'!$E$4:$E$1999,"* ضد "&$AT6) -> 18 | AW6: =COUNTIF($AU$3:$AU$17,$AU6)-1 -> 6 | AY6: 4 | AZ6: المجموعة 1 | BA6: =COUNTIF('16 فريقًا'!$E$4:$E$1999,$AY6&" ضد *")+COUNTIF('16 فريقًا'!$E$4:$E$1999,"* ضد "&$AY6) -> 21 | BB6: =COUNTIF($AZ$3:$AZ$18,$AZ6)-1 -> 7 | BD6: 4 | BE6: المجموعة 1 | BF6: =COUNTIF('18 فريقًا'!$E$4:$E$1999,$BD6&" ضد *")+COUNTIF('18 فريقًا'!$E$4:$E$1999,"* ضد "&$BD6) -> 17 | BG6: =COUNTIF($BE$3:$BE$20,$BE6)-1 -> 17 | BI6: 4 | BJ6: المجموعة 1 | BK6: =COUNTIF('21 فريقًا'!$E$4:$E$1999,$BI6&" ضد *")+COUNTIF('21 فريقًا'!$E$4:$E$1999,"* ضد "&$BI6) -> 20 | BL6: =COUNTIF($BJ$3:$BJ$23,$BJ6)-1 -> 20 | BN6: 4 | BO6: المجموعة 1 | BP6: =COUNTIF('22 فريقًا'!$E$4:$E$1999,$BN6&" ضد *")+COUNTIF('22 فريقًا'!$E$4:$E$1999,"* ضد "&$BN6) -> 21 | BQ6: =COUNTIF($BO$3:$BO$24,$BO6)-1 -> 21 | BS6: 4 | BT6: المجموعة 1 | BU6: =COUNTIF('23 فريقًا'!$E$4:$E$1999,$BS6&" ضد *")+COUNTIF('23 فريقًا'!$E$4:$E$1999,"* ضد "&$BS6) -> 20 | BV6: =COUNTIF($BT$3:$BT$25,$BT6)-1 -> 10 | BX6: 4 | BY6: المجموعة 1 | BZ6: =COUNTIF('25 فريقًا'!$E$4:$E$1999,$BX6&" ضد *")+COUNTIF('25 فريقًا'!$E$4:$E$1999,"* ضد "&$BX6) -> 20 | CA6: =COUNTIF($BY$3:$BY$27,$BY6)-1 -> 5 | CC6: 4 | CD6: المجموعة 1 | CE6: =COUNTIF('27 فريقًا'!$E$4:$E$1999,$CC6&" ضد *")+COUNTIF('27 فريقًا'!$E$4:$E$1999,"* ضد "&$CC6) -> 16 | CF6: =COUNTIF($CD$3:$CD$29,$CD6)-1 -> 8 | CH6: 4 | CI6: المجموعة 1 | CJ6: =COUNTIF('29 فريقًا'!$E$4:$E$1999,$CH6&" ضد *")+COUNTIF('29 فريقًا'!$E$4:$E$1999,"* ضد "&$CH6) -> 16 | CK6: =COUNTIF($CI$3:$CI$31,$CI6)-1 -> 8 | CM6: 4 | CN6: المجموعة 1 | CO6: =COUNTIF('35 فريقًا'!$E$4:$E$1999,$CM6&" ضد *")+COUNTIF('35 فريقًا'!$E$4:$E$1999,"* ضد "&$CM6) -> 16 | CP6: =COUNTIF($CN$3:$CN$37,$CN6)-1 -> 16 | CR6: 4 | CS6: المجموعة 1 | CT6: =COUNTIF('48 فريقًا'!$E$4:$E$1999,$CR6&" ضد *")+COUNTIF('48 فريقًا'!$E$4:$E$1999,"* ضد "&$CR6) -> 16 | CU6: =COUNTIF($CS$3:$CS$50,$CS6)-1 -> 8 | CW6: 4 | CX6: المجموعة 1 | CY6: =COUNTIF('49 فريقًا'!$E$4:$E$1999,$CW6&" ضد *")+COUNTIF('49 فريقًا'!$E$4:$E$1999,"* ضد "&$CW6) -> 16 | CZ6: =COUNTIF($CX$3:$CX$51,$CX6)-1 -> 8 | DB6: 4 | DC6: المجموعة 1 | DD6: =COUNTIF('52 فريقًا'!$E$4:$E$1999,$DB6&" ضد *")+COUNTIF('52 فريقًا'!$E$4:$E$1999,"* ضد "&$DB6) -> 16 | DE6: =COUNTIF($DC$3:$DC$54,$DC6)-1 -> 16 | DG6: 4 | DH6: المجموعة 1 | DI6: =COUNTIF('56 فريقًا'!$E$4:$E$1999,$DG6&" ضد *")+COUNTIF('56 فريقًا'!$E$4:$E$1999,"* ضد "&$DG6) -> 16 | DJ6: =COUNTIF($DH$3:$DH$58,$DH6)-1 -> 8
A7: 5 | B7: المجموعة 1 | C7: =COUNTIF('5 فرق'!$D$4:$D$1999,$A7&" ضد *")+COUNTIF('5 فرق'!$D$4:$D$1999,"* ضد "&$A7) -> 16 | D7: =COUNTIF($B$3:$B$7,$B7)-1 -> 4 | F7: 5 | G7: المجموعة 1 | H7: =COUNTIF('6 فرق'!$D$4:$D$1999,$F7&" ضد *")+COUNTIF('6 فرق'!$D$4:$D$1999,"* ضد "&$F7) -> 20 | I7: =COUNTIF($G$3:$G$8,$G7)-1 -> 5 | K7: 5 | L7: المجموعة 1 | M7: =COUNTIF('8 فرق'!$D$4:$D$1999,$K7&" ضد *")+COUNTIF('8 فرق'!$D$4:$D$1999,"* ضد "&$K7) -> 21 | N7: =COUNTIF($L$3:$L$10,$L7)-1 -> 7 | P7: 5 | Q7: المجموعة 1 | R7: =COUNTIF('9 فرق'!$D$4:$D$1999,$P7&" ضد *")+COUNTIF('9 فرق'!$D$4:$D$1999,"* ضد "&$P7) -> 16 | S7: =COUNTIF($Q$3:$Q$11,$Q7)-1 -> 8 | U7: 5 | V7: المجموعة 1 | W7: =COUNTIF('10 فرق'!$D$4:$D$1999,$U7&" ضد *")+COUNTIF('10 فرق'!$D$4:$D$1999,"* ضد "&$U7) -> 18 | X7: =COUNTIF($V$3:$V$12,$V7)-1 -> 9 | Z7: 5 | AA7: المجموعة 1 | AB7: =COUNTIF('11 فريقًا'!$D$4:$D$1999,$Z7&" ضد *")+COUNTIF('11 فريقًا'!$D$4:$D$1999,"* ضد "&$Z7) -> 20 | AC7: =COUNTIF($AA$3:$AA$13,$AA7)-1 -> 10 | AE7: 5 | AF7: المجموعة 1 | AG7: =COUNTIF('12 فريقًا'!$D$4:$D$1999,$AE7&" ضد *")+COUNTIF('12 فريقًا'!$D$4:$D$1999,"* ضد "&$AE7) -> 22 | AH7: =COUNTIF($AF$3:$AF$14,$AF7)-1 -> 11 | AJ7: 5 | AK7: المجموعة 1 | AL7: =COUNTIF('13 فريقًا'!$E$4:$E$1999,$AJ7&" ضد *")+COUNTIF('13 فريقًا'!$E$4:$E$1999,"* ضد "&$AJ7) -> 20 | AM7: =COUNTIF($AK$3:$AK$15,$AK7)-1 -> 5 | AO7: 5 | AP7: المجموعة 1 | AQ7: =COUNTIF('14 فريقًا'!$E$4:$E$1999,$AO7&" ضد *")+COUNTIF('14 فريقًا'!$E$4:$E$1999,"* ضد "&$AO7) -> 18 | AR7: =COUNTIF($AP$3:$AP$16,$AP7)-1 -> 6 | AT7: 5 | AU7: المجموعة 1 | AV7: =COUNTIF('15 فريقًا'!$E$4:$E$1999,$AT7&" ضد *")+COUNTIF('15 فريقًا'!$E$4:$E$1999,"* ضد "&$AT7) -> 18 | AW7: =COUNTIF($AU$3:$AU$17,$AU7)-1 -> 6 | AY7: 5 | AZ7: المجموعة 1 | BA7: =COUNTIF('16 فريقًا'!$E$4:$E$1999,$AY7&" ضد *")+COUNTIF('16 فريقًا'!$E$4:$E$1999,"* ضد "&$AY7) -> 21 | BB7: =COUNTIF($AZ$3:$AZ$18,$AZ7)-1 -> 7 | BD7: 5 | BE7: المجموعة 1 | BF7: =COUNTIF('18 فريقًا'!$E$4:$E$1999,$BD7&" ضد *")+COUNTIF('18 فريقًا'!$E$4:$E$1999,"* ضد "&$BD7) -> 17 | BG7: =COUNTIF($BE$3:$BE$20,$BE7)-1 -> 17 | BI7: 5 | BJ7: المجموعة 1 | BK7: =COUNTIF('21 فريقًا'!$E$4:$E$1999,$BI7&" ضد *")+COUNTIF('21 فريقًا'!$E$4:$E$1999,"* ضد "&$BI7) -> 20 | BL7: =COUNTIF($BJ$3:$BJ$23,$BJ7)-1 -> 20 | BN7: 5 | BO7: المجموعة 1 | BP7: =COUNTIF('22 فريقًا'!$E$4:$E$1999,$BN7&" ضد *")+COUNTIF('22 فريقًا'!$E$4:$E$1999,"* ضد "&$BN7) -> 21 | BQ7: =COUNTIF($BO$3:$BO$24,$BO7)-1 -> 21 | BS7: 5 | BT7: المجموعة 1 | BU7: =COUNTIF('23 فريقًا'!$E$4:$E$1999,$BS7&" ضد *")+COUNTIF('23 فريقًا'!$E$4:$E$1999,"* ضد "&$BS7) -> 20 | BV7: =COUNTIF($BT$3:$BT$25,$BT7)-1 -> 10 | BX7: 5 | BY7: المجموعة 1 | BZ7: =COUNTIF('25 فريقًا'!$E$4:$E$1999,$BX7&" ضد *")+COUNTIF('25 فريقًا'!$E$4:$E$1999,"* ضد "&$BX7) -> 20 | CA7: =COUNTIF($BY$3:$BY$27,$BY7)-1 -> 5 | CC7: 5 | CD7: المجموعة 1 | CE7: =COUNTIF('27 فريقًا'!$E$4:$E$1999,$CC7&" ضد *")+COUNTIF('27 فريقًا'!$E$4:$E$1999,"* ضد "&$CC7) -> 16 | CF7: =COUNTIF($CD$3:$CD$29,$CD7)-1 -> 8 | CH7: 5 | CI7: المجموعة 1 | CJ7: =COUNTIF('29 فريقًا'!$E$4:$E$1999,$CH7&" ضد *")+COUNTIF('29 فريقًا'!$E$4:$E$1999,"* ضد "&$CH7) -> 16 | CK7: =COUNTIF($CI$3:$CI$31,$CI7)-1 -> 8 | CM7: 5 | CN7: المجموعة 1 | CO7: =COUNTIF('35 فريقًا'!$E$4:$E$1999,$CM7&" ضد *")+COUNTIF('35 فريقًا'!$E$4:$E$1999,"* ضد "&$CM7) -> 16 | CP7: =COUNTIF($CN$3:$CN$37,$CN7)-1 -> 16 | CR7: 5 | CS7: المجموعة 1 | CT7: =COUNTIF('48 فريقًا'!$E$4:$E$1999,$CR7&" ضد *")+COUNTIF('48 فريقًا'!$E$4:$E$1999,"* ضد "&$CR7) -> 16 | CU7: =COUNTIF($CS$3:$CS$50,$CS7)-1 -> 8 | CW7: 5 | CX7: المجموعة 1 | CY7: =COUNTIF('49 فريقًا'!$E$4:$E$1999,$CW7&" ضد *")+COUNTIF('49 فريقًا'!$E$4:$E$1999,"* ضد "&$CW7) -> 16 | CZ7: =COUNTIF($CX$3:$CX$51,$CX7)-1 -> 8 | DB7: 5 | DC7: المجموعة 1 | DD7: =COUNTIF('52 فريقًا'!$E$4:$E$1999,$DB7&" ضد *")+COUNTIF('52 فريقًا'!$E$4:$E$1999,"* ضد "&$DB7) -> 16 | DE7: =COUNTIF($DC$3:$DC$54,$DC7)-1 -> 16 | DG7: 5 | DH7: المجموعة 1 | DI7: =COUNTIF('56 فريقًا'!$E$4:$E$1999,$DG7&" ضد *")+COUNTIF('56 فريقًا'!$E$4:$E$1999,"* ضد "&$DG7) -> 16 | DJ7: =COUNTIF($DH$3:$DH$58,$DH7)-1 -> 8
F8: 6 | G8: المجموعة 1 | H8: =COUNTIF('6 فرق'!$D$4:$D$1999,$F8&" ضد *")+COUNTIF('6 فرق'!$D$4:$D$1999,"* ضد "&$F8) -> 20 | I8: =COUNTIF($G$3:$G$8,$G8)-1 -> 5 | K8: 6 | L8: المجموعة 1 | M8: =COUNTIF('8 فرق'!$D$4:$D$1999,$K8&" ضد *")+COUNTIF('8 فرق'!$D$4:$D$1999,"* ضد "&$K8) -> 21 | N8: =COUNTIF($L$3:$L$10,$L8)-1 -> 7 | P8: 6 | Q8: المجموعة 1 | R8: =COUNTIF('9 فرق'!$D$4:$D$1999,$P8&" ضد *")+COUNTIF('9 فرق'!$D$4:$D$1999,"* ضد "&$P8) -> 16 | S8: =COUNTIF($Q$3:$Q$11,$Q8)-1 -> 8 | U8: 6 | V8: المجموعة 1 | W8: =COUNTIF('10 فرق'!$D$4:$D$1999,$U8&" ضد *")+COUNTIF('10 فرق'!$D$4:$D$1999,"* ضد "&$U8) -> 18 | X8: =COUNTIF($V$3:$V$12,$V8)-1 -> 9 | Z8: 6 | AA8: المجموعة 1 | AB8: =COUNTIF('11 فريقًا'!$D$4:$D$1999,$Z8&" ضد *")+COUNTIF('11 فريقًا'!$D$4:$D$1999,"* ضد "&$Z8) -> 20 | AC8: =COUNTIF($AA$3:$AA$13,$AA8)-1 -> 10 | AE8: 6 | AF8: المجموعة 1 | AG8: =COUNTIF('12 فريقًا'!$D$4:$D$1999,$AE8&" ضد *")+COUNTIF('12 فريقًا'!$D$4:$D$1999,"* ضد "&$AE8) -> 22 | AH8: =COUNTIF($AF$3:$AF$14,$AF8)-1 -> 11 | AJ8: 6 | AK8: المجموعة 1 | AL8: =COUNTIF('13 فريقًا'!$E$4:$E$1999,$AJ8&" ضد *")+COUNTIF('13 فريقًا'!$E$4:$E$1999,"* ضد "&$AJ8) -> 20 | AM8: =COUNTIF($AK$3:$AK$15,$AK8)-1 -> 5 | AO8: 6 | AP8: المجموعة 1 | AQ8: =COUNTIF('14 فريقًا'!$E$4:$E$1999,$AO8&" ضد *")+COUNTIF('14 فريقًا'!$E$4:$E$1999,"* ضد "&$AO8) -> 18 | AR8: =COUNTIF($AP$3:$AP$16,$AP8)-1 -> 6 | AT8: 6 | AU8: المجموعة 1 | AV8: =COUNTIF('15 فريقًا'!$E$4:$E$1999,$AT8&" ضد *")+COUNTIF('15 فريقًا'!$E$4:$E$1999,"* ضد "&$AT8) -> 18 | AW8: =COUNTIF($AU$3:$AU$17,$AU8)-1 -> 6 | AY8: 6 | AZ8: المجموعة 1 | BA8: =COUNTIF('16 فريقًا'!$E$4:$E$1999,$AY8&" ضد *")+COUNTIF('16 فريقًا'!$E$4:$E$1999,"* ضد "&$AY8) -> 21 | BB8: =COUNTIF($AZ$3:$AZ$18,$AZ8)-1 -> 7 | BD8: 6 | BE8: المجموعة 1 | BF8: =COUNTIF('18 فريقًا'!$E$4:$E$1999,$BD8&" ضد *")+COUNTIF('18 فريقًا'!$E$4:$E$1999,"* ضد "&$BD8) -> 17 | BG8: =COUNTIF($BE$3:$BE$20,$BE8)-1 -> 17 | BI8: 6 | BJ8: المجموعة 1 | BK8: =COUNTIF('21 فريقًا'!$E$4:$E$1999,$BI8&" ضد *")+COUNTIF('21 فريقًا'!$E$4:$E$1999,"* ضد "&$BI8) -> 20 | BL8: =COUNTIF($BJ$3:$BJ$23,$BJ8)-1 -> 20 | BN8: 6 | BO8: المجموعة 1 | BP8: =COUNTIF('22 فريقًا'!$E$4:$E$1999,$BN8&" ضد *")+COUNTIF('22 فريقًا'!$E$4:$E$1999,"* ضد "&$BN8) -> 21 | BQ8: =COUNTIF($BO$3:$BO$24,$BO8)-1 -> 21 | BS8: 6 | BT8: المجموعة 1 | BU8: =COUNTIF('23 فريقًا'!$E$4:$E$1999,$BS8&" ضد *")+COUNTIF('23 فريقًا'!$E$4:$E$1999,"* ضد "&$BS8) -> 20 | BV8: =COUNTIF($BT$3:$BT$25,$BT8)-1 -> 10 | BX8: 6 | BY8: المجموعة 1 | BZ8: =COUNTIF('25 فريقًا'!$E$4:$E$1999,$BX8&" ضد *")+COUNTIF('25 فريقًا'!$E$4:$E$1999,"* ضد "&$BX8) -> 20 | CA8: =COUNTIF($BY$3:$BY$27,$BY8)-1 -> 5 | CC8: 6 | CD8: المجموعة 1 | CE8: =COUNTIF('27 فريقًا'!$E$4:$E$1999,$CC8&" ضد *")+COUNTIF('27 فريقًا'!$E$4:$E$1999,"* ضد "&$CC8) -> 16 | CF8: =COUNTIF($CD$3:$CD$29,$CD8)-1 -> 8 | CH8: 6 | CI8: المجموعة 1 | CJ8: =COUNTIF('29 فريقًا'!$E$4:$E$1999,$CH8&" ضد *")+COUNTIF('29 فريقًا'!$E$4:$E$1999,"* ضد "&$CH8) -> 16 | CK8: =COUNTIF($CI$3:$CI$31,$CI8)-1 -> 8 | CM8: 6 | CN8: المجموعة 1 | CO8: =COUNTIF('35 فريقًا'!$E$4:$E$1999,$CM8&" ضد *")+COUNTIF('35 فريقًا'!$E$4:$E$1999,"* ضد "&$CM8) -> 16 | CP8: =COUNTIF($CN$3:$CN$37,$CN8)-1 -> 16 | CR8: 6 | CS8: المجموعة 1 | CT8: =COUNTIF('48 فريقًا'!$E$4:$E$1999,$CR8&" ضد *")+COUNTIF('48 فريقًا'!$E$4:$E$1999,"* ضد "&$CR8) -> 16 | CU8: =COUNTIF($CS$3:$CS$50,$CS8)-1 -> 8 | CW8: 6 | CX8: المجموعة 1 | CY8: =COUNTIF('49 فريقًا'!$E$4:$E$1999,$CW8&" ضد *")+COUNTIF('49 فريقًا'!$E$4:$E$1999,"* ضد "&$CW8) -> 16 | CZ8: =COUNTIF($CX$3:$CX$51,$CX8)-1 -> 8 | DB8: 6 | DC8: المجموعة 1 | DD8: =COUNTIF('52 فريقًا'!$E$4:$E$1999,$DB8&" ضد *")+COUNTIF('52 فريقًا'!$E$4:$E$1999,"* ضد "&$DB8) -> 16 | DE8: =COUNTIF($DC$3:$DC$54,$DC8)-1 -> 16 | DG8: 6 | DH8: المجموعة 1 | DI8: =COUNTIF('56 فريقًا'!$E$4:$E$1999,$DG8&" ضد *")+COUNTIF('56 فريقًا'!$E$4:$E$1999,"* ضد "&$DG8) -> 16 | DJ8: =COUNTIF($DH$3:$DH$58,$DH8)-1 -> 8
K9: 7 | L9: المجموعة 1 | M9: =COUNTIF('8 فرق'!$D$4:$D$1999,$K9&" ضد *")+COUNTIF('8 فرق'!$D$4:$D$1999,"* ضد "&$K9) -> 21 | N9: =COUNTIF($L$3:$L$10,$L9)-1 -> 7 | P9: 7 | Q9: المجموعة 1 | R9: =COUNTIF('9 فرق'!$D$4:$D$1999,$P9&" ضد *")+COUNTIF('9 فرق'!$D$4:$D$1999,"* ضد "&$P9) -> 16 | S9: =COUNTIF($Q$3:$Q$11,$Q9)-1 -> 8 | U9: 7 | V9: المجموعة 1 | W9: =COUNTIF('10 فرق'!$D$4:$D$1999,$U9&" ضد *")+COUNTIF('10 فرق'!$D$4:$D$1999,"* ضد "&$U9) -> 18 | X9: =COUNTIF($V$3:$V$12,$V9)-1 -> 9 | Z9: 7 | AA9: المجموعة 1 | AB9: =COUNTIF('11 فريقًا'!$D$4:$D$1999,$Z9&" ضد *")+COUNTIF('11 فريقًا'!$D$4:$D$1999,"* ضد "&$Z9) -> 20 | AC9: =COUNTIF($AA$3:$AA$13,$AA9)-1 -> 10 | AE9: 7 | AF9: المجموعة 1 | AG9: =COUNTIF('12 فريقًا'!$D$4:$D$1999,$AE9&" ضد *")+COUNTIF('12 فريقًا'!$D$4:$D$1999,"* ضد "&$AE9) -> 22 | AH9: =COUNTIF($AF$3:$AF$14,$AF9)-1 -> 11 | AJ9: 7 | AK9: المجموعة 2 | AL9: =COUNTIF('13 فريقًا'!$E$4:$E$1999,$AJ9&" ضد *")+COUNTIF('13 فريقًا'!$E$4:$E$1999,"* ضد "&$AJ9) -> 18 | AM9: =COUNTIF($AK$3:$AK$15,$AK9)-1 -> 6 | AO9: 7 | AP9: المجموعة 1 | AQ9: =COUNTIF('14 فريقًا'!$E$4:$E$1999,$AO9&" ضد *")+COUNTIF('14 فريقًا'!$E$4:$E$1999,"* ضد "&$AO9) -> 18 | AR9: =COUNTIF($AP$3:$AP$16,$AP9)-1 -> 6 | AT9: 7 | AU9: المجموعة 1 | AV9: =COUNTIF('15 فريقًا'!$E$4:$E$1999,$AT9&" ضد *")+COUNTIF('15 فريقًا'!$E$4:$E$1999,"* ضد "&$AT9) -> 18 | AW9: =COUNTIF($AU$3:$AU$17,$AU9)-1 -> 6 | AY9: 7 | AZ9: المجموعة 1 | BA9: =COUNTIF('16 فريقًا'!$E$4:$E$1999,$AY9&" ضد *")+COUNTIF('16 فريقًا'!$E$4:$E$1999,"* ضد "&$AY9) -> 21 | BB9: =COUNTIF($AZ$3:$AZ$18,$AZ9)-1 -> 7 | BD9: 7 | BE9: المجموعة 1 | BF9: =COUNTIF('18 فريقًا'!$E$4:$E$1999,$BD9&" ضد *")+COUNTIF('18 فريقًا'!$E$4:$E$1999,"* ضد "&$BD9) -> 17 | BG9: =COUNTIF($BE$3:$BE$20,$BE9)-1 -> 17 | BI9: 7 | BJ9: المجموعة 1 | BK9: =COUNTIF('21 فريقًا'!$E$4:$E$1999,$BI9&" ضد *")+COUNTIF('21 فريقًا'!$E$4:$E$1999,"* ضد "&$BI9) -> 20 | BL9: =COUNTIF($BJ$3:$BJ$23,$BJ9)-1 -> 20 | BN9: 7 | BO9: المجموعة 1 | BP9: =COUNTIF('22 فريقًا'!$E$4:$E$1999,$BN9&" ضد *")+COUNTIF('22 فريقًا'!$E$4:$E$1999,"* ضد "&$BN9) -> 21 | BQ9: =COUNTIF($BO$3:$BO$24,$BO9)-1 -> 21 | BS9: 7 | BT9: المجموعة 1 | BU9: =COUNTIF('23 فريقًا'!$E$4:$E$1999,$BS9&" ضد *")+COUNTIF('23 فريقًا'!$E$4:$E$1999,"* ضد "&$BS9) -> 20 | BV9: =COUNTIF($BT$3:$BT$25,$BT9)-1 -> 10 | BX9: 7 | BY9: المجموعة 2 | BZ9: =COUNTIF('25 فريقًا'!$E$4:$E$1999,$BX9&" ضد *")+COUNTIF('25 فريقًا'!$E$4:$E$1999,"* ضد "&$BX9) -> 20 | CA9: =COUNTIF($BY$3:$BY$27,$BY9)-1 -> 5 | CC9: 7 | CD9: المجموعة 1 | CE9: =COUNTIF('27 فريقًا'!$E$4:$E$1999,$CC9&" ضد *")+COUNTIF('27 فريقًا'!$E$4:$E$1999,"* ضد "&$CC9) -> 16 | CF9: =COUNTIF($CD$3:$CD$29,$CD9)-1 -> 8 | CH9: 7 | CI9: المجموعة 1 | CJ9: =COUNTIF('29 فريقًا'!$E$4:$E$1999,$CH9&" ضد *")+COUNTIF('29 فريقًا'!$E$4:$E$1999,"* ضد "&$CH9) -> 16 | CK9: =COUNTIF($CI$3:$CI$31,$CI9)-1 -> 8 | CM9: 7 | CN9: المجموعة 1 | CO9: =COUNTIF('35 فريقًا'!$E$4:$E$1999,$CM9&" ضد *")+COUNTIF('35 فريقًا'!$E$4:$E$1999,"* ضد "&$CM9) -> 16 | CP9: =COUNTIF($CN$3:$CN$37,$CN9)-1 -> 16 | CR9: 7 | CS9: المجموعة 1 | CT9: =COUNTIF('48 فريقًا'!$E$4:$E$1999,$CR9&" ضد *")+COUNTIF('48 فريقًا'!$E$4:$E$1999,"* ضد "&$CR9) -> 16 | CU9: =COUNTIF($CS$3:$CS$50,$CS9)-1 -> 8 | CW9: 7 | CX9: المجموعة 1 | CY9: =COUNTIF('49 فريقًا'!$E$4:$E$1999,$CW9&" ضد *")+COUNTIF('49 فريقًا'!$E$4:$E$1999,"* ضد "&$CW9) -> 16 | CZ9: =COUNTIF($CX$3:$CX$51,$CX9)-1 -> 8 | DB9: 7 | DC9: المجموعة 1 | DD9: =COUNTIF('52 فريقًا'!$E$4:$E$1999,$DB9&" ضد *")+COUNTIF('52 فريقًا'!$E$4:$E$1999,"* ضد "&$DB9) -> 16 | DE9: =COUNTIF($DC$3:$DC$54,$DC9)-1 -> 16 | DG9: 7 | DH9: المجموعة 1 | DI9: =COUNTIF('56 فريقًا'!$E$4:$E$1999,$DG9&" ضد *")+COUNTIF('56 فريقًا'!$E$4:$E$1999,"* ضد "&$DG9) -> 16 | DJ9: =COUNTIF($DH$3:$DH$58,$DH9)-1 -> 8
K10: 8 | L10: المجموعة 1 | M10: =COUNTIF('8 فرق'!$D$4:$D$1999,$K10&" ضد *")+COUNTIF('8 فرق'!$D$4:$D$1999,"* ضد "&$K10) -> 21 | N10: =COUNTIF($L$3:$L$10,$L10)-1 -> 7 | P10: 8 | Q10: المجموعة 1 | R10: =COUNTIF('9 فرق'!$D$4:$D$1999,$P10&" ضد *")+COUNTIF('9 فرق'!$D$4:$D$1999,"* ضد "&$P10) -> 16 | S10: =COUNTIF($Q$3:$Q$11,$Q10)-1 -> 8 | U10: 8 | V10: المجموعة 1 | W10: =COUNTIF('10 فرق'!$D$4:$D$1999,$U10&" ضد *")+COUNTIF('10 فرق'!$D$4:$D$1999,"* ضد "&$U10) -> 18 | X10: =COUNTIF($V$3:$V$12,$V10)-1 -> 9 | Z10: 8 | AA10: المجموعة 1 | AB10: =COUNTIF('11 فريقًا'!$D$4:$D$1999,$Z10&" ضد *")+COUNTIF('11 فريقًا'!$D$4:$D$1999,"* ضد "&$Z10) -> 20 | AC10: =COUNTIF($AA$3:$AA$13,$AA10)-1 -> 10 | AE10: 8 | AF10: المجموعة 1 | AG10: =COUNTIF('12 فريقًا'!$D$4:$D$1999,$AE10&" ضد *")+COUNTIF('12 فريقًا'!$D$4:$D$1999,"* ضد "&$AE10) -> 22 | AH10: =COUNTIF($AF$3:$AF$14,$AF10)-1 -> 11 | AJ10: 8 | AK10: المجموعة 2 | AL10: =COUNTIF('13 فريقًا'!$E$4:$E$1999,$AJ10&" ضد *")+COUNTIF('13 فريقًا'!$E$4:$E$1999,"* ضد "&$AJ10) -> 18 | AM10: =COUNTIF($AK$3:$AK$15,$AK10)-1 -> 6 | AO10: 8 | AP10: المجموعة 2 | AQ10: =COUNTIF('14 فريقًا'!$E$4:$E$1999,$AO10&" ضد *")+COUNTIF('14 فريقًا'!$E$4:$E$1999,"* ضد "&$AO10) -> 18 | AR10: =COUNTIF($AP$3:$AP$16,$AP10)-1 -> 6 | AT10: 8 | AU10: المجموعة 2 | AV10: =COUNTIF('15 فريقًا'!$E$4:$E$1999,$AT10&" ضد *")+COUNTIF('15 فريقًا'!$E$4:$E$1999,"* ضد "&$AT10) -> 21 | AW10: =COUNTIF($AU$3:$AU$17,$AU10)-1 -> 7 | AY10: 8 | AZ10: المجموعة 1 | BA10: =COUNTIF('16 فريقًا'!$E$4:$E$1999,$AY10&" ضد *")+COUNTIF('16 فريقًا'!$E$4:$E$1999,"* ضد "&$AY10) -> 21 | BB10: =COUNTIF($AZ$3:$AZ$18,$AZ10)-1 -> 7 | BD10: 8 | BE10: المجموعة 1 | BF10: =COUNTIF('18 فريقًا'!$E$4:$E$1999,$BD10&" ضد *")+COUNTIF('18 فريقًا'!$E$4:$E$1999,"* ضد "&$BD10) -> 17 | BG10: =COUNTIF($BE$3:$BE$20,$BE10)-1 -> 17 | BI10: 8 | BJ10: المجموعة 1 | BK10: =COUNTIF('21 فريقًا'!$E$4:$E$1999,$BI10&" ضد *")+COUNTIF('21 فريقًا'!$E$4:$E$1999,"* ضد "&$BI10) -> 20 | BL10: =COUNTIF($BJ$3:$BJ$23,$BJ10)-1 -> 20 | BN10: 8 | BO10: المجموعة 1 | BP10: =COUNTIF('22 فريقًا'!$E$4:$E$1999,$BN10&" ضد *")+COUNTIF('22 فريقًا'!$E$4:$E$1999,"* ضد "&$BN10) -> 21 | BQ10: =COUNTIF($BO$3:$BO$24,$BO10)-1 -> 21 | BS10: 8 | BT10: المجموعة 1 | BU10: =COUNTIF('23 فريقًا'!$E$4:$E$1999,$BS10&" ضد *")+COUNTIF('23 فريقًا'!$E$4:$E$1999,"* ضد "&$BS10) -> 20 | BV10: =COUNTIF($BT$3:$BT$25,$BT10)-1 -> 10 | BX10: 8 | BY10: المجموعة 2 | BZ10: =COUNTIF('25 فريقًا'!$E$4:$E$1999,$BX10&" ضد *")+COUNTIF('25 فريقًا'!$E$4:$E$1999,"* ضد "&$BX10) -> 20 | CA10: =COUNTIF($BY$3:$BY$27,$BY10)-1 -> 5 | CC10: 8 | CD10: المجموعة 1 | CE10: =COUNTIF('27 فريقًا'!$E$4:$E$1999,$CC10&" ضد *")+COUNTIF('27 فريقًا'!$E$4:$E$1999,"* ضد "&$CC10) -> 16 | CF10: =COUNTIF($CD$3:$CD$29,$CD10)-1 -> 8 | CH10: 8 | CI10: المجموعة 1 | CJ10: =COUNTIF('29 فريقًا'!$E$4:$E$1999,$CH10&" ضد *")+COUNTIF('29 فريقًا'!$E$4:$E$1999,"* ضد "&$CH10) -> 16 | CK10: =COUNTIF($CI$3:$CI$31,$CI10)-1 -> 8 | CM10: 8 | CN10: المجموعة 1 | CO10: =COUNTIF('35 فريقًا'!$E$4:$E$1999,$CM10&" ضد *")+COUNTIF('35 فريقًا'!$E$4:$E$1999,"* ضد "&$CM10) -> 16 | CP10: =COUNTIF($CN$3:$CN$37,$CN10)-1 -> 16 | CR10: 8 | CS10: المجموعة 1 | CT10: =COUNTIF('48 فريقًا'!$E$4:$E$1999,$CR10&" ضد *")+COUNTIF('48 فريقًا'!$E$4:$E$1999,"* ضد "&$CR10) -> 16 | CU10: =COUNTIF($CS$3:$CS$50,$CS10)-1 -> 8 | CW10: 8 | CX10: المجموعة 1 | CY10: =COUNTIF('49 فريقًا'!$E$4:$E$1999,$CW10&" ضد *")+COUNTIF('49 فريقًا'!$E$4:$E$1999,"* ضد "&$CW10) -> 16 | CZ10: =COUNTIF($CX$3:$CX$51,$CX10)-1 -> 8 | DB10: 8 | DC10: المجموعة 1 | DD10: =COUNTIF('52 فريقًا'!$E$4:$E$1999,$DB10&" ضد *")+COUNTIF('52 فريقًا'!$E$4:$E$1999,"* ضد "&$DB10) -> 16 | DE10: =COUNTIF($DC$3:$DC$54,$DC10)-1 -> 16 | DG10: 8 | DH10: المجموعة 1 | DI10: =COUNTIF('56 فريقًا'!$E$4:$E$1999,$DG10&" ضد *")+COUNTIF('56 فريقًا'!$E$4:$E$1999,"* ضد "&$DG10) -> 16 | DJ10: =COUNTIF($DH$3:$DH$58,$DH10)-1 -> 8
