Workbook

Sheet المدخلات
A1: مدخلات جداول تحت 14 | E1: جدول الفترات
A3: البند | B3: القيمة | C3: ملاحظة | E3: الفترة | F3: التوقيت
E4: 1 | F4: =MOD(HOUR($B$5+0*$B$8/1440)-1,12)+1&":"&TEXT(MINUTE($B$5+0*$B$8/1440),"00")&"–"&MOD(HOUR($B$5+0*$B$8/1440+$B$6/1440)-1,12)+1&":"&TEXT(MINUTE($B$5+0*$B$8/1440+$B$6/1440),"00")&IF(HOUR($B$5+0*$B$8/1440)<12," ص"," م") -> 4:00–5:30 م
A5: وقت بداية اليوم | B5: 0.6666667 | C5: قابل للتعديل | E5: 2 | F5: =MOD(HOUR($B$5+1*$B$8/1440)-1,12)+1&":"&TEXT(MINUTE($B$5+1*$B$8/1440),"00")&"–"&MOD(HOUR($B$5+1*$B$8/1440+$B$6/1440)-1,12)+1&":"&TEXT(MINUTE($B$5+1*$B$8/1440+$B$6/1440),"00")&IF(HOUR($B$5+1*$B$8/1440)<12," ص"," م") -> 5:40–7:10 م
A6: مدة المباراة (دقيقة) | B6: 90 | C6: قابل للتعديل | E6: 3 | F6: =MOD(HOUR($B$5+2*$B$8/1440)-1,12)+1&":"&TEXT(MINUTE($B$5+2*$B$8/1440),"00")&"–"&MOD(HOUR($B$5+2*$B$8/1440+$B$6/1440)-1,12)+1&":"&TEXT(MINUTE($B$5+2*$B$8/1440+$B$6/1440),"00")&IF(HOUR($B$5+2*$B$8/1440)<12," ص"," م") -> 7:20–8:50 م
A7: الفاصل / ترتيب الملعب (دقيقة) | B7: 10 | C7: قابل للتعديل
A8: طول الفترة الكاملة (دقيقة) | B8: =B6+B7 -> 100 | C8: محسوبة تلقائياً
A9: أقصى عدد فترات في اليوم | B9: 3 | C9: قابل للتعديل

Sheet المبادئ
A1: مبادئ بناء جداول تحت 14 (من 6 إلى 48 فريقًا) — وحالة الالتزام الفعلية
A3: # | B3: المبدأ | C3: الشرح | D3: الحالة | E3: الاستثناءات والملاحظات
A4: 1 | B4: لا يلعب الفريق مباراتين ورا بعض | C4: القاعدة الأهم في التصميم: يحصل كل فريق على فترة راحة كاملة (15 دقيقة على الأقل، وفعلياً فترة 100 دقيقة كاملة) بين مباراتيه. ويُحقَّق ذلك إما بحجز فترات استراحة كاملة في الأعداد الصغيرة، أو بتوزيع الفرق على فترات وملاعب أكثر في الأعداد الكبيرة. | D4: ✔ مطبق بالكامل | E4: لا استثناء. فحص الـ17 ورقة: صفر حالة فريق يلعب في فترتين متتاليتين في نفس اليوم.
A5: 2 | B5: لا يوجد تتابع إطلاقاً | C5: إذا ضاقت الفترات عن عدد المباريات المطلوبة، يُزاد عدد الملاعب أو تُزاد الأيام، ولا يُضحّى براحة اللاعبين بأي حال. | D5: ✔ مطبق بالكامل | E5: لا استثناء. أيضاً صفر حالة فريق له مباراتان في نفس الفترة.
A6: 3 | B6: عدالة عدد المباريات | C6: كل الفرق تلعب العدد نفسه في اليوم الواحد وفي البطولة ككل — لا فريق يلعب أكثر من آخر. | D6: ⚠ مطبق باستثناءات | E6: مطبق بالكامل داخل كل مجموعة وفي اليوم الواحد (تفاوت صفر). الاستثناء بين المجموعات عند الأعداد الفردية: 13 فريقًا (20 و18)، 15 (21 و18)، 23 (21/21/18)، 31 (21/21/21/18). أما 35 فصارت متساوية تماماً (18 لكل الفرق) بعد تقسيمها 5 مجموعات × 7.
A7: 4 | B7: عدالة المواجهات | C7: تُوزَّع فرص اللقاء على الجميع بدل أن تتكرر بين فرق معيّنة: يُقسم إجمالي المباريات على عدد الأزواج الممكنة، ويُسمح بمستويين فقط فرقهما مباراة واحدة. | D7: ⚠ مطبق باستثناءات | E7: أقوى من الحد المطلوب: داخل كل مجموعة الفرق بين الأزواج = صفر (كل زوج يلتقي نفس العدد بالضبط) وكل الأزواج مغطاة بلا زوج محروم. الاستثناء الوحيد المتبقي بين المجموعات: 13 فريقًا (4 مقابل 3). و35 فريقًا صارت 3 لقاءات لكل زوج في كل المجموعات.
A8: 5 | B8: تقسيم المجموعات عند الأعداد الكبيرة | C8: إذا كبر عدد الفرق حتى لم تكفِ مباريات الموسم للقاء الجميع، يُقسم العدد إلى مجموعات متساوية تلعب كل منها على ملاعبها الخاصة في نفس الوقت. | D8: ⚠ مطبق باستثناءات | E8: مجموعات متساوية تماماً: 14 (7+7)، 16 (8+8)، 18 (6+6+6)، 35 (7×5)، 48 (6×8). الأعداد الفردية بفرق فريق واحد: 13 (7+6)، 15 (8+7)، 23 (8+8+7)، 31 (8+8+8+7).
A9: 6 | B9: أقصى 3 فترات في اليوم | C9: اليوم يبدأ 4:00 م وينتهي 8:50 م بثلاث فترات فقط (مباراة 90 دقيقة + 10 دقائق ترتيب الملعب)، ولا يُطال اليوم أكثر من ذلك. | D9: ✔ مطبق بالكامل | E9: لا تجاوز في أي ورقة. الاستثناء للأسفل فقط: بطولة 8 فرق تستخدم فترتين فقط وتنتهي 7:10 م.
A10: 7 | B10: الحد الأقصى لأيام الدوري = 21 يوماً | C10: دوري المجموعات لا يتجاوز 21 يوم مهرجان، وإذا لم تكفِ الأيام يُزاد عدد الملاعب لا الأيام. | D10: ✔ مطبق بالكامل | E10: أعلى قيمة مستخدمة 21 يوماً (معظم البطولات)، وأقلها 18 يوماً (10 فرق). لا تجاوز في أي ورقة.
A11: 8 | B11: إجمالي أيام البطولة لا يتجاوز 23 يوماً | C11: أيام الدوري + أيام الإقصاء معاً في سقف واحد، وأيام الإقصاء تأتي إضافةً بعد انتهاء الدوري. | D11: ✔ مطبق بالكامل | E11: الأقصى المسجل 23 يوماً في 23 و31 و35 و48 فريقًا (21 دوري + 2–3 إقصاء)، والأقل 18 يوماً.
A12: 9 | B12: الإقصاء فقط عند تعدد المجموعات | C12: المجموعة الواحدة تحسم بالدوري بدون إقصاء، وعند تعدد المجموعات يتأهل متصدر كل مجموعة لدور إقصائي بحجم عدد المجموعات. | D12: ✔ مطبق بالكامل | E12: بدون إقصاء: 6، 7، 8، 10، 19، 20، 21، 22. نهائي مباشر (مجموعتان): 13، 14، 15، 16. نصف نهائي ثم نهائي: 18، 23، 31. ربع نهائي فما بعده: 35، 48.
A13: 10 | B13: أقل عدد ممكن من الملاعب | C13: لا يُفتح ملعب إضافي إلا إذا لم تكفِ الفترات الثلاث وأيام السقف 21 يوماً لتغطية المباريات. | D13: ✔ مطبق بالكامل | E13: ملعب واحد: 6 و7. ملعبان: 8، 10، 13، 14. ثم يزيد تدريجياً: 3 ملاعب (15–19)، 4 (20–23)، 5 (31 و35)، 8 (48).
A14: 11 | B14: كل المجموعات تلعب في نفس الوقت | C14: المجموعات لا تتناوب على الأيام؛ كل المجموعات تلعب في نفس المهرجان ونفس الأيام، وتُوزَّع مبارياتها على الملاعب والفترات المتاحة في اليوم نفسه. | D14: ✔ مطبق بالكامل | E14: متحقق في جميع الأوراق متعددة المجموعات: نفس الأيام لكل المجموعات. ملاحظة: الملاعب لم تُعد مثبَّتة لكل مجموعة، بل تُوزَّع بالتناوب لتحقيق عدالة الفترات (مبدأ 13).
A15: 12 | B15: وقت موحد لكل البطولات | C15: كل جداول تحت 14 تبدأ 4:00 م وتستخدم نفس الفترات المعرفة في ورقة المدخلات، وأي تعديل في المدخلات ينعكس تلقائياً على كل الأوراق. | D15: ✔ مطبق بالكامل | E15: أعمدة الوقت في كل الأوراق مربوطة بصيغة بورقة المدخلات وليست قيماً ثابتة.
A16: 13 | B16: عدالة توزيع الفترات | C16: لا يُثبَّت فريق أو مجموعة على فترة واحدة طول الموسم؛ تتدوّر فترات المباريات (4:00 / 5:40 / 7:20) بين كل الفرق بالتساوي داخل كل مجموعة. | D16: ✔ مطبق بالكامل | E16: بعد إعادة التوزيع: الفرق بين أي فريقين في عدد مرات اللعب في نفس الفترة لا يتجاوز مباراتين داخل المجموعة الواحدة، وزال تثبيت الفريق 1 على الفترة الأولى وتثبيت المجموعات على فترة واحدة في 31 و48 فريقًا. الفترة الثالثة تُستخدم أقل في بعض الأعداد لأن مباريات اليوم لا تحتاجها (مبدأ 6).

Sheet الملخص
A1: ملخص بطولات تحت 14 — الأعداد المطلوبة
A3: عدد الفرق | B3: عدد المجموعات | C3: توزيع الفرق في المجموعات | D3: لقاءات كل خصم | E3: مباريات كل فريق في الموسم | F3: نظام الإقصاء | G3: أيام الدوري | H3: أيام الإقصاء | I3: إجمالي الأيام | J3: وقت البداية | K3: وقت النهاية | L3: عدد الملاعب القانونية
A4: 6 | B4: {=ROUND(SUMPRODUCT(1/COUNTIF('بيانات الفرق'!$B$3:$B$8,'بيانات الفرق'!$B$3:$B$8)),0)} -> 1 | C4: {=_xlfn.TEXTJOIN(" + ",TRUE,_xlfn._xlws.SORT(COUNTIF('بيانات الفرق'!$B$3:$B$8,"المجموعة "&_xlfn.SEQUENCE(B4))))} -> 6 | D4: {=_xlfn.LET(_xlpm.gs,_xlfn.SEQUENCE(B4),_xlpm.ln,_xlfn.MAXIFS('بيانات الفرق'!$D$3:$D$8,'بيانات الفرق'!$B$3:$B$8,"المجموعة "&_xlpm.gs),_xlpm.mn,_xlfn.MINIFS('بيانات الفرق'!$C$3:$C$8,'بيانات الفرق'!$B$3:$B$8,"المجموعة "&_xlpm.gs),_xlpm.mx,_xlfn.MAXIFS('بيانات الفرق'!$C$3:$C$8,'بيانات الفرق'!$B$3:$B$8,"المجموعة "&_xlpm.gs),_xlpm.lo,FLOOR(_xlpm.mn/_xlpm.ln,1),_xlpm.hi,CEILING(_xlpm.mx/_xlpm.ln,1),_xlpm.t,IF(_xlpm.lo=_xlpm.hi,_xlpm.lo&"",_xlpm.lo&"–"&_xlpm.hi),_xlfn.TEXTJOIN(" + ",TRUE,_xlfn.SORTBY(_xlpm.t,_xlpm.ln,1)))} -> 4 | E4: {=_xlfn.LET(_xlpm.gs,_xlfn.SEQUENCE(B4),_xlpm.ln,_xlfn.MAXIFS('بيانات الفرق'!$D$3:$D$8,'بيانات الفرق'!$B$3:$B$8,"المجموعة "&_xlpm.gs),_xlpm.mn,_xlfn.MINIFS('بيانات الفرق'!$C$3:$C$8,'بيانات الفرق'!$B$3:$B$8,"المجموعة "&_xlpm.gs),_xlpm.mx,_xlfn.MAXIFS('بيانات الفرق'!$C$3:$C$8,'بيانات الفرق'!$B$3:$B$8,"المجموعة "&_xlpm.gs),_xlpm.t,IF(_xlpm.mn=_xlpm.mx,_xlpm.mn&"",_xlpm.mn&"–"&_xlpm.mx),_xlfn.TEXTJOIN(" + ",TRUE,_xlfn.SORTBY(_xlpm.t,_xlpm.ln,1)))} -> 20 | F4: ="—" -> — | G4: =MAX('6 فرق'!$A$4:$A$63) -> 20 | H4: =MAX('6 فرق'!$A$4:$A$63)-G4 -> 0 | I4: =MAX('6 فرق'!$A$4:$A$63) -> 20 | J4: =MOD(HOUR(المدخلات!$B$5)-1,12)+1&":"&TEXT(MINUTE(المدخلات!$B$5),"00")&IF(HOUR(المدخلات!$B$5)<12," ص"," م") -> 4:00 م | K4: {=MOD(HOUR(المدخلات!$B$5+((ROUND(SUMPRODUCT(1/COUNTIF('6 فرق'!$B$4:$B$63,'6 فرق'!$B$4:$B$63)),0)-1)*المدخلات!$B$8+المدخلات!$B$6)/1440)-1,12)+1&":"&TEXT(MINUTE(المدخلات!$B$5+((ROUND(SUMPRODUCT(1/COUNTIF('6 فرق'!$B$4:$B$63,'6 فرق'!$B$4:$B$63)),0)-1)*المدخلات!$B$8+المدخلات!$B$6)/1440),"00")&IF(HOUR(المدخلات!$B$5+((ROUND(SUMPRODUCT(1/COUNTIF('6 فرق'!$B$4:$B$63,'6 فرق'!$B$4:$B$63)),0)-1)*المدخلات!$B$8+المدخلات!$B$6)/1440)<12," ص"," م")} -> 8:50 م | L4: =MAX('6 فرق'!$C$4:$C$63) -> 1
A5: 7 | B5: {=ROUND(SUMPRODUCT(1/COUNTIF('بيانات الفرق'!$G$3:$G$9,'بيانات الفرق'!$G$3:$G$9)),0)} -> 1 | C5: {=_xlfn.TEXTJOIN(" + ",TRUE,_xlfn._xlws.SORT(COUNTIF('بيانات الفرق'!$G$3:$G$9,"المجموعة "&_xlfn.SEQUENCE(B5))))} -> 7 | D5: {=_xlfn.LET(_xlpm.gs,_xlfn.SEQUENCE(B5),_xlpm.ln,_xlfn.MAXIFS('بيانات الفرق'!$I$3:$I$9,'بيانات الفرق'!$G$3:$G$9,"المجموعة "&_xlpm.gs),_xlpm.mn,_xlfn.MINIFS('بيانات الفرق'!$H$3:$H$9,'بيانات الفرق'!$G$3:$G$9,"المجموعة "&_xlpm.gs),_xlpm.mx,_xlfn.MAXIFS('بيانات الفرق'!$H$3:$H$9,'بيانات الفرق'!$G$3:$G$9,"المجموعة "&_xlpm.gs),_xlpm.lo,FLOOR(_xlpm.mn/_xlpm.ln,1),_xlpm.hi,CEILING(_xlpm.mx/_xlpm.ln,1),_xlpm.t,IF(_xlpm.lo=_xlpm.hi,_xlpm.lo&"",_xlpm.lo&"–"&_xlpm.hi),_xlfn.TEXTJOIN(" + ",TRUE,_xlfn.SORTBY(_xlpm.t,_xlpm.ln,1)))} -> 3 | E5: {=_xlfn.LET(_xlpm.gs,_xlfn.SEQUENCE(B5),_xlpm.ln,_xlfn.MAXIFS('بيانات الفرق'!$I$3:$I$9,'بيانات الفرق'!$G$3:$G$9,"المجموعة "&_xlpm.gs),_xlpm.mn,_xlfn.MINIFS('بيانات الفرق'!$H$3:$H$9,'بيانات الفرق'!$G$3:$G$9,"المجموعة "&_xlpm.gs),_xlpm.mx,_xlfn.MAXIFS('بيانات الفرق'!$H$3:$H$9,'بيانات الفرق'!$G$3:$G$9,"المجموعة "&_xlpm.gs),_xlpm.t,IF(_xlpm.mn=_xlpm.mx,_xlpm.mn&"",_xlpm.mn&"–"&_xlpm.mx),_xlfn.TEXTJOIN(" + ",TRUE,_xlfn.SORTBY(_xlpm.t,_xlpm.ln,1)))} -> 18 | F5: ="—" -> — | G5: =MAX('7 فرق'!$A$4:$A$66) -> 21 | H5: =MAX('7 فرق'!$A$4:$A$66)-G5 -> 0 | I5: =MAX('7 فرق'!$A$4:$A$66) -> 21 | J5: =MOD(HOUR(المدخلات!$B$5)-1,12)+1&":"&TEXT(MINUTE(المدخلات!$B$5),"00")&IF(HOUR(المدخلات!$B$5)<12," ص"," م") -> 4:00 م | K5: {=MOD(HOUR(المدخلات!$B$5+((ROUND(SUMPRODUCT(1/COUNTIF('7 فرق'!$B$4:$B$66,'7 فرق'!$B$4:$B$66)),0)-1)*المدخلات!$B$8+المدخلات!$B$6)/1440)-1,12)+1&":"&TEXT(MINUTE(المدخلات!$B$5+((ROUND(SUMPRODUCT(1/COUNTIF('7 فرق'!$B$4:$B$66,'7 فرق'!$B$4:$B$66)),0)-1)*المدخلات!$B$8+المدخلات!$B$6)/1440),"00")&IF(HOUR(المدخلات!$B$5+((ROUND(SUMPRODUCT(1/COUNTIF('7 فرق'!$B$4:$B$66,'7 فرق'!$B$4:$B$66)),0)-1)*المدخلات!$B$8+المدخلات!$B$6)/1440)<12," ص"," م")} -> 8:50 م | L5: =MAX('7 فرق'!$C$4:$C$66) -> 1
A6: 8 | B6: {=ROUND(SUMPRODUCT(1/COUNTIF('بيانات الفرق'!$L$3:$L$10,'بيانات الفرق'!$L$3:$L$10)),0)} -> 1 | C6: {=_xlfn.TEXTJOIN(" + ",TRUE,_xlfn._xlws.SORT(COUNTIF('بيانات الفرق'!$L$3:$L$10,"المجموعة "&_xlfn.SEQUENCE(B6))))} -> 8 | D6: {=_xlfn.LET(_xlpm.gs,_xlfn.SEQUENCE(B6),_xlpm.ln,_xlfn.MAXIFS('بيانات الفرق'!$N$3:$N$10,'بيانات الفرق'!$L$3:$L$10,"المجموعة "&_xlpm.gs),_xlpm.mn,_xlfn.MINIFS('بيانات الفرق'!$M$3:$M$10,'بيانات الفرق'!$L$3:$L$10,"المجموعة "&_xlpm.gs),_xlpm.mx,_xlfn.MAXIFS('بيانات الفرق'!$M$3:$M$10,'بيانات الفرق'!$L$3:$L$10,"المجموعة "&_xlpm.gs),_xlpm.lo,FLOOR(_xlpm.mn/_xlpm.ln,1),_xlpm.hi,CEILING(_xlpm.mx/_xlpm.ln,1),_xlpm.t,IF(_xlpm.lo=_xlpm.hi,_xlpm.lo&"",_xlpm.lo&"–"&_xlpm.hi),_xlfn.TEXTJOIN(" + ",TRUE,_xlfn.SORTBY(_xlpm.t,_xlpm.ln,1)))} -> 3 | E6: {=_xlfn.LET(_xlpm.gs,_xlfn.SEQUENCE(B6),_xlpm.ln,_xlfn.MAXIFS('بيانات الفرق'!$N$3:$N$10,'بيانات الفرق'!$L$3:$L$10,"المجموعة "&_xlpm.gs),_xlpm.mn,_xlfn.MINIFS('بيانات الفرق'!$M$3:$M$10,'بيانات الفرق'!$L$3:$L$10,"المجموعة "&_xlpm.gs),_xlpm.mx,_xlfn.MAXIFS('بيانات الفرق'!$M$3:$M$10,'بيانات الفرق'!$L$3:$L$10,"المجموعة "&_xlpm.gs),_xlpm.t,IF(_xlpm.mn=_xlpm.mx,_xlpm.mn&"",_xlpm.mn&"–"&_xlpm.mx),_xlfn.TEXTJOIN(" + ",TRUE,_xlfn.SORTBY(_xlpm.t,_xlpm.ln,1)))} -> 21 | F6: ="—" -> — | G6: =MAX('8 فرق'!$A$4:$A$87) -> 21 | H6: =MAX('8 فرق'!$A$4:$A$87)-G6 -> 0 | I6: =MAX('8 فرق'!$A$4:$A$87) -> 21 | J6: =MOD(HOUR(المدخلات!$B$5)-1,12)+1&":"&TEXT(MINUTE(المدخلات!$B$5),"00")&IF(HOUR(المدخلات!$B$5)<12," ص"," م") -> 4:00 م | K6: {=MOD(HOUR(المدخلات!$B$5+((ROUND(SUMPRODUCT(1/COUNTIF('8 فرق'!$B$4:$B$87,'8 فرق'!$B$4:$B$87)),0)-1)*المدخلات!$B$8+المدخلات!$B$6)/1440)-1,12)+1&":"&TEXT(MINUTE(المدخلات!$B$5+((ROUND(SUMPRODUCT(1/COUNTIF('8 فرق'!$B$4:$B$87,'8 فرق'!$B$4:$B$87)),0)-1)*المدخلات!$B$8+المدخلات!$B$6)/1440),"00")&IF(HOUR(المدخلات!$B$5+((ROUND(SUMPRODUCT(1/COUNTIF('8 فرق'!$B$4:$B$87,'8 فرق'!$B$4:$B$87)),0)-1)*المدخلات!$B$8+المدخلات!$B$6)/1440)<12," ص"," م")} -> 7:10 م | L6: =MAX('8 فرق'!$C$4:$C$87) -> 2
A7: 10 | B7: {=ROUND(SUMPRODUCT(1/COUNTIF('بيانات الفرق'!$Q$3:$Q$12,'بيانات الفرق'!$Q$3:$Q$12)),0)} -> 1 | C7: {=_xlfn.TEXTJOIN(" + ",TRUE,_xlfn._xlws.SORT(COUNTIF('بيانات الفرق'!$Q$3:$Q$12,"المجموعة "&_xlfn.SEQUENCE(B7))))} -> 10 | D7: {=_xlfn.LET(_xlpm.gs,_xlfn.SEQUENCE(B7),_xlpm.ln,_xlfn.MAXIFS('بيانات الفرق'!$S$3:$S$12,'بيانات الفرق'!$Q$3:$Q$12,"المجموعة "&_xlpm.gs),_xlpm.mn,_xlfn.MINIFS('بيانات الفرق'!$R$3:$R$12,'بيانات الفرق'!$Q$3:$Q$12,"المجموعة "&_xlpm.gs),_xlpm.mx,_xlfn.MAXIFS('بيانات الفرق'!$R$3:$R$12,'بيانات الفرق'!$Q$3:$Q$12,"المجموعة "&_xlpm.gs),_xlpm.lo,FLOOR(_xlpm.mn/_xlpm.ln,1),_xlpm.hi,CEILING(_xlpm.mx/_xlpm.ln,1),_xlpm.t,IF(_xlpm.lo=_xlpm.hi,_xlpm.lo&"",_xlpm.lo&"–"&_xlpm.hi),_xlfn.TEXTJOIN(" + ",TRUE,_xlfn.SORTBY(_xlpm.t,_xlpm.ln,1)))} -> 2 | E7: {=_xlfn.LET(_xlpm.gs,_xlfn.SEQUENCE(B7),_xlpm.ln,_xlfn.MAXIFS('بيانات الفرق'!$S$3:$S$12,'بيانات الفرق'!$Q$3:$Q$12,"المجموعة "&_xlpm.gs),_xlpm.mn,_xlfn.MINIFS('بيانات الفرق'!$R$3:$R$12,'بيانات الفرق'!$Q$3:$Q$12,"المجموعة "&_xlpm.gs),_xlpm.mx,_xlfn.MAXIFS('بيانات الفرق'!$R$3:$R$12,'بيانات الفرق'!$Q$3:$Q$12,"المجموعة "&_xlpm.gs),_xlpm.t,IF(_xlpm.mn=_xlpm.mx,_xlpm.mn&"",_xlpm.mn&"–"&_xlpm.mx),_xlfn.TEXTJOIN(" + ",TRUE,_xlfn.SORTBY(_xlpm.t,_xlpm.ln,1)))} -> 18 | F7: ="—" -> — | G7: =MAX('10 فرق'!$A$4:$A$93) -> 18 | H7: =MAX('10 فرق'!$A$4:$A$93)-G7 -> 0 | I7: =MAX('10 فرق'!$A$4:$A$93) -> 18 | J7: =MOD(HOUR(المدخلات!$B$5)-1,12)+1&":"&TEXT(MINUTE(المدخلات!$B$5),"00")&IF(HOUR(المدخلات!$B$5)<12," ص"," م") -> 4:00 م | K7: {=MOD(HOUR(المدخلات!$B$5+((ROUND(SUMPRODUCT(1/COUNTIF('10 فرق'!$B$4:$B$93,'10 فرق'!$B$4:$B$93)),0)-1)*المدخلات!$B$8+المدخلات!$B$6)/1440)-1,12)+1&":"&TEXT(MINUTE(المدخلات!$B$5+((ROUND(SUMPRODUCT(1/COUNTIF('10 فرق'!$B$4:$B$93,'10 فرق'!$B$4:$B$93)),0)-1)*المدخلات!$B$8+المدخلات!$B$6)/1440),"00")&IF(HOUR(المدخلات!$B$5+((ROUND(SUMPRODUCT(1/COUNTIF('10 فرق'!$B$4:$B$93,'10 فرق'!$B$4:$B$93)),0)-1)*المدخلات!$B$8+المدخلات!$B$6)/1440)<12," ص"," م")} -> 8:50 م | L7: =MAX('10 فرق'!$C$4:$C$93) -> 2
A8: 13 | B8: {=ROUND(SUMPRODUCT(1/COUNTIF('بيانات الفرق'!$V$3:$V$15,'بيانات الفرق'!$V$3:$V$15)),0)} -> 2 | C8: {=_xlfn.TEXTJOIN(" + ",TRUE,_xlfn._xlws.SORT(COUNTIF('بيانات الفرق'!$V$3:$V$15,"المجموعة "&_xlfn.SEQUENCE(B8))))} -> 6 + 7 | D8: {=_xlfn.LET(_xlpm.gs,_xlfn.SEQUENCE(B8),_xlpm.ln,_xlfn.MAXIFS('بيانات الفرق'!$X$3:$X$15,'بيانات الفرق'!$V$3:$V$15,"المجموعة "&_xlpm.gs),_xlpm.mn,_xlfn.MINIFS('بيانات الفرق'!$W$3:$W$15,'بيانات الفرق'!$V$3:$V$15,"المجموعة "&_xlpm.gs),_xlpm.mx,_xlfn.MAXIFS('بيانات الفرق'!$W$3:$W$15,'بيانات الفرق'!$V$3:$V$15,"المجموعة "&_xlpm.gs),_xlpm.lo,FLOOR(_xlpm.mn/_xlpm.ln,1),_xlpm.hi,CEILING(_xlpm.mx/_xlpm.ln,1),_xlpm.t,IF(_xlpm.lo=_xlpm.hi,_xlpm.lo&"",_xlpm.lo&"–"&_xlpm.hi),_xlfn.TEXTJOIN(" + ",TRUE,_xlfn.SORTBY(_xlpm.t,_xlpm.ln,1)))} -> 4 + 3 | E8: {=_xlfn.LET(_xlpm.gs,_xlfn.SEQUENCE(B8),_xlpm.ln,_xlfn.MAXIFS('بيانات الفرق'!$X$3:$X$15,'بيانات الفرق'!$V$3:$V$15,"المجموعة "&_xlpm.gs),_xlpm.mn,_xlfn.MINIFS('بيانات الفرق'!$W$3:$W$15,'بيانات الفرق'!$V$3:$V$15,"المجموعة "&_xlpm.gs),_xlpm.mx,_xlfn.MAXIFS('بيانات الفرق'!$W$3:$W$15,'بيانات الفرق'!$V$3:$V$15,"المجموعة "&_xlpm.gs),_xlpm.t,IF(_xlpm.mn=_xlpm.mx,_xlpm.mn&"",_xlpm.mn&"–"&_xlpm.mx),_xlfn.TEXTJOIN(" + ",TRUE,_xlfn.SORTBY(_xlpm.t,_xlpm.ln,1)))} -> 20 + 18 | F8: =IF(COUNTIF('13 فريقًا'!$D$4:$D$127,"نهائي")=0,"—",IF(COUNTIF('13 فريقًا'!$D$4:$D$127,"ربع نهائي")>0,"ربع نهائي ثم نصف نهائي ثم نهائي",IF(COUNTIF('13 فريقًا'!$D$4:$D$127,"نصف نهائي")>0,"نصف نهائي ثم نهائي","نهائي مباشر"))) -> نهائي مباشر | G8: =_xlfn.MAXIFS('13 فريقًا'!$A$4:$A$127,'13 فريقًا'!$D$4:$D$127,"المجموعة*") -> 21 | H8: =MAX('13 فريقًا'!$A$4:$A$127)-G8 -> 1 | I8: =MAX('13 فريقًا'!$A$4:$A$127) -> 22 | J8: =MOD(HOUR(المدخلات!$B$5)-1,12)+1&":"&TEXT(MINUTE(المدخلات!$B$5),"00")&IF(HOUR(المدخلات!$B$5)<12," ص"," م") -> 4:00 م | K8: {=MOD(HOUR(المدخلات!$B$5+((ROUND(SUMPRODUCT(1/COUNTIF('13 فريقًا'!$B$4:$B$127,'13 فريقًا'!$B$4:$B$127)),0)-1)*المدخلات!$B$8+المدخلات!$B$6)/1440)-1,12)+1&":"&TEXT(MINUTE(المدخلات!$B$5+((ROUND(SUMPRODUCT(1/COUNTIF('13 فريقًا'!$B$4:$B$127,'13 فريقًا'!$B$4:$B$127)),0)-1)*المدخلات!$B$8+المدخلات!$B$6)/1440),"00")&IF(HOUR(المدخلات!$B$5+((ROUND(SUMPRODUCT(1/COUNTIF('13 فريقًا'!$B$4:$B$127,'13 فريقًا'!$B$4:$B$127)),0)-1)*المدخلات!$B$8+المدخلات!$B$6)/1440)<12," ص"," م")} -> 8:50 م | L8: =MAX('13 فريقًا'!$C$4:$C$127) -> 2
A9: 14 | B9: {=ROUND(SUMPRODUCT(1/COUNTIF('بيانات الفرق'!$AA$3:$AA$16,'بيانات الفرق'!$AA$3:$AA$16)),0)} -> 2 | C9: {=_xlfn.TEXTJOIN(" + ",TRUE,_xlfn._xlws.SORT(COUNTIF('بيانات الفرق'!$AA$3:$AA$16,"المجموعة "&_xlfn.SEQUENCE(B9))))} -> 7 + 7 | D9: {=_xlfn.LET(_xlpm.gs,_xlfn.SEQUENCE(B9),_xlpm.ln,_xlfn.MAXIFS('بيانات الفرق'!$AC$3:$AC$16,'بيانات الفرق'!$AA$3:$AA$16,"المجموعة "&_xlpm.gs),_xlpm.mn,_xlfn.MINIFS('بيانات الفرق'!$AB$3:$AB$16,'بيانات الفرق'!$AA$3:$AA$16,"المجموعة "&_xlpm.gs),_xlpm.mx,_xlfn.MAXIFS('بيانات الفرق'!$AB$3:$AB$16,'بيانات الفرق'!$AA$3:$AA$16,"المجموعة "&_xlpm.gs),_xlpm.lo,FLOOR(_xlpm.mn/_xlpm.ln,1),_xlpm.hi,CEILING(_xlpm.mx/_xlpm.ln,1),_xlpm.t,IF(_xlpm.lo=_xlpm.hi,_xlpm.lo&"",_xlpm.lo&"–"&_xlpm.hi),_xlfn.TEXTJOIN(" + ",TRUE,_xlfn.SORTBY(_xlpm.t,_xlpm.ln,1)))} -> 3 + 3 | E9: {=_xlfn.LET(_xlpm.gs,_xlfn.SEQUENCE(B9),_xlpm.ln,_xlfn.MAXIFS('بيانات الفرق'!$AC$3:$AC$16,'بيانات الفرق'!$AA$3:$AA$16,"المجموعة "&_xlpm.gs),_xlpm.mn,_xlfn.MINIFS('بيانات الفرق'!$AB$3:$AB$16,'بيانات الفرق'!$AA$3:$AA$16,"المجموعة "&_xlpm.gs),_xlpm.mx,_xlfn.MAXIFS('بيانات الفرق'!$AB$3:$AB$16,'بيانات الفرق'!$AA$3:$AA$16,"المجموعة "&_xlpm.gs),_xlpm.t,IF(_xlpm.mn=_xlpm.mx,_xlpm.mn&"",_xlpm.mn&"–"&_xlpm.mx),_xlfn.TEXTJOIN(" + ",TRUE,_xlfn.SORTBY(_xlpm.t,_xlpm.ln,1)))} -> 18 + 18 | F9: =IF(COUNTIF('14 فريقًا'!$D$4:$D$130,"نهائي")=0,"—",IF(COUNTIF('14 فريقًا'!$D$4:$D$130,"ربع نهائي")>0,"ربع نهائي ثم نصف نهائي ثم نهائي",IF(COUNTIF('14 فريقًا'!$D$4:$D$130,"نصف نهائي")>0,"نصف نهائي ثم نهائي","نهائي مباشر"))) -> نهائي مباشر | G9: =_xlfn.MAXIFS('14 فريقًا'!$A$4:$A$130,'14 فريقًا'!$D$4:$D$130,"المجموعة*") -> 21 | H9: =MAX('14 فريقًا'!$A$4:$A$130)-G9 -> 1 | I9: =MAX('14 فريقًا'!$A$4:$A$130) -> 22 | J9: =MOD(HOUR(المدخلات!$B$5)-1,12)+1&":"&TEXT(MINUTE(المدخلات!$B$5),"00")&IF(HOUR(المدخلات!$B$5)<12," ص"," م") -> 4:00 م | K9: {=MOD(HOUR(المدخلات!$B$5+((ROUND(SUMPRODUCT(1/COUNTIF('14 فريقًا'!$B$4:$B$130,'14 فريقًا'!$B$4:$B$130)),0)-1)*المدخلات!$B$8+المدخلات!$B$6)/1440)-1,12)+1&":"&TEXT(MINUTE(المدخلات!$B$5+((ROUND(SUMPRODUCT(1/COUNTIF('14 فريقًا'!$B$4:$B$130,'14 فريقًا'!$B$4:$B$130)),0)-1)*المدخلات!$B$8+المدخلات!$B$6)/1440),"00")&IF(HOUR(المدخلات!$B$5+((ROUND(SUMPRODUCT(1/COUNTIF('14 فريقًا'!$B$4:$B$130,'14 فريقًا'!$B$4:$B$130)),0)-1)*المدخلات!$B$8+المدخلات!$B$6)/1440)<12," ص"," م")} -> 8:50 م | L9: =MAX('14 فريقًا'!$C$4:$C$130) -> 2
A10: 15 | B10: {=ROUND(SUMPRODUCT(1/COUNTIF('بيانات الفرق'!$AF$3:$AF$17,'بيانات الفرق'!$AF$3:$AF$17)),0)} -> 2 | C10: {=_xlfn.TEXTJOIN(" + ",TRUE,_xlfn._xlws.SORT(COUNTIF('بيانات الفرق'!$AF$3:$AF$17,"المجموعة "&_xlfn.SEQUENCE(B10))))} -> 7 + 8 | D10: {=_xlfn.LET(_xlpm.gs,_xlfn.SEQUENCE(B10),_xlpm.ln,_xlfn.MAXIFS('بيانات الفرق'!$AH$3:$AH$17,'بيانات الفرق'!$AF$3:$AF$17,"المجموعة "&_xlpm.gs),_xlpm.mn,_xlfn.MINIFS('بيانات الفرق'!$AG$3:$AG$17,'بيانات الفرق'!$AF$3:$AF$17,"المجموعة "&_xlpm.gs),_xlpm.mx,_xlfn.MAXIFS('بيانات الفرق'!$AG$3:$AG$17,'بيانات الفرق'!$AF$3:$AF$17,"المجموعة "&_xlpm.gs),_xlpm.lo,FLOOR(_xlpm.mn/_xlpm.ln,1),_xlpm.hi,CEILING(_xlpm.mx/_xlpm.ln,1),_xlpm.t,IF(_xlpm.lo=_xlpm.hi,_xlpm.lo&"",_xlpm.lo&"–"&_xlpm.hi),_xlfn.TEXTJOIN(" + ",TRUE,_xlfn.SORTBY(_xlpm.t,_xlpm.ln,1)))} -> 3 + 3 | E10: {=_xlfn.LET(_xlpm.gs,_xlfn.SEQUENCE(B10),_xlpm.ln,_xlfn.MAXIFS('بيانات الفرق'!$AH$3:$AH$17,'بيانات الفرق'!$AF$3:$AF$17,"المجموعة "&_xlpm.gs),_xlpm.mn,_xlfn.MINIFS('بيانات الفرق'!$AG$3:$AG$17,'بيانات الفرق'!$AF$3:$AF$17,"المجموعة "&_xlpm.gs),_xlpm.mx,_xlfn.MAXIFS('بيانات الفرق'!$AG$3:$AG$17,'بيانات الفرق'!$AF$3:$AF$17,"المجموعة "&_xlpm.gs),_xlpm.t,IF(_xlpm.mn=_xlpm.mx,_xlpm.mn&"",_xlpm.mn&"–"&_xlpm.mx),_xlfn.TEXTJOIN(" + ",TRUE,_xlfn.SORTBY(_xlpm.t,_xlpm.ln,1)))} -> 18 + 21 | F10: =IF(COUNTIF('15 فريقًا'!$D$4:$D$151,"نهائي")=0,"—",IF(COUNTIF('15 فريقًا'!$D$4:$D$151,"ربع نهائي")>0,"ربع نهائي ثم نصف نهائي ثم نهائي",IF(COUNTIF('15 فريقًا'!$D$4:$D$151,"نصف نهائي")>0,"نصف نهائي ثم نهائي","نهائي مباشر"))) -> نهائي مباشر | G10: =_xlfn.MAXIFS('15 فريقًا'!$A$4:$A$151,'15 فريقًا'!$D$4:$D$151,"المجموعة*") -> 21 | H10: =MAX('15 فريقًا'!$A$4:$A$151)-G10 -> 1 | I10: =MAX('15 فريقًا'!$A$4:$A$151) -> 22 | J10: =MOD(HOUR(المدخلات!$B$5)-1,12)+1&":"&TEXT(MINUTE(المدخلات!$B$5),"00")&IF(HOUR(المدخلات!$B$5)<12," ص"," م") -> 4:00 م | K10: {=MOD(HOUR(المدخلات!$B$5+((ROUND(SUMPRODUCT(1/COUNTIF('15 فريقًا'!$B$4:$B$151,'15 فريقًا'!$B$4:$B$151)),0)-1)*المدخلات!$B$8+المدخلات!$B$6)/1440)-1,12)+1&":"&TEXT(MINUTE(المدخلات!$B$5+((ROUND(SUMPRODUCT(1/COUNTIF('15 فريقًا'!$B$4:$B$151,'15 فريقًا'!$B$4:$B$151)),0)-1)*المدخلات!$B$8+المدخلات!$B$6)/1440),"00")&IF(HOUR(المدخلات!$B$5+((ROUND(SUMPRODUCT(1/COUNTIF('15 فريقًا'!$B$4:$B$151,'15 فريقًا'!$B$4:$B$151)),0)-1)*المدخلات!$B$8+المدخلات!$B$6)/1440)<12," ص"," م")} -> 8:50 م | L10: =MAX('15 فريقًا'!$C$4:$C$151) -> 3
A11: 16 | B11: {=ROUND(SUMPRODUCT(1/COUNTIF('بيانات الفرق'!$AK$3:$AK$18,'بيانات الفرق'!$AK$3:$AK$18)),0)} -> 2 | C11: {=_xlfn.TEXTJOIN(" + ",TRUE,_xlfn._xlws.SORT(COUNTIF('بيانات الفرق'!$AK$3:$AK$18,"المجموعة "&_xlfn.SEQUENCE(B11))))} -> 8 + 8 | D11: {=_xlfn.LET(_xlpm.gs,_xlfn.SEQUENCE(B11),_xlpm.ln,_xlfn.MAXIFS('بيانات الفرق'!$AM$3:$AM$18,'بيانات الفرق'!$AK$3:$AK$18,"المجموعة "&_xlpm.gs),_xlpm.mn,_xlfn.MINIFS('بيانات الفرق'!$AL$3:$AL$18,'بيانات الفرق'!$AK$3:$AK$18,"المجموعة "&_xlpm.gs),_xlpm.mx,_xlfn.MAXIFS('بيانات الفرق'!$AL$3:$AL$18,'بيانات الفرق'!$AK$3:$AK$18,"المجموعة "&_xlpm.gs),_xlpm.lo,FLOOR(_xlpm.mn/_xlpm.ln,1),_xlpm.hi,CEILING(_xlpm.mx/_xlpm.ln,1),_xlpm.t,IF(_xlpm.lo=_xlpm.hi,_xlpm.lo&"",_xlpm.lo&"–"&_xlpm.hi),_xlfn.TEXTJOIN(" + ",TRUE,_xlfn.SORTBY(_xlpm.t,_xlpm.ln,1)))} -> 3 + 3 | E11: {=_xlfn.LET(_xlpm.gs,_xlfn.SEQUENCE(B11),_xlpm.ln,_xlfn.MAXIFS('بيانات الفرق'!$AM$3:$AM$18,'بيانات الفرق'!$AK$3:$AK$18,"المجموعة "&_xlpm.gs),_xlpm.mn,_xlfn.MINIFS('بيانات الفرق'!$AL$3:$AL$18,'بيانات الفرق'!$AK$3:$AK$18,"المجموعة "&_xlpm.gs),_xlpm.mx,_xlfn.MAXIFS('بيانات الفرق'!$AL$3:$AL$18,'بيانات الفرق'!$AK$3:$AK$18,"المجموعة "&_xlpm.gs),_xlpm.t,IF(_xlpm.mn=_xlpm.mx,_xlpm.mn&"",_xlpm.mn&"–"&_xlpm.mx),_xlfn.TEXTJOIN(" + ",TRUE,_xlfn.SORTBY(_xlpm.t,_xlpm.ln,1)))} -> 21 + 21 | F11: =IF(COUNTIF('16 فريقًا'!$D$4:$D$172,"نهائي")=0,"—",IF(COUNTIF('16 فريقًا'!$D$4:$D$172,"ربع نهائي")>0,"ربع نهائي ثم نصف نهائي ثم نهائي",IF(COUNTIF('16 فريقًا'!$D$4:$D$172,"نصف نهائي")>0,"نصف نهائي ثم نهائي","نهائي مباشر"))) -> نهائي مباشر | G11: =_xlfn.MAXIFS('16 فريقًا'!$A$4:$A$172,'16 فريقًا'!$D$4:$D$172,"المجموعة*") -> 21 | H11: =MAX('16 فريقًا'!$A$4:$A$172)-G11 -> 1 | I11: =MAX('16 فريقًا'!$A$4:$A$172) -> 22 | J11: =MOD(HOUR(المدخلات!$B$5)-1,12)+1&":"&TEXT(MINUTE(المدخلات!$B$5),"00")&IF(HOUR(المدخلات!$B$5)<12," ص"," م") -> 4:00 م | K11: {=MOD(HOUR(المدخلات!$B$5+((ROUND(SUMPRODUCT(1/COUNTIF('16 فريقًا'!$B$4:$B$172,'16 فريقًا'!$B$4:$B$172)),0)-1)*المدخلات!$B$8+المدخلات!$B$6)/1440)-1,12)+1&":"&TEXT(MINUTE(المدخلات!$B$5+((ROUND(SUMPRODUCT(1/COUNTIF('16 فريقًا'!$B$4:$B$172,'16 فريقًا'!$B$4:$B$172)),0)-1)*المدخلات!$B$8+المدخلات!$B$6)/1440),"00")&IF(HOUR(المدخلات!$B$5+((ROUND(SUMPRODUCT(1/COUNTIF('16 فريقًا'!$B$4:$B$172,'16 فريقًا'!$B$4:$B$172)),0)-1)*المدخلات!$B$8+المدخلات!$B$6)/1440)<12," ص"," م")} -> 8:50 م | L11: =MAX('16 فريقًا'!$C$4:$C$172) -> 3
A12: 18 | B12: {=ROUND(SUMPRODUCT(1/COUNTIF('بيانات الفرق'!$AP$3:$AP$20,'بيانات الفرق'!$AP$3:$AP$20)),0)} -> 3 | C12: {=_xlfn.TEXTJOIN(" + ",TRUE,_xlfn._xlws.SORT(COUNTIF('بيانات الفرق'!$AP$3:$AP$20,"المجموعة "&_xlfn.SEQUENCE(B12))))} -> 6 + 6 + 6 | D12: {=_xlfn.LET(_xlpm.gs,_xlfn.SEQUENCE(B12),_xlpm.ln,_xlfn.MAXIFS('بيانات الفرق'!$AR$3:$AR$20,'بيانات الفرق'!$AP$3:$AP$20,"المجموعة "&_xlpm.gs),_xlpm.mn,_xlfn.MINIFS('بيانات الفرق'!$AQ$3:$AQ$20,'بيانات الفرق'!$AP$3:$AP$20,"المجموعة "&_xlpm.gs),_xlpm.mx,_xlfn.MAXIFS('بيانات الفرق'!$AQ$3:$AQ$20,'بيانات الفرق'!$AP$3:$AP$20,"المجموعة "&_xlpm.gs),_xlpm.lo,FLOOR(_xlpm.mn/_xlpm.ln,1),_xlpm.hi,CEILING(_xlpm.mx/_xlpm.ln,1),_xlpm.t,IF(_xlpm.lo=_xlpm.hi,_xlpm.lo&"",_xlpm.lo&"–"&_xlpm.hi),_xlfn.TEXTJOIN(" + ",TRUE,_xlfn.SORTBY(_xlpm.t,_xlpm.ln,1)))} -> 4 + 4 + 4 | E12: {=_xlfn.LET(_xlpm.gs,_xlfn.SEQUENCE(B12),_xlpm.ln,_xlfn.MAXIFS('بيانات الفرق'!$AR$3:$AR$20,'بيانات الفرق'!$AP$3:$AP$20,"المجموعة "&_xlpm.gs),_xlpm.mn,_xlfn.MINIFS('بيانات الفرق'!$AQ$3:$AQ$20,'بيانات الفرق'!$AP$3:$AP$20,"المجموعة "&_xlpm.gs),_xlpm.mx,_xlfn.MAXIFS('بيانات الفرق'!$AQ$3:$AQ$20,'بيانات الفرق'!$AP$3:$AP$20,"المجموعة "&_xlpm.gs),_xlpm.t,IF(_xlpm.mn=_xlpm.mx,_xlpm.mn&"",_xlpm.mn&"–"&_xlpm.mx),_xlfn.TEXTJOIN(" + ",TRUE,_xlfn.SORTBY(_xlpm.t,_xlpm.ln,1)))} -> 20 + 20 + 20 | F12: =IF(COUNTIF('18 فريقًا'!$D$4:$D$186,"نهائي")=0,"—",IF(COUNTIF('18 فريقًا'!$D$4:$D$186,"ربع نهائي")>0,"ربع نهائي ثم نصف نهائي ثم نهائي",IF(COUNTIF('18 فريقًا'!$D$4:$D$186,"نصف نهائي")>0,"نصف نهائي ثم نهائي","نهائي مباشر"))) -> نصف نهائي ثم نهائي | G12: =_xlfn.MAXIFS('18 فريقًا'!$A$4:$A$186,'18 فريقًا'!$D$4:$D$186,"المجموعة*") -> 20 | H12: =MAX('18 فريقًا'!$A$4:$A$186)-G12 -> 2 | I12: =MAX('18 فريقًا'!$A$4:$A$186) -> 22 | J12: =MOD(HOUR(المدخلات!$B$5)-1,12)+1&":"&TEXT(MINUTE(المدخلات!$B$5),"00")&IF(HOUR(المدخلات!$B$5)<12," ص"," م") -> 4:00 م | K12: {=MOD(HOUR(المدخلات!$B$5+((ROUND(SUMPRODUCT(1/COUNTIF('18 فريقًا'!$B$4:$B$186,'18 فريقًا'!$B$4:$B$186)),0)-1)*المدخلات!$B$8+المدخلات!$B$6)/1440)-1,12)+1&":"&TEXT(MINUTE(المدخلات!$B$5+((ROUND(SUMPRODUCT(1/COUNTIF('18 فريقًا'!$B$4:$B$186,'18 فريقًا'!$B$4:$B$186)),0)-1)*المدخلات!$B$8+المدخلات!$B$6)/1440),"00")&IF(HOUR(المدخلات!$B$5+((ROUND(SUMPRODUCT(1/COUNTIF('18 فريقًا'!$B$4:$B$186,'18 فريقًا'!$B$4:$B$186)),0)-1)*المدخلات!$B$8+المدخلات!$B$6)/1440)<12," ص"," م")} -> 8:50 م | L12: =MAX('18 فريقًا'!$C$4:$C$186) -> 3
A13: 19 | B13: {=ROUND(SUMPRODUCT(1/COUNTIF('بيانات الفرق'!$AU$3:$AU$21,'بيانات الفرق'!$AU$3:$AU$21)),0)} -> 1 | C13: {=_xlfn.TEXTJOIN(" + ",TRUE,_xlfn._xlws.SORT(COUNTIF('بيانات الفرق'!$AU$3:$AU$21,"المجموعة "&_xlfn.SEQUENCE(B13))))} -> 19 | D13: {=_xlfn.LET(_xlpm.gs,_xlfn.SEQUENCE(B13),_xlpm.ln,_xlfn.MAXIFS('بيانات الفرق'!$AW$3:$AW$21,'بيانات الفرق'!$AU$3:$AU$21,"المجموعة "&_xlpm.gs),_xlpm.mn,_xlfn.MINIFS('بيانات الفرق'!$AV$3:$AV$21,'بيانات الفرق'!$AU$3:$AU$21,"المجموعة "&_xlpm.gs),_xlpm.mx,_xlfn.MAXIFS('بيانات الفرق'!$AV$3:$AV$21,'بيانات الفرق'!$AU$3:$AU$21,"المجموعة "&_xlpm.gs),_xlpm.lo,FLOOR(_xlpm.mn/_xlpm.ln,1),_xlpm.hi,CEILING(_xlpm.mx/_xlpm.ln,1),_xlpm.t,IF(_xlpm.lo=_xlpm.hi,_xlpm.lo&"",_xlpm.lo&"–"&_xlpm.hi),_xlfn.TEXTJOIN(" + ",TRUE,_xlfn.SORTBY(_xlpm.t,_xlpm.ln,1)))} -> 1 | E13: {=_xlfn.LET(_xlpm.gs,_xlfn.SEQUENCE(B13),_xlpm.ln,_xlfn.MAXIFS('بيانات الفرق'!$AW$3:$AW$21,'بيانات الفرق'!$AU$3:$AU$21,"المجموعة "&_xlpm.gs),_xlpm.mn,_xlfn.MINIFS('بيانات الفرق'!$AV$3:$AV$21,'بيانات الفرق'!$AU$3:$AU$21,"المجموعة "&_xlpm.gs),_xlpm.mx,_xlfn.MAXIFS('بيانات الفرق'!$AV$3:$AV$21,'بيانات الفرق'!$AU$3:$AU$21,"المجموعة "&_xlpm.gs),_xlpm.t,IF(_xlpm.mn=_xlpm.mx,_xlpm.mn&"",_xlpm.mn&"–"&_xlpm.mx),_xlfn.TEXTJOIN(" + ",TRUE,_xlfn.SORTBY(_xlpm.t,_xlpm.ln,1)))} -> 18 | F13: ="—" -> — | G13: =MAX('19 فريقًا'!$A$4:$A$174) -> 19 | H13: =MAX('19 فريقًا'!$A$4:$A$174)-G13 -> 0 | I13: =MAX('19 فريقًا'!$A$4:$A$174) -> 19 | J13: =MOD(HOUR(المدخلات!$B$5)-1,12)+1&":"&TEXT(MINUTE(المدخلات!$B$5),"00")&IF(HOUR(المدخلات!$B$5)<12," ص"," م") -> 4:00 م | K13: {=MOD(HOUR(المدخلات!$B$5+((ROUND(SUMPRODUCT(1/COUNTIF('19 فريقًا'!$B$4:$B$174,'19 فريقًا'!$B$4:$B$174)),0)-1)*المدخلات!$B$8+المدخلات!$B$6)/1440)-1,12)+1&":"&TEXT(MINUTE(المدخلات!$B$5+((ROUND(SUMPRODUCT(1/COUNTIF('19 فريقًا'!$B$4:$B$174,'19 فريقًا'!$B$4:$B$174)),0)-1)*المدخلات!$B$8+المدخلات!$B$6)/1440),"00")&IF(HOUR(المدخلات!$B$5+((ROUND(SUMPRODUCT(1/COUNTIF('19 فريقًا'!$B$4:$B$174,'19 فريقًا'!$B$4:$B$174)),0)-1)*المدخلات!$B$8+المدخلات!$B$6)/1440)<12," ص"," م")} -> 8:50 م | L13: =MAX('19 فريقًا'!$C$4:$C$174) -> 3
A14: 20 | B14: {=ROUND(SUMPRODUCT(1/COUNTIF('بيانات الفرق'!$AZ$3:$AZ$22,'بيانات الفرق'!$AZ$3:$AZ$22)),0)} -> 1 | C14: {=_xlfn.TEXTJOIN(" + ",TRUE,_xlfn._xlws.SORT(COUNTIF('بيانات الفرق'!$AZ$3:$AZ$22,"المجموعة "&_xlfn.SEQUENCE(B14))))} -> 20 | D14: {=_xlfn.LET(_xlpm.gs,_xlfn.SEQUENCE(B14),_xlpm.ln,_xlfn.MAXIFS('بيانات الفرق'!$BB$3:$BB$22,'بيانات الفرق'!$AZ$3:$AZ$22,"المجموعة "&_xlpm.gs),_xlpm.mn,_xlfn.MINIFS('بيانات الفرق'!$BA$3:$BA$22,'بيانات الفرق'!$AZ$3:$AZ$22,"المجموعة "&_xlpm.gs),_xlpm.mx,_xlfn.MAXIFS('بيانات الفرق'!$BA$3:$BA$22,'بيانات الفرق'!$AZ$3:$AZ$22,"المجموعة "&_xlpm.gs),_xlpm.lo,FLOOR(_xlpm.mn/_xlpm.ln,1),_xlpm.hi,CEILING(_xlpm.mx/_xlpm.ln,1),_xlpm.t,IF(_xlpm.lo=_xlpm.hi,_xlpm.lo&"",_xlpm.lo&"–"&_xlpm.hi),_xlfn.TEXTJOIN(" + ",TRUE,_xlfn.SORTBY(_xlpm.t,_xlpm.ln,1)))} -> 1 | E14: {=_xlfn.LET(_xlpm.gs,_xlfn.SEQUENCE(B14),_xlpm.ln,_xlfn.MAXIFS('بيانات الفرق'!$BB$3:$BB$22,'بيانات الفرق'!$AZ$3:$AZ$22,"المجموعة "&_xlpm.gs),_xlpm.mn,_xlfn.MINIFS('بيانات الفرق'!$BA$3:$BA$22,'بيانات الفرق'!$AZ$3:$AZ$22,"المجموعة "&_xlpm.gs),_xlpm.mx,_xlfn.MAXIFS('بيانات الفرق'!$BA$3:$BA$22,'بيانات الفرق'!$AZ$3:$AZ$22,"المجموعة "&_xlpm.gs),_xlpm.t,IF(_xlpm.mn=_xlpm.mx,_xlpm.mn&"",_xlpm.mn&"–"&_xlpm.mx),_xlfn.TEXTJOIN(" + ",TRUE,_xlfn.SORTBY(_xlpm.t,_xlpm.ln,1)))} -> 19 | F14: ="—" -> — | G14: =MAX('20 فريقًا'!$A$4:$A$193) -> 19 | H14: =MAX('20 فريقًا'!$A$4:$A$193)-G14 -> 0 | I14: =MAX('20 فريقًا'!$A$4:$A$193) -> 19 | J14: =MOD(HOUR(المدخلات!$B$5)-1,12)+1&":"&TEXT(MINUTE(المدخلات!$B$5),"00")&IF(HOUR(المدخلات!$B$5)<12," ص"," م") -> 4:00 م | K14: {=MOD(HOUR(المدخلات!$B$5+((ROUND(SUMPRODUCT(1/COUNTIF('20 فريقًا'!$B$4:$B$193,'20 فريقًا'!$B$4:$B$193)),0)-1)*المدخلات!$B$8+المدخلات!$B$6)/1440)-1,12)+1&":"&TEXT(MINUTE(المدخلات!$B$5+((ROUND(SUMPRODUCT(1/COUNTIF('20 فريقًا'!$B$4:$B$193,'20 فريقًا'!$B$4:$B$193)),0)-1)*المدخلات!$B$8+المدخلات!$B$6)/1440),"00")&IF(HOUR(المدخلات!$B$5+((ROUND(SUMPRODUCT(1/COUNTIF('20 فريقًا'!$B$4:$B$193,'20 فريقًا'!$B$4:$B$193)),0)-1)*المدخلات!$B$8+المدخلات!$B$6)/1440)<12," ص"," م")} -> 8:50 م | L14: =MAX('20 فريقًا'!$C$4:$C$193) -> 4
A15: 21 | B15: {=ROUND(SUMPRODUCT(1/COUNTIF('بيانات الفرق'!$BE$3:$BE$23,'بيانات الفرق'!$BE$3:$BE$23)),0)} -> 1 | C15: {=_xlfn.TEXTJOIN(" + ",TRUE,_xlfn._xlws.SORT(COUNTIF('بيانات الفرق'!$BE$3:$BE$23,"المجموعة "&_xlfn.SEQUENCE(B15))))} -> 21 | D15: {=_xlfn.LET(_xlpm.gs,_xlfn.SEQUENCE(B15),_xlpm.ln,_xlfn.MAXIFS('بيانات الفرق'!$BG$3:$BG$23,'بيانات الفرق'!$BE$3:$BE$23,"المجموعة "&_xlpm.gs),_xlpm.mn,_xlfn.MINIFS('بيانات الفرق'!$BF$3:$BF$23,'بيانات الفرق'!$BE$3:$BE$23,"المجموعة "&_xlpm.gs),_xlpm.mx,_xlfn.MAXIFS('بيانات الفرق'!$BF$3:$BF$23,'بيانات الفرق'!$BE$3:$BE$23,"المجموعة "&_xlpm.gs),_xlpm.lo,FLOOR(_xlpm.mn/_xlpm.ln,1),_xlpm.hi,CEILING(_xlpm.mx/_xlpm.ln,1),_xlpm.t,IF(_xlpm.lo=_xlpm.hi,_xlpm.lo&"",_xlpm.lo&"–"&_xlpm.hi),_xlfn.TEXTJOIN(" + ",TRUE,_xlfn.SORTBY(_xlpm.t,_xlpm.ln,1)))} -> 1 | E15: {=_xlfn.LET(_xlpm.gs,_xlfn.SEQUENCE(B15),_xlpm.ln,_xlfn.MAXIFS('بيانات الفرق'!$BG$3:$BG$23,'بيانات الفرق'!$BE$3:$BE$23,"المجموعة "&_xlpm.gs),_xlpm.mn,_xlfn.MINIFS('بيانات الفرق'!$BF$3:$BF$23,'بيانات الفرق'!$BE$3:$BE$23,"المجموعة "&_xlpm.gs),_xlpm.mx,_xlfn.MAXIFS('بيانات الفرق'!$BF$3:$BF$23,'بيانات الفرق'!$BE$3:$BE$23,"المجموعة "&_xlpm.gs),_xlpm.t,IF(_xlpm.mn=_xlpm.mx,_xlpm.mn&"",_xlpm.mn&"–"&_xlpm.mx),_xlfn.TEXTJOIN(" + ",TRUE,_xlfn.SORTBY(_xlpm.t,_xlpm.ln,1)))} -> 20 | F15: ="—" -> — | G15: =MAX('21 فريقًا'!$A$4:$A$213) -> 21 | H15: =MAX('21 فريقًا'!$A$4:$A$213)-G15 -> 0 | I15: =MAX('21 فريقًا'!$A$4:$A$213) -> 21 | J15: =MOD(HOUR(المدخلات!$B$5)-1,12)+1&":"&TEXT(MINUTE(المدخلات!$B$5),"00")&IF(HOUR(المدخلات!$B$5)<12," ص"," م") -> 4:00 م | K15: {=MOD(HOUR(المدخلات!$B$5+((ROUND(SUMPRODUCT(1/COUNTIF('21 فريقًا'!$B$4:$B$213,'21 فريقًا'!$B$4:$B$213)),0)-1)*المدخلات!$B$8+المدخلات!$B$6)/1440)-1,12)+1&":"&TEXT(MINUTE(المدخلات!$B$5+((ROUND(SUMPRODUCT(1/COUNTIF('21 فريقًا'!$B$4:$B$213,'21 فريقًا'!$B$4:$B$213)),0)-1)*المدخلات!$B$8+المدخلات!$B$6)/1440),"00")&IF(HOUR(المدخلات!$B$5+((ROUND(SUMPRODUCT(1/COUNTIF('21 فريقًا'!$B$4:$B$213,'21 فريقًا'!$B$4:$B$213)),0)-1)*المدخلات!$B$8+المدخلات!$B$6)/1440)<12," ص"," م")} -> 8:50 م | L15: =MAX('21 فريقًا'!$C$4:$C$213) -> 4
A16: 22 | B16: {=ROUND(SUMPRODUCT(1/COUNTIF('بيانات الفرق'!$BJ$3:$BJ$24,'بيانات الفرق'!$BJ$3:$BJ$24)),0)} -> 1 | C16: {=_xlfn.TEXTJOIN(" + ",TRUE,_xlfn._xlws.SORT(COUNTIF('بيانات الفرق'!$BJ$3:$BJ$24,"المجموعة "&_xlfn.SEQUENCE(B16))))} -> 22 | D16: {=_xlfn.LET(_xlpm.gs,_xlfn.SEQUENCE(B16),_xlpm.ln,_xlfn.MAXIFS('بيانات الفرق'!$BL$3:$BL$24,'بيانات الفرق'!$BJ$3:$BJ$24,"المجموعة "&_xlpm.gs),_xlpm.mn,_xlfn.MINIFS('بيانات الفرق'!$BK$3:$BK$24,'بيانات الفرق'!$BJ$3:$BJ$24,"المجموعة "&_xlpm.gs),_xlpm.mx,_xlfn.MAXIFS('بيانات الفرق'!$BK$3:$BK$24,'بيانات الفرق'!$BJ$3:$BJ$24,"المجموعة "&_xlpm.gs),_xlpm.lo,FLOOR(_xlpm.mn/_xlpm.ln,1),_xlpm.hi,CEILING(_xlpm.mx/_xlpm.ln,1),_xlpm.t,IF(_xlpm.lo=_xlpm.hi,_xlpm.lo&"",_xlpm.lo&"–"&_xlpm.hi),_xlfn.TEXTJOIN(" + ",TRUE,_xlfn.SORTBY(_xlpm.t,_xlpm.ln,1)))} -> 1 | E16: {=_xlfn.LET(_xlpm.gs,_xlfn.SEQUENCE(B16),_xlpm.ln,_xlfn.MAXIFS('بيانات الفرق'!$BL$3:$BL$24,'بيانات الفرق'!$BJ$3:$BJ$24,"المجموعة "&_xlpm.gs),_xlpm.mn,_xlfn.MINIFS('بيانات الفرق'!$BK$3:$BK$24,'بيانات الفرق'!$BJ$3:$BJ$24,"المجموعة "&_xlpm.gs),_xlpm.mx,_xlfn.MAXIFS('بيانات الفرق'!$BK$3:$BK$24,'بيانات الفرق'!$BJ$3:$BJ$24,"المجموعة "&_xlpm.gs),_xlpm.t,IF(_xlpm.mn=_xlpm.mx,_xlpm.mn&"",_xlpm.mn&"–"&_xlpm.mx),_xlfn.TEXTJOIN(" + ",TRUE,_xlfn.SORTBY(_xlpm.t,_xlpm.ln,1)))} -> 21 | F16: ="—" -> — | G16: =MAX('22 فريقًا'!$A$4:$A$234) -> 21 | H16: =MAX('22 فريقًا'!$A$4:$A$234)-G16 -> 0 | I16: =MAX('22 فريقًا'!$A$4:$A$234) -> 21 | J16: =MOD(HOUR(المدخلات!$B$5)-1,12)+1&":"&TEXT(MINUTE(المدخلات!$B$5),"00")&IF(HOUR(المدخلات!$B$5)<12," ص"," م") -> 4:00 م | K16: {=MOD(HOUR(المدخلات!$B$5+((ROUND(SUMPRODUCT(1/COUNTIF('22 فريقًا'!$B$4:$B$234,'22 فريقًا'!$B$4:$B$234)),0)-1)*المدخلات!$B$8+المدخلات!$B$6)/1440)-1,12)+1&":"&TEXT(MINUTE(المدخلات!$B$5+((ROUND(SUMPRODUCT(1/COUNTIF('22 فريقًا'!$B$4:$B$234,'22 فريقًا'!$B$4:$B$234)),0)-1)*المدخلات!$B$8+المدخلات!$B$6)/1440),"00")&IF(HOUR(المدخلات!$B$5+((ROUND(SUMPRODUCT(1/COUNTIF('22 فريقًا'!$B$4:$B$234,'22 فريقًا'!$B$4:$B$234)),0)-1)*المدخلات!$B$8+المدخلات!$B$6)/1440)<12," ص"," م")} -> 8:50 م | L16: =MAX('22 فريقًا'!$C$4:$C$234) -> 4
A17: 23 | B17: {=ROUND(SUMPRODUCT(1/COUNTIF('بيانات الفرق'!$BO$3:$BO$25,'بيانات الفرق'!$BO$3:$BO$25)),0)} -> 3 | C17: {=_xlfn.TEXTJOIN(" + ",TRUE,_xlfn._xlws.SORT(COUNTIF('بيانات الفرق'!$BO$3:$BO$25,"المجموعة "&_xlfn.SEQUENCE(B17))))} -> 7 + 8 + 8 | D17: {=_xlfn.LET(_xlpm.gs,_xlfn.SEQUENCE(B17),_xlpm.ln,_xlfn.MAXIFS('بيانات الفرق'!$BQ$3:$BQ$25,'بيانات الفرق'!$BO$3:$BO$25,"المجموعة "&_xlpm.gs),_xlpm.mn,_xlfn.MINIFS('بيانات الفرق'!$BP$3:$BP$25,'بيانات الفرق'!$BO$3:$BO$25,"المجموعة "&_xlpm.gs),_xlpm.mx,_xlfn.MAXIFS('بيانات الفرق'!$BP$3:$BP$25,'بيانات الفرق'!$BO$3:$BO$25,"المجموعة "&_xlpm.gs),_xlpm.lo,FLOOR(_xlpm.mn/_xlpm.ln,1),_xlpm.hi,CEILING(_xlpm.mx/_xlpm.ln,1),_xlpm.t,IF(_xlpm.lo=_xlpm.hi,_xlpm.lo&"",_xlpm.lo&"–"&_xlpm.hi),_xlfn.TEXTJOIN(" + ",TRUE,_xlfn.SORTBY(_xlpm.t,_xlpm.ln,1)))} -> 3 + 3 + 3 | E17: {=_xlfn.LET(_xlpm.gs,_xlfn.SEQUENCE(B17),_xlpm.ln,_xlfn.MAXIFS('بيانات الفرق'!$BQ$3:$BQ$25,'بيانات الفرق'!$BO$3:$BO$25,"المجموعة "&_xlpm.gs),_xlpm.mn,_xlfn.MINIFS('بيانات الفرق'!$BP$3:$BP$25,'بيانات الفرق'!$BO$3:$BO$25,"المجموعة "&_xlpm.gs),_xlpm.mx,_xlfn.MAXIFS('بيانات الفرق'!$BP$3:$BP$25,'بيانات الفرق'!$BO$3:$BO$25,"المجموعة "&_xlpm.gs),_xlpm.t,IF(_xlpm.mn=_xlpm.mx,_xlpm.mn&"",_xlpm.mn&"–"&_xlpm.mx),_xlfn.TEXTJOIN(" + ",TRUE,_xlfn.SORTBY(_xlpm.t,_xlpm.ln,1)))} -> 18 + 21 + 21 | F17: =IF(COUNTIF('23 فريقًا'!$D$4:$D$237,"نهائي")=0,"—",IF(COUNTIF('23 فريقًا'!$D$4:$D$237,"ربع نهائي")>0,"ربع نهائي ثم نصف نهائي ثم نهائي",IF(COUNTIF('23 فريقًا'!$D$4:$D$237,"نصف نهائي")>0,"نصف نهائي ثم نهائي","نهائي مباشر"))) -> نصف نهائي ثم نهائي | G17: =_xlfn.MAXIFS('23 فريقًا'!$A$4:$A$237,'23 فريقًا'!$D$4:$D$237,"المجموعة*") -> 21 | H17: =MAX('23 فريقًا'!$A$4:$A$237)-G17 -> 2 | I17: =MAX('23 فريقًا'!$A$4:$A$237) -> 23 | J17: =MOD(HOUR(المدخلات!$B$5)-1,12)+1&":"&TEXT(MINUTE(المدخلات!$B$5),"00")&IF(HOUR(المدخلات!$B$5)<12," ص"," م") -> 4:00 م | K17: {=MOD(HOUR(المدخلات!$B$5+((ROUND(SUMPRODUCT(1/COUNTIF('23 فريقًا'!$B$4:$B$237,'23 فريقًا'!$B$4:$B$237)),0)-1)*المدخلات!$B$8+المدخلات!$B$6)/1440)-1,12)+1&":"&TEXT(MINUTE(المدخلات!$B$5+((ROUND(SUMPRODUCT(1/COUNTIF('23 فريقًا'!$B$4:$B$237,'23 فريقًا'!$B$4:$B$237)),0)-1)*المدخلات!$B$8+المدخلات!$B$6)/1440),"00")&IF(HOUR(المدخلات!$B$5+((ROUND(SUMPRODUCT(1/COUNTIF('23 فريقًا'!$B$4:$B$237,'23 فريقًا'!$B$4:$B$237)),0)-1)*المدخلات!$B$8+المدخلات!$B$6)/1440)<12," ص"," م")} -> 8:50 م | L17: =MAX('23 فريقًا'!$C$4:$C$237) -> 4
A18: 31 | B18: {=ROUND(SUMPRODUCT(1/COUNTIF('بيانات الفرق'!$BT$3:$BT$33,'بيانات الفرق'!$BT$3:$BT$33)),0)} -> 4 | C18: {=_xlfn.TEXTJOIN(" + ",TRUE,_xlfn._xlws.SORT(COUNTIF('بيانات الفرق'!$BT$3:$BT$33,"المجموعة "&_xlfn.SEQUENCE(B18))))} -> 7 + 8 + 8 + 8 | D18: {=_xlfn.LET(_xlpm.gs,_xlfn.SEQUENCE(B18),_xlpm.ln,_xlfn.MAXIFS('بيانات الفرق'!$BV$3:$BV$33,'بيانات الفرق'!$BT$3:$BT$33,"المجموعة "&_xlpm.gs),_xlpm.mn,_xlfn.MINIFS('بيانات الفرق'!$BU$3:$BU$33,'بيانات الفرق'!$BT$3:$BT$33,"المجموعة "&_xlpm.gs),_xlpm.mx,_xlfn.MAXIFS('بيانات الفرق'!$BU$3:$BU$33,'بيانات الفرق'!$BT$3:$BT$33,"المجموعة "&_xlpm.gs),_xlpm.lo,FLOOR(_xlpm.mn/_xlpm.ln,1),_xlpm.hi,CEILING(_xlpm.mx/_xlpm.ln,1),_xlpm.t,IF(_xlpm.lo=_xlpm.hi,_xlpm.lo&"",_xlpm.lo&"–"&_xlpm.hi),_xlfn.TEXTJOIN(" + ",TRUE,_xlfn.SORTBY(_xlpm.t,_xlpm.ln,1)))} -> 3 + 3 + 3 + 3 | E18: {=_xlfn.LET(_xlpm.gs,_xlfn.SEQUENCE(B18),_xlpm.ln,_xlfn.MAXIFS('بيانات الفرق'!$BV$3:$BV$33,'بيانات الفرق'!$BT$3:$BT$33,"المجموعة "&_xlpm.gs),_xlpm.mn,_xlfn.MINIFS('بيانات الفرق'!$BU$3:$BU$33,'بيانات الفرق'!$BT$3:$BT$33,"المجموعة "&_xlpm.gs),_xlpm.mx,_xlfn.MAXIFS('بيانات الفرق'!$BU$3:$BU$33,'بيانات الفرق'!$BT$3:$BT$33,"المجموعة "&_xlpm.gs),_xlpm.t,IF(_xlpm.mn=_xlpm.mx,_xlpm.mn&"",_xlpm.mn&"–"&_xlpm.mx),_xlfn.TEXTJOIN(" + ",TRUE,_xlfn.SORTBY(_xlpm.t,_xlpm.ln,1)))} -> 18 + 21 + 21 + 21 | F18: =IF(COUNTIF('31 فريقًا'!$D$4:$D$321,"نهائي")=0,"—",IF(COUNTIF('31 فريقًا'!$D$4:$D$321,"ربع نهائي")>0,"ربع نهائي ثم نصف نهائي ثم نهائي",IF(COUNTIF('31 فريقًا'!$D$4:$D$321,"نصف نهائي")>0,"نصف نهائي ثم نهائي","نهائي مباشر"))) -> نصف نهائي ثم نهائي | G18: =_xlfn.MAXIFS('31 فريقًا'!$A$4:$A$321,'31 فريقًا'!$D$4:$D$321,"المجموعة*") -> 21 | H18: =MAX('31 فريقًا'!$A$4:$A$321)-G18 -> 2 | I18: =MAX('31 فريقًا'!$A$4:$A$321) -> 23 | J18: =MOD(HOUR(المدخلات!$B$5)-1,12)+1&":"&TEXT(MINUTE(المدخلات!$B$5),"00")&IF(HOUR(المدخلات!$B$5)<12," ص"," م") -> 4:00 م | K18: {=MOD(HOUR(المدخلات!$B$5+((ROUND(SUMPRODUCT(1/COUNTIF('31 فريقًا'!$B$4:$B$321,'31 فريقًا'!$B$4:$B$321)),0)-1)*المدخلات!$B$8+المدخلات!$B$6)/1440)-1,12)+1&":"&TEXT(MINUTE(المدخلات!$B$5+((ROUND(SUMPRODUCT(1/COUNTIF('31 فريقًا'!$B$4:$B$321,'31 فريقًا'!$B$4:$B$321)),0)-1)*المدخلات!$B$8+المدخلات!$B$6)/1440),"00")&IF(HOUR(المدخلات!$B$5+((ROUND(SUMPRODUCT(1/COUNTIF('31 فريقًا'!$B$4:$B$321,'31 فريقًا'!$B$4:$B$321)),0)-1)*المدخلات!$B$8+المدخلات!$B$6)/1440)<12," ص"," م")} -> 8:50 م | L18: =MAX('31 فريقًا'!$C$4:$C$321) -> 5
A19: 35 | B19: {=ROUND(SUMPRODUCT(1/COUNTIF('بيانات الفرق'!$BY$3:$BY$37,'بيانات الفرق'!$BY$3:$BY$37)),0)} -> 5 | C19: {=_xlfn.TEXTJOIN(" + ",TRUE,_xlfn._xlws.SORT(COUNTIF('بيانات الفرق'!$BY$3:$BY$37,"المجموعة "&_xlfn.SEQUENCE(B19))))} -> 7 + 7 + 7 + 7 + 7 | D19: {=_xlfn.LET(_xlpm.gs,_xlfn.SEQUENCE(B19),_xlpm.ln,_xlfn.MAXIFS('بيانات الفرق'!$CA$3:$CA$37,'بيانات الفرق'!$BY$3:$BY$37,"المجموعة "&_xlpm.gs),_xlpm.mn,_xlfn.MINIFS('بيانات الفرق'!$BZ$3:$BZ$37,'بيانات الفرق'!$BY$3:$BY$37,"المجموعة "&_xlpm.gs),_xlpm.mx,_xlfn.MAXIFS('بيانات الفرق'!$BZ$3:$BZ$37,'بيانات الفرق'!$BY$3:$BY$37,"المجموعة "&_xlpm.gs),_xlpm.lo,FLOOR(_xlpm.mn/_xlpm.ln,1),_xlpm.hi,CEILING(_xlpm.mx/_xlpm.ln,1),_xlpm.t,IF(_xlpm.lo=_xlpm.hi,_xlpm.lo&"",_xlpm.lo&"–"&_xlpm.hi),_xlfn.TEXTJOIN(" + ",TRUE,_xlfn.SORTBY(_xlpm.t,_xlpm.ln,1)))} -> 3 + 3 + 3 + 3 + 3 | E19: {=_xlfn.LET(_xlpm.gs,_xlfn.SEQUENCE(B19),_xlpm.ln,_xlfn.MAXIFS('بيانات الفرق'!$CA$3:$CA$37,'بيانات الفرق'!$BY$3:$BY$37,"المجموعة "&_xlpm.gs),_xlpm.mn,_xlfn.MINIFS('بيانات الفرق'!$BZ$3:$BZ$37,'بيانات الفرق'!$BY$3:$BY$37,"المجموعة "&_xlpm.gs),_xlpm.mx,_xlfn.MAXIFS('بيانات الفرق'!$BZ$3:$BZ$37,'بيانات الفرق'!$BY$3:$BY$37,"المجموعة "&_xlpm.gs),_xlpm.t,IF(_xlpm.mn=_xlpm.mx,_xlpm.mn&"",_xlpm.mn&"–"&_xlpm.mx),_xlfn.TEXTJOIN(" + ",TRUE,_xlfn.SORTBY(_xlpm.t,_xlpm.ln,1)))} -> 18 + 18 + 18 + 18 + 18 | F19: =IF(COUNTIF('35 فريقًا'!$D$4:$D$325,"نهائي")=0,"—",IF(COUNTIF('35 فريقًا'!$D$4:$D$325,"ربع نهائي")>0,"ربع نهائي ثم نصف نهائي ثم نهائي",IF(COUNTIF('35 فريقًا'!$D$4:$D$325,"نصف نهائي")>0,"نصف نهائي ثم نهائي","نهائي مباشر"))) -> ربع نهائي ثم نصف نهائي ثم نهائي | G19: =_xlfn.MAXIFS('35 فريقًا'!$A$4:$A$325,'35 فريقًا'!$D$4:$D$325,"المجموعة*") -> 21 | H19: =MAX('35 فريقًا'!$A$4:$A$325)-G19 -> 2 | I19: =MAX('35 فريقًا'!$A$4:$A$325) -> 23 | J19: =MOD(HOUR(المدخلات!$B$5)-1,12)+1&":"&TEXT(MINUTE(المدخلات!$B$5),"00")&IF(HOUR(المدخلات!$B$5)<12," ص"," م") -> 4:00 م | K19: {=MOD(HOUR(المدخلات!$B$5+((ROUND(SUMPRODUCT(1/COUNTIF('35 فريقًا'!$B$4:$B$325,'35 فريقًا'!$B$4:$B$325)),0)-1)*المدخلات!$B$8+المدخلات!$B$6)/1440)-1,12)+1&":"&TEXT(MINUTE(المدخلات!$B$5+((ROUND(SUMPRODUCT(1/COUNTIF('35 فريقًا'!$B$4:$B$325,'35 فريقًا'!$B$4:$B$325)),0)-1)*المدخلات!$B$8+المدخلات!$B$6)/1440),"00")&IF(HOUR(المدخلات!$B$5+((ROUND(SUMPRODUCT(1/COUNTIF('35 فريقًا'!$B$4:$B$325,'35 فريقًا'!$B$4:$B$325)),0)-1)*المدخلات!$B$8+المدخلات!$B$6)/1440)<12," ص"," م")} -> 8:50 م | L19: =MAX('35 فريقًا'!$C$4:$C$325) -> 5
A20: 48 | B20: {=ROUND(SUMPRODUCT(1/COUNTIF('بيانات الفرق'!$CD$3:$CD$50,'بيانات الفرق'!$CD$3:$CD$50)),0)} -> 8 | C20: {=_xlfn.TEXTJOIN(" + ",TRUE,_xlfn._xlws.SORT(COUNTIF('بيانات الفرق'!$CD$3:$CD$50,"المجموعة "&_xlfn.SEQUENCE(B20))))} -> 6 + 6 + 6 + 6 + 6 + 6 + 6 + 6 | D20: {=_xlfn.LET(_xlpm.gs,_xlfn.SEQUENCE(B20),_xlpm.ln,_xlfn.MAXIFS('بيانات الفرق'!$CF$3:$CF$50,'بيانات الفرق'!$CD$3:$CD$50,"المجموعة "&_xlpm.gs),_xlpm.mn,_xlfn.MINIFS('بيانات الفرق'!$CE$3:$CE$50,'بيانات الفرق'!$CD$3:$CD$50,"المجموعة "&_xlpm.gs),_xlpm.mx,_xlfn.MAXIFS('بيانات الفرق'!$CE$3:$CE$50,'بيانات الفرق'!$CD$3:$CD$50,"المجموعة "&_xlpm.gs),_xlpm.lo,FLOOR(_xlpm.mn/_xlpm.ln,1),_xlpm.hi,CEILING(_xlpm.mx/_xlpm.ln,1),_xlpm.t,IF(_xlpm.lo=_xlpm.hi,_xlpm.lo&"",_xlpm.lo&"–"&_xlpm.hi),_xlfn.TEXTJOIN(" + ",TRUE,_xlfn.SORTBY(_xlpm.t,_xlpm.ln,1)))} -> 4 + 4 + 4 + 4 + 4 + 4 + 4 + 4 | E20: {=_xlfn.LET(_xlpm.gs,_xlfn.SEQUENCE(B20),_xlpm.ln,_xlfn.MAXIFS('بيانات الفرق'!$CF$3:$CF$50,'بيانات الفرق'!$CD$3:$CD$50,"المجموعة "&_xlpm.gs),_xlpm.mn,_xlfn.MINIFS('بيانات الفرق'!$CE$3:$CE$50,'بيانات الفرق'!$CD$3:$CD$50,"المجموعة "&_xlpm.gs),_xlpm.mx,_xlfn.MAXIFS('بيانات الفرق'!$CE$3:$CE$50,'بيانات الفرق'!$CD$3:$CD$50,"المجموعة "&_xlpm.gs),_xlpm.t,IF(_xlpm.mn=_xlpm.mx,_xlpm.mn&"",_xlpm.mn&"–"&_xlpm.mx),_xlfn.TEXTJOIN(" + ",TRUE,_xlfn.SORTBY(_xlpm.t,_xlpm.ln,1)))} -> 20 + 20 + 20 + 20 + 20 + 20 + 20 + 20 | F20: =IF(COUNTIF('48 فريقًا'!$D$4:$D$490,"نهائي")=0,"—",IF(COUNTIF('48 فريقًا'!$D$4:$D$490,"ربع نهائي")>0,"ربع نهائي ثم نصف نهائي ثم نهائي",IF(COUNTIF('48 فريقًا'!$D$4:$D$490,"نصف نهائي")>0,"نصف نهائي ثم نهائي","نهائي مباشر"))) -> ربع نهائي ثم نصف نهائي ثم نهائي | G20: =_xlfn.MAXIFS('48 فريقًا'!$A$4:$A$490,'48 فريقًا'!$D$4:$D$490,"المجموعة*") -> 20 | H20: =MAX('48 فريقًا'!$A$4:$A$490)-G20 -> 3 | I20: =MAX('48 فريقًا'!$A$4:$A$490) -> 23 | J20: =MOD(HOUR(المدخلات!$B$5)-1,12)+1&":"&TEXT(MINUTE(المدخلات!$B$5),"00")&IF(HOUR(المدخلات!$B$5)<12," ص"," م") -> 4:00 م | K20: {=MOD(HOUR(المدخلات!$B$5+((ROUND(SUMPRODUCT(1/COUNTIF('48 فريقًا'!$B$4:$B$490,'48 فريقًا'!$B$4:$B$490)),0)-1)*المدخلات!$B$8+المدخلات!$B$6)/1440)-1,12)+1&":"&TEXT(MINUTE(المدخلات!$B$5+((ROUND(SUMPRODUCT(1/COUNTIF('48 فريقًا'!$B$4:$B$490,'48 فريقًا'!$B$4:$B$490)),0)-1)*المدخلات!$B$8+المدخلات!$B$6)/1440),"00")&IF(HOUR(المدخلات!$B$5+((ROUND(SUMPRODUCT(1/COUNTIF('48 فريقًا'!$B$4:$B$490,'48 فريقًا'!$B$4:$B$490)),0)-1)*المدخلات!$B$8+المدخلات!$B$6)/1440)<12," ص"," م")} -> 8:50 م | L20: =MAX('48 فريقًا'!$C$4:$C$490) -> 8

Sheet 6 فرق
A1: بطولة 6 فرق – تحت 14
A3: اليوم | B3: الوقت | C3: الملعب | D3: المباراة
A4: 1 | B4: =المدخلات!$F$4 -> 4:00–5:30 م | C4: 1 | D4: 1 ضد 6
A5: 1 | B5: =المدخلات!$F$5 -> 5:40–7:10 م | C5: 1 | D5: 2 ضد 5
A6: 1 | B6: =المدخلات!$F$6 -> 7:20–8:50 م | C6: 1 | D6: 3 ضد 4
A7: 2 | B7: =المدخلات!$F$4 -> 4:00–5:30 م | C7: 1 | D7: 2 ضد 3
A8: 2 | B8: =المدخلات!$F$5 -> 5:40–7:10 م | C8: 1 | D8: 4 ضد 6
A9: 2 | B9: =المدخلات!$F$6 -> 7:20–8:50 م | C9: 1 | D9: 1 ضد 5
A10: 3 | B10: =المدخلات!$F$4 -> 4:00–5:30 م | C10: 1 | D10: 1 ضد 4
A11: 3 | B11: =المدخلات!$F$5 -> 5:40–7:10 م | C11: 1 | D11: 3 ضد 5
A12: 3 | B12: =المدخلات!$F$6 -> 7:20–8:50 م | C12: 1 | D12: 2 ضد 6
A13: 4 | B13: =المدخلات!$F$4 -> 4:00–5:30 م | C13: 1 | D13: 5 ضد 6
A14: 4 | B14: =المدخلات!$F$5 -> 5:40–7:10 م | C14: 1 | D14: 1 ضد 3
A15: 4 | B15: =المدخلات!$F$6 -> 7:20–8:50 م | C15: 1 | D15: 2 ضد 4
A16: 5 | B16: =المدخلات!$F$4 -> 4:00–5:30 م | C16: 1 | D16: 4 ضد 5
A17: 5 | B17: =المدخلات!$F$5 -> 5:40–7:10 م | C17: 1 | D17: 1 ضد 2
A18: 5 | B18: =المدخلات!$F$6 -> 7:20–8:50 م | C18: 1 | D18: 3 ضد 6
A19: 6 | B19: =المدخلات!$F$4 -> 4:00–5:30 م | C19: 1 | D19: 1 ضد 2
A20: 6 | B20: =المدخلات!$F$5 -> 5:40–7:10 م | C20: 1 | D20: 3 ضد 6
A21: 6 | B21: =المدخلات!$F$6 -> 7:20–8:50 م | C21: 1 | D21: 4 ضد 5
A22: 7 | B22: =المدخلات!$F$4 -> 4:00–5:30 م | C22: 1 | D22: 3 ضد 4
A23: 7 | B23: =المدخلات!$F$5 -> 5:40–7:10 م | C23: 1 | D23: 2 ضد 5
A24: 7 | B24: =المدخلات!$F$6 -> 7:20–8:50 م | C24: 1 | D24: 1 ضد 6
A25: 8 | B25: =المدخلات!$F$4 -> 4:00–5:30 م | C25: 1 | D25: 2 ضد 3
A26: 8 | B26: =المدخلات!$F$5 -> 5:40–7:10 م | C26: 1 | D26: 4 ضد 6
A27: 8 | B27: =المدخلات!$F$6 -> 7:20–8:50 م | C27: 1 | D27: 1 ضد 5
A28: 9 | B28: =المدخلات!$F$4 -> 4:00–5:30 م | C28: 1 | D28: 3 ضد 5
A29: 9 | B29: =المدخلات!$F$5 -> 5:40–7:10 م | C29: 1 | D29: 1 ضد 4
A30: 9 | B30: =المدخلات!$F$6 -> 7:20–8:50 م | C30: 1 | D30: 2 ضد 6
A31: 10 | B31: =المدخلات!$F$4 -> 4:00–5:30 م | C31: 1 | D31: 5 ضد 6
A32: 10 | B32: =المدخلات!$F$5 -> 5:40–7:10 م | C32: 1 | D32: 2 ضد 4
A33: 10 | B33: =المدخلات!$F$6 -> 7:20–8:50 م | C33: 1 | D33: 1 ضد 3
A34: 11 | B34: =المدخلات!$F$4 -> 4:00–5:30 م | C34: 1 | D34: 2 ضد 4
A35: 11 | B35: =المدخلات!$F$5 -> 5:40–7:10 م | C35: 1 | D35: 1 ضد 3
A36: 11 | B36: =المدخلات!$F$6 -> 7:20–8:50 م | C36: 1 | D36: 5 ضد 6
A37: 12 | B37: =المدخلات!$F$4 -> 4:00–5:30 م | C37: 1 | D37: 1 ضد 2
A38: 12 | B38: =المدخلات!$F$5 -> 5:40–7:10 م | C38: 1 | D38: 3 ضد 6
A39: 12 | B39: =المدخلات!$F$6 -> 7:20–8:50 م | C39: 1 | D39: 4 ضد 5
A40: 13 | B40: =المدخلات!$F$4 -> 4:00–5:30 م | C40: 1 | D40: 1 ضد 6
A41: 13 | B41: =المدخلات!$F$5 -> 5:40–7:10 م | C41: 1 | D41: 2 ضد 5
A42: 13 | B42: =المدخلات!$F$6 -> 7:20–8:50 م | C42: 1 | D42: 3 ضد 4
A43: 14 | B43: =المدخلات!$F$4 -> 4:00–5:30 م | C43: 1 | D43: 4 ضد 6
A44: 14 | B44: =المدخلات!$F$5 -> 5:40–7:10 م | C44: 1 | D44: 1 ضد 5
A45: 14 | B45: =المدخلات!$F$6 -> 7:20–8:50 م | C45: 1 | D45: 2 ضد 3
A46: 15 | B46: =المدخلات!$F$4 -> 4:00–5:30 م | C46: 1 | D46: 3 ضد 5
A47: 15 | B47: =المدخلات!$F$5 -> 5:40–7:10 م | C47: 1 | D47: 1 ضد 4
A48: 15 | B48: =المدخلات!$F$6 -> 7:20–8:50 م | C48: 1 | D48: 2 ضد 6
A49: 16 | B49: =المدخلات!$F$4 -> 4:00–5:30 م | C49: 1 | D49: 3 ضد 5
A50: 16 | B50: =المدخلات!$F$5 -> 5:40–7:10 م | C50: 1 | D50: 2 ضد 6
A51: 16 | B51: =المدخلات!$F$6 -> 7:20–8:50 م | C51: 1 | D51: 1 ضد 4
A52: 17 | B52: =المدخلات!$F$4 -> 4:00–5:30 م | C52: 1 | D52: 2 ضد 4
A53: 17 | B53: =المدخلات!$F$5 -> 5:40–7:10 م | C53: 1 | D53: 5 ضد 6
A54: 17 | B54: =المدخلات!$F$6 -> 7:20–8:50 م | C54: 1 | D54: 1 ضد 3
A55: 18 | B55: =المدخلات!$F$4 -> 4:00–5:30 م | C55: 1 | D55: 1 ضد 2
A56: 18 | B56: =المدخلات!$F$5 -> 5:40–7:10 م | C56: 1 | D56: 3 ضد 6
A57: 18 | B57: =المدخلات!$F$6 -> 7:20–8:50 م | C57: 1 | D57: 4 ضد 5
A58: 19 | B58: =المدخلات!$F$4 -> 4:00–5:30 م | C58: 1 | D58: 1 ضد 6
A59: 19 | B59: =المدخلات!$F$5 -> 5:40–7:10 م | C59: 1 | D59: 3 ضد 4
A60: 19 | B60: =المدخلات!$F$6 -> 7:20–8:50 م | C60: 1 | D60: 2 ضد 5
A61: 20 | B61: =المدخلات!$F$4 -> 4:00–5:30 م | C61: 1 | D61: 4 ضد 6
A62: 20 | B62: =المدخلات!$F$5 -> 5:40–7:10 م | C62: 1 | D62: 1 ضد 5
A63: 20 | B63: =المدخلات!$F$6 -> 7:20–8:50 م | C63: 1 | D63: 2 ضد 3
A67: جدول تكرار لقاء الأزواج — كم مرة يلتقي كل فريقين خلال الموسم
A68: فريق \ فريق | B68: 1 | C68: 2 | D68: 3 | E68: 4 | F68: 5 | G68: 6
A69: 1 | B69: =IF($A69=B$68,"",COUNTIF($D$4:$D$63,$A69&" ضد "&B$68)+COUNTIF($D$4:$D$63,B$68&" ضد "&$A69)) | C69: =IF($A69=C$68,"",COUNTIF($D$4:$D$63,$A69&" ضد "&C$68)+COUNTIF($D$4:$D$63,C$68&" ضد "&$A69)) -> 4 | D69: =IF($A69=D$68,"",COUNTIF($D$4:$D$63,$A69&" ضد "&D$68)+COUNTIF($D$4:$D$63,D$68&" ضد "&$A69)) -> 4 | E69: =IF($A69=E$68,"",COUNTIF($D$4:$D$63,$A69&" ضد "&E$68)+COUNTIF($D$4:$D$63,E$68&" ضد "&$A69)) -> 4 | F69: =IF($A69=F$68,"",COUNTIF($D$4:$D$63,$A69&" ضد "&F$68)+COUNTIF($D$4:$D$63,F$68&" ضد "&$A69)) -> 4 | G69: =IF($A69=G$68,"",COUNTIF($D$4:$D$63,$A69&" ضد "&G$68)+COUNTIF($D$4:$D$63,G$68&" ضد "&$A69)) -> 4
A70: 2 | B70: =IF($A70=B$68,"",COUNTIF($D$4:$D$63,$A70&" ضد "&B$68)+COUNTIF($D$4:$D$63,B$68&" ضد "&$A70)) -> 4 | C70: =IF($A70=C$68,"",COUNTIF($D$4:$D$63,$A70&" ضد "&C$68)+COUNTIF($D$4:$D$63,C$68&" ضد "&$A70)) | D70: =IF($A70=D$68,"",COUNTIF($D$4:$D$63,$A70&" ضد "&D$68)+COUNTIF($D$4:$D$63,D$68&" ضد "&$A70)) -> 4 | E70: =IF($A70=E$68,"",COUNTIF($D$4:$D$63,$A70&" ضد "&E$68)+COUNTIF($D$4:$D$63,E$68&" ضد "&$A70)) -> 4 | F70: =IF($A70=F$68,"",COUNTIF($D$4:$D$63,$A70&" ضد "&F$68)+COUNTIF($D$4:$D$63,F$68&" ضد "&$A70)) -> 4 | G70: =IF($A70=G$68,"",COUNTIF($D$4:$D$63,$A70&" ضد "&G$68)+COUNTIF($D$4:$D$63,G$68&" ضد "&$A70)) -> 4
A71: 3 | B71: =IF($A71=B$68,"",COUNTIF($D$4:$D$63,$A71&" ضد "&B$68)+COUNTIF($D$4:$D$63,B$68&" ضد "&$A71)) -> 4 | C71: =IF($A71=C$68,"",COUNTIF($D$4:$D$63,$A71&" ضد "&C$68)+COUNTIF($D$4:$D$63,C$68&" ضد "&$A71)) -> 4 | D71: =IF($A71=D$68,"",COUNTIF($D$4:$D$63,$A71&" ضد "&D$68)+COUNTIF($D$4:$D$63,D$68&" ضد "&$A71)) | E71: =IF($A71=E$68,"",COUNTIF($D$4:$D$63,$A71&" ضد "&E$68)+COUNTIF($D$4:$D$63,E$68&" ضد "&$A71)) -> 4 | F71: =IF($A71=F$68,"",COUNTIF($D$4:$D$63,$A71&" ضد "&F$68)+COUNTIF($D$4:$D$63,F$68&" ضد "&$A71)) -> 4 | G71: =IF($A71=G$68,"",COUNTIF($D$4:$D$63,$A71&" ضد "&G$68)+COUNTIF($D$4:$D$63,G$68&" ضد "&$A71)) -> 4
A72: 4 | B72: =IF($A72=B$68,"",COUNTIF($D$4:$D$63,$A72&" ضد "&B$68)+COUNTIF($D$4:$D$63,B$68&" ضد "&$A72)) -> 4 | C72: =IF($A72=C$68,"",COUNTIF($D$4:$D$63,$A72&" ضد "&C$68)+COUNTIF($D$4:$D$63,C$68&" ضد "&$A72)) -> 4 | D72: =IF($A72=D$68,"",COUNTIF($D$4:$D$63,$A72&" ضد "&D$68)+COUNTIF($D$4:$D$63,D$68&" ضد "&$A72)) -> 4 | E72: =IF($A72=E$68,"",COUNTIF($D$4:$D$63,$A72&" ضد "&E$68)+COUNTIF($D$4:$D$63,E$68&" ضد "&$A72)) | F72: =IF($A72=F$68,"",COUNTIF($D$4:$D$63,$A72&" ضد "&F$68)+COUNTIF($D$4:$D$63,F$68&" ضد "&$A72)) -> 4 | G72: =IF($A72=G$68,"",COUNTIF($D$4:$D$63,$A72&" ضد "&G$68)+COUNTIF($D$4:$D$63,G$68&" ضد "&$A72)) -> 4
A73: 5 | B73: =IF($A73=B$68,"",COUNTIF($D$4:$D$63,$A73&" ضد "&B$68)+COUNTIF($D$4:$D$63,B$68&" ضد "&$A73)) -> 4 | C73: =IF($A73=C$68,"",COUNTIF($D$4:$D$63,$A73&" ضد "&C$68)+COUNTIF($D$4:$D$63,C$68&" ضد "&$A73)) -> 4 | D73: =IF($A73=D$68,"",COUNTIF($D$4:$D$63,$A73&" ضد "&D$68)+COUNTIF($D$4:$D$63,D$68&" ضد "&$A73)) -> 4 | E73: =IF($A73=E$68,"",COUNTIF($D$4:$D$63,$A73&" ضد "&E$68)+COUNTIF($D$4:$D$63,E$68&" ضد "&$A73)) -> 4 | F73: =IF($A73=F$68,"",COUNTIF($D$4:$D$63,$A73&" ضد "&F$68)+COUNTIF($D$4:$D$63,F$68&" ضد "&$A73)) | G73: =IF($A73=G$68,"",COUNTIF($D$4:$D$63,$A73&" ضد "&G$68)+COUNTIF($D$4:$D$63,G$68&" ضد "&$A73)) -> 4
A74: 6 | B74: =IF($A74=B$68,"",COUNTIF($D$4:$D$63,$A74&" ضد "&B$68)+COUNTIF($D$4:$D$63,B$68&" ضد "&$A74)) -> 4 | C74: =IF($A74=C$68,"",COUNTIF($D$4:$D$63,$A74&" ضد "&C$68)+COUNTIF($D$4:$D$63,C$68&" ضد "&$A74)) -> 4 | D74: =IF($A74=D$68,"",COUNTIF($D$4:$D$63,$A74&" ضد "&D$68)+COUNTIF($D$4:$D$63,D$68&" ضد "&$A74)) -> 4 | E74: =IF($A74=E$68,"",COUNTIF($D$4:$D$63,$A74&" ضد "&E$68)+COUNTIF($D$4:$D$63,E$68&" ضد "&$A74)) -> 4 | F74: =IF($A74=F$68,"",COUNTIF($D$4:$D$63,$A74&" ضد "&F$68)+COUNTIF($D$4:$D$63,F$68&" ضد "&$A74)) -> 4 | G74: =IF($A74=G$68,"",COUNTIF($D$4:$D$63,$A74&" ضد "&G$68)+COUNTIF($D$4:$D$63,G$68&" ضد "&$A74))
A75: أقل تكرار | B75: =_xlfn.MINIFS(B69:G74,B69:G74,">0") -> 4
A76: أعلى تكرار | B76: =MAX(B69:G74) -> 4

Sheet 7 فرق
A1: بطولة 7 فرق – تحت 14
A3: اليوم | B3: الوقت | C3: الملعب | D3: المباراة
A4: 1 | B4: =المدخلات!$F$4 -> 4:00–5:30 م | C4: 1 | D4: 2 ضد 7
A5: 1 | B5: =المدخلات!$F$5 -> 5:40–7:10 م | C5: 1 | D5: 3 ضد 6
A6: 1 | B6: =المدخلات!$F$6 -> 7:20–8:50 م | C6: 1 | D6: 4 ضد 5
A7: 2 | B7: =المدخلات!$F$4 -> 4:00–5:30 م | C7: 1 | D7: 3 ضد 4
A8: 2 | B8: =المدخلات!$F$5 -> 5:40–7:10 م | C8: 1 | D8: 2 ضد 5
A9: 2 | B9: =المدخلات!$F$6 -> 7:20–8:50 م | C9: 1 | D9: 1 ضد 7
A10: 3 | B10: =المدخلات!$F$4 -> 4:00–5:30 م | C10: 1 | D10: 1 ضد 6
A11: 3 | B11: =المدخلات!$F$5 -> 5:40–7:10 م | C11: 1 | D11: 5 ضد 7
A12: 3 | B12: =المدخلات!$F$6 -> 7:20–8:50 م | C12: 1 | D12: 2 ضد 3
A13: 4 | B13: =المدخلات!$F$4 -> 4:00–5:30 م | C13: 1 | D13: 1 ضد 5
A14: 4 | B14: =المدخلات!$F$5 -> 5:40–7:10 م | C14: 1 | D14: 4 ضد 6
A15: 4 | B15: =المدخلات!$F$6 -> 7:20–8:50 م | C15: 1 | D15: 3 ضد 7
A16: 5 | B16: =المدخلات!$F$4 -> 4:00–5:30 م | C16: 1 | D16: 3 ضد 5
A17: 5 | B17: =المدخلات!$F$5 -> 5:40–7:10 م | C17: 1 | D17: 1 ضد 4
A18: 5 | B18: =المدخلات!$F$6 -> 7:20–8:50 م | C18: 1 | D18: 2 ضد 6
A19: 6 | B19: =المدخلات!$F$4 -> 4:00–5:30 م | C19: 1 | D19: 2 ضد 4
A20: 6 | B20: =المدخلات!$F$5 -> 5:40–7:10 م | C20: 1 | D20: 1 ضد 3
A21: 6 | B21: =المدخلات!$F$6 -> 7:20–8:50 م | C21: 1 | D21: 6 ضد 7
A22: 7 | B22: =المدخلات!$F$4 -> 4:00–5:30 م | C22: 1 | D22: 4 ضد 7
A23: 7 | B23: =المدخلات!$F$5 -> 5:40–7:10 م | C23: 1 | D23: 1 ضد 2
A24: 7 | B24: =المدخلات!$F$6 -> 7:20–8:50 م | C24: 1 | D24: 5 ضد 6
A25: 8 | B25: =المدخلات!$F$4 -> 4:00–5:30 م | C25: 1 | D25: 5 ضد 6
A26: 8 | B26: =المدخلات!$F$5 -> 5:40–7:10 م | C26: 1 | D26: 4 ضد 7
A27: 8 | B27: =المدخلات!$F$6 -> 7:20–8:50 م | C27: 1 | D27: 1 ضد 2
A28: 9 | B28: =المدخلات!$F$4 -> 4:00–5:30 م | C28: 1 | D28: 3 ضد 6
A29: 9 | B29: =المدخلات!$F$5 -> 5:40–7:10 م | C29: 1 | D29: 2 ضد 7
A30: 9 | B30: =المدخلات!$F$6 -> 7:20–8:50 م | C30: 1 | D30: 4 ضد 5
A31: 10 | B31: =المدخلات!$F$4 -> 4:00–5:30 م | C31: 1 | D31: 1 ضد 7
A32: 10 | B32: =المدخلات!$F$5 -> 5:40–7:10 م | C32: 1 | D32: 2 ضد 5
A33: 10 | B33: =المدخلات!$F$6 -> 7:20–8:50 م | C33: 1 | D33: 3 ضد 4
A34: 11 | B34: =المدخلات!$F$4 -> 4:00–5:30 م | C34: 1 | D34: 2 ضد 3
A35: 11 | B35: =المدخلات!$F$5 -> 5:40–7:10 م | C35: 1 | D35: 1 ضد 6
A36: 11 | B36: =المدخلات!$F$6 -> 7:20–8:50 م | C36: 1 | D36: 5 ضد 7
A37: 12 | B37: =المدخلات!$F$4 -> 4:00–5:30 م | C37: 1 | D37: 1 ضد 5
A38: 12 | B38: =المدخلات!$F$5 -> 5:40–7:10 م | C38: 1 | D38: 3 ضد 7
A39: 12 | B39: =المدخلات!$F$6 -> 7:20–8:50 م | C39: 1 | D39: 4 ضد 6
A40: 13 | B40: =المدخلات!$F$4 -> 4:00–5:30 م | C40: 1 | D40: 2 ضد 6
A41: 13 | B41: =المدخلات!$F$5 -> 5:40–7:10 م | C41: 1 | D41: 3 ضد 5
A42: 13 | B42: =المدخلات!$F$6 -> 7:20–8:50 م | C42: 1 | D42: 1 ضد 4
A43: 14 | B43: =المدخلات!$F$4 -> 4:00–5:30 م | C43: 1 | D43: 6 ضد 7
A44: 14 | B44: =المدخلات!$F$5 -> 5:40–7:10 م | C44: 1 | D44: 2 ضد 4
A45: 14 | B45: =المدخلات!$F$6 -> 7:20–8:50 م | C45: 1 | D45: 1 ضد 3
A46: 15 | B46: =المدخلات!$F$4 -> 4:00–5:30 م | C46: 1 | D46: 2 ضد 4
A47: 15 | B47: =المدخلات!$F$5 -> 5:40–7:10 م | C47: 1 | D47: 6 ضد 7
A48: 15 | B48: =المدخلات!$F$6 -> 7:20–8:50 م | C48: 1 | D48: 1 ضد 3
A49: 16 | B49: =المدخلات!$F$4 -> 4:00–5:30 م | C49: 1 | D49: 4 ضد 7
A50: 16 | B50: =المدخلات!$F$5 -> 5:40–7:10 م | C50: 1 | D50: 5 ضد 6
A51: 16 | B51: =المدخلات!$F$6 -> 7:20–8:50 م | C51: 1 | D51: 1 ضد 2
A52: 17 | B52: =المدخلات!$F$4 -> 4:00–5:30 م | C52: 1 | D52: 3 ضد 6
A53: 17 | B53: =المدخلات!$F$5 -> 5:40–7:10 م | C53: 1 | D53: 4 ضد 5
A54: 17 | B54: =المدخلات!$F$6 -> 7:20–8:50 م | C54: 1 | D54: 2 ضد 7
A55: 18 | B55: =المدخلات!$F$4 -> 4:00–5:30 م | C55: 1 | D55: 1 ضد 7
A56: 18 | B56: =المدخلات!$F$5 -> 5:40–7:10 م | C56: 1 | D56: 3 ضد 4
A57: 18 | B57: =المدخلات!$F$6 -> 7:20–8:50 م | C57: 1 | D57: 2 ضد 5
A58: 19 | B58: =المدخلات!$F$4 -> 4:00–5:30 م | C58: 1 | D58: 2 ضد 3
A59: 19 | B59: =المدخلات!$F$5 -> 5:40–7:10 م | C59: 1 | D59: 1 ضد 6
A60: 19 | B60: =المدخلات!$F$6 -> 7:20–8:50 م | C60: 1 | D60: 5 ضد 7
A61: 20 | B61: =المدخلات!$F$4 -> 4:00–5:30 م | C61: 1 | D61: 1 ضد 5
A62: 20 | B62: =المدخلات!$F$5 -> 5:40–7:10 م | C62: 1 | D62: 3 ضد 7
A63: 20 | B63: =المدخلات!$F$6 -> 7:20–8:50 م | C63: 1 | D63: 4 ضد 6
A64: 21 | B64: =المدخلات!$F$4 -> 4:00–5:30 م | C64: 1 | D64: 3 ضد 5
A65: 21 | B65: =المدخلات!$F$5 -> 5:40–7:10 م | C65: 1 | D65: 1 ضد 4
A66: 21 | B66: =المدخلات!$F$6 -> 7:20–8:50 م | C66: 1 | D66: 2 ضد 6
A69: جدول تكرار لقاء الأزواج — كم مرة يلتقي كل فريقين خلال الموسم
A70: فريق \ فريق | B70: 1 | C70: 2 | D70: 3 | E70: 4 | F70: 5 | G70: 6 | H70: 7
A71: 1 | B71: =IF($A71=B$70,"",COUNTIF($D$4:$D$66,$A71&" ضد "&B$70)+COUNTIF($D$4:$D$66,B$70&" ضد "&$A71)) | C71: =IF($A71=C$70,"",COUNTIF($D$4:$D$66,$A71&" ضد "&C$70)+COUNTIF($D$4:$D$66,C$70&" ضد "&$A71)) -> 3 | D71: =IF($A71=D$70,"",COUNTIF($D$4:$D$66,$A71&" ضد "&D$70)+COUNTIF($D$4:$D$66,D$70&" ضد "&$A71)) -> 3 | E71: =IF($A71=E$70,"",COUNTIF($D$4:$D$66,$A71&" ضد "&E$70)+COUNTIF($D$4:$D$66,E$70&" ضد "&$A71)) -> 3 | F71: =IF($A71=F$70,"",COUNTIF($D$4:$D$66,$A71&" ضد "&F$70)+COUNTIF($D$4:$D$66,F$70&" ضد "&$A71)) -> 3 | G71: =IF($A71=G$70,"",COUNTIF($D$4:$D$66,$A71&" ضد "&G$70)+COUNTIF($D$4:$D$66,G$70&" ضد "&$A71)) -> 3 | H71: =IF($A71=H$70,"",COUNTIF($D$4:$D$66,$A71&" ضد "&H$70)+COUNTIF($D$4:$D$66,H$70&" ضد "&$A71)) -> 3
A72: 2 | B72: =IF($A72=B$70,"",COUNTIF($D$4:$D$66,$A72&" ضد "&B$70)+COUNTIF($D$4:$D$66,B$70&" ضد "&$A72)) -> 3 | C72: =IF($A72=C$70,"",COUNTIF($D$4:$D$66,$A72&" ضد "&C$70)+COUNTIF($D$4:$D$66,C$70&" ضد "&$A72)) | D72: =IF($A72=D$70,"",COUNTIF($D$4:$D$66,$A72&" ضد "&D$70)+COUNTIF($D$4:$D$66,D$70&" ضد "&$A72)) -> 3 | E72: =IF($A72=E$70,"",COUNTIF($D$4:$D$66,$A72&" ضد "&E$70)+COUNTIF($D$4:$D$66,E$70&" ضد "&$A72)) -> 3 | F72: =IF($A72=F$70,"",COUNTIF($D$4:$D$66,$A72&" ضد "&F$70)+COUNTIF($D$4:$D$66,F$70&" ضد "&$A72)) -> 3 | G72: =IF($A72=G$70,"",COUNTIF($D$4:$D$66,$A72&" ضد "&G$70)+COUNTIF($D$4:$D$66,G$70&" ضد "&$A72)) -> 3 | H72: =IF($A72=H$70,"",COUNTIF($D$4:$D$66,$A72&" ضد "&H$70)+COUNTIF($D$4:$D$66,H$70&" ضد "&$A72)) -> 3
A73: 3 | B73: =IF($A73=B$70,"",COUNTIF($D$4:$D$66,$A73&" ضد "&B$70)+COUNTIF($D$4:$D$66,B$70&" ضد "&$A73)) -> 3 | C73: =IF($A73=C$70,"",COUNTIF($D$4:$D$66,$A73&" ضد "&C$70)+COUNTIF($D$4:$D$66,C$70&" ضد "&$A73)) -> 3 | D73: =IF($A73=D$70,"",COUNTIF($D$4:$D$66,$A73&" ضد "&D$70)+COUNTIF($D$4:$D$66,D$70&" ضد "&$A73)) | E73: =IF($A73=E$70,"",COUNTIF($D$4:$D$66,$A73&" ضد "&E$70)+COUNTIF($D$4:$D$66,E$70&" ضد "&$A73)) -> 3 | F73: =IF($A73=F$70,"",COUNTIF($D$4:$D$66,$A73&" ضد "&F$70)+COUNTIF($D$4:$D$66,F$70&" ضد "&$A73)) -> 3 | G73: =IF($A73=G$70,"",COUNTIF($D$4:$D$66,$A73&" ضد "&G$70)+COUNTIF($D$4:$D$66,G$70&" ضد "&$A73)) -> 3 | H73: =IF($A73=H$70,"",COUNTIF($D$4:$D$66,$A73&" ضد "&H$70)+COUNTIF($D$4:$D$66,H$70&" ضد "&$A73)) -> 3
A74: 4 | B74: =IF($A74=B$70,"",COUNTIF($D$4:$D$66,$A74&" ضد "&B$70)+COUNTIF($D$4:$D$66,B$70&" ضد "&$A74)) -> 3 | C74: =IF($A74=C$70,"",COUNTIF($D$4:$D$66,$A74&" ضد "&C$70)+COUNTIF($D$4:$D$66,C$70&" ضد "&$A74)) -> 3 | D74: =IF($A74=D$70,"",COUNTIF($D$4:$D$66,$A74&" ضد "&D$70)+COUNTIF($D$4:$D$66,D$70&" ضد "&$A74)) -> 3 | E74: =IF($A74=E$70,"",COUNTIF($D$4:$D$66,$A74&" ضد "&E$70)+COUNTIF($D$4:$D$66,E$70&" ضد "&$A74)) | F74: =IF($A74=F$70,"",COUNTIF($D$4:$D$66,$A74&" ضد "&F$70)+COUNTIF($D$4:$D$66,F$70&" ضد "&$A74)) -> 3 | G74: =IF($A74=G$70,"",COUNTIF($D$4:$D$66,$A74&" ضد "&G$70)+COUNTIF($D$4:$D$66,G$70&" ضد "&$A74)) -> 3 | H74: =IF($A74=H$70,"",COUNTIF($D$4:$D$66,$A74&" ضد "&H$70)+COUNTIF($D$4:$D$66,H$70&" ضد "&$A74)) -> 3
A75: 5 | B75: =IF($A75=B$70,"",COUNTIF($D$4:$D$66,$A75&" ضد "&B$70)+COUNTIF($D$4:$D$66,B$70&" ضد "&$A75)) -> 3 | C75: =IF($A75=C$70,"",COUNTIF($D$4:$D$66,$A75&" ضد "&C$70)+COUNTIF($D$4:$D$66,C$70&" ضد "&$A75)) -> 3 | D75: =IF($A75=D$70,"",COUNTIF($D$4:$D$66,$A75&" ضد "&D$70)+COUNTIF($D$4:$D$66,D$70&" ضد "&$A75)) -> 3 | E75: =IF($A75=E$70,"",COUNTIF($D$4:$D$66,$A75&" ضد "&E$70)+COUNTIF($D$4:$D$66,E$70&" ضد "&$A75)) -> 3 | F75: =IF($A75=F$70,"",COUNTIF($D$4:$D$66,$A75&" ضد "&F$70)+COUNTIF($D$4:$D$66,F$70&" ضد "&$A75)) | G75: =IF($A75=G$70,"",COUNTIF($D$4:$D$66,$A75&" ضد "&G$70)+COUNTIF($D$4:$D$66,G$70&" ضد "&$A75)) -> 3 | H75: =IF($A75=H$70,"",COUNTIF($D$4:$D$66,$A75&" ضد "&H$70)+COUNTIF($D$4:$D$66,H$70&" ضد "&$A75)) -> 3
A76: 6 | B76: =IF($A76=B$70,"",COUNTIF($D$4:$D$66,$A76&" ضد "&B$70)+COUNTIF($D$4:$D$66,B$70&" ضد "&$A76)) -> 3 | C76: =IF($A76=C$70,"",COUNTIF($D$4:$D$66,$A76&" ضد "&C$70)+COUNTIF($D$4:$D$66,C$70&" ضد "&$A76)) -> 3 | D76: =IF($A76=D$70,"",COUNTIF($D$4:$D$66,$A76&" ضد "&D$70)+COUNTIF($D$4:$D$66,D$70&" ضد "&$A76)) -> 3 | E76: =IF($A76=E$70,"",COUNTIF($D$4:$D$66,$A76&" ضد "&E$70)+COUNTIF($D$4:$D$66,E$70&" ضد "&$A76)) -> 3 | F76: =IF($A76=F$70,"",COUNTIF($D$4:$D$66,$A76&" ضد "&F$70)+COUNTIF($D$4:$D$66,F$70&" ضد "&$A76)) -> 3 | G76: =IF($A76=G$70,"",COUNTIF($D$4:$D$66,$A76&" ضد "&G$70)+COUNTIF($D$4:$D$66,G$70&" ضد "&$A76)) | H76: =IF($A76=H$70,"",COUNTIF($D$4:$D$66,$A76&" ضد "&H$70)+COUNTIF($D$4:$D$66,H$70&" ضد "&$A76)) -> 3
A77: 7 | B77: =IF($A77=B$70,"",COUNTIF($D$4:$D$66,$A77&" ضد "&B$70)+COUNTIF($D$4:$D$66,B$70&" ضد "&$A77)) -> 3 | C77: =IF($A77=C$70,"",COUNTIF($D$4:$D$66,$A77&" ضد "&C$70)+COUNTIF($D$4:$D$66,C$70&" ضد "&$A77)) -> 3 | D77: =IF($A77=D$70,"",COUNTIF($D$4:$D$66,$A77&" ضد "&D$70)+COUNTIF($D$4:$D$66,D$70&" ضد "&$A77)) -> 3 | E77: =IF($A77=E$70,"",COUNTIF($D$4:$D$66,$A77&" ضد "&E$70)+COUNTIF($D$4:$D$66,E$70&" ضد "&$A77)) -> 3 | F77: =IF($A77=F$70,"",COUNTIF($D$4:$D$66,$A77&" ضد "&F$70)+COUNTIF($D$4:$D$66,F$70&" ضد "&$A77)) -> 3 | G77: =IF($A77=G$70,"",COUNTIF($D$4:$D$66,$A77&" ضد "&G$70)+COUNTIF($D$4:$D$66,G$70&" ضد "&$A77)) -> 3 | H77: =IF($A77=H$70,"",COUNTIF($D$4:$D$66,$A77&" ضد "&H$70)+COUNTIF($D$4:$D$66,H$70&" ضد "&$A77))
A78: أقل تكرار | B78: =_xlfn.MINIFS(B71:H77,B71:H77,">0") -> 3
A79: أعلى تكرار | B79: =MAX(B71:H77) -> 3

Sheet 8 فرق
A1: بطولة 8 فرق – تحت 14
A3: اليوم | B3: الوقت | C3: الملعب | D3: المباراة
A4: 1 | B4: =المدخلات!$F$4 -> 4:00–5:30 م | C4: 1 | D4: 1 ضد 8
A5: 1 | B5: =المدخلات!$F$4 -> 4:00–5:30 م | C5: 2 | D5: 2 ضد 7
A6: 1 | B6: =المدخلات!$F$5 -> 5:40–7:10 م | C6: 1 | D6: 3 ضد 6
A7: 1 | B7: =المدخلات!$F$5 -> 5:40–7:10 م | C7: 2 | D7: 4 ضد 5
A8: 2 | B8: =المدخلات!$F$4 -> 4:00–5:30 م | C8: 1 | D8: 2 ضد 5
A9: 2 | B9: =المدخلات!$F$4 -> 4:00–5:30 م | C9: 2 | D9: 3 ضد 4
A10: 2 | B10: =المدخلات!$F$5 -> 5:40–7:10 م | C10: 1 | D10: 1 ضد 7
A11: 2 | B11: =المدخلات!$F$5 -> 5:40–7:10 م | C11: 2 | D11: 6 ضد 8
A12: 3 | B12: =المدخلات!$F$4 -> 4:00–5:30 م | C12: 1 | D12: 4 ضد 8
A13: 3 | B13: =المدخلات!$F$4 -> 4:00–5:30 م | C13: 2 | D13: 1 ضد 6
A14: 3 | B14: =المدخلات!$F$5 -> 5:40–7:10 م | C14: 1 | D14: 5 ضد 7
A15: 3 | B15: =المدخلات!$F$5 -> 5:40–7:10 م | C15: 2 | D15: 2 ضد 3
A16: 4 | B16: =المدخلات!$F$4 -> 4:00–5:30 م | C16: 1 | D16: 3 ضد 7
A17: 4 | B17: =المدخلات!$F$4 -> 4:00–5:30 م | C17: 2 | D17: 1 ضد 5
A18: 4 | B18: =المدخلات!$F$5 -> 5:40–7:10 م | C18: 1 | D18: 4 ضد 6
A19: 4 | B19: =المدخلات!$F$5 -> 5:40–7:10 م | C19: 2 | D19: 2 ضد 8
A20: 5 | B20: =المدخلات!$F$4 -> 4:00–5:30 م | C20: 1 | D20: 2 ضد 6
A21: 5 | B21: =المدخلات!$F$4 -> 4:00–5:30 م | C21: 2 | D21: 3 ضد 5
A22: 5 | B22: =المدخلات!$F$5 -> 5:40–7:10 م | C22: 1 | D22: 1 ضد 4
A23: 5 | B23: =المدخلات!$F$5 -> 5:40–7:10 م | C23: 2 | D23: 7 ضد 8
A24: 6 | B24: =المدخلات!$F$4 -> 4:00–5:30 م | C24: 1 | D24: 5 ضد 8
A25: 6 | B25: =المدخلات!$F$4 -> 4:00–5:30 م | C25: 2 | D25: 6 ضد 7
A26: 6 | B26: =المدخلات!$F$5 -> 5:40–7:10 م | C26: 1 | D26: 1 ضد 3
A27: 6 | B27: =المدخلات!$F$5 -> 5:40–7:10 م | C27: 2 | D27: 2 ضد 4
A28: 7 | B28: =المدخلات!$F$4 -> 4:00–5:30 م | C28: 1 | D28: 3 ضد 8
A29: 7 | B29: =المدخلات!$F$4 -> 4:00–5:30 م | C29: 2 | D29: 4 ضد 7
A30: 7 | B30: =المدخلات!$F$5 -> 5:40–7:10 م | C30: 1 | D30: 1 ضد 2
A31: 7 | B31: =المدخلات!$F$5 -> 5:40–7:10 م | C31: 2 | D31: 5 ضد 6
A32: 8 | B32: =المدخلات!$F$4 -> 4:00–5:30 م | C32: 1 | D32: 4 ضد 7
A33: 8 | B33: =المدخلات!$F$4 -> 4:00–5:30 م | C33: 2 | D33: 1 ضد 2
A34: 8 | B34: =المدخلات!$F$5 -> 5:40–7:10 م | C34: 1 | D34: 5 ضد 6
A35: 8 | B35: =المدخلات!$F$5 -> 5:40–7:10 م | C35: 2 | D35: 3 ضد 8
A36: 9 | B36: =المدخلات!$F$4 -> 4:00–5:30 م | C36: 1 | D36: 3 ضد 6
A37: 9 | B37: =المدخلات!$F$4 -> 4:00–5:30 م | C37: 2 | D37: 1 ضد 8
A38: 9 | B38: =المدخلات!$F$5 -> 5:40–7:10 م | C38: 1 | D38: 2 ضد 7
A39: 9 | B39: =المدخلات!$F$5 -> 5:40–7:10 م | C39: 2 | D39: 4 ضد 5
A40: 10 | B40: =المدخلات!$F$4 -> 4:00–5:30 م | C40: 1 | D40: 2 ضد 5
A41: 10 | B41: =المدخلات!$F$4 -> 4:00–5:30 م | C41: 2 | D41: 3 ضد 4
A42: 10 | B42: =المدخلات!$F$5 -> 5:40–7:10 م | C42: 1 | D42: 6 ضد 8
A43: 10 | B43: =المدخلات!$F$5 -> 5:40–7:10 م | C43: 2 | D43: 1 ضد 7
A44: 11 | B44: =المدخلات!$F$4 -> 4:00–5:30 م | C44: 1 | D44: 4 ضد 8
A45: 11 | B45: =المدخلات!$F$4 -> 4:00–5:30 م | C45: 2 | D45: 1 ضد 6
A46: 11 | B46: =المدخلات!$F$5 -> 5:40–7:10 م | C46: 1 | D46: 5 ضد 7
A47: 11 | B47: =المدخلات!$F$5 -> 5:40–7:10 م | C47: 2 | D47: 2 ضد 3
A48: 12 | B48: =المدخلات!$F$4 -> 4:00–5:30 م | C48: 1 | D48: 1 ضد 5
A49: 12 | B49: =المدخلات!$F$4 -> 4:00–5:30 م | C49: 2 | D49: 4 ضد 6
A50: 12 | B50: =المدخلات!$F$5 -> 5:40–7:10 م | C50: 1 | D50: 3 ضد 7
A51: 12 | B51: =المدخلات!$F$5 -> 5:40–7:10 م | C51: 2 | D51: 2 ضد 8
A52: 13 | B52: =المدخلات!$F$4 -> 4:00–5:30 م | C52: 1 | D52: 2 ضد 6
A53: 13 | B53: =المدخلات!$F$4 -> 4:00–5:30 م | C53: 2 | D53: 7 ضد 8
A54: 13 | B54: =المدخلات!$F$5 -> 5:40–7:10 م | C54: 1 | D54: 1 ضد 4
A55: 13 | B55: =المدخلات!$F$5 -> 5:40–7:10 م | C55: 2 | D55: 3 ضد 5
A56: 14 | B56: =المدخلات!$F$4 -> 4:00–5:30 م | C56: 1 | D56: 2 ضد 4
A57: 14 | B57: =المدخلات!$F$4 -> 4:00–5:30 م | C57: 2 | D57: 1 ضد 3
A58: 14 | B58: =المدخلات!$F$5 -> 5:40–7:10 م | C58: 1 | D58: 5 ضد 8
A59: 14 | B59: =المدخلات!$F$5 -> 5:40–7:10 م | C59: 2 | D59: 6 ضد 7
A60: 15 | B60: =المدخلات!$F$4 -> 4:00–5:30 م | C60: 1 | D60: 6 ضد 7
A61: 15 | B61: =المدخلات!$F$4 -> 4:00–5:30 م | C61: 2 | D61: 5 ضد 8
A62: 15 | B62: =المدخلات!$F$5 -> 5:40–7:10 م | C62: 1 | D62: 1 ضد 3
A63: 15 | B63: =المدخلات!$F$5 -> 5:40–7:10 م | C63: 2 | D63: 2 ضد 4
A64: 16 | B64: =المدخلات!$F$4 -> 4:00–5:30 م | C64: 1 | D64: 3 ضد 8
A65: 16 | B65: =المدخلات!$F$4 -> 4:00–5:30 م | C65: 2 | D65: 5 ضد 6
A66: 16 | B66: =المدخلات!$F$5 -> 5:40–7:10 م | C66: 1 | D66: 1 ضد 2
A67: 16 | B67: =المدخلات!$F$5 -> 5:40–7:10 م | C67: 2 | D67: 4 ضد 7
A68: 17 | B68: =المدخلات!$F$4 -> 4:00–5:30 م | C68: 1 | D68: 4 ضد 5
A69: 17 | B69: =المدخلات!$F$4 -> 4:00–5:30 م | C69: 2 | D69: 2 ضد 7
A70: 17 | B70: =المدخلات!$F$5 -> 5:40–7:10 م | C70: 1 | D70: 3 ضد 6
A71: 17 | B71: =المدخلات!$F$5 -> 5:40–7:10 م | C71: 2 | D71: 1 ضد 8
A72: 18 | B72: =المدخلات!$F$4 -> 4:00–5:30 م | C72: 1 | D72: 1 ضد 7
A73: 18 | B73: =المدخلات!$F$4 -> 4:00–5:30 م | C73: 2 | D73: 2 ضد 5
A74: 18 | B74: =المدخلات!$F$5 -> 5:40–7:10 م | C74: 1 | D74: 6 ضد 8
A75: 18 | B75: =المدخلات!$F$5 -> 5:40–7:10 م | C75: 2 | D75: 3 ضد 4
A76: 19 | B76: =المدخلات!$F$4 -> 4:00–5:30 م | C76: 1 | D76: 2 ضد 3
A77: 19 | B77: =المدخلات!$F$4 -> 4:00–5:30 م | C77: 2 | D77: 1 ضد 6
A78: 19 | B78: =المدخلات!$F$5 -> 5:40–7:10 م | C78: 1 | D78: 4 ضد 8
A79: 19 | B79: =المدخلات!$F$5 -> 5:40–7:10 م | C79: 2 | D79: 5 ضد 7
A80: 20 | B80: =المدخلات!$F$4 -> 4:00–5:30 م | C80: 1 | D80: 4 ضد 6
A81: 20 | B81: =المدخلات!$F$4 -> 4:00–5:30 م | C81: 2 | D81: 3 ضد 7
A82: 20 | B82: =المدخلات!$F$5 -> 5:40–7:10 م | C82: 1 | D82: 1 ضد 5
A83: 20 | B83: =المدخلات!$F$5 -> 5:40–7:10 م | C83: 2 | D83: 2 ضد 8
A84: 21 | B84: =المدخلات!$F$4 -> 4:00–5:30 م | C84: 1 | D84: 7 ضد 8
A85: 21 | B85: =المدخلات!$F$4 -> 4:00–5:30 م | C85: 2 | D85: 1 ضد 4
A86: 21 | B86: =المدخلات!$F$5 -> 5:40–7:10 م | C86: 1 | D86: 2 ضد 6
A87: 21 | B87: =المدخلات!$F$5 -> 5:40–7:10 م | C87: 2 | D87: 3 ضد 5
A90: جدول تكرار لقاء الأزواج — كم مرة يلتقي كل فريقين خلال الموسم
A91: فريق \ فريق | B91: 1 | C91: 2 | D91: 3 | E91: 4 | F91: 5 | G91: 6 | H91: 7 | I91: 8
A92: 1 | B92: =IF($A92=B$91,"",COUNTIF($D$4:$D$87,$A92&" ضد "&B$91)+COUNTIF($D$4:$D$87,B$91&" ضد "&$A92)) | C92: =IF($A92=C$91,"",COUNTIF($D$4:$D$87,$A92&" ضد "&C$91)+COUNTIF($D$4:$D$87,C$91&" ضد "&$A92)) -> 3 | D92: =IF($A92=D$91,"",COUNTIF($D$4:$D$87,$A92&" ضد "&D$91)+COUNTIF($D$4:$D$87,D$91&" ضد "&$A92)) -> 3 | E92: =IF($A92=E$91,"",COUNTIF($D$4:$D$87,$A92&" ضد "&E$91)+COUNTIF($D$4:$D$87,E$91&" ضد "&$A92)) -> 3 | F92: =IF($A92=F$91,"",COUNTIF($D$4:$D$87,$A92&" ضد "&F$91)+COUNTIF($D$4:$D$87,F$91&" ضد "&$A92)) -> 3 | G92: =IF($A92=G$91,"",COUNTIF($D$4:$D$87,$A92&" ضد "&G$91)+COUNTIF($D$4:$D$87,G$91&" ضد "&$A92)) -> 3 | H92: =IF($A92=H$91,"",COUNTIF($D$4:$D$87,$A92&" ضد "&H$91)+COUNTIF($D$4:$D$87,H$91&" ضد "&$A92)) -> 3 | I92: =IF($A92=I$91,"",COUNTIF($D$4:$D$87,$A92&" ضد "&I$91)+COUNTIF($D$4:$D$87,I$91&" ضد "&$A92)) -> 3
A93: 2 | B93: =IF($A93=B$91,"",COUNTIF($D$4:$D$87,$A93&" ضد "&B$91)+COUNTIF($D$4:$D$87,B$91&" ضد "&$A93)) -> 3 | C93: =IF($A93=C$91,"",COUNTIF($D$4:$D$87,$A93&" ضد "&C$91)+COUNTIF($D$4:$D$87,C$91&" ضد "&$A93)) | D93: =IF($A93=D$91,"",COUNTIF($D$4:$D$87,$A93&" ضد "&D$91)+COUNTIF($D$4:$D$87,D$91&" ضد "&$A93)) -> 3 | E93: =IF($A93=E$91,"",COUNTIF($D$4:$D$87,$A93&" ضد "&E$91)+COUNTIF($D$4:$D$87,E$91&" ضد "&$A93)) -> 3 | F93: =IF($A93=F$91,"",COUNTIF($D$4:$D$87,$A93&" ضد "&F$91)+COUNTIF($D$4:$D$87,F$91&" ضد "&$A93)) -> 3 | G93: =IF($A93=G$91,"",COUNTIF($D$4:$D$87,$A93&" ضد "&G$91)+COUNTIF($D$4:$D$87,G$91&" ضد "&$A93)) -> 3 | H93: =IF($A93=H$91,"",COUNTIF($D$4:$D$87,$A93&" ضد "&H$91)+COUNTIF($D$4:$D$87,H$91&" ضد "&$A93)) -> 3 | I93: =IF($A93=I$91,"",COUNTIF($D$4:$D$87,$A93&" ضد "&I$91)+COUNTIF($D$4:$D$87,I$91&" ضد "&$A93)) -> 3
A94: 3 | B94: =IF($A94=B$91,"",COUNTIF($D$4:$D$87,$A94&" ضد "&B$91)+COUNTIF($D$4:$D$87,B$91&" ضد "&$A94)) -> 3 | C94: =IF($A94=C$91,"",COUNTIF($D$4:$D$87,$A94&" ضد "&C$91)+COUNTIF($D$4:$D$87,C$91&" ضد "&$A94)) -> 3 | D94: =IF($A94=D$91,"",COUNTIF($D$4:$D$87,$A94&" ضد "&D$91)+COUNTIF($D$4:$D$87,D$91&" ضد "&$A94)) | E94: =IF($A94=E$91,"",COUNTIF($D$4:$D$87,$A94&" ضد "&E$91)+COUNTIF($D$4:$D$87,E$91&" ضد "&$A94)) -> 3 | F94: =IF($A94=F$91,"",COUNTIF($D$4:$D$87,$A94&" ضد "&F$91)+COUNTIF($D$4:$D$87,F$91&" ضد "&$A94)) -> 3 | G94: =IF($A94=G$91,"",COUNTIF($D$4:$D$87,$A94&" ضد "&G$91)+COUNTIF($D$4:$D$87,G$91&" ضد "&$A94)) -> 3 | H94: =IF($A94=H$91,"",COUNTIF($D$4:$D$87,$A94&" ضد "&H$91)+COUNTIF($D$4:$D$87,H$91&" ضد "&$A94)) -> 3 | I94: =IF($A94=I$91,"",COUNTIF($D$4:$D$87,$A94&" ضد "&I$91)+COUNTIF($D$4:$D$87,I$91&" ضد "&$A94)) -> 3
A95: 4 | B95: =IF($A95=B$91,"",COUNTIF($D$4:$D$87,$A95&" ضد "&B$91)+COUNTIF($D$4:$D$87,B$91&" ضد "&$A95)) -> 3 | C95: =IF($A95=C$91,"",COUNTIF($D$4:$D$87,$A95&" ضد "&C$91)+COUNTIF($D$4:$D$87,C$91&" ضد "&$A95)) -> 3 | D95: =IF($A95=D$91,"",COUNTIF($D$4:$D$87,$A95&" ضد "&D$91)+COUNTIF($D$4:$D$87,D$91&" ضد "&$A95)) -> 3 | E95: =IF($A95=E$91,"",COUNTIF($D$4:$D$87,$A95&" ضد "&E$91)+COUNTIF($D$4:$D$87,E$91&" ضد "&$A95)) | F95: =IF($A95=F$91,"",COUNTIF($D$4:$D$87,$A95&" ضد "&F$91)+COUNTIF($D$4:$D$87,F$91&" ضد "&$A95)) -> 3 | G95: =IF($A95=G$91,"",COUNTIF($D$4:$D$87,$A95&" ضد "&G$91)+COUNTIF($D$4:$D$87,G$91&" ضد "&$A95)) -> 3 | H95: =IF($A95=H$91,"",COUNTIF($D$4:$D$87,$A95&" ضد "&H$91)+COUNTIF($D$4:$D$87,H$91&" ضد "&$A95)) -> 3 | I95: =IF($A95=I$91,"",COUNTIF($D$4:$D$87,$A95&" ضد "&I$91)+COUNTIF($D$4:$D$87,I$91&" ضد "&$A95)) -> 3
A96: 5 | B96: =IF($A96=B$91,"",COUNTIF($D$4:$D$87,$A96&" ضد "&B$91)+COUNTIF($D$4:$D$87,B$91&" ضد "&$A96)) -> 3 | C96: =IF($A96=C$91,"",COUNTIF($D$4:$D$87,$A96&" ضد "&C$91)+COUNTIF($D$4:$D$87,C$91&" ضد "&$A96)) -> 3 | D96: =IF($A96=D$91,"",COUNTIF($D$4:$D$87,$A96&" ضد "&D$91)+COUNTIF($D$4:$D$87,D$91&" ضد "&$A96)) -> 3 | E96: =IF($A96=E$91,"",COUNTIF($D$4:$D$87,$A96&" ضد "&E$91)+COUNTIF($D$4:$D$87,E$91&" ضد "&$A96)) -> 3 | F96: =IF($A96=F$91,"",COUNTIF($D$4:$D$87,$A96&" ضد "&F$91)+COUNTIF($D$4:$D$87,F$91&" ضد "&$A96)) | G96: =IF($A96=G$91,"",COUNTIF($D$4:$D$87,$A96&" ضد "&G$91)+COUNTIF($D$4:$D$87,G$91&" ضد "&$A96)) -> 3 | H96: =IF($A96=H$91,"",COUNTIF($D$4:$D$87,$A96&" ضد "&H$91)+COUNTIF($D$4:$D$87,H$91&" ضد "&$A96)) -> 3 | I96: =IF($A96=I$91,"",COUNTIF($D$4:$D$87,$A96&" ضد "&I$91)+COUNTIF($D$4:$D$87,I$91&" ضد "&$A96)) -> 3
A97: 6 | B97: =IF($A97=B$91,"",COUNTIF($D$4:$D$87,$A97&" ضد "&B$91)+COUNTIF($D$4:$D$87,B$91&" ضد "&$A97)) -> 3 | C97: =IF($A97=C$91,"",COUNTIF($D$4:$D$87,$A97&" ضد "&C$91)+COUNTIF($D$4:$D$87,C$91&" ضد "&$A97)) -> 3 | D97: =IF($A97=D$91,"",COUNTIF($D$4:$D$87,$A97&" ضد "&D$91)+COUNTIF($D$4:$D$87,D$91&" ضد "&$A97)) -> 3 | E97: =IF($A97=E$91,"",COUNTIF($D$4:$D$87,$A97&" ضد "&E$91)+COUNTIF($D$4:$D$87,E$91&" ضد "&$A97)) -> 3 | F97: =IF($A97=F$91,"",COUNTIF($D$4:$D$87,$A97&" ضد "&F$91)+COUNTIF($D$4:$D$87,F$91&" ضد "&$A97)) -> 3 | G97: =IF($A97=G$91,"",COUNTIF($D$4:$D$87,$A97&" ضد "&G$91)+COUNTIF($D$4:$D$87,G$91&" ضد "&$A97)) | H97: =IF($A97=H$91,"",COUNTIF($D$4:$D$87,$A97&" ضد "&H$91)+COUNTIF($D$4:$D$87,H$91&" ضد "&$A97)) -> 3 | I97: =IF($A97=I$91,"",COUNTIF($D$4:$D$87,$A97&" ضد "&I$91)+COUNTIF($D$4:$D$87,I$91&" ضد "&$A97)) -> 3
A98: 7 | B98: =IF($A98=B$91,"",COUNTIF($D$4:$D$87,$A98&" ضد "&B$91)+COUNTIF($D$4:$D$87,B$91&" ضد "&$A98)) -> 3 | C98: =IF($A98=C$91,"",COUNTIF($D$4:$D$87,$A98&" ضد "&C$91)+COUNTIF($D$4:$D$87,C$91&" ضد "&$A98)) -> 3 | D98: =IF($A98=D$91,"",COUNTIF($D$4:$D$87,$A98&" ضد "&D$91)+COUNTIF($D$4:$D$87,D$91&" ضد "&$A98)) -> 3 | E98: =IF($A98=E$91,"",COUNTIF($D$4:$D$87,$A98&" ضد "&E$91)+COUNTIF($D$4:$D$87,E$91&" ضد "&$A98)) -> 3 | F98: =IF($A98=F$91,"",COUNTIF($D$4:$D$87,$A98&" ضد "&F$91)+COUNTIF($D$4:$D$87,F$91&" ضد "&$A98)) -> 3 | G98: =IF($A98=G$91,"",COUNTIF($D$4:$D$87,$A98&" ضد "&G$91)+COUNTIF($D$4:$D$87,G$91&" ضد "&$A98)) -> 3 | H98: =IF($A98=H$91,"",COUNTIF($D$4:$D$87,$A98&" ضد "&H$91)+COUNTIF($D$4:$D$87,H$91&" ضد "&$A98)) | I98: =IF($A98=I$91,"",COUNTIF($D$4:$D$87,$A98&" ضد "&I$91)+COUNTIF($D$4:$D$87,I$91&" ضد "&$A98)) -> 3
A99: 8 | B99: =IF($A99=B$91,"",COUNTIF($D$4:$D$87,$A99&" ضد "&B$91)+COUNTIF($D$4:$D$87,B$91&" ضد "&$A99)) -> 3 | C99: =IF($A99=C$91,"",COUNTIF($D$4:$D$87,$A99&" ضد "&C$91)+COUNTIF($D$4:$D$87,C$91&" ضد "&$A99)) -> 3 | D99: =IF($A99=D$91,"",COUNTIF($D$4:$D$87,$A99&" ضد "&D$91)+COUNTIF($D$4:$D$87,D$91&" ضد "&$A99)) -> 3 | E99: =IF($A99=E$91,"",COUNTIF($D$4:$D$87,$A99&" ضد "&E$91)+COUNTIF($D$4:$D$87,E$91&" ضد "&$A99)) -> 3 | F99: =IF($A99=F$91,"",COUNTIF($D$4:$D$87,$A99&" ضد "&F$91)+COUNTIF($D$4:$D$87,F$91&" ضد "&$A99)) -> 3 | G99: =IF($A99=G$91,"",COUNTIF($D$4:$D$87,$A99&" ضد "&G$91)+COUNTIF($D$4:$D$87,G$91&" ضد "&$A99)) -> 3 | H99: =IF($A99=H$91,"",COUNTIF($D$4:$D$87,$A99&" ضد "&H$91)+COUNTIF($D$4:$D$87,H$91&" ضد "&$A99)) -> 3 | I99: =IF($A99=I$91,"",COUNTIF($D$4:$D$87,$A99&" ضد "&I$91)+COUNTIF($D$4:$D$87,I$91&" ضد "&$A99))
A100: أقل تكرار | B100: =_xlfn.MINIFS(B92:I99,B92:I99,">0") -> 3
A101: أعلى تكرار | B101: =MAX(B92:I99) -> 3

Sheet 10 فرق
A1: بطولة 10 فرق – تحت 14
A3: اليوم | B3: الوقت | C3: الملعب | D3: المباراة
A4: 1 | B4: =المدخلات!$F$4 -> 4:00–5:30 م | C4: 1 | D4: 1 ضد 10
A5: 1 | B5: =المدخلات!$F$4 -> 4:00–5:30 م | C5: 2 | D5: 2 ضد 9
A6: 1 | B6: =المدخلات!$F$5 -> 5:40–7:10 م | C6: 1 | D6: 3 ضد 8
A7: 1 | B7: =المدخلات!$F$5 -> 5:40–7:10 م | C7: 2 | D7: 4 ضد 7
A8: 1 | B8: =المدخلات!$F$6 -> 7:20–8:50 م | C8: 1 | D8: 5 ضد 6
A9: 2 | B9: =المدخلات!$F$4 -> 4:00–5:30 م | C9: 1 | D9: 4 ضد 5
A10: 2 | B10: =المدخلات!$F$4 -> 4:00–5:30 م | C10: 2 | D10: 3 ضد 6
A11: 2 | B11: =المدخلات!$F$5 -> 5:40–7:10 م | C11: 1 | D11: 1 ضد 9
A12: 2 | B12: =المدخلات!$F$5 -> 5:40–7:10 م | C12: 2 | D12: 8 ضد 10
A13: 2 | B13: =المدخلات!$F$6 -> 7:20–8:50 م | C13: 1 | D13: 2 ضد 7
A14: 3 | B14: =المدخلات!$F$4 -> 4:00–5:30 م | C14: 1 | D14: 7 ضد 9
A15: 3 | B15: =المدخلات!$F$4 -> 4:00–5:30 م | C15: 2 | D15: 1 ضد 8
A16: 3 | B16: =المدخلات!$F$5 -> 5:40–7:10 م | C16: 1 | D16: 6 ضد 10
A17: 3 | B17: =المدخلات!$F$5 -> 5:40–7:10 م | C17: 2 | D17: 2 ضد 5
A18: 3 | B18: =المدخلات!$F$6 -> 7:20–8:50 م | C18: 1 | D18: 3 ضد 4
A19: 4 | B19: =المدخلات!$F$4 -> 4:00–5:30 م | C19: 1 | D19: 6 ضد 8
A20: 4 | B20: =المدخلات!$F$4 -> 4:00–5:30 م | C20: 2 | D20: 4 ضد 10
A21: 4 | B21: =المدخلات!$F$5 -> 5:40–7:10 م | C21: 1 | D21: 2 ضد 3
A22: 4 | B22: =المدخلات!$F$5 -> 5:40–7:10 م | C22: 2 | D22: 1 ضد 7
A23: 4 | B23: =المدخلات!$F$6 -> 7:20–8:50 م | C23: 1 | D23: 5 ضد 9
A24: 5 | B24: =المدخلات!$F$4 -> 4:00–5:30 م | C24: 1 | D24: 2 ضد 10
A25: 5 | B25: =المدخلات!$F$4 -> 4:00–5:30 م | C25: 2 | D25: 5 ضد 7
A26: 5 | B26: =المدخلات!$F$5 -> 5:40–7:10 م | C26: 1 | D26: 1 ضد 6
A27: 5 | B27: =المدخلات!$F$5 -> 5:40–7:10 م | C27: 2 | D27: 3 ضد 9
A28: 5 | B28: =المدخلات!$F$6 -> 7:20–8:50 م | C28: 1 | D28: 4 ضد 8
A29: 6 | B29: =المدخلات!$F$4 -> 4:00–5:30 م | C29: 1 | D29: 3 ضد 7
A30: 6 | B30: =المدخلات!$F$4 -> 4:00–5:30 م | C30: 2 | D30: 2 ضد 8
A31: 6 | B31: =المدخلات!$F$5 -> 5:40–7:10 م | C31: 1 | D31: 1 ضد 5
A32: 6 | B32: =المدخلات!$F$5 -> 5:40–7:10 م | C32: 2 | D32: 4 ضد 6
A33: 6 | B33: =المدخلات!$F$6 -> 7:20–8:50 م | C33: 1 | D33: 9 ضد 10
A34: 7 | B34: =المدخلات!$F$4 -> 4:00–5:30 م | C34: 1 | D34: 1 ضد 4
A35: 7 | B35: =المدخلات!$F$4 -> 4:00–5:30 م | C35: 2 | D35: 3 ضد 5
A36: 7 | B36: =المدخلات!$F$5 -> 5:40–7:10 م | C36: 1 | D36: 7 ضد 10
A37: 7 | B37: =المدخلات!$F$5 -> 5:40–7:10 م | C37: 2 | D37: 8 ضد 9
A38: 7 | B38: =المدخلات!$F$6 -> 7:20–8:50 م | C38: 1 | D38: 2 ضد 6
A39: 8 | B39: =المدخلات!$F$4 -> 4:00–5:30 م | C39: 1 | D39: 7 ضد 8
A40: 8 | B40: =المدخلات!$F$4 -> 4:00–5:30 م | C40: 2 | D40: 6 ضد 9
A41: 8 | B41: =المدخلات!$F$5 -> 5:40–7:10 م | C41: 1 | D41: 2 ضد 4
A42: 8 | B42: =المدخلات!$F$5 -> 5:40–7:10 م | C42: 2 | D42: 5 ضد 10
A43: 8 | B43: =المدخلات!$F$6 -> 7:20–8:50 م | C43: 1 | D43: 1 ضد 3
A44: 9 | B44: =المدخلات!$F$4 -> 4:00–5:30 م | C44: 1 | D44: 4 ضد 9
A45: 9 | B45: =المدخلات!$F$4 -> 4:00–5:30 م | C45: 2 | D45: 1 ضد 2
A46: 9 | B46: =المدخلات!$F$5 -> 5:40–7:10 م | C46: 1 | D46: 5 ضد 8
A47: 9 | B47: =المدخلات!$F$5 -> 5:40–7:10 م | C47: 2 | D47: 6 ضد 7
A48: 9 | B48: =المدخلات!$F$6 -> 7:20–8:50 م | C48: 1 | D48: 3 ضد 10
A49: 10 | B49: =المدخلات!$F$4 -> 4:00–5:30 م | C49: 1 | D49: 6 ضد 7
A50: 10 | B50: =المدخلات!$F$4 -> 4:00–5:30 م | C50: 2 | D50: 3 ضد 10
A51: 10 | B51: =المدخلات!$F$5 -> 5:40–7:10 م | C51: 1 | D51: 4 ضد 9
A52: 10 | B52: =المدخلات!$F$5 -> 5:40–7:10 م | C52: 2 | D52: 1 ضد 2
A53: 10 | B53: =المدخلات!$F$6 -> 7:20–8:50 م | C53: 1 | D53: 5 ضد 8
A54: 11 | B54: =المدخلات!$F$4 -> 4:00–5:30 م | C54: 1 | D54: 2 ضد 9
A55: 11 | B55: =المدخلات!$F$4 -> 4:00–5:30 م | C55: 2 | D55: 5 ضد 6
A56: 11 | B56: =المدخلات!$F$5 -> 5:40–7:10 م | C56: 1 | D56: 3 ضد 8
A57: 11 | B57: =المدخلات!$F$5 -> 5:40–7:10 م | C57: 2 | D57: 4 ضد 7
A58: 11 | B58: =المدخلات!$F$6 -> 7:20–8:50 م | C58: 1 | D58: 1 ضد 10
A59: 12 | B59: =المدخلات!$F$4 -> 4:00–5:30 م | C59: 1 | D59: 4 ضد 5
A60: 12 | B60: =المدخلات!$F$4 -> 4:00–5:30 م | C60: 2 | D60: 8 ضد 10
A61: 12 | B61: =المدخلات!$F$5 -> 5:40–7:10 م | C61: 1 | D61: 3 ضد 6
A62: 12 | B62: =المدخلات!$F$5 -> 5:40–7:10 م | C62: 2 | D62: 1 ضد 9
A63: 12 | B63: =المدخلات!$F$6 -> 7:20–8:50 م | C63: 1 | D63: 2 ضد 7
A64: 13 | B64: =المدخلات!$F$4 -> 4:00–5:30 م | C64: 1 | D64: 1 ضد 8
A65: 13 | B65: =المدخلات!$F$4 -> 4:00–5:30 م | C65: 2 | D65: 3 ضد 4
A66: 13 | B66: =المدخلات!$F$5 -> 5:40–7:10 م | C66: 1 | D66: 6 ضد 10
A67: 13 | B67: =المدخلات!$F$5 -> 5:40–7:10 م | C67: 2 | D67: 2 ضد 5
A68: 13 | B68: =المدخلات!$F$6 -> 7:20–8:50 م | C68: 1 | D68: 7 ضد 9
A69: 14 | B69: =المدخلات!$F$4 -> 4:00–5:30 م | C69: 1 | D69: 2 ضد 3
A70: 14 | B70: =المدخلات!$F$4 -> 4:00–5:30 م | C70: 2 | D70: 1 ضد 7
A71: 14 | B71: =المدخلات!$F$5 -> 5:40–7:10 م | C71: 1 | D71: 5 ضد 9
A72: 14 | B72: =المدخلات!$F$5 -> 5:40–7:10 م | C72: 2 | D72: 4 ضد 10
A73: 14 | B73: =المدخلات!$F$6 -> 7:20–8:50 م | C73: 1 | D73: 6 ضد 8
A74: 15 | B74: =المدخلات!$F$4 -> 4:00–5:30 م | C74: 1 | D74: 2 ضد 10
A75: 15 | B75: =المدخلات!$F$4 -> 4:00–5:30 م | C75: 2 | D75: 3 ضد 9
A76: 15 | B76: =المدخلات!$F$5 -> 5:40–7:10 م | C76: 1 | D76: 5 ضد 7
A77: 15 | B77: =المدخلات!$F$5 -> 5:40–7:10 م | C77: 2 | D77: 4 ضد 8
A78: 15 | B78: =المدخلات!$F$6 -> 7:20–8:50 م | C78: 1 | D78: 1 ضد 6
A79: 16 | B79: =المدخلات!$F$4 -> 4:00–5:30 م | C79: 1 | D79: 1 ضد 5
A80: 16 | B80: =المدخلات!$F$4 -> 4:00–5:30 م | C80: 2 | D80: 4 ضد 6
A81: 16 | B81: =المدخلات!$F$5 -> 5:40–7:10 م | C81: 1 | D81: 2 ضد 8
A82: 16 | B82: =المدخلات!$F$5 -> 5:40–7:10 م | C82: 2 | D82: 3 ضد 7
A83: 16 | B83: =المدخلات!$F$6 -> 7:20–8:50 م | C83: 1 | D83: 9 ضد 10
A84: 17 | B84: =المدخلات!$F$4 -> 4:00–5:30 م | C84: 1 | D84: 7 ضد 10
A85: 17 | B85: =المدخلات!$F$4 -> 4:00–5:30 م | C85: 2 | D85: 8 ضد 9
A86: 17 | B86: =المدخلات!$F$5 -> 5:40–7:10 م | C86: 1 | D86: 3 ضد 5
A87: 17 | B87: =المدخلات!$F$5 -> 5:40–7:10 م | C87: 2 | D87: 2 ضد 6
A88: 17 | B88: =المدخلات!$F$6 -> 7:20–8:50 م | C88: 1 | D88: 1 ضد 4
A89: 18 | B89: =المدخلات!$F$4 -> 4:00–5:30 م | C89: 1 | D89: 6 ضد 9
A90: 18 | B90: =المدخلات!$F$4 -> 4:00–5:30 م | C90: 2 | D90: 5 ضد 10
A91: 18 | B91: =المدخلات!$F$5 -> 5:40–7:10 م | C91: 1 | D91: 7 ضد 8
A92: 18 | B92: =المدخلات!$F$5 -> 5:40–7:10 م | C92: 2 | D92: 1 ضد 3
A93: 18 | B93: =المدخلات!$F$6 -> 7:20–8:50 م | C93: 1 | D93: 2 ضد 4
A96: جدول تكرار لقاء الأزواج — كم مرة يلتقي كل فريقين خلال الموسم
A97: فريق \ فريق | B97: 1 | C97: 2 | D97: 3 | E97: 4 | F97: 5 | G97: 6 | H97: 7 | I97: 8 | J97: 9 | K97: 10
A98: 1 | B98: =IF($A98=B$97,"",COUNTIF($D$4:$D$93,$A98&" ضد "&B$97)+COUNTIF($D$4:$D$93,B$97&" ضد "&$A98)) | C98: =IF($A98=C$97,"",COUNTIF($D$4:$D$93,$A98&" ضد "&C$97)+COUNTIF($D$4:$D$93,C$97&" ضد "&$A98)) -> 2 | D98: =IF($A98=D$97,"",COUNTIF($D$4:$D$93,$A98&" ضد "&D$97)+COUNTIF($D$4:$D$93,D$97&" ضد "&$A98)) -> 2 | E98: =IF($A98=E$97,"",COUNTIF($D$4:$D$93,$A98&" ضد "&E$97)+COUNTIF($D$4:$D$93,E$97&" ضد "&$A98)) -> 2 | F98: =IF($A98=F$97,"",COUNTIF($D$4:$D$93,$A98&" ضد "&F$97)+COUNTIF($D$4:$D$93,F$97&" ضد "&$A98)) -> 2 | G98: =IF($A98=G$97,"",COUNTIF($D$4:$D$93,$A98&" ضد "&G$97)+COUNTIF($D$4:$D$93,G$97&" ضد "&$A98)) -> 2 | H98: =IF($A98=H$97,"",COUNTIF($D$4:$D$93,$A98&" ضد "&H$97)+COUNTIF($D$4:$D$93,H$97&" ضد "&$A98)) -> 2 | I98: =IF($A98=I$97,"",COUNTIF($D$4:$D$93,$A98&" ضد "&I$97)+COUNTIF($D$4:$D$93,I$97&" ضد "&$A98)) -> 2 | ... K98: =IF($A98=K$97,"",COUNTIF($D$4:$D$93,$A98&" ضد "&K$97)+COUNTIF($D$4:$D$93,K$97&" ضد "&$A98)) -> 2
A99: 2 | B99: =IF($A99=B$97,"",COUNTIF($D$4:$D$93,$A99&" ضد "&B$97)+COUNTIF($D$4:$D$93,B$97&" ضد "&$A99)) -> 2 | C99: =IF($A99=C$97,"",COUNTIF($D$4:$D$93,$A99&" ضد "&C$97)+COUNTIF($D$4:$D$93,C$97&" ضد "&$A99)) | D99: =IF($A99=D$97,"",COUNTIF($D$4:$D$93,$A99&" ضد "&D$97)+COUNTIF($D$4:$D$93,D$97&" ضد "&$A99)) -> 2 | E99: =IF($A99=E$97,"",COUNTIF($D$4:$D$93,$A99&" ضد "&E$97)+COUNTIF($D$4:$D$93,E$97&" ضد "&$A99)) -> 2 | F99: =IF($A99=F$97,"",COUNTIF($D$4:$D$93,$A99&" ضد "&F$97)+COUNTIF($D$4:$D$93,F$97&" ضد "&$A99)) -> 2 | G99: =IF($A99=G$97,"",COUNTIF($D$4:$D$93,$A99&" ضد "&G$97)+COUNTIF($D$4:$D$93,G$97&" ضد "&$A99)) -> 2 | H99: =IF($A99=H$97,"",COUNTIF($D$4:$D$93,$A99&" ضد "&H$97)+COUNTIF($D$4:$D$93,H$97&" ضد "&$A99)) -> 2 | I99: =IF($A99=I$97,"",COUNTIF($D$4:$D$93,$A99&" ضد "&I$97)+COUNTIF($D$4:$D$93,I$97&" ضد "&$A99)) -> 2 | ... K99: =IF($A99=K$97,"",COUNTIF($D$4:$D$93,$A99&" ضد "&K$97)+COUNTIF($D$4:$D$93,K$97&" ضد "&$A99)) -> 2
A100: 3 | B100: =IF($A100=B$97,"",COUNTIF($D$4:$D$93,$A100&" ضد "&B$97)+COUNTIF($D$4:$D$93,B$97&" ضد "&$A100)) -> 2 | C100: =IF($A100=C$97,"",COUNTIF($D$4:$D$93,$A100&" ضد "&C$97)+COUNTIF($D$4:$D$93,C$97&" ضد "&$A100)) -> 2 | D100: =IF($A100=D$97,"",COUNTIF($D$4:$D$93,$A100&" ضد "&D$97)+COUNTIF($D$4:$D$93,D$97&" ضد "&$A100)) | E100: =IF($A100=E$97,"",COUNTIF($D$4:$D$93,$A100&" ضد "&E$97)+COUNTIF($D$4:$D$93,E$97&" ضد "&$A100)) -> 2 | F100: =IF($A100=F$97,"",COUNTIF($D$4:$D$93,$A100&" ضد "&F$97)+COUNTIF($D$4:$D$93,F$97&" ضد "&$A100)) -> 2 | G100: =IF($A100=G$97,"",COUNTIF($D$4:$D$93,$A100&" ضد "&G$97)+COUNTIF($D$4:$D$93,G$97&" ضد "&$A100)) -> 2 | H100: =IF($A100=H$97,"",COUNTIF($D$4:$D$93,$A100&" ضد "&H$97)+COUNTIF($D$4:$D$93,H$97&" ضد "&$A100)) -> 2 | I100: =IF($A100=I$97,"",COUNTIF($D$4:$D$93,$A100&" ضد "&I$97)+COUNTIF($D$4:$D$93,I$97&" ضد "&$A100)) -> 2 | ... K100: =IF($A100=K$97,"",COUNTIF($D$4:$D$93,$A100&" ضد "&K$97)+COUNTIF($D$4:$D$93,K$97&" ضد "&$A100)) -> 2
A101: 4 | B101: =IF($A101=B$97,"",COUNTIF($D$4:$D$93,$A101&" ضد "&B$97)+COUNTIF($D$4:$D$93,B$97&" ضد "&$A101)) -> 2 | C101: =IF($A101=C$97,"",COUNTIF($D$4:$D$93,$A101&" ضد "&C$97)+COUNTIF($D$4:$D$93,C$97&" ضد "&$A101)) -> 2 | D101: =IF($A101=D$97,"",COUNTIF($D$4:$D$93,$A101&" ضد "&D$97)+COUNTIF($D$4:$D$93,D$97&" ضد "&$A101)) -> 2 | E101: =IF($A101=E$97,"",COUNTIF($D$4:$D$93,$A101&" ضد "&E$97)+COUNTIF($D$4:$D$93,E$97&" ضد "&$A101)) | F101: =IF($A101=F$97,"",COUNTIF($D$4:$D$93,$A101&" ضد "&F$97)+COUNTIF($D$4:$D$93,F$97&" ضد "&$A101)) -> 2 | G101: =IF($A101=G$97,"",COUNTIF($D$4:$D$93,$A101&" ضد "&G$97)+COUNTIF($D$4:$D$93,G$97&" ضد "&$A101)) -> 2 | H101: =IF($A101=H$97,"",COUNTIF($D$4:$D$93,$A101&" ضد "&H$97)+COUNTIF($D$4:$D$93,H$97&" ضد "&$A101)) -> 2 | I101: =IF($A101=I$97,"",COUNTIF($D$4:$D$93,$A101&" ضد "&I$97)+COUNTIF($D$4:$D$93,I$97&" ضد "&$A101)) -> 2 | ... K101: =IF($A101=K$97,"",COUNTIF($D$4:$D$93,$A101&" ضد "&K$97)+COUNTIF($D$4:$D$93,K$97&" ضد "&$A101)) -> 2
A102: 5 | B102: =IF($A102=B$97,"",COUNTIF($D$4:$D$93,$A102&" ضد "&B$97)+COUNTIF($D$4:$D$93,B$97&" ضد "&$A102)) -> 2 | C102: =IF($A102=C$97,"",COUNTIF($D$4:$D$93,$A102&" ضد "&C$97)+COUNTIF($D$4:$D$93,C$97&" ضد "&$A102)) -> 2 | D102: =IF($A102=D$97,"",COUNTIF($D$4:$D$93,$A102&" ضد "&D$97)+COUNTIF($D$4:$D$93,D$97&" ضد "&$A102)) -> 2 | E102: =IF($A102=E$97,"",COUNTIF($D$4:$D$93,$A102&" ضد "&E$97)+COUNTIF($D$4:$D$93,E$97&" ضد "&$A102)) -> 2 | F102: =IF($A102=F$97,"",COUNTIF($D$4:$D$93,$A102&" ضد "&F$97)+COUNTIF($D$4:$D$93,F$97&" ضد "&$A102)) | G102: =IF($A102=G$97,"",COUNTIF($D$4:$D$93,$A102&" ضد "&G$97)+COUNTIF($D$4:$D$93,G$97&" ضد "&$A102)) -> 2 | H102: =IF($A102=H$97,"",COUNTIF($D$4:$D$93,$A102&" ضد "&H$97)+COUNTIF($D$4:$D$93,H$97&" ضد "&$A102)) -> 2 | I102: =IF($A102=I$97,"",COUNTIF($D$4:$D$93,$A102&" ضد "&I$97)+COUNTIF($D$4:$D$93,I$97&" ضد "&$A102)) -> 2 | ... K102: =IF($A102=K$97,"",COUNTIF($D$4:$D$93,$A102&" ضد "&K$97)+COUNTIF($D$4:$D$93,K$97&" ضد "&$A102)) -> 2
A103: 6 | B103: =IF($A103=B$97,"",COUNTIF($D$4:$D$93,$A103&" ضد "&B$97)+COUNTIF($D$4:$D$93,B$97&" ضد "&$A103)) -> 2 | C103: =IF($A103=C$97,"",COUNTIF($D$4:$D$93,$A103&" ضد "&C$97)+COUNTIF($D$4:$D$93,C$97&" ضد "&$A103)) -> 2 | D103: =IF($A103=D$97,"",COUNTIF($D$4:$D$93,$A103&" ضد "&D$97)+COUNTIF($D$4:$D$93,D$97&" ضد "&$A103)) -> 2 | E103: =IF($A103=E$97,"",COUNTIF($D$4:$D$93,$A103&" ضد "&E$97)+COUNTIF($D$4:$D$93,E$97&" ضد "&$A103)) -> 2 | F103: =IF($A103=F$97,"",COUNTIF($D$4:$D$93,$A103&" ضد "&F$97)+COUNTIF($D$4:$D$93,F$97&" ضد "&$A103)) -> 2 | G103: =IF($A103=G$97,"",COUNTIF($D$4:$D$93,$A103&" ضد "&G$97)+COUNTIF($D$4:$D$93,G$97&" ضد "&$A103)) | H103: =IF($A103=H$97,"",COUNTIF($D$4:$D$93,$A103&" ضد "&H$97)+COUNTIF($D$4:$D$93,H$97&" ضد "&$A103)) -> 2 | I103: =IF($A103=I$97,"",COUNTIF($D$4:$D$93,$A103&" ضد "&I$97)+COUNTIF($D$4:$D$93,I$97&" ضد "&$A103)) -> 2 | ... K103: =IF($A103=K$97,"",COUNTIF($D$4:$D$93,$A103&" ضد "&K$97)+COUNTIF($D$4:$D$93,K$97&" ضد "&$A103)) -> 2
...

Sheet 13 فريقًا
A1: بطولة 13 فريقًا – تحت 14
A3: اليوم | B3: الوقت | C3: الملعب | D3: المجموعة / الدور | E3: المباراة | G3: المتأهلان: متصدر كل مجموعة، ويلتقيان في النهائي مباشرة.
A4: 1 | B4: =المدخلات!$F$4 -> 4:00–5:30 م | C4: 1 | D4: المجموعة 1 | E4: 2 ضد 7
A5: 1 | B5: =المدخلات!$F$4 -> 4:00–5:30 م | C5: 2 | D5: المجموعة 1 | E5: 3 ضد 6
A6: 1 | B6: =المدخلات!$F$5 -> 5:40–7:10 م | C6: 1 | D6: المجموعة 1 | E6: 4 ضد 5
A7: 1 | B7: =المدخلات!$F$5 -> 5:40–7:10 م | C7: 2 | D7: المجموعة 2 | E7: 9 ضد 12
A8: 1 | B8: =المدخلات!$F$6 -> 7:20–8:50 م | C8: 1 | D8: المجموعة 2 | E8: 8 ضد 13
A9: 1 | B9: =المدخلات!$F$6 -> 7:20–8:50 م | C9: 2 | D9: المجموعة 2 | E9: 10 ضد 11
A10: 2 | B10: =المدخلات!$F$4 -> 4:00–5:30 م | C10: 1 | D10: المجموعة 2 | E10: 9 ضد 10
A11: 2 | B11: =المدخلات!$F$4 -> 4:00–5:30 م | C11: 2 | D11: المجموعة 2 | E11: 8 ضد 12
A12: 2 | B12: =المدخلات!$F$5 -> 5:40–7:10 م | C12: 1 | D12: المجموعة 2 | E12: 11 ضد 13
A13: 2 | B13: =المدخلات!$F$5 -> 5:40–7:10 م | C13: 2 | D13: المجموعة 1 | E13: 1 ضد 7
A14: 2 | B14: =المدخلات!$F$6 -> 7:20–8:50 م | C14: 1 | D14: المجموعة 1 | E14: 3 ضد 4
A15: 2 | B15: =المدخلات!$F$6 -> 7:20–8:50 م | C15: 2 | D15: المجموعة 1 | E15: 2 ضد 5
A16: 3 | B16: =المدخلات!$F$4 -> 4:00–5:30 م | C16: 1 | D16: المجموعة 1 | E16: 5 ضد 7
A17: 3 | B17: =المدخلات!$F$4 -> 4:00–5:30 م | C17: 2 | D17: المجموعة 2 | E17: 8 ضد 11
A18: 3 | B18: =المدخلات!$F$5 -> 5:40–7:10 م | C18: 1 | D18: المجموعة 2 | E18: 10 ضد 12
A19: 3 | B19: =المدخلات!$F$5 -> 5:40–7:10 م | C19: 2 | D19: المجموعة 1 | E19: 2 ضد 3
A20: 3 | B20: =المدخلات!$F$6 -> 7:20–8:50 م | C20: 1 | D20: المجموعة 1 | E20: 1 ضد 6
A21: 3 | B21: =المدخلات!$F$6 -> 7:20–8:50 م | C21: 2 | D21: المجموعة 2 | E21: 9 ضد 13
A22: 4 | B22: =المدخلات!$F$4 -> 4:00–5:30 م | C22: 1 | D22: المجموعة 2 | E22: 12 ضد 13
A23: 4 | B23: =المدخلات!$F$4 -> 4:00–5:30 م | C23: 2 | D23: المجموعة 1 | E23: 1 ضد 5
A24: 4 | B24: =المدخلات!$F$5 -> 5:40–7:10 م | C24: 1 | D24: المجموعة 2 | E24: 8 ضد 10
A25: 4 | B25: =المدخلات!$F$5 -> 5:40–7:10 م | C25: 2 | D25: المجموعة 1 | E25: 4 ضد 6
A26: 4 | B26: =المدخلات!$F$6 -> 7:20–8:50 م | C26: 1 | D26: المجموعة 2 | E26: 9 ضد 11
A27: 4 | B27: =المدخلات!$F$6 -> 7:20–8:50 م | C27: 2 | D27: المجموعة 1 | E27: 3 ضد 7
A28: 5 | B28: =المدخلات!$F$4 -> 4:00–5:30 م | C28: 1 | D28: المجموعة 1 | E28: 1 ضد 4
A29: 5 | B29: =المدخلات!$F$4 -> 4:00–5:30 م | C29: 2 | D29: المجموعة 2 | E29: 10 ضد 13
A30: 5 | B30: =المدخلات!$F$5 -> 5:40–7:10 م | C30: 1 | D30: المجموعة 1 | E30: 3 ضد 5
A31: 5 | B31: =المدخلات!$F$5 -> 5:40–7:10 م | C31: 2 | D31: المجموعة 2 | E31: 8 ضد 9
A32: 5 | B32: =المدخلات!$F$6 -> 7:20–8:50 م | C32: 1 | D32: المجموعة 1 | E32: 2 ضد 6
A33: 5 | B33: =المدخلات!$F$6 -> 7:20–8:50 م | C33: 2 | D33: المجموعة 2 | E33: 11 ضد 12
A34: 6 | B34: =المدخلات!$F$4 -> 4:00–5:30 م | C34: 1 | D34: المجموعة 1 | E34: 1 ضد 3
A35: 6 | B35: =المدخلات!$F$4 -> 4:00–5:30 م | C35: 2 | D35: المجموعة 1 | E35: 2 ضد 4
A36: 6 | B36: =المدخلات!$F$5 -> 5:40–7:10 م | C36: 1 | D36: المجموعة 1 | E36: 6 ضد 7
A37: 6 | B37: =المدخلات!$F$5 -> 5:40–7:10 م | C37: 2 | D37: المجموعة 2 | E37: 11 ضد 12
A38: 6 | B38: =المدخلات!$F$6 -> 7:20–8:50 م | C38: 1 | D38: المجموعة 2 | E38: 8 ضد 9
A39: 6 | B39: =المدخلات!$F$6 -> 7:20–8:50 م | C39: 2 | D39: المجموعة 2 | E39: 10 ضد 13
A40: 7 | B40: =المدخلات!$F$4 -> 4:00–5:30 م | C40: 1 | D40: المجموعة 1 | E40: 4 ضد 7
A41: 7 | B41: =المدخلات!$F$4 -> 4:00–5:30 م | C41: 2 | D41: المجموعة 1 | E41: 5 ضد 6
A42: 7 | B42: =المدخلات!$F$5 -> 5:40–7:10 م | C42: 1 | D42: المجموعة 1 | E42: 1 ضد 2
A43: 7 | B43: =المدخلات!$F$5 -> 5:40–7:10 م | C43: 2 | D43: المجموعة 2 | E43: 8 ضد 13
A44: 7 | B44: =المدخلات!$F$6 -> 7:20–8:50 م | C44: 1 | D44: المجموعة 2 | E44: 9 ضد 12
A45: 7 | B45: =المدخلات!$F$6 -> 7:20–8:50 م | C45: 2 | D45: المجموعة 2 | E45: 10 ضد 11
A46: 8 | B46: =المدخلات!$F$4 -> 4:00–5:30 م | C46: 1 | D46: المجموعة 2 | E46: 8 ضد 12
A47: 8 | B47: =المدخلات!$F$4 -> 4:00–5:30 م | C47: 2 | D47: المجموعة 2 | E47: 9 ضد 10
A48: 8 | B48: =المدخلات!$F$5 -> 5:40–7:10 م | C48: 1 | D48: المجموعة 2 | E48: 11 ضد 13
A49: 8 | B49: =المدخلات!$F$5 -> 5:40–7:10 م | C49: 2 | D49: المجموعة 1 | E49: 1 ضد 2
A50: 8 | B50: =المدخلات!$F$6 -> 7:20–8:50 م | C50: 1 | D50: المجموعة 1 | E50: 5 ضد 6
A51: 8 | B51: =المدخلات!$F$6 -> 7:20–8:50 م | C51: 2 | D51: المجموعة 1 | E51: 4 ضد 7
A52: 9 | B52: =المدخلات!$F$4 -> 4:00–5:30 م | C52: 1 | D52: المجموعة 2 | E52: 8 ضد 11
A53: 9 | B53: =المدخلات!$F$4 -> 4:00–5:30 م | C53: 2 | D53: المجموعة 2 | E53: 9 ضد 13
A54: 9 | B54: =المدخلات!$F$5 -> 5:40–7:10 م | C54: 1 | D54: المجموعة 2 | E54: 10 ضد 12
A55: 9 | B55: =المدخلات!$F$5 -> 5:40–7:10 م | C55: 2 | D55: المجموعة 1 | E55: 3 ضد 6
A56: 9 | B56: =المدخلات!$F$6 -> 7:20–8:50 م | C56: 1 | D56: المجموعة 1 | E56: 2 ضد 7
A57: 9 | B57: =المدخلات!$F$6 -> 7:20–8:50 م | C57: 2 | D57: المجموعة 1 | E57: 4 ضد 5
A58: 10 | B58: =المدخلات!$F$4 -> 4:00–5:30 م | C58: 1 | D58: المجموعة 1 | E58: 3 ضد 4
A59: 10 | B59: =المدخلات!$F$4 -> 4:00–5:30 م | C59: 2 | D59: المجموعة 1 | E59: 2 ضد 5
A60: 10 | B60: =المدخلات!$F$5 -> 5:40–7:10 م | C60: 1 | D60: المجموعة 2 | E60: 9 ضد 11
A61: 10 | B61: =المدخلات!$F$5 -> 5:40–7:10 م | C61: 2 | D61: المجموعة 2 | E61: 8 ضد 10
A62: 10 | B62: =المدخلات!$F$6 -> 7:20–8:50 م | C62: 1 | D62: المجموعة 2 | E62: 12 ضد 13
A63: 10 | B63: =المدخلات!$F$6 -> 7:20–8:50 م | C63: 2 | D63: المجموعة 1 | E63: 1 ضد 7
A64: 11 | B64: =المدخلات!$F$4 -> 4:00–5:30 م | C64: 1 | D64: المجموعة 1 | E64: 2 ضد 3
A65: 11 | B65: =المدخلات!$F$4 -> 4:00–5:30 م | C65: 2 | D65: المجموعة 1 | E65: 1 ضد 6
A66: 11 | B66: =المدخلات!$F$5 -> 5:40–7:10 م | C66: 1 | D66: المجموعة 1 | E66: 5 ضد 7
A67: 11 | B67: =المدخلات!$F$5 -> 5:40–7:10 م | C67: 2 | D67: المجموعة 2 | E67: 9 ضد 11
A68: 11 | B68: =المدخلات!$F$6 -> 7:20–8:50 م | C68: 1 | D68: المجموعة 2 | E68: 8 ضد 10
A69: 11 | B69: =المدخلات!$F$6 -> 7:20–8:50 م | C69: 2 | D69: المجموعة 2 | E69: 12 ضد 13
A70: 12 | B70: =المدخلات!$F$4 -> 4:00–5:30 م | C70: 1 | D70: المجموعة 1 | E70: 4 ضد 6
A71: 12 | B71: =المدخلات!$F$4 -> 4:00–5:30 م | C71: 2 | D71: المجموعة 1 | E71: 3 ضد 7
A72: 12 | B72: =المدخلات!$F$5 -> 5:40–7:10 م | C72: 1 | D72: المجموعة 1 | E72: 1 ضد 5
A73: 12 | B73: =المدخلات!$F$5 -> 5:40–7:10 م | C73: 2 | D73: المجموعة 2 | E73: 10 ضد 13
A74: 12 | B74: =المدخلات!$F$6 -> 7:20–8:50 م | C74: 1 | D74: المجموعة 2 | E74: 8 ضد 9
A75: 12 | B75: =المدخلات!$F$6 -> 7:20–8:50 م | C75: 2 | D75: المجموعة 2 | E75: 11 ضد 12
A76: 13 | B76: =المدخلات!$F$4 -> 4:00–5:30 م | C76: 1 | D76: المجموعة 1 | E76: 2 ضد 6
A77: 13 | B77: =المدخلات!$F$4 -> 4:00–5:30 م | C77: 2 | D77: المجموعة 1 | E77: 3 ضد 5
A78: 13 | B78: =المدخلات!$F$5 -> 5:40–7:10 م | C78: 1 | D78: المجموعة 1 | E78: 1 ضد 4
A79: 13 | B79: =المدخلات!$F$5 -> 5:40–7:10 م | C79: 2 | D79: المجموعة 2 | E79: 9 ضد 12
A80: 13 | B80: =المدخلات!$F$6 -> 7:20–8:50 م | C80: 1 | D80: المجموعة 2 | E80: 10 ضد 11
A81: 13 | B81: =المدخلات!$F$6 -> 7:20–8:50 م | C81: 2 | D81: المجموعة 2 | E81: 8 ضد 13
A82: 14 | B82: =المدخلات!$F$4 -> 4:00–5:30 م | C82: 1 | D82: المجموعة 1 | E82: 1 ضد 3
A83: 14 | B83: =المدخلات!$F$4 -> 4:00–5:30 م | C83: 2 | D83: المجموعة 1 | E83: 6 ضد 7
A84: 14 | B84: =المدخلات!$F$5 -> 5:40–7:10 م | C84: 1 | D84: المجموعة 1 | E84: 2 ضد 4
A85: 14 | B85: =المدخلات!$F$5 -> 5:40–7:10 م | C85: 2 | D85: المجموعة 2 | E85: 11 ضد 13
A86: 14 | B86: =المدخلات!$F$6 -> 7:20–8:50 م | C86: 1 | D86: المجموعة 2 | E86: 9 ضد 10
A87: 14 | B87: =المدخلات!$F$6 -> 7:20–8:50 م | C87: 2 | D87: المجموعة 2 | E87: 8 ضد 12
A88: 15 | B88: =المدخلات!$F$4 -> 4:00–5:30 م | C88: 1 | D88: المجموعة 2 | E88: 8 ضد 11
A89: 15 | B89: =المدخلات!$F$4 -> 4:00–5:30 م | C89: 2 | D89: المجموعة 2 | E89: 10 ضد 12
A90: 15 | B90: =المدخلات!$F$5 -> 5:40–7:10 م | C90: 1 | D90: المجموعة 2 | E90: 9 ضد 13
A91: 15 | B91: =المدخلات!$F$5 -> 5:40–7:10 م | C91: 2 | D91: المجموعة 1 | E91: 6 ضد 7
A92: 15 | B92: =المدخلات!$F$6 -> 7:20–8:50 م | C92: 1 | D92: المجموعة 1 | E92: 1 ضد 3
A93: 15 | B93: =المدخلات!$F$6 -> 7:20–8:50 م | C93: 2 | D93: المجموعة 1 | E93: 2 ضد 4
A94: 16 | B94: =المدخلات!$F$4 -> 4:00–5:30 م | C94: 1 | D94: المجموعة 1 | E94: 4 ضد 7
A95: 16 | B95: =المدخلات!$F$4 -> 4:00–5:30 م | C95: 2 | D95: المجموعة 1 | E95: 1 ضد 2
A96: 16 | B96: =المدخلات!$F$5 -> 5:40–7:10 م | C96: 1 | D96: المجموعة 1 | E96: 5 ضد 6
A97: 16 | B97: =المدخلات!$F$5 -> 5:40–7:10 م | C97: 2 | D97: المجموعة 2 | E97: 8 ضد 11
A98: 16 | B98: =المدخلات!$F$6 -> 7:20–8:50 م | C98: 1 | D98: المجموعة 2 | E98: 10 ضد 12
A99: 16 | B99: =المدخلات!$F$6 -> 7:20–8:50 م | C99: 2 | D99: المجموعة 2 | E99: 9 ضد 13
A100: 17 | B100: =المدخلات!$F$4 -> 4:00–5:30 م | C100: 1 | D100: المجموعة 1 | E100: 2 ضد 7
A101: 17 | B101: =المدخلات!$F$4 -> 4:00–5:30 م | C101: 2 | D101: المجموعة 1 | E101: 4 ضد 5
...

Sheet 14 فريقًا
A1: بطولة 14 فريقًا – تحت 14
A3: اليوم | B3: الوقت | C3: الملعب | D3: المجموعة / الدور | E3: المباراة | G3: المتأهلان: متصدر كل مجموعة، ويلتقيان في النهائي مباشرة.
A4: 1 | B4: =المدخلات!$F$4 -> 4:00–5:30 م | C4: 1 | D4: المجموعة 1 | E4: 2 ضد 7
A5: 1 | B5: =المدخلات!$F$4 -> 4:00–5:30 م | C5: 2 | D5: المجموعة 1 | E5: 3 ضد 6
A6: 1 | B6: =المدخلات!$F$5 -> 5:40–7:10 م | C6: 1 | D6: المجموعة 1 | E6: 4 ضد 5
A7: 1 | B7: =المدخلات!$F$5 -> 5:40–7:10 م | C7: 2 | D7: المجموعة 2 | E7: 10 ضد 13
A8: 1 | B8: =المدخلات!$F$6 -> 7:20–8:50 م | C8: 1 | D8: المجموعة 2 | E8: 9 ضد 14
A9: 1 | B9: =المدخلات!$F$6 -> 7:20–8:50 م | C9: 2 | D9: المجموعة 2 | E9: 11 ضد 12
A10: 2 | B10: =المدخلات!$F$4 -> 4:00–5:30 م | C10: 1 | D10: المجموعة 2 | E10: 10 ضد 11
A11: 2 | B11: =المدخلات!$F$4 -> 4:00–5:30 م | C11: 2 | D11: المجموعة 2 | E11: 8 ضد 14
A12: 2 | B12: =المدخلات!$F$5 -> 5:40–7:10 م | C12: 1 | D12: المجموعة 2 | E12: 9 ضد 12
A13: 2 | B13: =المدخلات!$F$5 -> 5:40–7:10 م | C13: 2 | D13: المجموعة 1 | E13: 1 ضد 7
A14: 2 | B14: =المدخلات!$F$6 -> 7:20–8:50 م | C14: 1 | D14: المجموعة 1 | E14: 3 ضد 4
A15: 2 | B15: =المدخلات!$F$6 -> 7:20–8:50 م | C15: 2 | D15: المجموعة 1 | E15: 2 ضد 5
A16: 3 | B16: =المدخلات!$F$4 -> 4:00–5:30 م | C16: 1 | D16: المجموعة 1 | E16: 5 ضد 7
A17: 3 | B17: =المدخلات!$F$4 -> 4:00–5:30 م | C17: 2 | D17: المجموعة 2 | E17: 9 ضد 10
A18: 3 | B18: =المدخلات!$F$5 -> 5:40–7:10 م | C18: 1 | D18: المجموعة 1 | E18: 2 ضد 3
A19: 3 | B19: =المدخلات!$F$5 -> 5:40–7:10 م | C19: 2 | D19: المجموعة 2 | E19: 12 ضد 14
A20: 3 | B20: =المدخلات!$F$6 -> 7:20–8:50 م | C20: 1 | D20: المجموعة 1 | E20: 1 ضد 6
A21: 3 | B21: =المدخلات!$F$6 -> 7:20–8:50 م | C21: 2 | D21: المجموعة 2 | E21: 8 ضد 13
A22: 4 | B22: =المدخلات!$F$4 -> 4:00–5:30 م | C22: 1 | D22: المجموعة 2 | E22: 8 ضد 12
A23: 4 | B23: =المدخلات!$F$4 -> 4:00–5:30 م | C23: 2 | D23: المجموعة 1 | E23: 1 ضد 5
A24: 4 | B24: =المدخلات!$F$5 -> 5:40–7:10 م | C24: 1 | D24: المجموعة 2 | E24: 11 ضد 13
A25: 4 | B25: =المدخلات!$F$5 -> 5:40–7:10 م | C25: 2 | D25: المجموعة 1 | E25: 4 ضد 6
A26: 4 | B26: =المدخلات!$F$6 -> 7:20–8:50 م | C26: 1 | D26: المجموعة 2 | E26: 10 ضد 14
A27: 4 | B27: =المدخلات!$F$6 -> 7:20–8:50 م | C27: 2 | D27: المجموعة 1 | E27: 3 ضد 7
A28: 5 | B28: =المدخلات!$F$4 -> 4:00–5:30 م | C28: 1 | D28: المجموعة 2 | E28: 9 ضد 13
A29: 5 | B29: =المدخلات!$F$4 -> 4:00–5:30 م | C29: 2 | D29: المجموعة 1 | E29: 1 ضد 4
A30: 5 | B30: =المدخلات!$F$5 -> 5:40–7:10 م | C30: 1 | D30: المجموعة 1 | E30: 3 ضد 5
A31: 5 | B31: =المدخلات!$F$5 -> 5:40–7:10 م | C31: 2 | D31: المجموعة 2 | E31: 8 ضد 11
A32: 5 | B32: =المدخلات!$F$6 -> 7:20–8:50 م | C32: 1 | D32: المجموعة 2 | E32: 10 ضد 12
A33: 5 | B33: =المدخلات!$F$6 -> 7:20–8:50 م | C33: 2 | D33: المجموعة 1 | E33: 2 ضد 6
A34: 6 | B34: =المدخلات!$F$4 -> 4:00–5:30 م | C34: 1 | D34: المجموعة 2 | E34: 13 ضد 14
A35: 6 | B35: =المدخلات!$F$4 -> 4:00–5:30 م | C35: 2 | D35: المجموعة 1 | E35: 2 ضد 4
A36: 6 | B36: =المدخلات!$F$5 -> 5:40–7:10 م | C36: 1 | D36: المجموعة 1 | E36: 6 ضد 7
A37: 6 | B37: =المدخلات!$F$5 -> 5:40–7:10 م | C37: 2 | D37: المجموعة 2 | E37: 8 ضد 10
A38: 6 | B38: =المدخلات!$F$6 -> 7:20–8:50 م | C38: 1 | D38: المجموعة 1 | E38: 1 ضد 3
A39: 6 | B39: =المدخلات!$F$6 -> 7:20–8:50 م | C39: 2 | D39: المجموعة 2 | E39: 9 ضد 11
A40: 7 | B40: =المدخلات!$F$4 -> 4:00–5:30 م | C40: 1 | D40: المجموعة 1 | E40: 5 ضد 6
A41: 7 | B41: =المدخلات!$F$4 -> 4:00–5:30 م | C41: 2 | D41: المجموعة 2 | E41: 12 ضد 13
A42: 7 | B42: =المدخلات!$F$5 -> 5:40–7:10 م | C42: 1 | D42: المجموعة 1 | E42: 1 ضد 2
A43: 7 | B43: =المدخلات!$F$5 -> 5:40–7:10 م | C43: 2 | D43: المجموعة 2 | E43: 11 ضد 14
A44: 7 | B44: =المدخلات!$F$6 -> 7:20–8:50 م | C44: 1 | D44: المجموعة 2 | E44: 8 ضد 9
A45: 7 | B45: =المدخلات!$F$6 -> 7:20–8:50 م | C45: 2 | D45: المجموعة 1 | E45: 4 ضد 7
A46: 8 | B46: =المدخلات!$F$4 -> 4:00–5:30 م | C46: 1 | D46: المجموعة 2 | E46: 11 ضد 14
A47: 8 | B47: =المدخلات!$F$4 -> 4:00–5:30 م | C47: 2 | D47: المجموعة 1 | E47: 1 ضد 2
A48: 8 | B48: =المدخلات!$F$5 -> 5:40–7:10 م | C48: 1 | D48: المجموعة 1 | E48: 4 ضد 7
A49: 8 | B49: =المدخلات!$F$5 -> 5:40–7:10 م | C49: 2 | D49: المجموعة 2 | E49: 8 ضد 9
A50: 8 | B50: =المدخلات!$F$6 -> 7:20–8:50 م | C50: 1 | D50: المجموعة 2 | E50: 12 ضد 13
A51: 8 | B51: =المدخلات!$F$6 -> 7:20–8:50 م | C51: 2 | D51: المجموعة 1 | E51: 5 ضد 6
A52: 9 | B52: =المدخلات!$F$4 -> 4:00–5:30 م | C52: 1 | D52: المجموعة 2 | E52: 11 ضد 12
A53: 9 | B53: =المدخلات!$F$4 -> 4:00–5:30 م | C53: 2 | D53: المجموعة 1 | E53: 3 ضد 6
A54: 9 | B54: =المدخلات!$F$5 -> 5:40–7:10 م | C54: 1 | D54: المجموعة 2 | E54: 10 ضد 13
A55: 9 | B55: =المدخلات!$F$5 -> 5:40–7:10 م | C55: 2 | D55: المجموعة 2 | E55: 9 ضد 14
A56: 9 | B56: =المدخلات!$F$6 -> 7:20–8:50 م | C56: 1 | D56: المجموعة 1 | E56: 2 ضد 7
A57: 9 | B57: =المدخلات!$F$6 -> 7:20–8:50 م | C57: 2 | D57: المجموعة 1 | E57: 4 ضد 5
A58: 10 | B58: =المدخلات!$F$4 -> 4:00–5:30 م | C58: 1 | D58: المجموعة 1 | E58: 3 ضد 4
A59: 10 | B59: =المدخلات!$F$4 -> 4:00–5:30 م | C59: 2 | D59: المجموعة 1 | E59: 1 ضد 7
A60: 10 | B60: =المدخلات!$F$5 -> 5:40–7:10 م | C60: 1 | D60: المجموعة 1 | E60: 2 ضد 5
A61: 10 | B61: =المدخلات!$F$5 -> 5:40–7:10 م | C61: 2 | D61: المجموعة 2 | E61: 9 ضد 12
A62: 10 | B62: =المدخلات!$F$6 -> 7:20–8:50 م | C62: 1 | D62: المجموعة 2 | E62: 8 ضد 14
A63: 10 | B63: =المدخلات!$F$6 -> 7:20–8:50 م | C63: 2 | D63: المجموعة 2 | E63: 10 ضد 11
A64: 11 | B64: =المدخلات!$F$4 -> 4:00–5:30 م | C64: 1 | D64: المجموعة 2 | E64: 9 ضد 10
A65: 11 | B65: =المدخلات!$F$4 -> 4:00–5:30 م | C65: 2 | D65: المجموعة 1 | E65: 5 ضد 7
A66: 11 | B66: =المدخلات!$F$5 -> 5:40–7:10 م | C66: 1 | D66: المجموعة 1 | E66: 1 ضد 6
A67: 11 | B67: =المدخلات!$F$5 -> 5:40–7:10 م | C67: 2 | D67: المجموعة 1 | E67: 2 ضد 3
A68: 11 | B68: =المدخلات!$F$6 -> 7:20–8:50 م | C68: 1 | D68: المجموعة 2 | E68: 8 ضد 13
A69: 11 | B69: =المدخلات!$F$6 -> 7:20–8:50 م | C69: 2 | D69: المجموعة 2 | E69: 12 ضد 14
A70: 12 | B70: =المدخلات!$F$4 -> 4:00–5:30 م | C70: 1 | D70: المجموعة 2 | E70: 8 ضد 12
A71: 12 | B71: =المدخلات!$F$4 -> 4:00–5:30 م | C71: 2 | D71: المجموعة 2 | E71: 10 ضد 14
A72: 12 | B72: =المدخلات!$F$5 -> 5:40–7:10 م | C72: 1 | D72: المجموعة 1 | E72: 4 ضد 6
A73: 12 | B73: =المدخلات!$F$5 -> 5:40–7:10 م | C73: 2 | D73: المجموعة 1 | E73: 3 ضد 7
A74: 12 | B74: =المدخلات!$F$6 -> 7:20–8:50 م | C74: 1 | D74: المجموعة 1 | E74: 1 ضد 5
A75: 12 | B75: =المدخلات!$F$6 -> 7:20–8:50 م | C75: 2 | D75: المجموعة 2 | E75: 11 ضد 13
A76: 13 | B76: =المدخلات!$F$4 -> 4:00–5:30 م | C76: 1 | D76: المجموعة 1 | E76: 2 ضد 6
A77: 13 | B77: =المدخلات!$F$4 -> 4:00–5:30 م | C77: 2 | D77: المجموعة 2 | E77: 9 ضد 13
A78: 13 | B78: =المدخلات!$F$5 -> 5:40–7:10 م | C78: 1 | D78: المجموعة 2 | E78: 8 ضد 11
A79: 13 | B79: =المدخلات!$F$5 -> 5:40–7:10 م | C79: 2 | D79: المجموعة 2 | E79: 10 ضد 12
A80: 13 | B80: =المدخلات!$F$6 -> 7:20–8:50 م | C80: 1 | D80: المجموعة 1 | E80: 1 ضد 4
A81: 13 | B81: =المدخلات!$F$6 -> 7:20–8:50 م | C81: 2 | D81: المجموعة 1 | E81: 3 ضد 5
A82: 14 | B82: =المدخلات!$F$4 -> 4:00–5:30 م | C82: 1 | D82: المجموعة 2 | E82: 9 ضد 11
A83: 14 | B83: =المدخلات!$F$4 -> 4:00–5:30 م | C83: 2 | D83: المجموعة 1 | E83: 2 ضد 4
A84: 14 | B84: =المدخلات!$F$5 -> 5:40–7:10 م | C84: 1 | D84: المجموعة 2 | E84: 13 ضد 14
A85: 14 | B85: =المدخلات!$F$5 -> 5:40–7:10 م | C85: 2 | D85: المجموعة 1 | E85: 1 ضد 3
A86: 14 | B86: =المدخلات!$F$6 -> 7:20–8:50 م | C86: 1 | D86: المجموعة 1 | E86: 6 ضد 7
A87: 14 | B87: =المدخلات!$F$6 -> 7:20–8:50 م | C87: 2 | D87: المجموعة 2 | E87: 8 ضد 10
A88: 15 | B88: =المدخلات!$F$4 -> 4:00–5:30 م | C88: 1 | D88: المجموعة 1 | E88: 1 ضد 3
A89: 15 | B89: =المدخلات!$F$4 -> 4:00–5:30 م | C89: 2 | D89: المجموعة 2 | E89: 8 ضد 10
A90: 15 | B90: =المدخلات!$F$5 -> 5:40–7:10 م | C90: 1 | D90: المجموعة 2 | E90: 13 ضد 14
A91: 15 | B91: =المدخلات!$F$5 -> 5:40–7:10 م | C91: 2 | D91: المجموعة 1 | E91: 6 ضد 7
A92: 15 | B92: =المدخلات!$F$6 -> 7:20–8:50 م | C92: 1 | D92: المجموعة 1 | E92: 2 ضد 4
A93: 15 | B93: =المدخلات!$F$6 -> 7:20–8:50 م | C93: 2 | D93: المجموعة 2 | E93: 9 ضد 11
A94: 16 | B94: =المدخلات!$F$4 -> 4:00–5:30 م | C94: 1 | D94: المجموعة 1 | E94: 4 ضد 7
A95: 16 | B95: =المدخلات!$F$4 -> 4:00–5:30 م | C95: 2 | D95: المجموعة 2 | E95: 11 ضد 14
A96: 16 | B96: =المدخلات!$F$5 -> 5:40–7:10 م | C96: 1 | D96: المجموعة 2 | E96: 8 ضد 9
A97: 16 | B97: =المدخلات!$F$5 -> 5:40–7:10 م | C97: 2 | D97: المجموعة 1 | E97: 5 ضد 6
A98: 16 | B98: =المدخلات!$F$6 -> 7:20–8:50 م | C98: 1 | D98: المجموعة 1 | E98: 1 ضد 2
A99: 16 | B99: =المدخلات!$F$6 -> 7:20–8:50 م | C99: 2 | D99: المجموعة 2 | E99: 12 ضد 13
A100: 17 | B100: =المدخلات!$F$4 -> 4:00–5:30 م | C100: 1 | D100: المجموعة 1 | E100: 3 ضد 6
A101: 17 | B101: =المدخلات!$F$4 -> 4:00–5:30 م | C101: 2 | D101: المجموعة 2 | E101: 10 ضد 13
...

Sheet 15 فريقًا
A1: بطولة 15 فريقًا – تحت 14
A3: اليوم | B3: الوقت | C3: الملعب | D3: المجموعة / الدور | E3: المباراة | G3: المتأهلان: متصدر كل مجموعة، ويلتقيان في النهائي مباشرة.
A4: 1 | B4: =المدخلات!$F$4 -> 4:00–5:30 م | C4: 1 | D4: المجموعة 1 | E4: 1 ضد 8
A5: 1 | B5: =المدخلات!$F$4 -> 4:00–5:30 م | C5: 2 | D5: المجموعة 1 | E5: 2 ضد 7
A6: 1 | B6: =المدخلات!$F$4 -> 4:00–5:30 م | C6: 3 | D6: المجموعة 1 | E6: 3 ضد 6
A7: 1 | B7: =المدخلات!$F$5 -> 5:40–7:10 م | C7: 1 | D7: المجموعة 1 | E7: 4 ضد 5
A8: 1 | B8: =المدخلات!$F$5 -> 5:40–7:10 م | C8: 2 | D8: المجموعة 2 | E8: 10 ضد 15
A9: 1 | B9: =المدخلات!$F$5 -> 5:40–7:10 م | C9: 3 | D9: المجموعة 2 | E9: 11 ضد 14
A10: 1 | B10: =المدخلات!$F$6 -> 7:20–8:50 م | C10: 1 | D10: المجموعة 2 | E10: 12 ضد 13
A11: 2 | B11: =المدخلات!$F$4 -> 4:00–5:30 م | C11: 1 | D11: المجموعة 2 | E11: 9 ضد 15
A12: 2 | B12: =المدخلات!$F$4 -> 4:00–5:30 م | C12: 2 | D12: المجموعة 2 | E12: 11 ضد 12
A13: 2 | B13: =المدخلات!$F$4 -> 4:00–5:30 م | C13: 3 | D13: المجموعة 2 | E13: 10 ضد 13
A14: 2 | B14: =المدخلات!$F$5 -> 5:40–7:10 م | C14: 1 | D14: المجموعة 1 | E14: 3 ضد 4
A15: 2 | B15: =المدخلات!$F$5 -> 5:40–7:10 م | C15: 2 | D15: المجموعة 1 | E15: 6 ضد 8
A16: 2 | B16: =المدخلات!$F$5 -> 5:40–7:10 م | C16: 3 | D16: المجموعة 1 | E16: 1 ضد 7
A17: 2 | B17: =المدخلات!$F$6 -> 7:20–8:50 م | C17: 1 | D17: المجموعة 1 | E17: 2 ضد 5
A18: 3 | B18: =المدخلات!$F$4 -> 4:00–5:30 م | C18: 1 | D18: المجموعة 2 | E18: 9 ضد 14
A19: 3 | B19: =المدخلات!$F$4 -> 4:00–5:30 م | C19: 2 | D19: المجموعة 1 | E19: 5 ضد 7
A20: 3 | B20: =المدخلات!$F$4 -> 4:00–5:30 م | C20: 3 | D20: المجموعة 1 | E20: 4 ضد 8
A21: 3 | B21: =المدخلات!$F$5 -> 5:40–7:10 م | C21: 1 | D21: المجموعة 2 | E21: 10 ضد 11
A22: 3 | B22: =المدخلات!$F$5 -> 5:40–7:10 م | C22: 2 | D22: المجموعة 2 | E22: 13 ضد 15
A23: 3 | B23: =المدخلات!$F$5 -> 5:40–7:10 م | C23: 3 | D23: المجموعة 1 | E23: 2 ضد 3
A24: 3 | B24: =المدخلات!$F$6 -> 7:20–8:50 م | C24: 1 | D24: المجموعة 1 | E24: 1 ضد 6
A25: 4 | B25: =المدخلات!$F$4 -> 4:00–5:30 م | C25: 1 | D25: المجموعة 2 | E25: 11 ضد 15
A26: 4 | B26: =المدخلات!$F$4 -> 4:00–5:30 م | C26: 2 | D26: المجموعة 1 | E26: 4 ضد 6
A27: 4 | B27: =المدخلات!$F$4 -> 4:00–5:30 م | C27: 3 | D27: المجموعة 1 | E27: 1 ضد 5
A28: 4 | B28: =المدخلات!$F$5 -> 5:40–7:10 م | C28: 1 | D28: المجموعة 1 | E28: 2 ضد 8
A29: 4 | B29: =المدخلات!$F$5 -> 5:40–7:10 م | C29: 2 | D29: المجموعة 2 | E29: 9 ضد 13
A30: 4 | B30: =المدخلات!$F$5 -> 5:40–7:10 م | C30: 3 | D30: المجموعة 2 | E30: 12 ضد 14
A31: 4 | B31: =المدخلات!$F$6 -> 7:20–8:50 م | C31: 1 | D31: المجموعة 1 | E31: 3 ضد 7
A32: 5 | B32: =المدخلات!$F$4 -> 4:00–5:30 م | C32: 1 | D32: المجموعة 2 | E32: 10 ضد 14
A33: 5 | B33: =المدخلات!$F$4 -> 4:00–5:30 م | C33: 2 | D33: المجموعة 1 | E33: 3 ضد 5
A34: 5 | B34: =المدخلات!$F$4 -> 4:00–5:30 م | C34: 3 | D34: المجموعة 2 | E34: 11 ضد 13
A35: 5 | B35: =المدخلات!$F$5 -> 5:40–7:10 م | C35: 1 | D35: المجموعة 1 | E35: 2 ضد 6
A36: 5 | B36: =المدخلات!$F$5 -> 5:40–7:10 م | C36: 2 | D36: المجموعة 1 | E36: 1 ضد 4
A37: 5 | B37: =المدخلات!$F$5 -> 5:40–7:10 م | C37: 3 | D37: المجموعة 2 | E37: 9 ضد 12
A38: 5 | B38: =المدخلات!$F$6 -> 7:20–8:50 م | C38: 1 | D38: المجموعة 1 | E38: 7 ضد 8
A39: 6 | B39: =المدخلات!$F$4 -> 4:00–5:30 م | C39: 1 | D39: المجموعة 2 | E39: 10 ضد 12
A40: 6 | B40: =المدخلات!$F$4 -> 4:00–5:30 م | C40: 2 | D40: المجموعة 1 | E40: 1 ضد 3
A41: 6 | B41: =المدخلات!$F$4 -> 4:00–5:30 م | C41: 3 | D41: المجموعة 1 | E41: 2 ضد 4
A42: 6 | B42: =المدخلات!$F$5 -> 5:40–7:10 م | C42: 1 | D42: المجموعة 1 | E42: 6 ضد 7
A43: 6 | B43: =المدخلات!$F$5 -> 5:40–7:10 م | C43: 2 | D43: المجموعة 2 | E43: 14 ضد 15
A44: 6 | B44: =المدخلات!$F$5 -> 5:40–7:10 م | C44: 3 | D44: المجموعة 1 | E44: 5 ضد 8
A45: 6 | B45: =المدخلات!$F$6 -> 7:20–8:50 م | C45: 1 | D45: المجموعة 2 | E45: 9 ضد 11
A46: 7 | B46: =المدخلات!$F$4 -> 4:00–5:30 م | C46: 1 | D46: المجموعة 2 | E46: 13 ضد 14
A47: 7 | B47: =المدخلات!$F$4 -> 4:00–5:30 م | C47: 2 | D47: المجموعة 1 | E47: 3 ضد 8
A48: 7 | B48: =المدخلات!$F$4 -> 4:00–5:30 م | C48: 3 | D48: المجموعة 2 | E48: 12 ضد 15
A49: 7 | B49: =المدخلات!$F$5 -> 5:40–7:10 م | C49: 1 | D49: المجموعة 1 | E49: 4 ضد 7
A50: 7 | B50: =المدخلات!$F$5 -> 5:40–7:10 م | C50: 2 | D50: المجموعة 2 | E50: 9 ضد 10
A51: 7 | B51: =المدخلات!$F$5 -> 5:40–7:10 م | C51: 3 | D51: المجموعة 1 | E51: 5 ضد 6
A52: 7 | B52: =المدخلات!$F$6 -> 7:20–8:50 م | C52: 1 | D52: المجموعة 1 | E52: 1 ضد 2
A53: 8 | B53: =المدخلات!$F$4 -> 4:00–5:30 م | C53: 1 | D53: المجموعة 1 | E53: 5 ضد 6
A54: 8 | B54: =المدخلات!$F$4 -> 4:00–5:30 م | C54: 2 | D54: المجموعة 1 | E54: 4 ضد 7
A55: 8 | B55: =المدخلات!$F$4 -> 4:00–5:30 م | C55: 3 | D55: المجموعة 2 | E55: 9 ضد 10
A56: 8 | B56: =المدخلات!$F$5 -> 5:40–7:10 م | C56: 1 | D56: المجموعة 2 | E56: 13 ضد 14
A57: 8 | B57: =المدخلات!$F$5 -> 5:40–7:10 م | C57: 2 | D57: المجموعة 1 | E57: 1 ضد 2
A58: 8 | B58: =المدخلات!$F$5 -> 5:40–7:10 م | C58: 3 | D58: المجموعة 1 | E58: 3 ضد 8
A59: 8 | B59: =المدخلات!$F$6 -> 7:20–8:50 م | C59: 1 | D59: المجموعة 2 | E59: 12 ضد 15
A60: 9 | B60: =المدخلات!$F$4 -> 4:00–5:30 م | C60: 1 | D60: المجموعة 1 | E60: 1 ضد 8
A61: 9 | B61: =المدخلات!$F$4 -> 4:00–5:30 م | C61: 2 | D61: المجموعة 2 | E61: 11 ضد 14
A62: 9 | B62: =المدخلات!$F$4 -> 4:00–5:30 م | C62: 3 | D62: المجموعة 1 | E62: 2 ضد 7
A63: 9 | B63: =المدخلات!$F$5 -> 5:40–7:10 م | C63: 1 | D63: المجموعة 1 | E63: 3 ضد 6
A64: 9 | B64: =المدخلات!$F$5 -> 5:40–7:10 م | C64: 2 | D64: المجموعة 2 | E64: 12 ضد 13
A65: 9 | B65: =المدخلات!$F$5 -> 5:40–7:10 م | C65: 3 | D65: المجموعة 2 | E65: 10 ضد 15
A66: 9 | B66: =المدخلات!$F$6 -> 7:20–8:50 م | C66: 1 | D66: المجموعة 1 | E66: 4 ضد 5
A67: 10 | B67: =المدخلات!$F$4 -> 4:00–5:30 م | C67: 1 | D67: المجموعة 2 | E67: 10 ضد 13
A68: 10 | B68: =المدخلات!$F$4 -> 4:00–5:30 م | C68: 2 | D68: المجموعة 1 | E68: 6 ضد 8
A69: 10 | B69: =المدخلات!$F$4 -> 4:00–5:30 م | C69: 3 | D69: المجموعة 2 | E69: 9 ضد 15
A70: 10 | B70: =المدخلات!$F$5 -> 5:40–7:10 م | C70: 1 | D70: المجموعة 2 | E70: 11 ضد 12
A71: 10 | B71: =المدخلات!$F$5 -> 5:40–7:10 م | C71: 2 | D71: المجموعة 1 | E71: 2 ضد 5
A72: 10 | B72: =المدخلات!$F$5 -> 5:40–7:10 م | C72: 3 | D72: المجموعة 1 | E72: 1 ضد 7
A73: 10 | B73: =المدخلات!$F$6 -> 7:20–8:50 م | C73: 1 | D73: المجموعة 1 | E73: 3 ضد 4
A74: 11 | B74: =المدخلات!$F$4 -> 4:00–5:30 م | C74: 1 | D74: المجموعة 1 | E74: 5 ضد 7
A75: 11 | B75: =المدخلات!$F$4 -> 4:00–5:30 م | C75: 2 | D75: المجموعة 1 | E75: 2 ضد 3
A76: 11 | B76: =المدخلات!$F$4 -> 4:00–5:30 م | C76: 3 | D76: المجموعة 1 | E76: 1 ضد 6
A77: 11 | B77: =المدخلات!$F$5 -> 5:40–7:10 م | C77: 1 | D77: المجموعة 2 | E77: 9 ضد 14
A78: 11 | B78: =المدخلات!$F$5 -> 5:40–7:10 م | C78: 2 | D78: المجموعة 2 | E78: 10 ضد 11
A79: 11 | B79: =المدخلات!$F$5 -> 5:40–7:10 م | C79: 3 | D79: المجموعة 1 | E79: 4 ضد 8
A80: 11 | B80: =المدخلات!$F$6 -> 7:20–8:50 م | C80: 1 | D80: المجموعة 2 | E80: 13 ضد 15
A81: 12 | B81: =المدخلات!$F$4 -> 4:00–5:30 م | C81: 1 | D81: المجموعة 2 | E81: 11 ضد 15
A82: 12 | B82: =المدخلات!$F$4 -> 4:00–5:30 م | C82: 2 | D82: المجموعة 2 | E82: 12 ضد 14
A83: 12 | B83: =المدخلات!$F$4 -> 4:00–5:30 م | C83: 3 | D83: المجموعة 1 | E83: 4 ضد 6
A84: 12 | B84: =المدخلات!$F$5 -> 5:40–7:10 م | C84: 1 | D84: المجموعة 1 | E84: 1 ضد 5
A85: 12 | B85: =المدخلات!$F$5 -> 5:40–7:10 م | C85: 2 | D85: المجموعة 2 | E85: 9 ضد 13
A86: 12 | B86: =المدخلات!$F$5 -> 5:40–7:10 م | C86: 3 | D86: المجموعة 1 | E86: 3 ضد 7
A87: 12 | B87: =المدخلات!$F$6 -> 7:20–8:50 م | C87: 1 | D87: المجموعة 1 | E87: 2 ضد 8
A88: 13 | B88: =المدخلات!$F$4 -> 4:00–5:30 م | C88: 1 | D88: المجموعة 2 | E88: 9 ضد 12
A89: 13 | B89: =المدخلات!$F$4 -> 4:00–5:30 م | C89: 2 | D89: المجموعة 1 | E89: 1 ضد 4
A90: 13 | B90: =المدخلات!$F$4 -> 4:00–5:30 م | C90: 3 | D90: المجموعة 2 | E90: 11 ضد 13
A91: 13 | B91: =المدخلات!$F$5 -> 5:40–7:10 م | C91: 1 | D91: المجموعة 1 | E91: 3 ضد 5
A92: 13 | B92: =المدخلات!$F$5 -> 5:40–7:10 م | C92: 2 | D92: المجموعة 1 | E92: 7 ضد 8
A93: 13 | B93: =المدخلات!$F$5 -> 5:40–7:10 م | C93: 3 | D93: المجموعة 1 | E93: 2 ضد 6
A94: 13 | B94: =المدخلات!$F$6 -> 7:20–8:50 م | C94: 1 | D94: المجموعة 2 | E94: 10 ضد 14
A95: 14 | B95: =المدخلات!$F$4 -> 4:00–5:30 م | C95: 1 | D95: المجموعة 1 | E95: 1 ضد 3
A96: 14 | B96: =المدخلات!$F$4 -> 4:00–5:30 م | C96: 2 | D96: المجموعة 1 | E96: 2 ضد 4
A97: 14 | B97: =المدخلات!$F$4 -> 4:00–5:30 م | C97: 3 | D97: المجموعة 1 | E97: 5 ضد 8
A98: 14 | B98: =المدخلات!$F$5 -> 5:40–7:10 م | C98: 1 | D98: المجموعة 2 | E98: 9 ضد 11
A99: 14 | B99: =المدخلات!$F$5 -> 5:40–7:10 م | C99: 2 | D99: المجموعة 2 | E99: 10 ضد 12
A100: 14 | B100: =المدخلات!$F$5 -> 5:40–7:10 م | C100: 3 | D100: المجموعة 2 | E100: 14 ضد 15
A101: 14 | B101: =المدخلات!$F$6 -> 7:20–8:50 م | C101: 1 | D101: المجموعة 1 | E101: 6 ضد 7
...

Sheet 16 فريقًا
A1: بطولة 16 فريقًا – تحت 14
A3: اليوم | B3: الوقت | C3: الملعب | D3: المجموعة / الدور | E3: المباراة | G3: المتأهلان: متصدر كل مجموعة، ويلتقيان في النهائي مباشرة.
A4: 1 | B4: =المدخلات!$F$4 -> 4:00–5:30 م | C4: 1 | D4: المجموعة 1 | E4: 1 ضد 8
A5: 1 | B5: =المدخلات!$F$4 -> 4:00–5:30 م | C5: 2 | D5: المجموعة 1 | E5: 2 ضد 7
A6: 1 | B6: =المدخلات!$F$4 -> 4:00–5:30 م | C6: 3 | D6: المجموعة 1 | E6: 3 ضد 6
A7: 1 | B7: =المدخلات!$F$5 -> 5:40–7:10 م | C7: 1 | D7: المجموعة 1 | E7: 4 ضد 5
A8: 1 | B8: =المدخلات!$F$5 -> 5:40–7:10 م | C8: 2 | D8: المجموعة 2 | E8: 9 ضد 16
A9: 1 | B9: =المدخلات!$F$5 -> 5:40–7:10 م | C9: 3 | D9: المجموعة 2 | E9: 10 ضد 15
A10: 1 | B10: =المدخلات!$F$6 -> 7:20–8:50 م | C10: 1 | D10: المجموعة 2 | E10: 11 ضد 14
A11: 1 | B11: =المدخلات!$F$6 -> 7:20–8:50 م | C11: 2 | D11: المجموعة 2 | E11: 12 ضد 13
A12: 2 | B12: =المدخلات!$F$4 -> 4:00–5:30 م | C12: 1 | D12: المجموعة 2 | E12: 9 ضد 15
A13: 2 | B13: =المدخلات!$F$4 -> 4:00–5:30 م | C13: 2 | D13: المجموعة 2 | E13: 10 ضد 13
A14: 2 | B14: =المدخلات!$F$4 -> 4:00–5:30 م | C14: 3 | D14: المجموعة 2 | E14: 14 ضد 16
A15: 2 | B15: =المدخلات!$F$5 -> 5:40–7:10 م | C15: 1 | D15: المجموعة 2 | E15: 11 ضد 12
A16: 2 | B16: =المدخلات!$F$5 -> 5:40–7:10 م | C16: 2 | D16: المجموعة 1 | E16: 6 ضد 8
A17: 2 | B17: =المدخلات!$F$5 -> 5:40–7:10 م | C17: 3 | D17: المجموعة 1 | E17: 1 ضد 7
A18: 2 | B18: =المدخلات!$F$6 -> 7:20–8:50 م | C18: 1 | D18: المجموعة 1 | E18: 2 ضد 5
A19: 2 | B19: =المدخلات!$F$6 -> 7:20–8:50 م | C19: 2 | D19: المجموعة 1 | E19: 3 ضد 4
A20: 3 | B20: =المدخلات!$F$4 -> 4:00–5:30 م | C20: 1 | D20: المجموعة 2 | E20: 12 ضد 16
A21: 3 | B21: =المدخلات!$F$4 -> 4:00–5:30 م | C21: 2 | D21: المجموعة 1 | E21: 5 ضد 7
A22: 3 | B22: =المدخلات!$F$4 -> 4:00–5:30 م | C22: 3 | D22: المجموعة 1 | E22: 4 ضد 8
A23: 3 | B23: =المدخلات!$F$5 -> 5:40–7:10 م | C23: 1 | D23: المجموعة 1 | E23: 2 ضد 3
A24: 3 | B24: =المدخلات!$F$5 -> 5:40–7:10 م | C24: 2 | D24: المجموعة 2 | E24: 9 ضد 14
A25: 3 | B25: =المدخلات!$F$5 -> 5:40–7:10 م | C25: 3 | D25: المجموعة 2 | E25: 13 ضد 15
A26: 3 | B26: =المدخلات!$F$6 -> 7:20–8:50 م | C26: 1 | D26: المجموعة 1 | E26: 1 ضد 6
A27: 3 | B27: =المدخلات!$F$6 -> 7:20–8:50 م | C27: 2 | D27: المجموعة 2 | E27: 10 ضد 11
A28: 4 | B28: =المدخلات!$F$4 -> 4:00–5:30 م | C28: 1 | D28: المجموعة 2 | E28: 9 ضد 13
A29: 4 | B29: =المدخلات!$F$4 -> 4:00–5:30 م | C29: 2 | D29: المجموعة 2 | E29: 11 ضد 15
A30: 4 | B30: =المدخلات!$F$4 -> 4:00–5:30 م | C30: 3 | D30: المجموعة 2 | E30: 12 ضد 14
A31: 4 | B31: =المدخلات!$F$5 -> 5:40–7:10 م | C31: 1 | D31: المجموعة 2 | E31: 10 ضد 16
A32: 4 | B32: =المدخلات!$F$5 -> 5:40–7:10 م | C32: 2 | D32: المجموعة 1 | E32: 1 ضد 5
A33: 4 | B33: =المدخلات!$F$5 -> 5:40–7:10 م | C33: 3 | D33: المجموعة 1 | E33: 4 ضد 6
A34: 4 | B34: =المدخلات!$F$6 -> 7:20–8:50 م | C34: 1 | D34: المجموعة 1 | E34: 3 ضد 7
A35: 4 | B35: =المدخلات!$F$6 -> 7:20–8:50 م | C35: 2 | D35: المجموعة 1 | E35: 2 ضد 8
A36: 5 | B36: =المدخلات!$F$4 -> 4:00–5:30 م | C36: 1 | D36: المجموعة 1 | E36: 2 ضد 6
A37: 5 | B37: =المدخلات!$F$4 -> 4:00–5:30 م | C37: 2 | D37: المجموعة 1 | E37: 1 ضد 4
A38: 5 | B38: =المدخلات!$F$4 -> 4:00–5:30 م | C38: 3 | D38: المجموعة 1 | E38: 3 ضد 5
A39: 5 | B39: =المدخلات!$F$5 -> 5:40–7:10 م | C39: 1 | D39: المجموعة 1 | E39: 7 ضد 8
A40: 5 | B40: =المدخلات!$F$5 -> 5:40–7:10 م | C40: 2 | D40: المجموعة 2 | E40: 10 ضد 14
A41: 5 | B41: =المدخلات!$F$5 -> 5:40–7:10 م | C41: 3 | D41: المجموعة 2 | E41: 11 ضد 13
A42: 5 | B42: =المدخلات!$F$6 -> 7:20–8:50 م | C42: 1 | D42: المجموعة 2 | E42: 15 ضد 16
A43: 5 | B43: =المدخلات!$F$6 -> 7:20–8:50 م | C43: 2 | D43: المجموعة 2 | E43: 9 ضد 12
A44: 6 | B44: =المدخلات!$F$4 -> 4:00–5:30 م | C44: 1 | D44: المجموعة 2 | E44: 10 ضد 12
A45: 6 | B45: =المدخلات!$F$4 -> 4:00–5:30 م | C45: 2 | D45: المجموعة 2 | E45: 13 ضد 16
A46: 6 | B46: =المدخلات!$F$4 -> 4:00–5:30 م | C46: 3 | D46: المجموعة 2 | E46: 9 ضد 11
A47: 6 | B47: =المدخلات!$F$5 -> 5:40–7:10 م | C47: 1 | D47: المجموعة 2 | E47: 14 ضد 15
A48: 6 | B48: =المدخلات!$F$5 -> 5:40–7:10 م | C48: 2 | D48: المجموعة 1 | E48: 1 ضد 3
A49: 6 | B49: =المدخلات!$F$5 -> 5:40–7:10 م | C49: 3 | D49: المجموعة 1 | E49: 2 ضد 4
A50: 6 | B50: =المدخلات!$F$6 -> 7:20–8:50 م | C50: 1 | D50: المجموعة 1 | E50: 5 ضد 8
A51: 6 | B51: =المدخلات!$F$6 -> 7:20–8:50 م | C51: 2 | D51: المجموعة 1 | E51: 6 ضد 7
A52: 7 | B52: =المدخلات!$F$4 -> 4:00–5:30 م | C52: 1 | D52: المجموعة 1 | E52: 4 ضد 7
A53: 7 | B53: =المدخلات!$F$4 -> 4:00–5:30 م | C53: 2 | D53: المجموعة 1 | E53: 3 ضد 8
A54: 7 | B54: =المدخلات!$F$4 -> 4:00–5:30 م | C54: 3 | D54: المجموعة 1 | E54: 1 ضد 2
A55: 7 | B55: =المدخلات!$F$5 -> 5:40–7:10 م | C55: 1 | D55: المجموعة 2 | E55: 11 ضد 16
A56: 7 | B56: =المدخلات!$F$5 -> 5:40–7:10 م | C56: 2 | D56: المجموعة 2 | E56: 12 ضد 15
A57: 7 | B57: =المدخلات!$F$5 -> 5:40–7:10 م | C57: 3 | D57: المجموعة 1 | E57: 5 ضد 6
A58: 7 | B58: =المدخلات!$F$6 -> 7:20–8:50 م | C58: 1 | D58: المجموعة 2 | E58: 9 ضد 10
A59: 7 | B59: =المدخلات!$F$6 -> 7:20–8:50 م | C59: 2 | D59: المجموعة 2 | E59: 13 ضد 14
A60: 8 | B60: =المدخلات!$F$4 -> 4:00–5:30 م | C60: 1 | D60: المجموعة 2 | E60: 13 ضد 14
A61: 8 | B61: =المدخلات!$F$4 -> 4:00–5:30 م | C61: 2 | D61: المجموعة 1 | E61: 5 ضد 6
A62: 8 | B62: =المدخلات!$F$4 -> 4:00–5:30 م | C62: 3 | D62: المجموعة 2 | E62: 12 ضد 15
A63: 8 | B63: =المدخلات!$F$5 -> 5:40–7:10 م | C63: 1 | D63: المجموعة 1 | E63: 3 ضد 8
A64: 8 | B64: =المدخلات!$F$5 -> 5:40–7:10 م | C64: 2 | D64: المجموعة 1 | E64: 4 ضد 7
A65: 8 | B65: =المدخلات!$F$5 -> 5:40–7:10 م | C65: 3 | D65: المجموعة 2 | E65: 9 ضد 10
A66: 8 | B66: =المدخلات!$F$6 -> 7:20–8:50 م | C66: 1 | D66: المجموعة 1 | E66: 1 ضد 2
A67: 8 | B67: =المدخلات!$F$6 -> 7:20–8:50 م | C67: 2 | D67: المجموعة 2 | E67: 11 ضد 16
A68: 9 | B68: =المدخلات!$F$4 -> 4:00–5:30 م | C68: 1 | D68: المجموعة 1 | E68: 3 ضد 6
A69: 9 | B69: =المدخلات!$F$4 -> 4:00–5:30 م | C69: 2 | D69: المجموعة 2 | E69: 11 ضد 14
A70: 9 | B70: =المدخلات!$F$4 -> 4:00–5:30 م | C70: 3 | D70: المجموعة 1 | E70: 1 ضد 8
A71: 9 | B71: =المدخلات!$F$5 -> 5:40–7:10 م | C71: 1 | D71: المجموعة 2 | E71: 12 ضد 13
A72: 9 | B72: =المدخلات!$F$5 -> 5:40–7:10 م | C72: 2 | D72: المجموعة 2 | E72: 9 ضد 16
A73: 9 | B73: =المدخلات!$F$5 -> 5:40–7:10 م | C73: 3 | D73: المجموعة 1 | E73: 2 ضد 7
A74: 9 | B74: =المدخلات!$F$6 -> 7:20–8:50 م | C74: 1 | D74: المجموعة 1 | E74: 4 ضد 5
A75: 9 | B75: =المدخلات!$F$6 -> 7:20–8:50 م | C75: 2 | D75: المجموعة 2 | E75: 10 ضد 15
A76: 10 | B76: =المدخلات!$F$4 -> 4:00–5:30 م | C76: 1 | D76: المجموعة 2 | E76: 9 ضد 15
A77: 10 | B77: =المدخلات!$F$4 -> 4:00–5:30 م | C77: 2 | D77: المجموعة 1 | E77: 2 ضد 5
A78: 10 | B78: =المدخلات!$F$4 -> 4:00–5:30 م | C78: 3 | D78: المجموعة 2 | E78: 10 ضد 13
A79: 10 | B79: =المدخلات!$F$5 -> 5:40–7:10 م | C79: 1 | D79: المجموعة 2 | E79: 11 ضد 12
A80: 10 | B80: =المدخلات!$F$5 -> 5:40–7:10 م | C80: 2 | D80: المجموعة 1 | E80: 6 ضد 8
A81: 10 | B81: =المدخلات!$F$5 -> 5:40–7:10 م | C81: 3 | D81: المجموعة 2 | E81: 14 ضد 16
A82: 10 | B82: =المدخلات!$F$6 -> 7:20–8:50 م | C82: 1 | D82: المجموعة 1 | E82: 1 ضد 7
A83: 10 | B83: =المدخلات!$F$6 -> 7:20–8:50 م | C83: 2 | D83: المجموعة 1 | E83: 3 ضد 4
A84: 11 | B84: =المدخلات!$F$4 -> 4:00–5:30 م | C84: 1 | D84: المجموعة 1 | E84: 4 ضد 8
A85: 11 | B85: =المدخلات!$F$4 -> 4:00–5:30 م | C85: 2 | D85: المجموعة 2 | E85: 10 ضد 11
A86: 11 | B86: =المدخلات!$F$4 -> 4:00–5:30 م | C86: 3 | D86: المجموعة 2 | E86: 12 ضد 16
A87: 11 | B87: =المدخلات!$F$5 -> 5:40–7:10 م | C87: 1 | D87: المجموعة 1 | E87: 1 ضد 6
A88: 11 | B88: =المدخلات!$F$5 -> 5:40–7:10 م | C88: 2 | D88: المجموعة 1 | E88: 2 ضد 3
A89: 11 | B89: =المدخلات!$F$5 -> 5:40–7:10 م | C89: 3 | D89: المجموعة 1 | E89: 5 ضد 7
A90: 11 | B90: =المدخلات!$F$6 -> 7:20–8:50 م | C90: 1 | D90: المجموعة 2 | E90: 9 ضد 14
A91: 11 | B91: =المدخلات!$F$6 -> 7:20–8:50 م | C91: 2 | D91: المجموعة 2 | E91: 13 ضد 15
A92: 12 | B92: =المدخلات!$F$4 -> 4:00–5:30 م | C92: 1 | D92: المجموعة 2 | E92: 11 ضد 15
A93: 12 | B93: =المدخلات!$F$4 -> 4:00–5:30 م | C93: 2 | D93: المجموعة 1 | E93: 4 ضد 6
A94: 12 | B94: =المدخلات!$F$4 -> 4:00–5:30 م | C94: 3 | D94: المجموعة 1 | E94: 3 ضد 7
A95: 12 | B95: =المدخلات!$F$5 -> 5:40–7:10 م | C95: 1 | D95: المجموعة 2 | E95: 9 ضد 13
A96: 12 | B96: =المدخلات!$F$5 -> 5:40–7:10 م | C96: 2 | D96: المجموعة 1 | E96: 1 ضد 5
A97: 12 | B97: =المدخلات!$F$5 -> 5:40–7:10 م | C97: 3 | D97: المجموعة 1 | E97: 2 ضد 8
A98: 12 | B98: =المدخلات!$F$6 -> 7:20–8:50 م | C98: 1 | D98: المجموعة 2 | E98: 10 ضد 16
A99: 12 | B99: =المدخلات!$F$6 -> 7:20–8:50 م | C99: 2 | D99: المجموعة 2 | E99: 12 ضد 14
A100: 13 | B100: =المدخلات!$F$4 -> 4:00–5:30 م | C100: 1 | D100: المجموعة 1 | E100: 3 ضد 5
A101: 13 | B101: =المدخلات!$F$4 -> 4:00–5:30 م | C101: 2 | D101: المجموعة 1 | E101: 1 ضد 4
...

Sheet 18 فريقًا
A1: بطولة 18 فريقًا – تحت 14
A3: اليوم | B3: الوقت | C3: الملعب | D3: المجموعة / الدور | E3: المباراة | G3: المتأهلون: متصدرو المجموعات الثلاث + أفضل صاحب مركز ثانٍ.
A4: 1 | B4: =المدخلات!$F$4 -> 4:00–5:30 م | C4: 1 | D4: المجموعة 1 | E4: 1 ضد 6
A5: 1 | B5: =المدخلات!$F$4 -> 4:00–5:30 م | C5: 2 | D5: المجموعة 1 | E5: 2 ضد 5
A6: 1 | B6: =المدخلات!$F$4 -> 4:00–5:30 م | C6: 3 | D6: المجموعة 1 | E6: 3 ضد 4
A7: 1 | B7: =المدخلات!$F$5 -> 5:40–7:10 م | C7: 1 | D7: المجموعة 2 | E7: 7 ضد 12
A8: 1 | B8: =المدخلات!$F$5 -> 5:40–7:10 م | C8: 2 | D8: المجموعة 2 | E8: 8 ضد 11
A9: 1 | B9: =المدخلات!$F$5 -> 5:40–7:10 م | C9: 3 | D9: المجموعة 2 | E9: 9 ضد 10
A10: 1 | B10: =المدخلات!$F$6 -> 7:20–8:50 م | C10: 1 | D10: المجموعة 3 | E10: 13 ضد 18
A11: 1 | B11: =المدخلات!$F$6 -> 7:20–8:50 م | C11: 2 | D11: المجموعة 3 | E11: 14 ضد 17
A12: 1 | B12: =المدخلات!$F$6 -> 7:20–8:50 م | C12: 3 | D12: المجموعة 3 | E12: 15 ضد 16
A13: 2 | B13: =المدخلات!$F$4 -> 4:00–5:30 م | C13: 1 | D13: المجموعة 3 | E13: 14 ضد 15
A14: 2 | B14: =المدخلات!$F$4 -> 4:00–5:30 م | C14: 2 | D14: المجموعة 3 | E14: 16 ضد 18
A15: 2 | B15: =المدخلات!$F$4 -> 4:00–5:30 م | C15: 3 | D15: المجموعة 3 | E15: 13 ضد 17
A16: 2 | B16: =المدخلات!$F$5 -> 5:40–7:10 م | C16: 1 | D16: المجموعة 1 | E16: 2 ضد 3
A17: 2 | B17: =المدخلات!$F$5 -> 5:40–7:10 م | C17: 2 | D17: المجموعة 1 | E17: 4 ضد 6
A18: 2 | B18: =المدخلات!$F$5 -> 5:40–7:10 م | C18: 3 | D18: المجموعة 1 | E18: 1 ضد 5
A19: 2 | B19: =المدخلات!$F$6 -> 7:20–8:50 م | C19: 1 | D19: المجموعة 2 | E19: 8 ضد 9
A20: 2 | B20: =المدخلات!$F$6 -> 7:20–8:50 م | C20: 2 | D20: المجموعة 2 | E20: 10 ضد 12
A21: 2 | B21: =المدخلات!$F$6 -> 7:20–8:50 م | C21: 3 | D21: المجموعة 2 | E21: 7 ضد 11
A22: 3 | B22: =المدخلات!$F$4 -> 4:00–5:30 م | C22: 1 | D22: المجموعة 2 | E22: 7 ضد 10
A23: 3 | B23: =المدخلات!$F$4 -> 4:00–5:30 م | C23: 2 | D23: المجموعة 2 | E23: 9 ضد 11
A24: 3 | B24: =المدخلات!$F$4 -> 4:00–5:30 م | C24: 3 | D24: المجموعة 2 | E24: 8 ضد 12
A25: 3 | B25: =المدخلات!$F$5 -> 5:40–7:10 م | C25: 1 | D25: المجموعة 3 | E25: 13 ضد 16
A26: 3 | B26: =المدخلات!$F$5 -> 5:40–7:10 م | C26: 2 | D26: المجموعة 3 | E26: 15 ضد 17
A27: 3 | B27: =المدخلات!$F$5 -> 5:40–7:10 م | C27: 3 | D27: المجموعة 3 | E27: 14 ضد 18
A28: 3 | B28: =المدخلات!$F$6 -> 7:20–8:50 م | C28: 1 | D28: المجموعة 1 | E28: 1 ضد 4
A29: 3 | B29: =المدخلات!$F$6 -> 7:20–8:50 م | C29: 2 | D29: المجموعة 1 | E29: 3 ضد 5
A30: 3 | B30: =المدخلات!$F$6 -> 7:20–8:50 م | C30: 3 | D30: المجموعة 1 | E30: 2 ضد 6
A31: 4 | B31: =المدخلات!$F$4 -> 4:00–5:30 م | C31: 1 | D31: المجموعة 1 | E31: 5 ضد 6
A32: 4 | B32: =المدخلات!$F$4 -> 4:00–5:30 م | C32: 2 | D32: المجموعة 1 | E32: 1 ضد 3
A33: 4 | B33: =المدخلات!$F$4 -> 4:00–5:30 م | C33: 3 | D33: المجموعة 1 | E33: 2 ضد 4
A34: 4 | B34: =المدخلات!$F$5 -> 5:40–7:10 م | C34: 1 | D34: المجموعة 2 | E34: 11 ضد 12
A35: 4 | B35: =المدخلات!$F$5 -> 5:40–7:10 م | C35: 2 | D35: المجموعة 2 | E35: 7 ضد 9
A36: 4 | B36: =المدخلات!$F$5 -> 5:40–7:10 م | C36: 3 | D36: المجموعة 2 | E36: 8 ضد 10
A37: 4 | B37: =المدخلات!$F$6 -> 7:20–8:50 م | C37: 1 | D37: المجموعة 3 | E37: 17 ضد 18
A38: 4 | B38: =المدخلات!$F$6 -> 7:20–8:50 م | C38: 2 | D38: المجموعة 3 | E38: 13 ضد 15
A39: 4 | B39: =المدخلات!$F$6 -> 7:20–8:50 م | C39: 3 | D39: المجموعة 3 | E39: 14 ضد 16
A40: 5 | B40: =المدخلات!$F$4 -> 4:00–5:30 م | C40: 1 | D40: المجموعة 3 | E40: 16 ضد 17
A41: 5 | B41: =المدخلات!$F$4 -> 4:00–5:30 م | C41: 2 | D41: المجموعة 3 | E41: 13 ضد 14
A42: 5 | B42: =المدخلات!$F$4 -> 4:00–5:30 م | C42: 3 | D42: المجموعة 3 | E42: 15 ضد 18
A43: 5 | B43: =المدخلات!$F$5 -> 5:40–7:10 م | C43: 1 | D43: المجموعة 1 | E43: 4 ضد 5
A44: 5 | B44: =المدخلات!$F$5 -> 5:40–7:10 م | C44: 2 | D44: المجموعة 1 | E44: 1 ضد 2
A45: 5 | B45: =المدخلات!$F$5 -> 5:40–7:10 م | C45: 3 | D45: المجموعة 1 | E45: 3 ضد 6
A46: 5 | B46: =المدخلات!$F$6 -> 7:20–8:50 م | C46: 1 | D46: المجموعة 2 | E46: 10 ضد 11
A47: 5 | B47: =المدخلات!$F$6 -> 7:20–8:50 م | C47: 2 | D47: المجموعة 2 | E47: 7 ضد 8
A48: 5 | B48: =المدخلات!$F$6 -> 7:20–8:50 م | C48: 3 | D48: المجموعة 2 | E48: 9 ضد 12
A49: 6 | B49: =المدخلات!$F$4 -> 4:00–5:30 م | C49: 1 | D49: المجموعة 2 | E49: 7 ضد 8
A50: 6 | B50: =المدخلات!$F$4 -> 4:00–5:30 م | C50: 2 | D50: المجموعة 2 | E50: 9 ضد 12
A51: 6 | B51: =المدخلات!$F$4 -> 4:00–5:30 م | C51: 3 | D51: المجموعة 2 | E51: 10 ضد 11
A52: 6 | B52: =المدخلات!$F$5 -> 5:40–7:10 م | C52: 1 | D52: المجموعة 3 | E52: 13 ضد 14
A53: 6 | B53: =المدخلات!$F$5 -> 5:40–7:10 م | C53: 2 | D53: المجموعة 3 | E53: 15 ضد 18
A54: 6 | B54: =المدخلات!$F$5 -> 5:40–7:10 م | C54: 3 | D54: المجموعة 3 | E54: 16 ضد 17
A55: 6 | B55: =المدخلات!$F$6 -> 7:20–8:50 م | C55: 1 | D55: المجموعة 1 | E55: 1 ضد 2
A56: 6 | B56: =المدخلات!$F$6 -> 7:20–8:50 م | C56: 2 | D56: المجموعة 1 | E56: 3 ضد 6
A57: 6 | B57: =المدخلات!$F$6 -> 7:20–8:50 م | C57: 3 | D57: المجموعة 1 | E57: 4 ضد 5
A58: 7 | B58: =المدخلات!$F$4 -> 4:00–5:30 م | C58: 1 | D58: المجموعة 1 | E58: 3 ضد 4
A59: 7 | B59: =المدخلات!$F$4 -> 4:00–5:30 م | C59: 2 | D59: المجموعة 1 | E59: 2 ضد 5
A60: 7 | B60: =المدخلات!$F$4 -> 4:00–5:30 م | C60: 3 | D60: المجموعة 1 | E60: 1 ضد 6
A61: 7 | B61: =المدخلات!$F$5 -> 5:40–7:10 م | C61: 1 | D61: المجموعة 2 | E61: 9 ضد 10
A62: 7 | B62: =المدخلات!$F$5 -> 5:40–7:10 م | C62: 2 | D62: المجموعة 2 | E62: 8 ضد 11
A63: 7 | B63: =المدخلات!$F$5 -> 5:40–7:10 م | C63: 3 | D63: المجموعة 2 | E63: 7 ضد 12
A64: 7 | B64: =المدخلات!$F$6 -> 7:20–8:50 م | C64: 1 | D64: المجموعة 3 | E64: 15 ضد 16
A65: 7 | B65: =المدخلات!$F$6 -> 7:20–8:50 م | C65: 2 | D65: المجموعة 3 | E65: 14 ضد 17
A66: 7 | B66: =المدخلات!$F$6 -> 7:20–8:50 م | C66: 3 | D66: المجموعة 3 | E66: 13 ضد 18
A67: 8 | B67: =المدخلات!$F$4 -> 4:00–5:30 م | C67: 1 | D67: المجموعة 3 | E67: 14 ضد 15
A68: 8 | B68: =المدخلات!$F$4 -> 4:00–5:30 م | C68: 2 | D68: المجموعة 3 | E68: 16 ضد 18
A69: 8 | B69: =المدخلات!$F$4 -> 4:00–5:30 م | C69: 3 | D69: المجموعة 3 | E69: 13 ضد 17
A70: 8 | B70: =المدخلات!$F$5 -> 5:40–7:10 م | C70: 1 | D70: المجموعة 1 | E70: 2 ضد 3
A71: 8 | B71: =المدخلات!$F$5 -> 5:40–7:10 م | C71: 2 | D71: المجموعة 1 | E71: 4 ضد 6
A72: 8 | B72: =المدخلات!$F$5 -> 5:40–7:10 م | C72: 3 | D72: المجموعة 1 | E72: 1 ضد 5
A73: 8 | B73: =المدخلات!$F$6 -> 7:20–8:50 م | C73: 1 | D73: المجموعة 2 | E73: 8 ضد 9
A74: 8 | B74: =المدخلات!$F$6 -> 7:20–8:50 م | C74: 2 | D74: المجموعة 2 | E74: 10 ضد 12
A75: 8 | B75: =المدخلات!$F$6 -> 7:20–8:50 م | C75: 3 | D75: المجموعة 2 | E75: 7 ضد 11
A76: 9 | B76: =المدخلات!$F$4 -> 4:00–5:30 م | C76: 1 | D76: المجموعة 2 | E76: 9 ضد 11
A77: 9 | B77: =المدخلات!$F$4 -> 4:00–5:30 م | C77: 2 | D77: المجموعة 2 | E77: 7 ضد 10
A78: 9 | B78: =المدخلات!$F$4 -> 4:00–5:30 م | C78: 3 | D78: المجموعة 2 | E78: 8 ضد 12
A79: 9 | B79: =المدخلات!$F$5 -> 5:40–7:10 م | C79: 1 | D79: المجموعة 3 | E79: 15 ضد 17
A80: 9 | B80: =المدخلات!$F$5 -> 5:40–7:10 م | C80: 2 | D80: المجموعة 3 | E80: 13 ضد 16
A81: 9 | B81: =المدخلات!$F$5 -> 5:40–7:10 م | C81: 3 | D81: المجموعة 3 | E81: 14 ضد 18
A82: 9 | B82: =المدخلات!$F$6 -> 7:20–8:50 م | C82: 1 | D82: المجموعة 1 | E82: 3 ضد 5
A83: 9 | B83: =المدخلات!$F$6 -> 7:20–8:50 م | C83: 2 | D83: المجموعة 1 | E83: 1 ضد 4
A84: 9 | B84: =المدخلات!$F$6 -> 7:20–8:50 م | C84: 3 | D84: المجموعة 1 | E84: 2 ضد 6
A85: 10 | B85: =المدخلات!$F$4 -> 4:00–5:30 م | C85: 1 | D85: المجموعة 1 | E85: 5 ضد 6
A86: 10 | B86: =المدخلات!$F$4 -> 4:00–5:30 م | C86: 2 | D86: المجموعة 1 | E86: 2 ضد 4
A87: 10 | B87: =المدخلات!$F$4 -> 4:00–5:30 م | C87: 3 | D87: المجموعة 1 | E87: 1 ضد 3
A88: 10 | B88: =المدخلات!$F$5 -> 5:40–7:10 م | C88: 1 | D88: المجموعة 2 | E88: 11 ضد 12
A89: 10 | B89: =المدخلات!$F$5 -> 5:40–7:10 م | C89: 2 | D89: المجموعة 2 | E89: 8 ضد 10
A90: 10 | B90: =المدخلات!$F$5 -> 5:40–7:10 م | C90: 3 | D90: المجموعة 2 | E90: 7 ضد 9
A91: 10 | B91: =المدخلات!$F$6 -> 7:20–8:50 م | C91: 1 | D91: المجموعة 3 | E91: 17 ضد 18
A92: 10 | B92: =المدخلات!$F$6 -> 7:20–8:50 م | C92: 2 | D92: المجموعة 3 | E92: 14 ضد 16
A93: 10 | B93: =المدخلات!$F$6 -> 7:20–8:50 م | C93: 3 | D93: المجموعة 3 | E93: 13 ضد 15
A94: 11 | B94: =المدخلات!$F$4 -> 4:00–5:30 م | C94: 1 | D94: المجموعة 3 | E94: 14 ضد 16
A95: 11 | B95: =المدخلات!$F$4 -> 4:00–5:30 م | C95: 2 | D95: المجموعة 3 | E95: 17 ضد 18
A96: 11 | B96: =المدخلات!$F$4 -> 4:00–5:30 م | C96: 3 | D96: المجموعة 2 | E96: 11 ضد 12
A97: 11 | B97: =المدخلات!$F$5 -> 5:40–7:10 م | C97: 1 | D97: المجموعة 1 | E97: 2 ضد 4
A98: 11 | B98: =المدخلات!$F$5 -> 5:40–7:10 م | C98: 2 | D98: المجموعة 1 | E98: 1 ضد 3
A99: 11 | B99: =المدخلات!$F$5 -> 5:40–7:10 م | C99: 3 | D99: المجموعة 3 | E99: 13 ضد 15
A100: 11 | B100: =المدخلات!$F$6 -> 7:20–8:50 م | C100: 1 | D100: المجموعة 2 | E100: 8 ضد 10
A101: 11 | B101: =المدخلات!$F$6 -> 7:20–8:50 م | C101: 2 | D101: المجموعة 1 | E101: 5 ضد 6
...

Sheet 19 فريقًا
A1: بطولة 19 فريقًا – تحت 14
A3: اليوم | B3: الوقت | C3: الملعب | D3: المباراة
A4: 1 | B4: =المدخلات!$F$4 -> 4:00–5:30 م | C4: 1 | D4: 2 ضد 19
A5: 1 | B5: =المدخلات!$F$4 -> 4:00–5:30 م | C5: 2 | D5: 3 ضد 18
A6: 1 | B6: =المدخلات!$F$4 -> 4:00–5:30 م | C6: 3 | D6: 4 ضد 17
A7: 1 | B7: =المدخلات!$F$5 -> 5:40–7:10 م | C7: 1 | D7: 5 ضد 16
A8: 1 | B8: =المدخلات!$F$5 -> 5:40–7:10 م | C8: 2 | D8: 6 ضد 15
A9: 1 | B9: =المدخلات!$F$5 -> 5:40–7:10 م | C9: 3 | D9: 7 ضد 14
A10: 1 | B10: =المدخلات!$F$6 -> 7:20–8:50 م | C10: 1 | D10: 8 ضد 13
A11: 1 | B11: =المدخلات!$F$6 -> 7:20–8:50 م | C11: 2 | D11: 9 ضد 12
A12: 1 | B12: =المدخلات!$F$6 -> 7:20–8:50 م | C12: 3 | D12: 10 ضد 11
A13: 2 | B13: =المدخلات!$F$4 -> 4:00–5:30 م | C13: 1 | D13: 7 ضد 12
A14: 2 | B14: =المدخلات!$F$4 -> 4:00–5:30 م | C14: 2 | D14: 8 ضد 11
A15: 2 | B15: =المدخلات!$F$4 -> 4:00–5:30 م | C15: 3 | D15: 6 ضد 13
A16: 2 | B16: =المدخلات!$F$5 -> 5:40–7:10 م | C16: 1 | D16: 9 ضد 10
A17: 2 | B17: =المدخلات!$F$5 -> 5:40–7:10 م | C17: 2 | D17: 2 ضد 17
A18: 2 | B18: =المدخلات!$F$5 -> 5:40–7:10 م | C18: 3 | D18: 1 ضد 19
A19: 2 | B19: =المدخلات!$F$6 -> 7:20–8:50 م | C19: 1 | D19: 4 ضد 15
A20: 2 | B20: =المدخلات!$F$6 -> 7:20–8:50 م | C20: 2 | D20: 5 ضد 14
A21: 2 | B21: =المدخلات!$F$6 -> 7:20–8:50 م | C21: 3 | D21: 3 ضد 16
A22: 3 | B22: =المدخلات!$F$4 -> 4:00–5:30 م | C22: 1 | D22: 3 ضد 14
A23: 3 | B23: =المدخلات!$F$4 -> 4:00–5:30 م | C23: 2 | D23: 7 ضد 10
A24: 3 | B24: =المدخلات!$F$4 -> 4:00–5:30 م | C24: 3 | D24: 8 ضد 9
A25: 3 | B25: =المدخلات!$F$5 -> 5:40–7:10 م | C25: 1 | D25: 6 ضد 11
A26: 3 | B26: =المدخلات!$F$5 -> 5:40–7:10 م | C26: 2 | D26: 4 ضد 13
A27: 3 | B27: =المدخلات!$F$5 -> 5:40–7:10 م | C27: 3 | D27: 5 ضد 12
A28: 3 | B28: =المدخلات!$F$6 -> 7:20–8:50 م | C28: 1 | D28: 1 ضد 18
A29: 3 | B29: =المدخلات!$F$6 -> 7:20–8:50 م | C29: 2 | D29: 17 ضد 19
A30: 3 | B30: =المدخلات!$F$6 -> 7:20–8:50 م | C30: 3 | D30: 2 ضد 15
A31: 4 | B31: =المدخلات!$F$4 -> 4:00–5:30 م | C31: 1 | D31: 1 ضد 17
A32: 4 | B32: =المدخلات!$F$4 -> 4:00–5:30 م | C32: 2 | D32: 5 ضد 10
A33: 4 | B33: =المدخلات!$F$4 -> 4:00–5:30 م | C33: 3 | D33: 15 ضد 19
A34: 4 | B34: =المدخلات!$F$5 -> 5:40–7:10 م | C34: 1 | D34: 3 ضد 12
A35: 4 | B35: =المدخلات!$F$5 -> 5:40–7:10 م | C35: 2 | D35: 16 ضد 18
A36: 4 | B36: =المدخلات!$F$5 -> 5:40–7:10 م | C36: 3 | D36: 4 ضد 11
A37: 4 | B37: =المدخلات!$F$6 -> 7:20–8:50 م | C37: 1 | D37: 2 ضد 13
A38: 4 | B38: =المدخلات!$F$6 -> 7:20–8:50 م | C38: 2 | D38: 6 ضد 9
A39: 4 | B39: =المدخلات!$F$6 -> 7:20–8:50 م | C39: 3 | D39: 7 ضد 8
A40: 5 | B40: =المدخلات!$F$4 -> 4:00–5:30 م | C40: 1 | D40: 4 ضد 9
A41: 5 | B41: =المدخلات!$F$4 -> 4:00–5:30 م | C41: 2 | D41: 1 ضد 16
A42: 5 | B42: =المدخلات!$F$4 -> 4:00–5:30 م | C42: 3 | D42: 2 ضد 11
A43: 5 | B43: =المدخلات!$F$5 -> 5:40–7:10 م | C43: 1 | D43: 15 ضد 17
A44: 5 | B44: =المدخلات!$F$5 -> 5:40–7:10 م | C44: 2 | D44: 13 ضد 19
A45: 5 | B45: =المدخلات!$F$5 -> 5:40–7:10 م | C45: 3 | D45: 5 ضد 8
A46: 5 | B46: =المدخلات!$F$6 -> 7:20–8:50 م | C46: 1 | D46: 6 ضد 7
A47: 5 | B47: =المدخلات!$F$6 -> 7:20–8:50 م | C47: 2 | D47: 3 ضد 10
A48: 5 | B48: =المدخلات!$F$6 -> 7:20–8:50 م | C48: 3 | D48: 14 ضد 18
A49: 6 | B49: =المدخلات!$F$4 -> 4:00–5:30 م | C49: 1 | D49: 14 ضد 16
A50: 6 | B50: =المدخلات!$F$4 -> 4:00–5:30 م | C50: 2 | D50: 5 ضد 6
A51: 6 | B51: =المدخلات!$F$4 -> 4:00–5:30 م | C51: 3 | D51: 12 ضد 18
A52: 6 | B52: =المدخلات!$F$5 -> 5:40–7:10 م | C52: 1 | D52: 3 ضد 8
A53: 6 | B53: =المدخلات!$F$5 -> 5:40–7:10 م | C53: 2 | D53: 4 ضد 7
A54: 6 | B54: =المدخلات!$F$5 -> 5:40–7:10 م | C54: 3 | D54: 2 ضد 9
A55: 6 | B55: =المدخلات!$F$6 -> 7:20–8:50 م | C55: 1 | D55: 11 ضد 19
A56: 6 | B56: =المدخلات!$F$6 -> 7:20–8:50 م | C56: 2 | D56: 1 ضد 15
A57: 6 | B57: =المدخلات!$F$6 -> 7:20–8:50 م | C57: 3 | D57: 13 ضد 17
A58: 7 | B58: =المدخلات!$F$4 -> 4:00–5:30 م | C58: 1 | D58: 13 ضد 15
A59: 7 | B59: =المدخلات!$F$4 -> 4:00–5:30 م | C59: 2 | D59: 11 ضد 17
A60: 7 | B60: =المدخلات!$F$4 -> 4:00–5:30 م | C60: 3 | D60: 3 ضد 6
A61: 7 | B61: =المدخلات!$F$5 -> 5:40–7:10 م | C61: 1 | D61: 10 ضد 18
A62: 7 | B62: =المدخلات!$F$5 -> 5:40–7:10 م | C62: 2 | D62: 2 ضد 7
A63: 7 | B63: =المدخلات!$F$5 -> 5:40–7:10 م | C63: 3 | D63: 1 ضد 14
A64: 7 | B64: =المدخلات!$F$6 -> 7:20–8:50 م | C64: 1 | D64: 4 ضد 5
A65: 7 | B65: =المدخلات!$F$6 -> 7:20–8:50 م | C65: 2 | D65: 12 ضد 16
A66: 7 | B66: =المدخلات!$F$6 -> 7:20–8:50 م | C66: 3 | D66: 9 ضد 19
A67: 8 | B67: =المدخلات!$F$4 -> 4:00–5:30 م | C67: 1 | D67: 7 ضد 19
A68: 8 | B68: =المدخلات!$F$4 -> 4:00–5:30 م | C68: 2 | D68: 12 ضد 14
A69: 8 | B69: =المدخلات!$F$4 -> 4:00–5:30 م | C69: 3 | D69: 1 ضد 13
A70: 8 | B70: =المدخلات!$F$5 -> 5:40–7:10 م | C70: 1 | D70: 9 ضد 17
A71: 8 | B71: =المدخلات!$F$5 -> 5:40–7:10 م | C71: 2 | D71: 11 ضد 15
A72: 8 | B72: =المدخلات!$F$5 -> 5:40–7:10 م | C72: 3 | D72: 10 ضد 16
A73: 8 | B73: =المدخلات!$F$6 -> 7:20–8:50 م | C73: 1 | D73: 2 ضد 5
A74: 8 | B74: =المدخلات!$F$6 -> 7:20–8:50 م | C74: 2 | D74: 8 ضد 18
A75: 8 | B75: =المدخلات!$F$6 -> 7:20–8:50 م | C75: 3 | D75: 3 ضد 4
A76: 9 | B76: =المدخلات!$F$4 -> 4:00–5:30 م | C76: 1 | D76: 8 ضد 16
A77: 9 | B77: =المدخلات!$F$4 -> 4:00–5:30 م | C77: 2 | D77: 9 ضد 15
A78: 9 | B78: =المدخلات!$F$4 -> 4:00–5:30 م | C78: 3 | D78: 5 ضد 19
A79: 9 | B79: =المدخلات!$F$5 -> 5:40–7:10 م | C79: 1 | D79: 1 ضد 12
A80: 9 | B80: =المدخلات!$F$5 -> 5:40–7:10 م | C80: 2 | D80: 2 ضد 3
A81: 9 | B81: =المدخلات!$F$5 -> 5:40–7:10 م | C81: 3 | D81: 6 ضد 18
A82: 9 | B82: =المدخلات!$F$6 -> 7:20–8:50 م | C82: 1 | D82: 10 ضد 14
A83: 9 | B83: =المدخلات!$F$6 -> 7:20–8:50 م | C83: 2 | D83: 11 ضد 13
A84: 9 | B84: =المدخلات!$F$6 -> 7:20–8:50 م | C84: 3 | D84: 7 ضد 17
A85: 10 | B85: =المدخلات!$F$4 -> 4:00–5:30 م | C85: 1 | D85: 5 ضد 17
A86: 10 | B86: =المدخلات!$F$4 -> 4:00–5:30 م | C86: 2 | D86: 4 ضد 18
A87: 10 | B87: =المدخلات!$F$4 -> 4:00–5:30 م | C87: 3 | D87: 10 ضد 12
A88: 10 | B88: =المدخلات!$F$5 -> 5:40–7:10 م | C88: 1 | D88: 3 ضد 19
A89: 10 | B89: =المدخلات!$F$5 -> 5:40–7:10 م | C89: 2 | D89: 8 ضد 14
A90: 10 | B90: =المدخلات!$F$5 -> 5:40–7:10 م | C90: 3 | D90: 9 ضد 13
A91: 10 | B91: =المدخلات!$F$6 -> 7:20–8:50 م | C91: 1 | D91: 1 ضد 11
A92: 10 | B92: =المدخلات!$F$6 -> 7:20–8:50 م | C92: 2 | D92: 6 ضد 16
A93: 10 | B93: =المدخلات!$F$6 -> 7:20–8:50 م | C93: 3 | D93: 7 ضد 15
A94: 11 | B94: =المدخلات!$F$4 -> 4:00–5:30 م | C94: 1 | D94: 9 ضد 11
A95: 11 | B95: =المدخلات!$F$4 -> 4:00–5:30 م | C95: 2 | D95: 1 ضد 10
A96: 11 | B96: =المدخلات!$F$4 -> 4:00–5:30 م | C96: 3 | D96: 2 ضد 18
A97: 11 | B97: =المدخلات!$F$5 -> 5:40–7:10 م | C97: 1 | D97: 6 ضد 14
A98: 11 | B98: =المدخلات!$F$5 -> 5:40–7:10 م | C98: 2 | D98: 7 ضد 13
A99: 11 | B99: =المدخلات!$F$5 -> 5:40–7:10 م | C99: 3 | D99: 5 ضد 15
A100: 11 | B100: =المدخلات!$F$6 -> 7:20–8:50 م | C100: 1 | D100: 8 ضد 12
A101: 11 | B101: =المدخلات!$F$6 -> 7:20–8:50 م | C101: 2 | D101: 3 ضد 17
...

Sheet 20 فريقًا
A1: بطولة 20 فريقًا – تحت 14
A3: اليوم | B3: الوقت | C3: الملعب | D3: المباراة
A4: 1 | B4: =المدخلات!$F$4 -> 4:00–5:30 م | C4: 1 | D4: 1 ضد 20
A5: 1 | B5: =المدخلات!$F$4 -> 4:00–5:30 م | C5: 2 | D5: 2 ضد 19
A6: 1 | B6: =المدخلات!$F$4 -> 4:00–5:30 م | C6: 3 | D6: 3 ضد 18
A7: 1 | B7: =المدخلات!$F$4 -> 4:00–5:30 م | C7: 4 | D7: 4 ضد 17
A8: 1 | B8: =المدخلات!$F$5 -> 5:40–7:10 م | C8: 1 | D8: 5 ضد 16
A9: 1 | B9: =المدخلات!$F$5 -> 5:40–7:10 م | C9: 2 | D9: 6 ضد 15
A10: 1 | B10: =المدخلات!$F$5 -> 5:40–7:10 م | C10: 3 | D10: 7 ضد 14
A11: 1 | B11: =المدخلات!$F$5 -> 5:40–7:10 م | C11: 4 | D11: 8 ضد 13
A12: 1 | B12: =المدخلات!$F$6 -> 7:20–8:50 م | C12: 1 | D12: 9 ضد 12
A13: 1 | B13: =المدخلات!$F$6 -> 7:20–8:50 م | C13: 2 | D13: 10 ضد 11
A14: 2 | B14: =المدخلات!$F$4 -> 4:00–5:30 م | C14: 1 | D14: 6 ضد 13
A15: 2 | B15: =المدخلات!$F$4 -> 4:00–5:30 م | C15: 2 | D15: 5 ضد 14
A16: 2 | B16: =المدخلات!$F$4 -> 4:00–5:30 م | C16: 3 | D16: 8 ضد 11
A17: 2 | B17: =المدخلات!$F$4 -> 4:00–5:30 م | C17: 4 | D17: 7 ضد 12
A18: 2 | B18: =المدخلات!$F$5 -> 5:40–7:10 م | C18: 1 | D18: 2 ضد 17
A19: 2 | B19: =المدخلات!$F$5 -> 5:40–7:10 م | C19: 2 | D19: 18 ضد 20
A20: 2 | B20: =المدخلات!$F$5 -> 5:40–7:10 م | C20: 3 | D20: 1 ضد 19
A21: 2 | B21: =المدخلات!$F$5 -> 5:40–7:10 م | C21: 4 | D21: 9 ضد 10
A22: 2 | B22: =المدخلات!$F$6 -> 7:20–8:50 م | C22: 1 | D22: 4 ضد 15
A23: 2 | B23: =المدخلات!$F$6 -> 7:20–8:50 م | C23: 2 | D23: 3 ضد 16
A24: 3 | B24: =المدخلات!$F$4 -> 4:00–5:30 م | C24: 1 | D24: 7 ضد 10
A25: 3 | B25: =المدخلات!$F$4 -> 4:00–5:30 م | C25: 2 | D25: 8 ضد 9
A26: 3 | B26: =المدخلات!$F$4 -> 4:00–5:30 م | C26: 3 | D26: 16 ضد 20
A27: 3 | B27: =المدخلات!$F$4 -> 4:00–5:30 م | C27: 4 | D27: 2 ضد 15
A28: 3 | B28: =المدخلات!$F$5 -> 5:40–7:10 م | C28: 1 | D28: 3 ضد 14
A29: 3 | B29: =المدخلات!$F$5 -> 5:40–7:10 م | C29: 2 | D29: 4 ضد 13
A30: 3 | B30: =المدخلات!$F$5 -> 5:40–7:10 م | C30: 3 | D30: 5 ضد 12
A31: 3 | B31: =المدخلات!$F$5 -> 5:40–7:10 م | C31: 4 | D31: 6 ضد 11
A32: 3 | B32: =المدخلات!$F$6 -> 7:20–8:50 م | C32: 1 | D32: 1 ضد 18
A33: 3 | B33: =المدخلات!$F$6 -> 7:20–8:50 م | C33: 2 | D33: 17 ضد 19
A34: 4 | B34: =المدخلات!$F$4 -> 4:00–5:30 م | C34: 1 | D34: 15 ضد 19
A35: 4 | B35: =المدخلات!$F$4 -> 4:00–5:30 م | C35: 2 | D35: 3 ضد 12
A36: 4 | B36: =المدخلات!$F$4 -> 4:00–5:30 م | C36: 3 | D36: 6 ضد 9
A37: 4 | B37: =المدخلات!$F$4 -> 4:00–5:30 م | C37: 4 | D37: 5 ضد 10
A38: 4 | B38: =المدخلات!$F$5 -> 5:40–7:10 م | C38: 1 | D38: 7 ضد 8
A39: 4 | B39: =المدخلات!$F$5 -> 5:40–7:10 م | C39: 2 | D39: 1 ضد 17
A40: 4 | B40: =المدخلات!$F$5 -> 5:40–7:10 م | C40: 3 | D40: 4 ضد 11
A41: 4 | B41: =المدخلات!$F$5 -> 5:40–7:10 م | C41: 4 | D41: 16 ضد 18
A42: 4 | B42: =المدخلات!$F$6 -> 7:20–8:50 م | C42: 1 | D42: 14 ضد 20
A43: 4 | B43: =المدخلات!$F$6 -> 7:20–8:50 م | C43: 2 | D43: 2 ضد 13
A44: 5 | B44: =المدخلات!$F$4 -> 4:00–5:30 م | C44: 1 | D44: 13 ضد 19
A45: 5 | B45: =المدخلات!$F$4 -> 4:00–5:30 م | C45: 2 | D45: 14 ضد 18
A46: 5 | B46: =المدخلات!$F$4 -> 4:00–5:30 م | C46: 3 | D46: 15 ضد 17
A47: 5 | B47: =المدخلات!$F$4 -> 4:00–5:30 م | C47: 4 | D47: 1 ضد 16
A48: 5 | B48: =المدخلات!$F$5 -> 5:40–7:10 م | C48: 1 | D48: 2 ضد 11
A49: 5 | B49: =المدخلات!$F$5 -> 5:40–7:10 م | C49: 2 | D49: 4 ضد 9
A50: 5 | B50: =المدخلات!$F$5 -> 5:40–7:10 م | C50: 3 | D50: 3 ضد 10
A51: 5 | B51: =المدخلات!$F$5 -> 5:40–7:10 م | C51: 4 | D51: 12 ضد 20
A52: 5 | B52: =المدخلات!$F$6 -> 7:20–8:50 م | C52: 1 | D52: 5 ضد 8
A53: 5 | B53: =المدخلات!$F$6 -> 7:20–8:50 م | C53: 2 | D53: 6 ضد 7
A54: 6 | B54: =المدخلات!$F$4 -> 4:00–5:30 م | C54: 1 | D54: 14 ضد 16
A55: 6 | B55: =المدخلات!$F$4 -> 4:00–5:30 م | C55: 2 | D55: 4 ضد 7
A56: 6 | B56: =المدخلات!$F$4 -> 4:00–5:30 م | C56: 3 | D56: 13 ضد 17
A57: 6 | B57: =المدخلات!$F$4 -> 4:00–5:30 م | C57: 4 | D57: 11 ضد 19
A58: 6 | B58: =المدخلات!$F$5 -> 5:40–7:10 م | C58: 1 | D58: 5 ضد 6
A59: 6 | B59: =المدخلات!$F$5 -> 5:40–7:10 م | C59: 2 | D59: 1 ضد 15
A60: 6 | B60: =المدخلات!$F$5 -> 5:40–7:10 م | C60: 3 | D60: 2 ضد 9
A61: 6 | B61: =المدخلات!$F$5 -> 5:40–7:10 م | C61: 4 | D61: 3 ضد 8
A62: 6 | B62: =المدخلات!$F$6 -> 7:20–8:50 م | C62: 1 | D62: 12 ضد 18
A63: 6 | B63: =المدخلات!$F$6 -> 7:20–8:50 م | C63: 2 | D63: 10 ضد 20
A64: 7 | B64: =المدخلات!$F$4 -> 4:00–5:30 م | C64: 1 | D64: 3 ضد 6
A65: 7 | B65: =المدخلات!$F$4 -> 4:00–5:30 م | C65: 2 | D65: 8 ضد 20
A66: 7 | B66: =المدخلات!$F$4 -> 4:00–5:30 م | C66: 3 | D66: 4 ضد 5
A67: 7 | B67: =المدخلات!$F$4 -> 4:00–5:30 م | C67: 4 | D67: 1 ضد 14
A68: 7 | B68: =المدخلات!$F$5 -> 5:40–7:10 م | C68: 1 | D68: 10 ضد 18
A69: 7 | B69: =المدخلات!$F$5 -> 5:40–7:10 م | C69: 2 | D69: 12 ضد 16
A70: 7 | B70: =المدخلات!$F$5 -> 5:40–7:10 م | C70: 3 | D70: 13 ضد 15
A71: 7 | B71: =المدخلات!$F$5 -> 5:40–7:10 م | C71: 4 | D71: 9 ضد 19
A72: 7 | B72: =المدخلات!$F$6 -> 7:20–8:50 م | C72: 1 | D72: 11 ضد 17
A73: 7 | B73: =المدخلات!$F$6 -> 7:20–8:50 م | C73: 2 | D73: 2 ضد 7
A74: 8 | B74: =المدخلات!$F$4 -> 4:00–5:30 م | C74: 1 | D74: 9 ضد 17
A75: 8 | B75: =المدخلات!$F$4 -> 4:00–5:30 م | C75: 2 | D75: 8 ضد 18
A76: 8 | B76: =المدخلات!$F$4 -> 4:00–5:30 م | C76: 3 | D76: 10 ضد 16
A77: 8 | B77: =المدخلات!$F$4 -> 4:00–5:30 م | C77: 4 | D77: 2 ضد 5
A78: 8 | B78: =المدخلات!$F$5 -> 5:40–7:10 م | C78: 1 | D78: 7 ضد 19
A79: 8 | B79: =المدخلات!$F$5 -> 5:40–7:10 م | C79: 2 | D79: 11 ضد 15
A80: 8 | B80: =المدخلات!$F$5 -> 5:40–7:10 م | C80: 3 | D80: 12 ضد 14
A81: 8 | B81: =المدخلات!$F$5 -> 5:40–7:10 م | C81: 4 | D81: 6 ضد 20
A82: 8 | B82: =المدخلات!$F$6 -> 7:20–8:50 م | C82: 1 | D82: 3 ضد 4
A83: 8 | B83: =المدخلات!$F$6 -> 7:20–8:50 م | C83: 2 | D83: 1 ضد 13
A84: 9 | B84: =المدخلات!$F$4 -> 4:00–5:30 م | C84: 1 | D84: 1 ضد 12
A85: 9 | B85: =المدخلات!$F$4 -> 4:00–5:30 م | C85: 2 | D85: 2 ضد 3
A86: 9 | B86: =المدخلات!$F$4 -> 4:00–5:30 م | C86: 3 | D86: 6 ضد 18
A87: 9 | B87: =المدخلات!$F$4 -> 4:00–5:30 م | C87: 4 | D87: 11 ضد 13
A88: 9 | B88: =المدخلات!$F$5 -> 5:40–7:10 م | C88: 1 | D88: 4 ضد 20
A89: 9 | B89: =المدخلات!$F$5 -> 5:40–7:10 م | C89: 2 | D89: 10 ضد 14
A90: 9 | B90: =المدخلات!$F$5 -> 5:40–7:10 م | C90: 3 | D90: 8 ضد 16
A91: 9 | B91: =المدخلات!$F$5 -> 5:40–7:10 م | C91: 4 | D91: 7 ضد 17
A92: 9 | B92: =المدخلات!$F$6 -> 7:20–8:50 م | C92: 1 | D92: 9 ضد 15
A93: 9 | B93: =المدخلات!$F$6 -> 7:20–8:50 م | C93: 2 | D93: 5 ضد 19
A94: 10 | B94: =المدخلات!$F$4 -> 4:00–5:30 م | C94: 1 | D94: 10 ضد 12
A95: 10 | B95: =المدخلات!$F$4 -> 4:00–5:30 م | C95: 2 | D95: 9 ضد 13
A96: 10 | B96: =المدخلات!$F$4 -> 4:00–5:30 م | C96: 3 | D96: 7 ضد 15
A97: 10 | B97: =المدخلات!$F$4 -> 4:00–5:30 م | C97: 4 | D97: 4 ضد 18
A98: 10 | B98: =المدخلات!$F$5 -> 5:40–7:10 م | C98: 1 | D98: 1 ضد 11
A99: 10 | B99: =المدخلات!$F$5 -> 5:40–7:10 م | C99: 2 | D99: 5 ضد 17
A100: 10 | B100: =المدخلات!$F$5 -> 5:40–7:10 م | C100: 3 | D100: 2 ضد 20
A101: 10 | B101: =المدخلات!$F$5 -> 5:40–7:10 م | C101: 4 | D101: 3 ضد 19
...

Sheet 21 فريقًا
A1: بطولة 21 فريقًا – تحت 14
A3: اليوم | B3: الوقت | C3: الملعب | D3: المباراة
A4: 1 | B4: =المدخلات!$F$4 -> 4:00–5:30 م | C4: 1 | D4: 2 ضد 21
A5: 1 | B5: =المدخلات!$F$4 -> 4:00–5:30 م | C5: 2 | D5: 3 ضد 20
A6: 1 | B6: =المدخلات!$F$4 -> 4:00–5:30 م | C6: 3 | D6: 4 ضد 19
A7: 1 | B7: =المدخلات!$F$4 -> 4:00–5:30 م | C7: 4 | D7: 5 ضد 18
A8: 1 | B8: =المدخلات!$F$5 -> 5:40–7:10 م | C8: 1 | D8: 6 ضد 17
A9: 1 | B9: =المدخلات!$F$5 -> 5:40–7:10 م | C9: 2 | D9: 7 ضد 16
A10: 1 | B10: =المدخلات!$F$5 -> 5:40–7:10 م | C10: 3 | D10: 8 ضد 15
A11: 1 | B11: =المدخلات!$F$5 -> 5:40–7:10 م | C11: 4 | D11: 9 ضد 14
A12: 1 | B12: =المدخلات!$F$6 -> 7:20–8:50 م | C12: 1 | D12: 10 ضد 13
A13: 1 | B13: =المدخلات!$F$6 -> 7:20–8:50 م | C13: 2 | D13: 11 ضد 12
A14: 2 | B14: =المدخلات!$F$4 -> 4:00–5:30 م | C14: 1 | D14: 7 ضد 14
A15: 2 | B15: =المدخلات!$F$4 -> 4:00–5:30 م | C15: 2 | D15: 6 ضد 15
A16: 2 | B16: =المدخلات!$F$4 -> 4:00–5:30 م | C16: 3 | D16: 9 ضد 12
A17: 2 | B17: =المدخلات!$F$4 -> 4:00–5:30 م | C17: 4 | D17: 8 ضد 13
A18: 2 | B18: =المدخلات!$F$5 -> 5:40–7:10 م | C18: 1 | D18: 3 ضد 18
A19: 2 | B19: =المدخلات!$F$5 -> 5:40–7:10 م | C19: 2 | D19: 2 ضد 19
A20: 2 | B20: =المدخلات!$F$5 -> 5:40–7:10 م | C20: 3 | D20: 1 ضد 21
A21: 2 | B21: =المدخلات!$F$5 -> 5:40–7:10 م | C21: 4 | D21: 10 ضد 11
A22: 2 | B22: =المدخلات!$F$6 -> 7:20–8:50 م | C22: 1 | D22: 5 ضد 16
A23: 2 | B23: =المدخلات!$F$6 -> 7:20–8:50 م | C23: 2 | D23: 4 ضد 17
A24: 3 | B24: =المدخلات!$F$4 -> 4:00–5:30 م | C24: 1 | D24: 8 ضد 11
A25: 3 | B25: =المدخلات!$F$4 -> 4:00–5:30 م | C25: 2 | D25: 9 ضد 10
A26: 3 | B26: =المدخلات!$F$4 -> 4:00–5:30 م | C26: 3 | D26: 2 ضد 17
A27: 3 | B27: =المدخلات!$F$4 -> 4:00–5:30 م | C27: 4 | D27: 3 ضد 16
A28: 3 | B28: =المدخلات!$F$5 -> 5:40–7:10 م | C28: 1 | D28: 4 ضد 15
A29: 3 | B29: =المدخلات!$F$5 -> 5:40–7:10 م | C29: 2 | D29: 5 ضد 14
A30: 3 | B30: =المدخلات!$F$5 -> 5:40–7:10 م | C30: 3 | D30: 6 ضد 13
A31: 3 | B31: =المدخلات!$F$5 -> 5:40–7:10 م | C31: 4 | D31: 7 ضد 12
A32: 3 | B32: =المدخلات!$F$6 -> 7:20–8:50 م | C32: 1 | D32: 1 ضد 20
A33: 3 | B33: =المدخلات!$F$6 -> 7:20–8:50 م | C33: 2 | D33: 19 ضد 21
A34: 4 | B34: =المدخلات!$F$4 -> 4:00–5:30 م | C34: 1 | D34: 6 ضد 11
A35: 4 | B35: =المدخلات!$F$4 -> 4:00–5:30 م | C35: 2 | D35: 4 ضد 13
A36: 4 | B36: =المدخلات!$F$4 -> 4:00–5:30 م | C36: 3 | D36: 7 ضد 10
A37: 4 | B37: =المدخلات!$F$4 -> 4:00–5:30 م | C37: 4 | D37: 1 ضد 19
A38: 4 | B38: =المدخلات!$F$5 -> 5:40–7:10 م | C38: 1 | D38: 5 ضد 12
A39: 4 | B39: =المدخلات!$F$5 -> 5:40–7:10 م | C39: 2 | D39: 8 ضد 9
A40: 4 | B40: =المدخلات!$F$5 -> 5:40–7:10 م | C40: 3 | D40: 18 ضد 20
A41: 4 | B41: =المدخلات!$F$5 -> 5:40–7:10 م | C41: 4 | D41: 17 ضد 21
A42: 4 | B42: =المدخلات!$F$6 -> 7:20–8:50 م | C42: 1 | D42: 2 ضد 15
A43: 4 | B43: =المدخلات!$F$6 -> 7:20–8:50 م | C43: 2 | D43: 3 ضد 14
A44: 5 | B44: =المدخلات!$F$4 -> 4:00–5:30 م | C44: 1 | D44: 3 ضد 12
A45: 5 | B45: =المدخلات!$F$4 -> 4:00–5:30 م | C45: 2 | D45: 1 ضد 18
A46: 5 | B46: =المدخلات!$F$4 -> 4:00–5:30 م | C46: 3 | D46: 16 ضد 20
A47: 5 | B47: =المدخلات!$F$4 -> 4:00–5:30 م | C47: 4 | D47: 15 ضد 21
A48: 5 | B48: =المدخلات!$F$5 -> 5:40–7:10 م | C48: 1 | D48: 17 ضد 19
A49: 5 | B49: =المدخلات!$F$5 -> 5:40–7:10 م | C49: 2 | D49: 5 ضد 10
A50: 5 | B50: =المدخلات!$F$5 -> 5:40–7:10 م | C50: 3 | D50: 4 ضد 11
A51: 5 | B51: =المدخلات!$F$5 -> 5:40–7:10 م | C51: 4 | D51: 2 ضد 13
A52: 5 | B52: =المدخلات!$F$6 -> 7:20–8:50 م | C52: 1 | D52: 6 ضد 9
A53: 5 | B53: =المدخلات!$F$6 -> 7:20–8:50 م | C53: 2 | D53: 7 ضد 8
A54: 6 | B54: =المدخلات!$F$4 -> 4:00–5:30 م | C54: 1 | D54: 14 ضد 20
A55: 6 | B55: =المدخلات!$F$4 -> 4:00–5:30 م | C55: 2 | D55: 1 ضد 17
A56: 6 | B56: =المدخلات!$F$4 -> 4:00–5:30 م | C56: 3 | D56: 5 ضد 8
A57: 6 | B57: =المدخلات!$F$4 -> 4:00–5:30 م | C57: 4 | D57: 6 ضد 7
A58: 6 | B58: =المدخلات!$F$5 -> 5:40–7:10 م | C58: 1 | D58: 15 ضد 19
A59: 6 | B59: =المدخلات!$F$5 -> 5:40–7:10 م | C59: 2 | D59: 13 ضد 21
A60: 6 | B60: =المدخلات!$F$5 -> 5:40–7:10 م | C60: 3 | D60: 3 ضد 10
A61: 6 | B61: =المدخلات!$F$5 -> 5:40–7:10 م | C61: 4 | D61: 4 ضد 9
A62: 6 | B62: =المدخلات!$F$6 -> 7:20–8:50 م | C62: 1 | D62: 16 ضد 18
A63: 6 | B63: =المدخلات!$F$6 -> 7:20–8:50 م | C63: 2 | D63: 2 ضد 11
A64: 7 | B64: =المدخلات!$F$4 -> 4:00–5:30 م | C64: 1 | D64: 11 ضد 21
A65: 7 | B65: =المدخلات!$F$4 -> 4:00–5:30 م | C65: 2 | D65: 15 ضد 17
A66: 7 | B66: =المدخلات!$F$4 -> 4:00–5:30 م | C66: 3 | D66: 13 ضد 19
A67: 7 | B67: =المدخلات!$F$4 -> 4:00–5:30 م | C67: 4 | D67: 2 ضد 9
A68: 7 | B68: =المدخلات!$F$5 -> 5:40–7:10 م | C68: 1 | D68: 3 ضد 8
A69: 7 | B69: =المدخلات!$F$5 -> 5:40–7:10 م | C69: 2 | D69: 1 ضد 16
A70: 7 | B70: =المدخلات!$F$5 -> 5:40–7:10 م | C70: 3 | D70: 14 ضد 18
A71: 7 | B71: =المدخلات!$F$5 -> 5:40–7:10 م | C71: 4 | D71: 12 ضد 20
A72: 7 | B72: =المدخلات!$F$6 -> 7:20–8:50 م | C72: 1 | D72: 4 ضد 7
A73: 7 | B73: =المدخلات!$F$6 -> 7:20–8:50 م | C73: 2 | D73: 5 ضد 6
A74: 8 | B74: =المدخلات!$F$4 -> 4:00–5:30 م | C74: 1 | D74: 10 ضد 20
A75: 8 | B75: =المدخلات!$F$4 -> 4:00–5:30 م | C75: 2 | D75: 12 ضد 18
A76: 8 | B76: =المدخلات!$F$4 -> 4:00–5:30 م | C76: 3 | D76: 14 ضد 16
A77: 8 | B77: =المدخلات!$F$4 -> 4:00–5:30 م | C77: 4 | D77: 4 ضد 5
A78: 8 | B78: =المدخلات!$F$5 -> 5:40–7:10 م | C78: 1 | D78: 2 ضد 7
A79: 8 | B79: =المدخلات!$F$5 -> 5:40–7:10 م | C79: 2 | D79: 3 ضد 6
A80: 8 | B80: =المدخلات!$F$5 -> 5:40–7:10 م | C80: 3 | D80: 1 ضد 15
A81: 8 | B81: =المدخلات!$F$5 -> 5:40–7:10 م | C81: 4 | D81: 11 ضد 19
A82: 8 | B82: =المدخلات!$F$6 -> 7:20–8:50 م | C82: 1 | D82: 13 ضد 17
A83: 8 | B83: =المدخلات!$F$6 -> 7:20–8:50 م | C83: 2 | D83: 9 ضد 21
A84: 9 | B84: =المدخلات!$F$4 -> 4:00–5:30 م | C84: 1 | D84: 9 ضد 19
A85: 9 | B85: =المدخلات!$F$4 -> 4:00–5:30 م | C85: 2 | D85: 13 ضد 15
A86: 9 | B86: =المدخلات!$F$4 -> 4:00–5:30 م | C86: 3 | D86: 2 ضد 5
A87: 9 | B87: =المدخلات!$F$4 -> 4:00–5:30 م | C87: 4 | D87: 3 ضد 4
A88: 9 | B88: =المدخلات!$F$5 -> 5:40–7:10 م | C88: 1 | D88: 12 ضد 16
A89: 9 | B89: =المدخلات!$F$5 -> 5:40–7:10 م | C89: 2 | D89: 8 ضد 20
A90: 9 | B90: =المدخلات!$F$5 -> 5:40–7:10 م | C90: 3 | D90: 7 ضد 21
A91: 9 | B91: =المدخلات!$F$5 -> 5:40–7:10 م | C91: 4 | D91: 11 ضد 17
A92: 9 | B92: =المدخلات!$F$6 -> 7:20–8:50 م | C92: 1 | D92: 1 ضد 14
A93: 9 | B93: =المدخلات!$F$6 -> 7:20–8:50 م | C93: 2 | D93: 10 ضد 18
A94: 10 | B94: =المدخلات!$F$4 -> 4:00–5:30 م | C94: 1 | D94: 5 ضد 21
A95: 10 | B95: =المدخلات!$F$4 -> 4:00–5:30 م | C95: 2 | D95: 12 ضد 14
A96: 10 | B96: =المدخلات!$F$4 -> 4:00–5:30 م | C96: 3 | D96: 9 ضد 17
A97: 10 | B97: =المدخلات!$F$4 -> 4:00–5:30 م | C97: 4 | D97: 8 ضد 18
A98: 10 | B98: =المدخلات!$F$5 -> 5:40–7:10 م | C98: 1 | D98: 1 ضد 13
A99: 10 | B99: =المدخلات!$F$5 -> 5:40–7:10 م | C99: 2 | D99: 2 ضد 3
A100: 10 | B100: =المدخلات!$F$5 -> 5:40–7:10 م | C100: 3 | D100: 6 ضد 20
A101: 10 | B101: =المدخلات!$F$5 -> 5:40–7:10 م | C101: 4 | D101: 10 ضد 16
...

Sheet 22 فريقًا
A1: بطولة 22 فريقًا – تحت 14
A3: اليوم | B3: الوقت | C3: الملعب | D3: المباراة
A4: 1 | B4: =المدخلات!$F$4 -> 4:00–5:30 م | C4: 1 | D4: 1 ضد 22
A5: 1 | B5: =المدخلات!$F$4 -> 4:00–5:30 م | C5: 2 | D5: 2 ضد 21
A6: 1 | B6: =المدخلات!$F$4 -> 4:00–5:30 م | C6: 3 | D6: 3 ضد 20
A7: 1 | B7: =المدخلات!$F$4 -> 4:00–5:30 م | C7: 4 | D7: 4 ضد 19
A8: 1 | B8: =المدخلات!$F$5 -> 5:40–7:10 م | C8: 1 | D8: 5 ضد 18
A9: 1 | B9: =المدخلات!$F$5 -> 5:40–7:10 م | C9: 2 | D9: 6 ضد 17
A10: 1 | B10: =المدخلات!$F$5 -> 5:40–7:10 م | C10: 3 | D10: 7 ضد 16
A11: 1 | B11: =المدخلات!$F$5 -> 5:40–7:10 م | C11: 4 | D11: 8 ضد 15
A12: 1 | B12: =المدخلات!$F$6 -> 7:20–8:50 م | C12: 1 | D12: 9 ضد 14
A13: 1 | B13: =المدخلات!$F$6 -> 7:20–8:50 م | C13: 2 | D13: 10 ضد 13
A14: 1 | B14: =المدخلات!$F$6 -> 7:20–8:50 م | C14: 3 | D14: 11 ضد 12
A15: 2 | B15: =المدخلات!$F$4 -> 4:00–5:30 م | C15: 1 | D15: 10 ضد 11
A16: 2 | B16: =المدخلات!$F$4 -> 4:00–5:30 م | C16: 2 | D16: 5 ضد 16
A17: 2 | B17: =المدخلات!$F$4 -> 4:00–5:30 م | C17: 3 | D17: 8 ضد 13
A18: 2 | B18: =المدخلات!$F$4 -> 4:00–5:30 م | C18: 4 | D18: 7 ضد 14
A19: 2 | B19: =المدخلات!$F$5 -> 5:40–7:10 م | C19: 1 | D19: 2 ضد 19
A20: 2 | B20: =المدخلات!$F$5 -> 5:40–7:10 م | C20: 2 | D20: 20 ضد 22
A21: 2 | B21: =المدخلات!$F$5 -> 5:40–7:10 م | C21: 3 | D21: 1 ضد 21
A22: 2 | B22: =المدخلات!$F$5 -> 5:40–7:10 م | C22: 4 | D22: 9 ضد 12
A23: 2 | B23: =المدخلات!$F$6 -> 7:20–8:50 م | C23: 1 | D23: 4 ضد 17
A24: 2 | B24: =المدخلات!$F$6 -> 7:20–8:50 م | C24: 2 | D24: 3 ضد 18
A25: 2 | B25: =المدخلات!$F$6 -> 7:20–8:50 م | C25: 3 | D25: 6 ضد 15
A26: 3 | B26: =المدخلات!$F$4 -> 4:00–5:30 م | C26: 1 | D26: 7 ضد 12
A27: 3 | B27: =المدخلات!$F$4 -> 4:00–5:30 م | C27: 2 | D27: 4 ضد 15
A28: 3 | B28: =المدخلات!$F$4 -> 4:00–5:30 م | C28: 3 | D28: 9 ضد 10
A29: 3 | B29: =المدخلات!$F$4 -> 4:00–5:30 م | C29: 4 | D29: 2 ضد 17
A30: 3 | B30: =المدخلات!$F$5 -> 5:40–7:10 م | C30: 1 | D30: 3 ضد 16
A31: 3 | B31: =المدخلات!$F$5 -> 5:40–7:10 م | C31: 2 | D31: 8 ضد 11
A32: 3 | B32: =المدخلات!$F$5 -> 5:40–7:10 م | C32: 3 | D32: 5 ضد 14
A33: 3 | B33: =المدخلات!$F$5 -> 5:40–7:10 م | C33: 4 | D33: 6 ضد 13
A34: 3 | B34: =المدخلات!$F$6 -> 7:20–8:50 م | C34: 1 | D34: 1 ضد 20
A35: 3 | B35: =المدخلات!$F$6 -> 7:20–8:50 م | C35: 2 | D35: 19 ضد 21
A36: 3 | B36: =المدخلات!$F$6 -> 7:20–8:50 م | C36: 3 | D36: 18 ضد 22
A37: 4 | B37: =المدخلات!$F$4 -> 4:00–5:30 م | C37: 1 | D37: 6 ضد 11
A38: 4 | B38: =المدخلات!$F$4 -> 4:00–5:30 م | C38: 2 | D38: 8 ضد 9
A39: 4 | B39: =المدخلات!$F$4 -> 4:00–5:30 م | C39: 3 | D39: 17 ضد 21
A40: 4 | B40: =المدخلات!$F$4 -> 4:00–5:30 م | C40: 4 | D40: 18 ضد 20
A41: 4 | B41: =المدخلات!$F$5 -> 5:40–7:10 م | C41: 1 | D41: 4 ضد 13
A42: 4 | B42: =المدخلات!$F$5 -> 5:40–7:10 م | C42: 2 | D42: 7 ضد 10
A43: 4 | B43: =المدخلات!$F$5 -> 5:40–7:10 م | C43: 3 | D43: 1 ضد 19
A44: 4 | B44: =المدخلات!$F$5 -> 5:40–7:10 م | C44: 4 | D44: 3 ضد 14
A45: 4 | B45: =المدخلات!$F$6 -> 7:20–8:50 م | C45: 1 | D45: 2 ضد 15
A46: 4 | B46: =المدخلات!$F$6 -> 7:20–8:50 م | C46: 2 | D46: 5 ضد 12
A47: 4 | B47: =المدخلات!$F$6 -> 7:20–8:50 م | C47: 3 | D47: 16 ضد 22
A48: 5 | B48: =المدخلات!$F$4 -> 4:00–5:30 م | C48: 1 | D48: 3 ضد 12
A49: 5 | B49: =المدخلات!$F$4 -> 4:00–5:30 م | C49: 2 | D49: 14 ضد 22
A50: 5 | B50: =المدخلات!$F$4 -> 4:00–5:30 م | C50: 3 | D50: 6 ضد 9
A51: 5 | B51: =المدخلات!$F$4 -> 4:00–5:30 م | C51: 4 | D51: 1 ضد 18
A52: 5 | B52: =المدخلات!$F$5 -> 5:40–7:10 م | C52: 1 | D52: 15 ضد 21
A53: 5 | B53: =المدخلات!$F$5 -> 5:40–7:10 م | C53: 2 | D53: 17 ضد 19
A54: 5 | B54: =المدخلات!$F$5 -> 5:40–7:10 م | C54: 3 | D54: 4 ضد 11
A55: 5 | B55: =المدخلات!$F$5 -> 5:40–7:10 م | C55: 4 | D55: 5 ضد 10
A56: 5 | B56: =المدخلات!$F$6 -> 7:20–8:50 م | C56: 1 | D56: 7 ضد 8
A57: 5 | B57: =المدخلات!$F$6 -> 7:20–8:50 م | C57: 2 | D57: 16 ضد 20
A58: 5 | B58: =المدخلات!$F$6 -> 7:20–8:50 م | C58: 3 | D58: 2 ضد 13
A59: 6 | B59: =المدخلات!$F$4 -> 4:00–5:30 م | C59: 1 | D59: 5 ضد 8
A60: 6 | B60: =المدخلات!$F$4 -> 4:00–5:30 م | C60: 2 | D60: 16 ضد 18
A61: 6 | B61: =المدخلات!$F$4 -> 4:00–5:30 م | C61: 3 | D61: 15 ضد 19
A62: 6 | B62: =المدخلات!$F$4 -> 4:00–5:30 م | C62: 4 | D62: 13 ضد 21
A63: 6 | B63: =المدخلات!$F$5 -> 5:40–7:10 م | C63: 1 | D63: 14 ضد 20
A64: 6 | B64: =المدخلات!$F$5 -> 5:40–7:10 م | C64: 2 | D64: 2 ضد 11
A65: 6 | B65: =المدخلات!$F$5 -> 5:40–7:10 م | C65: 3 | D65: 4 ضد 9
A66: 6 | B66: =المدخلات!$F$5 -> 5:40–7:10 م | C66: 4 | D66: 12 ضد 22
A67: 6 | B67: =المدخلات!$F$6 -> 7:20–8:50 م | C67: 1 | D67: 6 ضد 7
A68: 6 | B68: =المدخلات!$F$6 -> 7:20–8:50 م | C68: 2 | D68: 1 ضد 17
A69: 6 | B69: =المدخلات!$F$6 -> 7:20–8:50 م | C69: 3 | D69: 3 ضد 10
A70: 7 | B70: =المدخلات!$F$4 -> 4:00–5:30 م | C70: 1 | D70: 13 ضد 19
A71: 7 | B71: =المدخلات!$F$4 -> 4:00–5:30 م | C71: 2 | D71: 4 ضد 7
A72: 7 | B72: =المدخلات!$F$4 -> 4:00–5:30 م | C72: 3 | D72: 5 ضد 6
A73: 7 | B73: =المدخلات!$F$4 -> 4:00–5:30 م | C73: 4 | D73: 1 ضد 16
A74: 7 | B74: =المدخلات!$F$5 -> 5:40–7:10 م | C74: 1 | D74: 10 ضد 22
A75: 7 | B75: =المدخلات!$F$5 -> 5:40–7:10 م | C75: 2 | D75: 3 ضد 8
A76: 7 | B76: =المدخلات!$F$5 -> 5:40–7:10 م | C76: 3 | D76: 12 ضد 20
A77: 7 | B77: =المدخلات!$F$5 -> 5:40–7:10 م | C77: 4 | D77: 15 ضد 17
A78: 7 | B78: =المدخلات!$F$6 -> 7:20–8:50 م | C78: 1 | D78: 11 ضد 21
A79: 7 | B79: =المدخلات!$F$6 -> 7:20–8:50 م | C79: 2 | D79: 2 ضد 9
A80: 7 | B80: =المدخلات!$F$6 -> 7:20–8:50 م | C80: 3 | D80: 14 ضد 18
A81: 8 | B81: =المدخلات!$F$4 -> 4:00–5:30 م | C81: 1 | D81: 14 ضد 16
A82: 8 | B82: =المدخلات!$F$4 -> 4:00–5:30 م | C82: 2 | D82: 1 ضد 15
A83: 8 | B83: =المدخلات!$F$4 -> 4:00–5:30 م | C83: 3 | D83: 13 ضد 17
A84: 8 | B84: =المدخلات!$F$4 -> 4:00–5:30 م | C84: 4 | D84: 10 ضد 20
A85: 8 | B85: =المدخلات!$F$5 -> 5:40–7:10 م | C85: 1 | D85: 12 ضد 18
A86: 8 | B86: =المدخلات!$F$5 -> 5:40–7:10 م | C86: 2 | D86: 3 ضد 6
A87: 8 | B87: =المدخلات!$F$5 -> 5:40–7:10 م | C87: 3 | D87: 2 ضد 7
A88: 8 | B88: =المدخلات!$F$5 -> 5:40–7:10 م | C88: 4 | D88: 9 ضد 21
A89: 8 | B89: =المدخلات!$F$6 -> 7:20–8:50 م | C89: 1 | D89: 4 ضد 5
A90: 8 | B90: =المدخلات!$F$6 -> 7:20–8:50 م | C90: 2 | D90: 11 ضد 19
A91: 8 | B91: =المدخلات!$F$6 -> 7:20–8:50 م | C91: 3 | D91: 8 ضد 22
A92: 9 | B92: =المدخلات!$F$4 -> 4:00–5:30 م | C92: 1 | D92: 11 ضد 17
A93: 9 | B93: =المدخلات!$F$4 -> 4:00–5:30 م | C93: 2 | D93: 6 ضد 22
A94: 9 | B94: =المدخلات!$F$4 -> 4:00–5:30 م | C94: 3 | D94: 2 ضد 5
A95: 9 | B95: =المدخلات!$F$4 -> 4:00–5:30 م | C95: 4 | D95: 3 ضد 4
A96: 9 | B96: =المدخلات!$F$5 -> 5:40–7:10 م | C96: 1 | D96: 10 ضد 18
A97: 9 | B97: =المدخلات!$F$5 -> 5:40–7:10 م | C97: 2 | D97: 13 ضد 15
A98: 9 | B98: =المدخلات!$F$5 -> 5:40–7:10 م | C98: 3 | D98: 1 ضد 14
A99: 9 | B99: =المدخلات!$F$5 -> 5:40–7:10 م | C99: 4 | D99: 7 ضد 21
A100: 9 | B100: =المدخلات!$F$6 -> 7:20–8:50 م | C100: 1 | D100: 9 ضد 19
A101: 9 | B101: =المدخلات!$F$6 -> 7:20–8:50 م | C101: 2 | D101: 12 ضد 16
...

Sheet 23 فريقًا
A1: بطولة 23 فريقًا – تحت 14
A3: اليوم | B3: الوقت | C3: الملعب | D3: المجموعة / الدور | E3: المباراة | G3: المتأهلون: متصدرو المجموعات الثلاث + أفضل وصيف (4 متأهلين) → نصف نهائي يوم 22، النهائي يوم 23.
A4: 1 | B4: =المدخلات!$F$4 -> 4:00–5:30 م | C4: 1 | D4: المجموعة 1 | E4: 1 ضد 8
A5: 1 | B5: =المدخلات!$F$4 -> 4:00–5:30 م | C5: 2 | D5: المجموعة 1 | E5: 2 ضد 7
A6: 1 | B6: =المدخلات!$F$4 -> 4:00–5:30 م | C6: 3 | D6: المجموعة 1 | E6: 3 ضد 6
A7: 1 | B7: =المدخلات!$F$4 -> 4:00–5:30 م | C7: 4 | D7: المجموعة 1 | E7: 4 ضد 5
A8: 1 | B8: =المدخلات!$F$5 -> 5:40–7:10 م | C8: 1 | D8: المجموعة 2 | E8: 9 ضد 16
A9: 1 | B9: =المدخلات!$F$5 -> 5:40–7:10 م | C9: 2 | D9: المجموعة 2 | E9: 10 ضد 15
A10: 1 | B10: =المدخلات!$F$5 -> 5:40–7:10 م | C10: 3 | D10: المجموعة 2 | E10: 11 ضد 14
A11: 1 | B11: =المدخلات!$F$5 -> 5:40–7:10 م | C11: 4 | D11: المجموعة 2 | E11: 12 ضد 13
A12: 1 | B12: =المدخلات!$F$6 -> 7:20–8:50 م | C12: 1 | D12: المجموعة 3 | E12: 18 ضد 23
A13: 1 | B13: =المدخلات!$F$6 -> 7:20–8:50 م | C13: 2 | D13: المجموعة 3 | E13: 19 ضد 22
A14: 1 | B14: =المدخلات!$F$6 -> 7:20–8:50 م | C14: 3 | D14: المجموعة 3 | E14: 20 ضد 21
A15: 2 | B15: =المدخلات!$F$4 -> 4:00–5:30 م | C15: 1 | D15: المجموعة 3 | E15: 19 ضد 20
A16: 2 | B16: =المدخلات!$F$4 -> 4:00–5:30 م | C16: 2 | D16: المجموعة 3 | E16: 17 ضد 23
A17: 2 | B17: =المدخلات!$F$4 -> 4:00–5:30 م | C17: 3 | D17: المجموعة 2 | E17: 9 ضد 15
A18: 2 | B18: =المدخلات!$F$4 -> 4:00–5:30 م | C18: 4 | D18: المجموعة 3 | E18: 18 ضد 21
A19: 2 | B19: =المدخلات!$F$5 -> 5:40–7:10 م | C19: 1 | D19: المجموعة 1 | E19: 2 ضد 5
A20: 2 | B20: =المدخلات!$F$5 -> 5:40–7:10 م | C20: 2 | D20: المجموعة 1 | E20: 3 ضد 4
A21: 2 | B21: =المدخلات!$F$5 -> 5:40–7:10 م | C21: 3 | D21: المجموعة 1 | E21: 1 ضد 7
A22: 2 | B22: =المدخلات!$F$5 -> 5:40–7:10 م | C22: 4 | D22: المجموعة 1 | E22: 8 ضد 6
A23: 2 | B23: =المدخلات!$F$6 -> 7:20–8:50 م | C23: 1 | D23: المجموعة 2 | E23: 11 ضد 12
A24: 2 | B24: =المدخلات!$F$6 -> 7:20–8:50 م | C24: 2 | D24: المجموعة 2 | E24: 16 ضد 14
A25: 2 | B25: =المدخلات!$F$6 -> 7:20–8:50 م | C25: 3 | D25: المجموعة 2 | E25: 10 ضد 13
A26: 3 | B26: =المدخلات!$F$4 -> 4:00–5:30 م | C26: 1 | D26: المجموعة 2 | E26: 15 ضد 13
A27: 3 | B27: =المدخلات!$F$4 -> 4:00–5:30 م | C27: 2 | D27: المجموعة 2 | E27: 10 ضد 11
A28: 3 | B28: =المدخلات!$F$4 -> 4:00–5:30 م | C28: 3 | D28: المجموعة 2 | E28: 16 ضد 12
A29: 3 | B29: =المدخلات!$F$4 -> 4:00–5:30 م | C29: 4 | D29: المجموعة 2 | E29: 9 ضد 14
A30: 3 | B30: =المدخلات!$F$5 -> 5:40–7:10 م | C30: 1 | D30: المجموعة 3 | E30: 17 ضد 22
A31: 3 | B31: =المدخلات!$F$5 -> 5:40–7:10 م | C31: 2 | D31: المجموعة 3 | E31: 23 ضد 21
A32: 3 | B32: =المدخلات!$F$5 -> 5:40–7:10 م | C32: 3 | D32: المجموعة 3 | E32: 18 ضد 19
A33: 3 | B33: =المدخلات!$F$5 -> 5:40–7:10 م | C33: 4 | D33: المجموعة 1 | E33: 2 ضد 3
A34: 3 | B34: =المدخلات!$F$6 -> 7:20–8:50 م | C34: 1 | D34: المجموعة 1 | E34: 7 ضد 5
A35: 3 | B35: =المدخلات!$F$6 -> 7:20–8:50 م | C35: 2 | D35: المجموعة 1 | E35: 1 ضد 6
A36: 3 | B36: =المدخلات!$F$6 -> 7:20–8:50 م | C36: 3 | D36: المجموعة 1 | E36: 8 ضد 4
A37: 4 | B37: =المدخلات!$F$4 -> 4:00–5:30 م | C37: 1 | D37: المجموعة 1 | E37: 6 ضد 4
A38: 4 | B38: =المدخلات!$F$4 -> 4:00–5:30 م | C38: 2 | D38: المجموعة 2 | E38: 14 ضد 12
A39: 4 | B39: =المدخلات!$F$4 -> 4:00–5:30 م | C39: 3 | D39: المجموعة 1 | E39: 1 ضد 5
A40: 4 | B40: =المدخلات!$F$4 -> 4:00–5:30 م | C40: 4 | D40: المجموعة 2 | E40: 16 ضد 10
A41: 4 | B41: =المدخلات!$F$5 -> 5:40–7:10 م | C41: 1 | D41: المجموعة 3 | E41: 17 ضد 21
A42: 4 | B42: =المدخلات!$F$5 -> 5:40–7:10 م | C42: 2 | D42: المجموعة 3 | E42: 22 ضد 20
A43: 4 | B43: =المدخلات!$F$5 -> 5:40–7:10 م | C43: 3 | D43: المجموعة 3 | E43: 23 ضد 19
A44: 4 | B44: =المدخلات!$F$5 -> 5:40–7:10 م | C44: 4 | D44: المجموعة 2 | E44: 15 ضد 11
A45: 4 | B45: =المدخلات!$F$6 -> 7:20–8:50 م | C45: 1 | D45: المجموعة 1 | E45: 7 ضد 3
A46: 4 | B46: =المدخلات!$F$6 -> 7:20–8:50 م | C46: 2 | D46: المجموعة 2 | E46: 9 ضد 13
A47: 4 | B47: =المدخلات!$F$6 -> 7:20–8:50 م | C47: 3 | D47: المجموعة 1 | E47: 8 ضد 2
A48: 5 | B48: =المدخلات!$F$4 -> 4:00–5:30 م | C48: 1 | D48: المجموعة 2 | E48: 13 ضد 11
A49: 5 | B49: =المدخلات!$F$4 -> 4:00–5:30 م | C49: 2 | D49: المجموعة 3 | E49: 21 ضد 19
A50: 5 | B50: =المدخلات!$F$4 -> 4:00–5:30 م | C50: 3 | D50: المجموعة 3 | E50: 22 ضد 18
A51: 5 | B51: =المدخلات!$F$4 -> 4:00–5:30 م | C51: 4 | D51: المجموعة 3 | E51: 17 ضد 20
A52: 5 | B52: =المدخلات!$F$5 -> 5:40–7:10 م | C52: 1 | D52: المجموعة 2 | E52: 14 ضد 10
A53: 5 | B53: =المدخلات!$F$5 -> 5:40–7:10 م | C53: 2 | D53: المجموعة 1 | E53: 7 ضد 8
A54: 5 | B54: =المدخلات!$F$5 -> 5:40–7:10 م | C54: 3 | D54: المجموعة 2 | E54: 9 ضد 12
A55: 5 | B55: =المدخلات!$F$5 -> 5:40–7:10 م | C55: 4 | D55: المجموعة 1 | E55: 1 ضد 4
A56: 5 | B56: =المدخلات!$F$6 -> 7:20–8:50 م | C56: 1 | D56: المجموعة 1 | E56: 6 ضد 2
A57: 5 | B57: =المدخلات!$F$6 -> 7:20–8:50 م | C57: 2 | D57: المجموعة 1 | E57: 5 ضد 3
A58: 5 | B58: =المدخلات!$F$6 -> 7:20–8:50 م | C58: 3 | D58: المجموعة 2 | E58: 15 ضد 16
A59: 6 | B59: =المدخلات!$F$4 -> 4:00–5:30 م | C59: 1 | D59: المجموعة 1 | E59: 1 ضد 3
A60: 6 | B60: =المدخلات!$F$4 -> 4:00–5:30 م | C60: 2 | D60: المجموعة 1 | E60: 5 ضد 8
A61: 6 | B61: =المدخلات!$F$4 -> 4:00–5:30 م | C61: 3 | D61: المجموعة 1 | E61: 4 ضد 2
A62: 6 | B62: =المدخلات!$F$4 -> 4:00–5:30 م | C62: 4 | D62: المجموعة 3 | E62: 22 ضد 23
A63: 6 | B63: =المدخلات!$F$5 -> 5:40–7:10 م | C63: 1 | D63: المجموعة 2 | E63: 14 ضد 15
A64: 6 | B64: =المدخلات!$F$5 -> 5:40–7:10 م | C64: 2 | D64: المجموعة 3 | E64: 20 ضد 18
A65: 6 | B65: =المدخلات!$F$5 -> 5:40–7:10 م | C65: 3 | D65: المجموعة 1 | E65: 6 ضد 7
A66: 6 | B66: =المدخلات!$F$5 -> 5:40–7:10 م | C66: 4 | D66: المجموعة 2 | E66: 13 ضد 16
A67: 6 | B67: =المدخلات!$F$6 -> 7:20–8:50 م | C67: 1 | D67: المجموعة 2 | E67: 12 ضد 10
A68: 6 | B68: =المدخلات!$F$6 -> 7:20–8:50 م | C68: 2 | D68: المجموعة 2 | E68: 9 ضد 11
A69: 6 | B69: =المدخلات!$F$6 -> 7:20–8:50 م | C69: 3 | D69: المجموعة 3 | E69: 17 ضد 19
A70: 7 | B70: =المدخلات!$F$4 -> 4:00–5:30 م | C70: 1 | D70: المجموعة 1 | E70: 4 ضد 7
A71: 7 | B71: =المدخلات!$F$4 -> 4:00–5:30 م | C71: 2 | D71: المجموعة 2 | E71: 12 ضد 15
A72: 7 | B72: =المدخلات!$F$4 -> 4:00–5:30 م | C72: 3 | D72: المجموعة 2 | E72: 13 ضد 14
A73: 7 | B73: =المدخلات!$F$4 -> 4:00–5:30 م | C73: 4 | D73: المجموعة 1 | E73: 3 ضد 8
A74: 7 | B74: =المدخلات!$F$5 -> 5:40–7:10 م | C74: 1 | D74: المجموعة 2 | E74: 9 ضد 10
A75: 7 | B75: =المدخلات!$F$5 -> 5:40–7:10 م | C75: 2 | D75: المجموعة 1 | E75: 1 ضد 2
A76: 7 | B76: =المدخلات!$F$5 -> 5:40–7:10 م | C76: 3 | D76: المجموعة 2 | E76: 11 ضد 16
A77: 7 | B77: =المدخلات!$F$5 -> 5:40–7:10 م | C77: 4 | D77: المجموعة 1 | E77: 5 ضد 6
A78: 7 | B78: =المدخلات!$F$6 -> 7:20–8:50 م | C78: 1 | D78: المجموعة 3 | E78: 20 ضد 23
A79: 7 | B79: =المدخلات!$F$6 -> 7:20–8:50 م | C79: 2 | D79: المجموعة 3 | E79: 17 ضد 18
A80: 7 | B80: =المدخلات!$F$6 -> 7:20–8:50 م | C80: 3 | D80: المجموعة 3 | E80: 21 ضد 22
A81: 8 | B81: =المدخلات!$F$4 -> 4:00–5:30 م | C81: 1 | D81: المجموعة 2 | E81: 9 ضد 16
A82: 8 | B82: =المدخلات!$F$4 -> 4:00–5:30 م | C82: 2 | D82: المجموعة 1 | E82: 3 ضد 6
A83: 8 | B83: =المدخلات!$F$4 -> 4:00–5:30 م | C83: 3 | D83: المجموعة 3 | E83: 18 ضد 23
A84: 8 | B84: =المدخلات!$F$4 -> 4:00–5:30 م | C84: 4 | D84: المجموعة 1 | E84: 2 ضد 7
A85: 8 | B85: =المدخلات!$F$5 -> 5:40–7:10 م | C85: 1 | D85: المجموعة 3 | E85: 20 ضد 21
A86: 8 | B86: =المدخلات!$F$5 -> 5:40–7:10 م | C86: 2 | D86: المجموعة 2 | E86: 12 ضد 13
A87: 8 | B87: =المدخلات!$F$5 -> 5:40–7:10 م | C87: 3 | D87: المجموعة 1 | E87: 4 ضد 5
A88: 8 | B88: =المدخلات!$F$5 -> 5:40–7:10 م | C88: 4 | D88: المجموعة 3 | E88: 19 ضد 22
A89: 8 | B89: =المدخلات!$F$6 -> 7:20–8:50 م | C89: 1 | D89: المجموعة 1 | E89: 1 ضد 8
A90: 8 | B90: =المدخلات!$F$6 -> 7:20–8:50 م | C90: 2 | D90: المجموعة 2 | E90: 11 ضد 14
A91: 8 | B91: =المدخلات!$F$6 -> 7:20–8:50 م | C91: 3 | D91: المجموعة 2 | E91: 10 ضد 15
A92: 9 | B92: =المدخلات!$F$4 -> 4:00–5:30 م | C92: 1 | D92: المجموعة 3 | E92: 18 ضد 21
A93: 9 | B93: =المدخلات!$F$4 -> 4:00–5:30 م | C93: 2 | D93: المجموعة 2 | E93: 10 ضد 13
A94: 9 | B94: =المدخلات!$F$4 -> 4:00–5:30 م | C94: 3 | D94: المجموعة 2 | E94: 11 ضد 12
A95: 9 | B95: =المدخلات!$F$4 -> 4:00–5:30 م | C95: 4 | D95: المجموعة 3 | E95: 19 ضد 20
A96: 9 | B96: =المدخلات!$F$5 -> 5:40–7:10 م | C96: 1 | D96: المجموعة 1 | E96: 8 ضد 6
A97: 9 | B97: =المدخلات!$F$5 -> 5:40–7:10 م | C97: 2 | D97: المجموعة 2 | E97: 9 ضد 15
A98: 9 | B98: =المدخلات!$F$5 -> 5:40–7:10 م | C98: 3 | D98: المجموعة 3 | E98: 17 ضد 23
A99: 9 | B99: =المدخلات!$F$5 -> 5:40–7:10 م | C99: 4 | D99: المجموعة 1 | E99: 1 ضد 7
A100: 9 | B100: =المدخلات!$F$6 -> 7:20–8:50 م | C100: 1 | D100: المجموعة 1 | E100: 2 ضد 5
A101: 9 | B101: =المدخلات!$F$6 -> 7:20–8:50 م | C101: 2 | D101: المجموعة 2 | E101: 16 ضد 14
...

Sheet 31 فريقًا
A1: بطولة 31 فريقًا – تحت 14
A3: اليوم | B3: الوقت | C3: الملعب | D3: المجموعة / الدور | E3: المباراة | G3: المتأهلون: متصدرو المجموعات الأربع (4 متأهلين) → نصف نهائي يوم 22، النهائي يوم 23.
A4: 1 | B4: =المدخلات!$F$4 -> 4:00–5:30 م | C4: 1 | D4: المجموعة 1 | E4: 1 ضد 8
A5: 1 | B5: =المدخلات!$F$4 -> 4:00–5:30 م | C5: 2 | D5: المجموعة 1 | E5: 2 ضد 7
A6: 1 | B6: =المدخلات!$F$4 -> 4:00–5:30 م | C6: 3 | D6: المجموعة 1 | E6: 3 ضد 6
A7: 1 | B7: =المدخلات!$F$4 -> 4:00–5:30 م | C7: 4 | D7: المجموعة 1 | E7: 4 ضد 5
A8: 1 | B8: =المدخلات!$F$4 -> 4:00–5:30 م | C8: 5 | D8: المجموعة 2 | E8: 9 ضد 16
A9: 1 | B9: =المدخلات!$F$5 -> 5:40–7:10 م | C9: 1 | D9: المجموعة 2 | E9: 10 ضد 15
A10: 1 | B10: =المدخلات!$F$5 -> 5:40–7:10 م | C10: 2 | D10: المجموعة 2 | E10: 11 ضد 14
A11: 1 | B11: =المدخلات!$F$5 -> 5:40–7:10 م | C11: 3 | D11: المجموعة 2 | E11: 12 ضد 13
A12: 1 | B12: =المدخلات!$F$5 -> 5:40–7:10 م | C12: 4 | D12: المجموعة 3 | E12: 17 ضد 24
A13: 1 | B13: =المدخلات!$F$5 -> 5:40–7:10 م | C13: 5 | D13: المجموعة 3 | E13: 18 ضد 23
A14: 1 | B14: =المدخلات!$F$6 -> 7:20–8:50 م | C14: 1 | D14: المجموعة 3 | E14: 19 ضد 22
A15: 1 | B15: =المدخلات!$F$6 -> 7:20–8:50 م | C15: 2 | D15: المجموعة 3 | E15: 20 ضد 21
A16: 1 | B16: =المدخلات!$F$6 -> 7:20–8:50 م | C16: 3 | D16: المجموعة 4 | E16: 26 ضد 31
A17: 1 | B17: =المدخلات!$F$6 -> 7:20–8:50 م | C17: 4 | D17: المجموعة 4 | E17: 27 ضد 30
A18: 1 | B18: =المدخلات!$F$6 -> 7:20–8:50 م | C18: 5 | D18: المجموعة 4 | E18: 28 ضد 29
A19: 2 | B19: =المدخلات!$F$4 -> 4:00–5:30 م | C19: 1 | D19: المجموعة 4 | E19: 27 ضد 28
A20: 2 | B20: =المدخلات!$F$4 -> 4:00–5:30 م | C20: 2 | D20: المجموعة 3 | E20: 24 ضد 22
A21: 2 | B21: =المدخلات!$F$4 -> 4:00–5:30 م | C21: 3 | D21: المجموعة 3 | E21: 18 ضد 21
A22: 2 | B22: =المدخلات!$F$4 -> 4:00–5:30 م | C22: 4 | D22: المجموعة 4 | E22: 26 ضد 29
A23: 2 | B23: =المدخلات!$F$4 -> 4:00–5:30 م | C23: 5 | D23: المجموعة 4 | E23: 25 ضد 31
A24: 2 | B24: =المدخلات!$F$5 -> 5:40–7:10 م | C24: 1 | D24: المجموعة 1 | E24: 2 ضد 5
A25: 2 | B25: =المدخلات!$F$5 -> 5:40–7:10 م | C25: 2 | D25: المجموعة 1 | E25: 3 ضد 4
A26: 2 | B26: =المدخلات!$F$5 -> 5:40–7:10 م | C26: 3 | D26: المجموعة 1 | E26: 1 ضد 7
A27: 2 | B27: =المدخلات!$F$5 -> 5:40–7:10 م | C27: 4 | D27: المجموعة 1 | E27: 8 ضد 6
A28: 2 | B28: =المدخلات!$F$5 -> 5:40–7:10 م | C28: 5 | D28: المجموعة 3 | E28: 19 ضد 20
A29: 2 | B29: =المدخلات!$F$6 -> 7:20–8:50 م | C29: 1 | D29: المجموعة 2 | E29: 16 ضد 14
A30: 2 | B30: =المدخلات!$F$6 -> 7:20–8:50 م | C30: 2 | D30: المجموعة 2 | E30: 9 ضد 15
A31: 2 | B31: =المدخلات!$F$6 -> 7:20–8:50 م | C31: 3 | D31: المجموعة 3 | E31: 17 ضد 23
A32: 2 | B32: =المدخلات!$F$6 -> 7:20–8:50 م | C32: 4 | D32: المجموعة 2 | E32: 10 ضد 13
A33: 2 | B33: =المدخلات!$F$6 -> 7:20–8:50 م | C33: 5 | D33: المجموعة 2 | E33: 11 ضد 12
A34: 3 | B34: =المدخلات!$F$4 -> 4:00–5:30 م | C34: 1 | D34: المجموعة 3 | E34: 23 ضد 21
A35: 3 | B35: =المدخلات!$F$4 -> 4:00–5:30 م | C35: 2 | D35: المجموعة 3 | E35: 18 ضد 19
A36: 3 | B36: =المدخلات!$F$4 -> 4:00–5:30 م | C36: 3 | D36: المجموعة 2 | E36: 10 ضد 11
A37: 3 | B37: =المدخلات!$F$4 -> 4:00–5:30 م | C37: 4 | D37: المجموعة 2 | E37: 9 ضد 14
A38: 3 | B38: =المدخلات!$F$4 -> 4:00–5:30 م | C38: 5 | D38: المجموعة 2 | E38: 15 ضد 13
A39: 3 | B39: =المدخلات!$F$5 -> 5:40–7:10 م | C39: 1 | D39: المجموعة 4 | E39: 31 ضد 29
A40: 3 | B40: =المدخلات!$F$5 -> 5:40–7:10 م | C40: 2 | D40: المجموعة 4 | E40: 26 ضد 27
A41: 3 | B41: =المدخلات!$F$5 -> 5:40–7:10 م | C41: 3 | D41: المجموعة 4 | E41: 25 ضد 30
A42: 3 | B42: =المدخلات!$F$5 -> 5:40–7:10 م | C42: 4 | D42: المجموعة 2 | E42: 16 ضد 12
A43: 3 | B43: =المدخلات!$F$5 -> 5:40–7:10 م | C43: 5 | D43: المجموعة 3 | E43: 17 ضد 22
A44: 3 | B44: =المدخلات!$F$6 -> 7:20–8:50 م | C44: 1 | D44: المجموعة 3 | E44: 24 ضد 20
A45: 3 | B45: =المدخلات!$F$6 -> 7:20–8:50 م | C45: 2 | D45: المجموعة 1 | E45: 1 ضد 6
A46: 3 | B46: =المدخلات!$F$6 -> 7:20–8:50 م | C46: 3 | D46: المجموعة 1 | E46: 8 ضد 4
A47: 3 | B47: =المدخلات!$F$6 -> 7:20–8:50 م | C47: 4 | D47: المجموعة 1 | E47: 2 ضد 3
A48: 3 | B48: =المدخلات!$F$6 -> 7:20–8:50 م | C48: 5 | D48: المجموعة 1 | E48: 7 ضد 5
A49: 4 | B49: =المدخلات!$F$4 -> 4:00–5:30 م | C49: 1 | D49: المجموعة 1 | E49: 7 ضد 3
A50: 4 | B50: =المدخلات!$F$4 -> 4:00–5:30 م | C50: 2 | D50: المجموعة 4 | E50: 30 ضد 28
A51: 4 | B51: =المدخلات!$F$4 -> 4:00–5:30 م | C51: 3 | D51: المجموعة 2 | E51: 14 ضد 12
A52: 4 | B52: =المدخلات!$F$4 -> 4:00–5:30 م | C52: 4 | D52: المجموعة 3 | E52: 22 ضد 20
A53: 4 | B53: =المدخلات!$F$4 -> 4:00–5:30 م | C53: 5 | D53: المجموعة 1 | E53: 8 ضد 2
A54: 4 | B54: =المدخلات!$F$5 -> 5:40–7:10 م | C54: 1 | D54: المجموعة 2 | E54: 9 ضد 13
A55: 4 | B55: =المدخلات!$F$5 -> 5:40–7:10 م | C55: 2 | D55: المجموعة 2 | E55: 16 ضد 10
A56: 4 | B56: =المدخلات!$F$5 -> 5:40–7:10 م | C56: 3 | D56: المجموعة 1 | E56: 1 ضد 5
A57: 4 | B57: =المدخلات!$F$5 -> 5:40–7:10 م | C57: 4 | D57: المجموعة 3 | E57: 23 ضد 19
A58: 4 | B58: =المدخلات!$F$5 -> 5:40–7:10 م | C58: 5 | D58: المجموعة 1 | E58: 6 ضد 4
A59: 4 | B59: =المدخلات!$F$6 -> 7:20–8:50 م | C59: 1 | D59: المجموعة 3 | E59: 17 ضد 21
A60: 4 | B60: =المدخلات!$F$6 -> 7:20–8:50 م | C60: 2 | D60: المجموعة 4 | E60: 25 ضد 29
A61: 4 | B61: =المدخلات!$F$6 -> 7:20–8:50 م | C61: 3 | D61: المجموعة 3 | E61: 24 ضد 18
A62: 4 | B62: =المدخلات!$F$6 -> 7:20–8:50 م | C62: 4 | D62: المجموعة 2 | E62: 15 ضد 11
A63: 4 | B63: =المدخلات!$F$6 -> 7:20–8:50 م | C63: 5 | D63: المجموعة 4 | E63: 31 ضد 27
A64: 5 | B64: =المدخلات!$F$4 -> 4:00–5:30 م | C64: 1 | D64: المجموعة 2 | E64: 13 ضد 11
A65: 5 | B65: =المدخلات!$F$4 -> 4:00–5:30 م | C65: 2 | D65: المجموعة 3 | E65: 17 ضد 20
A66: 5 | B66: =المدخلات!$F$4 -> 4:00–5:30 م | C66: 3 | D66: المجموعة 2 | E66: 15 ضد 16
A67: 5 | B67: =المدخلات!$F$4 -> 4:00–5:30 م | C67: 4 | D67: المجموعة 1 | E67: 1 ضد 4
A68: 5 | B68: =المدخلات!$F$4 -> 4:00–5:30 م | C68: 5 | D68: المجموعة 3 | E68: 23 ضد 24
A69: 5 | B69: =المدخلات!$F$5 -> 5:40–7:10 م | C69: 1 | D69: المجموعة 4 | E69: 30 ضد 26
A70: 5 | B70: =المدخلات!$F$5 -> 5:40–7:10 م | C70: 2 | D70: المجموعة 1 | E70: 7 ضد 8
A71: 5 | B71: =المدخلات!$F$5 -> 5:40–7:10 م | C71: 3 | D71: المجموعة 4 | E71: 29 ضد 27
A72: 5 | B72: =المدخلات!$F$5 -> 5:40–7:10 م | C72: 4 | D72: المجموعة 4 | E72: 25 ضد 28
A73: 5 | B73: =المدخلات!$F$5 -> 5:40–7:10 م | C73: 5 | D73: المجموعة 3 | E73: 21 ضد 19
A74: 5 | B74: =المدخلات!$F$6 -> 7:20–8:50 م | C74: 1 | D74: المجموعة 2 | E74: 9 ضد 12
A75: 5 | B75: =المدخلات!$F$6 -> 7:20–8:50 م | C75: 2 | D75: المجموعة 1 | E75: 5 ضد 3
A76: 5 | B76: =المدخلات!$F$6 -> 7:20–8:50 م | C76: 3 | D76: المجموعة 1 | E76: 6 ضد 2
A77: 5 | B77: =المدخلات!$F$6 -> 7:20–8:50 م | C77: 4 | D77: المجموعة 3 | E77: 22 ضد 18
A78: 5 | B78: =المدخلات!$F$6 -> 7:20–8:50 م | C78: 5 | D78: المجموعة 2 | E78: 14 ضد 10
A79: 6 | B79: =المدخلات!$F$4 -> 4:00–5:30 م | C79: 1 | D79: المجموعة 4 | E79: 25 ضد 27
A80: 6 | B80: =المدخلات!$F$4 -> 4:00–5:30 م | C80: 2 | D80: المجموعة 2 | E80: 12 ضد 10
A81: 6 | B81: =المدخلات!$F$4 -> 4:00–5:30 م | C81: 3 | D81: المجموعة 3 | E81: 17 ضد 19
A82: 6 | B82: =المدخلات!$F$4 -> 4:00–5:30 م | C82: 4 | D82: المجموعة 4 | E82: 30 ضد 31
A83: 6 | B83: =المدخلات!$F$4 -> 4:00–5:30 م | C83: 5 | D83: المجموعة 1 | E83: 5 ضد 8
A84: 6 | B84: =المدخلات!$F$5 -> 5:40–7:10 م | C84: 1 | D84: المجموعة 3 | E84: 20 ضد 18
A85: 6 | B85: =المدخلات!$F$5 -> 5:40–7:10 م | C85: 2 | D85: المجموعة 2 | E85: 14 ضد 15
A86: 6 | B86: =المدخلات!$F$5 -> 5:40–7:10 م | C86: 3 | D86: المجموعة 2 | E86: 9 ضد 11
A87: 6 | B87: =المدخلات!$F$5 -> 5:40–7:10 م | C87: 4 | D87: المجموعة 3 | E87: 21 ضد 24
A88: 6 | B88: =المدخلات!$F$5 -> 5:40–7:10 م | C88: 5 | D88: المجموعة 1 | E88: 1 ضد 3
A89: 6 | B89: =المدخلات!$F$6 -> 7:20–8:50 م | C89: 1 | D89: المجموعة 1 | E89: 4 ضد 2
A90: 6 | B90: =المدخلات!$F$6 -> 7:20–8:50 م | C90: 2 | D90: المجموعة 2 | E90: 13 ضد 16
A91: 6 | B91: =المدخلات!$F$6 -> 7:20–8:50 م | C91: 3 | D91: المجموعة 3 | E91: 22 ضد 23
A92: 6 | B92: =المدخلات!$F$6 -> 7:20–8:50 م | C92: 4 | D92: المجموعة 1 | E92: 6 ضد 7
A93: 6 | B93: =المدخلات!$F$6 -> 7:20–8:50 م | C93: 5 | D93: المجموعة 4 | E93: 28 ضد 26
A94: 7 | B94: =المدخلات!$F$4 -> 4:00–5:30 م | C94: 1 | D94: المجموعة 1 | E94: 5 ضد 6
A95: 7 | B95: =المدخلات!$F$4 -> 4:00–5:30 م | C95: 2 | D95: المجموعة 1 | E95: 1 ضد 2
A96: 7 | B96: =المدخلات!$F$4 -> 4:00–5:30 م | C96: 3 | D96: المجموعة 1 | E96: 4 ضد 7
A97: 7 | B97: =المدخلات!$F$4 -> 4:00–5:30 م | C97: 4 | D97: المجموعة 2 | E97: 9 ضد 10
A98: 7 | B98: =المدخلات!$F$4 -> 4:00–5:30 م | C98: 5 | D98: المجموعة 2 | E98: 11 ضد 16
A99: 7 | B99: =المدخلات!$F$5 -> 5:40–7:10 م | C99: 1 | D99: المجموعة 2 | E99: 12 ضد 15
A100: 7 | B100: =المدخلات!$F$5 -> 5:40–7:10 م | C100: 2 | D100: المجموعة 4 | E100: 28 ضد 31
A101: 7 | B101: =المدخلات!$F$5 -> 5:40–7:10 م | C101: 3 | D101: المجموعة 2 | E101: 13 ضد 14
...

Sheet 35 فريقًا
A1: بطولة 35 فريقًا – تحت 14
A3: اليوم | B3: الوقت | C3: الملعب | D3: المجموعة / الدور | E3: المباراة | G3: المتأهلون: متصدرو المجموعات الخمس + أفضل 3 وصفاء (8 متأهلين) → ربع النهائي يوم 22 (4:00–5:30 م)، نصف النهائي نفس اليوم (7:20–8:50 م)، والنهائي يوم 23.
A4: 1 | B4: =المدخلات!$F$4 -> 4:00–5:30 م | C4: 1 | D4: المجموعة 1 | E4: 2 ضد 7
A5: 1 | B5: =المدخلات!$F$4 -> 4:00–5:30 م | C5: 2 | D5: المجموعة 2 | E5: 9 ضد 14
A6: 1 | B6: =المدخلات!$F$4 -> 4:00–5:30 م | C6: 3 | D6: المجموعة 3 | E6: 16 ضد 21
A7: 1 | B7: =المدخلات!$F$4 -> 4:00–5:30 م | C7: 4 | D7: المجموعة 4 | E7: 23 ضد 28
A8: 1 | B8: =المدخلات!$F$4 -> 4:00–5:30 م | C8: 5 | D8: المجموعة 5 | E8: 30 ضد 35
A9: 1 | B9: =المدخلات!$F$5 -> 5:40–7:10 م | C9: 1 | D9: المجموعة 1 | E9: 3 ضد 6
A10: 1 | B10: =المدخلات!$F$5 -> 5:40–7:10 م | C10: 2 | D10: المجموعة 2 | E10: 10 ضد 13
A11: 1 | B11: =المدخلات!$F$5 -> 5:40–7:10 م | C11: 3 | D11: المجموعة 3 | E11: 17 ضد 20
A12: 1 | B12: =المدخلات!$F$5 -> 5:40–7:10 م | C12: 4 | D12: المجموعة 4 | E12: 24 ضد 27
A13: 1 | B13: =المدخلات!$F$5 -> 5:40–7:10 م | C13: 5 | D13: المجموعة 5 | E13: 31 ضد 34
A14: 1 | B14: =المدخلات!$F$6 -> 7:20–8:50 م | C14: 1 | D14: المجموعة 1 | E14: 4 ضد 5
A15: 1 | B15: =المدخلات!$F$6 -> 7:20–8:50 م | C15: 2 | D15: المجموعة 2 | E15: 11 ضد 12
A16: 1 | B16: =المدخلات!$F$6 -> 7:20–8:50 م | C16: 3 | D16: المجموعة 3 | E16: 18 ضد 19
A17: 1 | B17: =المدخلات!$F$6 -> 7:20–8:50 م | C17: 4 | D17: المجموعة 4 | E17: 25 ضد 26
A18: 1 | B18: =المدخلات!$F$6 -> 7:20–8:50 م | C18: 5 | D18: المجموعة 5 | E18: 32 ضد 33
A19: 2 | B19: =المدخلات!$F$4 -> 4:00–5:30 م | C19: 1 | D19: المجموعة 5 | E19: 33 ضد 34
A20: 2 | B20: =المدخلات!$F$4 -> 4:00–5:30 م | C20: 2 | D20: المجموعة 3 | E20: 19 ضد 20
A21: 2 | B21: =المدخلات!$F$4 -> 4:00–5:30 م | C21: 3 | D21: المجموعة 1 | E21: 5 ضد 6
A22: 2 | B22: =المدخلات!$F$4 -> 4:00–5:30 م | C22: 4 | D22: المجموعة 2 | E22: 12 ضد 13
A23: 2 | B23: =المدخلات!$F$4 -> 4:00–5:30 م | C23: 5 | D23: المجموعة 4 | E23: 26 ضد 27
A24: 2 | B24: =المدخلات!$F$5 -> 5:40–7:10 م | C24: 1 | D24: المجموعة 5 | E24: 32 ضد 35
A25: 2 | B25: =المدخلات!$F$5 -> 5:40–7:10 م | C25: 2 | D25: المجموعة 1 | E25: 4 ضد 7
A26: 2 | B26: =المدخلات!$F$5 -> 5:40–7:10 م | C26: 3 | D26: المجموعة 2 | E26: 11 ضد 14
A27: 2 | B27: =المدخلات!$F$5 -> 5:40–7:10 م | C27: 4 | D27: المجموعة 3 | E27: 18 ضد 21
A28: 2 | B28: =المدخلات!$F$5 -> 5:40–7:10 م | C28: 5 | D28: المجموعة 4 | E28: 25 ضد 28
A29: 2 | B29: =المدخلات!$F$6 -> 7:20–8:50 م | C29: 1 | D29: المجموعة 2 | E29: 10 ضد 8
A30: 2 | B30: =المدخلات!$F$6 -> 7:20–8:50 م | C30: 2 | D30: المجموعة 5 | E30: 31 ضد 29
A31: 2 | B31: =المدخلات!$F$6 -> 7:20–8:50 م | C31: 3 | D31: المجموعة 1 | E31: 3 ضد 1
A32: 2 | B32: =المدخلات!$F$6 -> 7:20–8:50 م | C32: 4 | D32: المجموعة 3 | E32: 17 ضد 15
A33: 2 | B33: =المدخلات!$F$6 -> 7:20–8:50 م | C33: 5 | D33: المجموعة 4 | E33: 24 ضد 22
A34: 3 | B34: =المدخلات!$F$4 -> 4:00–5:30 م | C34: 1 | D34: المجموعة 4 | E34: 25 ضد 23
A35: 3 | B35: =المدخلات!$F$4 -> 4:00–5:30 م | C35: 2 | D35: المجموعة 5 | E35: 32 ضد 30
A36: 3 | B36: =المدخلات!$F$4 -> 4:00–5:30 م | C36: 3 | D36: المجموعة 1 | E36: 4 ضد 2
A37: 3 | B37: =المدخلات!$F$4 -> 4:00–5:30 م | C37: 4 | D37: المجموعة 2 | E37: 11 ضد 9
A38: 3 | B38: =المدخلات!$F$4 -> 4:00–5:30 م | C38: 5 | D38: المجموعة 3 | E38: 18 ضد 16
A39: 3 | B39: =المدخلات!$F$5 -> 5:40–7:10 م | C39: 1 | D39: المجموعة 3 | E39: 19 ضد 15
A40: 3 | B40: =المدخلات!$F$5 -> 5:40–7:10 م | C40: 2 | D40: المجموعة 4 | E40: 26 ضد 22
A41: 3 | B41: =المدخلات!$F$5 -> 5:40–7:10 م | C41: 3 | D41: المجموعة 5 | E41: 33 ضد 29
A42: 3 | B42: =المدخلات!$F$5 -> 5:40–7:10 م | C42: 4 | D42: المجموعة 1 | E42: 5 ضد 1
A43: 3 | B43: =المدخلات!$F$5 -> 5:40–7:10 م | C43: 5 | D43: المجموعة 2 | E43: 12 ضد 8
A44: 3 | B44: =المدخلات!$F$6 -> 7:20–8:50 م | C44: 1 | D44: المجموعة 2 | E44: 13 ضد 14
A45: 3 | B45: =المدخلات!$F$6 -> 7:20–8:50 م | C45: 2 | D45: المجموعة 4 | E45: 27 ضد 28
A46: 3 | B46: =المدخلات!$F$6 -> 7:20–8:50 م | C46: 3 | D46: المجموعة 5 | E46: 34 ضد 35
A47: 3 | B47: =المدخلات!$F$6 -> 7:20–8:50 م | C47: 4 | D47: المجموعة 1 | E47: 6 ضد 7
A48: 3 | B48: =المدخلات!$F$6 -> 7:20–8:50 م | C48: 5 | D48: المجموعة 3 | E48: 20 ضد 21
A49: 4 | B49: =المدخلات!$F$4 -> 4:00–5:30 م | C49: 1 | D49: المجموعة 4 | E49: 26 ضد 24
A50: 4 | B50: =المدخلات!$F$4 -> 4:00–5:30 م | C50: 2 | D50: المجموعة 1 | E50: 5 ضد 3
A51: 4 | B51: =المدخلات!$F$4 -> 4:00–5:30 م | C51: 3 | D51: المجموعة 2 | E51: 12 ضد 10
A52: 4 | B52: =المدخلات!$F$4 -> 4:00–5:30 م | C52: 4 | D52: المجموعة 5 | E52: 33 ضد 31
A53: 4 | B53: =المدخلات!$F$4 -> 4:00–5:30 م | C53: 5 | D53: المجموعة 3 | E53: 19 ضد 17
A54: 4 | B54: =المدخلات!$F$5 -> 5:40–7:10 م | C54: 1 | D54: المجموعة 3 | E54: 20 ضد 16
A55: 4 | B55: =المدخلات!$F$5 -> 5:40–7:10 م | C55: 2 | D55: المجموعة 1 | E55: 6 ضد 2
A56: 4 | B56: =المدخلات!$F$5 -> 5:40–7:10 م | C56: 3 | D56: المجموعة 4 | E56: 27 ضد 23
A57: 4 | B57: =المدخلات!$F$5 -> 5:40–7:10 م | C57: 4 | D57: المجموعة 5 | E57: 34 ضد 30
A58: 4 | B58: =المدخلات!$F$5 -> 5:40–7:10 م | C58: 5 | D58: المجموعة 1 | E58: 7 ضد 1
A59: 4 | B59: =المدخلات!$F$6 -> 7:20–8:50 م | C59: 1 | D59: المجموعة 4 | E59: 28 ضد 22
A60: 4 | B60: =المدخلات!$F$6 -> 7:20–8:50 م | C60: 2 | D60: المجموعة 3 | E60: 21 ضد 15
A61: 4 | B61: =المدخلات!$F$6 -> 7:20–8:50 م | C61: 3 | D61: المجموعة 2 | E61: 13 ضد 9
A62: 4 | B62: =المدخلات!$F$6 -> 7:20–8:50 م | C62: 4 | D62: المجموعة 2 | E62: 14 ضد 8
A63: 4 | B63: =المدخلات!$F$6 -> 7:20–8:50 م | C63: 5 | D63: المجموعة 5 | E63: 35 ضد 29
A64: 5 | B64: =المدخلات!$F$4 -> 4:00–5:30 م | C64: 1 | D64: المجموعة 5 | E64: 29 ضد 30
A65: 5 | B65: =المدخلات!$F$4 -> 4:00–5:30 م | C65: 2 | D65: المجموعة 4 | E65: 27 ضد 25
A66: 5 | B66: =المدخلات!$F$4 -> 4:00–5:30 م | C66: 3 | D66: المجموعة 5 | E66: 34 ضد 32
A67: 5 | B67: =المدخلات!$F$4 -> 4:00–5:30 م | C67: 4 | D67: المجموعة 1 | E67: 7 ضد 3
A68: 5 | B68: =المدخلات!$F$4 -> 4:00–5:30 م | C68: 5 | D68: المجموعة 2 | E68: 14 ضد 10
A69: 5 | B69: =المدخلات!$F$5 -> 5:40–7:10 م | C69: 1 | D69: المجموعة 3 | E69: 21 ضد 17
A70: 5 | B70: =المدخلات!$F$5 -> 5:40–7:10 م | C70: 2 | D70: المجموعة 2 | E70: 8 ضد 9
A71: 5 | B71: =المدخلات!$F$5 -> 5:40–7:10 م | C71: 3 | D71: المجموعة 4 | E71: 28 ضد 24
A72: 5 | B72: =المدخلات!$F$5 -> 5:40–7:10 م | C72: 4 | D72: المجموعة 5 | E72: 35 ضد 31
A73: 5 | B73: =المدخلات!$F$5 -> 5:40–7:10 م | C73: 5 | D73: المجموعة 2 | E73: 13 ضد 11
A74: 5 | B74: =المدخلات!$F$6 -> 7:20–8:50 م | C74: 1 | D74: المجموعة 1 | E74: 1 ضد 2
A75: 5 | B75: =المدخلات!$F$6 -> 7:20–8:50 م | C75: 2 | D75: المجموعة 3 | E75: 15 ضد 16
A76: 5 | B76: =المدخلات!$F$6 -> 7:20–8:50 م | C76: 3 | D76: المجموعة 4 | E76: 22 ضد 23
A77: 5 | B77: =المدخلات!$F$6 -> 7:20–8:50 م | C77: 4 | D77: المجموعة 3 | E77: 20 ضد 18
A78: 5 | B78: =المدخلات!$F$6 -> 7:20–8:50 م | C78: 5 | D78: المجموعة 1 | E78: 6 ضد 4
A79: 6 | B79: =المدخلات!$F$4 -> 4:00–5:30 م | C79: 1 | D79: المجموعة 2 | E79: 8 ضد 11
A80: 6 | B80: =المدخلات!$F$4 -> 4:00–5:30 م | C80: 2 | D80: المجموعة 1 | E80: 1 ضد 4
A81: 6 | B81: =المدخلات!$F$4 -> 4:00–5:30 م | C81: 3 | D81: المجموعة 4 | E81: 28 ضد 26
A82: 6 | B82: =المدخلات!$F$4 -> 4:00–5:30 م | C82: 4 | D82: المجموعة 3 | E82: 21 ضد 19
A83: 6 | B83: =المدخلات!$F$4 -> 4:00–5:30 م | C83: 5 | D83: المجموعة 3 | E83: 15 ضد 18
A84: 6 | B84: =المدخلات!$F$5 -> 5:40–7:10 م | C84: 1 | D84: المجموعة 2 | E84: 14 ضد 12
A85: 6 | B85: =المدخلات!$F$5 -> 5:40–7:10 م | C85: 2 | D85: المجموعة 5 | E85: 35 ضد 33
A86: 6 | B86: =المدخلات!$F$5 -> 5:40–7:10 م | C86: 3 | D86: المجموعة 4 | E86: 22 ضد 25
A87: 6 | B87: =المدخلات!$F$5 -> 5:40–7:10 م | C87: 4 | D87: المجموعة 5 | E87: 29 ضد 32
A88: 6 | B88: =المدخلات!$F$5 -> 5:40–7:10 م | C88: 5 | D88: المجموعة 1 | E88: 2 ضد 3
A89: 6 | B89: =المدخلات!$F$6 -> 7:20–8:50 م | C89: 1 | D89: المجموعة 2 | E89: 9 ضد 10
A90: 6 | B90: =المدخلات!$F$6 -> 7:20–8:50 م | C90: 2 | D90: المجموعة 4 | E90: 23 ضد 24
A91: 6 | B91: =المدخلات!$F$6 -> 7:20–8:50 م | C91: 3 | D91: المجموعة 5 | E91: 30 ضد 31
A92: 6 | B92: =المدخلات!$F$6 -> 7:20–8:50 م | C92: 4 | D92: المجموعة 3 | E92: 16 ضد 17
A93: 6 | B93: =المدخلات!$F$6 -> 7:20–8:50 م | C93: 5 | D93: المجموعة 1 | E93: 7 ضد 5
A94: 7 | B94: =المدخلات!$F$4 -> 4:00–5:30 م | C94: 1 | D94: المجموعة 1 | E94: 1 ضد 6
A95: 7 | B95: =المدخلات!$F$4 -> 4:00–5:30 م | C95: 2 | D95: المجموعة 5 | E95: 29 ضد 34
A96: 7 | B96: =المدخلات!$F$4 -> 4:00–5:30 م | C96: 3 | D96: المجموعة 3 | E96: 15 ضد 20
A97: 7 | B97: =المدخلات!$F$4 -> 4:00–5:30 م | C97: 4 | D97: المجموعة 4 | E97: 22 ضد 27
A98: 7 | B98: =المدخلات!$F$4 -> 4:00–5:30 م | C98: 5 | D98: المجموعة 2 | E98: 8 ضد 13
A99: 7 | B99: =المدخلات!$F$5 -> 5:40–7:10 م | C99: 1 | D99: المجموعة 3 | E99: 16 ضد 19
A100: 7 | B100: =المدخلات!$F$5 -> 5:40–7:10 م | C100: 2 | D100: المجموعة 3 | E100: 17 ضد 18
A101: 7 | B101: =المدخلات!$F$5 -> 5:40–7:10 م | C101: 3 | D101: المجموعة 2 | E101: 10 ضد 11
...

Sheet 48 فريقًا
A1: بطولة 48 فريقًا – تحت 14
A3: اليوم | B3: الوقت | C3: الملعب | D3: المجموعة / الدور | E3: المباراة | G3: المتأهلون: متصدرو المجموعات الثمانية → ربع نهائي يوم 21، نصف نهائي يوم 22، النهائي يوم 23.
A4: 1 | B4: =المدخلات!$F$4 -> 4:00–5:30 م | C4: 1 | D4: المجموعة 1 | E4: 1 ضد 6
A5: 1 | B5: =المدخلات!$F$4 -> 4:00–5:30 م | C5: 2 | D5: المجموعة 1 | E5: 2 ضد 5
A6: 1 | B6: =المدخلات!$F$4 -> 4:00–5:30 م | C6: 3 | D6: المجموعة 1 | E6: 3 ضد 4
A7: 1 | B7: =المدخلات!$F$4 -> 4:00–5:30 م | C7: 4 | D7: المجموعة 2 | E7: 7 ضد 12
A8: 1 | B8: =المدخلات!$F$4 -> 4:00–5:30 م | C8: 5 | D8: المجموعة 2 | E8: 8 ضد 11
A9: 1 | B9: =المدخلات!$F$4 -> 4:00–5:30 م | C9: 6 | D9: المجموعة 2 | E9: 9 ضد 10
A10: 1 | B10: =المدخلات!$F$4 -> 4:00–5:30 م | C10: 7 | D10: المجموعة 3 | E10: 13 ضد 18
A11: 1 | B11: =المدخلات!$F$4 -> 4:00–5:30 م | C11: 8 | D11: المجموعة 3 | E11: 14 ضد 17
A12: 1 | B12: =المدخلات!$F$5 -> 5:40–7:10 م | C12: 1 | D12: المجموعة 3 | E12: 15 ضد 16
A13: 1 | B13: =المدخلات!$F$5 -> 5:40–7:10 م | C13: 2 | D13: المجموعة 4 | E13: 19 ضد 24
A14: 1 | B14: =المدخلات!$F$5 -> 5:40–7:10 م | C14: 3 | D14: المجموعة 4 | E14: 20 ضد 23
A15: 1 | B15: =المدخلات!$F$5 -> 5:40–7:10 م | C15: 4 | D15: المجموعة 4 | E15: 21 ضد 22
A16: 1 | B16: =المدخلات!$F$5 -> 5:40–7:10 م | C16: 5 | D16: المجموعة 5 | E16: 25 ضد 30
A17: 1 | B17: =المدخلات!$F$5 -> 5:40–7:10 م | C17: 6 | D17: المجموعة 5 | E17: 26 ضد 29
A18: 1 | B18: =المدخلات!$F$5 -> 5:40–7:10 م | C18: 7 | D18: المجموعة 5 | E18: 27 ضد 28
A19: 1 | B19: =المدخلات!$F$5 -> 5:40–7:10 م | C19: 8 | D19: المجموعة 6 | E19: 31 ضد 36
A20: 1 | B20: =المدخلات!$F$6 -> 7:20–8:50 م | C20: 1 | D20: المجموعة 6 | E20: 32 ضد 35
A21: 1 | B21: =المدخلات!$F$6 -> 7:20–8:50 م | C21: 2 | D21: المجموعة 6 | E21: 33 ضد 34
A22: 1 | B22: =المدخلات!$F$6 -> 7:20–8:50 م | C22: 3 | D22: المجموعة 7 | E22: 37 ضد 42
A23: 1 | B23: =المدخلات!$F$6 -> 7:20–8:50 م | C23: 4 | D23: المجموعة 7 | E23: 38 ضد 41
A24: 1 | B24: =المدخلات!$F$6 -> 7:20–8:50 م | C24: 5 | D24: المجموعة 7 | E24: 39 ضد 40
A25: 1 | B25: =المدخلات!$F$6 -> 7:20–8:50 م | C25: 6 | D25: المجموعة 8 | E25: 43 ضد 48
A26: 1 | B26: =المدخلات!$F$6 -> 7:20–8:50 م | C26: 7 | D26: المجموعة 8 | E26: 44 ضد 47
A27: 1 | B27: =المدخلات!$F$6 -> 7:20–8:50 م | C27: 8 | D27: المجموعة 8 | E27: 45 ضد 46
A28: 2 | B28: =المدخلات!$F$4 -> 4:00–5:30 م | C28: 1 | D28: المجموعة 6 | E28: 36 ضد 34
A29: 2 | B29: =المدخلات!$F$4 -> 4:00–5:30 م | C29: 2 | D29: المجموعة 7 | E29: 37 ضد 41
A30: 2 | B30: =المدخلات!$F$4 -> 4:00–5:30 م | C30: 3 | D30: المجموعة 7 | E30: 38 ضد 39
A31: 2 | B31: =المدخلات!$F$4 -> 4:00–5:30 م | C31: 4 | D31: المجموعة 7 | E31: 42 ضد 40
A32: 2 | B32: =المدخلات!$F$4 -> 4:00–5:30 م | C32: 5 | D32: المجموعة 8 | E32: 43 ضد 47
A33: 2 | B33: =المدخلات!$F$4 -> 4:00–5:30 م | C33: 6 | D33: المجموعة 8 | E33: 44 ضد 45
A34: 2 | B34: =المدخلات!$F$4 -> 4:00–5:30 م | C34: 7 | D34: المجموعة 6 | E34: 31 ضد 35
A35: 2 | B35: =المدخلات!$F$4 -> 4:00–5:30 م | C35: 8 | D35: المجموعة 5 | E35: 26 ضد 27
A36: 2 | B36: =المدخلات!$F$5 -> 5:40–7:10 م | C36: 1 | D36: المجموعة 3 | E36: 13 ضد 17
A37: 2 | B37: =المدخلات!$F$5 -> 5:40–7:10 م | C37: 2 | D37: المجموعة 8 | E37: 48 ضد 46
A38: 2 | B38: =المدخلات!$F$5 -> 5:40–7:10 م | C38: 3 | D38: المجموعة 1 | E38: 1 ضد 5
A39: 2 | B39: =المدخلات!$F$5 -> 5:40–7:10 م | C39: 4 | D39: المجموعة 1 | E39: 2 ضد 3
A40: 2 | B40: =المدخلات!$F$5 -> 5:40–7:10 م | C40: 5 | D40: المجموعة 2 | E40: 12 ضد 10
A41: 2 | B41: =المدخلات!$F$5 -> 5:40–7:10 م | C41: 6 | D41: المجموعة 2 | E41: 7 ضد 11
A42: 2 | B42: =المدخلات!$F$5 -> 5:40–7:10 م | C42: 7 | D42: المجموعة 2 | E42: 8 ضد 9
A43: 2 | B43: =المدخلات!$F$5 -> 5:40–7:10 م | C43: 8 | D43: المجموعة 6 | E43: 32 ضد 33
A44: 2 | B44: =المدخلات!$F$6 -> 7:20–8:50 م | C44: 1 | D44: المجموعة 4 | E44: 20 ضد 21
A45: 2 | B45: =المدخلات!$F$6 -> 7:20–8:50 م | C45: 2 | D45: المجموعة 3 | E45: 18 ضد 16
A46: 2 | B46: =المدخلات!$F$6 -> 7:20–8:50 م | C46: 3 | D46: المجموعة 3 | E46: 14 ضد 15
A47: 2 | B47: =المدخلات!$F$6 -> 7:20–8:50 م | C47: 4 | D47: المجموعة 5 | E47: 25 ضد 29
A48: 2 | B48: =المدخلات!$F$6 -> 7:20–8:50 م | C48: 5 | D48: المجموعة 4 | E48: 24 ضد 22
A49: 2 | B49: =المدخلات!$F$6 -> 7:20–8:50 م | C49: 6 | D49: المجموعة 4 | E49: 19 ضد 23
A50: 2 | B50: =المدخلات!$F$6 -> 7:20–8:50 م | C50: 7 | D50: المجموعة 1 | E50: 6 ضد 4
A51: 2 | B51: =المدخلات!$F$6 -> 7:20–8:50 م | C51: 8 | D51: المجموعة 5 | E51: 30 ضد 28
A52: 3 | B52: =المدخلات!$F$4 -> 4:00–5:30 م | C52: 1 | D52: المجموعة 8 | E52: 43 ضد 46
A53: 3 | B53: =المدخلات!$F$4 -> 4:00–5:30 م | C53: 2 | D53: المجموعة 5 | E53: 29 ضد 27
A54: 3 | B54: =المدخلات!$F$4 -> 4:00–5:30 م | C54: 3 | D54: المجموعة 6 | E54: 35 ضد 33
A55: 3 | B55: =المدخلات!$F$4 -> 4:00–5:30 م | C55: 4 | D55: المجموعة 4 | E55: 24 ضد 20
A56: 3 | B56: =المدخلات!$F$4 -> 4:00–5:30 م | C56: 5 | D56: المجموعة 3 | E56: 17 ضد 15
A57: 3 | B57: =المدخلات!$F$4 -> 4:00–5:30 م | C57: 6 | D57: المجموعة 5 | E57: 25 ضد 28
A58: 3 | B58: =المدخلات!$F$4 -> 4:00–5:30 م | C58: 7 | D58: المجموعة 4 | E58: 19 ضد 22
A59: 3 | B59: =المدخلات!$F$4 -> 4:00–5:30 م | C59: 8 | D59: المجموعة 4 | E59: 23 ضد 21
A60: 3 | B60: =المدخلات!$F$5 -> 5:40–7:10 م | C60: 1 | D60: المجموعة 8 | E60: 48 ضد 44
A61: 3 | B61: =المدخلات!$F$5 -> 5:40–7:10 م | C61: 2 | D61: المجموعة 8 | E61: 47 ضد 45
A62: 3 | B62: =المدخلات!$F$5 -> 5:40–7:10 م | C62: 3 | D62: المجموعة 1 | E62: 6 ضد 2
A63: 3 | B63: =المدخلات!$F$5 -> 5:40–7:10 م | C63: 4 | D63: المجموعة 6 | E63: 31 ضد 34
A64: 3 | B64: =المدخلات!$F$5 -> 5:40–7:10 م | C64: 5 | D64: المجموعة 3 | E64: 18 ضد 14
A65: 3 | B65: =المدخلات!$F$5 -> 5:40–7:10 م | C65: 6 | D65: المجموعة 7 | E65: 37 ضد 40
A66: 3 | B66: =المدخلات!$F$5 -> 5:40–7:10 م | C66: 7 | D66: المجموعة 7 | E66: 41 ضد 39
A67: 3 | B67: =المدخلات!$F$5 -> 5:40–7:10 م | C67: 8 | D67: المجموعة 7 | E67: 42 ضد 38
A68: 3 | B68: =المدخلات!$F$6 -> 7:20–8:50 م | C68: 1 | D68: المجموعة 1 | E68: 5 ضد 3
A69: 3 | B69: =المدخلات!$F$6 -> 7:20–8:50 م | C69: 2 | D69: المجموعة 2 | E69: 7 ضد 10
A70: 3 | B70: =المدخلات!$F$6 -> 7:20–8:50 م | C70: 3 | D70: المجموعة 2 | E70: 12 ضد 8
A71: 3 | B71: =المدخلات!$F$6 -> 7:20–8:50 م | C71: 4 | D71: المجموعة 2 | E71: 11 ضد 9
A72: 3 | B72: =المدخلات!$F$6 -> 7:20–8:50 م | C72: 5 | D72: المجموعة 6 | E72: 36 ضد 32
A73: 3 | B73: =المدخلات!$F$6 -> 7:20–8:50 م | C73: 6 | D73: المجموعة 3 | E73: 13 ضد 16
A74: 3 | B74: =المدخلات!$F$6 -> 7:20–8:50 م | C74: 7 | D74: المجموعة 5 | E74: 30 ضد 26
A75: 3 | B75: =المدخلات!$F$6 -> 7:20–8:50 م | C75: 8 | D75: المجموعة 1 | E75: 1 ضد 4
A76: 4 | B76: =المدخلات!$F$4 -> 4:00–5:30 م | C76: 1 | D76: المجموعة 5 | E76: 29 ضد 30
A77: 4 | B77: =المدخلات!$F$4 -> 4:00–5:30 م | C77: 2 | D77: المجموعة 3 | E77: 13 ضد 15
A78: 4 | B78: =المدخلات!$F$4 -> 4:00–5:30 م | C78: 3 | D78: المجموعة 8 | E78: 46 ضد 44
A79: 4 | B79: =المدخلات!$F$4 -> 4:00–5:30 م | C79: 4 | D79: المجموعة 8 | E79: 47 ضد 48
A80: 4 | B80: =المدخلات!$F$4 -> 4:00–5:30 م | C80: 5 | D80: المجموعة 1 | E80: 4 ضد 2
A81: 4 | B81: =المدخلات!$F$4 -> 4:00–5:30 م | C81: 6 | D81: المجموعة 6 | E81: 34 ضد 32
A82: 4 | B82: =المدخلات!$F$4 -> 4:00–5:30 م | C82: 7 | D82: المجموعة 3 | E82: 16 ضد 14
A83: 4 | B83: =المدخلات!$F$4 -> 4:00–5:30 م | C83: 8 | D83: المجموعة 1 | E83: 5 ضد 6
A84: 4 | B84: =المدخلات!$F$5 -> 5:40–7:10 م | C84: 1 | D84: المجموعة 2 | E84: 7 ضد 9
A85: 4 | B85: =المدخلات!$F$5 -> 5:40–7:10 م | C85: 2 | D85: المجموعة 6 | E85: 35 ضد 36
A86: 4 | B86: =المدخلات!$F$5 -> 5:40–7:10 م | C86: 3 | D86: المجموعة 8 | E86: 43 ضد 45
A87: 4 | B87: =المدخلات!$F$5 -> 5:40–7:10 م | C87: 4 | D87: المجموعة 5 | E87: 28 ضد 26
A88: 4 | B88: =المدخلات!$F$5 -> 5:40–7:10 م | C88: 5 | D88: المجموعة 4 | E88: 19 ضد 21
A89: 4 | B89: =المدخلات!$F$5 -> 5:40–7:10 م | C89: 6 | D89: المجموعة 1 | E89: 1 ضد 3
A90: 4 | B90: =المدخلات!$F$5 -> 5:40–7:10 م | C90: 7 | D90: المجموعة 2 | E90: 11 ضد 12
A91: 4 | B91: =المدخلات!$F$5 -> 5:40–7:10 م | C91: 8 | D91: المجموعة 7 | E91: 37 ضد 39
A92: 4 | B92: =المدخلات!$F$6 -> 7:20–8:50 م | C92: 1 | D92: المجموعة 6 | E92: 31 ضد 33
A93: 4 | B93: =المدخلات!$F$6 -> 7:20–8:50 م | C93: 2 | D93: المجموعة 7 | E93: 40 ضد 38
A94: 4 | B94: =المدخلات!$F$6 -> 7:20–8:50 م | C94: 3 | D94: المجموعة 5 | E94: 25 ضد 27
A95: 4 | B95: =المدخلات!$F$6 -> 7:20–8:50 م | C95: 4 | D95: المجموعة 3 | E95: 17 ضد 18
A96: 4 | B96: =المدخلات!$F$6 -> 7:20–8:50 م | C96: 5 | D96: المجموعة 7 | E96: 41 ضد 42
A97: 4 | B97: =المدخلات!$F$6 -> 7:20–8:50 م | C97: 6 | D97: المجموعة 4 | E97: 22 ضد 20
A98: 4 | B98: =المدخلات!$F$6 -> 7:20–8:50 م | C98: 7 | D98: المجموعة 4 | E98: 23 ضد 24
A99: 4 | B99: =المدخلات!$F$6 -> 7:20–8:50 م | C99: 8 | D99: المجموعة 2 | E99: 10 ضد 8
A100: 5 | B100: =المدخلات!$F$4 -> 4:00–5:30 م | C100: 1 | D100: المجموعة 5 | E100: 25 ضد 26
A101: 5 | B101: =المدخلات!$F$4 -> 4:00–5:30 م | C101: 2 | D101: المجموعة 6 | E101: 31 ضد 32
...

Sheet بيانات الفرق
A1: 6 فرق | F1: 7 فرق | K1: 8 فرق | P1: 10 فرق | U1: 13 فريقًا | Z1: 14 فريقًا | AE1: 15 فريقًا | AJ1: 16 فريقًا | AO1: 18 فريقًا | AT1: 19 فريقًا | AY1: 20 فريقًا | BD1: 21 فريقًا | BI1: 22 فريقًا | BN1: 23 فريقًا | BS1: 31 فريقًا | BX1: 35 فريقًا | CC1: 48 فريقًا
A2: الفريق | B2: المجموعة | C2: مباريات الدوري | D2: عدد الخصوم | F2: الفريق | G2: المجموعة | H2: مباريات الدوري | I2: عدد الخصوم | K2: الفريق | L2: المجموعة | M2: مباريات الدوري | N2: عدد الخصوم | P2: الفريق | Q2: المجموعة | R2: مباريات الدوري | S2: عدد الخصوم | U2: الفريق | V2: المجموعة | W2: مباريات الدوري | X2: عدد الخصوم | Z2: الفريق | AA2: المجموعة | AB2: مباريات الدوري | AC2: عدد الخصوم | AE2: الفريق | AF2: المجموعة | AG2: مباريات الدوري | AH2: عدد الخصوم | AJ2: الفريق | AK2: المجموعة | AL2: مباريات الدوري | AM2: عدد الخصوم | AO2: الفريق | AP2: المجموعة | AQ2: مباريات الدوري | AR2: عدد الخصوم | AT2: الفريق | AU2: المجموعة | AV2: مباريات الدوري | AW2: عدد الخصوم | AY2: الفريق | AZ2: المجموعة | BA2: مباريات الدوري | BB2: عدد الخصوم | BD2: الفريق | BE2: المجموعة | BF2: مباريات الدوري | BG2: عدد الخصوم | BI2: الفريق | BJ2: المجموعة | BK2: مباريات الدوري | BL2: عدد الخصوم | BN2: الفريق | BO2: المجموعة | BP2: مباريات الدوري | BQ2: عدد الخصوم | BS2: الفريق | BT2: المجموعة | BU2: مباريات الدوري | BV2: عدد الخصوم | BX2: الفريق | BY2: المجموعة | BZ2: مباريات الدوري | CA2: عدد الخصوم | CC2: الفريق | CD2: المجموعة | CE2: مباريات الدوري | CF2: عدد الخصوم
A3: 1 | B3: ="المجموعة 1" -> المجموعة 1 | C3: =COUNTIF('6 فرق'!$D$4:$D$63,A3&" ضد *")+COUNTIF('6 فرق'!$D$4:$D$63,"* ضد "&A3) -> 20 | D3: =COUNTIF($B$3:$B$8,B3)-1 -> 5 | F3: 1 | G3: ="المجموعة 1" -> المجموعة 1 | H3: =COUNTIF('7 فرق'!$D$4:$D$66,F3&" ضد *")+COUNTIF('7 فرق'!$D$4:$D$66,"* ضد "&F3) -> 18 | I3: =COUNTIF($G$3:$G$9,G3)-1 -> 6 | K3: 1 | L3: ="المجموعة 1" -> المجموعة 1 | M3: =COUNTIF('8 فرق'!$D$4:$D$87,K3&" ضد *")+COUNTIF('8 فرق'!$D$4:$D$87,"* ضد "&K3) -> 21 | N3: =COUNTIF($L$3:$L$10,L3)-1 -> 7 | P3: 1 | Q3: ="المجموعة 1" -> المجموعة 1 | R3: =COUNTIF('10 فرق'!$D$4:$D$93,P3&" ضد *")+COUNTIF('10 فرق'!$D$4:$D$93,"* ضد "&P3) -> 18 | S3: =COUNTIF($Q$3:$Q$12,Q3)-1 -> 9 | U3: 1 | V3: =IFERROR(INDEX('13 فريقًا'!$D$4:$D$127,MATCH(U3&" ضد *",'13 فريقًا'!$E$4:$E$127,0)),INDEX('13 فريقًا'!$D$4:$D$127,MATCH("* ضد "&U3,'13 فريقًا'!$E$4:$E$127,0))) -> المجموعة 1 | W3: =COUNTIF('13 فريقًا'!$E$4:$E$127,U3&" ضد *")+COUNTIF('13 فريقًا'!$E$4:$E$127,"* ضد "&U3) -> 18 | X3: =COUNTIF($V$3:$V$15,V3)-1 -> 6 | Z3: 1 | AA3: =IFERROR(INDEX('14 فريقًا'!$D$4:$D$130,MATCH(Z3&" ضد *",'14 فريقًا'!$E$4:$E$130,0)),INDEX('14 فريقًا'!$D$4:$D$130,MATCH("* ضد "&Z3,'14 فريقًا'!$E$4:$E$130,0))) -> المجموعة 1 | AB3: =COUNTIF('14 فريقًا'!$E$4:$E$130,Z3&" ضد *")+COUNTIF('14 فريقًا'!$E$4:$E$130,"* ضد "&Z3) -> 18 | AC3: =COUNTIF($AA$3:$AA$16,AA3)-1 -> 6 | AE3: 1 | AF3: =IFERROR(INDEX('15 فريقًا'!$D$4:$D$151,MATCH(AE3&" ضد *",'15 فريقًا'!$E$4:$E$151,0)),INDEX('15 فريقًا'!$D$4:$D$151,MATCH("* ضد "&AE3,'15 فريقًا'!$E$4:$E$151,0))) -> المجموعة 1 | AG3: =COUNTIF('15 فريقًا'!$E$4:$E$151,AE3&" ضد *")+COUNTIF('15 فريقًا'!$E$4:$E$151,"* ضد "&AE3) -> 21 | AH3: =COUNTIF($AF$3:$AF$17,AF3)-1 -> 7 | AJ3: 1 | AK3: =IFERROR(INDEX('16 فريقًا'!$D$4:$D$172,MATCH(AJ3&" ضد *",'16 فريقًا'!$E$4:$E$172,0)),INDEX('16 فريقًا'!$D$4:$D$172,MATCH("* ضد "&AJ3,'16 فريقًا'!$E$4:$E$172,0))) -> المجموعة 1 | AL3: =COUNTIF('16 فريقًا'!$E$4:$E$172,AJ3&" ضد *")+COUNTIF('16 فريقًا'!$E$4:$E$172,"* ضد "&AJ3) -> 21 | AM3: =COUNTIF($AK$3:$AK$18,AK3)-1 -> 7 | AO3: 1 | AP3: =IFERROR(INDEX('18 فريقًا'!$D$4:$D$186,MATCH(AO3&" ضد *",'18 فريقًا'!$E$4:$E$186,0)),INDEX('18 فريقًا'!$D$4:$D$186,MATCH("* ضد "&AO3,'18 فريقًا'!$E$4:$E$186,0))) -> المجموعة 1 | AQ3: =COUNTIF('18 فريقًا'!$E$4:$E$186,AO3&" ضد *")+COUNTIF('18 فريقًا'!$E$4:$E$186,"* ضد "&AO3) -> 20 | AR3: =COUNTIF($AP$3:$AP$20,AP3)-1 -> 5 | AT3: 1 | AU3: ="المجموعة 1" -> المجموعة 1 | AV3: =COUNTIF('19 فريقًا'!$D$4:$D$174,AT3&" ضد *")+COUNTIF('19 فريقًا'!$D$4:$D$174,"* ضد "&AT3) -> 18 | AW3: =COUNTIF($AU$3:$AU$21,AU3)-1 -> 18 | AY3: 1 | AZ3: ="المجموعة 1" -> المجموعة 1 | BA3: =COUNTIF('20 فريقًا'!$D$4:$D$193,AY3&" ضد *")+COUNTIF('20 فريقًا'!$D$4:$D$193,"* ضد "&AY3) -> 19 | BB3: =COUNTIF($AZ$3:$AZ$22,AZ3)-1 -> 19 | BD3: 1 | BE3: ="المجموعة 1" -> المجموعة 1 | BF3: =COUNTIF('21 فريقًا'!$D$4:$D$213,BD3&" ضد *")+COUNTIF('21 فريقًا'!$D$4:$D$213,"* ضد "&BD3) -> 20 | BG3: =COUNTIF($BE$3:$BE$23,BE3)-1 -> 20 | BI3: 1 | BJ3: ="المجموعة 1" -> المجموعة 1 | BK3: =COUNTIF('22 فريقًا'!$D$4:$D$234,BI3&" ضد *")+COUNTIF('22 فريقًا'!$D$4:$D$234,"* ضد "&BI3) -> 21 | BL3: =COUNTIF($BJ$3:$BJ$24,BJ3)-1 -> 21 | BN3: 1 | BO3: =IFERROR(INDEX('23 فريقًا'!$D$4:$D$237,MATCH(BN3&" ضد *",'23 فريقًا'!$E$4:$E$237,0)),INDEX('23 فريقًا'!$D$4:$D$237,MATCH("* ضد "&BN3,'23 فريقًا'!$E$4:$E$237,0))) -> المجموعة 1 | BP3: =COUNTIF('23 فريقًا'!$E$4:$E$237,BN3&" ضد *")+COUNTIF('23 فريقًا'!$E$4:$E$237,"* ضد "&BN3) -> 21 | BQ3: =COUNTIF($BO$3:$BO$25,BO3)-1 -> 7 | BS3: 1 | BT3: =IFERROR(INDEX('31 فريقًا'!$D$4:$D$321,MATCH(BS3&" ضد *",'31 فريقًا'!$E$4:$E$321,0)),INDEX('31 فريقًا'!$D$4:$D$321,MATCH("* ضد "&BS3,'31 فريقًا'!$E$4:$E$321,0))) -> المجموعة 1 | BU3: =COUNTIF('31 فريقًا'!$E$4:$E$321,BS3&" ضد *")+COUNTIF('31 فريقًا'!$E$4:$E$321,"* ضد "&BS3) -> 21 | BV3: =COUNTIF($BT$3:$BT$33,BT3)-1 -> 7 | BX3: 1 | BY3: =IFERROR(INDEX('35 فريقًا'!$D$4:$D$325,MATCH(BX3&" ضد *",'35 فريقًا'!$E$4:$E$325,0)),INDEX('35 فريقًا'!$D$4:$D$325,MATCH("* ضد "&BX3,'35 فريقًا'!$E$4:$E$325,0))) -> المجموعة 1 | BZ3: =COUNTIF('35 فريقًا'!$E$4:$E$325,BX3&" ضد *")+COUNTIF('35 فريقًا'!$E$4:$E$325,"* ضد "&BX3) -> 18 | CA3: =COUNTIF($BY$3:$BY$37,BY3)-1 -> 6 | CC3: 1 | CD3: =IFERROR(INDEX('48 فريقًا'!$D$4:$D$490,MATCH(CC3&" ضد *",'48 فريقًا'!$E$4:$E$490,0)),INDEX('48 فريقًا'!$D$4:$D$490,MATCH("* ضد "&CC3,'48 فريقًا'!$E$4:$E$490,0))) -> المجموعة 1 | CE3: =COUNTIF('48 فريقًا'!$E$4:$E$490,CC3&" ضد *")+COUNTIF('48 فريقًا'!$E$4:$E$490,"* ضد "&CC3) -> 20 | CF3: =COUNTIF($CD$3:$CD$50,CD3)-1 -> 5
