Workbook

Sheet المدخلات
A1: مدخلات جداول بطولات تحت 13
A3: الخلايا الزرقاء قابلة للتعديل — كل الجداول تتحدث تلقائياً
A4: البند | B4: القيمة | C4: ملاحظة
A5: وقت بداية اليوم | B5: 0.66666667 | C5: قابل للتعديل
A6: مدة المباراة (دقيقة) | B6: 85 | C6: قابل للتعديل
A7: الفاصل / ترتيب الملعب (دقيقة) | B7: 10 | C7: قابل للتعديل
A8: طول الفترة الكاملة (دقيقة) | B8: =B6+B7 -> 95 | C8: محسوبة تلقائياً
A9: أقصى عدد فترات في اليوم | B9: 3 | C9: قابل للتعديل

Sheet الملخص
A1: ملخص بطولات تحت 13 – الأعداد المطلوبة
A3: عدد الفرق | B3: عدد المجموعات | C3: توزيع الفرق في المجموعات | D3: لقاءات كل خصم | E3: مباريات كل فريق في الموسم (غير شاملة الإقصاء) | F3: نظام الإقصاء | G3: أيام الدوري | H3: أيام الإقصاء | I3: إجمالي الأيام | J3: وقت البداية | K3: وقت النهاية | L3: عدد الملاعب القانونية
A4: 6 | B4: {=ROUND(SUMPRODUCT(1/COUNTIF('بيانات الفرق U13'!$B$3:$B$8,'بيانات الفرق U13'!$B$3:$B$8)),0)} -> 1 | C4: {=_xlfn.TEXTJOIN(" + ",TRUE,_xlfn._xlws.SORT(COUNTIF('بيانات الفرق U13'!$B$3:$B$8,"المجموعة "&_xlfn.SEQUENCE(B4))))} -> 6 | D4: {=_xlfn.LET(_xlpm.gs,_xlfn.SEQUENCE(B4),_xlpm.ln,_xlfn.MAXIFS('بيانات الفرق U13'!$D$3:$D$8,'بيانات الفرق U13'!$B$3:$B$8,"المجموعة "&_xlpm.gs),_xlpm.mn,_xlfn.MINIFS('بيانات الفرق U13'!$C$3:$C$8,'بيانات الفرق U13'!$B$3:$B$8,"المجموعة "&_xlpm.gs),_xlpm.mx,_xlfn.MAXIFS('بيانات الفرق U13'!$C$3:$C$8,'بيانات الفرق U13'!$B$3:$B$8,"المجموعة "&_xlpm.gs),_xlpm.lo,FLOOR(_xlpm.mn/_xlpm.ln,1),_xlpm.hi,CEILING(_xlpm.mx/_xlpm.ln,1),_xlpm.t,IF(_xlpm.lo=_xlpm.hi,_xlpm.lo&"",_xlpm.lo&"–"&_xlpm.hi),_xlfn.TEXTJOIN(" + ",TRUE,_xlfn.SORTBY(_xlpm.t,_xlpm.ln,1)))} -> 4 | E4: {=_xlfn.LET(_xlpm.gs,_xlfn.SEQUENCE(B4),_xlpm.ln,_xlfn.MAXIFS('بيانات الفرق U13'!$D$3:$D$8,'بيانات الفرق U13'!$B$3:$B$8,"المجموعة "&_xlpm.gs),_xlpm.mn,_xlfn.MINIFS('بيانات الفرق U13'!$C$3:$C$8,'بيانات الفرق U13'!$B$3:$B$8,"المجموعة "&_xlpm.gs),_xlpm.mx,_xlfn.MAXIFS('بيانات الفرق U13'!$C$3:$C$8,'بيانات الفرق U13'!$B$3:$B$8,"المجموعة "&_xlpm.gs),_xlpm.t,IF(_xlpm.mn=_xlpm.mx,_xlpm.mn&"",_xlpm.mn&"–"&_xlpm.mx),_xlfn.TEXTJOIN(" + ",TRUE,_xlfn.SORTBY(_xlpm.t,_xlpm.ln,1)))} -> 20 | F4: =IF(H4=0,"—",IF(H4=1,"نهائي مباشر",IF(H4=2,"نصف نهائي ثم نهائي","ربع نهائي ثم نصف نهائي ثم نهائي"))) -> — | G4: =I4-H4 -> 20 | H4: {=MAX('6 فرق'!$A$4:$A$63)-SUMPRODUCT(MAX(ISNUMBER(IFERROR(--LEFT('6 فرق'!$D$4:$D$63,1),"x"))*'6 فرق'!$A$4:$A$63))} -> 0 | I4: =MAX('6 فرق'!$A$4:$A$63) -> 20 | J4: =MOD(HOUR(المدخلات!$B$5)-1,12)+1&":"&TEXT(MINUTE(المدخلات!$B$5),"00")&IF(HOUR(المدخلات!$B$5)<12," ص"," م") -> 4:00 م | K4: =MOD(HOUR(المدخلات!$B$5+((المدخلات!$B$9-1)*المدخلات!$B$8+المدخلات!$B$6)/1440)-1,12)+1&":"&TEXT(MINUTE(المدخلات!$B$5+((المدخلات!$B$9-1)*المدخلات!$B$8+المدخلات!$B$6)/1440),"00")&IF(HOUR(المدخلات!$B$5+((المدخلات!$B$9-1)*المدخلات!$B$8+المدخلات!$B$6)/1440)<12," ص"," م") -> 8:35 م | L4: =MAX('6 فرق'!$C$4:$C$63) -> 1
A5: 7 | B5: {=ROUND(SUMPRODUCT(1/COUNTIF('بيانات الفرق U13'!$G$3:$G$9,'بيانات الفرق U13'!$G$3:$G$9)),0)} -> 1 | C5: {=_xlfn.TEXTJOIN(" + ",TRUE,_xlfn._xlws.SORT(COUNTIF('بيانات الفرق U13'!$G$3:$G$9,"المجموعة "&_xlfn.SEQUENCE(B5))))} -> 7 | D5: {=_xlfn.LET(_xlpm.gs,_xlfn.SEQUENCE(B5),_xlpm.ln,_xlfn.MAXIFS('بيانات الفرق U13'!$I$3:$I$9,'بيانات الفرق U13'!$G$3:$G$9,"المجموعة "&_xlpm.gs),_xlpm.mn,_xlfn.MINIFS('بيانات الفرق U13'!$H$3:$H$9,'بيانات الفرق U13'!$G$3:$G$9,"المجموعة "&_xlpm.gs),_xlpm.mx,_xlfn.MAXIFS('بيانات الفرق U13'!$H$3:$H$9,'بيانات الفرق U13'!$G$3:$G$9,"المجموعة "&_xlpm.gs),_xlpm.lo,FLOOR(_xlpm.mn/_xlpm.ln,1),_xlpm.hi,CEILING(_xlpm.mx/_xlpm.ln,1),_xlpm.t,IF(_xlpm.lo=_xlpm.hi,_xlpm.lo&"",_xlpm.lo&"–"&_xlpm.hi),_xlfn.TEXTJOIN(" + ",TRUE,_xlfn.SORTBY(_xlpm.t,_xlpm.ln,1)))} -> 3 | E5: {=_xlfn.LET(_xlpm.gs,_xlfn.SEQUENCE(B5),_xlpm.ln,_xlfn.MAXIFS('بيانات الفرق U13'!$I$3:$I$9,'بيانات الفرق U13'!$G$3:$G$9,"المجموعة "&_xlpm.gs),_xlpm.mn,_xlfn.MINIFS('بيانات الفرق U13'!$H$3:$H$9,'بيانات الفرق U13'!$G$3:$G$9,"المجموعة "&_xlpm.gs),_xlpm.mx,_xlfn.MAXIFS('بيانات الفرق U13'!$H$3:$H$9,'بيانات الفرق U13'!$G$3:$G$9,"المجموعة "&_xlpm.gs),_xlpm.t,IF(_xlpm.mn=_xlpm.mx,_xlpm.mn&"",_xlpm.mn&"–"&_xlpm.mx),_xlfn.TEXTJOIN(" + ",TRUE,_xlfn.SORTBY(_xlpm.t,_xlpm.ln,1)))} -> 18 | F5: =IF(H5=0,"—",IF(H5=1,"نهائي مباشر",IF(H5=2,"نصف نهائي ثم نهائي","ربع نهائي ثم نصف نهائي ثم نهائي"))) -> — | G5: =I5-H5 -> 21 | H5: {=MAX('7 فرق'!$A$4:$A$66)-SUMPRODUCT(MAX(ISNUMBER(IFERROR(--LEFT('7 فرق'!$D$4:$D$66,1),"x"))*'7 فرق'!$A$4:$A$66))} -> 0 | I5: =MAX('7 فرق'!$A$4:$A$66) -> 21 | J5: =MOD(HOUR(المدخلات!$B$5)-1,12)+1&":"&TEXT(MINUTE(المدخلات!$B$5),"00")&IF(HOUR(المدخلات!$B$5)<12," ص"," م") -> 4:00 م | K5: =MOD(HOUR(المدخلات!$B$5+((المدخلات!$B$9-1)*المدخلات!$B$8+المدخلات!$B$6)/1440)-1,12)+1&":"&TEXT(MINUTE(المدخلات!$B$5+((المدخلات!$B$9-1)*المدخلات!$B$8+المدخلات!$B$6)/1440),"00")&IF(HOUR(المدخلات!$B$5+((المدخلات!$B$9-1)*المدخلات!$B$8+المدخلات!$B$6)/1440)<12," ص"," م") -> 8:35 م | L5: =MAX('7 فرق'!$C$4:$C$66) -> 1
A6: 8 | B6: {=ROUND(SUMPRODUCT(1/COUNTIF('بيانات الفرق U13'!$L$3:$L$10,'بيانات الفرق U13'!$L$3:$L$10)),0)} -> 1 | C6: {=_xlfn.TEXTJOIN(" + ",TRUE,_xlfn._xlws.SORT(COUNTIF('بيانات الفرق U13'!$L$3:$L$10,"المجموعة "&_xlfn.SEQUENCE(B6))))} -> 8 | D6: {=_xlfn.LET(_xlpm.gs,_xlfn.SEQUENCE(B6),_xlpm.ln,_xlfn.MAXIFS('بيانات الفرق U13'!$N$3:$N$10,'بيانات الفرق U13'!$L$3:$L$10,"المجموعة "&_xlpm.gs),_xlpm.mn,_xlfn.MINIFS('بيانات الفرق U13'!$M$3:$M$10,'بيانات الفرق U13'!$L$3:$L$10,"المجموعة "&_xlpm.gs),_xlpm.mx,_xlfn.MAXIFS('بيانات الفرق U13'!$M$3:$M$10,'بيانات الفرق U13'!$L$3:$L$10,"المجموعة "&_xlpm.gs),_xlpm.lo,FLOOR(_xlpm.mn/_xlpm.ln,1),_xlpm.hi,CEILING(_xlpm.mx/_xlpm.ln,1),_xlpm.t,IF(_xlpm.lo=_xlpm.hi,_xlpm.lo&"",_xlpm.lo&"–"&_xlpm.hi),_xlfn.TEXTJOIN(" + ",TRUE,_xlfn.SORTBY(_xlpm.t,_xlpm.ln,1)))} -> 3 | E6: {=_xlfn.LET(_xlpm.gs,_xlfn.SEQUENCE(B6),_xlpm.ln,_xlfn.MAXIFS('بيانات الفرق U13'!$N$3:$N$10,'بيانات الفرق U13'!$L$3:$L$10,"المجموعة "&_xlpm.gs),_xlpm.mn,_xlfn.MINIFS('بيانات الفرق U13'!$M$3:$M$10,'بيانات الفرق U13'!$L$3:$L$10,"المجموعة "&_xlpm.gs),_xlpm.mx,_xlfn.MAXIFS('بيانات الفرق U13'!$M$3:$M$10,'بيانات الفرق U13'!$L$3:$L$10,"المجموعة "&_xlpm.gs),_xlpm.t,IF(_xlpm.mn=_xlpm.mx,_xlpm.mn&"",_xlpm.mn&"–"&_xlpm.mx),_xlfn.TEXTJOIN(" + ",TRUE,_xlfn.SORTBY(_xlpm.t,_xlpm.ln,1)))} -> 21 | F6: =IF(H6=0,"—",IF(H6=1,"نهائي مباشر",IF(H6=2,"نصف نهائي ثم نهائي","ربع نهائي ثم نصف نهائي ثم نهائي"))) -> — | G6: =I6-H6 -> 21 | H6: {=MAX('8 فرق'!$A$4:$A$87)-SUMPRODUCT(MAX(ISNUMBER(IFERROR(--LEFT('8 فرق'!$D$4:$D$87,1),"x"))*'8 فرق'!$A$4:$A$87))} -> 0 | I6: =MAX('8 فرق'!$A$4:$A$87) -> 21 | J6: =MOD(HOUR(المدخلات!$B$5)-1,12)+1&":"&TEXT(MINUTE(المدخلات!$B$5),"00")&IF(HOUR(المدخلات!$B$5)<12," ص"," م") -> 4:00 م | K6: =MOD(HOUR(المدخلات!$B$5+((المدخلات!$B$9-1)*المدخلات!$B$8+المدخلات!$B$6)/1440)-1,12)+1&":"&TEXT(MINUTE(المدخلات!$B$5+((المدخلات!$B$9-1)*المدخلات!$B$8+المدخلات!$B$6)/1440),"00")&IF(HOUR(المدخلات!$B$5+((المدخلات!$B$9-1)*المدخلات!$B$8+المدخلات!$B$6)/1440)<12," ص"," م") -> 8:35 م | L6: =MAX('8 فرق'!$C$4:$C$87) -> 2
A7: 9 | B7: {=ROUND(SUMPRODUCT(1/COUNTIF('بيانات الفرق U13'!$Q$3:$Q$11,'بيانات الفرق U13'!$Q$3:$Q$11)),0)} -> 1 | C7: {=_xlfn.TEXTJOIN(" + ",TRUE,_xlfn._xlws.SORT(COUNTIF('بيانات الفرق U13'!$Q$3:$Q$11,"المجموعة "&_xlfn.SEQUENCE(B7))))} -> 9 | D7: {=_xlfn.LET(_xlpm.gs,_xlfn.SEQUENCE(B7),_xlpm.ln,_xlfn.MAXIFS('بيانات الفرق U13'!$S$3:$S$11,'بيانات الفرق U13'!$Q$3:$Q$11,"المجموعة "&_xlpm.gs),_xlpm.mn,_xlfn.MINIFS('بيانات الفرق U13'!$R$3:$R$11,'بيانات الفرق U13'!$Q$3:$Q$11,"المجموعة "&_xlpm.gs),_xlpm.mx,_xlfn.MAXIFS('بيانات الفرق U13'!$R$3:$R$11,'بيانات الفرق U13'!$Q$3:$Q$11,"المجموعة "&_xlpm.gs),_xlpm.lo,FLOOR(_xlpm.mn/_xlpm.ln,1),_xlpm.hi,CEILING(_xlpm.mx/_xlpm.ln,1),_xlpm.t,IF(_xlpm.lo=_xlpm.hi,_xlpm.lo&"",_xlpm.lo&"–"&_xlpm.hi),_xlfn.TEXTJOIN(" + ",TRUE,_xlfn.SORTBY(_xlpm.t,_xlpm.ln,1)))} -> 2–3 | E7: {=_xlfn.LET(_xlpm.gs,_xlfn.SEQUENCE(B7),_xlpm.ln,_xlfn.MAXIFS('بيانات الفرق U13'!$S$3:$S$11,'بيانات الفرق U13'!$Q$3:$Q$11,"المجموعة "&_xlpm.gs),_xlpm.mn,_xlfn.MINIFS('بيانات الفرق U13'!$R$3:$R$11,'بيانات الفرق U13'!$Q$3:$Q$11,"المجموعة "&_xlpm.gs),_xlpm.mx,_xlfn.MAXIFS('بيانات الفرق U13'!$R$3:$R$11,'بيانات الفرق U13'!$Q$3:$Q$11,"المجموعة "&_xlpm.gs),_xlpm.t,IF(_xlpm.mn=_xlpm.mx,_xlpm.mn&"",_xlpm.mn&"–"&_xlpm.mx),_xlfn.TEXTJOIN(" + ",TRUE,_xlfn.SORTBY(_xlpm.t,_xlpm.ln,1)))} -> 18 | F7: =IF(H7=0,"—",IF(H7=1,"نهائي مباشر",IF(H7=2,"نصف نهائي ثم نهائي","ربع نهائي ثم نصف نهائي ثم نهائي"))) -> — | G7: =I7-H7 -> 21 | H7: {=MAX('9 فرق'!$A$4:$A$84)-SUMPRODUCT(MAX(ISNUMBER(IFERROR(--LEFT('9 فرق'!$D$4:$D$84,1),"x"))*'9 فرق'!$A$4:$A$84))} -> 0 | I7: =MAX('9 فرق'!$A$4:$A$84) -> 21 | J7: =MOD(HOUR(المدخلات!$B$5)-1,12)+1&":"&TEXT(MINUTE(المدخلات!$B$5),"00")&IF(HOUR(المدخلات!$B$5)<12," ص"," م") -> 4:00 م | K7: =MOD(HOUR(المدخلات!$B$5+((المدخلات!$B$9-1)*المدخلات!$B$8+المدخلات!$B$6)/1440)-1,12)+1&":"&TEXT(MINUTE(المدخلات!$B$5+((المدخلات!$B$9-1)*المدخلات!$B$8+المدخلات!$B$6)/1440),"00")&IF(HOUR(المدخلات!$B$5+((المدخلات!$B$9-1)*المدخلات!$B$8+المدخلات!$B$6)/1440)<12," ص"," م") -> 8:35 م | L7: =MAX('9 فرق'!$C$4:$C$84) -> 2
A8: 11 | B8: {=ROUND(SUMPRODUCT(1/COUNTIF('بيانات الفرق U13'!$V$3:$V$13,'بيانات الفرق U13'!$V$3:$V$13)),0)} -> 1 | C8: {=_xlfn.TEXTJOIN(" + ",TRUE,_xlfn._xlws.SORT(COUNTIF('بيانات الفرق U13'!$V$3:$V$13,"المجموعة "&_xlfn.SEQUENCE(B8))))} -> 11 | D8: {=_xlfn.LET(_xlpm.gs,_xlfn.SEQUENCE(B8),_xlpm.ln,_xlfn.MAXIFS('بيانات الفرق U13'!$X$3:$X$13,'بيانات الفرق U13'!$V$3:$V$13,"المجموعة "&_xlpm.gs),_xlpm.mn,_xlfn.MINIFS('بيانات الفرق U13'!$W$3:$W$13,'بيانات الفرق U13'!$V$3:$V$13,"المجموعة "&_xlpm.gs),_xlpm.mx,_xlfn.MAXIFS('بيانات الفرق U13'!$W$3:$W$13,'بيانات الفرق U13'!$V$3:$V$13,"المجموعة "&_xlpm.gs),_xlpm.lo,FLOOR(_xlpm.mn/_xlpm.ln,1),_xlpm.hi,CEILING(_xlpm.mx/_xlpm.ln,1),_xlpm.t,IF(_xlpm.lo=_xlpm.hi,_xlpm.lo&"",_xlpm.lo&"–"&_xlpm.hi),_xlfn.TEXTJOIN(" + ",TRUE,_xlfn.SORTBY(_xlpm.t,_xlpm.ln,1)))} -> 2 | E8: {=_xlfn.LET(_xlpm.gs,_xlfn.SEQUENCE(B8),_xlpm.ln,_xlfn.MAXIFS('بيانات الفرق U13'!$X$3:$X$13,'بيانات الفرق U13'!$V$3:$V$13,"المجموعة "&_xlpm.gs),_xlpm.mn,_xlfn.MINIFS('بيانات الفرق U13'!$W$3:$W$13,'بيانات الفرق U13'!$V$3:$V$13,"المجموعة "&_xlpm.gs),_xlpm.mx,_xlfn.MAXIFS('بيانات الفرق U13'!$W$3:$W$13,'بيانات الفرق U13'!$V$3:$V$13,"المجموعة "&_xlpm.gs),_xlpm.t,IF(_xlpm.mn=_xlpm.mx,_xlpm.mn&"",_xlpm.mn&"–"&_xlpm.mx),_xlfn.TEXTJOIN(" + ",TRUE,_xlfn.SORTBY(_xlpm.t,_xlpm.ln,1)))} -> 20 | F8: =IF(H8=0,"—",IF(H8=1,"نهائي مباشر",IF(H8=2,"نصف نهائي ثم نهائي","ربع نهائي ثم نصف نهائي ثم نهائي"))) -> — | G8: =I8-H8 -> 22 | H8: {=MAX('11 فريق'!$A$4:$A$113)-SUMPRODUCT(MAX(ISNUMBER(IFERROR(--LEFT('11 فريق'!$D$4:$D$113,1),"x"))*'11 فريق'!$A$4:$A$113))} -> 0 | I8: =MAX('11 فريق'!$A$4:$A$113) -> 22 | J8: =MOD(HOUR(المدخلات!$B$5)-1,12)+1&":"&TEXT(MINUTE(المدخلات!$B$5),"00")&IF(HOUR(المدخلات!$B$5)<12," ص"," م") -> 4:00 م | K8: =MOD(HOUR(المدخلات!$B$5+((المدخلات!$B$9-1)*المدخلات!$B$8+المدخلات!$B$6)/1440)-1,12)+1&":"&TEXT(MINUTE(المدخلات!$B$5+((المدخلات!$B$9-1)*المدخلات!$B$8+المدخلات!$B$6)/1440),"00")&IF(HOUR(المدخلات!$B$5+((المدخلات!$B$9-1)*المدخلات!$B$8+المدخلات!$B$6)/1440)<12," ص"," م") -> 8:35 م | L8: =MAX('11 فريق'!$C$4:$C$113) -> 2
A9: 13 | B9: {=ROUND(SUMPRODUCT(1/COUNTIF('بيانات الفرق U13'!$AA$3:$AA$15,'بيانات الفرق U13'!$AA$3:$AA$15)),0)} -> 2 | C9: {=_xlfn.TEXTJOIN(" + ",TRUE,_xlfn._xlws.SORT(COUNTIF('بيانات الفرق U13'!$AA$3:$AA$15,"المجموعة "&_xlfn.SEQUENCE(B9))))} -> 6 + 7 | D9: {=_xlfn.LET(_xlpm.gs,_xlfn.SEQUENCE(B9),_xlpm.ln,_xlfn.MAXIFS('بيانات الفرق U13'!$AC$3:$AC$15,'بيانات الفرق U13'!$AA$3:$AA$15,"المجموعة "&_xlpm.gs),_xlpm.mn,_xlfn.MINIFS('بيانات الفرق U13'!$AB$3:$AB$15,'بيانات الفرق U13'!$AA$3:$AA$15,"المجموعة "&_xlpm.gs),_xlpm.mx,_xlfn.MAXIFS('بيانات الفرق U13'!$AB$3:$AB$15,'بيانات الفرق U13'!$AA$3:$AA$15,"المجموعة "&_xlpm.gs),_xlpm.lo,FLOOR(_xlpm.mn/_xlpm.ln,1),_xlpm.hi,CEILING(_xlpm.mx/_xlpm.ln,1),_xlpm.t,IF(_xlpm.lo=_xlpm.hi,_xlpm.lo&"",_xlpm.lo&"–"&_xlpm.hi),_xlfn.TEXTJOIN(" + ",TRUE,_xlfn.SORTBY(_xlpm.t,_xlpm.ln,1)))} -> 4 + 3 | E9: {=_xlfn.LET(_xlpm.gs,_xlfn.SEQUENCE(B9),_xlpm.ln,_xlfn.MAXIFS('بيانات الفرق U13'!$AC$3:$AC$15,'بيانات الفرق U13'!$AA$3:$AA$15,"المجموعة "&_xlpm.gs),_xlpm.mn,_xlfn.MINIFS('بيانات الفرق U13'!$AB$3:$AB$15,'بيانات الفرق U13'!$AA$3:$AA$15,"المجموعة "&_xlpm.gs),_xlpm.mx,_xlfn.MAXIFS('بيانات الفرق U13'!$AB$3:$AB$15,'بيانات الفرق U13'!$AA$3:$AA$15,"المجموعة "&_xlpm.gs),_xlpm.t,IF(_xlpm.mn=_xlpm.mx,_xlpm.mn&"",_xlpm.mn&"–"&_xlpm.mx),_xlfn.TEXTJOIN(" + ",TRUE,_xlfn.SORTBY(_xlpm.t,_xlpm.ln,1)))} -> 20 + 18 | F9: =IF(H9=0,"—",IF(H9=1,"نهائي مباشر",IF(H9=2,"نصف نهائي ثم نهائي","ربع نهائي ثم نصف نهائي ثم نهائي"))) -> نهائي مباشر | G9: =I9-H9 -> 21 | H9: {=MAX('13 فريق'!$A$4:$A$127)-SUMPRODUCT(MAX(ISNUMBER(IFERROR(--LEFT('13 فريق'!$D$4:$D$127,1),"x"))*'13 فريق'!$A$4:$A$127))} -> 1 | I9: =MAX('13 فريق'!$A$4:$A$127) -> 22 | J9: =MOD(HOUR(المدخلات!$B$5)-1,12)+1&":"&TEXT(MINUTE(المدخلات!$B$5),"00")&IF(HOUR(المدخلات!$B$5)<12," ص"," م") -> 4:00 م | K9: =MOD(HOUR(المدخلات!$B$5+((المدخلات!$B$9-1)*المدخلات!$B$8+المدخلات!$B$6)/1440)-1,12)+1&":"&TEXT(MINUTE(المدخلات!$B$5+((المدخلات!$B$9-1)*المدخلات!$B$8+المدخلات!$B$6)/1440),"00")&IF(HOUR(المدخلات!$B$5+((المدخلات!$B$9-1)*المدخلات!$B$8+المدخلات!$B$6)/1440)<12," ص"," م") -> 8:35 م | L9: =MAX('13 فريق'!$C$4:$C$127) -> 2
A10: 14 | B10: {=ROUND(SUMPRODUCT(1/COUNTIF('بيانات الفرق U13'!$AF$3:$AF$16,'بيانات الفرق U13'!$AF$3:$AF$16)),0)} -> 2 | C10: {=_xlfn.TEXTJOIN(" + ",TRUE,_xlfn._xlws.SORT(COUNTIF('بيانات الفرق U13'!$AF$3:$AF$16,"المجموعة "&_xlfn.SEQUENCE(B10))))} -> 6 + 8 | D10: {=_xlfn.LET(_xlpm.gs,_xlfn.SEQUENCE(B10),_xlpm.ln,_xlfn.MAXIFS('بيانات الفرق U13'!$AH$3:$AH$16,'بيانات الفرق U13'!$AF$3:$AF$16,"المجموعة "&_xlpm.gs),_xlpm.mn,_xlfn.MINIFS('بيانات الفرق U13'!$AG$3:$AG$16,'بيانات الفرق U13'!$AF$3:$AF$16,"المجموعة "&_xlpm.gs),_xlpm.mx,_xlfn.MAXIFS('بيانات الفرق U13'!$AG$3:$AG$16,'بيانات الفرق U13'!$AF$3:$AF$16,"المجموعة "&_xlpm.gs),_xlpm.lo,FLOOR(_xlpm.mn/_xlpm.ln,1),_xlpm.hi,CEILING(_xlpm.mx/_xlpm.ln,1),_xlpm.t,IF(_xlpm.lo=_xlpm.hi,_xlpm.lo&"",_xlpm.lo&"–"&_xlpm.hi),_xlfn.TEXTJOIN(" + ",TRUE,_xlfn.SORTBY(_xlpm.t,_xlpm.ln,1)))} -> 4 + 3 | E10: {=_xlfn.LET(_xlpm.gs,_xlfn.SEQUENCE(B10),_xlpm.ln,_xlfn.MAXIFS('بيانات الفرق U13'!$AH$3:$AH$16,'بيانات الفرق U13'!$AF$3:$AF$16,"المجموعة "&_xlpm.gs),_xlpm.mn,_xlfn.MINIFS('بيانات الفرق U13'!$AG$3:$AG$16,'بيانات الفرق U13'!$AF$3:$AF$16,"المجموعة "&_xlpm.gs),_xlpm.mx,_xlfn.MAXIFS('بيانات الفرق U13'!$AG$3:$AG$16,'بيانات الفرق U13'!$AF$3:$AF$16,"المجموعة "&_xlpm.gs),_xlpm.t,IF(_xlpm.mn=_xlpm.mx,_xlpm.mn&"",_xlpm.mn&"–"&_xlpm.mx),_xlfn.TEXTJOIN(" + ",TRUE,_xlfn.SORTBY(_xlpm.t,_xlpm.ln,1)))} -> 20 + 21 | F10: =IF(H10=0,"—",IF(H10=1,"نهائي مباشر",IF(H10=2,"نصف نهائي ثم نهائي","ربع نهائي ثم نصف نهائي ثم نهائي"))) -> نهائي مباشر | G10: =I10-H10 -> 21 | H10: {=MAX('14 فريق'!$A$4:$A$148)-SUMPRODUCT(MAX(ISNUMBER(IFERROR(--LEFT('14 فريق'!$D$4:$D$148,1),"x"))*'14 فريق'!$A$4:$A$148))} -> 1 | I10: =MAX('14 فريق'!$A$4:$A$148) -> 22 | J10: =MOD(HOUR(المدخلات!$B$5)-1,12)+1&":"&TEXT(MINUTE(المدخلات!$B$5),"00")&IF(HOUR(المدخلات!$B$5)<12," ص"," م") -> 4:00 م | K10: =MOD(HOUR(المدخلات!$B$5+((المدخلات!$B$9-1)*المدخلات!$B$8+المدخلات!$B$6)/1440)-1,12)+1&":"&TEXT(MINUTE(المدخلات!$B$5+((المدخلات!$B$9-1)*المدخلات!$B$8+المدخلات!$B$6)/1440),"00")&IF(HOUR(المدخلات!$B$5+((المدخلات!$B$9-1)*المدخلات!$B$8+المدخلات!$B$6)/1440)<12," ص"," م") -> 8:35 م | L10: =MAX('14 فريق'!$C$4:$C$148) -> 3
A11: 15 | B11: {=ROUND(SUMPRODUCT(1/COUNTIF('بيانات الفرق U13'!$AK$3:$AK$17,'بيانات الفرق U13'!$AK$3:$AK$17)),0)} -> 2 | C11: {=_xlfn.TEXTJOIN(" + ",TRUE,_xlfn._xlws.SORT(COUNTIF('بيانات الفرق U13'!$AK$3:$AK$17,"المجموعة "&_xlfn.SEQUENCE(B11))))} -> 7 + 8 | D11: {=_xlfn.LET(_xlpm.gs,_xlfn.SEQUENCE(B11),_xlpm.ln,_xlfn.MAXIFS('بيانات الفرق U13'!$AM$3:$AM$17,'بيانات الفرق U13'!$AK$3:$AK$17,"المجموعة "&_xlpm.gs),_xlpm.mn,_xlfn.MINIFS('بيانات الفرق U13'!$AL$3:$AL$17,'بيانات الفرق U13'!$AK$3:$AK$17,"المجموعة "&_xlpm.gs),_xlpm.mx,_xlfn.MAXIFS('بيانات الفرق U13'!$AL$3:$AL$17,'بيانات الفرق U13'!$AK$3:$AK$17,"المجموعة "&_xlpm.gs),_xlpm.lo,FLOOR(_xlpm.mn/_xlpm.ln,1),_xlpm.hi,CEILING(_xlpm.mx/_xlpm.ln,1),_xlpm.t,IF(_xlpm.lo=_xlpm.hi,_xlpm.lo&"",_xlpm.lo&"–"&_xlpm.hi),_xlfn.TEXTJOIN(" + ",TRUE,_xlfn.SORTBY(_xlpm.t,_xlpm.ln,1)))} -> 3 + 3 | E11: {=_xlfn.LET(_xlpm.gs,_xlfn.SEQUENCE(B11),_xlpm.ln,_xlfn.MAXIFS('بيانات الفرق U13'!$AM$3:$AM$17,'بيانات الفرق U13'!$AK$3:$AK$17,"المجموعة "&_xlpm.gs),_xlpm.mn,_xlfn.MINIFS('بيانات الفرق U13'!$AL$3:$AL$17,'بيانات الفرق U13'!$AK$3:$AK$17,"المجموعة "&_xlpm.gs),_xlpm.mx,_xlfn.MAXIFS('بيانات الفرق U13'!$AL$3:$AL$17,'بيانات الفرق U13'!$AK$3:$AK$17,"المجموعة "&_xlpm.gs),_xlpm.t,IF(_xlpm.mn=_xlpm.mx,_xlpm.mn&"",_xlpm.mn&"–"&_xlpm.mx),_xlfn.TEXTJOIN(" + ",TRUE,_xlfn.SORTBY(_xlpm.t,_xlpm.ln,1)))} -> 18 + 21 | F11: =IF(H11=0,"—",IF(H11=1,"نهائي مباشر",IF(H11=2,"نصف نهائي ثم نهائي","ربع نهائي ثم نصف نهائي ثم نهائي"))) -> نهائي مباشر | G11: =I11-H11 -> 21 | H11: {=MAX('15 فريق'!$A$4:$A$151)-SUMPRODUCT(MAX(ISNUMBER(IFERROR(--LEFT('15 فريق'!$D$4:$D$151,1),"x"))*'15 فريق'!$A$4:$A$151))} -> 1 | I11: =MAX('15 فريق'!$A$4:$A$151) -> 22 | J11: =MOD(HOUR(المدخلات!$B$5)-1,12)+1&":"&TEXT(MINUTE(المدخلات!$B$5),"00")&IF(HOUR(المدخلات!$B$5)<12," ص"," م") -> 4:00 م | K11: =MOD(HOUR(المدخلات!$B$5+((المدخلات!$B$9-1)*المدخلات!$B$8+المدخلات!$B$6)/1440)-1,12)+1&":"&TEXT(MINUTE(المدخلات!$B$5+((المدخلات!$B$9-1)*المدخلات!$B$8+المدخلات!$B$6)/1440),"00")&IF(HOUR(المدخلات!$B$5+((المدخلات!$B$9-1)*المدخلات!$B$8+المدخلات!$B$6)/1440)<12," ص"," م") -> 8:35 م | L11: =MAX('15 فريق'!$C$4:$C$151) -> 3
A12: 16 | B12: {=ROUND(SUMPRODUCT(1/COUNTIF('بيانات الفرق U13'!$AP$3:$AP$18,'بيانات الفرق U13'!$AP$3:$AP$18)),0)} -> 2 | C12: {=_xlfn.TEXTJOIN(" + ",TRUE,_xlfn._xlws.SORT(COUNTIF('بيانات الفرق U13'!$AP$3:$AP$18,"المجموعة "&_xlfn.SEQUENCE(B12))))} -> 8 + 8 | D12: {=_xlfn.LET(_xlpm.gs,_xlfn.SEQUENCE(B12),_xlpm.ln,_xlfn.MAXIFS('بيانات الفرق U13'!$AR$3:$AR$18,'بيانات الفرق U13'!$AP$3:$AP$18,"المجموعة "&_xlpm.gs),_xlpm.mn,_xlfn.MINIFS('بيانات الفرق U13'!$AQ$3:$AQ$18,'بيانات الفرق U13'!$AP$3:$AP$18,"المجموعة "&_xlpm.gs),_xlpm.mx,_xlfn.MAXIFS('بيانات الفرق U13'!$AQ$3:$AQ$18,'بيانات الفرق U13'!$AP$3:$AP$18,"المجموعة "&_xlpm.gs),_xlpm.lo,FLOOR(_xlpm.mn/_xlpm.ln,1),_xlpm.hi,CEILING(_xlpm.mx/_xlpm.ln,1),_xlpm.t,IF(_xlpm.lo=_xlpm.hi,_xlpm.lo&"",_xlpm.lo&"–"&_xlpm.hi),_xlfn.TEXTJOIN(" + ",TRUE,_xlfn.SORTBY(_xlpm.t,_xlpm.ln,1)))} -> 3 + 3 | E12: {=_xlfn.LET(_xlpm.gs,_xlfn.SEQUENCE(B12),_xlpm.ln,_xlfn.MAXIFS('بيانات الفرق U13'!$AR$3:$AR$18,'بيانات الفرق U13'!$AP$3:$AP$18,"المجموعة "&_xlpm.gs),_xlpm.mn,_xlfn.MINIFS('بيانات الفرق U13'!$AQ$3:$AQ$18,'بيانات الفرق U13'!$AP$3:$AP$18,"المجموعة "&_xlpm.gs),_xlpm.mx,_xlfn.MAXIFS('بيانات الفرق U13'!$AQ$3:$AQ$18,'بيانات الفرق U13'!$AP$3:$AP$18,"المجموعة "&_xlpm.gs),_xlpm.t,IF(_xlpm.mn=_xlpm.mx,_xlpm.mn&"",_xlpm.mn&"–"&_xlpm.mx),_xlfn.TEXTJOIN(" + ",TRUE,_xlfn.SORTBY(_xlpm.t,_xlpm.ln,1)))} -> 21 + 21 | F12: =IF(H12=0,"—",IF(H12=1,"نهائي مباشر",IF(H12=2,"نصف نهائي ثم نهائي","ربع نهائي ثم نصف نهائي ثم نهائي"))) -> نهائي مباشر | G12: =I12-H12 -> 21 | H12: {=MAX('16 فريق'!$A$4:$A$172)-SUMPRODUCT(MAX(ISNUMBER(IFERROR(--LEFT('16 فريق'!$D$4:$D$172,1),"x"))*'16 فريق'!$A$4:$A$172))} -> 1 | I12: =MAX('16 فريق'!$A$4:$A$172) -> 22 | J12: =MOD(HOUR(المدخلات!$B$5)-1,12)+1&":"&TEXT(MINUTE(المدخلات!$B$5),"00")&IF(HOUR(المدخلات!$B$5)<12," ص"," م") -> 4:00 م | K12: =MOD(HOUR(المدخلات!$B$5+((المدخلات!$B$9-1)*المدخلات!$B$8+المدخلات!$B$6)/1440)-1,12)+1&":"&TEXT(MINUTE(المدخلات!$B$5+((المدخلات!$B$9-1)*المدخلات!$B$8+المدخلات!$B$6)/1440),"00")&IF(HOUR(المدخلات!$B$5+((المدخلات!$B$9-1)*المدخلات!$B$8+المدخلات!$B$6)/1440)<12," ص"," م") -> 8:35 م | L12: =MAX('16 فريق'!$C$4:$C$172) -> 3
A13: 17 | B13: {=ROUND(SUMPRODUCT(1/COUNTIF('بيانات الفرق U13'!$AU$3:$AU$19,'بيانات الفرق U13'!$AU$3:$AU$19)),0)} -> 2 | C13: {=_xlfn.TEXTJOIN(" + ",TRUE,_xlfn._xlws.SORT(COUNTIF('بيانات الفرق U13'!$AU$3:$AU$19,"المجموعة "&_xlfn.SEQUENCE(B13))))} -> 7 + 10 | D13: {=_xlfn.LET(_xlpm.gs,_xlfn.SEQUENCE(B13),_xlpm.ln,_xlfn.MAXIFS('بيانات الفرق U13'!$AW$3:$AW$19,'بيانات الفرق U13'!$AU$3:$AU$19,"المجموعة "&_xlpm.gs),_xlpm.mn,_xlfn.MINIFS('بيانات الفرق U13'!$AV$3:$AV$19,'بيانات الفرق U13'!$AU$3:$AU$19,"المجموعة "&_xlpm.gs),_xlpm.mx,_xlfn.MAXIFS('بيانات الفرق U13'!$AV$3:$AV$19,'بيانات الفرق U13'!$AU$3:$AU$19,"المجموعة "&_xlpm.gs),_xlpm.lo,FLOOR(_xlpm.mn/_xlpm.ln,1),_xlpm.hi,CEILING(_xlpm.mx/_xlpm.ln,1),_xlpm.t,IF(_xlpm.lo=_xlpm.hi,_xlpm.lo&"",_xlpm.lo&"–"&_xlpm.hi),_xlfn.TEXTJOIN(" + ",TRUE,_xlfn.SORTBY(_xlpm.t,_xlpm.ln,1)))} -> 3 + 2 | E13: {=_xlfn.LET(_xlpm.gs,_xlfn.SEQUENCE(B13),_xlpm.ln,_xlfn.MAXIFS('بيانات الفرق U13'!$AW$3:$AW$19,'بيانات الفرق U13'!$AU$3:$AU$19,"المجموعة "&_xlpm.gs),_xlpm.mn,_xlfn.MINIFS('بيانات الفرق U13'!$AV$3:$AV$19,'بيانات الفرق U13'!$AU$3:$AU$19,"المجموعة "&_xlpm.gs),_xlpm.mx,_xlfn.MAXIFS('بيانات الفرق U13'!$AV$3:$AV$19,'بيانات الفرق U13'!$AU$3:$AU$19,"المجموعة "&_xlpm.gs),_xlpm.t,IF(_xlpm.mn=_xlpm.mx,_xlpm.mn&"",_xlpm.mn&"–"&_xlpm.mx),_xlfn.TEXTJOIN(" + ",TRUE,_xlfn.SORTBY(_xlpm.t,_xlpm.ln,1)))} -> 18 + 18 | F13: =IF(H13=0,"—",IF(H13=1,"نهائي مباشر",IF(H13=2,"نصف نهائي ثم نهائي","ربع نهائي ثم نصف نهائي ثم نهائي"))) -> نهائي مباشر | G13: =I13-H13 -> 21 | H13: {=MAX('17 فريق'!$A$4:$A$157)-SUMPRODUCT(MAX(ISNUMBER(IFERROR(--LEFT('17 فريق'!$D$4:$D$157,1),"x"))*'17 فريق'!$A$4:$A$157))} -> 1 | I13: =MAX('17 فريق'!$A$4:$A$157) -> 22 | J13: =MOD(HOUR(المدخلات!$B$5)-1,12)+1&":"&TEXT(MINUTE(المدخلات!$B$5),"00")&IF(HOUR(المدخلات!$B$5)<12," ص"," م") -> 4:00 م | K13: =MOD(HOUR(المدخلات!$B$5+((المدخلات!$B$9-1)*المدخلات!$B$8+المدخلات!$B$6)/1440)-1,12)+1&":"&TEXT(MINUTE(المدخلات!$B$5+((المدخلات!$B$9-1)*المدخلات!$B$8+المدخلات!$B$6)/1440),"00")&IF(HOUR(المدخلات!$B$5+((المدخلات!$B$9-1)*المدخلات!$B$8+المدخلات!$B$6)/1440)<12," ص"," م") -> 8:35 م | L13: =MAX('17 فريق'!$C$4:$C$157) -> 3
A14: 18 | B14: {=ROUND(SUMPRODUCT(1/COUNTIF('بيانات الفرق U13'!$AZ$3:$AZ$20,'بيانات الفرق U13'!$AZ$3:$AZ$20)),0)} -> 3 | C14: {=_xlfn.TEXTJOIN(" + ",TRUE,_xlfn._xlws.SORT(COUNTIF('بيانات الفرق U13'!$AZ$3:$AZ$20,"المجموعة "&_xlfn.SEQUENCE(B14))))} -> 6 + 6 + 6 | D14: {=_xlfn.LET(_xlpm.gs,_xlfn.SEQUENCE(B14),_xlpm.ln,_xlfn.MAXIFS('بيانات الفرق U13'!$BB$3:$BB$20,'بيانات الفرق U13'!$AZ$3:$AZ$20,"المجموعة "&_xlpm.gs),_xlpm.mn,_xlfn.MINIFS('بيانات الفرق U13'!$BA$3:$BA$20,'بيانات الفرق U13'!$AZ$3:$AZ$20,"المجموعة "&_xlpm.gs),_xlpm.mx,_xlfn.MAXIFS('بيانات الفرق U13'!$BA$3:$BA$20,'بيانات الفرق U13'!$AZ$3:$AZ$20,"المجموعة "&_xlpm.gs),_xlpm.lo,FLOOR(_xlpm.mn/_xlpm.ln,1),_xlpm.hi,CEILING(_xlpm.mx/_xlpm.ln,1),_xlpm.t,IF(_xlpm.lo=_xlpm.hi,_xlpm.lo&"",_xlpm.lo&"–"&_xlpm.hi),_xlfn.TEXTJOIN(" + ",TRUE,_xlfn.SORTBY(_xlpm.t,_xlpm.ln,1)))} -> 4 + 4 + 4 | E14: {=_xlfn.LET(_xlpm.gs,_xlfn.SEQUENCE(B14),_xlpm.ln,_xlfn.MAXIFS('بيانات الفرق U13'!$BB$3:$BB$20,'بيانات الفرق U13'!$AZ$3:$AZ$20,"المجموعة "&_xlpm.gs),_xlpm.mn,_xlfn.MINIFS('بيانات الفرق U13'!$BA$3:$BA$20,'بيانات الفرق U13'!$AZ$3:$AZ$20,"المجموعة "&_xlpm.gs),_xlpm.mx,_xlfn.MAXIFS('بيانات الفرق U13'!$BA$3:$BA$20,'بيانات الفرق U13'!$AZ$3:$AZ$20,"المجموعة "&_xlpm.gs),_xlpm.t,IF(_xlpm.mn=_xlpm.mx,_xlpm.mn&"",_xlpm.mn&"–"&_xlpm.mx),_xlfn.TEXTJOIN(" + ",TRUE,_xlfn.SORTBY(_xlpm.t,_xlpm.ln,1)))} -> 20 + 20 + 20 | F14: =IF(H14=0,"—",IF(H14=1,"نهائي مباشر",IF(H14=2,"نصف نهائي ثم نهائي","ربع نهائي ثم نصف نهائي ثم نهائي"))) -> نصف نهائي ثم نهائي | G14: =I14-H14 -> 20 | H14: {=MAX('18 فريق'!$A$4:$A$186)-SUMPRODUCT(MAX(ISNUMBER(IFERROR(--LEFT('18 فريق'!$D$4:$D$186,1),"x"))*'18 فريق'!$A$4:$A$186))} -> 2 | I14: =MAX('18 فريق'!$A$4:$A$186) -> 22 | J14: =MOD(HOUR(المدخلات!$B$5)-1,12)+1&":"&TEXT(MINUTE(المدخلات!$B$5),"00")&IF(HOUR(المدخلات!$B$5)<12," ص"," م") -> 4:00 م | K14: =MOD(HOUR(المدخلات!$B$5+((المدخلات!$B$9-1)*المدخلات!$B$8+المدخلات!$B$6)/1440)-1,12)+1&":"&TEXT(MINUTE(المدخلات!$B$5+((المدخلات!$B$9-1)*المدخلات!$B$8+المدخلات!$B$6)/1440),"00")&IF(HOUR(المدخلات!$B$5+((المدخلات!$B$9-1)*المدخلات!$B$8+المدخلات!$B$6)/1440)<12," ص"," م") -> 8:35 م | L14: =MAX('18 فريق'!$C$4:$C$186) -> 3
A15: 20 | B15: {=ROUND(SUMPRODUCT(1/COUNTIF('بيانات الفرق U13'!$BE$3:$BE$22,'بيانات الفرق U13'!$BE$3:$BE$22)),0)} -> 1 | C15: {=_xlfn.TEXTJOIN(" + ",TRUE,_xlfn._xlws.SORT(COUNTIF('بيانات الفرق U13'!$BE$3:$BE$22,"المجموعة "&_xlfn.SEQUENCE(B15))))} -> 20 | D15: {=_xlfn.LET(_xlpm.gs,_xlfn.SEQUENCE(B15),_xlpm.ln,_xlfn.MAXIFS('بيانات الفرق U13'!$BG$3:$BG$22,'بيانات الفرق U13'!$BE$3:$BE$22,"المجموعة "&_xlpm.gs),_xlpm.mn,_xlfn.MINIFS('بيانات الفرق U13'!$BF$3:$BF$22,'بيانات الفرق U13'!$BE$3:$BE$22,"المجموعة "&_xlpm.gs),_xlpm.mx,_xlfn.MAXIFS('بيانات الفرق U13'!$BF$3:$BF$22,'بيانات الفرق U13'!$BE$3:$BE$22,"المجموعة "&_xlpm.gs),_xlpm.lo,FLOOR(_xlpm.mn/_xlpm.ln,1),_xlpm.hi,CEILING(_xlpm.mx/_xlpm.ln,1),_xlpm.t,IF(_xlpm.lo=_xlpm.hi,_xlpm.lo&"",_xlpm.lo&"–"&_xlpm.hi),_xlfn.TEXTJOIN(" + ",TRUE,_xlfn.SORTBY(_xlpm.t,_xlpm.ln,1)))} -> 1 | E15: {=_xlfn.LET(_xlpm.gs,_xlfn.SEQUENCE(B15),_xlpm.ln,_xlfn.MAXIFS('بيانات الفرق U13'!$BG$3:$BG$22,'بيانات الفرق U13'!$BE$3:$BE$22,"المجموعة "&_xlpm.gs),_xlpm.mn,_xlfn.MINIFS('بيانات الفرق U13'!$BF$3:$BF$22,'بيانات الفرق U13'!$BE$3:$BE$22,"المجموعة "&_xlpm.gs),_xlpm.mx,_xlfn.MAXIFS('بيانات الفرق U13'!$BF$3:$BF$22,'بيانات الفرق U13'!$BE$3:$BE$22,"المجموعة "&_xlpm.gs),_xlpm.t,IF(_xlpm.mn=_xlpm.mx,_xlpm.mn&"",_xlpm.mn&"–"&_xlpm.mx),_xlfn.TEXTJOIN(" + ",TRUE,_xlfn.SORTBY(_xlpm.t,_xlpm.ln,1)))} -> 19 | F15: =IF(H15=0,"—",IF(H15=1,"نهائي مباشر",IF(H15=2,"نصف نهائي ثم نهائي","ربع نهائي ثم نصف نهائي ثم نهائي"))) -> — | G15: =I15-H15 -> 19 | H15: {=MAX('20 فريق'!$A$4:$A$193)-SUMPRODUCT(MAX(ISNUMBER(IFERROR(--LEFT('20 فريق'!$D$4:$D$193,1),"x"))*'20 فريق'!$A$4:$A$193))} -> 0 | I15: =MAX('20 فريق'!$A$4:$A$193) -> 19 | J15: =MOD(HOUR(المدخلات!$B$5)-1,12)+1&":"&TEXT(MINUTE(المدخلات!$B$5),"00")&IF(HOUR(المدخلات!$B$5)<12," ص"," م") -> 4:00 م | K15: =MOD(HOUR(المدخلات!$B$5+((المدخلات!$B$9-1)*المدخلات!$B$8+المدخلات!$B$6)/1440)-1,12)+1&":"&TEXT(MINUTE(المدخلات!$B$5+((المدخلات!$B$9-1)*المدخلات!$B$8+المدخلات!$B$6)/1440),"00")&IF(HOUR(المدخلات!$B$5+((المدخلات!$B$9-1)*المدخلات!$B$8+المدخلات!$B$6)/1440)<12," ص"," م") -> 8:35 م | L15: =MAX('20 فريق'!$C$4:$C$193) -> 4
A16: 21 | B16: {=ROUND(SUMPRODUCT(1/COUNTIF('بيانات الفرق U13'!$BJ$3:$BJ$23,'بيانات الفرق U13'!$BJ$3:$BJ$23)),0)} -> 1 | C16: {=_xlfn.TEXTJOIN(" + ",TRUE,_xlfn._xlws.SORT(COUNTIF('بيانات الفرق U13'!$BJ$3:$BJ$23,"المجموعة "&_xlfn.SEQUENCE(B16))))} -> 21 | D16: {=_xlfn.LET(_xlpm.gs,_xlfn.SEQUENCE(B16),_xlpm.ln,_xlfn.MAXIFS('بيانات الفرق U13'!$BL$3:$BL$23,'بيانات الفرق U13'!$BJ$3:$BJ$23,"المجموعة "&_xlpm.gs),_xlpm.mn,_xlfn.MINIFS('بيانات الفرق U13'!$BK$3:$BK$23,'بيانات الفرق U13'!$BJ$3:$BJ$23,"المجموعة "&_xlpm.gs),_xlpm.mx,_xlfn.MAXIFS('بيانات الفرق U13'!$BK$3:$BK$23,'بيانات الفرق U13'!$BJ$3:$BJ$23,"المجموعة "&_xlpm.gs),_xlpm.lo,FLOOR(_xlpm.mn/_xlpm.ln,1),_xlpm.hi,CEILING(_xlpm.mx/_xlpm.ln,1),_xlpm.t,IF(_xlpm.lo=_xlpm.hi,_xlpm.lo&"",_xlpm.lo&"–"&_xlpm.hi),_xlfn.TEXTJOIN(" + ",TRUE,_xlfn.SORTBY(_xlpm.t,_xlpm.ln,1)))} -> 1 | E16: {=_xlfn.LET(_xlpm.gs,_xlfn.SEQUENCE(B16),_xlpm.ln,_xlfn.MAXIFS('بيانات الفرق U13'!$BL$3:$BL$23,'بيانات الفرق U13'!$BJ$3:$BJ$23,"المجموعة "&_xlpm.gs),_xlpm.mn,_xlfn.MINIFS('بيانات الفرق U13'!$BK$3:$BK$23,'بيانات الفرق U13'!$BJ$3:$BJ$23,"المجموعة "&_xlpm.gs),_xlpm.mx,_xlfn.MAXIFS('بيانات الفرق U13'!$BK$3:$BK$23,'بيانات الفرق U13'!$BJ$3:$BJ$23,"المجموعة "&_xlpm.gs),_xlpm.t,IF(_xlpm.mn=_xlpm.mx,_xlpm.mn&"",_xlpm.mn&"–"&_xlpm.mx),_xlfn.TEXTJOIN(" + ",TRUE,_xlfn.SORTBY(_xlpm.t,_xlpm.ln,1)))} -> 20 | F16: =IF(H16=0,"—",IF(H16=1,"نهائي مباشر",IF(H16=2,"نصف نهائي ثم نهائي","ربع نهائي ثم نصف نهائي ثم نهائي"))) -> — | G16: =I16-H16 -> 21 | H16: {=MAX('21 فريق'!$A$4:$A$213)-SUMPRODUCT(MAX(ISNUMBER(IFERROR(--LEFT('21 فريق'!$D$4:$D$213,1),"x"))*'21 فريق'!$A$4:$A$213))} -> 0 | I16: =MAX('21 فريق'!$A$4:$A$213) -> 21 | J16: =MOD(HOUR(المدخلات!$B$5)-1,12)+1&":"&TEXT(MINUTE(المدخلات!$B$5),"00")&IF(HOUR(المدخلات!$B$5)<12," ص"," م") -> 4:00 م | K16: =MOD(HOUR(المدخلات!$B$5+((المدخلات!$B$9-1)*المدخلات!$B$8+المدخلات!$B$6)/1440)-1,12)+1&":"&TEXT(MINUTE(المدخلات!$B$5+((المدخلات!$B$9-1)*المدخلات!$B$8+المدخلات!$B$6)/1440),"00")&IF(HOUR(المدخلات!$B$5+((المدخلات!$B$9-1)*المدخلات!$B$8+المدخلات!$B$6)/1440)<12," ص"," م") -> 8:35 م | L16: =MAX('21 فريق'!$C$4:$C$213) -> 4
A17: 25 | B17: {=ROUND(SUMPRODUCT(1/COUNTIF('بيانات الفرق U13'!$BO$3:$BO$27,'بيانات الفرق U13'!$BO$3:$BO$27)),0)} -> 2 | C17: {=_xlfn.TEXTJOIN(" + ",TRUE,_xlfn._xlws.SORT(COUNTIF('بيانات الفرق U13'!$BO$3:$BO$27,"المجموعة "&_xlfn.SEQUENCE(B17))))} -> 6 + 19 | D17: {=_xlfn.LET(_xlpm.gs,_xlfn.SEQUENCE(B17),_xlpm.ln,_xlfn.MAXIFS('بيانات الفرق U13'!$BQ$3:$BQ$27,'بيانات الفرق U13'!$BO$3:$BO$27,"المجموعة "&_xlpm.gs),_xlpm.mn,_xlfn.MINIFS('بيانات الفرق U13'!$BP$3:$BP$27,'بيانات الفرق U13'!$BO$3:$BO$27,"المجموعة "&_xlpm.gs),_xlpm.mx,_xlfn.MAXIFS('بيانات الفرق U13'!$BP$3:$BP$27,'بيانات الفرق U13'!$BO$3:$BO$27,"المجموعة "&_xlpm.gs),_xlpm.lo,FLOOR(_xlpm.mn/_xlpm.ln,1),_xlpm.hi,CEILING(_xlpm.mx/_xlpm.ln,1),_xlpm.t,IF(_xlpm.lo=_xlpm.hi,_xlpm.lo&"",_xlpm.lo&"–"&_xlpm.hi),_xlfn.TEXTJOIN(" + ",TRUE,_xlfn.SORTBY(_xlpm.t,_xlpm.ln,1)))} -> 4 + 1 | E17: {=_xlfn.LET(_xlpm.gs,_xlfn.SEQUENCE(B17),_xlpm.ln,_xlfn.MAXIFS('بيانات الفرق U13'!$BQ$3:$BQ$27,'بيانات الفرق U13'!$BO$3:$BO$27,"المجموعة "&_xlpm.gs),_xlpm.mn,_xlfn.MINIFS('بيانات الفرق U13'!$BP$3:$BP$27,'بيانات الفرق U13'!$BO$3:$BO$27,"المجموعة "&_xlpm.gs),_xlpm.mx,_xlfn.MAXIFS('بيانات الفرق U13'!$BP$3:$BP$27,'بيانات الفرق U13'!$BO$3:$BO$27,"المجموعة "&_xlpm.gs),_xlpm.t,IF(_xlpm.mn=_xlpm.mx,_xlpm.mn&"",_xlpm.mn&"–"&_xlpm.mx),_xlfn.TEXTJOIN(" + ",TRUE,_xlfn.SORTBY(_xlpm.t,_xlpm.ln,1)))} -> 20 + 18 | F17: =IF(H17=0,"—",IF(H17=1,"نهائي مباشر",IF(H17=2,"نصف نهائي ثم نهائي","ربع نهائي ثم نصف نهائي ثم نهائي"))) -> نهائي مباشر | G17: =I17-H17 -> 20 | H17: {=MAX('25 فريق'!$A$4:$A$235)-SUMPRODUCT(MAX(ISNUMBER(IFERROR(--LEFT('25 فريق'!$D$4:$D$235,1),"x"))*'25 فريق'!$A$4:$A$235))} -> 1 | I17: =MAX('25 فريق'!$A$4:$A$235) -> 21 | J17: =MOD(HOUR(المدخلات!$B$5)-1,12)+1&":"&TEXT(MINUTE(المدخلات!$B$5),"00")&IF(HOUR(المدخلات!$B$5)<12," ص"," م") -> 4:00 م | K17: =MOD(HOUR(المدخلات!$B$5+((المدخلات!$B$9-1)*المدخلات!$B$8+المدخلات!$B$6)/1440)-1,12)+1&":"&TEXT(MINUTE(المدخلات!$B$5+((المدخلات!$B$9-1)*المدخلات!$B$8+المدخلات!$B$6)/1440),"00")&IF(HOUR(المدخلات!$B$5+((المدخلات!$B$9-1)*المدخلات!$B$8+المدخلات!$B$6)/1440)<12," ص"," م") -> 8:35 م | L17: =MAX('25 فريق'!$C$4:$C$235) -> 4
A18: 34 | B18: {=ROUND(SUMPRODUCT(1/COUNTIF('بيانات الفرق U13'!$BT$3:$BT$36,'بيانات الفرق U13'!$BT$3:$BT$36)),0)} -> 3 | C18: {=_xlfn.TEXTJOIN(" + ",TRUE,_xlfn._xlws.SORT(COUNTIF('بيانات الفرق U13'!$BT$3:$BT$36,"المجموعة "&_xlfn.SEQUENCE(B18))))} -> 10 + 12 + 12 | D18: {=_xlfn.LET(_xlpm.gs,_xlfn.SEQUENCE(B18),_xlpm.ln,_xlfn.MAXIFS('بيانات الفرق U13'!$BV$3:$BV$36,'بيانات الفرق U13'!$BT$3:$BT$36,"المجموعة "&_xlpm.gs),_xlpm.mn,_xlfn.MINIFS('بيانات الفرق U13'!$BU$3:$BU$36,'بيانات الفرق U13'!$BT$3:$BT$36,"المجموعة "&_xlpm.gs),_xlpm.mx,_xlfn.MAXIFS('بيانات الفرق U13'!$BU$3:$BU$36,'بيانات الفرق U13'!$BT$3:$BT$36,"المجموعة "&_xlpm.gs),_xlpm.lo,FLOOR(_xlpm.mn/_xlpm.ln,1),_xlpm.hi,CEILING(_xlpm.mx/_xlpm.ln,1),_xlpm.t,IF(_xlpm.lo=_xlpm.hi,_xlpm.lo&"",_xlpm.lo&"–"&_xlpm.hi),_xlfn.TEXTJOIN(" + ",TRUE,_xlfn.SORTBY(_xlpm.t,_xlpm.ln,1)))} -> 2–3 + 1–2 + 1–2 | E18: {=_xlfn.LET(_xlpm.gs,_xlfn.SEQUENCE(B18),_xlpm.ln,_xlfn.MAXIFS('بيانات الفرق U13'!$BV$3:$BV$36,'بيانات الفرق U13'!$BT$3:$BT$36,"المجموعة "&_xlpm.gs),_xlpm.mn,_xlfn.MINIFS('بيانات الفرق U13'!$BU$3:$BU$36,'بيانات الفرق U13'!$BT$3:$BT$36,"المجموعة "&_xlpm.gs),_xlpm.mx,_xlfn.MAXIFS('بيانات الفرق U13'!$BU$3:$BU$36,'بيانات الفرق U13'!$BT$3:$BT$36,"المجموعة "&_xlpm.gs),_xlpm.t,IF(_xlpm.mn=_xlpm.mx,_xlpm.mn&"",_xlpm.mn&"–"&_xlpm.mx),_xlfn.TEXTJOIN(" + ",TRUE,_xlfn.SORTBY(_xlpm.t,_xlpm.ln,1)))} -> 20 + 20 + 20 | F18: =IF(H18=0,"—",IF(H18=1,"نهائي مباشر",IF(H18=2,"نصف نهائي ثم نهائي","ربع نهائي ثم نصف نهائي ثم نهائي"))) -> نصف نهائي ثم نهائي | G18: =I18-H18 -> 20 | H18: {=MAX('34 فريق'!$A$4:$A$346)-SUMPRODUCT(MAX(ISNUMBER(IFERROR(--LEFT('34 فريق'!$D$4:$D$346,1),"x"))*'34 فريق'!$A$4:$A$346))} -> 2 | I18: =MAX('34 فريق'!$A$4:$A$346) -> 22 | J18: =MOD(HOUR(المدخلات!$B$5)-1,12)+1&":"&TEXT(MINUTE(المدخلات!$B$5),"00")&IF(HOUR(المدخلات!$B$5)<12," ص"," م") -> 4:00 م | K18: =MOD(HOUR(المدخلات!$B$5+((المدخلات!$B$9-1)*المدخلات!$B$8+المدخلات!$B$6)/1440)-1,12)+1&":"&TEXT(MINUTE(المدخلات!$B$5+((المدخلات!$B$9-1)*المدخلات!$B$8+المدخلات!$B$6)/1440),"00")&IF(HOUR(المدخلات!$B$5+((المدخلات!$B$9-1)*المدخلات!$B$8+المدخلات!$B$6)/1440)<12," ص"," م") -> 8:35 م | L18: =MAX('34 فريق'!$C$4:$C$346) -> 6
A19: 41 | B19: {=ROUND(SUMPRODUCT(1/COUNTIF('بيانات الفرق U13'!$BY$3:$BY$43,'بيانات الفرق U13'!$BY$3:$BY$43)),0)} -> 2 | C19: {=_xlfn.TEXTJOIN(" + ",TRUE,_xlfn._xlws.SORT(COUNTIF('بيانات الفرق U13'!$BY$3:$BY$43,"المجموعة "&_xlfn.SEQUENCE(B19))))} -> 20 + 21 | D19: {=_xlfn.LET(_xlpm.gs,_xlfn.SEQUENCE(B19),_xlpm.ln,_xlfn.MAXIFS('بيانات الفرق U13'!$CA$3:$CA$43,'بيانات الفرق U13'!$BY$3:$BY$43,"المجموعة "&_xlpm.gs),_xlpm.mn,_xlfn.MINIFS('بيانات الفرق U13'!$BZ$3:$BZ$43,'بيانات الفرق U13'!$BY$3:$BY$43,"المجموعة "&_xlpm.gs),_xlpm.mx,_xlfn.MAXIFS('بيانات الفرق U13'!$BZ$3:$BZ$43,'بيانات الفرق U13'!$BY$3:$BY$43,"المجموعة "&_xlpm.gs),_xlpm.lo,FLOOR(_xlpm.mn/_xlpm.ln,1),_xlpm.hi,CEILING(_xlpm.mx/_xlpm.ln,1),_xlpm.t,IF(_xlpm.lo=_xlpm.hi,_xlpm.lo&"",_xlpm.lo&"–"&_xlpm.hi),_xlfn.TEXTJOIN(" + ",TRUE,_xlfn.SORTBY(_xlpm.t,_xlpm.ln,1)))} -> 1 + 1 | E19: {=_xlfn.LET(_xlpm.gs,_xlfn.SEQUENCE(B19),_xlpm.ln,_xlfn.MAXIFS('بيانات الفرق U13'!$CA$3:$CA$43,'بيانات الفرق U13'!$BY$3:$BY$43,"المجموعة "&_xlpm.gs),_xlpm.mn,_xlfn.MINIFS('بيانات الفرق U13'!$BZ$3:$BZ$43,'بيانات الفرق U13'!$BY$3:$BY$43,"المجموعة "&_xlpm.gs),_xlpm.mx,_xlfn.MAXIFS('بيانات الفرق U13'!$BZ$3:$BZ$43,'بيانات الفرق U13'!$BY$3:$BY$43,"المجموعة "&_xlpm.gs),_xlpm.t,IF(_xlpm.mn=_xlpm.mx,_xlpm.mn&"",_xlpm.mn&"–"&_xlpm.mx),_xlfn.TEXTJOIN(" + ",TRUE,_xlfn.SORTBY(_xlpm.t,_xlpm.ln,1)))} -> 19 + 20 | F19: =IF(H19=0,"—",IF(H19=1,"نهائي مباشر",IF(H19=2,"نصف نهائي ثم نهائي","ربع نهائي ثم نصف نهائي ثم نهائي"))) -> نهائي مباشر | G19: =I19-H19 -> 21 | H19: {=MAX('41 فريق'!$A$4:$A$404)-SUMPRODUCT(MAX(ISNUMBER(IFERROR(--LEFT('41 فريق'!$D$4:$D$404,1),"x"))*'41 فريق'!$A$4:$A$404))} -> 1 | I19: =MAX('41 فريق'!$A$4:$A$404) -> 22 | J19: =MOD(HOUR(المدخلات!$B$5)-1,12)+1&":"&TEXT(MINUTE(المدخلات!$B$5),"00")&IF(HOUR(المدخلات!$B$5)<12," ص"," م") -> 4:00 م | K19: =MOD(HOUR(المدخلات!$B$5+((المدخلات!$B$9-1)*المدخلات!$B$8+المدخلات!$B$6)/1440)-1,12)+1&":"&TEXT(MINUTE(المدخلات!$B$5+((المدخلات!$B$9-1)*المدخلات!$B$8+المدخلات!$B$6)/1440),"00")&IF(HOUR(المدخلات!$B$5+((المدخلات!$B$9-1)*المدخلات!$B$8+المدخلات!$B$6)/1440)<12," ص"," م") -> 8:35 م | L19: =MAX('41 فريق'!$C$4:$C$404) -> 7
A20: 45 | B20: {=ROUND(SUMPRODUCT(1/COUNTIF('بيانات الفرق U13'!$CD$3:$CD$47,'بيانات الفرق U13'!$CD$3:$CD$47)),0)} -> 3 | C20: {=_xlfn.TEXTJOIN(" + ",TRUE,_xlfn._xlws.SORT(COUNTIF('بيانات الفرق U13'!$CD$3:$CD$47,"المجموعة "&_xlfn.SEQUENCE(B20))))} -> 6 + 19 + 20 | D20: {=_xlfn.LET(_xlpm.gs,_xlfn.SEQUENCE(B20),_xlpm.ln,_xlfn.MAXIFS('بيانات الفرق U13'!$CF$3:$CF$47,'بيانات الفرق U13'!$CD$3:$CD$47,"المجموعة "&_xlpm.gs),_xlpm.mn,_xlfn.MINIFS('بيانات الفرق U13'!$CE$3:$CE$47,'بيانات الفرق U13'!$CD$3:$CD$47,"المجموعة "&_xlpm.gs),_xlpm.mx,_xlfn.MAXIFS('بيانات الفرق U13'!$CE$3:$CE$47,'بيانات الفرق U13'!$CD$3:$CD$47,"المجموعة "&_xlpm.gs),_xlpm.lo,FLOOR(_xlpm.mn/_xlpm.ln,1),_xlpm.hi,CEILING(_xlpm.mx/_xlpm.ln,1),_xlpm.t,IF(_xlpm.lo=_xlpm.hi,_xlpm.lo&"",_xlpm.lo&"–"&_xlpm.hi),_xlfn.TEXTJOIN(" + ",TRUE,_xlfn.SORTBY(_xlpm.t,_xlpm.ln,1)))} -> 4 + 1 + 1 | E20: {=_xlfn.LET(_xlpm.gs,_xlfn.SEQUENCE(B20),_xlpm.ln,_xlfn.MAXIFS('بيانات الفرق U13'!$CF$3:$CF$47,'بيانات الفرق U13'!$CD$3:$CD$47,"المجموعة "&_xlpm.gs),_xlpm.mn,_xlfn.MINIFS('بيانات الفرق U13'!$CE$3:$CE$47,'بيانات الفرق U13'!$CD$3:$CD$47,"المجموعة "&_xlpm.gs),_xlpm.mx,_xlfn.MAXIFS('بيانات الفرق U13'!$CE$3:$CE$47,'بيانات الفرق U13'!$CD$3:$CD$47,"المجموعة "&_xlpm.gs),_xlpm.t,IF(_xlpm.mn=_xlpm.mx,_xlpm.mn&"",_xlpm.mn&"–"&_xlpm.mx),_xlfn.TEXTJOIN(" + ",TRUE,_xlfn.SORTBY(_xlpm.t,_xlpm.ln,1)))} -> 20 + 18 + 19 | F20: =IF(H20=0,"—",IF(H20=1,"نهائي مباشر",IF(H20=2,"نصف نهائي ثم نهائي","ربع نهائي ثم نصف نهائي ثم نهائي"))) -> نصف نهائي ثم نهائي | G20: =I20-H20 -> 20 | H20: {=MAX('45 فريق'!$A$4:$A$427)-SUMPRODUCT(MAX(ISNUMBER(IFERROR(--LEFT('45 فريق'!$D$4:$D$427,1),"x"))*'45 فريق'!$A$4:$A$427))} -> 2 | I20: =MAX('45 فريق'!$A$4:$A$427) -> 22 | J20: =MOD(HOUR(المدخلات!$B$5)-1,12)+1&":"&TEXT(MINUTE(المدخلات!$B$5),"00")&IF(HOUR(المدخلات!$B$5)<12," ص"," م") -> 4:00 م | K20: =MOD(HOUR(المدخلات!$B$5+((المدخلات!$B$9-1)*المدخلات!$B$8+المدخلات!$B$6)/1440)-1,12)+1&":"&TEXT(MINUTE(المدخلات!$B$5+((المدخلات!$B$9-1)*المدخلات!$B$8+المدخلات!$B$6)/1440),"00")&IF(HOUR(المدخلات!$B$5+((المدخلات!$B$9-1)*المدخلات!$B$8+المدخلات!$B$6)/1440)<12," ص"," م") -> 8:35 م | L20: =MAX('45 فريق'!$C$4:$C$427) -> 8

Sheet 6 فرق
A1: بطولة 6 فرق – تحت 13
A3: اليوم | B3: الوقت | C3: الملعب | D3: المباراة
A4: 1 | B4: =MOD(HOUR(المدخلات!$B$5+0*المدخلات!$B$8/1440)-1,12)+1&":"&TEXT(MINUTE(المدخلات!$B$5+0*المدخلات!$B$8/1440),"00")&"–"&MOD(HOUR(المدخلات!$B$5+0*المدخلات!$B$8/1440+المدخلات!$B$6/1440)-1,12)+1&":"&TEXT(MINUTE(المدخلات!$B$5+0*المدخلات!$B$8/1440+المدخلات!$B$6/1440),"00")&IF(HOUR(المدخلات!$B$5+0*المدخلات!$B$8/1440)<12," ص"," م") -> 4:00–5:25 م | C4: 1 | D4: 1 ضد 6
A5: 1 | B5: =MOD(HOUR(المدخلات!$B$5+1*المدخلات!$B$8/1440)-1,12)+1&":"&TEXT(MINUTE(المدخلات!$B$5+1*المدخلات!$B$8/1440),"00")&"–"&MOD(HOUR(المدخلات!$B$5+1*المدخلات!$B$8/1440+المدخلات!$B$6/1440)-1,12)+1&":"&TEXT(MINUTE(المدخلات!$B$5+1*المدخلات!$B$8/1440+المدخلات!$B$6/1440),"00")&IF(HOUR(المدخلات!$B$5+1*المدخلات!$B$8/1440)<12," ص"," م") -> 5:35–7:00 م | C5: 1 | D5: 2 ضد 5
A6: 1 | B6: =MOD(HOUR(المدخلات!$B$5+2*المدخلات!$B$8/1440)-1,12)+1&":"&TEXT(MINUTE(المدخلات!$B$5+2*المدخلات!$B$8/1440),"00")&"–"&MOD(HOUR(المدخلات!$B$5+2*المدخلات!$B$8/1440+المدخلات!$B$6/1440)-1,12)+1&":"&TEXT(MINUTE(المدخلات!$B$5+2*المدخلات!$B$8/1440+المدخلات!$B$6/1440),"00")&IF(HOUR(المدخلات!$B$5+2*المدخلات!$B$8/1440)<12," ص"," م") -> 7:10–8:35 م | C6: 1 | D6: 3 ضد 4
A7: 2 | B7: =MOD(HOUR(المدخلات!$B$5+0*المدخلات!$B$8/1440)-1,12)+1&":"&TEXT(MINUTE(المدخلات!$B$5+0*المدخلات!$B$8/1440),"00")&"–"&MOD(HOUR(المدخلات!$B$5+0*المدخلات!$B$8/1440+المدخلات!$B$6/1440)-1,12)+1&":"&TEXT(MINUTE(المدخلات!$B$5+0*المدخلات!$B$8/1440+المدخلات!$B$6/1440),"00")&IF(HOUR(المدخلات!$B$5+0*المدخلات!$B$8/1440)<12," ص"," م") -> 4:00–5:25 م | C7: 1 | D7: 2 ضد 3
A8: 2 | B8: =MOD(HOUR(المدخلات!$B$5+1*المدخلات!$B$8/1440)-1,12)+1&":"&TEXT(MINUTE(المدخلات!$B$5+1*المدخلات!$B$8/1440),"00")&"–"&MOD(HOUR(المدخلات!$B$5+1*المدخلات!$B$8/1440+المدخلات!$B$6/1440)-1,12)+1&":"&TEXT(MINUTE(المدخلات!$B$5+1*المدخلات!$B$8/1440+المدخلات!$B$6/1440),"00")&IF(HOUR(المدخلات!$B$5+1*المدخلات!$B$8/1440)<12," ص"," م") -> 5:35–7:00 م | C8: 1 | D8: 6 ضد 4
A9: 2 | B9: =MOD(HOUR(المدخلات!$B$5+2*المدخلات!$B$8/1440)-1,12)+1&":"&TEXT(MINUTE(المدخلات!$B$5+2*المدخلات!$B$8/1440),"00")&"–"&MOD(HOUR(المدخلات!$B$5+2*المدخلات!$B$8/1440+المدخلات!$B$6/1440)-1,12)+1&":"&TEXT(MINUTE(المدخلات!$B$5+2*المدخلات!$B$8/1440+المدخلات!$B$6/1440),"00")&IF(HOUR(المدخلات!$B$5+2*المدخلات!$B$8/1440)<12," ص"," م") -> 7:10–8:35 م | C9: 1 | D9: 1 ضد 5
A10: 3 | B10: =MOD(HOUR(المدخلات!$B$5+0*المدخلات!$B$8/1440)-1,12)+1&":"&TEXT(MINUTE(المدخلات!$B$5+0*المدخلات!$B$8/1440),"00")&"–"&MOD(HOUR(المدخلات!$B$5+0*المدخلات!$B$8/1440+المدخلات!$B$6/1440)-1,12)+1&":"&TEXT(MINUTE(المدخلات!$B$5+0*المدخلات!$B$8/1440+المدخلات!$B$6/1440),"00")&IF(HOUR(المدخلات!$B$5+0*المدخلات!$B$8/1440)<12," ص"," م") -> 4:00–5:25 م | C10: 1 | D10: 1 ضد 4
A11: 3 | B11: =MOD(HOUR(المدخلات!$B$5+1*المدخلات!$B$8/1440)-1,12)+1&":"&TEXT(MINUTE(المدخلات!$B$5+1*المدخلات!$B$8/1440),"00")&"–"&MOD(HOUR(المدخلات!$B$5+1*المدخلات!$B$8/1440+المدخلات!$B$6/1440)-1,12)+1&":"&TEXT(MINUTE(المدخلات!$B$5+1*المدخلات!$B$8/1440+المدخلات!$B$6/1440),"00")&IF(HOUR(المدخلات!$B$5+1*المدخلات!$B$8/1440)<12," ص"," م") -> 5:35–7:00 م | C11: 1 | D11: 5 ضد 3
A12: 3 | B12: =MOD(HOUR(المدخلات!$B$5+2*المدخلات!$B$8/1440)-1,12)+1&":"&TEXT(MINUTE(المدخلات!$B$5+2*المدخلات!$B$8/1440),"00")&"–"&MOD(HOUR(المدخلات!$B$5+2*المدخلات!$B$8/1440+المدخلات!$B$6/1440)-1,12)+1&":"&TEXT(MINUTE(المدخلات!$B$5+2*المدخلات!$B$8/1440+المدخلات!$B$6/1440),"00")&IF(HOUR(المدخلات!$B$5+2*المدخلات!$B$8/1440)<12," ص"," م") -> 7:10–8:35 م | C12: 1 | D12: 6 ضد 2
A13: 4 | B13: =MOD(HOUR(المدخلات!$B$5+0*المدخلات!$B$8/1440)-1,12)+1&":"&TEXT(MINUTE(المدخلات!$B$5+0*المدخلات!$B$8/1440),"00")&"–"&MOD(HOUR(المدخلات!$B$5+0*المدخلات!$B$8/1440+المدخلات!$B$6/1440)-1,12)+1&":"&TEXT(MINUTE(المدخلات!$B$5+0*المدخلات!$B$8/1440+المدخلات!$B$6/1440),"00")&IF(HOUR(المدخلات!$B$5+0*المدخلات!$B$8/1440)<12," ص"," م") -> 4:00–5:25 م | C13: 1 | D13: 5 ضد 6
A14: 4 | B14: =MOD(HOUR(المدخلات!$B$5+1*المدخلات!$B$8/1440)-1,12)+1&":"&TEXT(MINUTE(المدخلات!$B$5+1*المدخلات!$B$8/1440),"00")&"–"&MOD(HOUR(المدخلات!$B$5+1*المدخلات!$B$8/1440+المدخلات!$B$6/1440)-1,12)+1&":"&TEXT(MINUTE(المدخلات!$B$5+1*المدخلات!$B$8/1440+المدخلات!$B$6/1440),"00")&IF(HOUR(المدخلات!$B$5+1*المدخلات!$B$8/1440)<12," ص"," م") -> 5:35–7:00 م | C14: 1 | D14: 1 ضد 3
A15: 4 | B15: =MOD(HOUR(المدخلات!$B$5+2*المدخلات!$B$8/1440)-1,12)+1&":"&TEXT(MINUTE(المدخلات!$B$5+2*المدخلات!$B$8/1440),"00")&"–"&MOD(HOUR(المدخلات!$B$5+2*المدخلات!$B$8/1440+المدخلات!$B$6/1440)-1,12)+1&":"&TEXT(MINUTE(المدخلات!$B$5+2*المدخلات!$B$8/1440+المدخلات!$B$6/1440),"00")&IF(HOUR(المدخلات!$B$5+2*المدخلات!$B$8/1440)<12," ص"," م") -> 7:10–8:35 م | C15: 1 | D15: 4 ضد 2
A16: 5 | B16: =MOD(HOUR(المدخلات!$B$5+0*المدخلات!$B$8/1440)-1,12)+1&":"&TEXT(MINUTE(المدخلات!$B$5+0*المدخلات!$B$8/1440),"00")&"–"&MOD(HOUR(المدخلات!$B$5+0*المدخلات!$B$8/1440+المدخلات!$B$6/1440)-1,12)+1&":"&TEXT(MINUTE(المدخلات!$B$5+0*المدخلات!$B$8/1440+المدخلات!$B$6/1440),"00")&IF(HOUR(المدخلات!$B$5+0*المدخلات!$B$8/1440)<12," ص"," م") -> 4:00–5:25 م | C16: 1 | D16: 4 ضد 5
A17: 5 | B17: =MOD(HOUR(المدخلات!$B$5+1*المدخلات!$B$8/1440)-1,12)+1&":"&TEXT(MINUTE(المدخلات!$B$5+1*المدخلات!$B$8/1440),"00")&"–"&MOD(HOUR(المدخلات!$B$5+1*المدخلات!$B$8/1440+المدخلات!$B$6/1440)-1,12)+1&":"&TEXT(MINUTE(المدخلات!$B$5+1*المدخلات!$B$8/1440+المدخلات!$B$6/1440),"00")&IF(HOUR(المدخلات!$B$5+1*المدخلات!$B$8/1440)<12," ص"," م") -> 5:35–7:00 م | C17: 1 | D17: 1 ضد 2
A18: 5 | B18: =MOD(HOUR(المدخلات!$B$5+2*المدخلات!$B$8/1440)-1,12)+1&":"&TEXT(MINUTE(المدخلات!$B$5+2*المدخلات!$B$8/1440),"00")&"–"&MOD(HOUR(المدخلات!$B$5+2*المدخلات!$B$8/1440+المدخلات!$B$6/1440)-1,12)+1&":"&TEXT(MINUTE(المدخلات!$B$5+2*المدخلات!$B$8/1440+المدخلات!$B$6/1440),"00")&IF(HOUR(المدخلات!$B$5+2*المدخلات!$B$8/1440)<12," ص"," م") -> 7:10–8:35 م | C18: 1 | D18: 3 ضد 6
A19: 6 | B19: =MOD(HOUR(المدخلات!$B$5+0*المدخلات!$B$8/1440)-1,12)+1&":"&TEXT(MINUTE(المدخلات!$B$5+0*المدخلات!$B$8/1440),"00")&"–"&MOD(HOUR(المدخلات!$B$5+0*المدخلات!$B$8/1440+المدخلات!$B$6/1440)-1,12)+1&":"&TEXT(MINUTE(المدخلات!$B$5+0*المدخلات!$B$8/1440+المدخلات!$B$6/1440),"00")&IF(HOUR(المدخلات!$B$5+0*المدخلات!$B$8/1440)<12," ص"," م") -> 4:00–5:25 م | C19: 1 | D19: 5 ضد 2
A20: 6 | B20: =MOD(HOUR(المدخلات!$B$5+1*المدخلات!$B$8/1440)-1,12)+1&":"&TEXT(MINUTE(المدخلات!$B$5+1*المدخلات!$B$8/1440),"00")&"–"&MOD(HOUR(المدخلات!$B$5+1*المدخلات!$B$8/1440+المدخلات!$B$6/1440)-1,12)+1&":"&TEXT(MINUTE(المدخلات!$B$5+1*المدخلات!$B$8/1440+المدخلات!$B$6/1440),"00")&IF(HOUR(المدخلات!$B$5+1*المدخلات!$B$8/1440)<12," ص"," م") -> 5:35–7:00 م | C20: 1 | D20: 6 ضد 1
A21: 6 | B21: =MOD(HOUR(المدخلات!$B$5+2*المدخلات!$B$8/1440)-1,12)+1&":"&TEXT(MINUTE(المدخلات!$B$5+2*المدخلات!$B$8/1440),"00")&"–"&MOD(HOUR(المدخلات!$B$5+2*المدخلات!$B$8/1440+المدخلات!$B$6/1440)-1,12)+1&":"&TEXT(MINUTE(المدخلات!$B$5+2*المدخلات!$B$8/1440+المدخلات!$B$6/1440),"00")&IF(HOUR(المدخلات!$B$5+2*المدخلات!$B$8/1440)<12," ص"," م") -> 7:10–8:35 م | C21: 1 | D21: 4 ضد 3
A22: 7 | B22: =MOD(HOUR(المدخلات!$B$5+0*المدخلات!$B$8/1440)-1,12)+1&":"&TEXT(MINUTE(المدخلات!$B$5+0*المدخلات!$B$8/1440),"00")&"–"&MOD(HOUR(المدخلات!$B$5+0*المدخلات!$B$8/1440+المدخلات!$B$6/1440)-1,12)+1&":"&TEXT(MINUTE(المدخلات!$B$5+0*المدخلات!$B$8/1440+المدخلات!$B$6/1440),"00")&IF(HOUR(المدخلات!$B$5+0*المدخلات!$B$8/1440)<12," ص"," م") -> 4:00–5:25 م | C22: 1 | D22: 3 ضد 2
A23: 7 | B23: =MOD(HOUR(المدخلات!$B$5+1*المدخلات!$B$8/1440)-1,12)+1&":"&TEXT(MINUTE(المدخلات!$B$5+1*المدخلات!$B$8/1440),"00")&"–"&MOD(HOUR(المدخلات!$B$5+1*المدخلات!$B$8/1440+المدخلات!$B$6/1440)-1,12)+1&":"&TEXT(MINUTE(المدخلات!$B$5+1*المدخلات!$B$8/1440+المدخلات!$B$6/1440),"00")&IF(HOUR(المدخلات!$B$5+1*المدخلات!$B$8/1440)<12," ص"," م") -> 5:35–7:00 م | C23: 1 | D23: 4 ضد 6
A24: 7 | B24: =MOD(HOUR(المدخلات!$B$5+2*المدخلات!$B$8/1440)-1,12)+1&":"&TEXT(MINUTE(المدخلات!$B$5+2*المدخلات!$B$8/1440),"00")&"–"&MOD(HOUR(المدخلات!$B$5+2*المدخلات!$B$8/1440+المدخلات!$B$6/1440)-1,12)+1&":"&TEXT(MINUTE(المدخلات!$B$5+2*المدخلات!$B$8/1440+المدخلات!$B$6/1440),"00")&IF(HOUR(المدخلات!$B$5+2*المدخلات!$B$8/1440)<12," ص"," م") -> 7:10–8:35 م | C24: 1 | D24: 5 ضد 1
A25: 8 | B25: =MOD(HOUR(المدخلات!$B$5+0*المدخلات!$B$8/1440)-1,12)+1&":"&TEXT(MINUTE(المدخلات!$B$5+0*المدخلات!$B$8/1440),"00")&"–"&MOD(HOUR(المدخلات!$B$5+0*المدخلات!$B$8/1440+المدخلات!$B$6/1440)-1,12)+1&":"&TEXT(MINUTE(المدخلات!$B$5+0*المدخلات!$B$8/1440+المدخلات!$B$6/1440),"00")&IF(HOUR(المدخلات!$B$5+0*المدخلات!$B$8/1440)<12," ص"," م") -> 4:00–5:25 م | C25: 1 | D25: 4 ضد 1
A26: 8 | B26: =MOD(HOUR(المدخلات!$B$5+1*المدخلات!$B$8/1440)-1,12)+1&":"&TEXT(MINUTE(المدخلات!$B$5+1*المدخلات!$B$8/1440),"00")&"–"&MOD(HOUR(المدخلات!$B$5+1*المدخلات!$B$8/1440+المدخلات!$B$6/1440)-1,12)+1&":"&TEXT(MINUTE(المدخلات!$B$5+1*المدخلات!$B$8/1440+المدخلات!$B$6/1440),"00")&IF(HOUR(المدخلات!$B$5+1*المدخلات!$B$8/1440)<12," ص"," م") -> 5:35–7:00 م | C26: 1 | D26: 3 ضد 5
A27: 8 | B27: =MOD(HOUR(المدخلات!$B$5+2*المدخلات!$B$8/1440)-1,12)+1&":"&TEXT(MINUTE(المدخلات!$B$5+2*المدخلات!$B$8/1440),"00")&"–"&MOD(HOUR(المدخلات!$B$5+2*المدخلات!$B$8/1440+المدخلات!$B$6/1440)-1,12)+1&":"&TEXT(MINUTE(المدخلات!$B$5+2*المدخلات!$B$8/1440+المدخلات!$B$6/1440),"00")&IF(HOUR(المدخلات!$B$5+2*المدخلات!$B$8/1440)<12," ص"," م") -> 7:10–8:35 م | C27: 1 | D27: 2 ضد 6
A28: 9 | B28: =MOD(HOUR(المدخلات!$B$5+0*المدخلات!$B$8/1440)-1,12)+1&":"&TEXT(MINUTE(المدخلات!$B$5+0*المدخلات!$B$8/1440),"00")&"–"&MOD(HOUR(المدخلات!$B$5+0*المدخلات!$B$8/1440+المدخلات!$B$6/1440)-1,12)+1&":"&TEXT(MINUTE(المدخلات!$B$5+0*المدخلات!$B$8/1440+المدخلات!$B$6/1440),"00")&IF(HOUR(المدخلات!$B$5+0*المدخلات!$B$8/1440)<12," ص"," م") -> 4:00–5:25 م | C28: 1 | D28: 3 ضد 1
A29: 9 | B29: =MOD(HOUR(المدخلات!$B$5+1*المدخلات!$B$8/1440)-1,12)+1&":"&TEXT(MINUTE(المدخلات!$B$5+1*المدخلات!$B$8/1440),"00")&"–"&MOD(HOUR(المدخلات!$B$5+1*المدخلات!$B$8/1440+المدخلات!$B$6/1440)-1,12)+1&":"&TEXT(MINUTE(المدخلات!$B$5+1*المدخلات!$B$8/1440+المدخلات!$B$6/1440),"00")&IF(HOUR(المدخلات!$B$5+1*المدخلات!$B$8/1440)<12," ص"," م") -> 5:35–7:00 م | C29: 1 | D29: 2 ضد 4
A30: 9 | B30: =MOD(HOUR(المدخلات!$B$5+2*المدخلات!$B$8/1440)-1,12)+1&":"&TEXT(MINUTE(المدخلات!$B$5+2*المدخلات!$B$8/1440),"00")&"–"&MOD(HOUR(المدخلات!$B$5+2*المدخلات!$B$8/1440+المدخلات!$B$6/1440)-1,12)+1&":"&TEXT(MINUTE(المدخلات!$B$5+2*المدخلات!$B$8/1440+المدخلات!$B$6/1440),"00")&IF(HOUR(المدخلات!$B$5+2*المدخلات!$B$8/1440)<12," ص"," م") -> 7:10–8:35 م | C30: 1 | D30: 6 ضد 5
A31: 10 | B31: =MOD(HOUR(المدخلات!$B$5+0*المدخلات!$B$8/1440)-1,12)+1&":"&TEXT(MINUTE(المدخلات!$B$5+0*المدخلات!$B$8/1440),"00")&"–"&MOD(HOUR(المدخلات!$B$5+0*المدخلات!$B$8/1440+المدخلات!$B$6/1440)-1,12)+1&":"&TEXT(MINUTE(المدخلات!$B$5+0*المدخلات!$B$8/1440+المدخلات!$B$6/1440),"00")&IF(HOUR(المدخلات!$B$5+0*المدخلات!$B$8/1440)<12," ص"," م") -> 4:00–5:25 م | C31: 1 | D31: 6 ضد 3
A32: 10 | B32: =MOD(HOUR(المدخلات!$B$5+1*المدخلات!$B$8/1440)-1,12)+1&":"&TEXT(MINUTE(المدخلات!$B$5+1*المدخلات!$B$8/1440),"00")&"–"&MOD(HOUR(المدخلات!$B$5+1*المدخلات!$B$8/1440+المدخلات!$B$6/1440)-1,12)+1&":"&TEXT(MINUTE(المدخلات!$B$5+1*المدخلات!$B$8/1440+المدخلات!$B$6/1440),"00")&IF(HOUR(المدخلات!$B$5+1*المدخلات!$B$8/1440)<12," ص"," م") -> 5:35–7:00 م | C32: 1 | D32: 5 ضد 4
A33: 10 | B33: =MOD(HOUR(المدخلات!$B$5+2*المدخلات!$B$8/1440)-1,12)+1&":"&TEXT(MINUTE(المدخلات!$B$5+2*المدخلات!$B$8/1440),"00")&"–"&MOD(HOUR(المدخلات!$B$5+2*المدخلات!$B$8/1440+المدخلات!$B$6/1440)-1,12)+1&":"&TEXT(MINUTE(المدخلات!$B$5+2*المدخلات!$B$8/1440+المدخلات!$B$6/1440),"00")&IF(HOUR(المدخلات!$B$5+2*المدخلات!$B$8/1440)<12," ص"," م") -> 7:10–8:35 م | C33: 1 | D33: 2 ضد 1
A34: 11 | B34: =MOD(HOUR(المدخلات!$B$5+0*المدخلات!$B$8/1440)-1,12)+1&":"&TEXT(MINUTE(المدخلات!$B$5+0*المدخلات!$B$8/1440),"00")&"–"&MOD(HOUR(المدخلات!$B$5+0*المدخلات!$B$8/1440+المدخلات!$B$6/1440)-1,12)+1&":"&TEXT(MINUTE(المدخلات!$B$5+0*المدخلات!$B$8/1440+المدخلات!$B$6/1440),"00")&IF(HOUR(المدخلات!$B$5+0*المدخلات!$B$8/1440)<12," ص"," م") -> 4:00–5:25 م | C34: 1 | D34: 2 ضد 5
A35: 11 | B35: =MOD(HOUR(المدخلات!$B$5+1*المدخلات!$B$8/1440)-1,12)+1&":"&TEXT(MINUTE(المدخلات!$B$5+1*المدخلات!$B$8/1440),"00")&"–"&MOD(HOUR(المدخلات!$B$5+1*المدخلات!$B$8/1440+المدخلات!$B$6/1440)-1,12)+1&":"&TEXT(MINUTE(المدخلات!$B$5+1*المدخلات!$B$8/1440+المدخلات!$B$6/1440),"00")&IF(HOUR(المدخلات!$B$5+1*المدخلات!$B$8/1440)<12," ص"," م") -> 5:35–7:00 م | C35: 1 | D35: 1 ضد 6
A36: 11 | B36: =MOD(HOUR(المدخلات!$B$5+2*المدخلات!$B$8/1440)-1,12)+1&":"&TEXT(MINUTE(المدخلات!$B$5+2*المدخلات!$B$8/1440),"00")&"–"&MOD(HOUR(المدخلات!$B$5+2*المدخلات!$B$8/1440+المدخلات!$B$6/1440)-1,12)+1&":"&TEXT(MINUTE(المدخلات!$B$5+2*المدخلات!$B$8/1440+المدخلات!$B$6/1440),"00")&IF(HOUR(المدخلات!$B$5+2*المدخلات!$B$8/1440)<12," ص"," م") -> 7:10–8:35 م | C36: 1 | D36: 3 ضد 4
A37: 12 | B37: =MOD(HOUR(المدخلات!$B$5+0*المدخلات!$B$8/1440)-1,12)+1&":"&TEXT(MINUTE(المدخلات!$B$5+0*المدخلات!$B$8/1440),"00")&"–"&MOD(HOUR(المدخلات!$B$5+0*المدخلات!$B$8/1440+المدخلات!$B$6/1440)-1,12)+1&":"&TEXT(MINUTE(المدخلات!$B$5+0*المدخلات!$B$8/1440+المدخلات!$B$6/1440),"00")&IF(HOUR(المدخلات!$B$5+0*المدخلات!$B$8/1440)<12," ص"," م") -> 4:00–5:25 م | C37: 1 | D37: 6 ضد 4
A38: 12 | B38: =MOD(HOUR(المدخلات!$B$5+1*المدخلات!$B$8/1440)-1,12)+1&":"&TEXT(MINUTE(المدخلات!$B$5+1*المدخلات!$B$8/1440),"00")&"–"&MOD(HOUR(المدخلات!$B$5+1*المدخلات!$B$8/1440+المدخلات!$B$6/1440)-1,12)+1&":"&TEXT(MINUTE(المدخلات!$B$5+1*المدخلات!$B$8/1440+المدخلات!$B$6/1440),"00")&IF(HOUR(المدخلات!$B$5+1*المدخلات!$B$8/1440)<12," ص"," م") -> 5:35–7:00 م | C38: 1 | D38: 2 ضد 3
A39: 12 | B39: =MOD(HOUR(المدخلات!$B$5+2*المدخلات!$B$8/1440)-1,12)+1&":"&TEXT(MINUTE(المدخلات!$B$5+2*المدخلات!$B$8/1440),"00")&"–"&MOD(HOUR(المدخلات!$B$5+2*المدخلات!$B$8/1440+المدخلات!$B$6/1440)-1,12)+1&":"&TEXT(MINUTE(المدخلات!$B$5+2*المدخلات!$B$8/1440+المدخلات!$B$6/1440),"00")&IF(HOUR(المدخلات!$B$5+2*المدخلات!$B$8/1440)<12," ص"," م") -> 7:10–8:35 م | C39: 1 | D39: 1 ضد 5
A40: 13 | B40: =MOD(HOUR(المدخلات!$B$5+0*المدخلات!$B$8/1440)-1,12)+1&":"&TEXT(MINUTE(المدخلات!$B$5+0*المدخلات!$B$8/1440),"00")&"–"&MOD(HOUR(المدخلات!$B$5+0*المدخلات!$B$8/1440+المدخلات!$B$6/1440)-1,12)+1&":"&TEXT(MINUTE(المدخلات!$B$5+0*المدخلات!$B$8/1440+المدخلات!$B$6/1440),"00")&IF(HOUR(المدخلات!$B$5+0*المدخلات!$B$8/1440)<12," ص"," م") -> 4:00–5:25 م | C40: 1 | D40: 1 ضد 4
A41: 13 | B41: =MOD(HOUR(المدخلات!$B$5+1*المدخلات!$B$8/1440)-1,12)+1&":"&TEXT(MINUTE(المدخلات!$B$5+1*المدخلات!$B$8/1440),"00")&"–"&MOD(HOUR(المدخلات!$B$5+1*المدخلات!$B$8/1440+المدخلات!$B$6/1440)-1,12)+1&":"&TEXT(MINUTE(المدخلات!$B$5+1*المدخلات!$B$8/1440+المدخلات!$B$6/1440),"00")&IF(HOUR(المدخلات!$B$5+1*المدخلات!$B$8/1440)<12," ص"," م") -> 5:35–7:00 م | C41: 1 | D41: 5 ضد 3
A42: 13 | B42: =MOD(HOUR(المدخلات!$B$5+2*المدخلات!$B$8/1440)-1,12)+1&":"&TEXT(MINUTE(المدخلات!$B$5+2*المدخلات!$B$8/1440),"00")&"–"&MOD(HOUR(المدخلات!$B$5+2*المدخلات!$B$8/1440+المدخلات!$B$6/1440)-1,12)+1&":"&TEXT(MINUTE(المدخلات!$B$5+2*المدخلات!$B$8/1440+المدخلات!$B$6/1440),"00")&IF(HOUR(المدخلات!$B$5+2*المدخلات!$B$8/1440)<12," ص"," م") -> 7:10–8:35 م | C42: 1 | D42: 6 ضد 2
A43: 14 | B43: =MOD(HOUR(المدخلات!$B$5+0*المدخلات!$B$8/1440)-1,12)+1&":"&TEXT(MINUTE(المدخلات!$B$5+0*المدخلات!$B$8/1440),"00")&"–"&MOD(HOUR(المدخلات!$B$5+0*المدخلات!$B$8/1440+المدخلات!$B$6/1440)-1,12)+1&":"&TEXT(MINUTE(المدخلات!$B$5+0*المدخلات!$B$8/1440+المدخلات!$B$6/1440),"00")&IF(HOUR(المدخلات!$B$5+0*المدخلات!$B$8/1440)<12," ص"," م") -> 4:00–5:25 م | C43: 1 | D43: 5 ضد 6
A44: 14 | B44: =MOD(HOUR(المدخلات!$B$5+1*المدخلات!$B$8/1440)-1,12)+1&":"&TEXT(MINUTE(المدخلات!$B$5+1*المدخلات!$B$8/1440),"00")&"–"&MOD(HOUR(المدخلات!$B$5+1*المدخلات!$B$8/1440+المدخلات!$B$6/1440)-1,12)+1&":"&TEXT(MINUTE(المدخلات!$B$5+1*المدخلات!$B$8/1440+المدخلات!$B$6/1440),"00")&IF(HOUR(المدخلات!$B$5+1*المدخلات!$B$8/1440)<12," ص"," م") -> 5:35–7:00 م | C44: 1 | D44: 4 ضد 2
A45: 14 | B45: =MOD(HOUR(المدخلات!$B$5+2*المدخلات!$B$8/1440)-1,12)+1&":"&TEXT(MINUTE(المدخلات!$B$5+2*المدخلات!$B$8/1440),"00")&"–"&MOD(HOUR(المدخلات!$B$5+2*المدخلات!$B$8/1440+المدخلات!$B$6/1440)-1,12)+1&":"&TEXT(MINUTE(المدخلات!$B$5+2*المدخلات!$B$8/1440+المدخلات!$B$6/1440),"00")&IF(HOUR(المدخلات!$B$5+2*المدخلات!$B$8/1440)<12," ص"," م") -> 7:10–8:35 م | C45: 1 | D45: 1 ضد 3
A46: 15 | B46: =MOD(HOUR(المدخلات!$B$5+0*المدخلات!$B$8/1440)-1,12)+1&":"&TEXT(MINUTE(المدخلات!$B$5+0*المدخلات!$B$8/1440),"00")&"–"&MOD(HOUR(المدخلات!$B$5+0*المدخلات!$B$8/1440+المدخلات!$B$6/1440)-1,12)+1&":"&TEXT(MINUTE(المدخلات!$B$5+0*المدخلات!$B$8/1440+المدخلات!$B$6/1440),"00")&IF(HOUR(المدخلات!$B$5+0*المدخلات!$B$8/1440)<12," ص"," م") -> 4:00–5:25 م | C46: 1 | D46: 1 ضد 2
A47: 15 | B47: =MOD(HOUR(المدخلات!$B$5+1*المدخلات!$B$8/1440)-1,12)+1&":"&TEXT(MINUTE(المدخلات!$B$5+1*المدخلات!$B$8/1440),"00")&"–"&MOD(HOUR(المدخلات!$B$5+1*المدخلات!$B$8/1440+المدخلات!$B$6/1440)-1,12)+1&":"&TEXT(MINUTE(المدخلات!$B$5+1*المدخلات!$B$8/1440+المدخلات!$B$6/1440),"00")&IF(HOUR(المدخلات!$B$5+1*المدخلات!$B$8/1440)<12," ص"," م") -> 5:35–7:00 م | C47: 1 | D47: 3 ضد 6
A48: 15 | B48: =MOD(HOUR(المدخلات!$B$5+2*المدخلات!$B$8/1440)-1,12)+1&":"&TEXT(MINUTE(المدخلات!$B$5+2*المدخلات!$B$8/1440),"00")&"–"&MOD(HOUR(المدخلات!$B$5+2*المدخلات!$B$8/1440+المدخلات!$B$6/1440)-1,12)+1&":"&TEXT(MINUTE(المدخلات!$B$5+2*المدخلات!$B$8/1440+المدخلات!$B$6/1440),"00")&IF(HOUR(المدخلات!$B$5+2*المدخلات!$B$8/1440)<12," ص"," م") -> 7:10–8:35 م | C48: 1 | D48: 4 ضد 5
A49: 16 | B49: =MOD(HOUR(المدخلات!$B$5+0*المدخلات!$B$8/1440)-1,12)+1&":"&TEXT(MINUTE(المدخلات!$B$5+0*المدخلات!$B$8/1440),"00")&"–"&MOD(HOUR(المدخلات!$B$5+0*المدخلات!$B$8/1440+المدخلات!$B$6/1440)-1,12)+1&":"&TEXT(MINUTE(المدخلات!$B$5+0*المدخلات!$B$8/1440+المدخلات!$B$6/1440),"00")&IF(HOUR(المدخلات!$B$5+0*المدخلات!$B$8/1440)<12," ص"," م") -> 4:00–5:25 م | C49: 1 | D49: 4 ضد 3
A50: 16 | B50: =MOD(HOUR(المدخلات!$B$5+1*المدخلات!$B$8/1440)-1,12)+1&":"&TEXT(MINUTE(المدخلات!$B$5+1*المدخلات!$B$8/1440),"00")&"–"&MOD(HOUR(المدخلات!$B$5+1*المدخلات!$B$8/1440+المدخلات!$B$6/1440)-1,12)+1&":"&TEXT(MINUTE(المدخلات!$B$5+1*المدخلات!$B$8/1440+المدخلات!$B$6/1440),"00")&IF(HOUR(المدخلات!$B$5+1*المدخلات!$B$8/1440)<12," ص"," م") -> 5:35–7:00 م | C50: 1 | D50: 6 ضد 1
A51: 16 | B51: =MOD(HOUR(المدخلات!$B$5+2*المدخلات!$B$8/1440)-1,12)+1&":"&TEXT(MINUTE(المدخلات!$B$5+2*المدخلات!$B$8/1440),"00")&"–"&MOD(HOUR(المدخلات!$B$5+2*المدخلات!$B$8/1440+المدخلات!$B$6/1440)-1,12)+1&":"&TEXT(MINUTE(المدخلات!$B$5+2*المدخلات!$B$8/1440+المدخلات!$B$6/1440),"00")&IF(HOUR(المدخلات!$B$5+2*المدخلات!$B$8/1440)<12," ص"," م") -> 7:10–8:35 م | C51: 1 | D51: 5 ضد 2
A52: 17 | B52: =MOD(HOUR(المدخلات!$B$5+0*المدخلات!$B$8/1440)-1,12)+1&":"&TEXT(MINUTE(المدخلات!$B$5+0*المدخلات!$B$8/1440),"00")&"–"&MOD(HOUR(المدخلات!$B$5+0*المدخلات!$B$8/1440+المدخلات!$B$6/1440)-1,12)+1&":"&TEXT(MINUTE(المدخلات!$B$5+0*المدخلات!$B$8/1440+المدخلات!$B$6/1440),"00")&IF(HOUR(المدخلات!$B$5+0*المدخلات!$B$8/1440)<12," ص"," م") -> 4:00–5:25 م | C52: 1 | D52: 3 ضد 2
A53: 17 | B53: =MOD(HOUR(المدخلات!$B$5+1*المدخلات!$B$8/1440)-1,12)+1&":"&TEXT(MINUTE(المدخلات!$B$5+1*المدخلات!$B$8/1440),"00")&"–"&MOD(HOUR(المدخلات!$B$5+1*المدخلات!$B$8/1440+المدخلات!$B$6/1440)-1,12)+1&":"&TEXT(MINUTE(المدخلات!$B$5+1*المدخلات!$B$8/1440+المدخلات!$B$6/1440),"00")&IF(HOUR(المدخلات!$B$5+1*المدخلات!$B$8/1440)<12," ص"," م") -> 5:35–7:00 م | C53: 1 | D53: 5 ضد 1
A54: 17 | B54: =MOD(HOUR(المدخلات!$B$5+2*المدخلات!$B$8/1440)-1,12)+1&":"&TEXT(MINUTE(المدخلات!$B$5+2*المدخلات!$B$8/1440),"00")&"–"&MOD(HOUR(المدخلات!$B$5+2*المدخلات!$B$8/1440+المدخلات!$B$6/1440)-1,12)+1&":"&TEXT(MINUTE(المدخلات!$B$5+2*المدخلات!$B$8/1440+المدخلات!$B$6/1440),"00")&IF(HOUR(المدخلات!$B$5+2*المدخلات!$B$8/1440)<12," ص"," م") -> 7:10–8:35 م | C54: 1 | D54: 4 ضد 6
A55: 18 | B55: =MOD(HOUR(المدخلات!$B$5+0*المدخلات!$B$8/1440)-1,12)+1&":"&TEXT(MINUTE(المدخلات!$B$5+0*المدخلات!$B$8/1440),"00")&"–"&MOD(HOUR(المدخلات!$B$5+0*المدخلات!$B$8/1440+المدخلات!$B$6/1440)-1,12)+1&":"&TEXT(MINUTE(المدخلات!$B$5+0*المدخلات!$B$8/1440+المدخلات!$B$6/1440),"00")&IF(HOUR(المدخلات!$B$5+0*المدخلات!$B$8/1440)<12," ص"," م") -> 4:00–5:25 م | C55: 1 | D55: 3 ضد 5
A56: 18 | B56: =MOD(HOUR(المدخلات!$B$5+1*المدخلات!$B$8/1440)-1,12)+1&":"&TEXT(MINUTE(المدخلات!$B$5+1*المدخلات!$B$8/1440),"00")&"–"&MOD(HOUR(المدخلات!$B$5+1*المدخلات!$B$8/1440+المدخلات!$B$6/1440)-1,12)+1&":"&TEXT(MINUTE(المدخلات!$B$5+1*المدخلات!$B$8/1440+المدخلات!$B$6/1440),"00")&IF(HOUR(المدخلات!$B$5+1*المدخلات!$B$8/1440)<12," ص"," م") -> 5:35–7:00 م | C56: 1 | D56: 4 ضد 1
A57: 18 | B57: =MOD(HOUR(المدخلات!$B$5+2*المدخلات!$B$8/1440)-1,12)+1&":"&TEXT(MINUTE(المدخلات!$B$5+2*المدخلات!$B$8/1440),"00")&"–"&MOD(HOUR(المدخلات!$B$5+2*المدخلات!$B$8/1440+المدخلات!$B$6/1440)-1,12)+1&":"&TEXT(MINUTE(المدخلات!$B$5+2*المدخلات!$B$8/1440+المدخلات!$B$6/1440),"00")&IF(HOUR(المدخلات!$B$5+2*المدخلات!$B$8/1440)<12," ص"," م") -> 7:10–8:35 م | C57: 1 | D57: 2 ضد 6
A58: 19 | B58: =MOD(HOUR(المدخلات!$B$5+0*المدخلات!$B$8/1440)-1,12)+1&":"&TEXT(MINUTE(المدخلات!$B$5+0*المدخلات!$B$8/1440),"00")&"–"&MOD(HOUR(المدخلات!$B$5+0*المدخلات!$B$8/1440+المدخلات!$B$6/1440)-1,12)+1&":"&TEXT(MINUTE(المدخلات!$B$5+0*المدخلات!$B$8/1440+المدخلات!$B$6/1440),"00")&IF(HOUR(المدخلات!$B$5+0*المدخلات!$B$8/1440)<12," ص"," م") -> 4:00–5:25 م | C58: 1 | D58: 6 ضد 5
A59: 19 | B59: =MOD(HOUR(المدخلات!$B$5+1*المدخلات!$B$8/1440)-1,12)+1&":"&TEXT(MINUTE(المدخلات!$B$5+1*المدخلات!$B$8/1440),"00")&"–"&MOD(HOUR(المدخلات!$B$5+1*المدخلات!$B$8/1440+المدخلات!$B$6/1440)-1,12)+1&":"&TEXT(MINUTE(المدخلات!$B$5+1*المدخلات!$B$8/1440+المدخلات!$B$6/1440),"00")&IF(HOUR(المدخلات!$B$5+1*المدخلات!$B$8/1440)<12," ص"," م") -> 5:35–7:00 م | C59: 1 | D59: 2 ضد 4
A60: 19 | B60: =MOD(HOUR(المدخلات!$B$5+2*المدخلات!$B$8/1440)-1,12)+1&":"&TEXT(MINUTE(المدخلات!$B$5+2*المدخلات!$B$8/1440),"00")&"–"&MOD(HOUR(المدخلات!$B$5+2*المدخلات!$B$8/1440+المدخلات!$B$6/1440)-1,12)+1&":"&TEXT(MINUTE(المدخلات!$B$5+2*المدخلات!$B$8/1440+المدخلات!$B$6/1440),"00")&IF(HOUR(المدخلات!$B$5+2*المدخلات!$B$8/1440)<12," ص"," م") -> 7:10–8:35 م | C60: 1 | D60: 3 ضد 1
A61: 20 | B61: =MOD(HOUR(المدخلات!$B$5+0*المدخلات!$B$8/1440)-1,12)+1&":"&TEXT(MINUTE(المدخلات!$B$5+0*المدخلات!$B$8/1440),"00")&"–"&MOD(HOUR(المدخلات!$B$5+0*المدخلات!$B$8/1440+المدخلات!$B$6/1440)-1,12)+1&":"&TEXT(MINUTE(المدخلات!$B$5+0*المدخلات!$B$8/1440+المدخلات!$B$6/1440),"00")&IF(HOUR(المدخلات!$B$5+0*المدخلات!$B$8/1440)<12," ص"," م") -> 4:00–5:25 م | C61: 1 | D61: 2 ضد 1
A62: 20 | B62: =MOD(HOUR(المدخلات!$B$5+1*المدخلات!$B$8/1440)-1,12)+1&":"&TEXT(MINUTE(المدخلات!$B$5+1*المدخلات!$B$8/1440),"00")&"–"&MOD(HOUR(المدخلات!$B$5+1*المدخلات!$B$8/1440+المدخلات!$B$6/1440)-1,12)+1&":"&TEXT(MINUTE(المدخلات!$B$5+1*المدخلات!$B$8/1440+المدخلات!$B$6/1440),"00")&IF(HOUR(المدخلات!$B$5+1*المدخلات!$B$8/1440)<12," ص"," م") -> 5:35–7:00 م | C62: 1 | D62: 6 ضد 3
A63: 20 | B63: =MOD(HOUR(المدخلات!$B$5+2*المدخلات!$B$8/1440)-1,12)+1&":"&TEXT(MINUTE(المدخلات!$B$5+2*المدخلات!$B$8/1440),"00")&"–"&MOD(HOUR(المدخلات!$B$5+2*المدخلات!$B$8/1440+المدخلات!$B$6/1440)-1,12)+1&":"&TEXT(MINUTE(المدخلات!$B$5+2*المدخلات!$B$8/1440+المدخلات!$B$6/1440),"00")&IF(HOUR(المدخلات!$B$5+2*المدخلات!$B$8/1440)<12," ص"," م") -> 7:10–8:35 م | C63: 1 | D63: 5 ضد 4
A66: جدول تكرار لقاء الأزواج — كم مرة يلتقي كل فريقين خلال الموسم
A67: ق \ فر | B67: 1 | C67: 2 | D67: 3 | E67: 4 | F67: 5 | G67: 6
A68: 1 | B68: {=_xlfn.LET(_xlpm.n,6,_xlpm.rw,_xlfn.SEQUENCE(_xlpm.n),_xlpm.cl,TRANSPOSE(_xlfn.SEQUENCE(_xlpm.n)),_xlpm.d,$D$4:$D$63,_xlpm.c,COUNTIF(_xlpm.d,_xlpm.rw&" ضد "&_xlpm.cl)+COUNTIF(_xlpm.d,_xlpm.cl&" ضد "&_xlpm.rw),IF(_xlpm.c=0,"",_xlpm.c))} | C68: 4 | D68: 4 | E68: 4 | F68: 4 | G68: 4
A69: 2 | B69: 4 | D69: 4 | E69: 4 | F69: 4 | G69: 4
A70: 3 | B70: 4 | C70: 4 | E70: 4 | F70: 4 | G70: 4
A71: 4 | B71: 4 | C71: 4 | D71: 4 | F71: 4 | G71: 4
A72: 5 | B72: 4 | C72: 4 | D72: 4 | E72: 4 | G72: 4
A73: 6 | B73: 4 | C73: 4 | D73: 4 | E73: 4 | F73: 4

Sheet 7 فرق
A1: بطولة 7 فرق – تحت 13
A3: اليوم | B3: الوقت | C3: الملعب | D3: المباراة
A4: 1 | B4: =MOD(HOUR(المدخلات!$B$5+0*المدخلات!$B$8/1440)-1,12)+1&":"&TEXT(MINUTE(المدخلات!$B$5+0*المدخلات!$B$8/1440),"00")&"–"&MOD(HOUR(المدخلات!$B$5+0*المدخلات!$B$8/1440+المدخلات!$B$6/1440)-1,12)+1&":"&TEXT(MINUTE(المدخلات!$B$5+0*المدخلات!$B$8/1440+المدخلات!$B$6/1440),"00")&IF(HOUR(المدخلات!$B$5+0*المدخلات!$B$8/1440)<12," ص"," م") -> 4:00–5:25 م | C4: 1 | D4: 2 ضد 7
A5: 1 | B5: =MOD(HOUR(المدخلات!$B$5+1*المدخلات!$B$8/1440)-1,12)+1&":"&TEXT(MINUTE(المدخلات!$B$5+1*المدخلات!$B$8/1440),"00")&"–"&MOD(HOUR(المدخلات!$B$5+1*المدخلات!$B$8/1440+المدخلات!$B$6/1440)-1,12)+1&":"&TEXT(MINUTE(المدخلات!$B$5+1*المدخلات!$B$8/1440+المدخلات!$B$6/1440),"00")&IF(HOUR(المدخلات!$B$5+1*المدخلات!$B$8/1440)<12," ص"," م") -> 5:35–7:00 م | C5: 1 | D5: 3 ضد 6
A6: 1 | B6: =MOD(HOUR(المدخلات!$B$5+2*المدخلات!$B$8/1440)-1,12)+1&":"&TEXT(MINUTE(المدخلات!$B$5+2*المدخلات!$B$8/1440),"00")&"–"&MOD(HOUR(المدخلات!$B$5+2*المدخلات!$B$8/1440+المدخلات!$B$6/1440)-1,12)+1&":"&TEXT(MINUTE(المدخلات!$B$5+2*المدخلات!$B$8/1440+المدخلات!$B$6/1440),"00")&IF(HOUR(المدخلات!$B$5+2*المدخلات!$B$8/1440)<12," ص"," م") -> 7:10–8:35 م | C6: 1 | D6: 4 ضد 5
A7: 2 | B7: =MOD(HOUR(المدخلات!$B$5+0*المدخلات!$B$8/1440)-1,12)+1&":"&TEXT(MINUTE(المدخلات!$B$5+0*المدخلات!$B$8/1440),"00")&"–"&MOD(HOUR(المدخلات!$B$5+0*المدخلات!$B$8/1440+المدخلات!$B$6/1440)-1,12)+1&":"&TEXT(MINUTE(المدخلات!$B$5+0*المدخلات!$B$8/1440+المدخلات!$B$6/1440),"00")&IF(HOUR(المدخلات!$B$5+0*المدخلات!$B$8/1440)<12," ص"," م") -> 4:00–5:25 م | C7: 1 | D7: 3 ضد 4
A8: 2 | B8: =MOD(HOUR(المدخلات!$B$5+1*المدخلات!$B$8/1440)-1,12)+1&":"&TEXT(MINUTE(المدخلات!$B$5+1*المدخلات!$B$8/1440),"00")&"–"&MOD(HOUR(المدخلات!$B$5+1*المدخلات!$B$8/1440+المدخلات!$B$6/1440)-1,12)+1&":"&TEXT(MINUTE(المدخلات!$B$5+1*المدخلات!$B$8/1440+المدخلات!$B$6/1440),"00")&IF(HOUR(المدخلات!$B$5+1*المدخلات!$B$8/1440)<12," ص"," م") -> 5:35–7:00 م | C8: 1 | D8: 2 ضد 5
A9: 2 | B9: =MOD(HOUR(المدخلات!$B$5+2*المدخلات!$B$8/1440)-1,12)+1&":"&TEXT(MINUTE(المدخلات!$B$5+2*المدخلات!$B$8/1440),"00")&"–"&MOD(HOUR(المدخلات!$B$5+2*المدخلات!$B$8/1440+المدخلات!$B$6/1440)-1,12)+1&":"&TEXT(MINUTE(المدخلات!$B$5+2*المدخلات!$B$8/1440+المدخلات!$B$6/1440),"00")&IF(HOUR(المدخلات!$B$5+2*المدخلات!$B$8/1440)<12," ص"," م") -> 7:10–8:35 م | C9: 1 | D9: 1 ضد 7
A10: 3 | B10: =MOD(HOUR(المدخلات!$B$5+0*المدخلات!$B$8/1440)-1,12)+1&":"&TEXT(MINUTE(المدخلات!$B$5+0*المدخلات!$B$8/1440),"00")&"–"&MOD(HOUR(المدخلات!$B$5+0*المدخلات!$B$8/1440+المدخلات!$B$6/1440)-1,12)+1&":"&TEXT(MINUTE(المدخلات!$B$5+0*المدخلات!$B$8/1440+المدخلات!$B$6/1440),"00")&IF(HOUR(المدخلات!$B$5+0*المدخلات!$B$8/1440)<12," ص"," م") -> 4:00–5:25 م | C10: 1 | D10: 1 ضد 6
A11: 3 | B11: =MOD(HOUR(المدخلات!$B$5+1*المدخلات!$B$8/1440)-1,12)+1&":"&TEXT(MINUTE(المدخلات!$B$5+1*المدخلات!$B$8/1440),"00")&"–"&MOD(HOUR(المدخلات!$B$5+1*المدخلات!$B$8/1440+المدخلات!$B$6/1440)-1,12)+1&":"&TEXT(MINUTE(المدخلات!$B$5+1*المدخلات!$B$8/1440+المدخلات!$B$6/1440),"00")&IF(HOUR(المدخلات!$B$5+1*المدخلات!$B$8/1440)<12," ص"," م") -> 5:35–7:00 م | C11: 1 | D11: 7 ضد 5
A12: 3 | B12: =MOD(HOUR(المدخلات!$B$5+2*المدخلات!$B$8/1440)-1,12)+1&":"&TEXT(MINUTE(المدخلات!$B$5+2*المدخلات!$B$8/1440),"00")&"–"&MOD(HOUR(المدخلات!$B$5+2*المدخلات!$B$8/1440+المدخلات!$B$6/1440)-1,12)+1&":"&TEXT(MINUTE(المدخلات!$B$5+2*المدخلات!$B$8/1440+المدخلات!$B$6/1440),"00")&IF(HOUR(المدخلات!$B$5+2*المدخلات!$B$8/1440)<12," ص"," م") -> 7:10–8:35 م | C12: 1 | D12: 2 ضد 3
A13: 4 | B13: =MOD(HOUR(المدخلات!$B$5+0*المدخلات!$B$8/1440)-1,12)+1&":"&TEXT(MINUTE(المدخلات!$B$5+0*المدخلات!$B$8/1440),"00")&"–"&MOD(HOUR(المدخلات!$B$5+0*المدخلات!$B$8/1440+المدخلات!$B$6/1440)-1,12)+1&":"&TEXT(MINUTE(المدخلات!$B$5+0*المدخلات!$B$8/1440+المدخلات!$B$6/1440),"00")&IF(HOUR(المدخلات!$B$5+0*المدخلات!$B$8/1440)<12," ص"," م") -> 4:00–5:25 م | C13: 1 | D13: 1 ضد 5
A14: 4 | B14: =MOD(HOUR(المدخلات!$B$5+1*المدخلات!$B$8/1440)-1,12)+1&":"&TEXT(MINUTE(المدخلات!$B$5+1*المدخلات!$B$8/1440),"00")&"–"&MOD(HOUR(المدخلات!$B$5+1*المدخلات!$B$8/1440+المدخلات!$B$6/1440)-1,12)+1&":"&TEXT(MINUTE(المدخلات!$B$5+1*المدخلات!$B$8/1440+المدخلات!$B$6/1440),"00")&IF(HOUR(المدخلات!$B$5+1*المدخلات!$B$8/1440)<12," ص"," م") -> 5:35–7:00 م | C14: 1 | D14: 6 ضد 4
A15: 4 | B15: =MOD(HOUR(المدخلات!$B$5+2*المدخلات!$B$8/1440)-1,12)+1&":"&TEXT(MINUTE(المدخلات!$B$5+2*المدخلات!$B$8/1440),"00")&"–"&MOD(HOUR(المدخلات!$B$5+2*المدخلات!$B$8/1440+المدخلات!$B$6/1440)-1,12)+1&":"&TEXT(MINUTE(المدخلات!$B$5+2*المدخلات!$B$8/1440+المدخلات!$B$6/1440),"00")&IF(HOUR(المدخلات!$B$5+2*المدخلات!$B$8/1440)<12," ص"," م") -> 7:10–8:35 م | C15: 1 | D15: 7 ضد 3
A16: 5 | B16: =MOD(HOUR(المدخلات!$B$5+0*المدخلات!$B$8/1440)-1,12)+1&":"&TEXT(MINUTE(المدخلات!$B$5+0*المدخلات!$B$8/1440),"00")&"–"&MOD(HOUR(المدخلات!$B$5+0*المدخلات!$B$8/1440+المدخلات!$B$6/1440)-1,12)+1&":"&TEXT(MINUTE(المدخلات!$B$5+0*المدخلات!$B$8/1440+المدخلات!$B$6/1440),"00")&IF(HOUR(المدخلات!$B$5+0*المدخلات!$B$8/1440)<12," ص"," م") -> 4:00–5:25 م | C16: 1 | D16: 5 ضد 3
A17: 5 | B17: =MOD(HOUR(المدخلات!$B$5+1*المدخلات!$B$8/1440)-1,12)+1&":"&TEXT(MINUTE(المدخلات!$B$5+1*المدخلات!$B$8/1440),"00")&"–"&MOD(HOUR(المدخلات!$B$5+1*المدخلات!$B$8/1440+المدخلات!$B$6/1440)-1,12)+1&":"&TEXT(MINUTE(المدخلات!$B$5+1*المدخلات!$B$8/1440+المدخلات!$B$6/1440),"00")&IF(HOUR(المدخلات!$B$5+1*المدخلات!$B$8/1440)<12," ص"," م") -> 5:35–7:00 م | C17: 1 | D17: 1 ضد 4
A18: 5 | B18: =MOD(HOUR(المدخلات!$B$5+2*المدخلات!$B$8/1440)-1,12)+1&":"&TEXT(MINUTE(المدخلات!$B$5+2*المدخلات!$B$8/1440),"00")&"–"&MOD(HOUR(المدخلات!$B$5+2*المدخلات!$B$8/1440+المدخلات!$B$6/1440)-1,12)+1&":"&TEXT(MINUTE(المدخلات!$B$5+2*المدخلات!$B$8/1440+المدخلات!$B$6/1440),"00")&IF(HOUR(المدخلات!$B$5+2*المدخلات!$B$8/1440)<12," ص"," م") -> 7:10–8:35 م | C18: 1 | D18: 6 ضد 2
A19: 6 | B19: =MOD(HOUR(المدخلات!$B$5+0*المدخلات!$B$8/1440)-1,12)+1&":"&TEXT(MINUTE(المدخلات!$B$5+0*المدخلات!$B$8/1440),"00")&"–"&MOD(HOUR(المدخلات!$B$5+0*المدخلات!$B$8/1440+المدخلات!$B$6/1440)-1,12)+1&":"&TEXT(MINUTE(المدخلات!$B$5+0*المدخلات!$B$8/1440+المدخلات!$B$6/1440),"00")&IF(HOUR(المدخلات!$B$5+0*المدخلات!$B$8/1440)<12," ص"," م") -> 4:00–5:25 م | C19: 1 | D19: 4 ضد 2
A20: 6 | B20: =MOD(HOUR(المدخلات!$B$5+1*المدخلات!$B$8/1440)-1,12)+1&":"&TEXT(MINUTE(المدخلات!$B$5+1*المدخلات!$B$8/1440),"00")&"–"&MOD(HOUR(المدخلات!$B$5+1*المدخلات!$B$8/1440+المدخلات!$B$6/1440)-1,12)+1&":"&TEXT(MINUTE(المدخلات!$B$5+1*المدخلات!$B$8/1440+المدخلات!$B$6/1440),"00")&IF(HOUR(المدخلات!$B$5+1*المدخلات!$B$8/1440)<12," ص"," م") -> 5:35–7:00 م | C20: 1 | D20: 1 ضد 3
A21: 6 | B21: =MOD(HOUR(المدخلات!$B$5+2*المدخلات!$B$8/1440)-1,12)+1&":"&TEXT(MINUTE(المدخلات!$B$5+2*المدخلات!$B$8/1440),"00")&"–"&MOD(HOUR(المدخلات!$B$5+2*المدخلات!$B$8/1440+المدخلات!$B$6/1440)-1,12)+1&":"&TEXT(MINUTE(المدخلات!$B$5+2*المدخلات!$B$8/1440+المدخلات!$B$6/1440),"00")&IF(HOUR(المدخلات!$B$5+2*المدخلات!$B$8/1440)<12," ص"," م") -> 7:10–8:35 م | C21: 1 | D21: 6 ضد 7
A22: 7 | B22: =MOD(HOUR(المدخلات!$B$5+0*المدخلات!$B$8/1440)-1,12)+1&":"&TEXT(MINUTE(المدخلات!$B$5+0*المدخلات!$B$8/1440),"00")&"–"&MOD(HOUR(المدخلات!$B$5+0*المدخلات!$B$8/1440+المدخلات!$B$6/1440)-1,12)+1&":"&TEXT(MINUTE(المدخلات!$B$5+0*المدخلات!$B$8/1440+المدخلات!$B$6/1440),"00")&IF(HOUR(المدخلات!$B$5+0*المدخلات!$B$8/1440)<12," ص"," م") -> 4:00–5:25 م | C22: 1 | D22: 4 ضد 7
A23: 7 | B23: =MOD(HOUR(المدخلات!$B$5+1*المدخلات!$B$8/1440)-1,12)+1&":"&TEXT(MINUTE(المدخلات!$B$5+1*المدخلات!$B$8/1440),"00")&"–"&MOD(HOUR(المدخلات!$B$5+1*المدخلات!$B$8/1440+المدخلات!$B$6/1440)-1,12)+1&":"&TEXT(MINUTE(المدخلات!$B$5+1*المدخلات!$B$8/1440+المدخلات!$B$6/1440),"00")&IF(HOUR(المدخلات!$B$5+1*المدخلات!$B$8/1440)<12," ص"," م") -> 5:35–7:00 م | C23: 1 | D23: 1 ضد 2
A24: 7 | B24: =MOD(HOUR(المدخلات!$B$5+2*المدخلات!$B$8/1440)-1,12)+1&":"&TEXT(MINUTE(المدخلات!$B$5+2*المدخلات!$B$8/1440),"00")&"–"&MOD(HOUR(المدخلات!$B$5+2*المدخلات!$B$8/1440+المدخلات!$B$6/1440)-1,12)+1&":"&TEXT(MINUTE(المدخلات!$B$5+2*المدخلات!$B$8/1440+المدخلات!$B$6/1440),"00")&IF(HOUR(المدخلات!$B$5+2*المدخلات!$B$8/1440)<12," ص"," م") -> 7:10–8:35 م | C24: 1 | D24: 5 ضد 6
A25: 8 | B25: =MOD(HOUR(المدخلات!$B$5+0*المدخلات!$B$8/1440)-1,12)+1&":"&TEXT(MINUTE(المدخلات!$B$5+0*المدخلات!$B$8/1440),"00")&"–"&MOD(HOUR(المدخلات!$B$5+0*المدخلات!$B$8/1440+المدخلات!$B$6/1440)-1,12)+1&":"&TEXT(MINUTE(المدخلات!$B$5+0*المدخلات!$B$8/1440+المدخلات!$B$6/1440),"00")&IF(HOUR(المدخلات!$B$5+0*المدخلات!$B$8/1440)<12," ص"," م") -> 4:00–5:25 م | C25: 1 | D25: 6 ضد 3
A26: 8 | B26: =MOD(HOUR(المدخلات!$B$5+1*المدخلات!$B$8/1440)-1,12)+1&":"&TEXT(MINUTE(المدخلات!$B$5+1*المدخلات!$B$8/1440),"00")&"–"&MOD(HOUR(المدخلات!$B$5+1*المدخلات!$B$8/1440+المدخلات!$B$6/1440)-1,12)+1&":"&TEXT(MINUTE(المدخلات!$B$5+1*المدخلات!$B$8/1440+المدخلات!$B$6/1440),"00")&IF(HOUR(المدخلات!$B$5+1*المدخلات!$B$8/1440)<12," ص"," م") -> 5:35–7:00 م | C26: 1 | D26: 7 ضد 2
A27: 8 | B27: =MOD(HOUR(المدخلات!$B$5+2*المدخلات!$B$8/1440)-1,12)+1&":"&TEXT(MINUTE(المدخلات!$B$5+2*المدخلات!$B$8/1440),"00")&"–"&MOD(HOUR(المدخلات!$B$5+2*المدخلات!$B$8/1440+المدخلات!$B$6/1440)-1,12)+1&":"&TEXT(MINUTE(المدخلات!$B$5+2*المدخلات!$B$8/1440+المدخلات!$B$6/1440),"00")&IF(HOUR(المدخلات!$B$5+2*المدخلات!$B$8/1440)<12," ص"," م") -> 7:10–8:35 م | C27: 1 | D27: 5 ضد 4
A28: 9 | B28: =MOD(HOUR(المدخلات!$B$5+0*المدخلات!$B$8/1440)-1,12)+1&":"&TEXT(MINUTE(المدخلات!$B$5+0*المدخلات!$B$8/1440),"00")&"–"&MOD(HOUR(المدخلات!$B$5+0*المدخلات!$B$8/1440+المدخلات!$B$6/1440)-1,12)+1&":"&TEXT(MINUTE(المدخلات!$B$5+0*المدخلات!$B$8/1440+المدخلات!$B$6/1440),"00")&IF(HOUR(المدخلات!$B$5+0*المدخلات!$B$8/1440)<12," ص"," م") -> 4:00–5:25 م | C28: 1 | D28: 7 ضد 1
A29: 9 | B29: =MOD(HOUR(المدخلات!$B$5+1*المدخلات!$B$8/1440)-1,12)+1&":"&TEXT(MINUTE(المدخلات!$B$5+1*المدخلات!$B$8/1440),"00")&"–"&MOD(HOUR(المدخلات!$B$5+1*المدخلات!$B$8/1440+المدخلات!$B$6/1440)-1,12)+1&":"&TEXT(MINUTE(المدخلات!$B$5+1*المدخلات!$B$8/1440+المدخلات!$B$6/1440),"00")&IF(HOUR(المدخلات!$B$5+1*المدخلات!$B$8/1440)<12," ص"," م") -> 5:35–7:00 م | C29: 1 | D29: 5 ضد 2
A30: 9 | B30: =MOD(HOUR(المدخلات!$B$5+2*المدخلات!$B$8/1440)-1,12)+1&":"&TEXT(MINUTE(المدخلات!$B$5+2*المدخلات!$B$8/1440),"00")&"–"&MOD(HOUR(المدخلات!$B$5+2*المدخلات!$B$8/1440+المدخلات!$B$6/1440)-1,12)+1&":"&TEXT(MINUTE(المدخلات!$B$5+2*المدخلات!$B$8/1440+المدخلات!$B$6/1440),"00")&IF(HOUR(المدخلات!$B$5+2*المدخلات!$B$8/1440)<12," ص"," م") -> 7:10–8:35 م | C30: 1 | D30: 4 ضد 3
A31: 10 | B31: =MOD(HOUR(المدخلات!$B$5+0*المدخلات!$B$8/1440)-1,12)+1&":"&TEXT(MINUTE(المدخلات!$B$5+0*المدخلات!$B$8/1440),"00")&"–"&MOD(HOUR(المدخلات!$B$5+0*المدخلات!$B$8/1440+المدخلات!$B$6/1440)-1,12)+1&":"&TEXT(MINUTE(المدخلات!$B$5+0*المدخلات!$B$8/1440+المدخلات!$B$6/1440),"00")&IF(HOUR(المدخلات!$B$5+0*المدخلات!$B$8/1440)<12," ص"," م") -> 4:00–5:25 م | C31: 1 | D31: 3 ضد 2
A32: 10 | B32: =MOD(HOUR(المدخلات!$B$5+1*المدخلات!$B$8/1440)-1,12)+1&":"&TEXT(MINUTE(المدخلات!$B$5+1*المدخلات!$B$8/1440),"00")&"–"&MOD(HOUR(المدخلات!$B$5+1*المدخلات!$B$8/1440+المدخلات!$B$6/1440)-1,12)+1&":"&TEXT(MINUTE(المدخلات!$B$5+1*المدخلات!$B$8/1440+المدخلات!$B$6/1440),"00")&IF(HOUR(المدخلات!$B$5+1*المدخلات!$B$8/1440)<12," ص"," م") -> 5:35–7:00 م | C32: 1 | D32: 5 ضد 7
A33: 10 | B33: =MOD(HOUR(المدخلات!$B$5+2*المدخلات!$B$8/1440)-1,12)+1&":"&TEXT(MINUTE(المدخلات!$B$5+2*المدخلات!$B$8/1440),"00")&"–"&MOD(HOUR(المدخلات!$B$5+2*المدخلات!$B$8/1440+المدخلات!$B$6/1440)-1,12)+1&":"&TEXT(MINUTE(المدخلات!$B$5+2*المدخلات!$B$8/1440+المدخلات!$B$6/1440),"00")&IF(HOUR(المدخلات!$B$5+2*المدخلات!$B$8/1440)<12," ص"," م") -> 7:10–8:35 م | C33: 1 | D33: 6 ضد 1
A34: 11 | B34: =MOD(HOUR(المدخلات!$B$5+0*المدخلات!$B$8/1440)-1,12)+1&":"&TEXT(MINUTE(المدخلات!$B$5+0*المدخلات!$B$8/1440),"00")&"–"&MOD(HOUR(المدخلات!$B$5+0*المدخلات!$B$8/1440+المدخلات!$B$6/1440)-1,12)+1&":"&TEXT(MINUTE(المدخلات!$B$5+0*المدخلات!$B$8/1440+المدخلات!$B$6/1440),"00")&IF(HOUR(المدخلات!$B$5+0*المدخلات!$B$8/1440)<12," ص"," م") -> 4:00–5:25 م | C34: 1 | D34: 5 ضد 1
A35: 11 | B35: =MOD(HOUR(المدخلات!$B$5+1*المدخلات!$B$8/1440)-1,12)+1&":"&TEXT(MINUTE(المدخلات!$B$5+1*المدخلات!$B$8/1440),"00")&"–"&MOD(HOUR(المدخلات!$B$5+1*المدخلات!$B$8/1440+المدخلات!$B$6/1440)-1,12)+1&":"&TEXT(MINUTE(المدخلات!$B$5+1*المدخلات!$B$8/1440+المدخلات!$B$6/1440),"00")&IF(HOUR(المدخلات!$B$5+1*المدخلات!$B$8/1440)<12," ص"," م") -> 5:35–7:00 م | C35: 1 | D35: 4 ضد 6
A36: 11 | B36: =MOD(HOUR(المدخلات!$B$5+2*المدخلات!$B$8/1440)-1,12)+1&":"&TEXT(MINUTE(المدخلات!$B$5+2*المدخلات!$B$8/1440),"00")&"–"&MOD(HOUR(المدخلات!$B$5+2*المدخلات!$B$8/1440+المدخلات!$B$6/1440)-1,12)+1&":"&TEXT(MINUTE(المدخلات!$B$5+2*المدخلات!$B$8/1440+المدخلات!$B$6/1440),"00")&IF(HOUR(المدخلات!$B$5+2*المدخلات!$B$8/1440)<12," ص"," م") -> 7:10–8:35 م | C36: 1 | D36: 3 ضد 7
A37: 12 | B37: =MOD(HOUR(المدخلات!$B$5+0*المدخلات!$B$8/1440)-1,12)+1&":"&TEXT(MINUTE(المدخلات!$B$5+0*المدخلات!$B$8/1440),"00")&"–"&MOD(HOUR(المدخلات!$B$5+0*المدخلات!$B$8/1440+المدخلات!$B$6/1440)-1,12)+1&":"&TEXT(MINUTE(المدخلات!$B$5+0*المدخلات!$B$8/1440+المدخلات!$B$6/1440),"00")&IF(HOUR(المدخلات!$B$5+0*المدخلات!$B$8/1440)<12," ص"," م") -> 4:00–5:25 م | C37: 1 | D37: 2 ضد 6
A38: 12 | B38: =MOD(HOUR(المدخلات!$B$5+1*المدخلات!$B$8/1440)-1,12)+1&":"&TEXT(MINUTE(المدخلات!$B$5+1*المدخلات!$B$8/1440),"00")&"–"&MOD(HOUR(المدخلات!$B$5+1*المدخلات!$B$8/1440+المدخلات!$B$6/1440)-1,12)+1&":"&TEXT(MINUTE(المدخلات!$B$5+1*المدخلات!$B$8/1440+المدخلات!$B$6/1440),"00")&IF(HOUR(المدخلات!$B$5+1*المدخلات!$B$8/1440)<12," ص"," م") -> 5:35–7:00 م | C38: 1 | D38: 3 ضد 5
A39: 12 | B39: =MOD(HOUR(المدخلات!$B$5+2*المدخلات!$B$8/1440)-1,12)+1&":"&TEXT(MINUTE(المدخلات!$B$5+2*المدخلات!$B$8/1440),"00")&"–"&MOD(HOUR(المدخلات!$B$5+2*المدخلات!$B$8/1440+المدخلات!$B$6/1440)-1,12)+1&":"&TEXT(MINUTE(المدخلات!$B$5+2*المدخلات!$B$8/1440+المدخلات!$B$6/1440),"00")&IF(HOUR(المدخلات!$B$5+2*المدخلات!$B$8/1440)<12," ص"," م") -> 7:10–8:35 م | C39: 1 | D39: 4 ضد 1
A40: 13 | B40: =MOD(HOUR(المدخلات!$B$5+0*المدخلات!$B$8/1440)-1,12)+1&":"&TEXT(MINUTE(المدخلات!$B$5+0*المدخلات!$B$8/1440),"00")&"–"&MOD(HOUR(المدخلات!$B$5+0*المدخلات!$B$8/1440+المدخلات!$B$6/1440)-1,12)+1&":"&TEXT(MINUTE(المدخلات!$B$5+0*المدخلات!$B$8/1440+المدخلات!$B$6/1440),"00")&IF(HOUR(المدخلات!$B$5+0*المدخلات!$B$8/1440)<12," ص"," م") -> 4:00–5:25 م | C40: 1 | D40: 7 ضد 6
A41: 13 | B41: =MOD(HOUR(المدخلات!$B$5+1*المدخلات!$B$8/1440)-1,12)+1&":"&TEXT(MINUTE(المدخلات!$B$5+1*المدخلات!$B$8/1440),"00")&"–"&MOD(HOUR(المدخلات!$B$5+1*المدخلات!$B$8/1440+المدخلات!$B$6/1440)-1,12)+1&":"&TEXT(MINUTE(المدخلات!$B$5+1*المدخلات!$B$8/1440+المدخلات!$B$6/1440),"00")&IF(HOUR(المدخلات!$B$5+1*المدخلات!$B$8/1440)<12," ص"," م") -> 5:35–7:00 م | C41: 1 | D41: 3 ضد 1
A42: 13 | B42: =MOD(HOUR(المدخلات!$B$5+2*المدخلات!$B$8/1440)-1,12)+1&":"&TEXT(MINUTE(المدخلات!$B$5+2*المدخلات!$B$8/1440),"00")&"–"&MOD(HOUR(المدخلات!$B$5+2*المدخلات!$B$8/1440+المدخلات!$B$6/1440)-1,12)+1&":"&TEXT(MINUTE(المدخلات!$B$5+2*المدخلات!$B$8/1440+المدخلات!$B$6/1440),"00")&IF(HOUR(المدخلات!$B$5+2*المدخلات!$B$8/1440)<12," ص"," م") -> 7:10–8:35 م | C42: 1 | D42: 2 ضد 4
A43: 14 | B43: =MOD(HOUR(المدخلات!$B$5+0*المدخلات!$B$8/1440)-1,12)+1&":"&TEXT(MINUTE(المدخلات!$B$5+0*المدخلات!$B$8/1440),"00")&"–"&MOD(HOUR(المدخلات!$B$5+0*المدخلات!$B$8/1440+المدخلات!$B$6/1440)-1,12)+1&":"&TEXT(MINUTE(المدخلات!$B$5+0*المدخلات!$B$8/1440+المدخلات!$B$6/1440),"00")&IF(HOUR(المدخلات!$B$5+0*المدخلات!$B$8/1440)<12," ص"," م") -> 4:00–5:25 م | C43: 1 | D43: 6 ضد 5
A44: 14 | B44: =MOD(HOUR(المدخلات!$B$5+1*المدخلات!$B$8/1440)-1,12)+1&":"&TEXT(MINUTE(المدخلات!$B$5+1*المدخلات!$B$8/1440),"00")&"–"&MOD(HOUR(المدخلات!$B$5+1*المدخلات!$B$8/1440+المدخلات!$B$6/1440)-1,12)+1&":"&TEXT(MINUTE(المدخلات!$B$5+1*المدخلات!$B$8/1440+المدخلات!$B$6/1440),"00")&IF(HOUR(المدخلات!$B$5+1*المدخلات!$B$8/1440)<12," ص"," م") -> 5:35–7:00 م | C44: 1 | D44: 7 ضد 4
A45: 14 | B45: =MOD(HOUR(المدخلات!$B$5+2*المدخلات!$B$8/1440)-1,12)+1&":"&TEXT(MINUTE(المدخلات!$B$5+2*المدخلات!$B$8/1440),"00")&"–"&MOD(HOUR(المدخلات!$B$5+2*المدخلات!$B$8/1440+المدخلات!$B$6/1440)-1,12)+1&":"&TEXT(MINUTE(المدخلات!$B$5+2*المدخلات!$B$8/1440+المدخلات!$B$6/1440),"00")&IF(HOUR(المدخلات!$B$5+2*المدخلات!$B$8/1440)<12," ص"," م") -> 7:10–8:35 م | C45: 1 | D45: 2 ضد 1
A46: 15 | B46: =MOD(HOUR(المدخلات!$B$5+0*المدخلات!$B$8/1440)-1,12)+1&":"&TEXT(MINUTE(المدخلات!$B$5+0*المدخلات!$B$8/1440),"00")&"–"&MOD(HOUR(المدخلات!$B$5+0*المدخلات!$B$8/1440+المدخلات!$B$6/1440)-1,12)+1&":"&TEXT(MINUTE(المدخلات!$B$5+0*المدخلات!$B$8/1440+المدخلات!$B$6/1440),"00")&IF(HOUR(المدخلات!$B$5+0*المدخلات!$B$8/1440)<12," ص"," م") -> 4:00–5:25 م | C46: 1 | D46: 4 ضد 5
A47: 15 | B47: =MOD(HOUR(المدخلات!$B$5+1*المدخلات!$B$8/1440)-1,12)+1&":"&TEXT(MINUTE(المدخلات!$B$5+1*المدخلات!$B$8/1440),"00")&"–"&MOD(HOUR(المدخلات!$B$5+1*المدخلات!$B$8/1440+المدخلات!$B$6/1440)-1,12)+1&":"&TEXT(MINUTE(المدخلات!$B$5+1*المدخلات!$B$8/1440+المدخلات!$B$6/1440),"00")&IF(HOUR(المدخلات!$B$5+1*المدخلات!$B$8/1440)<12," ص"," م") -> 5:35–7:00 م | C47: 1 | D47: 3 ضد 6
A48: 15 | B48: =MOD(HOUR(المدخلات!$B$5+2*المدخلات!$B$8/1440)-1,12)+1&":"&TEXT(MINUTE(المدخلات!$B$5+2*المدخلات!$B$8/1440),"00")&"–"&MOD(HOUR(المدخلات!$B$5+2*المدخلات!$B$8/1440+المدخلات!$B$6/1440)-1,12)+1&":"&TEXT(MINUTE(المدخلات!$B$5+2*المدخلات!$B$8/1440+المدخلات!$B$6/1440),"00")&IF(HOUR(المدخلات!$B$5+2*المدخلات!$B$8/1440)<12," ص"," م") -> 7:10–8:35 م | C48: 1 | D48: 2 ضد 7
A49: 16 | B49: =MOD(HOUR(المدخلات!$B$5+0*المدخلات!$B$8/1440)-1,12)+1&":"&TEXT(MINUTE(المدخلات!$B$5+0*المدخلات!$B$8/1440),"00")&"–"&MOD(HOUR(المدخلات!$B$5+0*المدخلات!$B$8/1440+المدخلات!$B$6/1440)-1,12)+1&":"&TEXT(MINUTE(المدخلات!$B$5+0*المدخلات!$B$8/1440+المدخلات!$B$6/1440),"00")&IF(HOUR(المدخلات!$B$5+0*المدخلات!$B$8/1440)<12," ص"," م") -> 4:00–5:25 م | C49: 1 | D49: 3 ضد 4
A50: 16 | B50: =MOD(HOUR(المدخلات!$B$5+1*المدخلات!$B$8/1440)-1,12)+1&":"&TEXT(MINUTE(المدخلات!$B$5+1*المدخلات!$B$8/1440),"00")&"–"&MOD(HOUR(المدخلات!$B$5+1*المدخلات!$B$8/1440+المدخلات!$B$6/1440)-1,12)+1&":"&TEXT(MINUTE(المدخلات!$B$5+1*المدخلات!$B$8/1440+المدخلات!$B$6/1440),"00")&IF(HOUR(المدخلات!$B$5+1*المدخلات!$B$8/1440)<12," ص"," م") -> 5:35–7:00 م | C50: 1 | D50: 1 ضد 7
A51: 16 | B51: =MOD(HOUR(المدخلات!$B$5+2*المدخلات!$B$8/1440)-1,12)+1&":"&TEXT(MINUTE(المدخلات!$B$5+2*المدخلات!$B$8/1440),"00")&"–"&MOD(HOUR(المدخلات!$B$5+2*المدخلات!$B$8/1440+المدخلات!$B$6/1440)-1,12)+1&":"&TEXT(MINUTE(المدخلات!$B$5+2*المدخلات!$B$8/1440+المدخلات!$B$6/1440),"00")&IF(HOUR(المدخلات!$B$5+2*المدخلات!$B$8/1440)<12," ص"," م") -> 7:10–8:35 م | C51: 1 | D51: 2 ضد 5
A52: 17 | B52: =MOD(HOUR(المدخلات!$B$5+0*المدخلات!$B$8/1440)-1,12)+1&":"&TEXT(MINUTE(المدخلات!$B$5+0*المدخلات!$B$8/1440),"00")&"–"&MOD(HOUR(المدخلات!$B$5+0*المدخلات!$B$8/1440+المدخلات!$B$6/1440)-1,12)+1&":"&TEXT(MINUTE(المدخلات!$B$5+0*المدخلات!$B$8/1440+المدخلات!$B$6/1440),"00")&IF(HOUR(المدخلات!$B$5+0*المدخلات!$B$8/1440)<12," ص"," م") -> 4:00–5:25 م | C52: 1 | D52: 2 ضد 3
A53: 17 | B53: =MOD(HOUR(المدخلات!$B$5+1*المدخلات!$B$8/1440)-1,12)+1&":"&TEXT(MINUTE(المدخلات!$B$5+1*المدخلات!$B$8/1440),"00")&"–"&MOD(HOUR(المدخلات!$B$5+1*المدخلات!$B$8/1440+المدخلات!$B$6/1440)-1,12)+1&":"&TEXT(MINUTE(المدخلات!$B$5+1*المدخلات!$B$8/1440+المدخلات!$B$6/1440),"00")&IF(HOUR(المدخلات!$B$5+1*المدخلات!$B$8/1440)<12," ص"," م") -> 5:35–7:00 م | C53: 1 | D53: 7 ضد 5
A54: 17 | B54: =MOD(HOUR(المدخلات!$B$5+2*المدخلات!$B$8/1440)-1,12)+1&":"&TEXT(MINUTE(المدخلات!$B$5+2*المدخلات!$B$8/1440),"00")&"–"&MOD(HOUR(المدخلات!$B$5+2*المدخلات!$B$8/1440+المدخلات!$B$6/1440)-1,12)+1&":"&TEXT(MINUTE(المدخلات!$B$5+2*المدخلات!$B$8/1440+المدخلات!$B$6/1440),"00")&IF(HOUR(المدخلات!$B$5+2*المدخلات!$B$8/1440)<12," ص"," م") -> 7:10–8:35 م | C54: 1 | D54: 1 ضد 6
A55: 18 | B55: =MOD(HOUR(المدخلات!$B$5+0*المدخلات!$B$8/1440)-1,12)+1&":"&TEXT(MINUTE(المدخلات!$B$5+0*المدخلات!$B$8/1440),"00")&"–"&MOD(HOUR(المدخلات!$B$5+0*المدخلات!$B$8/1440+المدخلات!$B$6/1440)-1,12)+1&":"&TEXT(MINUTE(المدخلات!$B$5+0*المدخلات!$B$8/1440+المدخلات!$B$6/1440),"00")&IF(HOUR(المدخلات!$B$5+0*المدخلات!$B$8/1440)<12," ص"," م") -> 4:00–5:25 م | C55: 1 | D55: 1 ضد 5
A56: 18 | B56: =MOD(HOUR(المدخلات!$B$5+1*المدخلات!$B$8/1440)-1,12)+1&":"&TEXT(MINUTE(المدخلات!$B$5+1*المدخلات!$B$8/1440),"00")&"–"&MOD(HOUR(المدخلات!$B$5+1*المدخلات!$B$8/1440+المدخلات!$B$6/1440)-1,12)+1&":"&TEXT(MINUTE(المدخلات!$B$5+1*المدخلات!$B$8/1440+المدخلات!$B$6/1440),"00")&IF(HOUR(المدخلات!$B$5+1*المدخلات!$B$8/1440)<12," ص"," م") -> 5:35–7:00 م | C56: 1 | D56: 6 ضد 4
A57: 18 | B57: =MOD(HOUR(المدخلات!$B$5+2*المدخلات!$B$8/1440)-1,12)+1&":"&TEXT(MINUTE(المدخلات!$B$5+2*المدخلات!$B$8/1440),"00")&"–"&MOD(HOUR(المدخلات!$B$5+2*المدخلات!$B$8/1440+المدخلات!$B$6/1440)-1,12)+1&":"&TEXT(MINUTE(المدخلات!$B$5+2*المدخلات!$B$8/1440+المدخلات!$B$6/1440),"00")&IF(HOUR(المدخلات!$B$5+2*المدخلات!$B$8/1440)<12," ص"," م") -> 7:10–8:35 م | C57: 1 | D57: 7 ضد 3
A58: 19 | B58: =MOD(HOUR(المدخلات!$B$5+0*المدخلات!$B$8/1440)-1,12)+1&":"&TEXT(MINUTE(المدخلات!$B$5+0*المدخلات!$B$8/1440),"00")&"–"&MOD(HOUR(المدخلات!$B$5+0*المدخلات!$B$8/1440+المدخلات!$B$6/1440)-1,12)+1&":"&TEXT(MINUTE(المدخلات!$B$5+0*المدخلات!$B$8/1440+المدخلات!$B$6/1440),"00")&IF(HOUR(المدخلات!$B$5+0*المدخلات!$B$8/1440)<12," ص"," م") -> 4:00–5:25 م | C58: 1 | D58: 1 ضد 4
A59: 19 | B59: =MOD(HOUR(المدخلات!$B$5+1*المدخلات!$B$8/1440)-1,12)+1&":"&TEXT(MINUTE(المدخلات!$B$5+1*المدخلات!$B$8/1440),"00")&"–"&MOD(HOUR(المدخلات!$B$5+1*المدخلات!$B$8/1440+المدخلات!$B$6/1440)-1,12)+1&":"&TEXT(MINUTE(المدخلات!$B$5+1*المدخلات!$B$8/1440+المدخلات!$B$6/1440),"00")&IF(HOUR(المدخلات!$B$5+1*المدخلات!$B$8/1440)<12," ص"," م") -> 5:35–7:00 م | C59: 1 | D59: 6 ضد 2
A60: 19 | B60: =MOD(HOUR(المدخلات!$B$5+2*المدخلات!$B$8/1440)-1,12)+1&":"&TEXT(MINUTE(المدخلات!$B$5+2*المدخلات!$B$8/1440),"00")&"–"&MOD(HOUR(المدخلات!$B$5+2*المدخلات!$B$8/1440+المدخلات!$B$6/1440)-1,12)+1&":"&TEXT(MINUTE(المدخلات!$B$5+2*المدخلات!$B$8/1440+المدخلات!$B$6/1440),"00")&IF(HOUR(المدخلات!$B$5+2*المدخلات!$B$8/1440)<12," ص"," م") -> 7:10–8:35 م | C60: 1 | D60: 5 ضد 3
A61: 20 | B61: =MOD(HOUR(المدخلات!$B$5+0*المدخلات!$B$8/1440)-1,12)+1&":"&TEXT(MINUTE(المدخلات!$B$5+0*المدخلات!$B$8/1440),"00")&"–"&MOD(HOUR(المدخلات!$B$5+0*المدخلات!$B$8/1440+المدخلات!$B$6/1440)-1,12)+1&":"&TEXT(MINUTE(المدخلات!$B$5+0*المدخلات!$B$8/1440+المدخلات!$B$6/1440),"00")&IF(HOUR(المدخلات!$B$5+0*المدخلات!$B$8/1440)<12," ص"," م") -> 4:00–5:25 م | C61: 1 | D61: 4 ضد 2
A62: 20 | B62: =MOD(HOUR(المدخلات!$B$5+1*المدخلات!$B$8/1440)-1,12)+1&":"&TEXT(MINUTE(المدخلات!$B$5+1*المدخلات!$B$8/1440),"00")&"–"&MOD(HOUR(المدخلات!$B$5+1*المدخلات!$B$8/1440+المدخلات!$B$6/1440)-1,12)+1&":"&TEXT(MINUTE(المدخلات!$B$5+1*المدخلات!$B$8/1440+المدخلات!$B$6/1440),"00")&IF(HOUR(المدخلات!$B$5+1*المدخلات!$B$8/1440)<12," ص"," م") -> 5:35–7:00 م | C62: 1 | D62: 1 ضد 3
A63: 20 | B63: =MOD(HOUR(المدخلات!$B$5+2*المدخلات!$B$8/1440)-1,12)+1&":"&TEXT(MINUTE(المدخلات!$B$5+2*المدخلات!$B$8/1440),"00")&"–"&MOD(HOUR(المدخلات!$B$5+2*المدخلات!$B$8/1440+المدخلات!$B$6/1440)-1,12)+1&":"&TEXT(MINUTE(المدخلات!$B$5+2*المدخلات!$B$8/1440+المدخلات!$B$6/1440),"00")&IF(HOUR(المدخلات!$B$5+2*المدخلات!$B$8/1440)<12," ص"," م") -> 7:10–8:35 م | C63: 1 | D63: 6 ضد 7
A64: 21 | B64: =MOD(HOUR(المدخلات!$B$5+0*المدخلات!$B$8/1440)-1,12)+1&":"&TEXT(MINUTE(المدخلات!$B$5+0*المدخلات!$B$8/1440),"00")&"–"&MOD(HOUR(المدخلات!$B$5+0*المدخلات!$B$8/1440+المدخلات!$B$6/1440)-1,12)+1&":"&TEXT(MINUTE(المدخلات!$B$5+0*المدخلات!$B$8/1440+المدخلات!$B$6/1440),"00")&IF(HOUR(المدخلات!$B$5+0*المدخلات!$B$8/1440)<12," ص"," م") -> 4:00–5:25 م | C64: 1 | D64: 4 ضد 7
A65: 21 | B65: =MOD(HOUR(المدخلات!$B$5+1*المدخلات!$B$8/1440)-1,12)+1&":"&TEXT(MINUTE(المدخلات!$B$5+1*المدخلات!$B$8/1440),"00")&"–"&MOD(HOUR(المدخلات!$B$5+1*المدخلات!$B$8/1440+المدخلات!$B$6/1440)-1,12)+1&":"&TEXT(MINUTE(المدخلات!$B$5+1*المدخلات!$B$8/1440+المدخلات!$B$6/1440),"00")&IF(HOUR(المدخلات!$B$5+1*المدخلات!$B$8/1440)<12," ص"," م") -> 5:35–7:00 م | C65: 1 | D65: 1 ضد 2
A66: 21 | B66: =MOD(HOUR(المدخلات!$B$5+2*المدخلات!$B$8/1440)-1,12)+1&":"&TEXT(MINUTE(المدخلات!$B$5+2*المدخلات!$B$8/1440),"00")&"–"&MOD(HOUR(المدخلات!$B$5+2*المدخلات!$B$8/1440+المدخلات!$B$6/1440)-1,12)+1&":"&TEXT(MINUTE(المدخلات!$B$5+2*المدخلات!$B$8/1440+المدخلات!$B$6/1440),"00")&IF(HOUR(المدخلات!$B$5+2*المدخلات!$B$8/1440)<12," ص"," م") -> 7:10–8:35 م | C66: 1 | D66: 5 ضد 6
A69: جدول تكرار لقاء الأزواج — كم مرة يلتقي كل فريقين خلال الموسم
A70: ق \ فر | B70: 1 | C70: 2 | D70: 3 | E70: 4 | F70: 5 | G70: 6 | H70: 7
A71: 1 | B71: {=_xlfn.LET(_xlpm.n,7,_xlpm.rw,_xlfn.SEQUENCE(_xlpm.n),_xlpm.cl,TRANSPOSE(_xlfn.SEQUENCE(_xlpm.n)),_xlpm.d,$D$4:$D$66,_xlpm.c,COUNTIF(_xlpm.d,_xlpm.rw&" ضد "&_xlpm.cl)+COUNTIF(_xlpm.d,_xlpm.cl&" ضد "&_xlpm.rw),IF(_xlpm.c=0,"",_xlpm.c))} | C71: 3 | D71: 3 | E71: 3 | F71: 3 | G71: 3 | H71: 3
A72: 2 | B72: 3 | D72: 3 | E72: 3 | F72: 3 | G72: 3 | H72: 3
A73: 3 | B73: 3 | C73: 3 | E73: 3 | F73: 3 | G73: 3 | H73: 3
A74: 4 | B74: 3 | C74: 3 | D74: 3 | F74: 3 | G74: 3 | H74: 3
A75: 5 | B75: 3 | C75: 3 | D75: 3 | E75: 3 | G75: 3 | H75: 3
A76: 6 | B76: 3 | C76: 3 | D76: 3 | E76: 3 | F76: 3 | H76: 3
A77: 7 | B77: 3 | C77: 3 | D77: 3 | E77: 3 | F77: 3 | G77: 3

Sheet 8 فرق
A1: بطولة 8 فرق – تحت 13
A3: اليوم | B3: الوقت | C3: الملعب | D3: المباراة
A4: 1 | B4: =MOD(HOUR(المدخلات!$B$5+0*المدخلات!$B$8/1440)-1,12)+1&":"&TEXT(MINUTE(المدخلات!$B$5+0*المدخلات!$B$8/1440),"00")&"–"&MOD(HOUR(المدخلات!$B$5+0*المدخلات!$B$8/1440+المدخلات!$B$6/1440)-1,12)+1&":"&TEXT(MINUTE(المدخلات!$B$5+0*المدخلات!$B$8/1440+المدخلات!$B$6/1440),"00")&IF(HOUR(المدخلات!$B$5+0*المدخلات!$B$8/1440)<12," ص"," م") -> 4:00–5:25 م | C4: 1 | D4: 1 ضد 8
A5: 1 | B5: =MOD(HOUR(المدخلات!$B$5+0*المدخلات!$B$8/1440)-1,12)+1&":"&TEXT(MINUTE(المدخلات!$B$5+0*المدخلات!$B$8/1440),"00")&"–"&MOD(HOUR(المدخلات!$B$5+0*المدخلات!$B$8/1440+المدخلات!$B$6/1440)-1,12)+1&":"&TEXT(MINUTE(المدخلات!$B$5+0*المدخلات!$B$8/1440+المدخلات!$B$6/1440),"00")&IF(HOUR(المدخلات!$B$5+0*المدخلات!$B$8/1440)<12," ص"," م") -> 4:00–5:25 م | C5: 2 | D5: 2 ضد 7
A6: 1 | B6: =MOD(HOUR(المدخلات!$B$5+1*المدخلات!$B$8/1440)-1,12)+1&":"&TEXT(MINUTE(المدخلات!$B$5+1*المدخلات!$B$8/1440),"00")&"–"&MOD(HOUR(المدخلات!$B$5+1*المدخلات!$B$8/1440+المدخلات!$B$6/1440)-1,12)+1&":"&TEXT(MINUTE(المدخلات!$B$5+1*المدخلات!$B$8/1440+المدخلات!$B$6/1440),"00")&IF(HOUR(المدخلات!$B$5+1*المدخلات!$B$8/1440)<12," ص"," م") -> 5:35–7:00 م | C6: 1 | D6: 3 ضد 6
A7: 1 | B7: =MOD(HOUR(المدخلات!$B$5+1*المدخلات!$B$8/1440)-1,12)+1&":"&TEXT(MINUTE(المدخلات!$B$5+1*المدخلات!$B$8/1440),"00")&"–"&MOD(HOUR(المدخلات!$B$5+1*المدخلات!$B$8/1440+المدخلات!$B$6/1440)-1,12)+1&":"&TEXT(MINUTE(المدخلات!$B$5+1*المدخلات!$B$8/1440+المدخلات!$B$6/1440),"00")&IF(HOUR(المدخلات!$B$5+1*المدخلات!$B$8/1440)<12," ص"," م") -> 5:35–7:00 م | C7: 2 | D7: 4 ضد 5
A8: 2 | B8: =MOD(HOUR(المدخلات!$B$5+0*المدخلات!$B$8/1440)-1,12)+1&":"&TEXT(MINUTE(المدخلات!$B$5+0*المدخلات!$B$8/1440),"00")&"–"&MOD(HOUR(المدخلات!$B$5+0*المدخلات!$B$8/1440+المدخلات!$B$6/1440)-1,12)+1&":"&TEXT(MINUTE(المدخلات!$B$5+0*المدخلات!$B$8/1440+المدخلات!$B$6/1440),"00")&IF(HOUR(المدخلات!$B$5+0*المدخلات!$B$8/1440)<12," ص"," م") -> 4:00–5:25 م | C8: 1 | D8: 2 ضد 5
A9: 2 | B9: =MOD(HOUR(المدخلات!$B$5+0*المدخلات!$B$8/1440)-1,12)+1&":"&TEXT(MINUTE(المدخلات!$B$5+0*المدخلات!$B$8/1440),"00")&"–"&MOD(HOUR(المدخلات!$B$5+0*المدخلات!$B$8/1440+المدخلات!$B$6/1440)-1,12)+1&":"&TEXT(MINUTE(المدخلات!$B$5+0*المدخلات!$B$8/1440+المدخلات!$B$6/1440),"00")&IF(HOUR(المدخلات!$B$5+0*المدخلات!$B$8/1440)<12," ص"," م") -> 4:00–5:25 م | C9: 2 | D9: 8 ضد 6
A10: 2 | B10: =MOD(HOUR(المدخلات!$B$5+1*المدخلات!$B$8/1440)-1,12)+1&":"&TEXT(MINUTE(المدخلات!$B$5+1*المدخلات!$B$8/1440),"00")&"–"&MOD(HOUR(المدخلات!$B$5+1*المدخلات!$B$8/1440+المدخلات!$B$6/1440)-1,12)+1&":"&TEXT(MINUTE(المدخلات!$B$5+1*المدخلات!$B$8/1440+المدخلات!$B$6/1440),"00")&IF(HOUR(المدخلات!$B$5+1*المدخلات!$B$8/1440)<12," ص"," م") -> 5:35–7:00 م | C10: 1 | D10: 1 ضد 7
A11: 2 | B11: =MOD(HOUR(المدخلات!$B$5+1*المدخلات!$B$8/1440)-1,12)+1&":"&TEXT(MINUTE(المدخلات!$B$5+1*المدخلات!$B$8/1440),"00")&"–"&MOD(HOUR(المدخلات!$B$5+1*المدخلات!$B$8/1440+المدخلات!$B$6/1440)-1,12)+1&":"&TEXT(MINUTE(المدخلات!$B$5+1*المدخلات!$B$8/1440+المدخلات!$B$6/1440),"00")&IF(HOUR(المدخلات!$B$5+1*المدخلات!$B$8/1440)<12," ص"," م") -> 5:35–7:00 م | C11: 2 | D11: 3 ضد 4
A12: 3 | B12: =MOD(HOUR(المدخلات!$B$5+0*المدخلات!$B$8/1440)-1,12)+1&":"&TEXT(MINUTE(المدخلات!$B$5+0*المدخلات!$B$8/1440),"00")&"–"&MOD(HOUR(المدخلات!$B$5+0*المدخلات!$B$8/1440+المدخلات!$B$6/1440)-1,12)+1&":"&TEXT(MINUTE(المدخلات!$B$5+0*المدخلات!$B$8/1440+المدخلات!$B$6/1440),"00")&IF(HOUR(المدخلات!$B$5+0*المدخلات!$B$8/1440)<12," ص"," م") -> 4:00–5:25 م | C12: 1 | D12: 8 ضد 4
A13: 3 | B13: =MOD(HOUR(المدخلات!$B$5+0*المدخلات!$B$8/1440)-1,12)+1&":"&TEXT(MINUTE(المدخلات!$B$5+0*المدخلات!$B$8/1440),"00")&"–"&MOD(HOUR(المدخلات!$B$5+0*المدخلات!$B$8/1440+المدخلات!$B$6/1440)-1,12)+1&":"&TEXT(MINUTE(المدخلات!$B$5+0*المدخلات!$B$8/1440+المدخلات!$B$6/1440),"00")&IF(HOUR(المدخلات!$B$5+0*المدخلات!$B$8/1440)<12," ص"," م") -> 4:00–5:25 م | C13: 2 | D13: 2 ضد 3
A14: 3 | B14: =MOD(HOUR(المدخلات!$B$5+1*المدخلات!$B$8/1440)-1,12)+1&":"&TEXT(MINUTE(المدخلات!$B$5+1*المدخلات!$B$8/1440),"00")&"–"&MOD(HOUR(المدخلات!$B$5+1*المدخلات!$B$8/1440+المدخلات!$B$6/1440)-1,12)+1&":"&TEXT(MINUTE(المدخلات!$B$5+1*المدخلات!$B$8/1440+المدخلات!$B$6/1440),"00")&IF(HOUR(المدخلات!$B$5+1*المدخلات!$B$8/1440)<12," ص"," م") -> 5:35–7:00 م | C14: 1 | D14: 7 ضد 5
A15: 3 | B15: =MOD(HOUR(المدخلات!$B$5+1*المدخلات!$B$8/1440)-1,12)+1&":"&TEXT(MINUTE(المدخلات!$B$5+1*المدخلات!$B$8/1440),"00")&"–"&MOD(HOUR(المدخلات!$B$5+1*المدخلات!$B$8/1440+المدخلات!$B$6/1440)-1,12)+1&":"&TEXT(MINUTE(المدخلات!$B$5+1*المدخلات!$B$8/1440+المدخلات!$B$6/1440),"00")&IF(HOUR(المدخلات!$B$5+1*المدخلات!$B$8/1440)<12," ص"," م") -> 5:35–7:00 م | C15: 2 | D15: 1 ضد 6
A16: 4 | B16: =MOD(HOUR(المدخلات!$B$5+0*المدخلات!$B$8/1440)-1,12)+1&":"&TEXT(MINUTE(المدخلات!$B$5+0*المدخلات!$B$8/1440),"00")&"–"&MOD(HOUR(المدخلات!$B$5+0*المدخلات!$B$8/1440+المدخلات!$B$6/1440)-1,12)+1&":"&TEXT(MINUTE(المدخلات!$B$5+0*المدخلات!$B$8/1440+المدخلات!$B$6/1440),"00")&IF(HOUR(المدخلات!$B$5+0*المدخلات!$B$8/1440)<12," ص"," م") -> 4:00–5:25 م | C16: 1 | D16: 6 ضد 4
A17: 4 | B17: =MOD(HOUR(المدخلات!$B$5+0*المدخلات!$B$8/1440)-1,12)+1&":"&TEXT(MINUTE(المدخلات!$B$5+0*المدخلات!$B$8/1440),"00")&"–"&MOD(HOUR(المدخلات!$B$5+0*المدخلات!$B$8/1440+المدخلات!$B$6/1440)-1,12)+1&":"&TEXT(MINUTE(المدخلات!$B$5+0*المدخلات!$B$8/1440+المدخلات!$B$6/1440),"00")&IF(HOUR(المدخلات!$B$5+0*المدخلات!$B$8/1440)<12," ص"," م") -> 4:00–5:25 م | C17: 2 | D17: 1 ضد 5
A18: 4 | B18: =MOD(HOUR(المدخلات!$B$5+1*المدخلات!$B$8/1440)-1,12)+1&":"&TEXT(MINUTE(المدخلات!$B$5+1*المدخلات!$B$8/1440),"00")&"–"&MOD(HOUR(المدخلات!$B$5+1*المدخلات!$B$8/1440+المدخلات!$B$6/1440)-1,12)+1&":"&TEXT(MINUTE(المدخلات!$B$5+1*المدخلات!$B$8/1440+المدخلات!$B$6/1440),"00")&IF(HOUR(المدخلات!$B$5+1*المدخلات!$B$8/1440)<12," ص"," م") -> 5:35–7:00 م | C18: 1 | D18: 8 ضد 2
A19: 4 | B19: =MOD(HOUR(المدخلات!$B$5+1*المدخلات!$B$8/1440)-1,12)+1&":"&TEXT(MINUTE(المدخلات!$B$5+1*المدخلات!$B$8/1440),"00")&"–"&MOD(HOUR(المدخلات!$B$5+1*المدخلات!$B$8/1440+المدخلات!$B$6/1440)-1,12)+1&":"&TEXT(MINUTE(المدخلات!$B$5+1*المدخلات!$B$8/1440+المدخلات!$B$6/1440),"00")&IF(HOUR(المدخلات!$B$5+1*المدخلات!$B$8/1440)<12," ص"," م") -> 5:35–7:00 م | C19: 2 | D19: 7 ضد 3
A20: 5 | B20: =MOD(HOUR(المدخلات!$B$5+0*المدخلات!$B$8/1440)-1,12)+1&":"&TEXT(MINUTE(المدخلات!$B$5+0*المدخلات!$B$8/1440),"00")&"–"&MOD(HOUR(المدخلات!$B$5+0*المدخلات!$B$8/1440+المدخلات!$B$6/1440)-1,12)+1&":"&TEXT(MINUTE(المدخلات!$B$5+0*المدخلات!$B$8/1440+المدخلات!$B$6/1440),"00")&IF(HOUR(المدخلات!$B$5+0*المدخلات!$B$8/1440)<12," ص"," م") -> 4:00–5:25 م | C20: 1 | D20: 5 ضد 3
A21: 5 | B21: =MOD(HOUR(المدخلات!$B$5+0*المدخلات!$B$8/1440)-1,12)+1&":"&TEXT(MINUTE(المدخلات!$B$5+0*المدخلات!$B$8/1440),"00")&"–"&MOD(HOUR(المدخلات!$B$5+0*المدخلات!$B$8/1440+المدخلات!$B$6/1440)-1,12)+1&":"&TEXT(MINUTE(المدخلات!$B$5+0*المدخلات!$B$8/1440+المدخلات!$B$6/1440),"00")&IF(HOUR(المدخلات!$B$5+0*المدخلات!$B$8/1440)<12," ص"," م") -> 4:00–5:25 م | C21: 2 | D21: 7 ضد 8
A22: 5 | B22: =MOD(HOUR(المدخلات!$B$5+1*المدخلات!$B$8/1440)-1,12)+1&":"&TEXT(MINUTE(المدخلات!$B$5+1*المدخلات!$B$8/1440),"00")&"–"&MOD(HOUR(المدخلات!$B$5+1*المدخلات!$B$8/1440+المدخلات!$B$6/1440)-1,12)+1&":"&TEXT(MINUTE(المدخلات!$B$5+1*المدخلات!$B$8/1440+المدخلات!$B$6/1440),"00")&IF(HOUR(المدخلات!$B$5+1*المدخلات!$B$8/1440)<12," ص"," م") -> 5:35–7:00 م | C22: 1 | D22: 6 ضد 2
A23: 5 | B23: =MOD(HOUR(المدخلات!$B$5+1*المدخلات!$B$8/1440)-1,12)+1&":"&TEXT(MINUTE(المدخلات!$B$5+1*المدخلات!$B$8/1440),"00")&"–"&MOD(HOUR(المدخلات!$B$5+1*المدخلات!$B$8/1440+المدخلات!$B$6/1440)-1,12)+1&":"&TEXT(MINUTE(المدخلات!$B$5+1*المدخلات!$B$8/1440+المدخلات!$B$6/1440),"00")&IF(HOUR(المدخلات!$B$5+1*المدخلات!$B$8/1440)<12," ص"," م") -> 5:35–7:00 م | C23: 2 | D23: 1 ضد 4
A24: 6 | B24: =MOD(HOUR(المدخلات!$B$5+0*المدخلات!$B$8/1440)-1,12)+1&":"&TEXT(MINUTE(المدخلات!$B$5+0*المدخلات!$B$8/1440),"00")&"–"&MOD(HOUR(المدخلات!$B$5+0*المدخلات!$B$8/1440+المدخلات!$B$6/1440)-1,12)+1&":"&TEXT(MINUTE(المدخلات!$B$5+0*المدخلات!$B$8/1440+المدخلات!$B$6/1440),"00")&IF(HOUR(المدخلات!$B$5+0*المدخلات!$B$8/1440)<12," ص"," م") -> 4:00–5:25 م | C24: 1 | D24: 1 ضد 3
A25: 6 | B25: =MOD(HOUR(المدخلات!$B$5+0*المدخلات!$B$8/1440)-1,12)+1&":"&TEXT(MINUTE(المدخلات!$B$5+0*المدخلات!$B$8/1440),"00")&"–"&MOD(HOUR(المدخلات!$B$5+0*المدخلات!$B$8/1440+المدخلات!$B$6/1440)-1,12)+1&":"&TEXT(MINUTE(المدخلات!$B$5+0*المدخلات!$B$8/1440+المدخلات!$B$6/1440),"00")&IF(HOUR(المدخلات!$B$5+0*المدخلات!$B$8/1440)<12," ص"," م") -> 4:00–5:25 م | C25: 2 | D25: 4 ضد 2
A26: 6 | B26: =MOD(HOUR(المدخلات!$B$5+1*المدخلات!$B$8/1440)-1,12)+1&":"&TEXT(MINUTE(المدخلات!$B$5+1*المدخلات!$B$8/1440),"00")&"–"&MOD(HOUR(المدخلات!$B$5+1*المدخلات!$B$8/1440+المدخلات!$B$6/1440)-1,12)+1&":"&TEXT(MINUTE(المدخلات!$B$5+1*المدخلات!$B$8/1440+المدخلات!$B$6/1440),"00")&IF(HOUR(المدخلات!$B$5+1*المدخلات!$B$8/1440)<12," ص"," م") -> 5:35–7:00 م | C26: 1 | D26: 6 ضد 7
A27: 6 | B27: =MOD(HOUR(المدخلات!$B$5+1*المدخلات!$B$8/1440)-1,12)+1&":"&TEXT(MINUTE(المدخلات!$B$5+1*المدخلات!$B$8/1440),"00")&"–"&MOD(HOUR(المدخلات!$B$5+1*المدخلات!$B$8/1440+المدخلات!$B$6/1440)-1,12)+1&":"&TEXT(MINUTE(المدخلات!$B$5+1*المدخلات!$B$8/1440+المدخلات!$B$6/1440),"00")&IF(HOUR(المدخلات!$B$5+1*المدخلات!$B$8/1440)<12," ص"," م") -> 5:35–7:00 م | C27: 2 | D27: 5 ضد 8
A28: 7 | B28: =MOD(HOUR(المدخلات!$B$5+0*المدخلات!$B$8/1440)-1,12)+1&":"&TEXT(MINUTE(المدخلات!$B$5+0*المدخلات!$B$8/1440),"00")&"–"&MOD(HOUR(المدخلات!$B$5+0*المدخلات!$B$8/1440+المدخلات!$B$6/1440)-1,12)+1&":"&TEXT(MINUTE(المدخلات!$B$5+0*المدخلات!$B$8/1440+المدخلات!$B$6/1440),"00")&IF(HOUR(المدخلات!$B$5+0*المدخلات!$B$8/1440)<12," ص"," م") -> 4:00–5:25 م | C28: 1 | D28: 4 ضد 7
A29: 7 | B29: =MOD(HOUR(المدخلات!$B$5+0*المدخلات!$B$8/1440)-1,12)+1&":"&TEXT(MINUTE(المدخلات!$B$5+0*المدخلات!$B$8/1440),"00")&"–"&MOD(HOUR(المدخلات!$B$5+0*المدخلات!$B$8/1440+المدخلات!$B$6/1440)-1,12)+1&":"&TEXT(MINUTE(المدخلات!$B$5+0*المدخلات!$B$8/1440+المدخلات!$B$6/1440),"00")&IF(HOUR(المدخلات!$B$5+0*المدخلات!$B$8/1440)<12," ص"," م") -> 4:00–5:25 م | C29: 2 | D29: 5 ضد 6
A30: 7 | B30: =MOD(HOUR(المدخلات!$B$5+1*المدخلات!$B$8/1440)-1,12)+1&":"&TEXT(MINUTE(المدخلات!$B$5+1*المدخلات!$B$8/1440),"00")&"–"&MOD(HOUR(المدخلات!$B$5+1*المدخلات!$B$8/1440+المدخلات!$B$6/1440)-1,12)+1&":"&TEXT(MINUTE(المدخلات!$B$5+1*المدخلات!$B$8/1440+المدخلات!$B$6/1440),"00")&IF(HOUR(المدخلات!$B$5+1*المدخلات!$B$8/1440)<12," ص"," م") -> 5:35–7:00 م | C30: 1 | D30: 1 ضد 2
A31: 7 | B31: =MOD(HOUR(المدخلات!$B$5+1*المدخلات!$B$8/1440)-1,12)+1&":"&TEXT(MINUTE(المدخلات!$B$5+1*المدخلات!$B$8/1440),"00")&"–"&MOD(HOUR(المدخلات!$B$5+1*المدخلات!$B$8/1440+المدخلات!$B$6/1440)-1,12)+1&":"&TEXT(MINUTE(المدخلات!$B$5+1*المدخلات!$B$8/1440+المدخلات!$B$6/1440),"00")&IF(HOUR(المدخلات!$B$5+1*المدخلات!$B$8/1440)<12," ص"," م") -> 5:35–7:00 م | C31: 2 | D31: 3 ضد 8
A32: 8 | B32: =MOD(HOUR(المدخلات!$B$5+0*المدخلات!$B$8/1440)-1,12)+1&":"&TEXT(MINUTE(المدخلات!$B$5+0*المدخلات!$B$8/1440),"00")&"–"&MOD(HOUR(المدخلات!$B$5+0*المدخلات!$B$8/1440+المدخلات!$B$6/1440)-1,12)+1&":"&TEXT(MINUTE(المدخلات!$B$5+0*المدخلات!$B$8/1440+المدخلات!$B$6/1440),"00")&IF(HOUR(المدخلات!$B$5+0*المدخلات!$B$8/1440)<12," ص"," م") -> 4:00–5:25 م | C32: 1 | D32: 8 ضد 1
A33: 8 | B33: =MOD(HOUR(المدخلات!$B$5+0*المدخلات!$B$8/1440)-1,12)+1&":"&TEXT(MINUTE(المدخلات!$B$5+0*المدخلات!$B$8/1440),"00")&"–"&MOD(HOUR(المدخلات!$B$5+0*المدخلات!$B$8/1440+المدخلات!$B$6/1440)-1,12)+1&":"&TEXT(MINUTE(المدخلات!$B$5+0*المدخلات!$B$8/1440+المدخلات!$B$6/1440),"00")&IF(HOUR(المدخلات!$B$5+0*المدخلات!$B$8/1440)<12," ص"," م") -> 4:00–5:25 م | C33: 2 | D33: 7 ضد 2
A34: 8 | B34: =MOD(HOUR(المدخلات!$B$5+1*المدخلات!$B$8/1440)-1,12)+1&":"&TEXT(MINUTE(المدخلات!$B$5+1*المدخلات!$B$8/1440),"00")&"–"&MOD(HOUR(المدخلات!$B$5+1*المدخلات!$B$8/1440+المدخلات!$B$6/1440)-1,12)+1&":"&TEXT(MINUTE(المدخلات!$B$5+1*المدخلات!$B$8/1440+المدخلات!$B$6/1440),"00")&IF(HOUR(المدخلات!$B$5+1*المدخلات!$B$8/1440)<12," ص"," م") -> 5:35–7:00 م | C34: 1 | D34: 6 ضد 3
A35: 8 | B35: =MOD(HOUR(المدخلات!$B$5+1*المدخلات!$B$8/1440)-1,12)+1&":"&TEXT(MINUTE(المدخلات!$B$5+1*المدخلات!$B$8/1440),"00")&"–"&MOD(HOUR(المدخلات!$B$5+1*المدخلات!$B$8/1440+المدخلات!$B$6/1440)-1,12)+1&":"&TEXT(MINUTE(المدخلات!$B$5+1*المدخلات!$B$8/1440+المدخلات!$B$6/1440),"00")&IF(HOUR(المدخلات!$B$5+1*المدخلات!$B$8/1440)<12," ص"," م") -> 5:35–7:00 م | C35: 2 | D35: 5 ضد 4
A36: 9 | B36: =MOD(HOUR(المدخلات!$B$5+0*المدخلات!$B$8/1440)-1,12)+1&":"&TEXT(MINUTE(المدخلات!$B$5+0*المدخلات!$B$8/1440),"00")&"–"&MOD(HOUR(المدخلات!$B$5+0*المدخلات!$B$8/1440+المدخلات!$B$6/1440)-1,12)+1&":"&TEXT(MINUTE(المدخلات!$B$5+0*المدخلات!$B$8/1440+المدخلات!$B$6/1440),"00")&IF(HOUR(المدخلات!$B$5+0*المدخلات!$B$8/1440)<12," ص"," م") -> 4:00–5:25 م | C36: 1 | D36: 4 ضد 3
A37: 9 | B37: =MOD(HOUR(المدخلات!$B$5+0*المدخلات!$B$8/1440)-1,12)+1&":"&TEXT(MINUTE(المدخلات!$B$5+0*المدخلات!$B$8/1440),"00")&"–"&MOD(HOUR(المدخلات!$B$5+0*المدخلات!$B$8/1440+المدخلات!$B$6/1440)-1,12)+1&":"&TEXT(MINUTE(المدخلات!$B$5+0*المدخلات!$B$8/1440+المدخلات!$B$6/1440),"00")&IF(HOUR(المدخلات!$B$5+0*المدخلات!$B$8/1440)<12," ص"," م") -> 4:00–5:25 م | C37: 2 | D37: 6 ضد 8
A38: 9 | B38: =MOD(HOUR(المدخلات!$B$5+1*المدخلات!$B$8/1440)-1,12)+1&":"&TEXT(MINUTE(المدخلات!$B$5+1*المدخلات!$B$8/1440),"00")&"–"&MOD(HOUR(المدخلات!$B$5+1*المدخلات!$B$8/1440+المدخلات!$B$6/1440)-1,12)+1&":"&TEXT(MINUTE(المدخلات!$B$5+1*المدخلات!$B$8/1440+المدخلات!$B$6/1440),"00")&IF(HOUR(المدخلات!$B$5+1*المدخلات!$B$8/1440)<12," ص"," م") -> 5:35–7:00 م | C38: 1 | D38: 5 ضد 2
A39: 9 | B39: =MOD(HOUR(المدخلات!$B$5+1*المدخلات!$B$8/1440)-1,12)+1&":"&TEXT(MINUTE(المدخلات!$B$5+1*المدخلات!$B$8/1440),"00")&"–"&MOD(HOUR(المدخلات!$B$5+1*المدخلات!$B$8/1440+المدخلات!$B$6/1440)-1,12)+1&":"&TEXT(MINUTE(المدخلات!$B$5+1*المدخلات!$B$8/1440+المدخلات!$B$6/1440),"00")&IF(HOUR(المدخلات!$B$5+1*المدخلات!$B$8/1440)<12," ص"," م") -> 5:35–7:00 م | C39: 2 | D39: 7 ضد 1
A40: 10 | B40: =MOD(HOUR(المدخلات!$B$5+0*المدخلات!$B$8/1440)-1,12)+1&":"&TEXT(MINUTE(المدخلات!$B$5+0*المدخلات!$B$8/1440),"00")&"–"&MOD(HOUR(المدخلات!$B$5+0*المدخلات!$B$8/1440+المدخلات!$B$6/1440)-1,12)+1&":"&TEXT(MINUTE(المدخلات!$B$5+0*المدخلات!$B$8/1440+المدخلات!$B$6/1440),"00")&IF(HOUR(المدخلات!$B$5+0*المدخلات!$B$8/1440)<12," ص"," م") -> 4:00–5:25 م | C40: 1 | D40: 5 ضد 7
A41: 10 | B41: =MOD(HOUR(المدخلات!$B$5+0*المدخلات!$B$8/1440)-1,12)+1&":"&TEXT(MINUTE(المدخلات!$B$5+0*المدخلات!$B$8/1440),"00")&"–"&MOD(HOUR(المدخلات!$B$5+0*المدخلات!$B$8/1440+المدخلات!$B$6/1440)-1,12)+1&":"&TEXT(MINUTE(المدخلات!$B$5+0*المدخلات!$B$8/1440+المدخلات!$B$6/1440),"00")&IF(HOUR(المدخلات!$B$5+0*المدخلات!$B$8/1440)<12," ص"," م") -> 4:00–5:25 م | C41: 2 | D41: 6 ضد 1
A42: 10 | B42: =MOD(HOUR(المدخلات!$B$5+1*المدخلات!$B$8/1440)-1,12)+1&":"&TEXT(MINUTE(المدخلات!$B$5+1*المدخلات!$B$8/1440),"00")&"–"&MOD(HOUR(المدخلات!$B$5+1*المدخلات!$B$8/1440+المدخلات!$B$6/1440)-1,12)+1&":"&TEXT(MINUTE(المدخلات!$B$5+1*المدخلات!$B$8/1440+المدخلات!$B$6/1440),"00")&IF(HOUR(المدخلات!$B$5+1*المدخلات!$B$8/1440)<12," ص"," م") -> 5:35–7:00 م | C42: 1 | D42: 4 ضد 8
A43: 10 | B43: =MOD(HOUR(المدخلات!$B$5+1*المدخلات!$B$8/1440)-1,12)+1&":"&TEXT(MINUTE(المدخلات!$B$5+1*المدخلات!$B$8/1440),"00")&"–"&MOD(HOUR(المدخلات!$B$5+1*المدخلات!$B$8/1440+المدخلات!$B$6/1440)-1,12)+1&":"&TEXT(MINUTE(المدخلات!$B$5+1*المدخلات!$B$8/1440+المدخلات!$B$6/1440),"00")&IF(HOUR(المدخلات!$B$5+1*المدخلات!$B$8/1440)<12," ص"," م") -> 5:35–7:00 م | C43: 2 | D43: 3 ضد 2
A44: 11 | B44: =MOD(HOUR(المدخلات!$B$5+0*المدخلات!$B$8/1440)-1,12)+1&":"&TEXT(MINUTE(المدخلات!$B$5+0*المدخلات!$B$8/1440),"00")&"–"&MOD(HOUR(المدخلات!$B$5+0*المدخلات!$B$8/1440+المدخلات!$B$6/1440)-1,12)+1&":"&TEXT(MINUTE(المدخلات!$B$5+0*المدخلات!$B$8/1440+المدخلات!$B$6/1440),"00")&IF(HOUR(المدخلات!$B$5+0*المدخلات!$B$8/1440)<12," ص"," م") -> 4:00–5:25 م | C44: 1 | D44: 3 ضد 7
A45: 11 | B45: =MOD(HOUR(المدخلات!$B$5+0*المدخلات!$B$8/1440)-1,12)+1&":"&TEXT(MINUTE(المدخلات!$B$5+0*المدخلات!$B$8/1440),"00")&"–"&MOD(HOUR(المدخلات!$B$5+0*المدخلات!$B$8/1440+المدخلات!$B$6/1440)-1,12)+1&":"&TEXT(MINUTE(المدخلات!$B$5+0*المدخلات!$B$8/1440+المدخلات!$B$6/1440),"00")&IF(HOUR(المدخلات!$B$5+0*المدخلات!$B$8/1440)<12," ص"," م") -> 4:00–5:25 م | C45: 2 | D45: 5 ضد 1
A46: 11 | B46: =MOD(HOUR(المدخلات!$B$5+1*المدخلات!$B$8/1440)-1,12)+1&":"&TEXT(MINUTE(المدخلات!$B$5+1*المدخلات!$B$8/1440),"00")&"–"&MOD(HOUR(المدخلات!$B$5+1*المدخلات!$B$8/1440+المدخلات!$B$6/1440)-1,12)+1&":"&TEXT(MINUTE(المدخلات!$B$5+1*المدخلات!$B$8/1440+المدخلات!$B$6/1440),"00")&IF(HOUR(المدخلات!$B$5+1*المدخلات!$B$8/1440)<12," ص"," م") -> 5:35–7:00 م | C46: 1 | D46: 2 ضد 8
A47: 11 | B47: =MOD(HOUR(المدخلات!$B$5+1*المدخلات!$B$8/1440)-1,12)+1&":"&TEXT(MINUTE(المدخلات!$B$5+1*المدخلات!$B$8/1440),"00")&"–"&MOD(HOUR(المدخلات!$B$5+1*المدخلات!$B$8/1440+المدخلات!$B$6/1440)-1,12)+1&":"&TEXT(MINUTE(المدخلات!$B$5+1*المدخلات!$B$8/1440+المدخلات!$B$6/1440),"00")&IF(HOUR(المدخلات!$B$5+1*المدخلات!$B$8/1440)<12," ص"," م") -> 5:35–7:00 م | C47: 2 | D47: 4 ضد 6
A48: 12 | B48: =MOD(HOUR(المدخلات!$B$5+0*المدخلات!$B$8/1440)-1,12)+1&":"&TEXT(MINUTE(المدخلات!$B$5+0*المدخلات!$B$8/1440),"00")&"–"&MOD(HOUR(المدخلات!$B$5+0*المدخلات!$B$8/1440+المدخلات!$B$6/1440)-1,12)+1&":"&TEXT(MINUTE(المدخلات!$B$5+0*المدخلات!$B$8/1440+المدخلات!$B$6/1440),"00")&IF(HOUR(المدخلات!$B$5+0*المدخلات!$B$8/1440)<12," ص"," م") -> 4:00–5:25 م | C48: 1 | D48: 4 ضد 1
A49: 12 | B49: =MOD(HOUR(المدخلات!$B$5+0*المدخلات!$B$8/1440)-1,12)+1&":"&TEXT(MINUTE(المدخلات!$B$5+0*المدخلات!$B$8/1440),"00")&"–"&MOD(HOUR(المدخلات!$B$5+0*المدخلات!$B$8/1440+المدخلات!$B$6/1440)-1,12)+1&":"&TEXT(MINUTE(المدخلات!$B$5+0*المدخلات!$B$8/1440+المدخلات!$B$6/1440),"00")&IF(HOUR(المدخلات!$B$5+0*المدخلات!$B$8/1440)<12," ص"," م") -> 4:00–5:25 م | C49: 2 | D49: 3 ضد 5
A50: 12 | B50: =MOD(HOUR(المدخلات!$B$5+1*المدخلات!$B$8/1440)-1,12)+1&":"&TEXT(MINUTE(المدخلات!$B$5+1*المدخلات!$B$8/1440),"00")&"–"&MOD(HOUR(المدخلات!$B$5+1*المدخلات!$B$8/1440+المدخلات!$B$6/1440)-1,12)+1&":"&TEXT(MINUTE(المدخلات!$B$5+1*المدخلات!$B$8/1440+المدخلات!$B$6/1440),"00")&IF(HOUR(المدخلات!$B$5+1*المدخلات!$B$8/1440)<12," ص"," م") -> 5:35–7:00 م | C50: 1 | D50: 2 ضد 6
A51: 12 | B51: =MOD(HOUR(المدخلات!$B$5+1*المدخلات!$B$8/1440)-1,12)+1&":"&TEXT(MINUTE(المدخلات!$B$5+1*المدخلات!$B$8/1440),"00")&"–"&MOD(HOUR(المدخلات!$B$5+1*المدخلات!$B$8/1440+المدخلات!$B$6/1440)-1,12)+1&":"&TEXT(MINUTE(المدخلات!$B$5+1*المدخلات!$B$8/1440+المدخلات!$B$6/1440),"00")&IF(HOUR(المدخلات!$B$5+1*المدخلات!$B$8/1440)<12," ص"," م") -> 5:35–7:00 م | C51: 2 | D51: 8 ضد 7
A52: 13 | B52: =MOD(HOUR(المدخلات!$B$5+0*المدخلات!$B$8/1440)-1,12)+1&":"&TEXT(MINUTE(المدخلات!$B$5+0*المدخلات!$B$8/1440),"00")&"–"&MOD(HOUR(المدخلات!$B$5+0*المدخلات!$B$8/1440+المدخلات!$B$6/1440)-1,12)+1&":"&TEXT(MINUTE(المدخلات!$B$5+0*المدخلات!$B$8/1440+المدخلات!$B$6/1440),"00")&IF(HOUR(المدخلات!$B$5+0*المدخلات!$B$8/1440)<12," ص"," م") -> 4:00–5:25 م | C52: 1 | D52: 7 ضد 6
A53: 13 | B53: =MOD(HOUR(المدخلات!$B$5+0*المدخلات!$B$8/1440)-1,12)+1&":"&TEXT(MINUTE(المدخلات!$B$5+0*المدخلات!$B$8/1440),"00")&"–"&MOD(HOUR(المدخلات!$B$5+0*المدخلات!$B$8/1440+المدخلات!$B$6/1440)-1,12)+1&":"&TEXT(MINUTE(المدخلات!$B$5+0*المدخلات!$B$8/1440+المدخلات!$B$6/1440),"00")&IF(HOUR(المدخلات!$B$5+0*المدخلات!$B$8/1440)<12," ص"," م") -> 4:00–5:25 م | C53: 2 | D53: 2 ضد 4
A54: 13 | B54: =MOD(HOUR(المدخلات!$B$5+1*المدخلات!$B$8/1440)-1,12)+1&":"&TEXT(MINUTE(المدخلات!$B$5+1*المدخلات!$B$8/1440),"00")&"–"&MOD(HOUR(المدخلات!$B$5+1*المدخلات!$B$8/1440+المدخلات!$B$6/1440)-1,12)+1&":"&TEXT(MINUTE(المدخلات!$B$5+1*المدخلات!$B$8/1440+المدخلات!$B$6/1440),"00")&IF(HOUR(المدخلات!$B$5+1*المدخلات!$B$8/1440)<12," ص"," م") -> 5:35–7:00 م | C54: 1 | D54: 3 ضد 1
A55: 13 | B55: =MOD(HOUR(المدخلات!$B$5+1*المدخلات!$B$8/1440)-1,12)+1&":"&TEXT(MINUTE(المدخلات!$B$5+1*المدخلات!$B$8/1440),"00")&"–"&MOD(HOUR(المدخلات!$B$5+1*المدخلات!$B$8/1440+المدخلات!$B$6/1440)-1,12)+1&":"&TEXT(MINUTE(المدخلات!$B$5+1*المدخلات!$B$8/1440+المدخلات!$B$6/1440),"00")&IF(HOUR(المدخلات!$B$5+1*المدخلات!$B$8/1440)<12," ص"," م") -> 5:35–7:00 م | C55: 2 | D55: 8 ضد 5
A56: 14 | B56: =MOD(HOUR(المدخلات!$B$5+0*المدخلات!$B$8/1440)-1,12)+1&":"&TEXT(MINUTE(المدخلات!$B$5+0*المدخلات!$B$8/1440),"00")&"–"&MOD(HOUR(المدخلات!$B$5+0*المدخلات!$B$8/1440+المدخلات!$B$6/1440)-1,12)+1&":"&TEXT(MINUTE(المدخلات!$B$5+0*المدخلات!$B$8/1440+المدخلات!$B$6/1440),"00")&IF(HOUR(المدخلات!$B$5+0*المدخلات!$B$8/1440)<12," ص"," م") -> 4:00–5:25 م | C56: 1 | D56: 8 ضد 3
A57: 14 | B57: =MOD(HOUR(المدخلات!$B$5+0*المدخلات!$B$8/1440)-1,12)+1&":"&TEXT(MINUTE(المدخلات!$B$5+0*المدخلات!$B$8/1440),"00")&"–"&MOD(HOUR(المدخلات!$B$5+0*المدخلات!$B$8/1440+المدخلات!$B$6/1440)-1,12)+1&":"&TEXT(MINUTE(المدخلات!$B$5+0*المدخلات!$B$8/1440+المدخلات!$B$6/1440),"00")&IF(HOUR(المدخلات!$B$5+0*المدخلات!$B$8/1440)<12," ص"," م") -> 4:00–5:25 م | C57: 2 | D57: 2 ضد 1
A58: 14 | B58: =MOD(HOUR(المدخلات!$B$5+1*المدخلات!$B$8/1440)-1,12)+1&":"&TEXT(MINUTE(المدخلات!$B$5+1*المدخلات!$B$8/1440),"00")&"–"&MOD(HOUR(المدخلات!$B$5+1*المدخلات!$B$8/1440+المدخلات!$B$6/1440)-1,12)+1&":"&TEXT(MINUTE(المدخلات!$B$5+1*المدخلات!$B$8/1440+المدخلات!$B$6/1440),"00")&IF(HOUR(المدخلات!$B$5+1*المدخلات!$B$8/1440)<12," ص"," م") -> 5:35–7:00 م | C58: 1 | D58: 7 ضد 4
A59: 14 | B59: =MOD(HOUR(المدخلات!$B$5+1*المدخلات!$B$8/1440)-1,12)+1&":"&TEXT(MINUTE(المدخلات!$B$5+1*المدخلات!$B$8/1440),"00")&"–"&MOD(HOUR(المدخلات!$B$5+1*المدخلات!$B$8/1440+المدخلات!$B$6/1440)-1,12)+1&":"&TEXT(MINUTE(المدخلات!$B$5+1*المدخلات!$B$8/1440+المدخلات!$B$6/1440),"00")&IF(HOUR(المدخلات!$B$5+1*المدخلات!$B$8/1440)<12," ص"," م") -> 5:35–7:00 م | C59: 2 | D59: 6 ضد 5
A60: 15 | B60: =MOD(HOUR(المدخلات!$B$5+0*المدخلات!$B$8/1440)-1,12)+1&":"&TEXT(MINUTE(المدخلات!$B$5+0*المدخلات!$B$8/1440),"00")&"–"&MOD(HOUR(المدخلات!$B$5+0*المدخلات!$B$8/1440+المدخلات!$B$6/1440)-1,12)+1&":"&TEXT(MINUTE(المدخلات!$B$5+0*المدخلات!$B$8/1440+المدخلات!$B$6/1440),"00")&IF(HOUR(المدخلات!$B$5+0*المدخلات!$B$8/1440)<12," ص"," م") -> 4:00–5:25 م | C60: 1 | D60: 4 ضد 5
A61: 15 | B61: =MOD(HOUR(المدخلات!$B$5+0*المدخلات!$B$8/1440)-1,12)+1&":"&TEXT(MINUTE(المدخلات!$B$5+0*المدخلات!$B$8/1440),"00")&"–"&MOD(HOUR(المدخلات!$B$5+0*المدخلات!$B$8/1440+المدخلات!$B$6/1440)-1,12)+1&":"&TEXT(MINUTE(المدخلات!$B$5+0*المدخلات!$B$8/1440+المدخلات!$B$6/1440),"00")&IF(HOUR(المدخلات!$B$5+0*المدخلات!$B$8/1440)<12," ص"," م") -> 4:00–5:25 م | C61: 2 | D61: 3 ضد 6
A62: 15 | B62: =MOD(HOUR(المدخلات!$B$5+1*المدخلات!$B$8/1440)-1,12)+1&":"&TEXT(MINUTE(المدخلات!$B$5+1*المدخلات!$B$8/1440),"00")&"–"&MOD(HOUR(المدخلات!$B$5+1*المدخلات!$B$8/1440+المدخلات!$B$6/1440)-1,12)+1&":"&TEXT(MINUTE(المدخلات!$B$5+1*المدخلات!$B$8/1440+المدخلات!$B$6/1440),"00")&IF(HOUR(المدخلات!$B$5+1*المدخلات!$B$8/1440)<12," ص"," م") -> 5:35–7:00 م | C62: 1 | D62: 1 ضد 8
A63: 15 | B63: =MOD(HOUR(المدخلات!$B$5+1*المدخلات!$B$8/1440)-1,12)+1&":"&TEXT(MINUTE(المدخلات!$B$5+1*المدخلات!$B$8/1440),"00")&"–"&MOD(HOUR(المدخلات!$B$5+1*المدخلات!$B$8/1440+المدخلات!$B$6/1440)-1,12)+1&":"&TEXT(MINUTE(المدخلات!$B$5+1*المدخلات!$B$8/1440+المدخلات!$B$6/1440),"00")&IF(HOUR(المدخلات!$B$5+1*المدخلات!$B$8/1440)<12," ص"," م") -> 5:35–7:00 م | C63: 2 | D63: 2 ضد 7
A64: 16 | B64: =MOD(HOUR(المدخلات!$B$5+0*المدخلات!$B$8/1440)-1,12)+1&":"&TEXT(MINUTE(المدخلات!$B$5+0*المدخلات!$B$8/1440),"00")&"–"&MOD(HOUR(المدخلات!$B$5+0*المدخلات!$B$8/1440+المدخلات!$B$6/1440)-1,12)+1&":"&TEXT(MINUTE(المدخلات!$B$5+0*المدخلات!$B$8/1440+المدخلات!$B$6/1440),"00")&IF(HOUR(المدخلات!$B$5+0*المدخلات!$B$8/1440)<12," ص"," م") -> 4:00–5:25 م | C64: 1 | D64: 8 ضد 6
A65: 16 | B65: =MOD(HOUR(المدخلات!$B$5+0*المدخلات!$B$8/1440)-1,12)+1&":"&TEXT(MINUTE(المدخلات!$B$5+0*المدخلات!$B$8/1440),"00")&"–"&MOD(HOUR(المدخلات!$B$5+0*المدخلات!$B$8/1440+المدخلات!$B$6/1440)-1,12)+1&":"&TEXT(MINUTE(المدخلات!$B$5+0*المدخلات!$B$8/1440+المدخلات!$B$6/1440),"00")&IF(HOUR(المدخلات!$B$5+0*المدخلات!$B$8/1440)<12," ص"," م") -> 4:00–5:25 م | C65: 2 | D65: 1 ضد 7
A66: 16 | B66: =MOD(HOUR(المدخلات!$B$5+1*المدخلات!$B$8/1440)-1,12)+1&":"&TEXT(MINUTE(المدخلات!$B$5+1*المدخلات!$B$8/1440),"00")&"–"&MOD(HOUR(المدخلات!$B$5+1*المدخلات!$B$8/1440+المدخلات!$B$6/1440)-1,12)+1&":"&TEXT(MINUTE(المدخلات!$B$5+1*المدخلات!$B$8/1440+المدخلات!$B$6/1440),"00")&IF(HOUR(المدخلات!$B$5+1*المدخلات!$B$8/1440)<12," ص"," م") -> 5:35–7:00 م | C66: 1 | D66: 2 ضد 5
A67: 16 | B67: =MOD(HOUR(المدخلات!$B$5+1*المدخلات!$B$8/1440)-1,12)+1&":"&TEXT(MINUTE(المدخلات!$B$5+1*المدخلات!$B$8/1440),"00")&"–"&MOD(HOUR(المدخلات!$B$5+1*المدخلات!$B$8/1440+المدخلات!$B$6/1440)-1,12)+1&":"&TEXT(MINUTE(المدخلات!$B$5+1*المدخلات!$B$8/1440+المدخلات!$B$6/1440),"00")&IF(HOUR(المدخلات!$B$5+1*المدخلات!$B$8/1440)<12," ص"," م") -> 5:35–7:00 م | C67: 2 | D67: 3 ضد 4
A68: 17 | B68: =MOD(HOUR(المدخلات!$B$5+0*المدخلات!$B$8/1440)-1,12)+1&":"&TEXT(MINUTE(المدخلات!$B$5+0*المدخلات!$B$8/1440),"00")&"–"&MOD(HOUR(المدخلات!$B$5+0*المدخلات!$B$8/1440+المدخلات!$B$6/1440)-1,12)+1&":"&TEXT(MINUTE(المدخلات!$B$5+0*المدخلات!$B$8/1440+المدخلات!$B$6/1440),"00")&IF(HOUR(المدخلات!$B$5+0*المدخلات!$B$8/1440)<12," ص"," م") -> 4:00–5:25 م | C68: 1 | D68: 2 ضد 3
A69: 17 | B69: =MOD(HOUR(المدخلات!$B$5+0*المدخلات!$B$8/1440)-1,12)+1&":"&TEXT(MINUTE(المدخلات!$B$5+0*المدخلات!$B$8/1440),"00")&"–"&MOD(HOUR(المدخلات!$B$5+0*المدخلات!$B$8/1440+المدخلات!$B$6/1440)-1,12)+1&":"&TEXT(MINUTE(المدخلات!$B$5+0*المدخلات!$B$8/1440+المدخلات!$B$6/1440),"00")&IF(HOUR(المدخلات!$B$5+0*المدخلات!$B$8/1440)<12," ص"," م") -> 4:00–5:25 م | C69: 2 | D69: 7 ضد 5
A70: 17 | B70: =MOD(HOUR(المدخلات!$B$5+1*المدخلات!$B$8/1440)-1,12)+1&":"&TEXT(MINUTE(المدخلات!$B$5+1*المدخلات!$B$8/1440),"00")&"–"&MOD(HOUR(المدخلات!$B$5+1*المدخلات!$B$8/1440+المدخلات!$B$6/1440)-1,12)+1&":"&TEXT(MINUTE(المدخلات!$B$5+1*المدخلات!$B$8/1440+المدخلات!$B$6/1440),"00")&IF(HOUR(المدخلات!$B$5+1*المدخلات!$B$8/1440)<12," ص"," م") -> 5:35–7:00 م | C70: 1 | D70: 1 ضد 6
A71: 17 | B71: =MOD(HOUR(المدخلات!$B$5+1*المدخلات!$B$8/1440)-1,12)+1&":"&TEXT(MINUTE(المدخلات!$B$5+1*المدخلات!$B$8/1440),"00")&"–"&MOD(HOUR(المدخلات!$B$5+1*المدخلات!$B$8/1440+المدخلات!$B$6/1440)-1,12)+1&":"&TEXT(MINUTE(المدخلات!$B$5+1*المدخلات!$B$8/1440+المدخلات!$B$6/1440),"00")&IF(HOUR(المدخلات!$B$5+1*المدخلات!$B$8/1440)<12," ص"," م") -> 5:35–7:00 م | C71: 2 | D71: 8 ضد 4
A72: 18 | B72: =MOD(HOUR(المدخلات!$B$5+0*المدخلات!$B$8/1440)-1,12)+1&":"&TEXT(MINUTE(المدخلات!$B$5+0*المدخلات!$B$8/1440),"00")&"–"&MOD(HOUR(المدخلات!$B$5+0*المدخلات!$B$8/1440+المدخلات!$B$6/1440)-1,12)+1&":"&TEXT(MINUTE(المدخلات!$B$5+0*المدخلات!$B$8/1440+المدخلات!$B$6/1440),"00")&IF(HOUR(المدخلات!$B$5+0*المدخلات!$B$8/1440)<12," ص"," م") -> 4:00–5:25 م | C72: 1 | D72: 6 ضد 4
A73: 18 | B73: =MOD(HOUR(المدخلات!$B$5+0*المدخلات!$B$8/1440)-1,12)+1&":"&TEXT(MINUTE(المدخلات!$B$5+0*المدخلات!$B$8/1440),"00")&"–"&MOD(HOUR(المدخلات!$B$5+0*المدخلات!$B$8/1440+المدخلات!$B$6/1440)-1,12)+1&":"&TEXT(MINUTE(المدخلات!$B$5+0*المدخلات!$B$8/1440+المدخلات!$B$6/1440),"00")&IF(HOUR(المدخلات!$B$5+0*المدخلات!$B$8/1440)<12," ص"," م") -> 4:00–5:25 م | C73: 2 | D73: 8 ضد 2
A74: 18 | B74: =MOD(HOUR(المدخلات!$B$5+1*المدخلات!$B$8/1440)-1,12)+1&":"&TEXT(MINUTE(المدخلات!$B$5+1*المدخلات!$B$8/1440),"00")&"–"&MOD(HOUR(المدخلات!$B$5+1*المدخلات!$B$8/1440+المدخلات!$B$6/1440)-1,12)+1&":"&TEXT(MINUTE(المدخلات!$B$5+1*المدخلات!$B$8/1440+المدخلات!$B$6/1440),"00")&IF(HOUR(المدخلات!$B$5+1*المدخلات!$B$8/1440)<12," ص"," م") -> 5:35–7:00 م | C74: 1 | D74: 1 ضد 5
A75: 18 | B75: =MOD(HOUR(المدخلات!$B$5+1*المدخلات!$B$8/1440)-1,12)+1&":"&TEXT(MINUTE(المدخلات!$B$5+1*المدخلات!$B$8/1440),"00")&"–"&MOD(HOUR(المدخلات!$B$5+1*المدخلات!$B$8/1440+المدخلات!$B$6/1440)-1,12)+1&":"&TEXT(MINUTE(المدخلات!$B$5+1*المدخلات!$B$8/1440+المدخلات!$B$6/1440),"00")&IF(HOUR(المدخلات!$B$5+1*المدخلات!$B$8/1440)<12," ص"," م") -> 5:35–7:00 م | C75: 2 | D75: 7 ضد 3
A76: 19 | B76: =MOD(HOUR(المدخلات!$B$5+0*المدخلات!$B$8/1440)-1,12)+1&":"&TEXT(MINUTE(المدخلات!$B$5+0*المدخلات!$B$8/1440),"00")&"–"&MOD(HOUR(المدخلات!$B$5+0*المدخلات!$B$8/1440+المدخلات!$B$6/1440)-1,12)+1&":"&TEXT(MINUTE(المدخلات!$B$5+0*المدخلات!$B$8/1440+المدخلات!$B$6/1440),"00")&IF(HOUR(المدخلات!$B$5+0*المدخلات!$B$8/1440)<12," ص"," م") -> 4:00–5:25 م | C76: 1 | D76: 5 ضد 3
A77: 19 | B77: =MOD(HOUR(المدخلات!$B$5+0*المدخلات!$B$8/1440)-1,12)+1&":"&TEXT(MINUTE(المدخلات!$B$5+0*المدخلات!$B$8/1440),"00")&"–"&MOD(HOUR(المدخلات!$B$5+0*المدخلات!$B$8/1440+المدخلات!$B$6/1440)-1,12)+1&":"&TEXT(MINUTE(المدخلات!$B$5+0*المدخلات!$B$8/1440+المدخلات!$B$6/1440),"00")&IF(HOUR(المدخلات!$B$5+0*المدخلات!$B$8/1440)<12," ص"," م") -> 4:00–5:25 م | C77: 2 | D77: 1 ضد 4
A78: 19 | B78: =MOD(HOUR(المدخلات!$B$5+1*المدخلات!$B$8/1440)-1,12)+1&":"&TEXT(MINUTE(المدخلات!$B$5+1*المدخلات!$B$8/1440),"00")&"–"&MOD(HOUR(المدخلات!$B$5+1*المدخلات!$B$8/1440+المدخلات!$B$6/1440)-1,12)+1&":"&TEXT(MINUTE(المدخلات!$B$5+1*المدخلات!$B$8/1440+المدخلات!$B$6/1440),"00")&IF(HOUR(المدخلات!$B$5+1*المدخلات!$B$8/1440)<12," ص"," م") -> 5:35–7:00 م | C78: 1 | D78: 7 ضد 8
A79: 19 | B79: =MOD(HOUR(المدخلات!$B$5+1*المدخلات!$B$8/1440)-1,12)+1&":"&TEXT(MINUTE(المدخلات!$B$5+1*المدخلات!$B$8/1440),"00")&"–"&MOD(HOUR(المدخلات!$B$5+1*المدخلات!$B$8/1440+المدخلات!$B$6/1440)-1,12)+1&":"&TEXT(MINUTE(المدخلات!$B$5+1*المدخلات!$B$8/1440+المدخلات!$B$6/1440),"00")&IF(HOUR(المدخلات!$B$5+1*المدخلات!$B$8/1440)<12," ص"," م") -> 5:35–7:00 م | C79: 2 | D79: 6 ضد 2
A80: 20 | B80: =MOD(HOUR(المدخلات!$B$5+0*المدخلات!$B$8/1440)-1,12)+1&":"&TEXT(MINUTE(المدخلات!$B$5+0*المدخلات!$B$8/1440),"00")&"–"&MOD(HOUR(المدخلات!$B$5+0*المدخلات!$B$8/1440+المدخلات!$B$6/1440)-1,12)+1&":"&TEXT(MINUTE(المدخلات!$B$5+0*المدخلات!$B$8/1440+المدخلات!$B$6/1440),"00")&IF(HOUR(المدخلات!$B$5+0*المدخلات!$B$8/1440)<12," ص"," م") -> 4:00–5:25 م | C80: 1 | D80: 4 ضد 2
A81: 20 | B81: =MOD(HOUR(المدخلات!$B$5+0*المدخلات!$B$8/1440)-1,12)+1&":"&TEXT(MINUTE(المدخلات!$B$5+0*المدخلات!$B$8/1440),"00")&"–"&MOD(HOUR(المدخلات!$B$5+0*المدخلات!$B$8/1440+المدخلات!$B$6/1440)-1,12)+1&":"&TEXT(MINUTE(المدخلات!$B$5+0*المدخلات!$B$8/1440+المدخلات!$B$6/1440),"00")&IF(HOUR(المدخلات!$B$5+0*المدخلات!$B$8/1440)<12," ص"," م") -> 4:00–5:25 م | C81: 2 | D81: 5 ضد 8
A82: 20 | B82: =MOD(HOUR(المدخلات!$B$5+1*المدخلات!$B$8/1440)-1,12)+1&":"&TEXT(MINUTE(المدخلات!$B$5+1*المدخلات!$B$8/1440),"00")&"–"&MOD(HOUR(المدخلات!$B$5+1*المدخلات!$B$8/1440+المدخلات!$B$6/1440)-1,12)+1&":"&TEXT(MINUTE(المدخلات!$B$5+1*المدخلات!$B$8/1440+المدخلات!$B$6/1440),"00")&IF(HOUR(المدخلات!$B$5+1*المدخلات!$B$8/1440)<12," ص"," م") -> 5:35–7:00 م | C82: 1 | D82: 6 ضد 7
A83: 20 | B83: =MOD(HOUR(المدخلات!$B$5+1*المدخلات!$B$8/1440)-1,12)+1&":"&TEXT(MINUTE(المدخلات!$B$5+1*المدخلات!$B$8/1440),"00")&"–"&MOD(HOUR(المدخلات!$B$5+1*المدخلات!$B$8/1440+المدخلات!$B$6/1440)-1,12)+1&":"&TEXT(MINUTE(المدخلات!$B$5+1*المدخلات!$B$8/1440+المدخلات!$B$6/1440),"00")&IF(HOUR(المدخلات!$B$5+1*المدخلات!$B$8/1440)<12," ص"," م") -> 5:35–7:00 م | C83: 2 | D83: 1 ضد 3
A84: 21 | B84: =MOD(HOUR(المدخلات!$B$5+0*المدخلات!$B$8/1440)-1,12)+1&":"&TEXT(MINUTE(المدخلات!$B$5+0*المدخلات!$B$8/1440),"00")&"–"&MOD(HOUR(المدخلات!$B$5+0*المدخلات!$B$8/1440+المدخلات!$B$6/1440)-1,12)+1&":"&TEXT(MINUTE(المدخلات!$B$5+0*المدخلات!$B$8/1440+المدخلات!$B$6/1440),"00")&IF(HOUR(المدخلات!$B$5+0*المدخلات!$B$8/1440)<12," ص"," م") -> 4:00–5:25 م | C84: 1 | D84: 4 ضد 7
A85: 21 | B85: =MOD(HOUR(المدخلات!$B$5+0*المدخلات!$B$8/1440)-1,12)+1&":"&TEXT(MINUTE(المدخلات!$B$5+0*المدخلات!$B$8/1440),"00")&"–"&MOD(HOUR(المدخلات!$B$5+0*المدخلات!$B$8/1440+المدخلات!$B$6/1440)-1,12)+1&":"&TEXT(MINUTE(المدخلات!$B$5+0*المدخلات!$B$8/1440+المدخلات!$B$6/1440),"00")&IF(HOUR(المدخلات!$B$5+0*المدخلات!$B$8/1440)<12," ص"," م") -> 4:00–5:25 م | C85: 2 | D85: 5 ضد 6
A86: 21 | B86: =MOD(HOUR(المدخلات!$B$5+1*المدخلات!$B$8/1440)-1,12)+1&":"&TEXT(MINUTE(المدخلات!$B$5+1*المدخلات!$B$8/1440),"00")&"–"&MOD(HOUR(المدخلات!$B$5+1*المدخلات!$B$8/1440+المدخلات!$B$6/1440)-1,12)+1&":"&TEXT(MINUTE(المدخلات!$B$5+1*المدخلات!$B$8/1440+المدخلات!$B$6/1440),"00")&IF(HOUR(المدخلات!$B$5+1*المدخلات!$B$8/1440)<12," ص"," م") -> 5:35–7:00 م | C86: 1 | D86: 1 ضد 2
A87: 21 | B87: =MOD(HOUR(المدخلات!$B$5+1*المدخلات!$B$8/1440)-1,12)+1&":"&TEXT(MINUTE(المدخلات!$B$5+1*المدخلات!$B$8/1440),"00")&"–"&MOD(HOUR(المدخلات!$B$5+1*المدخلات!$B$8/1440+المدخلات!$B$6/1440)-1,12)+1&":"&TEXT(MINUTE(المدخلات!$B$5+1*المدخلات!$B$8/1440+المدخلات!$B$6/1440),"00")&IF(HOUR(المدخلات!$B$5+1*المدخلات!$B$8/1440)<12," ص"," م") -> 5:35–7:00 م | C87: 2 | D87: 3 ضد 8
A90: جدول تكرار لقاء الأزواج — كم مرة يلتقي كل فريقين خلال الموسم
A91: ق \ فر | B91: 1 | C91: 2 | D91: 3 | E91: 4 | F91: 5 | G91: 6 | H91: 7 | I91: 8
A92: 1 | B92: {=_xlfn.LET(_xlpm.n,8,_xlpm.rw,_xlfn.SEQUENCE(_xlpm.n),_xlpm.cl,TRANSPOSE(_xlfn.SEQUENCE(_xlpm.n)),_xlpm.d,$D$4:$D$87,_xlpm.c,COUNTIF(_xlpm.d,_xlpm.rw&" ضد "&_xlpm.cl)+COUNTIF(_xlpm.d,_xlpm.cl&" ضد "&_xlpm.rw),IF(_xlpm.c=0,"",_xlpm.c))} | C92: 3 | D92: 3 | E92: 3 | F92: 3 | G92: 3 | H92: 3 | I92: 3
A93: 2 | B93: 3 | D93: 3 | E93: 3 | F93: 3 | G93: 3 | H93: 3 | I93: 3
A94: 3 | B94: 3 | C94: 3 | E94: 3 | F94: 3 | G94: 3 | H94: 3 | I94: 3
A95: 4 | B95: 3 | C95: 3 | D95: 3 | F95: 3 | G95: 3 | H95: 3 | I95: 3
A96: 5 | B96: 3 | C96: 3 | D96: 3 | E96: 3 | G96: 3 | H96: 3 | I96: 3
A97: 6 | B97: 3 | C97: 3 | D97: 3 | E97: 3 | F97: 3 | H97: 3 | I97: 3
A98: 7 | B98: 3 | C98: 3 | D98: 3 | E98: 3 | F98: 3 | G98: 3 | I98: 3
A99: 8 | B99: 3 | C99: 3 | D99: 3 | E99: 3 | F99: 3 | G99: 3 | H99: 3

Sheet 9 فرق
A1: بطولة 9 فرق – تحت 13
A3: اليوم | B3: الوقت | C3: الملعب | D3: المباراة
A4: 1 | B4: =MOD(HOUR(المدخلات!$B$5+0*المدخلات!$B$8/1440)-1,12)+1&":"&TEXT(MINUTE(المدخلات!$B$5+0*المدخلات!$B$8/1440),"00")&"–"&MOD(HOUR(المدخلات!$B$5+0*المدخلات!$B$8/1440+المدخلات!$B$6/1440)-1,12)+1&":"&TEXT(MINUTE(المدخلات!$B$5+0*المدخلات!$B$8/1440+المدخلات!$B$6/1440),"00")&IF(HOUR(المدخلات!$B$5+0*المدخلات!$B$8/1440)<12," ص"," م") -> 4:00–5:25 م | C4: 1 | D4: 2 ضد 9
A5: 1 | B5: =MOD(HOUR(المدخلات!$B$5+0*المدخلات!$B$8/1440)-1,12)+1&":"&TEXT(MINUTE(المدخلات!$B$5+0*المدخلات!$B$8/1440),"00")&"–"&MOD(HOUR(المدخلات!$B$5+0*المدخلات!$B$8/1440+المدخلات!$B$6/1440)-1,12)+1&":"&TEXT(MINUTE(المدخلات!$B$5+0*المدخلات!$B$8/1440+المدخلات!$B$6/1440),"00")&IF(HOUR(المدخلات!$B$5+0*المدخلات!$B$8/1440)<12," ص"," م") -> 4:00–5:25 م | C5: 2 | D5: 3 ضد 8
A6: 1 | B6: =MOD(HOUR(المدخلات!$B$5+1*المدخلات!$B$8/1440)-1,12)+1&":"&TEXT(MINUTE(المدخلات!$B$5+1*المدخلات!$B$8/1440),"00")&"–"&MOD(HOUR(المدخلات!$B$5+1*المدخلات!$B$8/1440+المدخلات!$B$6/1440)-1,12)+1&":"&TEXT(MINUTE(المدخلات!$B$5+1*المدخلات!$B$8/1440+المدخلات!$B$6/1440),"00")&IF(HOUR(المدخلات!$B$5+1*المدخلات!$B$8/1440)<12," ص"," م") -> 5:35–7:00 م | C6: 1 | D6: 4 ضد 7
A7: 1 | B7: =MOD(HOUR(المدخلات!$B$5+1*المدخلات!$B$8/1440)-1,12)+1&":"&TEXT(MINUTE(المدخلات!$B$5+1*المدخلات!$B$8/1440),"00")&"–"&MOD(HOUR(المدخلات!$B$5+1*المدخلات!$B$8/1440+المدخلات!$B$6/1440)-1,12)+1&":"&TEXT(MINUTE(المدخلات!$B$5+1*المدخلات!$B$8/1440+المدخلات!$B$6/1440),"00")&IF(HOUR(المدخلات!$B$5+1*المدخلات!$B$8/1440)<12," ص"," م") -> 5:35–7:00 م | C7: 2 | D7: 5 ضد 6
A8: 2 | B8: =MOD(HOUR(المدخلات!$B$5+0*المدخلات!$B$8/1440)-1,12)+1&":"&TEXT(MINUTE(المدخلات!$B$5+0*المدخلات!$B$8/1440),"00")&"–"&MOD(HOUR(المدخلات!$B$5+0*المدخلات!$B$8/1440+المدخلات!$B$6/1440)-1,12)+1&":"&TEXT(MINUTE(المدخلات!$B$5+0*المدخلات!$B$8/1440+المدخلات!$B$6/1440),"00")&IF(HOUR(المدخلات!$B$5+0*المدخلات!$B$8/1440)<12," ص"," م") -> 4:00–5:25 م | C8: 1 | D8: 3 ضد 6
A9: 2 | B9: =MOD(HOUR(المدخلات!$B$5+0*المدخلات!$B$8/1440)-1,12)+1&":"&TEXT(MINUTE(المدخلات!$B$5+0*المدخلات!$B$8/1440),"00")&"–"&MOD(HOUR(المدخلات!$B$5+0*المدخلات!$B$8/1440+المدخلات!$B$6/1440)-1,12)+1&":"&TEXT(MINUTE(المدخلات!$B$5+0*المدخلات!$B$8/1440+المدخلات!$B$6/1440),"00")&IF(HOUR(المدخلات!$B$5+0*المدخلات!$B$8/1440)<12," ص"," م") -> 4:00–5:25 م | C9: 2 | D9: 2 ضد 7
A10: 2 | B10: =MOD(HOUR(المدخلات!$B$5+1*المدخلات!$B$8/1440)-1,12)+1&":"&TEXT(MINUTE(المدخلات!$B$5+1*المدخلات!$B$8/1440),"00")&"–"&MOD(HOUR(المدخلات!$B$5+1*المدخلات!$B$8/1440+المدخلات!$B$6/1440)-1,12)+1&":"&TEXT(MINUTE(المدخلات!$B$5+1*المدخلات!$B$8/1440+المدخلات!$B$6/1440),"00")&IF(HOUR(المدخلات!$B$5+1*المدخلات!$B$8/1440)<12," ص"," م") -> 5:35–7:00 م | C10: 1 | D10: 4 ضد 5
A11: 2 | B11: =MOD(HOUR(المدخلات!$B$5+1*المدخلات!$B$8/1440)-1,12)+1&":"&TEXT(MINUTE(المدخلات!$B$5+1*المدخلات!$B$8/1440),"00")&"–"&MOD(HOUR(المدخلات!$B$5+1*المدخلات!$B$8/1440+المدخلات!$B$6/1440)-1,12)+1&":"&TEXT(MINUTE(المدخلات!$B$5+1*المدخلات!$B$8/1440+المدخلات!$B$6/1440),"00")&IF(HOUR(المدخلات!$B$5+1*المدخلات!$B$8/1440)<12," ص"," م") -> 5:35–7:00 م | C11: 2 | D11: 1 ضد 9
A12: 3 | B12: =MOD(HOUR(المدخلات!$B$5+0*المدخلات!$B$8/1440)-1,12)+1&":"&TEXT(MINUTE(المدخلات!$B$5+0*المدخلات!$B$8/1440),"00")&"–"&MOD(HOUR(المدخلات!$B$5+0*المدخلات!$B$8/1440+المدخلات!$B$6/1440)-1,12)+1&":"&TEXT(MINUTE(المدخلات!$B$5+0*المدخلات!$B$8/1440+المدخلات!$B$6/1440),"00")&IF(HOUR(المدخلات!$B$5+0*المدخلات!$B$8/1440)<12," ص"," م") -> 4:00–5:25 م | C12: 1 | D12: 2 ضد 5
A13: 3 | B13: =MOD(HOUR(المدخلات!$B$5+0*المدخلات!$B$8/1440)-1,12)+1&":"&TEXT(MINUTE(المدخلات!$B$5+0*المدخلات!$B$8/1440),"00")&"–"&MOD(HOUR(المدخلات!$B$5+0*المدخلات!$B$8/1440+المدخلات!$B$6/1440)-1,12)+1&":"&TEXT(MINUTE(المدخلات!$B$5+0*المدخلات!$B$8/1440+المدخلات!$B$6/1440),"00")&IF(HOUR(المدخلات!$B$5+0*المدخلات!$B$8/1440)<12," ص"," م") -> 4:00–5:25 م | C13: 2 | D13: 3 ضد 4
A14: 3 | B14: =MOD(HOUR(المدخلات!$B$5+1*المدخلات!$B$8/1440)-1,12)+1&":"&TEXT(MINUTE(المدخلات!$B$5+1*المدخلات!$B$8/1440),"00")&"–"&MOD(HOUR(المدخلات!$B$5+1*المدخلات!$B$8/1440+المدخلات!$B$6/1440)-1,12)+1&":"&TEXT(MINUTE(المدخلات!$B$5+1*المدخلات!$B$8/1440+المدخلات!$B$6/1440),"00")&IF(HOUR(المدخلات!$B$5+1*المدخلات!$B$8/1440)<12," ص"," م") -> 5:35–7:00 م | C14: 1 | D14: 1 ضد 8
A15: 3 | B15: =MOD(HOUR(المدخلات!$B$5+1*المدخلات!$B$8/1440)-1,12)+1&":"&TEXT(MINUTE(المدخلات!$B$5+1*المدخلات!$B$8/1440),"00")&"–"&MOD(HOUR(المدخلات!$B$5+1*المدخلات!$B$8/1440+المدخلات!$B$6/1440)-1,12)+1&":"&TEXT(MINUTE(المدخلات!$B$5+1*المدخلات!$B$8/1440+المدخلات!$B$6/1440),"00")&IF(HOUR(المدخلات!$B$5+1*المدخلات!$B$8/1440)<12," ص"," م") -> 5:35–7:00 م | C15: 2 | D15: 9 ضد 7
A16: 4 | B16: =MOD(HOUR(المدخلات!$B$5+0*المدخلات!$B$8/1440)-1,12)+1&":"&TEXT(MINUTE(المدخلات!$B$5+0*المدخلات!$B$8/1440),"00")&"–"&MOD(HOUR(المدخلات!$B$5+0*المدخلات!$B$8/1440+المدخلات!$B$6/1440)-1,12)+1&":"&TEXT(MINUTE(المدخلات!$B$5+0*المدخلات!$B$8/1440+المدخلات!$B$6/1440),"00")&IF(HOUR(المدخلات!$B$5+0*المدخلات!$B$8/1440)<12," ص"," م") -> 4:00–5:25 م | C16: 1 | D16: 1 ضد 7
A17: 4 | B17: =MOD(HOUR(المدخلات!$B$5+0*المدخلات!$B$8/1440)-1,12)+1&":"&TEXT(MINUTE(المدخلات!$B$5+0*المدخلات!$B$8/1440),"00")&"–"&MOD(HOUR(المدخلات!$B$5+0*المدخلات!$B$8/1440+المدخلات!$B$6/1440)-1,12)+1&":"&TEXT(MINUTE(المدخلات!$B$5+0*المدخلات!$B$8/1440+المدخلات!$B$6/1440),"00")&IF(HOUR(المدخلات!$B$5+0*المدخلات!$B$8/1440)<12," ص"," م") -> 4:00–5:25 م | C17: 2 | D17: 9 ضد 5
A18: 4 | B18: =MOD(HOUR(المدخلات!$B$5+1*المدخلات!$B$8/1440)-1,12)+1&":"&TEXT(MINUTE(المدخلات!$B$5+1*المدخلات!$B$8/1440),"00")&"–"&MOD(HOUR(المدخلات!$B$5+1*المدخلات!$B$8/1440+المدخلات!$B$6/1440)-1,12)+1&":"&TEXT(MINUTE(المدخلات!$B$5+1*المدخلات!$B$8/1440+المدخلات!$B$6/1440),"00")&IF(HOUR(المدخلات!$B$5+1*المدخلات!$B$8/1440)<12," ص"," م") -> 5:35–7:00 م | C18: 1 | D18: 2 ضد 3
A19: 4 | B19: =MOD(HOUR(المدخلات!$B$5+1*المدخلات!$B$8/1440)-1,12)+1&":"&TEXT(MINUTE(المدخلات!$B$5+1*المدخلات!$B$8/1440),"00")&"–"&MOD(HOUR(المدخلات!$B$5+1*المدخلات!$B$8/1440+المدخلات!$B$6/1440)-1,12)+1&":"&TEXT(MINUTE(المدخلات!$B$5+1*المدخلات!$B$8/1440+المدخلات!$B$6/1440),"00")&IF(HOUR(المدخلات!$B$5+1*المدخلات!$B$8/1440)<12," ص"," م") -> 5:35–7:00 م | C19: 2 | D19: 8 ضد 6
A20: 5 | B20: =MOD(HOUR(المدخلات!$B$5+0*المدخلات!$B$8/1440)-1,12)+1&":"&TEXT(MINUTE(المدخلات!$B$5+0*المدخلات!$B$8/1440),"00")&"–"&MOD(HOUR(المدخلات!$B$5+0*المدخلات!$B$8/1440+المدخلات!$B$6/1440)-1,12)+1&":"&TEXT(MINUTE(المدخلات!$B$5+0*المدخلات!$B$8/1440+المدخلات!$B$6/1440),"00")&IF(HOUR(المدخلات!$B$5+0*المدخلات!$B$8/1440)<12," ص"," م") -> 4:00–5:25 م | C20: 1 | D20: 1 ضد 6
A21: 5 | B21: =MOD(HOUR(المدخلات!$B$5+0*المدخلات!$B$8/1440)-1,12)+1&":"&TEXT(MINUTE(المدخلات!$B$5+0*المدخلات!$B$8/1440),"00")&"–"&MOD(HOUR(المدخلات!$B$5+0*المدخلات!$B$8/1440+المدخلات!$B$6/1440)-1,12)+1&":"&TEXT(MINUTE(المدخلات!$B$5+0*المدخلات!$B$8/1440+المدخلات!$B$6/1440),"00")&IF(HOUR(المدخلات!$B$5+0*المدخلات!$B$8/1440)<12," ص"," م") -> 4:00–5:25 م | C21: 2 | D21: 7 ضد 5
A22: 5 | B22: =MOD(HOUR(المدخلات!$B$5+1*المدخلات!$B$8/1440)-1,12)+1&":"&TEXT(MINUTE(المدخلات!$B$5+1*المدخلات!$B$8/1440),"00")&"–"&MOD(HOUR(المدخلات!$B$5+1*المدخلات!$B$8/1440+المدخلات!$B$6/1440)-1,12)+1&":"&TEXT(MINUTE(المدخلات!$B$5+1*المدخلات!$B$8/1440+المدخلات!$B$6/1440),"00")&IF(HOUR(المدخلات!$B$5+1*المدخلات!$B$8/1440)<12," ص"," م") -> 5:35–7:00 م | C22: 1 | D22: 9 ضد 3
A23: 5 | B23: =MOD(HOUR(المدخلات!$B$5+1*المدخلات!$B$8/1440)-1,12)+1&":"&TEXT(MINUTE(المدخلات!$B$5+1*المدخلات!$B$8/1440),"00")&"–"&MOD(HOUR(المدخلات!$B$5+1*المدخلات!$B$8/1440+المدخلات!$B$6/1440)-1,12)+1&":"&TEXT(MINUTE(المدخلات!$B$5+1*المدخلات!$B$8/1440+المدخلات!$B$6/1440),"00")&IF(HOUR(المدخلات!$B$5+1*المدخلات!$B$8/1440)<12," ص"," م") -> 5:35–7:00 م | C23: 2 | D23: 8 ضد 4
A24: 6 | B24: =MOD(HOUR(المدخلات!$B$5+0*المدخلات!$B$8/1440)-1,12)+1&":"&TEXT(MINUTE(المدخلات!$B$5+0*المدخلات!$B$8/1440),"00")&"–"&MOD(HOUR(المدخلات!$B$5+0*المدخلات!$B$8/1440+المدخلات!$B$6/1440)-1,12)+1&":"&TEXT(MINUTE(المدخلات!$B$5+0*المدخلات!$B$8/1440+المدخلات!$B$6/1440),"00")&IF(HOUR(المدخلات!$B$5+0*المدخلات!$B$8/1440)<12," ص"," م") -> 4:00–5:25 م | C24: 1 | D24: 8 ضد 2
A25: 6 | B25: =MOD(HOUR(المدخلات!$B$5+0*المدخلات!$B$8/1440)-1,12)+1&":"&TEXT(MINUTE(المدخلات!$B$5+0*المدخلات!$B$8/1440),"00")&"–"&MOD(HOUR(المدخلات!$B$5+0*المدخلات!$B$8/1440+المدخلات!$B$6/1440)-1,12)+1&":"&TEXT(MINUTE(المدخلات!$B$5+0*المدخلات!$B$8/1440+المدخلات!$B$6/1440),"00")&IF(HOUR(المدخلات!$B$5+0*المدخلات!$B$8/1440)<12," ص"," م") -> 4:00–5:25 م | C25: 2 | D25: 6 ضد 4
A26: 6 | B26: =MOD(HOUR(المدخلات!$B$5+1*المدخلات!$B$8/1440)-1,12)+1&":"&TEXT(MINUTE(المدخلات!$B$5+1*المدخلات!$B$8/1440),"00")&"–"&MOD(HOUR(المدخلات!$B$5+1*المدخلات!$B$8/1440+المدخلات!$B$6/1440)-1,12)+1&":"&TEXT(MINUTE(المدخلات!$B$5+1*المدخلات!$B$8/1440+المدخلات!$B$6/1440),"00")&IF(HOUR(المدخلات!$B$5+1*المدخلات!$B$8/1440)<12," ص"," م") -> 5:35–7:00 م | C26: 1 | D26: 7 ضد 3
A27: 6 | B27: =MOD(HOUR(المدخلات!$B$5+1*المدخلات!$B$8/1440)-1,12)+1&":"&TEXT(MINUTE(المدخلات!$B$5+1*المدخلات!$B$8/1440),"00")&"–"&MOD(HOUR(المدخلات!$B$5+1*المدخلات!$B$8/1440+المدخلات!$B$6/1440)-1,12)+1&":"&TEXT(MINUTE(المدخلات!$B$5+1*المدخلات!$B$8/1440+المدخلات!$B$6/1440),"00")&IF(HOUR(المدخلات!$B$5+1*المدخلات!$B$8/1440)<12," ص"," م") -> 5:35–7:00 م | C27: 2 | D27: 1 ضد 5
A28: 7 | B28: =MOD(HOUR(المدخلات!$B$5+0*المدخلات!$B$8/1440)-1,12)+1&":"&TEXT(MINUTE(المدخلات!$B$5+0*المدخلات!$B$8/1440),"00")&"–"&MOD(HOUR(المدخلات!$B$5+0*المدخلات!$B$8/1440+المدخلات!$B$6/1440)-1,12)+1&":"&TEXT(MINUTE(المدخلات!$B$5+0*المدخلات!$B$8/1440+المدخلات!$B$6/1440),"00")&IF(HOUR(المدخلات!$B$5+0*المدخلات!$B$8/1440)<12," ص"," م") -> 4:00–5:25 م | C28: 1 | D28: 1 ضد 4
A29: 7 | B29: =MOD(HOUR(المدخلات!$B$5+0*المدخلات!$B$8/1440)-1,12)+1&":"&TEXT(MINUTE(المدخلات!$B$5+0*المدخلات!$B$8/1440),"00")&"–"&MOD(HOUR(المدخلات!$B$5+0*المدخلات!$B$8/1440+المدخلات!$B$6/1440)-1,12)+1&":"&TEXT(MINUTE(المدخلات!$B$5+0*المدخلات!$B$8/1440+المدخلات!$B$6/1440),"00")&IF(HOUR(المدخلات!$B$5+0*المدخلات!$B$8/1440)<12," ص"," م") -> 4:00–5:25 م | C29: 2 | D29: 5 ضد 3
A30: 7 | B30: =MOD(HOUR(المدخلات!$B$5+1*المدخلات!$B$8/1440)-1,12)+1&":"&TEXT(MINUTE(المدخلات!$B$5+1*المدخلات!$B$8/1440),"00")&"–"&MOD(HOUR(المدخلات!$B$5+1*المدخلات!$B$8/1440+المدخلات!$B$6/1440)-1,12)+1&":"&TEXT(MINUTE(المدخلات!$B$5+1*المدخلات!$B$8/1440+المدخلات!$B$6/1440),"00")&IF(HOUR(المدخلات!$B$5+1*المدخلات!$B$8/1440)<12," ص"," م") -> 5:35–7:00 م | C30: 1 | D30: 8 ضد 9
A31: 7 | B31: =MOD(HOUR(المدخلات!$B$5+1*المدخلات!$B$8/1440)-1,12)+1&":"&TEXT(MINUTE(المدخلات!$B$5+1*المدخلات!$B$8/1440),"00")&"–"&MOD(HOUR(المدخلات!$B$5+1*المدخلات!$B$8/1440+المدخلات!$B$6/1440)-1,12)+1&":"&TEXT(MINUTE(المدخلات!$B$5+1*المدخلات!$B$8/1440+المدخلات!$B$6/1440),"00")&IF(HOUR(المدخلات!$B$5+1*المدخلات!$B$8/1440)<12," ص"," م") -> 5:35–7:00 م | C31: 2 | D31: 6 ضد 2
A32: 8 | B32: =MOD(HOUR(المدخلات!$B$5+0*المدخلات!$B$8/1440)-1,12)+1&":"&TEXT(MINUTE(المدخلات!$B$5+0*المدخلات!$B$8/1440),"00")&"–"&MOD(HOUR(المدخلات!$B$5+0*المدخلات!$B$8/1440+المدخلات!$B$6/1440)-1,12)+1&":"&TEXT(MINUTE(المدخلات!$B$5+0*المدخلات!$B$8/1440+المدخلات!$B$6/1440),"00")&IF(HOUR(المدخلات!$B$5+0*المدخلات!$B$8/1440)<12," ص"," م") -> 4:00–5:25 م | C32: 1 | D32: 6 ضد 9
A33: 8 | B33: =MOD(HOUR(المدخلات!$B$5+0*المدخلات!$B$8/1440)-1,12)+1&":"&TEXT(MINUTE(المدخلات!$B$5+0*المدخلات!$B$8/1440),"00")&"–"&MOD(HOUR(المدخلات!$B$5+0*المدخلات!$B$8/1440+المدخلات!$B$6/1440)-1,12)+1&":"&TEXT(MINUTE(المدخلات!$B$5+0*المدخلات!$B$8/1440+المدخلات!$B$6/1440),"00")&IF(HOUR(المدخلات!$B$5+0*المدخلات!$B$8/1440)<12," ص"," م") -> 4:00–5:25 م | C33: 2 | D33: 7 ضد 8
A34: 8 | B34: =MOD(HOUR(المدخلات!$B$5+1*المدخلات!$B$8/1440)-1,12)+1&":"&TEXT(MINUTE(المدخلات!$B$5+1*المدخلات!$B$8/1440),"00")&"–"&MOD(HOUR(المدخلات!$B$5+1*المدخلات!$B$8/1440+المدخلات!$B$6/1440)-1,12)+1&":"&TEXT(MINUTE(المدخلات!$B$5+1*المدخلات!$B$8/1440+المدخلات!$B$6/1440),"00")&IF(HOUR(المدخلات!$B$5+1*المدخلات!$B$8/1440)<12," ص"," م") -> 5:35–7:00 م | C34: 1 | D34: 4 ضد 2
A35: 8 | B35: =MOD(HOUR(المدخلات!$B$5+1*المدخلات!$B$8/1440)-1,12)+1&":"&TEXT(MINUTE(المدخلات!$B$5+1*المدخلات!$B$8/1440),"00")&"–"&MOD(HOUR(المدخلات!$B$5+1*المدخلات!$B$8/1440+المدخلات!$B$6/1440)-1,12)+1&":"&TEXT(MINUTE(المدخلات!$B$5+1*المدخلات!$B$8/1440+المدخلات!$B$6/1440),"00")&IF(HOUR(المدخلات!$B$5+1*المدخلات!$B$8/1440)<12," ص"," م") -> 5:35–7:00 م | C35: 2 | D35: 1 ضد 3
A36: 9 | B36: =MOD(HOUR(المدخلات!$B$5+0*المدخلات!$B$8/1440)-1,12)+1&":"&TEXT(MINUTE(المدخلات!$B$5+0*المدخلات!$B$8/1440),"00")&"–"&MOD(HOUR(المدخلات!$B$5+0*المدخلات!$B$8/1440+المدخلات!$B$6/1440)-1,12)+1&":"&TEXT(MINUTE(المدخلات!$B$5+0*المدخلات!$B$8/1440+المدخلات!$B$6/1440),"00")&IF(HOUR(المدخلات!$B$5+0*المدخلات!$B$8/1440)<12," ص"," م") -> 4:00–5:25 م | C36: 1 | D36: 4 ضد 9
A37: 9 | B37: =MOD(HOUR(المدخلات!$B$5+0*المدخلات!$B$8/1440)-1,12)+1&":"&TEXT(MINUTE(المدخلات!$B$5+0*المدخلات!$B$8/1440),"00")&"–"&MOD(HOUR(المدخلات!$B$5+0*المدخلات!$B$8/1440+المدخلات!$B$6/1440)-1,12)+1&":"&TEXT(MINUTE(المدخلات!$B$5+0*المدخلات!$B$8/1440+المدخلات!$B$6/1440),"00")&IF(HOUR(المدخلات!$B$5+0*المدخلات!$B$8/1440)<12," ص"," م") -> 4:00–5:25 م | C37: 2 | D37: 1 ضد 2
A38: 9 | B38: =MOD(HOUR(المدخلات!$B$5+1*المدخلات!$B$8/1440)-1,12)+1&":"&TEXT(MINUTE(المدخلات!$B$5+1*المدخلات!$B$8/1440),"00")&"–"&MOD(HOUR(المدخلات!$B$5+1*المدخلات!$B$8/1440+المدخلات!$B$6/1440)-1,12)+1&":"&TEXT(MINUTE(المدخلات!$B$5+1*المدخلات!$B$8/1440+المدخلات!$B$6/1440),"00")&IF(HOUR(المدخلات!$B$5+1*المدخلات!$B$8/1440)<12," ص"," م") -> 5:35–7:00 م | C38: 1 | D38: 5 ضد 8
A39: 9 | B39: =MOD(HOUR(المدخلات!$B$5+1*المدخلات!$B$8/1440)-1,12)+1&":"&TEXT(MINUTE(المدخلات!$B$5+1*المدخلات!$B$8/1440),"00")&"–"&MOD(HOUR(المدخلات!$B$5+1*المدخلات!$B$8/1440+المدخلات!$B$6/1440)-1,12)+1&":"&TEXT(MINUTE(المدخلات!$B$5+1*المدخلات!$B$8/1440+المدخلات!$B$6/1440),"00")&IF(HOUR(المدخلات!$B$5+1*المدخلات!$B$8/1440)<12," ص"," م") -> 5:35–7:00 م | C39: 2 | D39: 6 ضد 7
A40: 10 | B40: =MOD(HOUR(المدخلات!$B$5+0*المدخلات!$B$8/1440)-1,12)+1&":"&TEXT(MINUTE(المدخلات!$B$5+0*المدخلات!$B$8/1440),"00")&"–"&MOD(HOUR(المدخلات!$B$5+0*المدخلات!$B$8/1440+المدخلات!$B$6/1440)-1,12)+1&":"&TEXT(MINUTE(المدخلات!$B$5+0*المدخلات!$B$8/1440+المدخلات!$B$6/1440),"00")&IF(HOUR(المدخلات!$B$5+0*المدخلات!$B$8/1440)<12," ص"," م") -> 4:00–5:25 م | C40: 1 | D40: 8 ضد 3
A41: 10 | B41: =MOD(HOUR(المدخلات!$B$5+0*المدخلات!$B$8/1440)-1,12)+1&":"&TEXT(MINUTE(المدخلات!$B$5+0*المدخلات!$B$8/1440),"00")&"–"&MOD(HOUR(المدخلات!$B$5+0*المدخلات!$B$8/1440+المدخلات!$B$6/1440)-1,12)+1&":"&TEXT(MINUTE(المدخلات!$B$5+0*المدخلات!$B$8/1440+المدخلات!$B$6/1440),"00")&IF(HOUR(المدخلات!$B$5+0*المدخلات!$B$8/1440)<12," ص"," م") -> 4:00–5:25 م | C41: 2 | D41: 7 ضد 4
A42: 10 | B42: =MOD(HOUR(المدخلات!$B$5+1*المدخلات!$B$8/1440)-1,12)+1&":"&TEXT(MINUTE(المدخلات!$B$5+1*المدخلات!$B$8/1440),"00")&"–"&MOD(HOUR(المدخلات!$B$5+1*المدخلات!$B$8/1440+المدخلات!$B$6/1440)-1,12)+1&":"&TEXT(MINUTE(المدخلات!$B$5+1*المدخلات!$B$8/1440+المدخلات!$B$6/1440),"00")&IF(HOUR(المدخلات!$B$5+1*المدخلات!$B$8/1440)<12," ص"," م") -> 5:35–7:00 م | C42: 1 | D42: 6 ضد 5
A43: 10 | B43: =MOD(HOUR(المدخلات!$B$5+1*المدخلات!$B$8/1440)-1,12)+1&":"&TEXT(MINUTE(المدخلات!$B$5+1*المدخلات!$B$8/1440),"00")&"–"&MOD(HOUR(المدخلات!$B$5+1*المدخلات!$B$8/1440+المدخلات!$B$6/1440)-1,12)+1&":"&TEXT(MINUTE(المدخلات!$B$5+1*المدخلات!$B$8/1440+المدخلات!$B$6/1440),"00")&IF(HOUR(المدخلات!$B$5+1*المدخلات!$B$8/1440)<12," ص"," م") -> 5:35–7:00 م | C43: 2 | D43: 9 ضد 2
A44: 11 | B44: =MOD(HOUR(المدخلات!$B$5+0*المدخلات!$B$8/1440)-1,12)+1&":"&TEXT(MINUTE(المدخلات!$B$5+0*المدخلات!$B$8/1440),"00")&"–"&MOD(HOUR(المدخلات!$B$5+0*المدخلات!$B$8/1440+المدخلات!$B$6/1440)-1,12)+1&":"&TEXT(MINUTE(المدخلات!$B$5+0*المدخلات!$B$8/1440+المدخلات!$B$6/1440),"00")&IF(HOUR(المدخلات!$B$5+0*المدخلات!$B$8/1440)<12," ص"," م") -> 4:00–5:25 م | C44: 1 | D44: 6 ضد 3
A45: 11 | B45: =MOD(HOUR(المدخلات!$B$5+0*المدخلات!$B$8/1440)-1,12)+1&":"&TEXT(MINUTE(المدخلات!$B$5+0*المدخلات!$B$8/1440),"00")&"–"&MOD(HOUR(المدخلات!$B$5+0*المدخلات!$B$8/1440+المدخلات!$B$6/1440)-1,12)+1&":"&TEXT(MINUTE(المدخلات!$B$5+0*المدخلات!$B$8/1440+المدخلات!$B$6/1440),"00")&IF(HOUR(المدخلات!$B$5+0*المدخلات!$B$8/1440)<12," ص"," م") -> 4:00–5:25 م | C45: 2 | D45: 5 ضد 4
A46: 11 | B46: =MOD(HOUR(المدخلات!$B$5+1*المدخلات!$B$8/1440)-1,12)+1&":"&TEXT(MINUTE(المدخلات!$B$5+1*المدخلات!$B$8/1440),"00")&"–"&MOD(HOUR(المدخلات!$B$5+1*المدخلات!$B$8/1440+المدخلات!$B$6/1440)-1,12)+1&":"&TEXT(MINUTE(المدخلات!$B$5+1*المدخلات!$B$8/1440+المدخلات!$B$6/1440),"00")&IF(HOUR(المدخلات!$B$5+1*المدخلات!$B$8/1440)<12," ص"," م") -> 5:35–7:00 م | C46: 1 | D46: 7 ضد 2
A47: 11 | B47: =MOD(HOUR(المدخلات!$B$5+1*المدخلات!$B$8/1440)-1,12)+1&":"&TEXT(MINUTE(المدخلات!$B$5+1*المدخلات!$B$8/1440),"00")&"–"&MOD(HOUR(المدخلات!$B$5+1*المدخلات!$B$8/1440+المدخلات!$B$6/1440)-1,12)+1&":"&TEXT(MINUTE(المدخلات!$B$5+1*المدخلات!$B$8/1440+المدخلات!$B$6/1440),"00")&IF(HOUR(المدخلات!$B$5+1*المدخلات!$B$8/1440)<12," ص"," م") -> 5:35–7:00 م | C47: 2 | D47: 9 ضد 1
A48: 12 | B48: =MOD(HOUR(المدخلات!$B$5+0*المدخلات!$B$8/1440)-1,12)+1&":"&TEXT(MINUTE(المدخلات!$B$5+0*المدخلات!$B$8/1440),"00")&"–"&MOD(HOUR(المدخلات!$B$5+0*المدخلات!$B$8/1440+المدخلات!$B$6/1440)-1,12)+1&":"&TEXT(MINUTE(المدخلات!$B$5+0*المدخلات!$B$8/1440+المدخلات!$B$6/1440),"00")&IF(HOUR(المدخلات!$B$5+0*المدخلات!$B$8/1440)<12," ص"," م") -> 4:00–5:25 م | C48: 1 | D48: 7 ضد 9
A49: 12 | B49: =MOD(HOUR(المدخلات!$B$5+0*المدخلات!$B$8/1440)-1,12)+1&":"&TEXT(MINUTE(المدخلات!$B$5+0*المدخلات!$B$8/1440),"00")&"–"&MOD(HOUR(المدخلات!$B$5+0*المدخلات!$B$8/1440+المدخلات!$B$6/1440)-1,12)+1&":"&TEXT(MINUTE(المدخلات!$B$5+0*المدخلات!$B$8/1440+المدخلات!$B$6/1440),"00")&IF(HOUR(المدخلات!$B$5+0*المدخلات!$B$8/1440)<12," ص"," م") -> 4:00–5:25 م | C49: 2 | D49: 8 ضد 1
A50: 12 | B50: =MOD(HOUR(المدخلات!$B$5+1*المدخلات!$B$8/1440)-1,12)+1&":"&TEXT(MINUTE(المدخلات!$B$5+1*المدخلات!$B$8/1440),"00")&"–"&MOD(HOUR(المدخلات!$B$5+1*المدخلات!$B$8/1440+المدخلات!$B$6/1440)-1,12)+1&":"&TEXT(MINUTE(المدخلات!$B$5+1*المدخلات!$B$8/1440+المدخلات!$B$6/1440),"00")&IF(HOUR(المدخلات!$B$5+1*المدخلات!$B$8/1440)<12," ص"," م") -> 5:35–7:00 م | C50: 1 | D50: 5 ضد 2
A51: 12 | B51: =MOD(HOUR(المدخلات!$B$5+1*المدخلات!$B$8/1440)-1,12)+1&":"&TEXT(MINUTE(المدخلات!$B$5+1*المدخلات!$B$8/1440),"00")&"–"&MOD(HOUR(المدخلات!$B$5+1*المدخلات!$B$8/1440+المدخلات!$B$6/1440)-1,12)+1&":"&TEXT(MINUTE(المدخلات!$B$5+1*المدخلات!$B$8/1440+المدخلات!$B$6/1440),"00")&IF(HOUR(المدخلات!$B$5+1*المدخلات!$B$8/1440)<12," ص"," م") -> 5:35–7:00 م | C51: 2 | D51: 4 ضد 3
A52: 13 | B52: =MOD(HOUR(المدخلات!$B$5+0*المدخلات!$B$8/1440)-1,12)+1&":"&TEXT(MINUTE(المدخلات!$B$5+0*المدخلات!$B$8/1440),"00")&"–"&MOD(HOUR(المدخلات!$B$5+0*المدخلات!$B$8/1440+المدخلات!$B$6/1440)-1,12)+1&":"&TEXT(MINUTE(المدخلات!$B$5+0*المدخلات!$B$8/1440+المدخلات!$B$6/1440),"00")&IF(HOUR(المدخلات!$B$5+0*المدخلات!$B$8/1440)<12," ص"," م") -> 4:00–5:25 م | C52: 1 | D52: 5 ضد 9
A53: 13 | B53: =MOD(HOUR(المدخلات!$B$5+0*المدخلات!$B$8/1440)-1,12)+1&":"&TEXT(MINUTE(المدخلات!$B$5+0*المدخلات!$B$8/1440),"00")&"–"&MOD(HOUR(المدخلات!$B$5+0*المدخلات!$B$8/1440+المدخلات!$B$6/1440)-1,12)+1&":"&TEXT(MINUTE(المدخلات!$B$5+0*المدخلات!$B$8/1440+المدخلات!$B$6/1440),"00")&IF(HOUR(المدخلات!$B$5+0*المدخلات!$B$8/1440)<12," ص"," م") -> 4:00–5:25 م | C53: 2 | D53: 3 ضد 2
A54: 13 | B54: =MOD(HOUR(المدخلات!$B$5+1*المدخلات!$B$8/1440)-1,12)+1&":"&TEXT(MINUTE(المدخلات!$B$5+1*المدخلات!$B$8/1440),"00")&"–"&MOD(HOUR(المدخلات!$B$5+1*المدخلات!$B$8/1440+المدخلات!$B$6/1440)-1,12)+1&":"&TEXT(MINUTE(المدخلات!$B$5+1*المدخلات!$B$8/1440+المدخلات!$B$6/1440),"00")&IF(HOUR(المدخلات!$B$5+1*المدخلات!$B$8/1440)<12," ص"," م") -> 5:35–7:00 م | C54: 1 | D54: 7 ضد 1
A55: 13 | B55: =MOD(HOUR(المدخلات!$B$5+1*المدخلات!$B$8/1440)-1,12)+1&":"&TEXT(MINUTE(المدخلات!$B$5+1*المدخلات!$B$8/1440),"00")&"–"&MOD(HOUR(المدخلات!$B$5+1*المدخلات!$B$8/1440+المدخلات!$B$6/1440)-1,12)+1&":"&TEXT(MINUTE(المدخلات!$B$5+1*المدخلات!$B$8/1440+المدخلات!$B$6/1440),"00")&IF(HOUR(المدخلات!$B$5+1*المدخلات!$B$8/1440)<12," ص"," م") -> 5:35–7:00 م | C55: 2 | D55: 6 ضد 8
A56: 14 | B56: =MOD(HOUR(المدخلات!$B$5+0*المدخلات!$B$8/1440)-1,12)+1&":"&TEXT(MINUTE(المدخلات!$B$5+0*المدخلات!$B$8/1440),"00")&"–"&MOD(HOUR(المدخلات!$B$5+0*المدخلات!$B$8/1440+المدخلات!$B$6/1440)-1,12)+1&":"&TEXT(MINUTE(المدخلات!$B$5+0*المدخلات!$B$8/1440+المدخلات!$B$6/1440),"00")&IF(HOUR(المدخلات!$B$5+0*المدخلات!$B$8/1440)<12," ص"," م") -> 4:00–5:25 م | C56: 1 | D56: 6 ضد 1
A57: 14 | B57: =MOD(HOUR(المدخلات!$B$5+0*المدخلات!$B$8/1440)-1,12)+1&":"&TEXT(MINUTE(المدخلات!$B$5+0*المدخلات!$B$8/1440),"00")&"–"&MOD(HOUR(المدخلات!$B$5+0*المدخلات!$B$8/1440+المدخلات!$B$6/1440)-1,12)+1&":"&TEXT(MINUTE(المدخلات!$B$5+0*المدخلات!$B$8/1440+المدخلات!$B$6/1440),"00")&IF(HOUR(المدخلات!$B$5+0*المدخلات!$B$8/1440)<12," ص"," م") -> 4:00–5:25 م | C57: 2 | D57: 5 ضد 7
A58: 14 | B58: =MOD(HOUR(المدخلات!$B$5+1*المدخلات!$B$8/1440)-1,12)+1&":"&TEXT(MINUTE(المدخلات!$B$5+1*المدخلات!$B$8/1440),"00")&"–"&MOD(HOUR(المدخلات!$B$5+1*المدخلات!$B$8/1440+المدخلات!$B$6/1440)-1,12)+1&":"&TEXT(MINUTE(المدخلات!$B$5+1*المدخلات!$B$8/1440+المدخلات!$B$6/1440),"00")&IF(HOUR(المدخلات!$B$5+1*المدخلات!$B$8/1440)<12," ص"," م") -> 5:35–7:00 م | C58: 1 | D58: 4 ضد 8
A59: 14 | B59: =MOD(HOUR(المدخلات!$B$5+1*المدخلات!$B$8/1440)-1,12)+1&":"&TEXT(MINUTE(المدخلات!$B$5+1*المدخلات!$B$8/1440),"00")&"–"&MOD(HOUR(المدخلات!$B$5+1*المدخلات!$B$8/1440+المدخلات!$B$6/1440)-1,12)+1&":"&TEXT(MINUTE(المدخلات!$B$5+1*المدخلات!$B$8/1440+المدخلات!$B$6/1440),"00")&IF(HOUR(المدخلات!$B$5+1*المدخلات!$B$8/1440)<12," ص"," م") -> 5:35–7:00 م | C59: 2 | D59: 3 ضد 9
A60: 15 | B60: =MOD(HOUR(المدخلات!$B$5+0*المدخلات!$B$8/1440)-1,12)+1&":"&TEXT(MINUTE(المدخلات!$B$5+0*المدخلات!$B$8/1440),"00")&"–"&MOD(HOUR(المدخلات!$B$5+0*المدخلات!$B$8/1440+المدخلات!$B$6/1440)-1,12)+1&":"&TEXT(MINUTE(المدخلات!$B$5+0*المدخلات!$B$8/1440+المدخلات!$B$6/1440),"00")&IF(HOUR(المدخلات!$B$5+0*المدخلات!$B$8/1440)<12," ص"," م") -> 4:00–5:25 م | C60: 1 | D60: 4 ضد 6
A61: 15 | B61: =MOD(HOUR(المدخلات!$B$5+0*المدخلات!$B$8/1440)-1,12)+1&":"&TEXT(MINUTE(المدخلات!$B$5+0*المدخلات!$B$8/1440),"00")&"–"&MOD(HOUR(المدخلات!$B$5+0*المدخلات!$B$8/1440+المدخلات!$B$6/1440)-1,12)+1&":"&TEXT(MINUTE(المدخلات!$B$5+0*المدخلات!$B$8/1440+المدخلات!$B$6/1440),"00")&IF(HOUR(المدخلات!$B$5+0*المدخلات!$B$8/1440)<12," ص"," م") -> 4:00–5:25 م | C61: 2 | D61: 2 ضد 8
A62: 15 | B62: =MOD(HOUR(المدخلات!$B$5+1*المدخلات!$B$8/1440)-1,12)+1&":"&TEXT(MINUTE(المدخلات!$B$5+1*المدخلات!$B$8/1440),"00")&"–"&MOD(HOUR(المدخلات!$B$5+1*المدخلات!$B$8/1440+المدخلات!$B$6/1440)-1,12)+1&":"&TEXT(MINUTE(المدخلات!$B$5+1*المدخلات!$B$8/1440+المدخلات!$B$6/1440),"00")&IF(HOUR(المدخلات!$B$5+1*المدخلات!$B$8/1440)<12," ص"," م") -> 5:35–7:00 م | C62: 1 | D62: 3 ضد 7
A63: 15 | B63: =MOD(HOUR(المدخلات!$B$5+1*المدخلات!$B$8/1440)-1,12)+1&":"&TEXT(MINUTE(المدخلات!$B$5+1*المدخلات!$B$8/1440),"00")&"–"&MOD(HOUR(المدخلات!$B$5+1*المدخلات!$B$8/1440+المدخلات!$B$6/1440)-1,12)+1&":"&TEXT(MINUTE(المدخلات!$B$5+1*المدخلات!$B$8/1440+المدخلات!$B$6/1440),"00")&IF(HOUR(المدخلات!$B$5+1*المدخلات!$B$8/1440)<12," ص"," م") -> 5:35–7:00 م | C63: 2 | D63: 5 ضد 1
A64: 16 | B64: =MOD(HOUR(المدخلات!$B$5+0*المدخلات!$B$8/1440)-1,12)+1&":"&TEXT(MINUTE(المدخلات!$B$5+0*المدخلات!$B$8/1440),"00")&"–"&MOD(HOUR(المدخلات!$B$5+0*المدخلات!$B$8/1440+المدخلات!$B$6/1440)-1,12)+1&":"&TEXT(MINUTE(المدخلات!$B$5+0*المدخلات!$B$8/1440+المدخلات!$B$6/1440),"00")&IF(HOUR(المدخلات!$B$5+0*المدخلات!$B$8/1440)<12," ص"," م") -> 4:00–5:25 م | C64: 1 | D64: 4 ضد 1
A65: 16 | B65: =MOD(HOUR(المدخلات!$B$5+0*المدخلات!$B$8/1440)-1,12)+1&":"&TEXT(MINUTE(المدخلات!$B$5+0*المدخلات!$B$8/1440),"00")&"–"&MOD(HOUR(المدخلات!$B$5+0*المدخلات!$B$8/1440+المدخلات!$B$6/1440)-1,12)+1&":"&TEXT(MINUTE(المدخلات!$B$5+0*المدخلات!$B$8/1440+المدخلات!$B$6/1440),"00")&IF(HOUR(المدخلات!$B$5+0*المدخلات!$B$8/1440)<12," ص"," م") -> 4:00–5:25 م | C65: 2 | D65: 9 ضد 8
A66: 16 | B66: =MOD(HOUR(المدخلات!$B$5+1*المدخلات!$B$8/1440)-1,12)+1&":"&TEXT(MINUTE(المدخلات!$B$5+1*المدخلات!$B$8/1440),"00")&"–"&MOD(HOUR(المدخلات!$B$5+1*المدخلات!$B$8/1440+المدخلات!$B$6/1440)-1,12)+1&":"&TEXT(MINUTE(المدخلات!$B$5+1*المدخلات!$B$8/1440+المدخلات!$B$6/1440),"00")&IF(HOUR(المدخلات!$B$5+1*المدخلات!$B$8/1440)<12," ص"," م") -> 5:35–7:00 م | C66: 1 | D66: 3 ضد 5
A67: 16 | B67: =MOD(HOUR(المدخلات!$B$5+1*المدخلات!$B$8/1440)-1,12)+1&":"&TEXT(MINUTE(المدخلات!$B$5+1*المدخلات!$B$8/1440),"00")&"–"&MOD(HOUR(المدخلات!$B$5+1*المدخلات!$B$8/1440+المدخلات!$B$6/1440)-1,12)+1&":"&TEXT(MINUTE(المدخلات!$B$5+1*المدخلات!$B$8/1440+المدخلات!$B$6/1440),"00")&IF(HOUR(المدخلات!$B$5+1*المدخلات!$B$8/1440)<12," ص"," م") -> 5:35–7:00 م | C67: 2 | D67: 2 ضد 6
A68: 17 | B68: =MOD(HOUR(المدخلات!$B$5+0*المدخلات!$B$8/1440)-1,12)+1&":"&TEXT(MINUTE(المدخلات!$B$5+0*المدخلات!$B$8/1440),"00")&"–"&MOD(HOUR(المدخلات!$B$5+0*المدخلات!$B$8/1440+المدخلات!$B$6/1440)-1,12)+1&":"&TEXT(MINUTE(المدخلات!$B$5+0*المدخلات!$B$8/1440+المدخلات!$B$6/1440),"00")&IF(HOUR(المدخلات!$B$5+0*المدخلات!$B$8/1440)<12," ص"," م") -> 4:00–5:25 م | C68: 1 | D68: 9 ضد 6
A69: 17 | B69: =MOD(HOUR(المدخلات!$B$5+0*المدخلات!$B$8/1440)-1,12)+1&":"&TEXT(MINUTE(المدخلات!$B$5+0*المدخلات!$B$8/1440),"00")&"–"&MOD(HOUR(المدخلات!$B$5+0*المدخلات!$B$8/1440+المدخلات!$B$6/1440)-1,12)+1&":"&TEXT(MINUTE(المدخلات!$B$5+0*المدخلات!$B$8/1440+المدخلات!$B$6/1440),"00")&IF(HOUR(المدخلات!$B$5+0*المدخلات!$B$8/1440)<12," ص"," م") -> 4:00–5:25 م | C69: 2 | D69: 3 ضد 1
A70: 17 | B70: =MOD(HOUR(المدخلات!$B$5+1*المدخلات!$B$8/1440)-1,12)+1&":"&TEXT(MINUTE(المدخلات!$B$5+1*المدخلات!$B$8/1440),"00")&"–"&MOD(HOUR(المدخلات!$B$5+1*المدخلات!$B$8/1440+المدخلات!$B$6/1440)-1,12)+1&":"&TEXT(MINUTE(المدخلات!$B$5+1*المدخلات!$B$8/1440+المدخلات!$B$6/1440),"00")&IF(HOUR(المدخلات!$B$5+1*المدخلات!$B$8/1440)<12," ص"," م") -> 5:35–7:00 م | C70: 1 | D70: 8 ضد 7
A71: 17 | B71: =MOD(HOUR(المدخلات!$B$5+1*المدخلات!$B$8/1440)-1,12)+1&":"&TEXT(MINUTE(المدخلات!$B$5+1*المدخلات!$B$8/1440),"00")&"–"&MOD(HOUR(المدخلات!$B$5+1*المدخلات!$B$8/1440+المدخلات!$B$6/1440)-1,12)+1&":"&TEXT(MINUTE(المدخلات!$B$5+1*المدخلات!$B$8/1440+المدخلات!$B$6/1440),"00")&IF(HOUR(المدخلات!$B$5+1*المدخلات!$B$8/1440)<12," ص"," م") -> 5:35–7:00 م | C71: 2 | D71: 2 ضد 4
A72: 18 | B72: =MOD(HOUR(المدخلات!$B$5+0*المدخلات!$B$8/1440)-1,12)+1&":"&TEXT(MINUTE(المدخلات!$B$5+0*المدخلات!$B$8/1440),"00")&"–"&MOD(HOUR(المدخلات!$B$5+0*المدخلات!$B$8/1440+المدخلات!$B$6/1440)-1,12)+1&":"&TEXT(MINUTE(المدخلات!$B$5+0*المدخلات!$B$8/1440+المدخلات!$B$6/1440),"00")&IF(HOUR(المدخلات!$B$5+0*المدخلات!$B$8/1440)<12," ص"," م") -> 4:00–5:25 م | C72: 1 | D72: 2 ضد 1
A73: 18 | B73: =MOD(HOUR(المدخلات!$B$5+0*المدخلات!$B$8/1440)-1,12)+1&":"&TEXT(MINUTE(المدخلات!$B$5+0*المدخلات!$B$8/1440),"00")&"–"&MOD(HOUR(المدخلات!$B$5+0*المدخلات!$B$8/1440+المدخلات!$B$6/1440)-1,12)+1&":"&TEXT(MINUTE(المدخلات!$B$5+0*المدخلات!$B$8/1440+المدخلات!$B$6/1440),"00")&IF(HOUR(المدخلات!$B$5+0*المدخلات!$B$8/1440)<12," ص"," م") -> 4:00–5:25 م | C73: 2 | D73: 8 ضد 5
A74: 18 | B74: =MOD(HOUR(المدخلات!$B$5+1*المدخلات!$B$8/1440)-1,12)+1&":"&TEXT(MINUTE(المدخلات!$B$5+1*المدخلات!$B$8/1440),"00")&"–"&MOD(HOUR(المدخلات!$B$5+1*المدخلات!$B$8/1440+المدخلات!$B$6/1440)-1,12)+1&":"&TEXT(MINUTE(المدخلات!$B$5+1*المدخلات!$B$8/1440+المدخلات!$B$6/1440),"00")&IF(HOUR(المدخلات!$B$5+1*المدخلات!$B$8/1440)<12," ص"," م") -> 5:35–7:00 م | C74: 1 | D74: 7 ضد 6
A75: 18 | B75: =MOD(HOUR(المدخلات!$B$5+1*المدخلات!$B$8/1440)-1,12)+1&":"&TEXT(MINUTE(المدخلات!$B$5+1*المدخلات!$B$8/1440),"00")&"–"&MOD(HOUR(المدخلات!$B$5+1*المدخلات!$B$8/1440+المدخلات!$B$6/1440)-1,12)+1&":"&TEXT(MINUTE(المدخلات!$B$5+1*المدخلات!$B$8/1440+المدخلات!$B$6/1440),"00")&IF(HOUR(المدخلات!$B$5+1*المدخلات!$B$8/1440)<12," ص"," م") -> 5:35–7:00 م | C75: 2 | D75: 9 ضد 4
A76: 19 | B76: =MOD(HOUR(المدخلات!$B$5+0*المدخلات!$B$8/1440)-1,12)+1&":"&TEXT(MINUTE(المدخلات!$B$5+0*المدخلات!$B$8/1440),"00")&"–"&MOD(HOUR(المدخلات!$B$5+0*المدخلات!$B$8/1440+المدخلات!$B$6/1440)-1,12)+1&":"&TEXT(MINUTE(المدخلات!$B$5+0*المدخلات!$B$8/1440+المدخلات!$B$6/1440),"00")&IF(HOUR(المدخلات!$B$5+0*المدخلات!$B$8/1440)<12," ص"," م") -> 4:00–5:25 م | C76: 1 | D76: 7 ضد 8
A77: 19 | B77: =MOD(HOUR(المدخلات!$B$5+0*المدخلات!$B$8/1440)-1,12)+1&":"&TEXT(MINUTE(المدخلات!$B$5+0*المدخلات!$B$8/1440),"00")&"–"&MOD(HOUR(المدخلات!$B$5+0*المدخلات!$B$8/1440+المدخلات!$B$6/1440)-1,12)+1&":"&TEXT(MINUTE(المدخلات!$B$5+0*المدخلات!$B$8/1440+المدخلات!$B$6/1440),"00")&IF(HOUR(المدخلات!$B$5+0*المدخلات!$B$8/1440)<12," ص"," م") -> 4:00–5:25 م | C77: 2 | D77: 3 ضد 4
A78: 19 | B78: =MOD(HOUR(المدخلات!$B$5+1*المدخلات!$B$8/1440)-1,12)+1&":"&TEXT(MINUTE(المدخلات!$B$5+1*المدخلات!$B$8/1440),"00")&"–"&MOD(HOUR(المدخلات!$B$5+1*المدخلات!$B$8/1440+المدخلات!$B$6/1440)-1,12)+1&":"&TEXT(MINUTE(المدخلات!$B$5+1*المدخلات!$B$8/1440+المدخلات!$B$6/1440),"00")&IF(HOUR(المدخلات!$B$5+1*المدخلات!$B$8/1440)<12," ص"," م") -> 5:35–7:00 م | C78: 1 | D78: 1 ضد 2
A79: 19 | B79: =MOD(HOUR(المدخلات!$B$5+1*المدخلات!$B$8/1440)-1,12)+1&":"&TEXT(MINUTE(المدخلات!$B$5+1*المدخلات!$B$8/1440),"00")&"–"&MOD(HOUR(المدخلات!$B$5+1*المدخلات!$B$8/1440+المدخلات!$B$6/1440)-1,12)+1&":"&TEXT(MINUTE(المدخلات!$B$5+1*المدخلات!$B$8/1440+المدخلات!$B$6/1440),"00")&IF(HOUR(المدخلات!$B$5+1*المدخلات!$B$8/1440)<12," ص"," م") -> 5:35–7:00 م | C79: 2 | D79: 5 ضد 6
A80: 20 | B80: =MOD(HOUR(المدخلات!$B$5+0*المدخلات!$B$8/1440)-1,12)+1&":"&TEXT(MINUTE(المدخلات!$B$5+0*المدخلات!$B$8/1440),"00")&"–"&MOD(HOUR(المدخلات!$B$5+0*المدخلات!$B$8/1440+المدخلات!$B$6/1440)-1,12)+1&":"&TEXT(MINUTE(المدخلات!$B$5+0*المدخلات!$B$8/1440+المدخلات!$B$6/1440),"00")&IF(HOUR(المدخلات!$B$5+0*المدخلات!$B$8/1440)<12," ص"," م") -> 4:00–5:25 م | C80: 1 | D80: 2 ضد 3
A81: 20 | B81: =MOD(HOUR(المدخلات!$B$5+0*المدخلات!$B$8/1440)-1,12)+1&":"&TEXT(MINUTE(المدخلات!$B$5+0*المدخلات!$B$8/1440),"00")&"–"&MOD(HOUR(المدخلات!$B$5+0*المدخلات!$B$8/1440+المدخلات!$B$6/1440)-1,12)+1&":"&TEXT(MINUTE(المدخلات!$B$5+0*المدخلات!$B$8/1440+المدخلات!$B$6/1440),"00")&IF(HOUR(المدخلات!$B$5+0*المدخلات!$B$8/1440)<12," ص"," م") -> 4:00–5:25 م | C81: 2 | D81: 6 ضد 7
A82: 20 | B82: =MOD(HOUR(المدخلات!$B$5+1*المدخلات!$B$8/1440)-1,12)+1&":"&TEXT(MINUTE(المدخلات!$B$5+1*المدخلات!$B$8/1440),"00")&"–"&MOD(HOUR(المدخلات!$B$5+1*المدخلات!$B$8/1440+المدخلات!$B$6/1440)-1,12)+1&":"&TEXT(MINUTE(المدخلات!$B$5+1*المدخلات!$B$8/1440+المدخلات!$B$6/1440),"00")&IF(HOUR(المدخلات!$B$5+1*المدخلات!$B$8/1440)<12," ص"," م") -> 5:35–7:00 م | C82: 1 | D82: 4 ضد 5
A83: 20 | B83: =MOD(HOUR(المدخلات!$B$5+1*المدخلات!$B$8/1440)-1,12)+1&":"&TEXT(MINUTE(المدخلات!$B$5+1*المدخلات!$B$8/1440),"00")&"–"&MOD(HOUR(المدخلات!$B$5+1*المدخلات!$B$8/1440+المدخلات!$B$6/1440)-1,12)+1&":"&TEXT(MINUTE(المدخلات!$B$5+1*المدخلات!$B$8/1440+المدخلات!$B$6/1440),"00")&IF(HOUR(المدخلات!$B$5+1*المدخلات!$B$8/1440)<12," ص"," م") -> 5:35–7:00 م | C83: 2 | D83: 8 ضد 9
A84: 21 | B84: =MOD(HOUR(المدخلات!$B$5+0*المدخلات!$B$8/1440)-1,12)+1&":"&TEXT(MINUTE(المدخلات!$B$5+0*المدخلات!$B$8/1440),"00")&"–"&MOD(HOUR(المدخلات!$B$5+0*المدخلات!$B$8/1440+المدخلات!$B$6/1440)-1,12)+1&":"&TEXT(MINUTE(المدخلات!$B$5+0*المدخلات!$B$8/1440+المدخلات!$B$6/1440),"00")&IF(HOUR(المدخلات!$B$5+0*المدخلات!$B$8/1440)<12," ص"," م") -> 4:00–5:25 م | C84: 1 | D84: 9 ضد 1
A87: جدول تكرار لقاء الأزواج — كم مرة يلتقي كل فريقين خلال الموسم
A88: ق \ فر | B88: 1 | C88: 2 | D88: 3 | E88: 4 | F88: 5 | G88: 6 | H88: 7 | I88: 8 | J88: 9
A89: 1 | B89: {=_xlfn.LET(_xlpm.n,9,_xlpm.rw,_xlfn.SEQUENCE(_xlpm.n),_xlpm.cl,TRANSPOSE(_xlfn.SEQUENCE(_xlpm.n)),_xlpm.d,$D$4:$D$84,_xlpm.c,COUNTIF(_xlpm.d,_xlpm.rw&" ضد "&_xlpm.cl)+COUNTIF(_xlpm.d,_xlpm.cl&" ضد "&_xlpm.rw),IF(_xlpm.c=0,"",_xlpm.c))} | C89: 3 | D89: 2 | E89: 2 | F89: 2 | G89: 2 | H89: 2 | I89: 2 | J89: 3
A90: 2 | B90: 3 | D90: 3 | E90: 2 | F90: 2 | G90: 2 | H90: 2 | I90: 2 | J90: 2
A91: 3 | B91: 2 | C91: 3 | E91: 3 | F91: 2 | G91: 2 | H91: 2 | I91: 2 | J91: 2
A92: 4 | B92: 2 | C92: 2 | D92: 3 | F92: 3 | G92: 2 | H92: 2 | I92: 2 | J92: 2
A93: 5 | B93: 2 | C93: 2 | D93: 2 | E93: 3 | G93: 3 | H93: 2 | I93: 2 | J93: 2
A94: 6 | B94: 2 | C94: 2 | D94: 2 | E94: 2 | F94: 3 | H94: 3 | I94: 2 | J94: 2
A95: 7 | B95: 2 | C95: 2 | D95: 2 | E95: 2 | F95: 2 | G95: 3 | I95: 3 | J95: 2
A96: 8 | B96: 2 | C96: 2 | D96: 2 | E96: 2 | F96: 2 | G96: 2 | H96: 3 | J96: 3
A97: 9 | B97: 3 | C97: 2 | D97: 2 | E97: 2 | F97: 2 | G97: 2 | H97: 2 | I97: 3

Sheet 10 فريق
A1: بطولة 10 فريق – تحت 13
A2: ="إجمالي "&COUNTIF($G$5:$G$94,"* ضد *")&" مباراة دوري | مباريات كل فريق "&IF(MIN($K$5:$K$14)=MAX($K$5:$K$14),MIN($K$5:$K$14),MIN($K$5:$K$14)&"–"&MAX($K$5:$K$14))&" | 1 مجموعة | دوري 18 يوم + إقصائي 0 يوم = 18 يوم | "&MAX($D$5:$D$94)&" ملعب" -> إجمالي 90 مباراة دوري | مباريات كل فريق 18 | 1 مجموعة | دوري 18 يوم + إقصائي 0 يوم = 18 يوم | 2 ملعب
A4: اليوم | B4: الفترة | C4: الوقت | D4: الملعب | E4: المجموعة / الدور | F4: الجولة | G4: المباراة | I4: الفريق | J4: المجموعة | K4: مباريات الدوري | L4: عدد الخصوم | O4: الفترة | P4: التوقيت
A5: 1 | B5: 1 | C5: {=INDEX($P$5:$P$7,B5)} -> 4:00–5:25 م | D5: 1 | E5: المجموعة 1 | F5: 1 | G5: 1 ضد 10 | I5: 1 | J5: المجموعة 1 | K5: =COUNTIF($G$5:$G$94,I5&" ضد *")+COUNTIF($G$5:$G$94,"* ضد "&I5) -> 18 | L5: =COUNTIF($J$5:$J$14,J5)-1 -> 9 | O5: 1 | P5: =MOD(HOUR(المدخلات!$B$5+0*المدخلات!$B$8/1440)-1,12)+1&":"&TEXT(MINUTE(المدخلات!$B$5+0*المدخلات!$B$8/1440),"00")&"–"&MOD(HOUR(المدخلات!$B$5+0*المدخلات!$B$8/1440+المدخلات!$B$6/1440)-1,12)+1&":"&TEXT(MINUTE(المدخلات!$B$5+0*المدخلات!$B$8/1440+المدخلات!$B$6/1440),"00")&IF(HOUR(المدخلات!$B$5+0*المدخلات!$B$8/1440)<12," ص"," م") -> 4:00–5:25 م
A6: 1 | B6: 1 | C6: {=INDEX($P$5:$P$7,B6)} -> 4:00–5:25 م | D6: 2 | E6: المجموعة 1 | F6: 1 | G6: 2 ضد 9 | I6: 2 | J6: المجموعة 1 | K6: =COUNTIF($G$5:$G$94,I6&" ضد *")+COUNTIF($G$5:$G$94,"* ضد "&I6) -> 18 | L6: =COUNTIF($J$5:$J$14,J6)-1 -> 9 | O6: 2 | P6: =MOD(HOUR(المدخلات!$B$5+1*المدخلات!$B$8/1440)-1,12)+1&":"&TEXT(MINUTE(المدخلات!$B$5+1*المدخلات!$B$8/1440),"00")&"–"&MOD(HOUR(المدخلات!$B$5+1*المدخلات!$B$8/1440+المدخلات!$B$6/1440)-1,12)+1&":"&TEXT(MINUTE(المدخلات!$B$5+1*المدخلات!$B$8/1440+المدخلات!$B$6/1440),"00")&IF(HOUR(المدخلات!$B$5+1*المدخلات!$B$8/1440)<12," ص"," م") -> 5:35–7:00 م
A7: 1 | B7: 2 | C7: {=INDEX($P$5:$P$7,B7)} -> 5:35–7:00 م | D7: 1 | E7: المجموعة 1 | F7: 1 | G7: 3 ضد 8 | I7: 3 | J7: المجموعة 1 | K7: =COUNTIF($G$5:$G$94,I7&" ضد *")+COUNTIF($G$5:$G$94,"* ضد "&I7) -> 18 | L7: =COUNTIF($J$5:$J$14,J7)-1 -> 9 | O7: 3 | P7: =MOD(HOUR(المدخلات!$B$5+2*المدخلات!$B$8/1440)-1,12)+1&":"&TEXT(MINUTE(المدخلات!$B$5+2*المدخلات!$B$8/1440),"00")&"–"&MOD(HOUR(المدخلات!$B$5+2*المدخلات!$B$8/1440+المدخلات!$B$6/1440)-1,12)+1&":"&TEXT(MINUTE(المدخلات!$B$5+2*المدخلات!$B$8/1440+المدخلات!$B$6/1440),"00")&IF(HOUR(المدخلات!$B$5+2*المدخلات!$B$8/1440)<12," ص"," م") -> 7:10–8:35 م
A8: 1 | B8: 2 | C8: {=INDEX($P$5:$P$7,B8)} -> 5:35–7:00 م | D8: 2 | E8: المجموعة 1 | F8: 1 | G8: 4 ضد 7 | I8: 4 | J8: المجموعة 1 | K8: =COUNTIF($G$5:$G$94,I8&" ضد *")+COUNTIF($G$5:$G$94,"* ضد "&I8) -> 18 | L8: =COUNTIF($J$5:$J$14,J8)-1 -> 9
A9: 1 | B9: 3 | C9: {=INDEX($P$5:$P$7,B9)} -> 7:10–8:35 م | D9: 1 | E9: المجموعة 1 | F9: 1 | G9: 5 ضد 6 | I9: 5 | J9: المجموعة 1 | K9: =COUNTIF($G$5:$G$94,I9&" ضد *")+COUNTIF($G$5:$G$94,"* ضد "&I9) -> 18 | L9: =COUNTIF($J$5:$J$14,J9)-1 -> 9
A10: 2 | B10: 1 | C10: {=INDEX($P$5:$P$7,B10)} -> 4:00–5:25 م | D10: 1 | E10: المجموعة 1 | F10: 1 | G10: 1 ضد 9 | I10: 6 | J10: المجموعة 1 | K10: =COUNTIF($G$5:$G$94,I10&" ضد *")+COUNTIF($G$5:$G$94,"* ضد "&I10) -> 18 | L10: =COUNTIF($J$5:$J$14,J10)-1 -> 9
A11: 2 | B11: 1 | C11: {=INDEX($P$5:$P$7,B11)} -> 4:00–5:25 م | D11: 2 | E11: المجموعة 1 | F11: 1 | G11: 8 ضد 10 | I11: 7 | J11: المجموعة 1 | K11: =COUNTIF($G$5:$G$94,I11&" ضد *")+COUNTIF($G$5:$G$94,"* ضد "&I11) -> 18 | L11: =COUNTIF($J$5:$J$14,J11)-1 -> 9
A12: 2 | B12: 2 | C12: {=INDEX($P$5:$P$7,B12)} -> 5:35–7:00 م | D12: 1 | E12: المجموعة 1 | F12: 1 | G12: 2 ضد 7 | I12: 8 | J12: المجموعة 1 | K12: =COUNTIF($G$5:$G$94,I12&" ضد *")+COUNTIF($G$5:$G$94,"* ضد "&I12) -> 18 | L12: =COUNTIF($J$5:$J$14,J12)-1 -> 9
A13: 2 | B13: 2 | C13: {=INDEX($P$5:$P$7,B13)} -> 5:35–7:00 م | D13: 2 | E13: المجموعة 1 | F13: 1 | G13: 3 ضد 6 | I13: 9 | J13: المجموعة 1 | K13: =COUNTIF($G$5:$G$94,I13&" ضد *")+COUNTIF($G$5:$G$94,"* ضد "&I13) -> 18 | L13: =COUNTIF($J$5:$J$14,J13)-1 -> 9
A14: 2 | B14: 3 | C14: {=INDEX($P$5:$P$7,B14)} -> 7:10–8:35 م | D14: 1 | E14: المجموعة 1 | F14: 1 | G14: 4 ضد 5 | I14: 10 | J14: المجموعة 1 | K14: =COUNTIF($G$5:$G$94,I14&" ضد *")+COUNTIF($G$5:$G$94,"* ضد "&I14) -> 18 | L14: =COUNTIF($J$5:$J$14,J14)-1 -> 9
A15: 3 | B15: 1 | C15: {=INDEX($P$5:$P$7,B15)} -> 4:00–5:25 م | D15: 1 | E15: المجموعة 1 | F15: 1 | G15: 1 ضد 8
A16: 3 | B16: 1 | C16: {=INDEX($P$5:$P$7,B16)} -> 4:00–5:25 م | D16: 2 | E16: المجموعة 1 | F16: 1 | G16: 7 ضد 9
A17: 3 | B17: 2 | C17: {=INDEX($P$5:$P$7,B17)} -> 5:35–7:00 م | D17: 1 | E17: المجموعة 1 | F17: 1 | G17: 6 ضد 10
A18: 3 | B18: 2 | C18: {=INDEX($P$5:$P$7,B18)} -> 5:35–7:00 م | D18: 2 | E18: المجموعة 1 | F18: 1 | G18: 2 ضد 5
A19: 3 | B19: 3 | C19: {=INDEX($P$5:$P$7,B19)} -> 7:10–8:35 م | D19: 1 | E19: المجموعة 1 | F19: 1 | G19: 3 ضد 4
A20: 4 | B20: 1 | C20: {=INDEX($P$5:$P$7,B20)} -> 4:00–5:25 م | D20: 1 | E20: المجموعة 1 | F20: 1 | G20: 1 ضد 7
A21: 4 | B21: 1 | C21: {=INDEX($P$5:$P$7,B21)} -> 4:00–5:25 م | D21: 2 | E21: المجموعة 1 | F21: 1 | G21: 6 ضد 8
A22: 4 | B22: 2 | C22: {=INDEX($P$5:$P$7,B22)} -> 5:35–7:00 م | D22: 1 | E22: المجموعة 1 | F22: 1 | G22: 5 ضد 9
A23: 4 | B23: 2 | C23: {=INDEX($P$5:$P$7,B23)} -> 5:35–7:00 م | D23: 2 | E23: المجموعة 1 | F23: 1 | G23: 4 ضد 10
A24: 4 | B24: 3 | C24: {=INDEX($P$5:$P$7,B24)} -> 7:10–8:35 م | D24: 1 | E24: المجموعة 1 | F24: 1 | G24: 2 ضد 3
A25: 5 | B25: 1 | C25: {=INDEX($P$5:$P$7,B25)} -> 4:00–5:25 م | D25: 1 | E25: المجموعة 1 | F25: 1 | G25: 1 ضد 6
A26: 5 | B26: 1 | C26: {=INDEX($P$5:$P$7,B26)} -> 4:00–5:25 م | D26: 2 | E26: المجموعة 1 | F26: 1 | G26: 5 ضد 7
... A94: 18 | B94: 3 | C94: {=INDEX($P$5:$P$7,B94)} -> 7:10–8:35 م | D94: 1 | E94: المجموعة 1 | F94: 2 | G94: 7 ضد 8

Sheet 11 فريق
A1: بطولة 11 فريق – تحت 13
A3: اليوم | B3: الوقت | C3: الملعب | D3: المباراة
A4: 1 | B4: =MOD(HOUR(المدخلات!$B$5+0*المدخلات!$B$8/1440)-1,12)+1&":"&TEXT(MINUTE(المدخلات!$B$5+0*المدخلات!$B$8/1440),"00")&"–"&MOD(HOUR(المدخلات!$B$5+0*المدخلات!$B$8/1440+المدخلات!$B$6/1440)-1,12)+1&":"&TEXT(MINUTE(المدخلات!$B$5+0*المدخلات!$B$8/1440+المدخلات!$B$6/1440),"00")&IF(HOUR(المدخلات!$B$5+0*المدخلات!$B$8/1440)<12," ص"," م") -> 4:00–5:25 م | C4: 1 | D4: 2 ضد 11
A5: 1 | B5: =MOD(HOUR(المدخلات!$B$5+0*المدخلات!$B$8/1440)-1,12)+1&":"&TEXT(MINUTE(المدخلات!$B$5+0*المدخلات!$B$8/1440),"00")&"–"&MOD(HOUR(المدخلات!$B$5+0*المدخلات!$B$8/1440+المدخلات!$B$6/1440)-1,12)+1&":"&TEXT(MINUTE(المدخلات!$B$5+0*المدخلات!$B$8/1440+المدخلات!$B$6/1440),"00")&IF(HOUR(المدخلات!$B$5+0*المدخلات!$B$8/1440)<12," ص"," م") -> 4:00–5:25 م | C5: 2 | D5: 3 ضد 10
A6: 1 | B6: =MOD(HOUR(المدخلات!$B$5+1*المدخلات!$B$8/1440)-1,12)+1&":"&TEXT(MINUTE(المدخلات!$B$5+1*المدخلات!$B$8/1440),"00")&"–"&MOD(HOUR(المدخلات!$B$5+1*المدخلات!$B$8/1440+المدخلات!$B$6/1440)-1,12)+1&":"&TEXT(MINUTE(المدخلات!$B$5+1*المدخلات!$B$8/1440+المدخلات!$B$6/1440),"00")&IF(HOUR(المدخلات!$B$5+1*المدخلات!$B$8/1440)<12," ص"," م") -> 5:35–7:00 م | C6: 1 | D6: 4 ضد 9
A7: 1 | B7: =MOD(HOUR(المدخلات!$B$5+1*المدخلات!$B$8/1440)-1,12)+1&":"&TEXT(MINUTE(المدخلات!$B$5+1*المدخلات!$B$8/1440),"00")&"–"&MOD(HOUR(المدخلات!$B$5+1*المدخلات!$B$8/1440+المدخلات!$B$6/1440)-1,12)+1&":"&TEXT(MINUTE(المدخلات!$B$5+1*المدخلات!$B$8/1440+المدخلات!$B$6/1440),"00")&IF(HOUR(المدخلات!$B$5+1*المدخلات!$B$8/1440)<12," ص"," م") -> 5:35–7:00 م | C7: 2 | D7: 5 ضد 8
A8: 1 | B8: =MOD(HOUR(المدخلات!$B$5+2*المدخلات!$B$8/1440)-1,12)+1&":"&TEXT(MINUTE(المدخلات!$B$5+2*المدخلات!$B$8/1440),"00")&"–"&MOD(HOUR(المدخلات!$B$5+2*المدخلات!$B$8/1440+المدخلات!$B$6/1440)-1,12)+1&":"&TEXT(MINUTE(المدخلات!$B$5+2*المدخلات!$B$8/1440+المدخلات!$B$6/1440),"00")&IF(HOUR(المدخلات!$B$5+2*المدخلات!$B$8/1440)<12," ص"," م") -> 7:10–8:35 م | C8: 1 | D8: 6 ضد 7
A9: 2 | B9: =MOD(HOUR(المدخلات!$B$5+0*المدخلات!$B$8/1440)-1,12)+1&":"&TEXT(MINUTE(المدخلات!$B$5+0*المدخلات!$B$8/1440),"00")&"–"&MOD(HOUR(المدخلات!$B$5+0*المدخلات!$B$8/1440+المدخلات!$B$6/1440)-1,12)+1&":"&TEXT(MINUTE(المدخلات!$B$5+0*المدخلات!$B$8/1440+المدخلات!$B$6/1440),"00")&IF(HOUR(المدخلات!$B$5+0*المدخلات!$B$8/1440)<12," ص"," م") -> 4:00–5:25 م | C9: 1 | D9: 3 ضد 8
A10: 2 | B10: =MOD(HOUR(المدخلات!$B$5+0*المدخلات!$B$8/1440)-1,12)+1&":"&TEXT(MINUTE(المدخلات!$B$5+0*المدخلات!$B$8/1440),"00")&"–"&MOD(HOUR(المدخلات!$B$5+0*المدخلات!$B$8/1440+المدخلات!$B$6/1440)-1,12)+1&":"&TEXT(MINUTE(المدخلات!$B$5+0*المدخلات!$B$8/1440+المدخلات!$B$6/1440),"00")&IF(HOUR(المدخلات!$B$5+0*المدخلات!$B$8/1440)<12," ص"," م") -> 4:00–5:25 م | C10: 2 | D10: 4 ضد 7
A11: 2 | B11: =MOD(HOUR(المدخلات!$B$5+1*المدخلات!$B$8/1440)-1,12)+1&":"&TEXT(MINUTE(المدخلات!$B$5+1*المدخلات!$B$8/1440),"00")&"–"&MOD(HOUR(المدخلات!$B$5+1*المدخلات!$B$8/1440+المدخلات!$B$6/1440)-1,12)+1&":"&TEXT(MINUTE(المدخلات!$B$5+1*المدخلات!$B$8/1440+المدخلات!$B$6/1440),"00")&IF(HOUR(المدخلات!$B$5+1*المدخلات!$B$8/1440)<12," ص"," م") -> 5:35–7:00 م | C11: 1 | D11: 5 ضد 6
A12: 2 | B12: =MOD(HOUR(المدخلات!$B$5+1*المدخلات!$B$8/1440)-1,12)+1&":"&TEXT(MINUTE(المدخلات!$B$5+1*المدخلات!$B$8/1440),"00")&"–"&MOD(HOUR(المدخلات!$B$5+1*المدخلات!$B$8/1440+المدخلات!$B$6/1440)-1,12)+1&":"&TEXT(MINUTE(المدخلات!$B$5+1*المدخلات!$B$8/1440+المدخلات!$B$6/1440),"00")&IF(HOUR(المدخلات!$B$5+1*المدخلات!$B$8/1440)<12," ص"," م") -> 5:35–7:00 م | C12: 2 | D12: 1 ضد 11
A13: 2 | B13: =MOD(HOUR(المدخلات!$B$5+2*المدخلات!$B$8/1440)-1,12)+1&":"&TEXT(MINUTE(المدخلات!$B$5+2*المدخلات!$B$8/1440),"00")&"–"&MOD(HOUR(المدخلات!$B$5+2*المدخلات!$B$8/1440+المدخلات!$B$6/1440)-1,12)+1&":"&TEXT(MINUTE(المدخلات!$B$5+2*المدخلات!$B$8/1440+المدخلات!$B$6/1440),"00")&IF(HOUR(المدخلات!$B$5+2*المدخلات!$B$8/1440)<12," ص"," م") -> 7:10–8:35 م | C13: 2 | D13: 2 ضد 9
A14: 3 | B14: =MOD(HOUR(المدخلات!$B$5+0*المدخلات!$B$8/1440)-1,12)+1&":"&TEXT(MINUTE(المدخلات!$B$5+0*المدخلات!$B$8/1440),"00")&"–"&MOD(HOUR(المدخلات!$B$5+0*المدخلات!$B$8/1440+المدخلات!$B$6/1440)-1,12)+1&":"&TEXT(MINUTE(المدخلات!$B$5+0*المدخلات!$B$8/1440+المدخلات!$B$6/1440),"00")&IF(HOUR(المدخلات!$B$5+0*المدخلات!$B$8/1440)<12," ص"," م") -> 4:00–5:25 م | C14: 1 | D14: 1 ضد 10
A15: 3 | B15: =MOD(HOUR(المدخلات!$B$5+0*المدخلات!$B$8/1440)-1,12)+1&":"&TEXT(MINUTE(المدخلات!$B$5+0*المدخلات!$B$8/1440),"00")&"–"&MOD(HOUR(المدخلات!$B$5+0*المدخلات!$B$8/1440+المدخلات!$B$6/1440)-1,12)+1&":"&TEXT(MINUTE(المدخلات!$B$5+0*المدخلات!$B$8/1440+المدخلات!$B$6/1440),"00")&IF(HOUR(المدخلات!$B$5+0*المدخلات!$B$8/1440)<12," ص"," م") -> 4:00–5:25 م | C15: 2 | D15: 11 ضد 9
A16: 3 | B16: =MOD(HOUR(المدخلات!$B$5+1*المدخلات!$B$8/1440)-1,12)+1&":"&TEXT(MINUTE(المدخلات!$B$5+1*المدخلات!$B$8/1440),"00")&"–"&MOD(HOUR(المدخلات!$B$5+1*المدخلات!$B$8/1440+المدخلات!$B$6/1440)-1,12)+1&":"&TEXT(MINUTE(المدخلات!$B$5+1*المدخلات!$B$8/1440+المدخلات!$B$6/1440),"00")&IF(HOUR(المدخلات!$B$5+1*المدخلات!$B$8/1440)<12," ص"," م") -> 5:35–7:00 م | C16: 1 | D16: 2 ضد 7
A17: 3 | B17: =MOD(HOUR(المدخلات!$B$5+1*المدخلات!$B$8/1440)-1,12)+1&":"&TEXT(MINUTE(المدخلات!$B$5+1*المدخلات!$B$8/1440),"00")&"–"&MOD(HOUR(المدخلات!$B$5+1*المدخلات!$B$8/1440+المدخلات!$B$6/1440)-1,12)+1&":"&TEXT(MINUTE(المدخلات!$B$5+1*المدخلات!$B$8/1440+المدخلات!$B$6/1440),"00")&IF(HOUR(المدخلات!$B$5+1*المدخلات!$B$8/1440)<12," ص"," م") -> 5:35–7:00 م | C17: 2 | D17: 3 ضد 6
A18: 3 | B18: =MOD(HOUR(المدخلات!$B$5+2*المدخلات!$B$8/1440)-1,12)+1&":"&TEXT(MINUTE(المدخلات!$B$5+2*المدخلات!$B$8/1440),"00")&"–"&MOD(HOUR(المدخلات!$B$5+2*المدخلات!$B$8/1440+المدخلات!$B$6/1440)-1,12)+1&":"&TEXT(MINUTE(المدخلات!$B$5+2*المدخلات!$B$8/1440+المدخلات!$B$6/1440),"00")&IF(HOUR(المدخلات!$B$5+2*المدخلات!$B$8/1440)<12," ص"," م") -> 7:10–8:35 م | C18: 1 | D18: 4 ضد 5
A19: 4 | B19: =MOD(HOUR(المدخلات!$B$5+0*المدخلات!$B$8/1440)-1,12)+1&":"&TEXT(MINUTE(المدخلات!$B$5+0*المدخلات!$B$8/1440),"00")&"–"&MOD(HOUR(المدخلات!$B$5+0*المدخلات!$B$8/1440+المدخلات!$B$6/1440)-1,12)+1&":"&TEXT(MINUTE(المدخلات!$B$5+0*المدخلات!$B$8/1440+المدخلات!$B$6/1440),"00")&IF(HOUR(المدخلات!$B$5+0*المدخلات!$B$8/1440)<12," ص"," م") -> 4:00–5:25 م | C19: 1 | D19: 1 ضد 9
A20: 4 | B20: =MOD(HOUR(المدخلات!$B$5+0*المدخلات!$B$8/1440)-1,12)+1&":"&TEXT(MINUTE(المدخلات!$B$5+0*المدخلات!$B$8/1440),"00")&"–"&MOD(HOUR(المدخلات!$B$5+0*المدخلات!$B$8/1440+المدخلات!$B$6/1440)-1,12)+1&":"&TEXT(MINUTE(المدخلات!$B$5+0*المدخلات!$B$8/1440+المدخلات!$B$6/1440),"00")&IF(HOUR(المدخلات!$B$5+0*المدخلات!$B$8/1440)<12," ص"," م") -> 4:00–5:25 م | C20: 2 | D20: 2 ضد 5
A21: 4 | B21: =MOD(HOUR(المدخلات!$B$5+1*المدخلات!$B$8/1440)-1,12)+1&":"&TEXT(MINUTE(المدخلات!$B$5+1*المدخلات!$B$8/1440),"00")&"–"&MOD(HOUR(المدخلات!$B$5+1*المدخلات!$B$8/1440+المدخلات!$B$6/1440)-1,12)+1&":"&TEXT(MINUTE(المدخلات!$B$5+1*المدخلات!$B$8/1440+المدخلات!$B$6/1440),"00")&IF(HOUR(المدخلات!$B$5+1*المدخلات!$B$8/1440)<12," ص"," م") -> 5:35–7:00 م | C21: 1 | D21: 11 ضد 7
A22: 4 | B22: =MOD(HOUR(المدخلات!$B$5+1*المدخلات!$B$8/1440)-1,12)+1&":"&TEXT(MINUTE(المدخلات!$B$5+1*المدخلات!$B$8/1440),"00")&"–"&MOD(HOUR(المدخلات!$B$5+1*المدخلات!$B$8/1440+المدخلات!$B$6/1440)-1,12)+1&":"&TEXT(MINUTE(المدخلات!$B$5+1*المدخلات!$B$8/1440+المدخلات!$B$6/1440),"00")&IF(HOUR(المدخلات!$B$5+1*المدخلات!$B$8/1440)<12," ص"," م") -> 5:35–7:00 م | C22: 2 | D22: 3 ضد 4
A23: 4 | B23: =MOD(HOUR(المدخلات!$B$5+2*المدخلات!$B$8/1440)-1,12)+1&":"&TEXT(MINUTE(المدخلات!$B$5+2*المدخلات!$B$8/1440),"00")&"–"&MOD(HOUR(المدخلات!$B$5+2*المدخلات!$B$8/1440+المدخلات!$B$6/1440)-1,12)+1&":"&TEXT(MINUTE(المدخلات!$B$5+2*المدخلات!$B$8/1440+المدخلات!$B$6/1440),"00")&IF(HOUR(المدخلات!$B$5+2*المدخلات!$B$8/1440)<12," ص"," م") -> 7:10–8:35 م | C23: 1 | D23: 10 ضد 8
A24: 5 | B24: =MOD(HOUR(المدخلات!$B$5+0*المدخلات!$B$8/1440)-1,12)+1&":"&TEXT(MINUTE(المدخلات!$B$5+0*المدخلات!$B$8/1440),"00")&"–"&MOD(HOUR(المدخلات!$B$5+0*المدخلات!$B$8/1440+المدخلات!$B$6/1440)-1,12)+1&":"&TEXT(MINUTE(المدخلات!$B$5+0*المدخلات!$B$8/1440+المدخلات!$B$6/1440),"00")&IF(HOUR(المدخلات!$B$5+0*المدخلات!$B$8/1440)<12," ص"," م") -> 4:00–5:25 م | C24: 1 | D24: 11 ضد 5
A25: 5 | B25: =MOD(HOUR(المدخلات!$B$5+0*المدخلات!$B$8/1440)-1,12)+1&":"&TEXT(MINUTE(المدخلات!$B$5+0*المدخلات!$B$8/1440),"00")&"–"&MOD(HOUR(المدخلات!$B$5+0*المدخلات!$B$8/1440+المدخلات!$B$6/1440)-1,12)+1&":"&TEXT(MINUTE(المدخلات!$B$5+0*المدخلات!$B$8/1440+المدخلات!$B$6/1440),"00")&IF(HOUR(المدخلات!$B$5+0*المدخلات!$B$8/1440)<12," ص"," م") -> 4:00–5:25 م | C25: 2 | D25: 10 ضد 6
A26: 5 | B26: =MOD(HOUR(المدخلات!$B$5+1*المدخلات!$B$8/1440)-1,12)+1&":"&TEXT(MINUTE(المدخلات!$B$5+1*المدخلات!$B$8/1440),"00")&"–"&MOD(HOUR(المدخلات!$B$5+1*المدخلات!$B$8/1440+المدخلات!$B$6/1440)-1,12)+1&":"&TEXT(MINUTE(المدخلات!$B$5+1*المدخلات!$B$8/1440+المدخلات!$B$6/1440),"00")&IF(HOUR(المدخلات!$B$5+1*المدخلات!$B$8/1440)<12," ص"," م") -> 5:35–7:00 م | C26: 1 | D26: 2 ضد 3
A27: 5 | B27: =MOD(HOUR(المدخلات!$B$5+1*المدخلات!$B$8/1440)-1,12)+1&":"&TEXT(MINUTE(المدخلات!$B$5+1*المدخلات!$B$8/1440),"00")&"–"&MOD(HOUR(المدخلات!$B$5+1*المدخلات!$B$8/1440+المدخلات!$B$6/1440)-1,12)+1&":"&TEXT(MINUTE(المدخلات!$B$5+1*المدخلات!$B$8/1440+المدخلات!$B$6/1440),"00")&IF(HOUR(المدخلات!$B$5+1*المدخلات!$B$8/1440)<12," ص"," م") -> 5:35–7:00 م | C27: 2 | D27: 1 ضد 8
A28: 5 | B28: =MOD(HOUR(المدخلات!$B$5+2*المدخلات!$B$8/1440)-1,12)+1&":"&TEXT(MINUTE(المدخلات!$B$5+2*المدخلات!$B$8/1440),"00")&"–"&MOD(HOUR(المدخلات!$B$5+2*المدخلات!$B$8/1440+المدخلات!$B$6/1440)-1,12)+1&":"&TEXT(MINUTE(المدخلات!$B$5+2*المدخلات!$B$8/1440+المدخلات!$B$6/1440),"00")&IF(HOUR(المدخلات!$B$5+2*المدخلات!$B$8/1440)<12," ص"," م") -> 7:10–8:35 م | C28: 2 | D28: 9 ضد 7
A29: 6 | B29: =MOD(HOUR(المدخلات!$B$5+0*المدخلات!$B$8/1440)-1,12)+1&":"&TEXT(MINUTE(المدخلات!$B$5+0*المدخلات!$B$8/1440),"00")&"–"&MOD(HOUR(المدخلات!$B$5+0*المدخلات!$B$8/1440+المدخلات!$B$6/1440)-1,12)+1&":"&TEXT(MINUTE(المدخلات!$B$5+0*المدخلات!$B$8/1440+المدخلات!$B$6/1440),"00")&IF(HOUR(المدخلات!$B$5+0*المدخلات!$B$8/1440)<12," ص"," م") -> 4:00–5:25 م | C29: 1 | D29: 8 ضد 6
A30: 6 | B30: =MOD(HOUR(المدخلات!$B$5+0*المدخلات!$B$8/1440)-1,12)+1&":"&TEXT(MINUTE(المدخلات!$B$5+0*المدخلات!$B$8/1440),"00")&"–"&MOD(HOUR(المدخلات!$B$5+0*المدخلات!$B$8/1440+المدخلات!$B$6/1440)-1,12)+1&":"&TEXT(MINUTE(المدخلات!$B$5+0*المدخلات!$B$8/1440+المدخلات!$B$6/1440),"00")&IF(HOUR(المدخلات!$B$5+0*المدخلات!$B$8/1440)<12," ص"," م") -> 4:00–5:25 م | C30: 2 | D30: 1 ضد 7
A31: 6 | B31: =MOD(HOUR(المدخلات!$B$5+1*المدخلات!$B$8/1440)-1,12)+1&":"&TEXT(MINUTE(المدخلات!$B$5+1*المدخلات!$B$8/1440),"00")&"–"&MOD(HOUR(المدخلات!$B$5+1*المدخلات!$B$8/1440+المدخلات!$B$6/1440)-1,12)+1&":"&TEXT(MINUTE(المدخلات!$B$5+1*المدخلات!$B$8/1440+المدخلات!$B$6/1440),"00")&IF(HOUR(المدخلات!$B$5+1*المدخلات!$B$8/1440)<12," ص"," م") -> 5:35–7:00 م | C31: 1 | D31: 10 ضد 4
A32: 6 | B32: =MOD(HOUR(المدخلات!$B$5+1*المدخلات!$B$8/1440)-1,12)+1&":"&TEXT(MINUTE(المدخلات!$B$5+1*المدخلات!$B$8/1440),"00")&"–"&MOD(HOUR(المدخلات!$B$5+1*المدخلات!$B$8/1440+المدخلات!$B$6/1440)-1,12)+1&":"&TEXT(MINUTE(المدخلات!$B$5+1*المدخلات!$B$8/1440+المدخلات!$B$6/1440),"00")&IF(HOUR(المدخلات!$B$5+1*المدخلات!$B$8/1440)<12," ص"," م") -> 5:35–7:00 م | C32: 2 | D32: 9 ضد 5
A33: 6 | B33: =MOD(HOUR(المدخلات!$B$5+2*المدخلات!$B$8/1440)-1,12)+1&":"&TEXT(MINUTE(المدخلات!$B$5+2*المدخلات!$B$8/1440),"00")&"–"&MOD(HOUR(المدخلات!$B$5+2*المدخلات!$B$8/1440+المدخلات!$B$6/1440)-1,12)+1&":"&TEXT(MINUTE(المدخلات!$B$5+2*المدخلات!$B$8/1440+المدخلات!$B$6/1440),"00")&IF(HOUR(المدخلات!$B$5+2*المدخلات!$B$8/1440)<12," ص"," م") -> 7:10–8:35 م | C33: 1 | D33: 11 ضد 3
A34: 7 | B34: =MOD(HOUR(المدخلات!$B$5+0*المدخلات!$B$8/1440)-1,12)+1&":"&TEXT(MINUTE(المدخلات!$B$5+0*المدخلات!$B$8/1440),"00")&"–"&MOD(HOUR(المدخلات!$B$5+0*المدخلات!$B$8/1440+المدخلات!$B$6/1440)-1,12)+1&":"&TEXT(MINUTE(المدخلات!$B$5+0*المدخلات!$B$8/1440+المدخلات!$B$6/1440),"00")&IF(HOUR(المدخلات!$B$5+0*المدخلات!$B$8/1440)<12," ص"," م") -> 4:00–5:25 م | C34: 1 | D34: 7 ضد 5
A35: 7 | B35: =MOD(HOUR(المدخلات!$B$5+0*المدخلات!$B$8/1440)-1,12)+1&":"&TEXT(MINUTE(المدخلات!$B$5+0*المدخلات!$B$8/1440),"00")&"–"&MOD(HOUR(المدخلات!$B$5+0*المدخلات!$B$8/1440+المدخلات!$B$6/1440)-1,12)+1&":"&TEXT(MINUTE(المدخلات!$B$5+0*المدخلات!$B$8/1440+المدخلات!$B$6/1440),"00")&IF(HOUR(المدخلات!$B$5+0*المدخلات!$B$8/1440)<12," ص"," م") -> 4:00–5:25 م | C35: 2 | D35: 8 ضد 4
A36: 7 | B36: =MOD(HOUR(المدخلات!$B$5+1*المدخلات!$B$8/1440)-1,12)+1&":"&TEXT(MINUTE(المدخلات!$B$5+1*المدخلات!$B$8/1440),"00")&"–"&MOD(HOUR(المدخلات!$B$5+1*المدخلات!$B$8/1440+المدخلات!$B$6/1440)-1,12)+1&":"&TEXT(MINUTE(المدخلات!$B$5+1*المدخلات!$B$8/1440+المدخلات!$B$6/1440),"00")&IF(HOUR(المدخلات!$B$5+1*المدخلات!$B$8/1440)<12," ص"," م") -> 5:35–7:00 م | C36: 1 | D36: 9 ضد 3
A37: 7 | B37: =MOD(HOUR(المدخلات!$B$5+1*المدخلات!$B$8/1440)-1,12)+1&":"&TEXT(MINUTE(المدخلات!$B$5+1*المدخلات!$B$8/1440),"00")&"–"&MOD(HOUR(المدخلات!$B$5+1*المدخلات!$B$8/1440+المدخلات!$B$6/1440)-1,12)+1&":"&TEXT(MINUTE(المدخلات!$B$5+1*المدخلات!$B$8/1440+المدخلات!$B$6/1440),"00")&IF(HOUR(المدخلات!$B$5+1*المدخلات!$B$8/1440)<12," ص"," م") -> 5:35–7:00 م | C37: 2 | D37: 10 ضد 2
A38: 7 | B38: =MOD(HOUR(المدخلات!$B$5+2*المدخلات!$B$8/1440)-1,12)+1&":"&TEXT(MINUTE(المدخلات!$B$5+2*المدخلات!$B$8/1440),"00")&"–"&MOD(HOUR(المدخلات!$B$5+2*المدخلات!$B$8/1440+المدخلات!$B$6/1440)-1,12)+1&":"&TEXT(MINUTE(المدخلات!$B$5+2*المدخلات!$B$8/1440+المدخلات!$B$6/1440),"00")&IF(HOUR(المدخلات!$B$5+2*المدخلات!$B$8/1440)<12," ص"," م") -> 7:10–8:35 م | C38: 1 | D38: 1 ضد 6
A39: 8 | B39: =MOD(HOUR(المدخلات!$B$5+0*المدخلات!$B$8/1440)-1,12)+1&":"&TEXT(MINUTE(المدخلات!$B$5+0*المدخلات!$B$8/1440),"00")&"–"&MOD(HOUR(المدخلات!$B$5+0*المدخلات!$B$8/1440+المدخلات!$B$6/1440)-1,12)+1&":"&TEXT(MINUTE(المدخلات!$B$5+0*المدخلات!$B$8/1440+المدخلات!$B$6/1440),"00")&IF(HOUR(المدخلات!$B$5+0*المدخلات!$B$8/1440)<12," ص"," م") -> 4:00–5:25 م | C39: 1 | D39: 8 ضد 2
A40: 8 | B40: =MOD(HOUR(المدخلات!$B$5+0*المدخلات!$B$8/1440)-1,12)+1&":"&TEXT(MINUTE(المدخلات!$B$5+0*المدخلات!$B$8/1440),"00")&"–"&MOD(HOUR(المدخلات!$B$5+0*المدخلات!$B$8/1440+المدخلات!$B$6/1440)-1,12)+1&":"&TEXT(MINUTE(المدخلات!$B$5+0*المدخلات!$B$8/1440+المدخلات!$B$6/1440),"00")&IF(HOUR(المدخلات!$B$5+0*المدخلات!$B$8/1440)<12," ص"," م") -> 4:00–5:25 م | C40: 2 | D40: 6 ضد 4
A41: 8 | B41: =MOD(HOUR(المدخلات!$B$5+1*المدخلات!$B$8/1440)-1,12)+1&":"&TEXT(MINUTE(المدخلات!$B$5+1*المدخلات!$B$8/1440),"00")&"–"&MOD(HOUR(المدخلات!$B$5+1*المدخلات!$B$8/1440+المدخلات!$B$6/1440)-1,12)+1&":"&TEXT(MINUTE(المدخلات!$B$5+1*المدخلات!$B$8/1440+المدخلات!$B$6/1440),"00")&IF(HOUR(المدخلات!$B$5+1*المدخلات!$B$8/1440)<12," ص"," م") -> 5:35–7:00 م | C41: 1 | D41: 10 ضد 11
A42: 8 | B42: =MOD(HOUR(المدخلات!$B$5+1*المدخلات!$B$8/1440)-1,12)+1&":"&TEXT(MINUTE(المدخلات!$B$5+1*المدخلات!$B$8/1440),"00")&"–"&MOD(HOUR(المدخلات!$B$5+1*المدخلات!$B$8/1440+المدخلات!$B$6/1440)-1,12)+1&":"&TEXT(MINUTE(المدخلات!$B$5+1*المدخلات!$B$8/1440+المدخلات!$B$6/1440),"00")&IF(HOUR(المدخلات!$B$5+1*المدخلات!$B$8/1440)<12," ص"," م") -> 5:35–7:00 م | C42: 2 | D42: 1 ضد 5
A43: 8 | B43: =MOD(HOUR(المدخلات!$B$5+2*المدخلات!$B$8/1440)-1,12)+1&":"&TEXT(MINUTE(المدخلات!$B$5+2*المدخلات!$B$8/1440),"00")&"–"&MOD(HOUR(المدخلات!$B$5+2*المدخلات!$B$8/1440+المدخلات!$B$6/1440)-1,12)+1&":"&TEXT(MINUTE(المدخلات!$B$5+2*المدخلات!$B$8/1440+المدخلات!$B$6/1440),"00")&IF(HOUR(المدخلات!$B$5+2*المدخلات!$B$8/1440)<12," ص"," م") -> 7:10–8:35 م | C43: 2 | D43: 7 ضد 3
A44: 9 | B44: =MOD(HOUR(المدخلات!$B$5+0*المدخلات!$B$8/1440)-1,12)+1&":"&TEXT(MINUTE(المدخلات!$B$5+0*المدخلات!$B$8/1440),"00")&"–"&MOD(HOUR(المدخلات!$B$5+0*المدخلات!$B$8/1440+المدخلات!$B$6/1440)-1,12)+1&":"&TEXT(MINUTE(المدخلات!$B$5+0*المدخلات!$B$8/1440+المدخلات!$B$6/1440),"00")&IF(HOUR(المدخلات!$B$5+0*المدخلات!$B$8/1440)<12," ص"," م") -> 4:00–5:25 م | C44: 1 | D44: 1 ضد 4
A45: 9 | B45: =MOD(HOUR(المدخلات!$B$5+0*المدخلات!$B$8/1440)-1,12)+1&":"&TEXT(MINUTE(المدخلات!$B$5+0*المدخلات!$B$8/1440),"00")&"–"&MOD(HOUR(المدخلات!$B$5+0*المدخلات!$B$8/1440+المدخلات!$B$6/1440)-1,12)+1&":"&TEXT(MINUTE(المدخلات!$B$5+0*المدخلات!$B$8/1440+المدخلات!$B$6/1440),"00")&IF(HOUR(المدخلات!$B$5+0*المدخلات!$B$8/1440)<12," ص"," م") -> 4:00–5:25 م | C45: 2 | D45: 9 ضد 10
A46: 9 | B46: =MOD(HOUR(المدخلات!$B$5+1*المدخلات!$B$8/1440)-1,12)+1&":"&TEXT(MINUTE(المدخلات!$B$5+1*المدخلات!$B$8/1440),"00")&"–"&MOD(HOUR(المدخلات!$B$5+1*المدخلات!$B$8/1440+المدخلات!$B$6/1440)-1,12)+1&":"&TEXT(MINUTE(المدخلات!$B$5+1*المدخلات!$B$8/1440+المدخلات!$B$6/1440),"00")&IF(HOUR(المدخلات!$B$5+1*المدخلات!$B$8/1440)<12," ص"," م") -> 5:35–7:00 م | C46: 1 | D46: 6 ضد 2
A47: 9 | B47: =MOD(HOUR(المدخلات!$B$5+1*المدخلات!$B$8/1440)-1,12)+1&":"&TEXT(MINUTE(المدخلات!$B$5+1*المدخلات!$B$8/1440),"00")&"–"&MOD(HOUR(المدخلات!$B$5+1*المدخلات!$B$8/1440+المدخلات!$B$6/1440)-1,12)+1&":"&TEXT(MINUTE(المدخلات!$B$5+1*المدخلات!$B$8/1440+المدخلات!$B$6/1440),"00")&IF(HOUR(المدخلات!$B$5+1*المدخلات!$B$8/1440)<12," ص"," م") -> 5:35–7:00 م | C47: 2 | D47: 8 ضد 11
A48: 9 | B48: =MOD(HOUR(المدخلات!$B$5+2*المدخلات!$B$8/1440)-1,12)+1&":"&TEXT(MINUTE(المدخلات!$B$5+2*المدخلات!$B$8/1440),"00")&"–"&MOD(HOUR(المدخلات!$B$5+2*المدخلات!$B$8/1440+المدخلات!$B$6/1440)-1,12)+1&":"&TEXT(MINUTE(المدخلات!$B$5+2*المدخلات!$B$8/1440+المدخلات!$B$6/1440),"00")&IF(HOUR(المدخلات!$B$5+2*المدخلات!$B$8/1440)<12," ص"," م") -> 7:10–8:35 م | C48: 1 | D48: 5 ضد 3
A49: 10 | B49: =MOD(HOUR(المدخلات!$B$5+0*المدخلات!$B$8/1440)-1,12)+1&":"&TEXT(MINUTE(المدخلات!$B$5+0*المدخلات!$B$8/1440),"00")&"–"&MOD(HOUR(المدخلات!$B$5+0*المدخلات!$B$8/1440+المدخلات!$B$6/1440)-1,12)+1&":"&TEXT(MINUTE(المدخلات!$B$5+0*المدخلات!$B$8/1440+المدخلات!$B$6/1440),"00")&IF(HOUR(المدخلات!$B$5+0*المدخلات!$B$8/1440)<12," ص"," م") -> 4:00–5:25 م | C49: 1 | D49: 6 ضد 11
A50: 10 | B50: =MOD(HOUR(المدخلات!$B$5+0*المدخلات!$B$8/1440)-1,12)+1&":"&TEXT(MINUTE(المدخلات!$B$5+0*المدخلات!$B$8/1440),"00")&"–"&MOD(HOUR(المدخلات!$B$5+0*المدخلات!$B$8/1440+المدخلات!$B$6/1440)-1,12)+1&":"&TEXT(MINUTE(المدخلات!$B$5+0*المدخلات!$B$8/1440+المدخلات!$B$6/1440),"00")&IF(HOUR(المدخلات!$B$5+0*المدخلات!$B$8/1440)<12," ص"," م") -> 4:00–5:25 م | C50: 2 | D50: 4 ضد 2
A51: 10 | B51: =MOD(HOUR(المدخلات!$B$5+1*المدخلات!$B$8/1440)-1,12)+1&":"&TEXT(MINUTE(المدخلات!$B$5+1*المدخلات!$B$8/1440),"00")&"–"&MOD(HOUR(المدخلات!$B$5+1*المدخلات!$B$8/1440+المدخلات!$B$6/1440)-1,12)+1&":"&TEXT(MINUTE(المدخلات!$B$5+1*المدخلات!$B$8/1440+المدخلات!$B$6/1440),"00")&IF(HOUR(المدخلات!$B$5+1*المدخلات!$B$8/1440)<12," ص"," م") -> 5:35–7:00 م | C51: 1 | D51: 7 ضد 10
A52: 10 | B52: =MOD(HOUR(المدخلات!$B$5+1*المدخلات!$B$8/1440)-1,12)+1&":"&TEXT(MINUTE(المدخلات!$B$5+1*المدخلات!$B$8/1440),"00")&"–"&MOD(HOUR(المدخلات!$B$5+1*المدخلات!$B$8/1440+المدخلات!$B$6/1440)-1,12)+1&":"&TEXT(MINUTE(المدخلات!$B$5+1*المدخلات!$B$8/1440+المدخلات!$B$6/1440),"00")&IF(HOUR(المدخلات!$B$5+1*المدخلات!$B$8/1440)<12," ص"," م") -> 5:35–7:00 م | C52: 2 | D52: 8 ضد 9
A53: 10 | B53: =MOD(HOUR(المدخلات!$B$5+2*المدخلات!$B$8/1440)-1,12)+1&":"&TEXT(MINUTE(المدخلات!$B$5+2*المدخلات!$B$8/1440),"00")&"–"&MOD(HOUR(المدخلات!$B$5+2*المدخلات!$B$8/1440+المدخلات!$B$6/1440)-1,12)+1&":"&TEXT(MINUTE(المدخلات!$B$5+2*المدخلات!$B$8/1440+المدخلات!$B$6/1440),"00")&IF(HOUR(المدخلات!$B$5+2*المدخلات!$B$8/1440)<12," ص"," م") -> 7:10–8:35 م | C53: 2 | D53: 1 ضد 3
A54: 11 | B54: =MOD(HOUR(المدخلات!$B$5+0*المدخلات!$B$8/1440)-1,12)+1&":"&TEXT(MINUTE(المدخلات!$B$5+0*المدخلات!$B$8/1440),"00")&"–"&MOD(HOUR(المدخلات!$B$5+0*المدخلات!$B$8/1440+المدخلات!$B$6/1440)-1,12)+1&":"&TEXT(MINUTE(المدخلات!$B$5+0*المدخلات!$B$8/1440+المدخلات!$B$6/1440),"00")&IF(HOUR(المدخلات!$B$5+0*المدخلات!$B$8/1440)<12," ص"," م") -> 4:00–5:25 م | C54: 1 | D54: 6 ضد 9
A55: 11 | B55: =MOD(HOUR(المدخلات!$B$5+0*المدخلات!$B$8/1440)-1,12)+1&":"&TEXT(MINUTE(المدخلات!$B$5+0*المدخلات!$B$8/1440),"00")&"–"&MOD(HOUR(المدخلات!$B$5+0*المدخلات!$B$8/1440+المدخلات!$B$6/1440)-1,12)+1&":"&TEXT(MINUTE(المدخلات!$B$5+0*المدخلات!$B$8/1440+المدخلات!$B$6/1440),"00")&IF(HOUR(المدخلات!$B$5+0*المدخلات!$B$8/1440)<12," ص"," م") -> 4:00–5:25 م | C55: 2 | D55: 5 ضد 10
A56: 11 | B56: =MOD(HOUR(المدخلات!$B$5+1*المدخلات!$B$8/1440)-1,12)+1&":"&TEXT(MINUTE(المدخلات!$B$5+1*المدخلات!$B$8/1440),"00")&"–"&MOD(HOUR(المدخلات!$B$5+1*المدخلات!$B$8/1440+المدخلات!$B$6/1440)-1,12)+1&":"&TEXT(MINUTE(المدخلات!$B$5+1*المدخلات!$B$8/1440+المدخلات!$B$6/1440),"00")&IF(HOUR(المدخلات!$B$5+1*المدخلات!$B$8/1440)<12," ص"," م") -> 5:35–7:00 م | C56: 1 | D56: 1 ضد 2
A57: 11 | B57: =MOD(HOUR(المدخلات!$B$5+1*المدخلات!$B$8/1440)-1,12)+1&":"&TEXT(MINUTE(المدخلات!$B$5+1*المدخلات!$B$8/1440),"00")&"–"&MOD(HOUR(المدخلات!$B$5+1*المدخلات!$B$8/1440+المدخلات!$B$6/1440)-1,12)+1&":"&TEXT(MINUTE(المدخلات!$B$5+1*المدخلات!$B$8/1440+المدخلات!$B$6/1440),"00")&IF(HOUR(المدخلات!$B$5+1*المدخلات!$B$8/1440)<12," ص"," م") -> 5:35–7:00 م | C57: 2 | D57: 7 ضد 8
A58: 11 | B58: =MOD(HOUR(المدخلات!$B$5+2*المدخلات!$B$8/1440)-1,12)+1&":"&TEXT(MINUTE(المدخلات!$B$5+2*المدخلات!$B$8/1440),"00")&"–"&MOD(HOUR(المدخلات!$B$5+2*المدخلات!$B$8/1440+المدخلات!$B$6/1440)-1,12)+1&":"&TEXT(MINUTE(المدخلات!$B$5+2*المدخلات!$B$8/1440+المدخلات!$B$6/1440),"00")&IF(HOUR(المدخلات!$B$5+2*المدخلات!$B$8/1440)<12," ص"," م") -> 7:10–8:35 م | C58: 2 | D58: 4 ضد 11
A59: 12 | B59: =MOD(HOUR(المدخلات!$B$5+0*المدخلات!$B$8/1440)-1,12)+1&":"&TEXT(MINUTE(المدخلات!$B$5+0*المدخلات!$B$8/1440),"00")&"–"&MOD(HOUR(المدخلات!$B$5+0*المدخلات!$B$8/1440+المدخلات!$B$6/1440)-1,12)+1&":"&TEXT(MINUTE(المدخلات!$B$5+0*المدخلات!$B$8/1440+المدخلات!$B$6/1440),"00")&IF(HOUR(المدخلات!$B$5+0*المدخلات!$B$8/1440)<12," ص"," م") -> 4:00–5:25 م | C59: 1 | D59: 10 ضد 3
A60: 12 | B60: =MOD(HOUR(المدخلات!$B$5+0*المدخلات!$B$8/1440)-1,12)+1&":"&TEXT(MINUTE(المدخلات!$B$5+0*المدخلات!$B$8/1440),"00")&"–"&MOD(HOUR(المدخلات!$B$5+0*المدخلات!$B$8/1440+المدخلات!$B$6/1440)-1,12)+1&":"&TEXT(MINUTE(المدخلات!$B$5+0*المدخلات!$B$8/1440+المدخلات!$B$6/1440),"00")&IF(HOUR(المدخلات!$B$5+0*المدخلات!$B$8/1440)<12," ص"," م") -> 4:00–5:25 م | C60: 2 | D60: 8 ضد 5
A61: 12 | B61: =MOD(HOUR(المدخلات!$B$5+1*المدخلات!$B$8/1440)-1,12)+1&":"&TEXT(MINUTE(المدخلات!$B$5+1*المدخلات!$B$8/1440),"00")&"–"&MOD(HOUR(المدخلات!$B$5+1*المدخلات!$B$8/1440+المدخلات!$B$6/1440)-1,12)+1&":"&TEXT(MINUTE(المدخلات!$B$5+1*المدخلات!$B$8/1440+المدخلات!$B$6/1440),"00")&IF(HOUR(المدخلات!$B$5+1*المدخلات!$B$8/1440)<12," ص"," م") -> 5:35–7:00 م | C61: 1 | D61: 9 ضد 4
A62: 12 | B62: =MOD(HOUR(المدخلات!$B$5+1*المدخلات!$B$8/1440)-1,12)+1&":"&TEXT(MINUTE(المدخلات!$B$5+1*المدخلات!$B$8/1440),"00")&"–"&MOD(HOUR(المدخلات!$B$5+1*المدخلات!$B$8/1440+المدخلات!$B$6/1440)-1,12)+1&":"&TEXT(MINUTE(المدخلات!$B$5+1*المدخلات!$B$8/1440+المدخلات!$B$6/1440),"00")&IF(HOUR(المدخلات!$B$5+1*المدخلات!$B$8/1440)<12," ص"," م") -> 5:35–7:00 م | C62: 2 | D62: 7 ضد 6
A63: 12 | B63: =MOD(HOUR(المدخلات!$B$5+2*المدخلات!$B$8/1440)-1,12)+1&":"&TEXT(MINUTE(المدخلات!$B$5+2*المدخلات!$B$8/1440),"00")&"–"&MOD(HOUR(المدخلات!$B$5+2*المدخلات!$B$8/1440+المدخلات!$B$6/1440)-1,12)+1&":"&TEXT(MINUTE(المدخلات!$B$5+2*المدخلات!$B$8/1440+المدخلات!$B$6/1440),"00")&IF(HOUR(المدخلات!$B$5+2*المدخلات!$B$8/1440)<12," ص"," م") -> 7:10–8:35 م | C63: 2 | D63: 11 ضد 2
A64: 13 | B64: =MOD(HOUR(المدخلات!$B$5+0*المدخلات!$B$8/1440)-1,12)+1&":"&TEXT(MINUTE(المدخلات!$B$5+0*المدخلات!$B$8/1440),"00")&"–"&MOD(HOUR(المدخلات!$B$5+0*المدخلات!$B$8/1440+المدخلات!$B$6/1440)-1,12)+1&":"&TEXT(MINUTE(المدخلات!$B$5+0*المدخلات!$B$8/1440+المدخلات!$B$6/1440),"00")&IF(HOUR(المدخلات!$B$5+0*المدخلات!$B$8/1440)<12," ص"," م") -> 4:00–5:25 م | C64: 1 | D64: 7 ضد 4
A65: 13 | B65: =MOD(HOUR(المدخلات!$B$5+0*المدخلات!$B$8/1440)-1,12)+1&":"&TEXT(MINUTE(المدخلات!$B$5+0*المدخلات!$B$8/1440),"00")&"–"&MOD(HOUR(المدخلات!$B$5+0*المدخلات!$B$8/1440+المدخلات!$B$6/1440)-1,12)+1&":"&TEXT(MINUTE(المدخلات!$B$5+0*المدخلات!$B$8/1440+المدخلات!$B$6/1440),"00")&IF(HOUR(المدخلات!$B$5+0*المدخلات!$B$8/1440)<12," ص"," م") -> 4:00–5:25 م | C65: 2 | D65: 8 ضد 3
A66: 13 | B66: =MOD(HOUR(المدخلات!$B$5+1*المدخلات!$B$8/1440)-1,12)+1&":"&TEXT(MINUTE(المدخلات!$B$5+1*المدخلات!$B$8/1440),"00")&"–"&MOD(HOUR(المدخلات!$B$5+1*المدخلات!$B$8/1440+المدخلات!$B$6/1440)-1,12)+1&":"&TEXT(MINUTE(المدخلات!$B$5+1*المدخلات!$B$8/1440+المدخلات!$B$6/1440),"00")&IF(HOUR(المدخلات!$B$5+1*المدخلات!$B$8/1440)<12," ص"," م") -> 5:35–7:00 م | C66: 1 | D66: 11 ضد 1
A67: 13 | B67: =MOD(HOUR(المدخلات!$B$5+1*المدخلات!$B$8/1440)-1,12)+1&":"&TEXT(MINUTE(المدخلات!$B$5+1*المدخلات!$B$8/1440),"00")&"–"&MOD(HOUR(المدخلات!$B$5+1*المدخلات!$B$8/1440+المدخلات!$B$6/1440)-1,12)+1&":"&TEXT(MINUTE(المدخلات!$B$5+1*المدخلات!$B$8/1440+المدخلات!$B$6/1440),"00")&IF(HOUR(المدخلات!$B$5+1*المدخلات!$B$8/1440)<12," ص"," م") -> 5:35–7:00 م | C67: 2 | D67: 6 ضد 5
A68: 13 | B68: =MOD(HOUR(المدخلات!$B$5+2*المدخلات!$B$8/1440)-1,12)+1&":"&TEXT(MINUTE(المدخلات!$B$5+2*المدخلات!$B$8/1440),"00")&"–"&MOD(HOUR(المدخلات!$B$5+2*المدخلات!$B$8/1440+المدخلات!$B$6/1440)-1,12)+1&":"&TEXT(MINUTE(المدخلات!$B$5+2*المدخلات!$B$8/1440+المدخلات!$B$6/1440),"00")&IF(HOUR(المدخلات!$B$5+2*المدخلات!$B$8/1440)<12," ص"," م") -> 7:10–8:35 م | C68: 1 | D68: 9 ضد 2
A69: 14 | B69: =MOD(HOUR(المدخلات!$B$5+0*المدخلات!$B$8/1440)-1,12)+1&":"&TEXT(MINUTE(المدخلات!$B$5+0*المدخلات!$B$8/1440),"00")&"–"&MOD(HOUR(المدخلات!$B$5+0*المدخلات!$B$8/1440+المدخلات!$B$6/1440)-1,12)+1&":"&TEXT(MINUTE(المدخلات!$B$5+0*المدخلات!$B$8/1440+المدخلات!$B$6/1440),"00")&IF(HOUR(المدخلات!$B$5+0*المدخلات!$B$8/1440)<12," ص"," م") -> 4:00–5:25 م | C69: 1 | D69: 7 ضد 2
A70: 14 | B70: =MOD(HOUR(المدخلات!$B$5+0*المدخلات!$B$8/1440)-1,12)+1&":"&TEXT(MINUTE(المدخلات!$B$5+0*المدخلات!$B$8/1440),"00")&"–"&MOD(HOUR(المدخلات!$B$5+0*المدخلات!$B$8/1440+المدخلات!$B$6/1440)-1,12)+1&":"&TEXT(MINUTE(المدخلات!$B$5+0*المدخلات!$B$8/1440+المدخلات!$B$6/1440),"00")&IF(HOUR(المدخلات!$B$5+0*المدخلات!$B$8/1440)<12," ص"," م") -> 4:00–5:25 م | C70: 2 | D70: 9 ضد 11
A71: 14 | B71: =MOD(HOUR(المدخلات!$B$5+1*المدخلات!$B$8/1440)-1,12)+1&":"&TEXT(MINUTE(المدخلات!$B$5+1*المدخلات!$B$8/1440),"00")&"–"&MOD(HOUR(المدخلات!$B$5+1*المدخلات!$B$8/1440+المدخلات!$B$6/1440)-1,12)+1&":"&TEXT(MINUTE(المدخلات!$B$5+1*المدخلات!$B$8/1440+المدخلات!$B$6/1440),"00")&IF(HOUR(المدخلات!$B$5+1*المدخلات!$B$8/1440)<12," ص"," م") -> 5:35–7:00 م | C71: 1 | D71: 5 ضد 4
A72: 14 | B72: =MOD(HOUR(المدخلات!$B$5+1*المدخلات!$B$8/1440)-1,12)+1&":"&TEXT(MINUTE(المدخلات!$B$5+1*المدخلات!$B$8/1440),"00")&"–"&MOD(HOUR(المدخلات!$B$5+1*المدخلات!$B$8/1440+المدخلات!$B$6/1440)-1,12)+1&":"&TEXT(MINUTE(المدخلات!$B$5+1*المدخلات!$B$8/1440+المدخلات!$B$6/1440),"00")&IF(HOUR(المدخلات!$B$5+1*المدخلات!$B$8/1440)<12," ص"," م") -> 5:35–7:00 م | C72: 2 | D72: 6 ضد 3
A73: 14 | B73: =MOD(HOUR(المدخلات!$B$5+2*المدخلات!$B$8/1440)-1,12)+1&":"&TEXT(MINUTE(المدخلات!$B$5+2*المدخلات!$B$8/1440),"00")&"–"&MOD(HOUR(المدخلات!$B$5+2*المدخلات!$B$8/1440+المدخلات!$B$6/1440)-1,12)+1&":"&TEXT(MINUTE(المدخلات!$B$5+2*المدخلات!$B$8/1440+المدخلات!$B$6/1440),"00")&IF(HOUR(المدخلات!$B$5+2*المدخلات!$B$8/1440)<12," ص"," م") -> 7:10–8:35 م | C73: 2 | D73: 10 ضد 1
A74: 15 | B74: =MOD(HOUR(المدخلات!$B$5+0*المدخلات!$B$8/1440)-1,12)+1&":"&TEXT(MINUTE(المدخلات!$B$5+0*المدخلات!$B$8/1440),"00")&"–"&MOD(HOUR(المدخلات!$B$5+0*المدخلات!$B$8/1440+المدخلات!$B$6/1440)-1,12)+1&":"&TEXT(MINUTE(المدخلات!$B$5+0*المدخلات!$B$8/1440+المدخلات!$B$6/1440),"00")&IF(HOUR(المدخلات!$B$5+0*المدخلات!$B$8/1440)<12," ص"," م") -> 4:00–5:25 م | C74: 1 | D74: 4 ضد 3
A75: 15 | B75: =MOD(HOUR(المدخلات!$B$5+0*المدخلات!$B$8/1440)-1,12)+1&":"&TEXT(MINUTE(المدخلات!$B$5+0*المدخلات!$B$8/1440),"00")&"–"&MOD(HOUR(المدخلات!$B$5+0*المدخلات!$B$8/1440+المدخلات!$B$6/1440)-1,12)+1&":"&TEXT(MINUTE(المدخلات!$B$5+0*المدخلات!$B$8/1440+المدخلات!$B$6/1440),"00")&IF(HOUR(المدخلات!$B$5+0*المدخلات!$B$8/1440)<12," ص"," م") -> 4:00–5:25 م | C75: 2 | D75: 5 ضد 2
A76: 15 | B76: =MOD(HOUR(المدخلات!$B$5+1*المدخلات!$B$8/1440)-1,12)+1&":"&TEXT(MINUTE(المدخلات!$B$5+1*المدخلات!$B$8/1440),"00")&"–"&MOD(HOUR(المدخلات!$B$5+1*المدخلات!$B$8/1440+المدخلات!$B$6/1440)-1,12)+1&":"&TEXT(MINUTE(المدخلات!$B$5+1*المدخلات!$B$8/1440+المدخلات!$B$6/1440),"00")&IF(HOUR(المدخلات!$B$5+1*المدخلات!$B$8/1440)<12," ص"," م") -> 5:35–7:00 م | C76: 1 | D76: 9 ضد 1
A77: 15 | B77: =MOD(HOUR(المدخلات!$B$5+1*المدخلات!$B$8/1440)-1,12)+1&":"&TEXT(MINUTE(المدخلات!$B$5+1*المدخلات!$B$8/1440),"00")&"–"&MOD(HOUR(المدخلات!$B$5+1*المدخلات!$B$8/1440+المدخلات!$B$6/1440)-1,12)+1&":"&TEXT(MINUTE(المدخلات!$B$5+1*المدخلات!$B$8/1440+المدخلات!$B$6/1440),"00")&IF(HOUR(المدخلات!$B$5+1*المدخلات!$B$8/1440)<12," ص"," م") -> 5:35–7:00 م | C77: 2 | D77: 7 ضد 11
A78: 15 | B78: =MOD(HOUR(المدخلات!$B$5+2*المدخلات!$B$8/1440)-1,12)+1&":"&TEXT(MINUTE(المدخلات!$B$5+2*المدخلات!$B$8/1440),"00")&"–"&MOD(HOUR(المدخلات!$B$5+2*المدخلات!$B$8/1440+المدخلات!$B$6/1440)-1,12)+1&":"&TEXT(MINUTE(المدخلات!$B$5+2*المدخلات!$B$8/1440+المدخلات!$B$6/1440),"00")&IF(HOUR(المدخلات!$B$5+2*المدخلات!$B$8/1440)<12," ص"," م") -> 7:10–8:35 م | C78: 1 | D78: 8 ضد 10
A79: 16 | B79: =MOD(HOUR(المدخلات!$B$5+0*المدخلات!$B$8/1440)-1,12)+1&":"&TEXT(MINUTE(المدخلات!$B$5+0*المدخلات!$B$8/1440),"00")&"–"&MOD(HOUR(المدخلات!$B$5+0*المدخلات!$B$8/1440+المدخلات!$B$6/1440)-1,12)+1&":"&TEXT(MINUTE(المدخلات!$B$5+0*المدخلات!$B$8/1440+المدخلات!$B$6/1440),"00")&IF(HOUR(المدخلات!$B$5+0*المدخلات!$B$8/1440)<12," ص"," م") -> 4:00–5:25 م | C79: 1 | D79: 7 ضد 9
A80: 16 | B80: =MOD(HOUR(المدخلات!$B$5+0*المدخلات!$B$8/1440)-1,12)+1&":"&TEXT(MINUTE(المدخلات!$B$5+0*المدخلات!$B$8/1440),"00")&"–"&MOD(HOUR(المدخلات!$B$5+0*المدخلات!$B$8/1440+المدخلات!$B$6/1440)-1,12)+1&":"&TEXT(MINUTE(المدخلات!$B$5+0*المدخلات!$B$8/1440+المدخلات!$B$6/1440),"00")&IF(HOUR(المدخلات!$B$5+0*المدخلات!$B$8/1440)<12," ص"," م") -> 4:00–5:25 م | C80: 2 | D80: 5 ضد 11
A81: 16 | B81: =MOD(HOUR(المدخلات!$B$5+1*المدخلات!$B$8/1440)-1,12)+1&":"&TEXT(MINUTE(المدخلات!$B$5+1*المدخلات!$B$8/1440),"00")&"–"&MOD(HOUR(المدخلات!$B$5+1*المدخلات!$B$8/1440+المدخلات!$B$6/1440)-1,12)+1&":"&TEXT(MINUTE(المدخلات!$B$5+1*المدخلات!$B$8/1440+المدخلات!$B$6/1440),"00")&IF(HOUR(المدخلات!$B$5+1*المدخلات!$B$8/1440)<12," ص"," م") -> 5:35–7:00 م | C81: 1 | D81: 3 ضد 2
A82: 16 | B82: =MOD(HOUR(المدخلات!$B$5+1*المدخلات!$B$8/1440)-1,12)+1&":"&TEXT(MINUTE(المدخلات!$B$5+1*المدخلات!$B$8/1440),"00")&"–"&MOD(HOUR(المدخلات!$B$5+1*المدخلات!$B$8/1440+المدخلات!$B$6/1440)-1,12)+1&":"&TEXT(MINUTE(المدخلات!$B$5+1*المدخلات!$B$8/1440+المدخلات!$B$6/1440),"00")&IF(HOUR(المدخلات!$B$5+1*المدخلات!$B$8/1440)<12," ص"," م") -> 5:35–7:00 م | C82: 2 | D82: 6 ضد 10
A83: 16 | B83: =MOD(HOUR(المدخلات!$B$5+2*المدخلات!$B$8/1440)-1,12)+1&":"&TEXT(MINUTE(المدخلات!$B$5+2*المدخلات!$B$8/1440),"00")&"–"&MOD(HOUR(المدخلات!$B$5+2*المدخلات!$B$8/1440+المدخلات!$B$6/1440)-1,12)+1&":"&TEXT(MINUTE(المدخلات!$B$5+2*المدخلات!$B$8/1440+المدخلات!$B$6/1440),"00")&IF(HOUR(المدخلات!$B$5+2*المدخلات!$B$8/1440)<12," ص"," م") -> 7:10–8:35 م | C83: 1 | D83: 8 ضد 1
A84: 17 | B84: =MOD(HOUR(المدخلات!$B$5+0*المدخلات!$B$8/1440)-1,12)+1&":"&TEXT(MINUTE(المدخلات!$B$5+0*المدخلات!$B$8/1440),"00")&"–"&MOD(HOUR(المدخلات!$B$5+0*المدخلات!$B$8/1440+المدخلات!$B$6/1440)-1,12)+1&":"&TEXT(MINUTE(المدخلات!$B$5+0*المدخلات!$B$8/1440+المدخلات!$B$6/1440),"00")&IF(HOUR(المدخلات!$B$5+0*المدخلات!$B$8/1440)<12," ص"," م") -> 4:00–5:25 م | C84: 1 | D84: 3 ضد 11
A85: 17 | B85: =MOD(HOUR(المدخلات!$B$5+0*المدخلات!$B$8/1440)-1,12)+1&":"&TEXT(MINUTE(المدخلات!$B$5+0*المدخلات!$B$8/1440),"00")&"–"&MOD(HOUR(المدخلات!$B$5+0*المدخلات!$B$8/1440+المدخلات!$B$6/1440)-1,12)+1&":"&TEXT(MINUTE(المدخلات!$B$5+0*المدخلات!$B$8/1440+المدخلات!$B$6/1440),"00")&IF(HOUR(المدخلات!$B$5+0*المدخلات!$B$8/1440)<12," ص"," م") -> 4:00–5:25 م | C85: 2 | D85: 7 ضد 1
A86: 17 | B86: =MOD(HOUR(المدخلات!$B$5+1*المدخلات!$B$8/1440)-1,12)+1&":"&TEXT(MINUTE(المدخلات!$B$5+1*المدخلات!$B$8/1440),"00")&"–"&MOD(HOUR(المدخلات!$B$5+1*المدخلات!$B$8/1440+المدخلات!$B$6/1440)-1,12)+1&":"&TEXT(MINUTE(المدخلات!$B$5+1*المدخلات!$B$8/1440+المدخلات!$B$6/1440),"00")&IF(HOUR(المدخلات!$B$5+1*المدخلات!$B$8/1440)<12," ص"," م") -> 5:35–7:00 م | C86: 1 | D86: 5 ضد 9
A87: 17 | B87: =MOD(HOUR(المدخلات!$B$5+1*المدخلات!$B$8/1440)-1,12)+1&":"&TEXT(MINUTE(المدخلات!$B$5+1*المدخلات!$B$8/1440),"00")&"–"&MOD(HOUR(المدخلات!$B$5+1*المدخلات!$B$8/1440+المدخلات!$B$6/1440)-1,12)+1&":"&TEXT(MINUTE(المدخلات!$B$5+1*المدخلات!$B$8/1440+المدخلات!$B$6/1440),"00")&IF(HOUR(المدخلات!$B$5+1*المدخلات!$B$8/1440)<12," ص"," م") -> 5:35–7:00 م | C87: 2 | D87: 4 ضد 10
A88: 17 | B88: =MOD(HOUR(المدخلات!$B$5+2*المدخلات!$B$8/1440)-1,12)+1&":"&TEXT(MINUTE(المدخلات!$B$5+2*المدخلات!$B$8/1440),"00")&"–"&MOD(HOUR(المدخلات!$B$5+2*المدخلات!$B$8/1440+المدخلات!$B$6/1440)-1,12)+1&":"&TEXT(MINUTE(المدخلات!$B$5+2*المدخلات!$B$8/1440+المدخلات!$B$6/1440),"00")&IF(HOUR(المدخلات!$B$5+2*المدخلات!$B$8/1440)<12," ص"," م") -> 7:10–8:35 م | C88: 1 | D88: 6 ضد 8
A89: 18 | B89: =MOD(HOUR(المدخلات!$B$5+0*المدخلات!$B$8/1440)-1,12)+1&":"&TEXT(MINUTE(المدخلات!$B$5+0*المدخلات!$B$8/1440),"00")&"–"&MOD(HOUR(المدخلات!$B$5+0*المدخلات!$B$8/1440+المدخلات!$B$6/1440)-1,12)+1&":"&TEXT(MINUTE(المدخلات!$B$5+0*المدخلات!$B$8/1440+المدخلات!$B$6/1440),"00")&IF(HOUR(المدخلات!$B$5+0*المدخلات!$B$8/1440)<12," ص"," م") -> 4:00–5:25 م | C89: 1 | D89: 3 ضد 9
A90: 18 | B90: =MOD(HOUR(المدخلات!$B$5+0*المدخلات!$B$8/1440)-1,12)+1&":"&TEXT(MINUTE(المدخلات!$B$5+0*المدخلات!$B$8/1440),"00")&"–"&MOD(HOUR(المدخلات!$B$5+0*المدخلات!$B$8/1440+المدخلات!$B$6/1440)-1,12)+1&":"&TEXT(MINUTE(المدخلات!$B$5+0*المدخلات!$B$8/1440+المدخلات!$B$6/1440),"00")&IF(HOUR(المدخلات!$B$5+0*المدخلات!$B$8/1440)<12," ص"," م") -> 4:00–5:25 م | C90: 2 | D90: 6 ضد 1
A91: 18 | B91: =MOD(HOUR(المدخلات!$B$5+1*المدخلات!$B$8/1440)-1,12)+1&":"&TEXT(MINUTE(المدخلات!$B$5+1*المدخلات!$B$8/1440),"00")&"–"&MOD(HOUR(المدخلات!$B$5+1*المدخلات!$B$8/1440+المدخلات!$B$6/1440)-1,12)+1&":"&TEXT(MINUTE(المدخلات!$B$5+1*المدخلات!$B$8/1440+المدخلات!$B$6/1440),"00")&IF(HOUR(المدخلات!$B$5+1*المدخلات!$B$8/1440)<12," ص"," م") -> 5:35–7:00 م | C91: 1 | D91: 4 ضد 8
A92: 18 | B92: =MOD(HOUR(المدخلات!$B$5+1*المدخلات!$B$8/1440)-1,12)+1&":"&TEXT(MINUTE(المدخلات!$B$5+1*المدخلات!$B$8/1440),"00")&"–"&MOD(HOUR(المدخلات!$B$5+1*المدخلات!$B$8/1440+المدخلات!$B$6/1440)-1,12)+1&":"&TEXT(MINUTE(المدخلات!$B$5+1*المدخلات!$B$8/1440+المدخلات!$B$6/1440),"00")&IF(HOUR(المدخلات!$B$5+1*المدخلات!$B$8/1440)<12," ص"," م") -> 5:35–7:00 م | C92: 2 | D92: 2 ضد 10
A93: 18 | B93: =MOD(HOUR(المدخلات!$B$5+2*المدخلات!$B$8/1440)-1,12)+1&":"&TEXT(MINUTE(المدخلات!$B$5+2*المدخلات!$B$8/1440),"00")&"–"&MOD(HOUR(المدخلات!$B$5+2*المدخلات!$B$8/1440+المدخلات!$B$6/1440)-1,12)+1&":"&TEXT(MINUTE(المدخلات!$B$5+2*المدخلات!$B$8/1440+المدخلات!$B$6/1440),"00")&IF(HOUR(المدخلات!$B$5+2*المدخلات!$B$8/1440)<12," ص"," م") -> 7:10–8:35 م | C93: 1 | D93: 5 ضد 7
A94: 19 | B94: =MOD(HOUR(المدخلات!$B$5+0*المدخلات!$B$8/1440)-1,12)+1&":"&TEXT(MINUTE(المدخلات!$B$5+0*المدخلات!$B$8/1440),"00")&"–"&MOD(HOUR(المدخلات!$B$5+0*المدخلات!$B$8/1440+المدخلات!$B$6/1440)-1,12)+1&":"&TEXT(MINUTE(المدخلات!$B$5+0*المدخلات!$B$8/1440+المدخلات!$B$6/1440),"00")&IF(HOUR(المدخلات!$B$5+0*المدخلات!$B$8/1440)<12," ص"," م") -> 4:00–5:25 م | C94: 1 | D94: 11 ضد 10
A95: 19 | B95: =MOD(HOUR(المدخلات!$B$5+0*المدخلات!$B$8/1440)-1,12)+1&":"&TEXT(MINUTE(المدخلات!$B$5+0*المدخلات!$B$8/1440),"00")&"–"&MOD(HOUR(المدخلات!$B$5+0*المدخلات!$B$8/1440+المدخلات!$B$6/1440)-1,12)+1&":"&TEXT(MINUTE(المدخلات!$B$5+0*المدخلات!$B$8/1440+المدخلات!$B$6/1440),"00")&IF(HOUR(المدخلات!$B$5+0*المدخلات!$B$8/1440)<12," ص"," م") -> 4:00–5:25 م | C95: 2 | D95: 2 ضد 8
A96: 19 | B96: =MOD(HOUR(المدخلات!$B$5+1*المدخلات!$B$8/1440)-1,12)+1&":"&TEXT(MINUTE(المدخلات!$B$5+1*المدخلات!$B$8/1440),"00")&"–"&MOD(HOUR(المدخلات!$B$5+1*المدخلات!$B$8/1440+المدخلات!$B$6/1440)-1,12)+1&":"&TEXT(MINUTE(المدخلات!$B$5+1*المدخلات!$B$8/1440+المدخلات!$B$6/1440),"00")&IF(HOUR(المدخلات!$B$5+1*المدخلات!$B$8/1440)<12," ص"," م") -> 5:35–7:00 م | C96: 1 | D96: 5 ضد 1
A97: 19 | B97: =MOD(HOUR(المدخلات!$B$5+1*المدخلات!$B$8/1440)-1,12)+1&":"&TEXT(MINUTE(المدخلات!$B$5+1*المدخلات!$B$8/1440),"00")&"–"&MOD(HOUR(المدخلات!$B$5+1*المدخلات!$B$8/1440+المدخلات!$B$6/1440)-1,12)+1&":"&TEXT(MINUTE(المدخلات!$B$5+1*المدخلات!$B$8/1440+المدخلات!$B$6/1440),"00")&IF(HOUR(المدخلات!$B$5+1*المدخلات!$B$8/1440)<12," ص"," م") -> 5:35–7:00 م | C97: 2 | D97: 3 ضد 7
A98: 19 | B98: =MOD(HOUR(المدخلات!$B$5+2*المدخلات!$B$8/1440)-1,12)+1&":"&TEXT(MINUTE(المدخلات!$B$5+2*المدخلات!$B$8/1440),"00")&"–"&MOD(HOUR(المدخلات!$B$5+2*المدخلات!$B$8/1440+المدخلات!$B$6/1440)-1,12)+1&":"&TEXT(MINUTE(المدخلات!$B$5+2*المدخلات!$B$8/1440+المدخلات!$B$6/1440),"00")&IF(HOUR(المدخلات!$B$5+2*المدخلات!$B$8/1440)<12," ص"," م") -> 7:10–8:35 م | C98: 2 | D98: 4 ضد 6
A99: 20 | B99: =MOD(HOUR(المدخلات!$B$5+0*المدخلات!$B$8/1440)-1,12)+1&":"&TEXT(MINUTE(المدخلات!$B$5+0*المدخلات!$B$8/1440),"00")&"–"&MOD(HOUR(المدخلات!$B$5+0*المدخلات!$B$8/1440+المدخلات!$B$6/1440)-1,12)+1&":"&TEXT(MINUTE(المدخلات!$B$5+0*المدخلات!$B$8/1440+المدخلات!$B$6/1440),"00")&IF(HOUR(المدخلات!$B$5+0*المدخلات!$B$8/1440)<12," ص"," م") -> 4:00–5:25 م | C99: 1 | D99: 2 ضد 6
A100: 20 | B100: =MOD(HOUR(المدخلات!$B$5+0*المدخلات!$B$8/1440)-1,12)+1&":"&TEXT(MINUTE(المدخلات!$B$5+0*المدخلات!$B$8/1440),"00")&"–"&MOD(HOUR(المدخلات!$B$5+0*المدخلات!$B$8/1440+المدخلات!$B$6/1440)-1,12)+1&":"&TEXT(MINUTE(المدخلات!$B$5+0*المدخلات!$B$8/1440+المدخلات!$B$6/1440),"00")&IF(HOUR(المدخلات!$B$5+0*المدخلات!$B$8/1440)<12," ص"," م") -> 4:00–5:25 م | C100: 2 | D100: 4 ضد 1
A101: 20 | B101: =MOD(HOUR(المدخلات!$B$5+1*المدخلات!$B$8/1440)-1,12)+1&":"&TEXT(MINUTE(المدخلات!$B$5+1*المدخلات!$B$8/1440),"00")&"–"&MOD(HOUR(المدخلات!$B$5+1*المدخلات!$B$8/1440+المدخلات!$B$6/1440)-1,12)+1&":"&TEXT(MINUTE(المدخلات!$B$5+1*المدخلات!$B$8/1440+المدخلات!$B$6/1440),"00")&IF(HOUR(المدخلات!$B$5+1*المدخلات!$B$8/1440)<12," ص"," م") -> 5:35–7:00 م | C101: 1 | D101: 11 ضد 8
...

Sheet 12 فريق
A1: بطولة 12 فريق – تحت 13
A2: ="إجمالي "&COUNTIF($G$5:$G$136,"* ضد *")&" مباراة دوري | مباريات كل فريق "&IF(MIN($K$5:$K$16)=MAX($K$5:$K$16),MIN($K$5:$K$16),MIN($K$5:$K$16)&"–"&MAX($K$5:$K$16))&" | 1 مجموعة | دوري 22 يوم + إقصائي 0 يوم = 22 يوم | "&MAX($D$5:$D$136)&" ملعب" -> إجمالي 132 مباراة دوري | مباريات كل فريق 22 | 1 مجموعة | دوري 22 يوم + إقصائي 0 يوم = 22 يوم | 2 ملعب
A4: اليوم | B4: الفترة | C4: الوقت | D4: الملعب | E4: المجموعة / الدور | F4: الجولة | G4: المباراة | I4: الفريق | J4: المجموعة | K4: مباريات الدوري | L4: عدد الخصوم | O4: الفترة | P4: التوقيت
A5: 1 | B5: 1 | C5: {=INDEX($P$5:$P$7,B5)} -> 4:00–5:25 م | D5: 1 | E5: المجموعة 1 | F5: 1 | G5: 1 ضد 12 | I5: 1 | J5: المجموعة 1 | K5: =COUNTIF($G$5:$G$136,I5&" ضد *")+COUNTIF($G$5:$G$136,"* ضد "&I5) -> 22 | L5: =COUNTIF($J$5:$J$16,J5)-1 -> 11 | O5: 1 | P5: =MOD(HOUR(المدخلات!$B$5+0*المدخلات!$B$8/1440)-1,12)+1&":"&TEXT(MINUTE(المدخلات!$B$5+0*المدخلات!$B$8/1440),"00")&"–"&MOD(HOUR(المدخلات!$B$5+0*المدخلات!$B$8/1440+المدخلات!$B$6/1440)-1,12)+1&":"&TEXT(MINUTE(المدخلات!$B$5+0*المدخلات!$B$8/1440+المدخلات!$B$6/1440),"00")&IF(HOUR(المدخلات!$B$5+0*المدخلات!$B$8/1440)<12," ص"," م") -> 4:00–5:25 م
A6: 1 | B6: 1 | C6: {=INDEX($P$5:$P$7,B6)} -> 4:00–5:25 م | D6: 2 | E6: المجموعة 1 | F6: 1 | G6: 2 ضد 11 | I6: 2 | J6: المجموعة 1 | K6: =COUNTIF($G$5:$G$136,I6&" ضد *")+COUNTIF($G$5:$G$136,"* ضد "&I6) -> 22 | L6: =COUNTIF($J$5:$J$16,J6)-1 -> 11 | O6: 2 | P6: =MOD(HOUR(المدخلات!$B$5+1*المدخلات!$B$8/1440)-1,12)+1&":"&TEXT(MINUTE(المدخلات!$B$5+1*المدخلات!$B$8/1440),"00")&"–"&MOD(HOUR(المدخلات!$B$5+1*المدخلات!$B$8/1440+المدخلات!$B$6/1440)-1,12)+1&":"&TEXT(MINUTE(المدخلات!$B$5+1*المدخلات!$B$8/1440+المدخلات!$B$6/1440),"00")&IF(HOUR(المدخلات!$B$5+1*المدخلات!$B$8/1440)<12," ص"," م") -> 5:35–7:00 م
A7: 1 | B7: 2 | C7: {=INDEX($P$5:$P$7,B7)} -> 5:35–7:00 م | D7: 1 | E7: المجموعة 1 | F7: 1 | G7: 3 ضد 10 | I7: 3 | J7: المجموعة 1 | K7: =COUNTIF($G$5:$G$136,I7&" ضد *")+COUNTIF($G$5:$G$136,"* ضد "&I7) -> 22 | L7: =COUNTIF($J$5:$J$16,J7)-1 -> 11 | O7: 3 | P7: =MOD(HOUR(المدخلات!$B$5+2*المدخلات!$B$8/1440)-1,12)+1&":"&TEXT(MINUTE(المدخلات!$B$5+2*المدخلات!$B$8/1440),"00")&"–"&MOD(HOUR(المدخلات!$B$5+2*المدخلات!$B$8/1440+المدخلات!$B$6/1440)-1,12)+1&":"&TEXT(MINUTE(المدخلات!$B$5+2*المدخلات!$B$8/1440+المدخلات!$B$6/1440),"00")&IF(HOUR(المدخلات!$B$5+2*المدخلات!$B$8/1440)<12," ص"," م") -> 7:10–8:35 م
A8: 1 | B8: 2 | C8: {=INDEX($P$5:$P$7,B8)} -> 5:35–7:00 م | D8: 2 | E8: المجموعة 1 | F8: 1 | G8: 4 ضد 9 | I8: 4 | J8: المجموعة 1 | K8: =COUNTIF($G$5:$G$136,I8&" ضد *")+COUNTIF($G$5:$G$136,"* ضد "&I8) -> 22 | L8: =COUNTIF($J$5:$J$16,J8)-1 -> 11
A9: 1 | B9: 3 | C9: {=INDEX($P$5:$P$7,B9)} -> 7:10–8:35 م | D9: 1 | E9: المجموعة 1 | F9: 1 | G9: 5 ضد 8 | I9: 5 | J9: المجموعة 1 | K9: =COUNTIF($G$5:$G$136,I9&" ضد *")+COUNTIF($G$5:$G$136,"* ضد "&I9) -> 22 | L9: =COUNTIF($J$5:$J$16,J9)-1 -> 11
A10: 1 | B10: 3 | C10: {=INDEX($P$5:$P$7,B10)} -> 7:10–8:35 م | D10: 2 | E10: المجموعة 1 | F10: 1 | G10: 6 ضد 7 | I10: 6 | J10: المجموعة 1 | K10: =COUNTIF($G$5:$G$136,I10&" ضد *")+COUNTIF($G$5:$G$136,"* ضد "&I10) -> 22 | L10: =COUNTIF($J$5:$J$16,J10)-1 -> 11
A11: 2 | B11: 1 | C11: {=INDEX($P$5:$P$7,B11)} -> 4:00–5:25 م | D11: 1 | E11: المجموعة 1 | F11: 1 | G11: 1 ضد 11 | I11: 7 | J11: المجموعة 1 | K11: =COUNTIF($G$5:$G$136,I11&" ضد *")+COUNTIF($G$5:$G$136,"* ضد "&I11) -> 22 | L11: =COUNTIF($J$5:$J$16,J11)-1 -> 11
A12: 2 | B12: 1 | C12: {=INDEX($P$5:$P$7,B12)} -> 4:00–5:25 م | D12: 2 | E12: المجموعة 1 | F12: 1 | G12: 10 ضد 12 | I12: 8 | J12: المجموعة 1 | K12: =COUNTIF($G$5:$G$136,I12&" ضد *")+COUNTIF($G$5:$G$136,"* ضد "&I12) -> 22 | L12: =COUNTIF($J$5:$J$16,J12)-1 -> 11
A13: 2 | B13: 2 | C13: {=INDEX($P$5:$P$7,B13)} -> 5:35–7:00 م | D13: 1 | E13: المجموعة 1 | F13: 1 | G13: 2 ضد 9 | I13: 9 | J13: المجموعة 1 | K13: =COUNTIF($G$5:$G$136,I13&" ضد *")+COUNTIF($G$5:$G$136,"* ضد "&I13) -> 22 | L13: =COUNTIF($J$5:$J$16,J13)-1 -> 11
A14: 2 | B14: 2 | C14: {=INDEX($P$5:$P$7,B14)} -> 5:35–7:00 م | D14: 2 | E14: المجموعة 1 | F14: 1 | G14: 3 ضد 8 | I14: 10 | J14: المجموعة 1 | K14: =COUNTIF($G$5:$G$136,I14&" ضد *")+COUNTIF($G$5:$G$136,"* ضد "&I14) -> 22 | L14: =COUNTIF($J$5:$J$16,J14)-1 -> 11
A15: 2 | B15: 3 | C15: {=INDEX($P$5:$P$7,B15)} -> 7:10–8:35 م | D15: 1 | E15: المجموعة 1 | F15: 1 | G15: 4 ضد 7 | I15: 11 | J15: المجموعة 1 | K15: =COUNTIF($G$5:$G$136,I15&" ضد *")+COUNTIF($G$5:$G$136,"* ضد "&I15) -> 22 | L15: =COUNTIF($J$5:$J$16,J15)-1 -> 11
A16: 2 | B16: 3 | C16: {=INDEX($P$5:$P$7,B16)} -> 7:10–8:35 م | D16: 2 | E16: المجموعة 1 | F16: 1 | G16: 5 ضد 6 | I16: 12 | J16: المجموعة 1 | K16: =COUNTIF($G$5:$G$136,I16&" ضد *")+COUNTIF($G$5:$G$136,"* ضد "&I16) -> 22 | L16: =COUNTIF($J$5:$J$16,J16)-1 -> 11
A17: 3 | B17: 1 | C17: {=INDEX($P$5:$P$7,B17)} -> 4:00–5:25 م | D17: 1 | E17: المجموعة 1 | F17: 1 | G17: 1 ضد 10
A18: 3 | B18: 1 | C18: {=INDEX($P$5:$P$7,B18)} -> 4:00–5:25 م | D18: 2 | E18: المجموعة 1 | F18: 1 | G18: 9 ضد 11
A19: 3 | B19: 2 | C19: {=INDEX($P$5:$P$7,B19)} -> 5:35–7:00 م | D19: 1 | E19: المجموعة 1 | F19: 1 | G19: 8 ضد 12
A20: 3 | B20: 2 | C20: {=INDEX($P$5:$P$7,B20)} -> 5:35–7:00 م | D20: 2 | E20: المجموعة 1 | F20: 1 | G20: 2 ضد 7
A21: 3 | B21: 3 | C21: {=INDEX($P$5:$P$7,B21)} -> 7:10–8:35 م | D21: 1 | E21: المجموعة 1 | F21: 1 | G21: 3 ضد 6
A22: 3 | B22: 3 | C22: {=INDEX($P$5:$P$7,B22)} -> 7:10–8:35 م | D22: 2 | E22: المجموعة 1 | F22: 1 | G22: 4 ضد 5
A23: 4 | B23: 1 | C23: {=INDEX($P$5:$P$7,B23)} -> 4:00–5:25 م | D23: 1 | E23: المجموعة 1 | F23: 1 | G23: 1 ضد 9
A24: 4 | B24: 1 | C24: {=INDEX($P$5:$P$7,B24)} -> 4:00–5:25 م | D24: 2 | E24: المجموعة 1 | F24: 1 | G24: 8 ضد 10
A25: 4 | B25: 2 | C25: {=INDEX($P$5:$P$7,B25)} -> 5:35–7:00 م | D25: 1 | E25: المجموعة 1 | F25: 1 | G25: 7 ضد 11
A26: 4 | B26: 2 | C26: {=INDEX($P$5:$P$7,B26)} -> 5:35–7:00 م | D26: 2 | E26: المجموعة 1 | F26: 1 | G26: 6 ضد 12
A27: 4 | B27: 3 | C27: {=INDEX($P$5:$P$7,B27)} -> 7:10–8:35 م | D27: 1 | E27: المجموعة 1 | F27: 1 | G27: 2 ضد 5
A28: 4 | B28: 3 | C28: {=INDEX($P$5:$P$7,B28)} -> 7:10–8:35 م | D28: 2 | E28: المجموعة 1 | F28: 1 | G28: 3 ضد 4
... A136: 22 | B136: 3 | C136: {=INDEX($P$5:$P$7,B136)} -> 7:10–8:35 م | D136: 2 | E136: المجموعة 1 | F136: 2 | G136: 8 ضد 9

Sheet 13 فريق
A1: بطولة 13 فريق – تحت 13
A3: اليوم | B3: الوقت | C3: الملعب | D3: المباراة
A4: 1 | B4: =MOD(HOUR(المدخلات!$B$5+0*المدخلات!$B$8/1440)-1,12)+1&":"&TEXT(MINUTE(المدخلات!$B$5+0*المدخلات!$B$8/1440),"00")&"–"&MOD(HOUR(المدخلات!$B$5+0*المدخلات!$B$8/1440+المدخلات!$B$6/1440)-1,12)+1&":"&TEXT(MINUTE(المدخلات!$B$5+0*المدخلات!$B$8/1440+المدخلات!$B$6/1440),"00")&IF(HOUR(المدخلات!$B$5+0*المدخلات!$B$8/1440)<12," ص"," م") -> 4:00–5:25 م | C4: 1 | D4: 1 ضد 6
A5: 1 | B5: =MOD(HOUR(المدخلات!$B$5+0*المدخلات!$B$8/1440)-1,12)+1&":"&TEXT(MINUTE(المدخلات!$B$5+0*المدخلات!$B$8/1440),"00")&"–"&MOD(HOUR(المدخلات!$B$5+0*المدخلات!$B$8/1440+المدخلات!$B$6/1440)-1,12)+1&":"&TEXT(MINUTE(المدخلات!$B$5+0*المدخلات!$B$8/1440+المدخلات!$B$6/1440),"00")&IF(HOUR(المدخلات!$B$5+0*المدخلات!$B$8/1440)<12," ص"," م") -> 4:00–5:25 م | C5: 2 | D5: 2 ضد 5
A6: 1 | B6: =MOD(HOUR(المدخلات!$B$5+1*المدخلات!$B$8/1440)-1,12)+1&":"&TEXT(MINUTE(المدخلات!$B$5+1*المدخلات!$B$8/1440),"00")&"–"&MOD(HOUR(المدخلات!$B$5+1*المدخلات!$B$8/1440+المدخلات!$B$6/1440)-1,12)+1&":"&TEXT(MINUTE(المدخلات!$B$5+1*المدخلات!$B$8/1440+المدخلات!$B$6/1440),"00")&IF(HOUR(المدخلات!$B$5+1*المدخلات!$B$8/1440)<12," ص"," م") -> 5:35–7:00 م | C6: 1 | D6: 3 ضد 4
A7: 1 | B7: =MOD(HOUR(المدخلات!$B$5+1*المدخلات!$B$8/1440)-1,12)+1&":"&TEXT(MINUTE(المدخلات!$B$5+1*المدخلات!$B$8/1440),"00")&"–"&MOD(HOUR(المدخلات!$B$5+1*المدخلات!$B$8/1440+المدخلات!$B$6/1440)-1,12)+1&":"&TEXT(MINUTE(المدخلات!$B$5+1*المدخلات!$B$8/1440+المدخلات!$B$6/1440),"00")&IF(HOUR(المدخلات!$B$5+1*المدخلات!$B$8/1440)<12," ص"," م") -> 5:35–7:00 م | C7: 2 | D7: 8 ضد 13
A8: 1 | B8: =MOD(HOUR(المدخلات!$B$5+2*المدخلات!$B$8/1440)-1,12)+1&":"&TEXT(MINUTE(المدخلات!$B$5+2*المدخلات!$B$8/1440),"00")&"–"&MOD(HOUR(المدخلات!$B$5+2*المدخلات!$B$8/1440+المدخلات!$B$6/1440)-1,12)+1&":"&TEXT(MINUTE(المدخلات!$B$5+2*المدخلات!$B$8/1440+المدخلات!$B$6/1440),"00")&IF(HOUR(المدخلات!$B$5+2*المدخلات!$B$8/1440)<12," ص"," م") -> 7:10–8:35 م | C8: 1 | D8: 9 ضد 12
A9: 1 | B9: =MOD(HOUR(المدخلات!$B$5+2*المدخلات!$B$8/1440)-1,12)+1&":"&TEXT(MINUTE(المدخلات!$B$5+2*المدخلات!$B$8/1440),"00")&"–"&MOD(HOUR(المدخلات!$B$5+2*المدخلات!$B$8/1440+المدخلات!$B$6/1440)-1,12)+1&":"&TEXT(MINUTE(المدخلات!$B$5+2*المدخلات!$B$8/1440+المدخلات!$B$6/1440),"00")&IF(HOUR(المدخلات!$B$5+2*المدخلات!$B$8/1440)<12," ص"," م") -> 7:10–8:35 م | C9: 2 | D9: 10 ضد 11
A10: 2 | B10: =MOD(HOUR(المدخلات!$B$5+0*المدخلات!$B$8/1440)-1,12)+1&":"&TEXT(MINUTE(المدخلات!$B$5+0*المدخلات!$B$8/1440),"00")&"–"&MOD(HOUR(المدخلات!$B$5+0*المدخلات!$B$8/1440+المدخلات!$B$6/1440)-1,12)+1&":"&TEXT(MINUTE(المدخلات!$B$5+0*المدخلات!$B$8/1440+المدخلات!$B$6/1440),"00")&IF(HOUR(المدخلات!$B$5+0*المدخلات!$B$8/1440)<12," ص"," م") -> 4:00–5:25 م | C10: 1 | D10: 8 ضد 11
