Workbook

Sheet المدخلات
A1: المدخلات
A3: البند | B3: القيمة
A4: وقت بداية اليوم | B4: 0.70833333
A5: مدة المباراة (دقيقة) — ثابت | B5: 15
A6: عدد المهرجانات في الموسم — ثابت | B6: 7
A7: ملاعب مصغّرة داخل الملعب القانوني — ثابت | B7: 4

Sheet المبادئ
A1: مبادئ بناء جداول المجموعات (من 6 إلى 30 فريقاً)
A3: # | B3: المبدأ | C3: الشرح
A4: 1 | B4: لا يلعب الفريق مباراتين ورا بعض | C4: القاعدة الأهم في التصميم: يحصل كل فريق على فترة راحة كاملة (15 دقيقة) بين مباراتيه على الأقل. ويُحقّق ذلك إما بحجز فترات استراحة كاملة (في الأعداد الصغيرة مثل 6 و‏7 و‏8 و‏9) أو بتوزيع الفرق على فترات أكثر (في الأعداد الكبيرة).
A5: 2 | B5: لا يوجد تتابع إطلاقاً | C5: التتابع صفر في جميع البطولات بلا استثناء، وتحقق ذلك بإطالة اليوم بحسب الحاجة: 7 فترات (6 و‏8 فرق)، و‏9 فترات (7 و‏9 و‏13 و‏17 و‏22 و‏30)، و‏10 فترات (19)، و‏11 فترة (12 و‏18). القاعدة: إذا ضاقت الفترات عن عدد المباريات المطلوبة، يُطال اليوم ولا يُضحّى براحة اللاعبين.
A6: 3 | B6: عدالة عدد المباريات | C6: كل الفرق تلعب العدد نفسه في اليوم الواحد وفي البطولة ككل — لا فريق يلعب أكثر من آخر.
A7: 4 | B7: عدالة المواجهات | C7: المقصود أن تُوزّع فرص اللقاء على الجميع لا أن تتكرر بين فرق معيّنة. يُقسم إجمالي المباريات على عدد الأزواج الممكنة، والناتج غالباً ليس عدداً صحيحاً، فيُسمح بمستويين فقط وفرقهما مباراة واحدة. مثال: في 6 فرق الأزواج الممكنة 15 زوجاً والمباريات 84، أي 5.6 لقاء للزوج ← بعض الأزواج يلتقي 5 مرات وبعضها 6، ولا يجوز أن يلتقي زوج 8 مرات وآخر مرتين. وكلما زاد عدد الفرق قلّ التكرار الطبيعي (في 13 فريقاً: 2–3 لقاءات للزوج)، وتبقى القاعدة نفسها. ملاحظة: العدالة محسوبة على مستوى الموسم ككل، ولا يتكرر لقاء الزوج نفسه داخل المهرجان الواحد إطلاقاً.
A8: 5 | B8: تقسيم المجموعات عند الأعداد الكبيرة | C8: إذا كبر عدد الفرق حتى لم تكفِ مباريات الموسم للقاء الجميع بعدل، يُقسم العدد إلى مجموعات تلعب كل منها على ملاعبها الخاصة في نفس الوقت. مثال: 30 فريقًا في مجموعة واحدة = 0.97 دورة (بعض الفرق لا تتقابل أبدًا)، أما التقسيم المعتمد هنا (13 + 9 + 8 على 12 ملعبًا مصغّرًا) فيُعطي داخل كل مجموعة توزيعًا عادلًا في الحد الأمثل: 2–3 لقاءات للزوج في أ (13 فريقًا)، و‏3–4 في ب (9)، و‏4 في ج (8). ومثله في 17 فريقًا (9 + 8) و‏18 (9 + 9) و‏19 (13 + 6).
A9: 6 | B9: اكتمال الدورة قبل التكرار | C9: يلتقي كل فريق بجميع خصومه في مجموعته مرة واحدة قبل أن يتكرر أي لقاء. الترتيب مبني على دورات كاملة متتالية: تُستوفى كل أزواج المجموعة، ثم تبدأ الدورة التالية. مثال: في 9 فرق تكتمل الدورة الأولى (36 لقاءً) بنهاية المهرجان الثاني، وأول تكرار في المهرجان الثالث. وفي 22 فريقاً تكتمل الدورة (231 لقاءً) بنهاية المهرجان السادس. والدورة الأخيرة قد تكون جزئية، فينتج الفارق المسموح (لقاء واحد) بين الأزواج. استثناء: في 7 فرق تُقدَّم راحة اللاعبين على هذا الشرط، فتكتمل الدورة داخل المهرجان الثاني نفسه لكن قد يبدأ التكرار في وقت أبكر من اليوم — لأن الالتزام الصارم بالترتيب كان سيفرض فترات انتظار 45 دقيقة.

Sheet ملخص البطولات
A1: ملخص جداول المجموعات
A3: عدد الفرق | B3: عدد المجموعات | C3: توزيع الفرق في المجموعات | D3: لقاءات كل خصم | E3: مباريات كل فريق في الموسم | F3: مباريات كل فريق في المهرجان | G3: وقت البداية | H3: وقت النهاية | I3: مدة اليوم | J3: عدد الملاعب (5 ضد 5) | K3: عدد الملاعب القانونية
A4: 6 | B4: 1 | C4: 6 | D4: =IF('6 فرق'!$B$63='6 فرق'!$B$64,'6 فرق'!$B$63&"",'6 فرق'!$B$63&_xlfn.UNICHAR(8206)&"–"&_xlfn.UNICHAR(8206)&'6 فرق'!$B$64) -> 5‎–‎6 | E4: =SUM('6 فرق'!F4:F52)*2/A4 -> 28 | F4: =E4/المدخلات!$B$6 -> 4 | G4: =المدخلات!$B$4 -> 0.70833333 | H4: =G4+I4 -> 0.78125 | I4: =COUNTA('6 فرق'!B4:'6 فرق'!B10)*المدخلات!$B$5/1440 -> 0.072916667 | J4: =COUNTIF('6 فرق'!C3:H3,"ملعب *") -> 3 | K4: =ROUNDUP(J4/المدخلات!$B$7,0) -> 1
A5: 7 | B5: 1 | C5: 7 | D5: =IF('7 فرق'!$B$78='7 فرق'!$B$79,'7 فرق'!$B$78&"",'7 فرق'!$B$78&_xlfn.UNICHAR(8206)&"–"&_xlfn.UNICHAR(8206)&'7 فرق'!$B$79) -> 4‎–‎5 | E5: =SUM('7 فرق'!F4:'7 فرق'!F66)*2/A5 -> 28 | F5: =E5/المدخلات!$B$6 -> 4 | G5: =المدخلات!$B$4 -> 0.70833333 | H5: =G5+I5 -> 0.80208333 | I5: =COUNTA('7 فرق'!B4:'7 فرق'!B12)*المدخلات!$B$5/1440 -> 0.09375 | J5: =COUNTIF('7 فرق'!C3:E3,"ملعب *") -> 3 | K5: =ROUNDUP(J5/المدخلات!$B$7,0) -> 1
A6: 8 | B6: 1 | C6: 8 | D6: =IF('8 فرق'!$B$65='8 فرق'!$B$66,'8 فرق'!$B$65&"",'8 فرق'!$B$65&_xlfn.UNICHAR(8206)&"–"&_xlfn.UNICHAR(8206)&'8 فرق'!$B$66) -> 4 | E6: =SUM('8 فرق'!G4:G52)*2/A6 -> 28 | F6: =E6/المدخلات!$B$6 -> 4 | G6: =المدخلات!$B$4 -> 0.70833333 | H6: =G6+I6 -> 0.78125 | I6: =COUNTA('8 فرق'!B4:'8 فرق'!B10)*المدخلات!$B$5/1440 -> 0.072916667 | J6: =COUNTIF('8 فرق'!C3:H3,"ملعب *") -> 4 | K6: =ROUNDUP(J6/المدخلات!$B$7,0) -> 1
A7: 9 | B7: 1 | C7: 9 | D7: =IF('9 فرق'!$B$80='9 فرق'!$B$81,'9 فرق'!$B$80&"",'9 فرق'!$B$80&_xlfn.UNICHAR(8206)&"–"&_xlfn.UNICHAR(8206)&'9 فرق'!$B$81) -> 3‎–‎4 | E7: =SUM('9 فرق'!G4:'9 فرق'!G66)*2/A7 -> 28 | F7: =E7/المدخلات!$B$6 -> 4 | G7: =المدخلات!$B$4 -> 0.70833333 | H7: =G7+I7 -> 0.80208333 | I7: =COUNTA('9 فرق'!B4:'9 فرق'!B12)*المدخلات!$B$5/1440 -> 0.09375 | J7: =COUNTIF('9 فرق'!C3:F3,"ملعب *") -> 4 | K7: =ROUNDUP(J7/المدخلات!$B$7,0) -> 1
A8: 12 | B8: 1 | C8: 12 | D8: =IF('12 فريقًا'!$B$97='12 فريقًا'!$B$98,'12 فريقًا'!$B$97&"",'12 فريقًا'!$B$97&_xlfn.UNICHAR(8206)&"–"&_xlfn.UNICHAR(8206)&'12 فريقًا'!$B$98) -> 2‎–‎3 | E8: =SUM('12 فريقًا'!F4:'12 فريقًا'!F80)*2/A8 -> 28 | F8: =E8/المدخلات!$B$6 -> 4 | G8: =المدخلات!$B$4 -> 0.70833333 | H8: =G8+I8 -> 0.82291667 | I8: =COUNTA('12 فريقًا'!B4:'12 فريقًا'!B14)*المدخلات!$B$5/1440 -> 0.11458333 | J8: =COUNTIF('12 فريقًا'!C3:E3,"ملعب *") -> 3 | K8: =ROUNDUP(J8/المدخلات!$B$7,0) -> 1
A9: 13 | B9: 1 | C9: 13 | D9: =IF('13 فريقًا'!$B$84='13 فريقًا'!$B$85,'13 فريقًا'!$B$84&"",'13 فريقًا'!$B$84&_xlfn.UNICHAR(8206)&"–"&_xlfn.UNICHAR(8206)&'13 فريقًا'!$B$85) -> 2‎–‎3 | E9: =SUM('13 فريقًا'!G4:'13 فريقًا'!G66)*2/A9 -> 28 | F9: =E9/المدخلات!$B$6 -> 4 | G9: =المدخلات!$B$4 -> 0.70833333 | H9: =G9+I9 -> 0.80208333 | I9: =COUNTA('13 فريقًا'!B4:'13 فريقًا'!B12)*المدخلات!$B$5/1440 -> 0.09375 | J9: =COUNTIF('13 فريقًا'!C3:F3,"ملعب *") -> 4 | K9: =ROUNDUP(J9/المدخلات!$B$7,0) -> 1
A10: 17 | B10: 2 | C10: 9‎ + ‎8 | D10: ='17 فريقًا'!$B$88&_xlfn.UNICHAR(8206)&" + "&_xlfn.UNICHAR(8206)&'17 فريقًا'!$B$89 -> 3‎–‎4‎ + ‎4 | E10: =SUM('17 فريقًا'!K4:'17 فريقًا'!K66)*2/A10 -> 28 | F10: =E10/المدخلات!$B$6 -> 4 | G10: =المدخلات!$B$4 -> 0.70833333 | H10: =G10+I10 -> 0.80208333 | I10: =COUNTA('17 فريقًا'!B4:'17 فريقًا'!B12)*المدخلات!$B$5/1440 -> 0.09375 | J10: =COUNTIF('17 فريقًا'!C3:J3,"ملعب *") -> 8 | K10: =ROUNDUP(J10/المدخلات!$B$7,0) -> 2
A11: 18 | B11: 2 | C11: 9‎ + ‎9 | D11: =IF('18 فريقًا'!$B$103='18 فريقًا'!$B$104,'18 فريقًا'!$B$103&"",'18 فريقًا'!$B$103&_xlfn.UNICHAR(8206)&"–"&_xlfn.UNICHAR(8206)&'18 فريقًا'!$B$104) -> 3‎–‎4 | E11: =SUM('18 فريقًا'!G4:'18 فريقًا'!G80)*2/A11 -> 28 | F11: =E11/المدخلات!$B$6 -> 4 | G11: =المدخلات!$B$4 -> 0.70833333 | H11: =G11+I11 -> 0.82291667 | I11: =COUNTA('18 فريقًا'!B4:'18 فريقًا'!B14)*المدخلات!$B$5/1440 -> 0.11458333 | J11: =COUNTIF('18 فريقًا'!C3:F3,"ملعب *") -> 4 | K11: =ROUNDUP(J11/المدخلات!$B$7,0) -> 1
A12: 19 | B12: 2 | C12: 13‎ + ‎6 | D12: ='19 فريقًا'!$B$97&_xlfn.UNICHAR(8206)&" + "&_xlfn.UNICHAR(8206)&'19 فريقًا'!$B$98 -> 2‎–‎3‎ + ‎5‎–‎6 | E12: =SUM('19 فريقًا'!I4:'19 فريقًا'!I73)*2/A12 -> 28 | F12: =E12/المدخلات!$B$6 -> 4 | G12: =المدخلات!$B$4 -> 0.70833333 | H12: =G12+I12 -> 0.8125 | I12: =COUNTA('19 فريقًا'!B4:'19 فريقًا'!B13)*المدخلات!$B$5/1440 -> 0.10416667 | J12: =COUNTIF('19 فريقًا'!C3:H3,"ملعب *") -> 6 | K12: =ROUNDUP(J12/المدخلات!$B$7,0) -> 2
A13: 22 | B13: 1 | C13: 22 | D13: =IF('22 فريقًا'!$B$93='22 فريقًا'!$B$94,'22 فريقًا'!$B$93&"",'22 فريقًا'!$B$93&_xlfn.UNICHAR(8206)&"–"&_xlfn.UNICHAR(8206)&'22 فريقًا'!$B$94) -> 1‎–‎2 | E13: =SUM('22 فريقًا'!K4:'22 فريقًا'!K66)*2/A13 -> 28 | F13: =E13/المدخلات!$B$6 -> 4 | G13: =المدخلات!$B$4 -> 0.70833333 | H13: =G13+I13 -> 0.80208333 | I13: =COUNTA('22 فريقًا'!B4:'22 فريقًا'!B12)*المدخلات!$B$5/1440 -> 0.09375 | J13: =COUNTIF('22 فريقًا'!C3:J3,"ملعب *") -> 8 | K13: =ROUNDUP(J13/المدخلات!$B$7,0) -> 2
A14: 30 | B14: 3 | C14: 13‎ + ‎9‎ + ‎8 | D14: ='30 فريقًا'!$B$101&_xlfn.UNICHAR(8206)&" + "&_xlfn.UNICHAR(8206)&'30 فريقًا'!$B$102&_xlfn.UNICHAR(8206)&" + "&_xlfn.UNICHAR(8206)&'30 فريقًا'!$B$103 -> 2‎–‎3‎ + ‎3‎–‎4‎ + ‎4 | E14: =SUM('30 فريقًا'!O4:'30 فريقًا'!O66)*2/A14 -> 28 | F14: =E14/المدخلات!$B$6 -> 4 | G14: =المدخلات!$B$4 -> 0.70833333 | H14: =G14+I14 -> 0.80208333 | I14: =COUNTA('30 فريقًا'!B4:'30 فريقًا'!B12)*المدخلات!$B$5/1440 -> 0.09375 | J14: =COUNTIF('30 فريقًا'!C3:N3,"ملعب *") -> 12 | K14: =ROUNDUP(J14/المدخلات!$B$7,0) -> 3
A17: توزيع فترات الراحة بين مباراتي الفريق في المهرجان الواحد
A18: عدد الفرق | B18: راحة 15 دقيقة | C18: راحة 30 دقيقة | D18: راحة 45 دقيقة | E18: إجمالي فترات الراحة | F18: نسبة الراحة القصيرة | G18: إجمالي متوقع (تحقق) | H18: المطابقة
A19: 6 | B19: 126 | C19: 0 | D19: 0 | E19: =B19+C19+D19 -> 126 | F19: =B19/E19 -> 1 | G19: =A19*(F4-1)*المدخلات!$B$6 -> 126 | H19: =IF(E19=G19,"مطابق","غير مطابق") -> مطابق
A20: 7 | B20: 105 | C20: 42 | D20: 0 | E20: =B20+C20+D20 -> 147 | F20: =B20/E20 -> 0.71428571 | G20: =A20*(F5-1)*المدخلات!$B$6 -> 147 | H20: =IF(E20=G20,"مطابق","غير مطابق") -> مطابق
A21: 8 | B21: 168 | C21: 0 | D21: 0 | E21: =B21+C21+D21 -> 168 | F21: =B21/E21 -> 1 | G21: =A21*(F6-1)*المدخلات!$B$6 -> 168 | H21: =IF(E21=G21,"مطابق","غير مطابق") -> مطابق
A22: 9 | B22: 141 | C22: 48 | D22: 0 | E22: =B22+C22+D22 -> 189 | F22: =B22/E22 -> 0.74603175 | G22: =A22*(F7-1)*المدخلات!$B$6 -> 189 | H22: =IF(E22=G22,"مطابق","غير مطابق") -> مطابق
A23: 12 | B23: 168 | C23: 84 | D23: 0 | E23: =B23+C23+D23 -> 252 | F23: =B23/E23 -> 0.66666667 | G23: =A23*(F8-1)*المدخلات!$B$6 -> 252 | H23: =IF(E23=G23,"مطابق","غير مطابق") -> مطابق
A24: 13 | B24: 183 | C24: 90 | D24: 0 | E24: =B24+C24+D24 -> 273 | F24: =B24/E24 -> 0.67032967 | G24: =A24*(F9-1)*المدخلات!$B$6 -> 273 | H24: =IF(E24=G24,"مطابق","غير مطابق") -> مطابق
A25: 17 | B25: 309 | C25: 48 | D25: 0 | E25: =B25+C25+D25 -> 357 | F25: =B25/E25 -> 0.86554622 | G25: =A25*(F10-1)*المدخلات!$B$6 -> 357 | H25: =IF(E25=G25,"مطابق","غير مطابق") -> مطابق
A26: 18 | B26: 272 | C26: 106 | D26: 0 | E26: =B26+C26+D26 -> 378 | F26: =B26/E26 -> 0.71957672 | G26: =A26*(F11-1)*المدخلات!$B$6 -> 378 | H26: =IF(E26=G26,"مطابق","غير مطابق") -> مطابق
A27: 19 | B27: 323 | C27: 76 | D27: 0 | E27: =B27+C27+D27 -> 399 | F27: =B27/E27 -> 0.80952381 | G27: =A27*(F12-1)*المدخلات!$B$6 -> 399 | H27: =IF(E27=G27,"مطابق","غير مطابق") -> مطابق
A28: 22 | B28: 420 | C28: 42 | D28: 0 | E28: =B28+C28+D28 -> 462 | F28: =B28/E28 -> 0.90909091 | G28: =A28*(F13-1)*المدخلات!$B$6 -> 462 | H28: =IF(E28=G28,"مطابق","غير مطابق") -> مطابق
A29: 30 | B29: 492 | C29: 138 | D29: 0 | E29: =B29+C29+D29 -> 630 | F29: =B29/E29 -> 0.78095238 | G29: =A29*(F14-1)*المدخلات!$B$6 -> 630 | H29: =IF(E29=G29,"مطابق","غير مطابق") -> مطابق

Sheet 6 فرق
A1: جدول مباريات المجموعات التي فيها 6 فرق
A3: اليوم | B3: الوقت | C3: ملعب 1 | D3: ملعب 2 | E3: ملعب 3 | F3: مجموع مباريات اليوم | G3: مباريات كل فريق في اليوم
A4: اليوم 1 | B4: =MOD(HOUR((المدخلات!$B$4+0*المدخلات!$B$5/1440))-1,12)+1&":"&TEXT(MINUTE((المدخلات!$B$4+0*المدخلات!$B$5/1440)),"00")&"–"&MOD(HOUR((المدخلات!$B$4+0*المدخلات!$B$5/1440+المدخلات!$B$5/1440))-1,12)+1&":"&TEXT(MINUTE((المدخلات!$B$4+0*المدخلات!$B$5/1440+المدخلات!$B$5/1440)),"00")&IF(HOUR((المدخلات!$B$4+0*المدخلات!$B$5/1440))<12," ص"," م") -> 5:00–5:15 م | C4: 1 ضد 6 | D4: 2 ضد 5 | E4: 3 ضد 4 | F4: =COUNTIF(C4:E10,"* ضد *") -> 12 | G4: =F4*2/'ملخص البطولات'!$A$4 -> 4
B5: =MOD(HOUR((المدخلات!$B$4+1*المدخلات!$B$5/1440))-1,12)+1&":"&TEXT(MINUTE((المدخلات!$B$4+1*المدخلات!$B$5/1440)),"00")&"–"&MOD(HOUR((المدخلات!$B$4+1*المدخلات!$B$5/1440+المدخلات!$B$5/1440))-1,12)+1&":"&TEXT(MINUTE((المدخلات!$B$4+1*المدخلات!$B$5/1440+المدخلات!$B$5/1440)),"00")&IF(HOUR((المدخلات!$B$4+1*المدخلات!$B$5/1440))<12," ص"," م") -> 5:15–5:30 م | C5: استراحة (لا توجد مباريات)
B6: =MOD(HOUR((المدخلات!$B$4+2*المدخلات!$B$5/1440))-1,12)+1&":"&TEXT(MINUTE((المدخلات!$B$4+2*المدخلات!$B$5/1440)),"00")&"–"&MOD(HOUR((المدخلات!$B$4+2*المدخلات!$B$5/1440+المدخلات!$B$5/1440))-1,12)+1&":"&TEXT(MINUTE((المدخلات!$B$4+2*المدخلات!$B$5/1440+المدخلات!$B$5/1440)),"00")&IF(HOUR((المدخلات!$B$4+2*المدخلات!$B$5/1440))<12," ص"," م") -> 5:30–5:45 م | C6: 2 ضد 6 | D6: 1 ضد 3 | E6: 4 ضد 5
B7: =MOD(HOUR((المدخلات!$B$4+3*المدخلات!$B$5/1440))-1,12)+1&":"&TEXT(MINUTE((المدخلات!$B$4+3*المدخلات!$B$5/1440)),"00")&"–"&MOD(HOUR((المدخلات!$B$4+3*المدخلات!$B$5/1440+المدخلات!$B$5/1440))-1,12)+1&":"&TEXT(MINUTE((المدخلات!$B$4+3*المدخلات!$B$5/1440+المدخلات!$B$5/1440)),"00")&IF(HOUR((المدخلات!$B$4+3*المدخلات!$B$5/1440))<12," ص"," م") -> 5:45–6:00 م | C7: استراحة (لا توجد مباريات)
B8: =MOD(HOUR((المدخلات!$B$4+4*المدخلات!$B$5/1440))-1,12)+1&":"&TEXT(MINUTE((المدخلات!$B$4+4*المدخلات!$B$5/1440)),"00")&"–"&MOD(HOUR((المدخلات!$B$4+4*المدخلات!$B$5/1440+المدخلات!$B$5/1440))-1,12)+1&":"&TEXT(MINUTE((المدخلات!$B$4+4*المدخلات!$B$5/1440+المدخلات!$B$5/1440)),"00")&IF(HOUR((المدخلات!$B$4+4*المدخلات!$B$5/1440))<12," ص"," م") -> 6:00–6:15 م | C8: 3 ضد 6 | D8: 2 ضد 4 | E8: 1 ضد 5
B9: =MOD(HOUR((المدخلات!$B$4+5*المدخلات!$B$5/1440))-1,12)+1&":"&TEXT(MINUTE((المدخلات!$B$4+5*المدخلات!$B$5/1440)),"00")&"–"&MOD(HOUR((المدخلات!$B$4+5*المدخلات!$B$5/1440+المدخلات!$B$5/1440))-1,12)+1&":"&TEXT(MINUTE((المدخلات!$B$4+5*المدخلات!$B$5/1440+المدخلات!$B$5/1440)),"00")&IF(HOUR((المدخلات!$B$4+5*المدخلات!$B$5/1440))<12," ص"," م") -> 6:15–6:30 م | C9: استراحة (لا توجد مباريات)
B10: =MOD(HOUR((المدخلات!$B$4+6*المدخلات!$B$5/1440))-1,12)+1&":"&TEXT(MINUTE((المدخلات!$B$4+6*المدخلات!$B$5/1440)),"00")&"–"&MOD(HOUR((المدخلات!$B$4+6*المدخلات!$B$5/1440+المدخلات!$B$5/1440))-1,12)+1&":"&TEXT(MINUTE((المدخلات!$B$4+6*المدخلات!$B$5/1440+المدخلات!$B$5/1440)),"00")&IF(HOUR((المدخلات!$B$4+6*المدخلات!$B$5/1440))<12," ص"," م") -> 6:30–6:45 م | C10: 4 ضد 6 | D10: 3 ضد 5 | E10: 1 ضد 2
A11: اليوم 2 | B11: =MOD(HOUR((المدخلات!$B$4+0*المدخلات!$B$5/1440))-1,12)+1&":"&TEXT(MINUTE((المدخلات!$B$4+0*المدخلات!$B$5/1440)),"00")&"–"&MOD(HOUR((المدخلات!$B$4+0*المدخلات!$B$5/1440+المدخلات!$B$5/1440))-1,12)+1&":"&TEXT(MINUTE((المدخلات!$B$4+0*المدخلات!$B$5/1440+المدخلات!$B$5/1440)),"00")&IF(HOUR((المدخلات!$B$4+0*المدخلات!$B$5/1440))<12," ص"," م") -> 5:00–5:15 م | C11: 5 ضد 6 | D11: 1 ضد 4 | E11: 2 ضد 3 | F11: =COUNTIF(C11:E17,"* ضد *") -> 12 | G11: =F11*2/'ملخص البطولات'!$A$4 -> 4
B12: =MOD(HOUR((المدخلات!$B$4+1*المدخلات!$B$5/1440))-1,12)+1&":"&TEXT(MINUTE((المدخلات!$B$4+1*المدخلات!$B$5/1440)),"00")&"–"&MOD(HOUR((المدخلات!$B$4+1*المدخلات!$B$5/1440+المدخلات!$B$5/1440))-1,12)+1&":"&TEXT(MINUTE((المدخلات!$B$4+1*المدخلات!$B$5/1440+المدخلات!$B$5/1440)),"00")&IF(HOUR((المدخلات!$B$4+1*المدخلات!$B$5/1440))<12," ص"," م") -> 5:15–5:30 م | C12: استراحة (لا توجد مباريات)
B13: =MOD(HOUR((المدخلات!$B$4+2*المدخلات!$B$5/1440))-1,12)+1&":"&TEXT(MINUTE((المدخلات!$B$4+2*المدخلات!$B$5/1440)),"00")&"–"&MOD(HOUR((المدخلات!$B$4+2*المدخلات!$B$5/1440+المدخلات!$B$5/1440))-1,12)+1&":"&TEXT(MINUTE((المدخلات!$B$4+2*المدخلات!$B$5/1440+المدخلات!$B$5/1440)),"00")&IF(HOUR((المدخلات!$B$4+2*المدخلات!$B$5/1440))<12," ص"," م") -> 5:30–5:45 م | C13: 1 ضد 6 | D13: 2 ضد 5 | E13: 3 ضد 4
B14: =MOD(HOUR((المدخلات!$B$4+3*المدخلات!$B$5/1440))-1,12)+1&":"&TEXT(MINUTE((المدخلات!$B$4+3*المدخلات!$B$5/1440)),"00")&"–"&MOD(HOUR((المدخلات!$B$4+3*المدخلات!$B$5/1440+المدخلات!$B$5/1440))-1,12)+1&":"&TEXT(MINUTE((المدخلات!$B$4+3*المدخلات!$B$5/1440+المدخلات!$B$5/1440)),"00")&IF(HOUR((المدخلات!$B$4+3*المدخلات!$B$5/1440))<12," ص"," م") -> 5:45–6:00 م | C14: استراحة (لا توجد مباريات)
B15: =MOD(HOUR((المدخلات!$B$4+4*المدخلات!$B$5/1440))-1,12)+1&":"&TEXT(MINUTE((المدخلات!$B$4+4*المدخلات!$B$5/1440)),"00")&"–"&MOD(HOUR((المدخلات!$B$4+4*المدخلات!$B$5/1440+المدخلات!$B$5/1440))-1,12)+1&":"&TEXT(MINUTE((المدخلات!$B$4+4*المدخلات!$B$5/1440+المدخلات!$B$5/1440)),"00")&IF(HOUR((المدخلات!$B$4+4*المدخلات!$B$5/1440))<12," ص"," م") -> 6:00–6:15 م | C15: 2 ضد 6 | D15: 1 ضد 3 | E15: 4 ضد 5
B16: =MOD(HOUR((المدخلات!$B$4+5*المدخلات!$B$5/1440))-1,12)+1&":"&TEXT(MINUTE((المدخلات!$B$4+5*المدخلات!$B$5/1440)),"00")&"–"&MOD(HOUR((المدخلات!$B$4+5*المدخلات!$B$5/1440+المدخلات!$B$5/1440))-1,12)+1&":"&TEXT(MINUTE((المدخلات!$B$4+5*المدخلات!$B$5/1440+المدخلات!$B$5/1440)),"00")&IF(HOUR((المدخلات!$B$4+5*المدخلات!$B$5/1440))<12," ص"," م") -> 6:15–6:30 م | C16: استراحة (لا توجد مباريات)
B17: =MOD(HOUR((المدخلات!$B$4+6*المدخلات!$B$5/1440))-1,12)+1&":"&TEXT(MINUTE((المدخلات!$B$4+6*المدخلات!$B$5/1440)),"00")&"–"&MOD(HOUR((المدخلات!$B$4+6*المدخلات!$B$5/1440+المدخلات!$B$5/1440))-1,12)+1&":"&TEXT(MINUTE((المدخلات!$B$4+6*المدخلات!$B$5/1440+المدخلات!$B$5/1440)),"00")&IF(HOUR((المدخلات!$B$4+6*المدخلات!$B$5/1440))<12," ص"," م") -> 6:30–6:45 م | C17: 3 ضد 6 | D17: 2 ضد 4 | E17: 1 ضد 5
A18: اليوم 3 | B18: =MOD(HOUR((المدخلات!$B$4+0*المدخلات!$B$5/1440))-1,12)+1&":"&TEXT(MINUTE((المدخلات!$B$4+0*المدخلات!$B$5/1440)),"00")&"–"&MOD(HOUR((المدخلات!$B$4+0*المدخلات!$B$5/1440+المدخلات!$B$5/1440))-1,12)+1&":"&TEXT(MINUTE((المدخلات!$B$4+0*المدخلات!$B$5/1440+المدخلات!$B$5/1440)),"00")&IF(HOUR((المدخلات!$B$4+0*المدخلات!$B$5/1440))<12," ص"," م") -> 5:00–5:15 م | C18: 4 ضد 6 | D18: 3 ضد 5 | E18: 1 ضد 2 | F18: =COUNTIF(C18:E24,"* ضد *") -> 12 | G18: =F18*2/'ملخص البطولات'!$A$4 -> 4
B19: =MOD(HOUR((المدخلات!$B$4+1*المدخلات!$B$5/1440))-1,12)+1&":"&TEXT(MINUTE((المدخلات!$B$4+1*المدخلات!$B$5/1440)),"00")&"–"&MOD(HOUR((المدخلات!$B$4+1*المدخلات!$B$5/1440+المدخلات!$B$5/1440))-1,12)+1&":"&TEXT(MINUTE((المدخلات!$B$4+1*المدخلات!$B$5/1440+المدخلات!$B$5/1440)),"00")&IF(HOUR((المدخلات!$B$4+1*المدخلات!$B$5/1440))<12," ص"," م") -> 5:15–5:30 م | C19: استراحة (لا توجد مباريات)
B20: =MOD(HOUR((المدخلات!$B$4+2*المدخلات!$B$5/1440))-1,12)+1&":"&TEXT(MINUTE((المدخلات!$B$4+2*المدخلات!$B$5/1440)),"00")&"–"&MOD(HOUR((المدخلات!$B$4+2*المدخلات!$B$5/1440+المدخلات!$B$5/1440))-1,12)+1&":"&TEXT(MINUTE((المدخلات!$B$4+2*المدخلات!$B$5/1440+المدخلات!$B$5/1440)),"00")&IF(HOUR((المدخلات!$B$4+2*المدخلات!$B$5/1440))<12," ص"," م") -> 5:30–5:45 م | C20: 5 ضد 6 | D20: 1 ضد 4 | E20: 2 ضد 3
B21: =MOD(HOUR((المدخلات!$B$4+3*المدخلات!$B$5/1440))-1,12)+1&":"&TEXT(MINUTE((المدخلات!$B$4+3*المدخلات!$B$5/1440)),"00")&"–"&MOD(HOUR((المدخلات!$B$4+3*المدخلات!$B$5/1440+المدخلات!$B$5/1440))-1,12)+1&":"&TEXT(MINUTE((المدخلات!$B$4+3*المدخلات!$B$5/1440+المدخلات!$B$5/1440)),"00")&IF(HOUR((المدخلات!$B$4+3*المدخلات!$B$5/1440))<12," ص"," م") -> 5:45–6:00 م | C21: استراحة (لا توجد مباريات)
B22: =MOD(HOUR((المدخلات!$B$4+4*المدخلات!$B$5/1440))-1,12)+1&":"&TEXT(MINUTE((المدخلات!$B$4+4*المدخلات!$B$5/1440)),"00")&"–"&MOD(HOUR((المدخلات!$B$4+4*المدخلات!$B$5/1440+المدخلات!$B$5/1440))-1,12)+1&":"&TEXT(MINUTE((المدخلات!$B$4+4*المدخلات!$B$5/1440+المدخلات!$B$5/1440)),"00")&IF(HOUR((المدخلات!$B$4+4*المدخلات!$B$5/1440))<12," ص"," م") -> 6:00–6:15 م | C22: 1 ضد 6 | D22: 2 ضد 5 | E22: 3 ضد 4
B23: =MOD(HOUR((المدخلات!$B$4+5*المدخلات!$B$5/1440))-1,12)+1&":"&TEXT(MINUTE((المدخلات!$B$4+5*المدخلات!$B$5/1440)),"00")&"–"&MOD(HOUR((المدخلات!$B$4+5*المدخلات!$B$5/1440+المدخلات!$B$5/1440))-1,12)+1&":"&TEXT(MINUTE((المدخلات!$B$4+5*المدخلات!$B$5/1440+المدخلات!$B$5/1440)),"00")&IF(HOUR((المدخلات!$B$4+5*المدخلات!$B$5/1440))<12," ص"," م") -> 6:15–6:30 م | C23: استراحة (لا توجد مباريات)
B24: =MOD(HOUR((المدخلات!$B$4+6*المدخلات!$B$5/1440))-1,12)+1&":"&TEXT(MINUTE((المدخلات!$B$4+6*المدخلات!$B$5/1440)),"00")&"–"&MOD(HOUR((المدخلات!$B$4+6*المدخلات!$B$5/1440+المدخلات!$B$5/1440))-1,12)+1&":"&TEXT(MINUTE((المدخلات!$B$4+6*المدخلات!$B$5/1440+المدخلات!$B$5/1440)),"00")&IF(HOUR((المدخلات!$B$4+6*المدخلات!$B$5/1440))<12," ص"," م") -> 6:30–6:45 م | C24: 2 ضد 6 | D24: 1 ضد 3 | E24: 4 ضد 5
A25: اليوم 4 | B25: =MOD(HOUR((المدخلات!$B$4+0*المدخلات!$B$5/1440))-1,12)+1&":"&TEXT(MINUTE((المدخلات!$B$4+0*المدخلات!$B$5/1440)),"00")&"–"&MOD(HOUR((المدخلات!$B$4+0*المدخلات!$B$5/1440+المدخلات!$B$5/1440))-1,12)+1&":"&TEXT(MINUTE((المدخلات!$B$4+0*المدخلات!$B$5/1440+المدخلات!$B$5/1440)),"00")&IF(HOUR((المدخلات!$B$4+0*المدخلات!$B$5/1440))<12," ص"," م") -> 5:00–5:15 م | C25: 3 ضد 6 | D25: 2 ضد 4 | E25: 1 ضد 5 | F25: =COUNTIF(C25:E31,"* ضد *") -> 12 | G25: =F25*2/'ملخص البطولات'!$A$4 -> 4
B26: =MOD(HOUR((المدخلات!$B$4+1*المدخلات!$B$5/1440))-1,12)+1&":"&TEXT(MINUTE((المدخلات!$B$4+1*المدخلات!$B$5/1440)),"00")&"–"&MOD(HOUR((المدخلات!$B$4+1*المدخلات!$B$5/1440+المدخلات!$B$5/1440))-1,12)+1&":"&TEXT(MINUTE((المدخلات!$B$4+1*المدخلات!$B$5/1440+المدخلات!$B$5/1440)),"00")&IF(HOUR((المدخلات!$B$4+1*المدخلات!$B$5/1440))<12," ص"," م") -> 5:15–5:30 م | C26: استراحة (لا توجد مباريات)
B27: =MOD(HOUR((المدخلات!$B$4+2*المدخلات!$B$5/1440))-1,12)+1&":"&TEXT(MINUTE((المدخلات!$B$4+2*المدخلات!$B$5/1440)),"00")&"–"&MOD(HOUR((المدخلات!$B$4+2*المدخلات!$B$5/1440+المدخلات!$B$5/1440))-1,12)+1&":"&TEXT(MINUTE((المدخلات!$B$4+2*المدخلات!$B$5/1440+المدخلات!$B$5/1440)),"00")&IF(HOUR((المدخلات!$B$4+2*المدخلات!$B$5/1440))<12," ص"," م") -> 5:30–5:45 م | C27: 4 ضد 6 | D27: 3 ضد 5 | E27: 1 ضد 2
B28: =MOD(HOUR((المدخلات!$B$4+3*المدخلات!$B$5/1440))-1,12)+1&":"&TEXT(MINUTE((المدخلات!$B$4+3*المدخلات!$B$5/1440)),"00")&"–"&MOD(HOUR((المدخلات!$B$4+3*المدخلات!$B$5/1440+المدخلات!$B$5/1440))-1,12)+1&":"&TEXT(MINUTE((المدخلات!$B$4+3*المدخلات!$B$5/1440+المدخلات!$B$5/1440)),"00")&IF(HOUR((المدخلات!$B$4+3*المدخلات!$B$5/1440))<12," ص"," م") -> 5:45–6:00 م | C28: استراحة (لا توجد مباريات)
B29: =MOD(HOUR((المدخلات!$B$4+4*المدخلات!$B$5/1440))-1,12)+1&":"&TEXT(MINUTE((المدخلات!$B$4+4*المدخلات!$B$5/1440)),"00")&"–"&MOD(HOUR((المدخلات!$B$4+4*المدخلات!$B$5/1440+المدخلات!$B$5/1440))-1,12)+1&":"&TEXT(MINUTE((المدخلات!$B$4+4*المدخلات!$B$5/1440+المدخلات!$B$5/1440)),"00")&IF(HOUR((المدخلات!$B$4+4*المدخلات!$B$5/1440))<12," ص"," م") -> 6:00–6:15 م | C29: 5 ضد 6 | D29: 1 ضد 4 | E29: 2 ضد 3
B30: =MOD(HOUR((المدخلات!$B$4+5*المدخلات!$B$5/1440))-1,12)+1&":"&TEXT(MINUTE((المدخلات!$B$4+5*المدخلات!$B$5/1440)),"00")&"–"&MOD(HOUR((المدخلات!$B$4+5*المدخلات!$B$5/1440+المدخلات!$B$5/1440))-1,12)+1&":"&TEXT(MINUTE((المدخلات!$B$4+5*المدخلات!$B$5/1440+المدخلات!$B$5/1440)),"00")&IF(HOUR((المدخلات!$B$4+5*المدخلات!$B$5/1440))<12," ص"," م") -> 6:15–6:30 م | C30: استراحة (لا توجد مباريات)
B31: =MOD(HOUR((المدخلات!$B$4+6*المدخلات!$B$5/1440))-1,12)+1&":"&TEXT(MINUTE((المدخلات!$B$4+6*المدخلات!$B$5/1440)),"00")&"–"&MOD(HOUR((المدخلات!$B$4+6*المدخلات!$B$5/1440+المدخلات!$B$5/1440))-1,12)+1&":"&TEXT(MINUTE((المدخلات!$B$4+6*المدخلات!$B$5/1440+المدخلات!$B$5/1440)),"00")&IF(HOUR((المدخلات!$B$4+6*المدخلات!$B$5/1440))<12," ص"," م") -> 6:30–6:45 م | C31: 1 ضد 6 | D31: 2 ضد 5 | E31: 3 ضد 4
A32: اليوم 5 | B32: =MOD(HOUR((المدخلات!$B$4+0*المدخلات!$B$5/1440))-1,12)+1&":"&TEXT(MINUTE((المدخلات!$B$4+0*المدخلات!$B$5/1440)),"00")&"–"&MOD(HOUR((المدخلات!$B$4+0*المدخلات!$B$5/1440+المدخلات!$B$5/1440))-1,12)+1&":"&TEXT(MINUTE((المدخلات!$B$4+0*المدخلات!$B$5/1440+المدخلات!$B$5/1440)),"00")&IF(HOUR((المدخلات!$B$4+0*المدخلات!$B$5/1440))<12," ص"," م") -> 5:00–5:15 م | C32: 2 ضد 6 | D32: 1 ضد 3 | E32: 4 ضد 5 | F32: =COUNTIF(C32:E38,"* ضد *") -> 12 | G32: =F32*2/'ملخص البطولات'!$A$4 -> 4
B33: =MOD(HOUR((المدخلات!$B$4+1*المدخلات!$B$5/1440))-1,12)+1&":"&TEXT(MINUTE((المدخلات!$B$4+1*المدخلات!$B$5/1440)),"00")&"–"&MOD(HOUR((المدخلات!$B$4+1*المدخلات!$B$5/1440+المدخلات!$B$5/1440))-1,12)+1&":"&TEXT(MINUTE((المدخلات!$B$4+1*المدخلات!$B$5/1440+المدخلات!$B$5/1440)),"00")&IF(HOUR((المدخلات!$B$4+1*المدخلات!$B$5/1440))<12," ص"," م") -> 5:15–5:30 م | C33: استراحة (لا توجد مباريات)
B34: =MOD(HOUR((المدخلات!$B$4+2*المدخلات!$B$5/1440))-1,12)+1&":"&TEXT(MINUTE((المدخلات!$B$4+2*المدخلات!$B$5/1440)),"00")&"–"&MOD(HOUR((المدخلات!$B$4+2*المدخلات!$B$5/1440+المدخلات!$B$5/1440))-1,12)+1&":"&TEXT(MINUTE((المدخلات!$B$4+2*المدخلات!$B$5/1440+المدخلات!$B$5/1440)),"00")&IF(HOUR((المدخلات!$B$4+2*المدخلات!$B$5/1440))<12," ص"," م") -> 5:30–5:45 م | C34: 3 ضد 6 | D34: 2 ضد 4 | E34: 1 ضد 5
B35: =MOD(HOUR((المدخلات!$B$4+3*المدخلات!$B$5/1440))-1,12)+1&":"&TEXT(MINUTE((المدخلات!$B$4+3*المدخلات!$B$5/1440)),"00")&"–"&MOD(HOUR((المدخلات!$B$4+3*المدخلات!$B$5/1440+المدخلات!$B$5/1440))-1,12)+1&":"&TEXT(MINUTE((المدخلات!$B$4+3*المدخلات!$B$5/1440+المدخلات!$B$5/1440)),"00")&IF(HOUR((المدخلات!$B$4+3*المدخلات!$B$5/1440))<12," ص"," م") -> 5:45–6:00 م | C35: استراحة (لا توجد مباريات)
B36: =MOD(HOUR((المدخلات!$B$4+4*المدخلات!$B$5/1440))-1,12)+1&":"&TEXT(MINUTE((المدخلات!$B$4+4*المدخلات!$B$5/1440)),"00")&"–"&MOD(HOUR((المدخلات!$B$4+4*المدخلات!$B$5/1440+المدخلات!$B$5/1440))-1,12)+1&":"&TEXT(MINUTE((المدخلات!$B$4+4*المدخلات!$B$5/1440+المدخلات!$B$5/1440)),"00")&IF(HOUR((المدخلات!$B$4+4*المدخلات!$B$5/1440))<12," ص"," م") -> 6:00–6:15 م | C36: 4 ضد 6 | D36: 3 ضد 5 | E36: 1 ضد 2
B37: =MOD(HOUR((المدخلات!$B$4+5*المدخلات!$B$5/1440))-1,12)+1&":"&TEXT(MINUTE((المدخلات!$B$4+5*المدخلات!$B$5/1440)),"00")&"–"&MOD(HOUR((المدخلات!$B$4+5*المدخلات!$B$5/1440+المدخلات!$B$5/1440))-1,12)+1&":"&TEXT(MINUTE((المدخلات!$B$4+5*المدخلات!$B$5/1440+المدخلات!$B$5/1440)),"00")&IF(HOUR((المدخلات!$B$4+5*المدخلات!$B$5/1440))<12," ص"," م") -> 6:15–6:30 م | C37: استراحة (لا توجد مباريات)
B38: =MOD(HOUR((المدخلات!$B$4+6*المدخلات!$B$5/1440))-1,12)+1&":"&TEXT(MINUTE((المدخلات!$B$4+6*المدخلات!$B$5/1440)),"00")&"–"&MOD(HOUR((المدخلات!$B$4+6*المدخلات!$B$5/1440+المدخلات!$B$5/1440))-1,12)+1&":"&TEXT(MINUTE((المدخلات!$B$4+6*المدخلات!$B$5/1440+المدخلات!$B$5/1440)),"00")&IF(HOUR((المدخلات!$B$4+6*المدخلات!$B$5/1440))<12," ص"," م") -> 6:30–6:45 م | C38: 5 ضد 6 | D38: 1 ضد 4 | E38: 2 ضد 3
A39: اليوم 6 | B39: =MOD(HOUR((المدخلات!$B$4+0*المدخلات!$B$5/1440))-1,12)+1&":"&TEXT(MINUTE((المدخلات!$B$4+0*المدخلات!$B$5/1440)),"00")&"–"&MOD(HOUR((المدخلات!$B$4+0*المدخلات!$B$5/1440+المدخلات!$B$5/1440))-1,12)+1&":"&TEXT(MINUTE((المدخلات!$B$4+0*المدخلات!$B$5/1440+المدخلات!$B$5/1440)),"00")&IF(HOUR((المدخلات!$B$4+0*المدخلات!$B$5/1440))<12," ص"," م") -> 5:00–5:15 م | C39: 1 ضد 6 | D39: 2 ضد 5 | E39: 3 ضد 4 | F39: =COUNTIF(C39:E45,"* ضد *") -> 12 | G39: =F39*2/'ملخص البطولات'!$A$4 -> 4
B40: =MOD(HOUR((المدخلات!$B$4+1*المدخلات!$B$5/1440))-1,12)+1&":"&TEXT(MINUTE((المدخلات!$B$4+1*المدخلات!$B$5/1440)),"00")&"–"&MOD(HOUR((المدخلات!$B$4+1*المدخلات!$B$5/1440+المدخلات!$B$5/1440))-1,12)+1&":"&TEXT(MINUTE((المدخلات!$B$4+1*المدخلات!$B$5/1440+المدخلات!$B$5/1440)),"00")&IF(HOUR((المدخلات!$B$4+1*المدخلات!$B$5/1440))<12," ص"," م") -> 5:15–5:30 م | C40: استراحة (لا توجد مباريات)
B41: =MOD(HOUR((المدخلات!$B$4+2*المدخلات!$B$5/1440))-1,12)+1&":"&TEXT(MINUTE((المدخلات!$B$4+2*المدخلات!$B$5/1440)),"00")&"–"&MOD(HOUR((المدخلات!$B$4+2*المدخلات!$B$5/1440+المدخلات!$B$5/1440))-1,12)+1&":"&TEXT(MINUTE((المدخلات!$B$4+2*المدخلات!$B$5/1440+المدخلات!$B$5/1440)),"00")&IF(HOUR((المدخلات!$B$4+2*المدخلات!$B$5/1440))<12," ص"," م") -> 5:30–5:45 م | C41: 2 ضد 6 | D41: 1 ضد 3 | E41: 4 ضد 5
B42: =MOD(HOUR((المدخلات!$B$4+3*المدخلات!$B$5/1440))-1,12)+1&":"&TEXT(MINUTE((المدخلات!$B$4+3*المدخلات!$B$5/1440)),"00")&"–"&MOD(HOUR((المدخلات!$B$4+3*المدخلات!$B$5/1440+المدخلات!$B$5/1440))-1,12)+1&":"&TEXT(MINUTE((المدخلات!$B$4+3*المدخلات!$B$5/1440+المدخلات!$B$5/1440)),"00")&IF(HOUR((المدخلات!$B$4+3*المدخلات!$B$5/1440))<12," ص"," م") -> 5:45–6:00 م | C42: استراحة (لا توجد مباريات)
B43: =MOD(HOUR((المدخلات!$B$4+4*المدخلات!$B$5/1440))-1,12)+1&":"&TEXT(MINUTE((المدخلات!$B$4+4*المدخلات!$B$5/1440)),"00")&"–"&MOD(HOUR((المدخلات!$B$4+4*المدخلات!$B$5/1440+المدخلات!$B$5/1440))-1,12)+1&":"&TEXT(MINUTE((المدخلات!$B$4+4*المدخلات!$B$5/1440+المدخلات!$B$5/1440)),"00")&IF(HOUR((المدخلات!$B$4+4*المدخلات!$B$5/1440))<12," ص"," م") -> 6:00–6:15 م | C43: 3 ضد 6 | D43: 2 ضد 4 | E43: 1 ضد 5
B44: =MOD(HOUR((المدخلات!$B$4+5*المدخلات!$B$5/1440))-1,12)+1&":"&TEXT(MINUTE((المدخلات!$B$4+5*المدخلات!$B$5/1440)),"00")&"–"&MOD(HOUR((المدخلات!$B$4+5*المدخلات!$B$5/1440+المدخلات!$B$5/1440))-1,12)+1&":"&TEXT(MINUTE((المدخلات!$B$4+5*المدخلات!$B$5/1440+المدخلات!$B$5/1440)),"00")&IF(HOUR((المدخلات!$B$4+5*المدخلات!$B$5/1440))<12," ص"," م") -> 6:15–6:30 م | C44: استراحة (لا توجد مباريات)
B45: =MOD(HOUR((المدخلات!$B$4+6*المدخلات!$B$5/1440))-1,12)+1&":"&TEXT(MINUTE((المدخلات!$B$4+6*المدخلات!$B$5/1440)),"00")&"–"&MOD(HOUR((المدخلات!$B$4+6*المدخلات!$B$5/1440+المدخلات!$B$5/1440))-1,12)+1&":"&TEXT(MINUTE((المدخلات!$B$4+6*المدخلات!$B$5/1440+المدخلات!$B$5/1440)),"00")&IF(HOUR((المدخلات!$B$4+6*المدخلات!$B$5/1440))<12," ص"," م") -> 6:30–6:45 م | C45: 4 ضد 6 | D45: 3 ضد 5 | E45: 1 ضد 2
A46: اليوم 7 | B46: =MOD(HOUR((المدخلات!$B$4+0*المدخلات!$B$5/1440))-1,12)+1&":"&TEXT(MINUTE((المدخلات!$B$4+0*المدخلات!$B$5/1440)),"00")&"–"&MOD(HOUR((المدخلات!$B$4+0*المدخلات!$B$5/1440+المدخلات!$B$5/1440))-1,12)+1&":"&TEXT(MINUTE((المدخلات!$B$4+0*المدخلات!$B$5/1440+المدخلات!$B$5/1440)),"00")&IF(HOUR((المدخلات!$B$4+0*المدخلات!$B$5/1440))<12," ص"," م") -> 5:00–5:15 م | C46: 5 ضد 6 | D46: 1 ضد 4 | E46: 2 ضد 3 | F46: =COUNTIF(C46:E52,"* ضد *") -> 12 | G46: =F46*2/'ملخص البطولات'!$A$4 -> 4
B47: =MOD(HOUR((المدخلات!$B$4+1*المدخلات!$B$5/1440))-1,12)+1&":"&TEXT(MINUTE((المدخلات!$B$4+1*المدخلات!$B$5/1440)),"00")&"–"&MOD(HOUR((المدخلات!$B$4+1*المدخلات!$B$5/1440+المدخلات!$B$5/1440))-1,12)+1&":"&TEXT(MINUTE((المدخلات!$B$4+1*المدخلات!$B$5/1440+المدخلات!$B$5/1440)),"00")&IF(HOUR((المدخلات!$B$4+1*المدخلات!$B$5/1440))<12," ص"," م") -> 5:15–5:30 م | C47: استراحة (لا توجد مباريات)
B48: =MOD(HOUR((المدخلات!$B$4+2*المدخلات!$B$5/1440))-1,12)+1&":"&TEXT(MINUTE((المدخلات!$B$4+2*المدخلات!$B$5/1440)),"00")&"–"&MOD(HOUR((المدخلات!$B$4+2*المدخلات!$B$5/1440+المدخلات!$B$5/1440))-1,12)+1&":"&TEXT(MINUTE((المدخلات!$B$4+2*المدخلات!$B$5/1440+المدخلات!$B$5/1440)),"00")&IF(HOUR((المدخلات!$B$4+2*المدخلات!$B$5/1440))<12," ص"," م") -> 5:30–5:45 م | C48: 1 ضد 6 | D48: 2 ضد 5 | E48: 3 ضد 4
B49: =MOD(HOUR((المدخلات!$B$4+3*المدخلات!$B$5/1440))-1,12)+1&":"&TEXT(MINUTE((المدخلات!$B$4+3*المدخلات!$B$5/1440)),"00")&"–"&MOD(HOUR((المدخلات!$B$4+3*المدخلات!$B$5/1440+المدخلات!$B$5/1440))-1,12)+1&":"&TEXT(MINUTE((المدخلات!$B$4+3*المدخلات!$B$5/1440+المدخلات!$B$5/1440)),"00")&IF(HOUR((المدخلات!$B$4+3*المدخلات!$B$5/1440))<12," ص"," م") -> 5:45–6:00 م | C49: استراحة (لا توجد مباريات)
B50: =MOD(HOUR((المدخلات!$B$4+4*المدخلات!$B$5/1440))-1,12)+1&":"&TEXT(MINUTE((المدخلات!$B$4+4*المدخلات!$B$5/1440)),"00")&"–"&MOD(HOUR((المدخلات!$B$4+4*المدخلات!$B$5/1440+المدخلات!$B$5/1440))-1,12)+1&":"&TEXT(MINUTE((المدخلات!$B$4+4*المدخلات!$B$5/1440+المدخلات!$B$5/1440)),"00")&IF(HOUR((المدخلات!$B$4+4*المدخلات!$B$5/1440))<12," ص"," م") -> 6:00–6:15 م | C50: 2 ضد 6 | D50: 1 ضد 3 | E50: 4 ضد 5
B51: =MOD(HOUR((المدخلات!$B$4+5*المدخلات!$B$5/1440))-1,12)+1&":"&TEXT(MINUTE((المدخلات!$B$4+5*المدخلات!$B$5/1440)),"00")&"–"&MOD(HOUR((المدخلات!$B$4+5*المدخلات!$B$5/1440+المدخلات!$B$5/1440))-1,12)+1&":"&TEXT(MINUTE((المدخلات!$B$4+5*المدخلات!$B$5/1440+المدخلات!$B$5/1440)),"00")&IF(HOUR((المدخلات!$B$4+5*المدخلات!$B$5/1440))<12," ص"," م") -> 6:15–6:30 م | C51: استراحة (لا توجد مباريات)
B52: =MOD(HOUR((المدخلات!$B$4+6*المدخلات!$B$5/1440))-1,12)+1&":"&TEXT(MINUTE((المدخلات!$B$4+6*المدخلات!$B$5/1440)),"00")&"–"&MOD(HOUR((المدخلات!$B$4+6*المدخلات!$B$5/1440+المدخلات!$B$5/1440))-1,12)+1&":"&TEXT(MINUTE((المدخلات!$B$4+6*المدخلات!$B$5/1440+المدخلات!$B$5/1440)),"00")&IF(HOUR((المدخلات!$B$4+6*المدخلات!$B$5/1440))<12," ص"," م") -> 6:30–6:45 م | C52: 3 ضد 6 | D52: 2 ضد 4 | E52: 1 ضد 5
A55: جدول تكرار لقاء الأزواج — كم مرة يلتقي كل فريقين خلال الموسم
A56: فريق \ فريق | B56: 1 | C56: 2 | D56: 3 | E56: 4 | F56: 5 | G56: 6
A57: 1 | B57: =IF($A57=B$56,"",COUNTIF($C$4:$E$52,$A57&" ضد "&B$56)+COUNTIF($C$4:$E$52,B$56&" ضد "&$A57)) | C57: =IF($A57=C$56,"",COUNTIF($C$4:$E$52,$A57&" ضد "&C$56)+COUNTIF($C$4:$E$52,C$56&" ضد "&$A57)) -> 5 | D57: =IF($A57=D$56,"",COUNTIF($C$4:$E$52,$A57&" ضد "&D$56)+COUNTIF($C$4:$E$52,D$56&" ضد "&$A57)) -> 6 | E57: =IF($A57=E$56,"",COUNTIF($C$4:$E$52,$A57&" ضد "&E$56)+COUNTIF($C$4:$E$52,E$56&" ضد "&$A57)) -> 5 | F57: =IF($A57=F$56,"",COUNTIF($C$4:$E$52,$A57&" ضد "&F$56)+COUNTIF($C$4:$E$52,F$56&" ضد "&$A57)) -> 6 | G57: =IF($A57=G$56,"",COUNTIF($C$4:$E$52,$A57&" ضد "&G$56)+COUNTIF($C$4:$E$52,G$56&" ضد "&$A57)) -> 6
A58: 2 | B58: =IF($A58=B$56,"",COUNTIF($C$4:$E$52,$A58&" ضد "&B$56)+COUNTIF($C$4:$E$52,B$56&" ضد "&$A58)) -> 5 | C58: =IF($A58=C$56,"",COUNTIF($C$4:$E$52,$A58&" ضد "&C$56)+COUNTIF($C$4:$E$52,C$56&" ضد "&$A58)) | D58: =IF($A58=D$56,"",COUNTIF($C$4:$E$52,$A58&" ضد "&D$56)+COUNTIF($C$4:$E$52,D$56&" ضد "&$A58)) -> 5 | E58: =IF($A58=E$56,"",COUNTIF($C$4:$E$52,$A58&" ضد "&E$56)+COUNTIF($C$4:$E$52,E$56&" ضد "&$A58)) -> 6 | F58: =IF($A58=F$56,"",COUNTIF($C$4:$E$52,$A58&" ضد "&F$56)+COUNTIF($C$4:$E$52,F$56&" ضد "&$A58)) -> 6 | G58: =IF($A58=G$56,"",COUNTIF($C$4:$E$52,$A58&" ضد "&G$56)+COUNTIF($C$4:$E$52,G$56&" ضد "&$A58)) -> 6
A59: 3 | B59: =IF($A59=B$56,"",COUNTIF($C$4:$E$52,$A59&" ضد "&B$56)+COUNTIF($C$4:$E$52,B$56&" ضد "&$A59)) -> 6 | C59: =IF($A59=C$56,"",COUNTIF($C$4:$E$52,$A59&" ضد "&C$56)+COUNTIF($C$4:$E$52,C$56&" ضد "&$A59)) -> 5 | D59: =IF($A59=D$56,"",COUNTIF($C$4:$E$52,$A59&" ضد "&D$56)+COUNTIF($C$4:$E$52,D$56&" ضد "&$A59)) | E59: =IF($A59=E$56,"",COUNTIF($C$4:$E$52,$A59&" ضد "&E$56)+COUNTIF($C$4:$E$52,E$56&" ضد "&$A59)) -> 6 | F59: =IF($A59=F$56,"",COUNTIF($C$4:$E$52,$A59&" ضد "&F$56)+COUNTIF($C$4:$E$52,F$56&" ضد "&$A59)) -> 5 | G59: =IF($A59=G$56,"",COUNTIF($C$4:$E$52,$A59&" ضد "&G$56)+COUNTIF($C$4:$E$52,G$56&" ضد "&$A59)) -> 6
A60: 4 | B60: =IF($A60=B$56,"",COUNTIF($C$4:$E$52,$A60&" ضد "&B$56)+COUNTIF($C$4:$E$52,B$56&" ضد "&$A60)) -> 5 | C60: =IF($A60=C$56,"",COUNTIF($C$4:$E$52,$A60&" ضد "&C$56)+COUNTIF($C$4:$E$52,C$56&" ضد "&$A60)) -> 6 | D60: =IF($A60=D$56,"",COUNTIF($C$4:$E$52,$A60&" ضد "&D$56)+COUNTIF($C$4:$E$52,D$56&" ضد "&$A60)) -> 6 | E60: =IF($A60=E$56,"",COUNTIF($C$4:$E$52,$A60&" ضد "&E$56)+COUNTIF($C$4:$E$52,E$56&" ضد "&$A60)) | F60: =IF($A60=F$56,"",COUNTIF($C$4:$E$52,$A60&" ضد "&F$56)+COUNTIF($C$4:$E$52,F$56&" ضد "&$A60)) -> 6 | G60: =IF($A60=G$56,"",COUNTIF($C$4:$E$52,$A60&" ضد "&G$56)+COUNTIF($C$4:$E$52,G$56&" ضد "&$A60)) -> 5
A61: 5 | B61: =IF($A61=B$56,"",COUNTIF($C$4:$E$52,$A61&" ضد "&B$56)+COUNTIF($C$4:$E$52,B$56&" ضد "&$A61)) -> 6 | C61: =IF($A61=C$56,"",COUNTIF($C$4:$E$52,$A61&" ضد "&C$56)+COUNTIF($C$4:$E$52,C$56&" ضد "&$A61)) -> 6 | D61: =IF($A61=D$56,"",COUNTIF($C$4:$E$52,$A61&" ضد "&D$56)+COUNTIF($C$4:$E$52,D$56&" ضد "&$A61)) -> 5 | E61: =IF($A61=E$56,"",COUNTIF($C$4:$E$52,$A61&" ضد "&E$56)+COUNTIF($C$4:$E$52,E$56&" ضد "&$A61)) -> 6 | F61: =IF($A61=F$56,"",COUNTIF($C$4:$E$52,$A61&" ضد "&F$56)+COUNTIF($C$4:$E$52,F$56&" ضد "&$A61)) | G61: =IF($A61=G$56,"",COUNTIF($C$4:$E$52,$A61&" ضد "&G$56)+COUNTIF($C$4:$E$52,G$56&" ضد "&$A61)) -> 5
A62: 6 | B62: =IF($A62=B$56,"",COUNTIF($C$4:$E$52,$A62&" ضد "&B$56)+COUNTIF($C$4:$E$52,B$56&" ضد "&$A62)) -> 6 | C62: =IF($A62=C$56,"",COUNTIF($C$4:$E$52,$A62&" ضد "&C$56)+COUNTIF($C$4:$E$52,C$56&" ضد "&$A62)) -> 6 | D62: =IF($A62=D$56,"",COUNTIF($C$4:$E$52,$A62&" ضد "&D$56)+COUNTIF($C$4:$E$52,D$56&" ضد "&$A62)) -> 6 | E62: =IF($A62=E$56,"",COUNTIF($C$4:$E$52,$A62&" ضد "&E$56)+COUNTIF($C$4:$E$52,E$56&" ضد "&$A62)) -> 5 | F62: =IF($A62=F$56,"",COUNTIF($C$4:$E$52,$A62&" ضد "&F$56)+COUNTIF($C$4:$E$52,F$56&" ضد "&$A62)) -> 5 | G62: =IF($A62=G$56,"",COUNTIF($C$4:$E$52,$A62&" ضد "&G$56)+COUNTIF($C$4:$E$52,G$56&" ضد "&$A62))
A63: أقل تكرار | B63: =MIN(B57:G62) -> 5
A64: أعلى تكرار | B64: =MAX(B57:G62) -> 6

Sheet 7 فرق
A1: جدول مباريات المجموعات التي فيها 7 فرق
A3: اليوم | B3: الوقت | C3: ملعب 1 | D3: ملعب 2 | E3: ملعب 3 | F3: مجموع مباريات اليوم | G3: مباريات كل فريق في اليوم
A4: اليوم 1 | B4: =MOD(HOUR((المدخلات!$B$4+0*المدخلات!$B$5/1440))-1,12)+1&":"&TEXT(MINUTE((المدخلات!$B$4+0*المدخلات!$B$5/1440)),"00")&"–"&MOD(HOUR((المدخلات!$B$4+0*المدخلات!$B$5/1440+المدخلات!$B$5/1440))-1,12)+1&":"&TEXT(MINUTE((المدخلات!$B$4+0*المدخلات!$B$5/1440+المدخلات!$B$5/1440)),"00")&IF(HOUR((المدخلات!$B$4+0*المدخلات!$B$5/1440))<12," ص"," م") -> 5:00–5:15 م | C4: 5 ضد 6 | D4: 1 ضد 3 | F4: =COUNTIF(C4:E12,"* ضد *") -> 14 | G4: =F4*2/'ملخص البطولات'!$A$5 -> 4
B5: =MOD(HOUR((المدخلات!$B$4+1*المدخلات!$B$5/1440))-1,12)+1&":"&TEXT(MINUTE((المدخلات!$B$4+1*المدخلات!$B$5/1440)),"00")&"–"&MOD(HOUR((المدخلات!$B$4+1*المدخلات!$B$5/1440+المدخلات!$B$5/1440))-1,12)+1&":"&TEXT(MINUTE((المدخلات!$B$4+1*المدخلات!$B$5/1440+المدخلات!$B$5/1440)),"00")&IF(HOUR((المدخلات!$B$4+1*المدخلات!$B$5/1440))<12," ص"," م") -> 5:15–5:30 م | C5: 2 ضد 4
B6: =MOD(HOUR((المدخلات!$B$4+2*المدخلات!$B$5/1440))-1,12)+1&":"&TEXT(MINUTE((المدخلات!$B$4+2*المدخلات!$B$5/1440)),"00")&"–"&MOD(HOUR((المدخلات!$B$4+2*المدخلات!$B$5/1440+المدخلات!$B$5/1440))-1,12)+1&":"&TEXT(MINUTE((المدخلات!$B$4+2*المدخلات!$B$5/1440+المدخلات!$B$5/1440)),"00")&IF(HOUR((المدخلات!$B$4+2*المدخلات!$B$5/1440))<12," ص"," م") -> 5:30–5:45 م | C6: 1 ضد 7 | D6: 3 ضد 5
B7: =MOD(HOUR((المدخلات!$B$4+3*المدخلات!$B$5/1440))-1,12)+1&":"&TEXT(MINUTE((المدخلات!$B$4+3*المدخلات!$B$5/1440)),"00")&"–"&MOD(HOUR((المدخلات!$B$4+3*المدخلات!$B$5/1440+المدخلات!$B$5/1440))-1,12)+1&":"&TEXT(MINUTE((المدخلات!$B$4+3*المدخلات!$B$5/1440+المدخلات!$B$5/1440)),"00")&IF(HOUR((المدخلات!$B$4+3*المدخلات!$B$5/1440))<12," ص"," م") -> 5:45–6:00 م | C7: 4 ضد 6
B8: =MOD(HOUR((المدخلات!$B$4+4*المدخلات!$B$5/1440))-1,12)+1&":"&TEXT(MINUTE((المدخلات!$B$4+4*المدخلات!$B$5/1440)),"00")&"–"&MOD(HOUR((المدخلات!$B$4+4*المدخلات!$B$5/1440+المدخلات!$B$5/1440))-1,12)+1&":"&TEXT(MINUTE((المدخلات!$B$4+4*المدخلات!$B$5/1440+المدخلات!$B$5/1440)),"00")&IF(HOUR((المدخلات!$B$4+4*المدخلات!$B$5/1440))<12," ص"," م") -> 6:00–6:15 م | C8: 1 ضد 2 | D8: 5 ضد 7
B9: =MOD(HOUR((المدخلات!$B$4+5*المدخلات!$B$5/1440))-1,12)+1&":"&TEXT(MINUTE((المدخلات!$B$4+5*المدخلات!$B$5/1440)),"00")&"–"&MOD(HOUR((المدخلات!$B$4+5*المدخلات!$B$5/1440+المدخلات!$B$5/1440))-1,12)+1&":"&TEXT(MINUTE((المدخلات!$B$4+5*المدخلات!$B$5/1440+المدخلات!$B$5/1440)),"00")&IF(HOUR((المدخلات!$B$4+5*المدخلات!$B$5/1440))<12," ص"," م") -> 6:15–6:30 م | C9: 3 ضد 4
B10: =MOD(HOUR((المدخلات!$B$4+6*المدخلات!$B$5/1440))-1,12)+1&":"&TEXT(MINUTE((المدخلات!$B$4+6*المدخلات!$B$5/1440)),"00")&"–"&MOD(HOUR((المدخلات!$B$4+6*المدخلات!$B$5/1440+المدخلات!$B$5/1440))-1,12)+1&":"&TEXT(MINUTE((المدخلات!$B$4+6*المدخلات!$B$5/1440+المدخلات!$B$5/1440)),"00")&IF(HOUR((المدخلات!$B$4+6*المدخلات!$B$5/1440))<12," ص"," م") -> 6:30–6:45 م | C10: 2 ضد 7 | D10: 1 ضد 6
B11: =MOD(HOUR((المدخلات!$B$4+7*المدخلات!$B$5/1440))-1,12)+1&":"&TEXT(MINUTE((المدخلات!$B$4+7*المدخلات!$B$5/1440)),"00")&"–"&MOD(HOUR((المدخلات!$B$4+7*المدخلات!$B$5/1440+المدخلات!$B$5/1440))-1,12)+1&":"&TEXT(MINUTE((المدخلات!$B$4+7*المدخلات!$B$5/1440+المدخلات!$B$5/1440)),"00")&IF(HOUR((المدخلات!$B$4+7*المدخلات!$B$5/1440))<12," ص"," م") -> 6:45–7:00 م | C11: 4 ضد 5
B12: =MOD(HOUR((المدخلات!$B$4+8*المدخلات!$B$5/1440))-1,12)+1&":"&TEXT(MINUTE((المدخلات!$B$4+8*المدخلات!$B$5/1440)),"00")&"–"&MOD(HOUR((المدخلات!$B$4+8*المدخلات!$B$5/1440+المدخلات!$B$5/1440))-1,12)+1&":"&TEXT(MINUTE((المدخلات!$B$4+8*المدخلات!$B$5/1440+المدخلات!$B$5/1440)),"00")&IF(HOUR((المدخلات!$B$4+8*المدخلات!$B$5/1440))<12," ص"," م") -> 7:00–7:15 م | C12: 2 ضد 3 | D12: 6 ضد 7
A13: اليوم 2 | B13: =MOD(HOUR((المدخلات!$B$4+0*المدخلات!$B$5/1440))-1,12)+1&":"&TEXT(MINUTE((المدخلات!$B$4+0*المدخلات!$B$5/1440)),"00")&"–"&MOD(HOUR((المدخلات!$B$4+0*المدخلات!$B$5/1440+المدخلات!$B$5/1440))-1,12)+1&":"&TEXT(MINUTE((المدخلات!$B$4+0*المدخلات!$B$5/1440+المدخلات!$B$5/1440)),"00")&IF(HOUR((المدخلات!$B$4+0*المدخلات!$B$5/1440))<12," ص"," م") -> 5:00–5:15 م | C13: 1 ضد 4 | D13: 2 ضد 6 | F13: =COUNTIF(C13:E21,"* ضد *") -> 14 | G13: =F13*2/'ملخص البطولات'!$A$5 -> 4
B14: =MOD(HOUR((المدخلات!$B$4+1*المدخلات!$B$5/1440))-1,12)+1&":"&TEXT(MINUTE((المدخلات!$B$4+1*المدخلات!$B$5/1440)),"00")&"–"&MOD(HOUR((المدخلات!$B$4+1*المدخلات!$B$5/1440+المدخلات!$B$5/1440))-1,12)+1&":"&TEXT(MINUTE((المدخلات!$B$4+1*المدخلات!$B$5/1440+المدخلات!$B$5/1440)),"00")&IF(HOUR((المدخلات!$B$4+1*المدخلات!$B$5/1440))<12," ص"," م") -> 5:15–5:30 م | C14: 3 ضد 7
B15: =MOD(HOUR((المدخلات!$B$4+2*المدخلات!$B$5/1440))-1,12)+1&":"&TEXT(MINUTE((المدخلات!$B$4+2*المدخلات!$B$5/1440)),"00")&"–"&MOD(HOUR((المدخلات!$B$4+2*المدخلات!$B$5/1440+المدخلات!$B$5/1440))-1,12)+1&":"&TEXT(MINUTE((المدخلات!$B$4+2*المدخلات!$B$5/1440+المدخلات!$B$5/1440)),"00")&IF(HOUR((المدخلات!$B$4+2*المدخلات!$B$5/1440))<12," ص"," م") -> 5:30–5:45 م | C15: 1 ضد 2 | D15: 4 ضد 5
B16: =MOD(HOUR((المدخلات!$B$4+3*المدخلات!$B$5/1440))-1,12)+1&":"&TEXT(MINUTE((المدخلات!$B$4+3*المدخلات!$B$5/1440)),"00")&"–"&MOD(HOUR((المدخلات!$B$4+3*المدخلات!$B$5/1440+المدخلات!$B$5/1440))-1,12)+1&":"&TEXT(MINUTE((المدخلات!$B$4+3*المدخلات!$B$5/1440+المدخلات!$B$5/1440)),"00")&IF(HOUR((المدخلات!$B$4+3*المدخلات!$B$5/1440))<12," ص"," م") -> 5:45–6:00 م | C16: 6 ضد 7
B17: =MOD(HOUR((المدخلات!$B$4+4*المدخلات!$B$5/1440))-1,12)+1&":"&TEXT(MINUTE((المدخلات!$B$4+4*المدخلات!$B$5/1440)),"00")&"–"&MOD(HOUR((المدخلات!$B$4+4*المدخلات!$B$5/1440+المدخلات!$B$5/1440))-1,12)+1&":"&TEXT(MINUTE((المدخلات!$B$4+4*المدخلات!$B$5/1440+المدخلات!$B$5/1440)),"00")&IF(HOUR((المدخلات!$B$4+4*المدخلات!$B$5/1440))<12," ص"," م") -> 6:00–6:15 م | C17: 2 ضد 5 | D17: 3 ضد 4
B18: =MOD(HOUR((المدخلات!$B$4+5*المدخلات!$B$5/1440))-1,12)+1&":"&TEXT(MINUTE((المدخلات!$B$4+5*المدخلات!$B$5/1440)),"00")&"–"&MOD(HOUR((المدخلات!$B$4+5*المدخلات!$B$5/1440+المدخلات!$B$5/1440))-1,12)+1&":"&TEXT(MINUTE((المدخلات!$B$4+5*المدخلات!$B$5/1440+المدخلات!$B$5/1440)),"00")&IF(HOUR((المدخلات!$B$4+5*المدخلات!$B$5/1440))<12," ص"," م") -> 6:15–6:30 م | C18: 1 ضد 7
B19: =MOD(HOUR((المدخلات!$B$4+6*المدخلات!$B$5/1440))-1,12)+1&":"&TEXT(MINUTE((المدخلات!$B$4+6*المدخلات!$B$5/1440)),"00")&"–"&MOD(HOUR((المدخلات!$B$4+6*المدخلات!$B$5/1440+المدخلات!$B$5/1440))-1,12)+1&":"&TEXT(MINUTE((المدخلات!$B$4+6*المدخلات!$B$5/1440+المدخلات!$B$5/1440)),"00")&IF(HOUR((المدخلات!$B$4+6*المدخلات!$B$5/1440))<12," ص"," م") -> 6:30–6:45 م | C19: 5 ضد 6 | D19: 2 ضد 3
B20: =MOD(HOUR((المدخلات!$B$4+7*المدخلات!$B$5/1440))-1,12)+1&":"&TEXT(MINUTE((المدخلات!$B$4+7*المدخلات!$B$5/1440)),"00")&"–"&MOD(HOUR((المدخلات!$B$4+7*المدخلات!$B$5/1440+المدخلات!$B$5/1440))-1,12)+1&":"&TEXT(MINUTE((المدخلات!$B$4+7*المدخلات!$B$5/1440+المدخلات!$B$5/1440)),"00")&IF(HOUR((المدخلات!$B$4+7*المدخلات!$B$5/1440))<12," ص"," م") -> 6:45–7:00 م | C20: 4 ضد 7
B21: =MOD(HOUR((المدخلات!$B$4+8*المدخلات!$B$5/1440))-1,12)+1&":"&TEXT(MINUTE((المدخلات!$B$4+8*المدخلات!$B$5/1440)),"00")&"–"&MOD(HOUR((المدخلات!$B$4+8*المدخلات!$B$5/1440+المدخلات!$B$5/1440))-1,12)+1&":"&TEXT(MINUTE((المدخلات!$B$4+8*المدخلات!$B$5/1440+المدخلات!$B$5/1440)),"00")&IF(HOUR((المدخلات!$B$4+8*المدخلات!$B$5/1440))<12," ص"," م") -> 7:00–7:15 م | C21: 1 ضد 5 | D21: 3 ضد 6
A22: اليوم 3 | B22: =MOD(HOUR((المدخلات!$B$4+0*المدخلات!$B$5/1440))-1,12)+1&":"&TEXT(MINUTE((المدخلات!$B$4+0*المدخلات!$B$5/1440)),"00")&"–"&MOD(HOUR((المدخلات!$B$4+0*المدخلات!$B$5/1440+المدخلات!$B$5/1440))-1,12)+1&":"&TEXT(MINUTE((المدخلات!$B$4+0*المدخلات!$B$5/1440+المدخلات!$B$5/1440)),"00")&IF(HOUR((المدخلات!$B$4+0*المدخلات!$B$5/1440))<12," ص"," م") -> 5:00–5:15 م | C22: 2 ضد 6 | D22: 3 ضد 5 | F22: =COUNTIF(C22:E30,"* ضد *") -> 14 | G22: =F22*2/'ملخص البطولات'!$A$5 -> 4
B23: =MOD(HOUR((المدخلات!$B$4+1*المدخلات!$B$5/1440))-1,12)+1&":"&TEXT(MINUTE((المدخلات!$B$4+1*المدخلات!$B$5/1440)),"00")&"–"&MOD(HOUR((المدخلات!$B$4+1*المدخلات!$B$5/1440+المدخلات!$B$5/1440))-1,12)+1&":"&TEXT(MINUTE((المدخلات!$B$4+1*المدخلات!$B$5/1440+المدخلات!$B$5/1440)),"00")&IF(HOUR((المدخلات!$B$4+1*المدخلات!$B$5/1440))<12," ص"," م") -> 5:15–5:30 م | C23: 1 ضد 4
B24: =MOD(HOUR((المدخلات!$B$4+2*المدخلات!$B$5/1440))-1,12)+1&":"&TEXT(MINUTE((المدخلات!$B$4+2*المدخلات!$B$5/1440)),"00")&"–"&MOD(HOUR((المدخلات!$B$4+2*المدخلات!$B$5/1440+المدخلات!$B$5/1440))-1,12)+1&":"&TEXT(MINUTE((المدخلات!$B$4+2*المدخلات!$B$5/1440+المدخلات!$B$5/1440)),"00")&IF(HOUR((المدخلات!$B$4+2*المدخلات!$B$5/1440))<12," ص"," م") -> 5:30–5:45 م | C24: 2 ضد 7 | D24: 3 ضد 6
B25: =MOD(HOUR((المدخلات!$B$4+3*المدخلات!$B$5/1440))-1,12)+1&":"&TEXT(MINUTE((المدخلات!$B$4+3*المدخلات!$B$5/1440)),"00")&"–"&MOD(HOUR((المدخلات!$B$4+3*المدخلات!$B$5/1440+المدخلات!$B$5/1440))-1,12)+1&":"&TEXT(MINUTE((المدخلات!$B$4+3*المدخلات!$B$5/1440+المدخلات!$B$5/1440)),"00")&IF(HOUR((المدخلات!$B$4+3*المدخلات!$B$5/1440))<12," ص"," م") -> 5:45–6:00 م | C25: 1 ضد 5
B26: =MOD(HOUR((المدخلات!$B$4+4*المدخلات!$B$5/1440))-1,12)+1&":"&TEXT(MINUTE((المدخلات!$B$4+4*المدخلات!$B$5/1440)),"00")&"–"&MOD(HOUR((المدخلات!$B$4+4*المدخلات!$B$5/1440+المدخلات!$B$5/1440))-1,12)+1&":"&TEXT(MINUTE((المدخلات!$B$4+4*المدخلات!$B$5/1440+المدخلات!$B$5/1440)),"00")&IF(HOUR((المدخلات!$B$4+4*المدخلات!$B$5/1440))<12," ص"," م") -> 6:00–6:15 م | C26: 2 ضد 4 | D26: 3 ضد 7
B27: =MOD(HOUR((المدخلات!$B$4+5*المدخلات!$B$5/1440))-1,12)+1&":"&TEXT(MINUTE((المدخلات!$B$4+5*المدخلات!$B$5/1440)),"00")&"–"&MOD(HOUR((المدخلات!$B$4+5*المدخلات!$B$5/1440+المدخلات!$B$5/1440))-1,12)+1&":"&TEXT(MINUTE((المدخلات!$B$4+5*المدخلات!$B$5/1440+المدخلات!$B$5/1440)),"00")&IF(HOUR((المدخلات!$B$4+5*المدخلات!$B$5/1440))<12," ص"," م") -> 6:15–6:30 م | C27: 1 ضد 6
B28: =MOD(HOUR((المدخلات!$B$4+6*المدخلات!$B$5/1440))-1,12)+1&":"&TEXT(MINUTE((المدخلات!$B$4+6*المدخلات!$B$5/1440)),"00")&"–"&MOD(HOUR((المدخلات!$B$4+6*المدخلات!$B$5/1440+المدخلات!$B$5/1440))-1,12)+1&":"&TEXT(MINUTE((المدخلات!$B$4+6*المدخلات!$B$5/1440+المدخلات!$B$5/1440)),"00")&IF(HOUR((المدخلات!$B$4+6*المدخلات!$B$5/1440))<12," ص"," م") -> 6:30–6:45 م | C28: 4 ضد 7 | D28: 2 ضد 5
B29: =MOD(HOUR((المدخلات!$B$4+7*المدخلات!$B$5/1440))-1,12)+1&":"&TEXT(MINUTE((المدخلات!$B$4+7*المدخلات!$B$5/1440)),"00")&"–"&MOD(HOUR((المدخلات!$B$4+7*المدخلات!$B$5/1440+المدخلات!$B$5/1440))-1,12)+1&":"&TEXT(MINUTE((المدخلات!$B$4+7*المدخلات!$B$5/1440+المدخلات!$B$5/1440)),"00")&IF(HOUR((المدخلات!$B$4+7*المدخلات!$B$5/1440))<12," ص"," م") -> 6:45–7:00 م | C29: 1 ضد 3
B30: =MOD(HOUR((المدخلات!$B$4+8*المدخلات!$B$5/1440))-1,12)+1&":"&TEXT(MINUTE((المدخلات!$B$4+8*المدخلات!$B$5/1440)),"00")&"–"&MOD(HOUR((المدخلات!$B$4+8*المدخلات!$B$5/1440+المدخلات!$B$5/1440))-1,12)+1&":"&TEXT(MINUTE((المدخلات!$B$4+8*المدخلات!$B$5/1440+المدخلات!$B$5/1440)),"00")&IF(HOUR((المدخلات!$B$4+8*المدخلات!$B$5/1440))<12," ص"," م") -> 7:00–7:15 م | C30: 5 ضد 7 | D30: 4 ضد 6
A31: اليوم 4 | B31: =MOD(HOUR((المدخلات!$B$4+0*المدخلات!$B$5/1440))-1,12)+1&":"&TEXT(MINUTE((المدخلات!$B$4+0*المدخلات!$B$5/1440)),"00")&"–"&MOD(HOUR((المدخلات!$B$4+0*المدخلات!$B$5/1440+المدخلات!$B$5/1440))-1,12)+1&":"&TEXT(MINUTE((المدخلات!$B$4+0*المدخلات!$B$5/1440+المدخلات!$B$5/1440)),"00")&IF(HOUR((المدخلات!$B$4+0*المدخلات!$B$5/1440))<12," ص"," م") -> 5:00–5:15 م | C31: 4 ضد 5 | D31: 1 ضد 7 | F31: =COUNTIF(C31:E39,"* ضد *") -> 14 | G31: =F31*2/'ملخص البطولات'!$A$5 -> 4
B32: =MOD(HOUR((المدخلات!$B$4+1*المدخلات!$B$5/1440))-1,12)+1&":"&TEXT(MINUTE((المدخلات!$B$4+1*المدخلات!$B$5/1440)),"00")&"–"&MOD(HOUR((المدخلات!$B$4+1*المدخلات!$B$5/1440+المدخلات!$B$5/1440))-1,12)+1&":"&TEXT(MINUTE((المدخلات!$B$4+1*المدخلات!$B$5/1440+المدخلات!$B$5/1440)),"00")&IF(HOUR((المدخلات!$B$4+1*المدخلات!$B$5/1440))<12," ص"," م") -> 5:15–5:30 م | C32: 2 ضد 3
B33: =MOD(HOUR((المدخلات!$B$4+2*المدخلات!$B$5/1440))-1,12)+1&":"&TEXT(MINUTE((المدخلات!$B$4+2*المدخلات!$B$5/1440)),"00")&"–"&MOD(HOUR((المدخلات!$B$4+2*المدخلات!$B$5/1440+المدخلات!$B$5/1440))-1,12)+1&":"&TEXT(MINUTE((المدخلات!$B$4+2*المدخلات!$B$5/1440+المدخلات!$B$5/1440)),"00")&IF(HOUR((المدخلات!$B$4+2*المدخلات!$B$5/1440))<12," ص"," م") -> 5:30–5:45 م | C33: 5 ضد 7 | D33: 4 ضد 6
B34: =MOD(HOUR((المدخلات!$B$4+3*المدخلات!$B$5/1440))-1,12)+1&":"&TEXT(MINUTE((المدخلات!$B$4+3*المدخلات!$B$5/1440)),"00")&"–"&MOD(HOUR((المدخلات!$B$4+3*المدخلات!$B$5/1440+المدخلات!$B$5/1440))-1,12)+1&":"&TEXT(MINUTE((المدخلات!$B$4+3*المدخلات!$B$5/1440+المدخلات!$B$5/1440)),"00")&IF(HOUR((المدخلات!$B$4+3*المدخلات!$B$5/1440))<12," ص"," م") -> 5:45–6:00 م | C34: 1 ضد 3
B35: =MOD(HOUR((المدخلات!$B$4+4*المدخلات!$B$5/1440))-1,12)+1&":"&TEXT(MINUTE((المدخلات!$B$4+4*المدخلات!$B$5/1440)),"00")&"–"&MOD(HOUR((المدخلات!$B$4+4*المدخلات!$B$5/1440+المدخلات!$B$5/1440))-1,12)+1&":"&TEXT(MINUTE((المدخلات!$B$4+4*المدخلات!$B$5/1440+المدخلات!$B$5/1440)),"00")&IF(HOUR((المدخلات!$B$4+4*المدخلات!$B$5/1440))<12," ص"," م") -> 6:00–6:15 م | C35: 6 ضد 7 | D35: 2 ضد 4
B36: =MOD(HOUR((المدخلات!$B$4+5*المدخلات!$B$5/1440))-1,12)+1&":"&TEXT(MINUTE((المدخلات!$B$4+5*المدخلات!$B$5/1440)),"00")&"–"&MOD(HOUR((المدخلات!$B$4+5*المدخلات!$B$5/1440+المدخلات!$B$5/1440))-1,12)+1&":"&TEXT(MINUTE((المدخلات!$B$4+5*المدخلات!$B$5/1440+المدخلات!$B$5/1440)),"00")&IF(HOUR((المدخلات!$B$4+5*المدخلات!$B$5/1440))<12," ص"," م") -> 6:15–6:30 م | C36: 3 ضد 5
B37: =MOD(HOUR((المدخلات!$B$4+6*المدخلات!$B$5/1440))-1,12)+1&":"&TEXT(MINUTE((المدخلات!$B$4+6*المدخلات!$B$5/1440)),"00")&"–"&MOD(HOUR((المدخلات!$B$4+6*المدخلات!$B$5/1440+المدخلات!$B$5/1440))-1,12)+1&":"&TEXT(MINUTE((المدخلات!$B$4+6*المدخلات!$B$5/1440+المدخلات!$B$5/1440)),"00")&IF(HOUR((المدخلات!$B$4+6*المدخلات!$B$5/1440))<12," ص"," م") -> 6:30–6:45 م | C37: 1 ضد 6 | D37: 2 ضد 7
B38: =MOD(HOUR((المدخلات!$B$4+7*المدخلات!$B$5/1440))-1,12)+1&":"&TEXT(MINUTE((المدخلات!$B$4+7*المدخلات!$B$5/1440)),"00")&"–"&MOD(HOUR((المدخلات!$B$4+7*المدخلات!$B$5/1440+المدخلات!$B$5/1440))-1,12)+1&":"&TEXT(MINUTE((المدخلات!$B$4+7*المدخلات!$B$5/1440+المدخلات!$B$5/1440)),"00")&IF(HOUR((المدخلات!$B$4+7*المدخلات!$B$5/1440))<12," ص"," م") -> 6:45–7:00 م | C38: 3 ضد 4
B39: =MOD(HOUR((المدخلات!$B$4+8*المدخلات!$B$5/1440))-1,12)+1&":"&TEXT(MINUTE((المدخلات!$B$4+8*المدخلات!$B$5/1440)),"00")&"–"&MOD(HOUR((المدخلات!$B$4+8*المدخلات!$B$5/1440+المدخلات!$B$5/1440))-1,12)+1&":"&TEXT(MINUTE((المدخلات!$B$4+8*المدخلات!$B$5/1440+المدخلات!$B$5/1440)),"00")&IF(HOUR((المدخلات!$B$4+8*المدخلات!$B$5/1440))<12," ص"," م") -> 7:00–7:15 م | C39: 1 ضد 2 | D39: 5 ضد 6
A40: اليوم 5 | B40: =MOD(HOUR((المدخلات!$B$4+0*المدخلات!$B$5/1440))-1,12)+1&":"&TEXT(MINUTE((المدخلات!$B$4+0*المدخلات!$B$5/1440)),"00")&"–"&MOD(HOUR((المدخلات!$B$4+0*المدخلات!$B$5/1440+المدخلات!$B$5/1440))-1,12)+1&":"&TEXT(MINUTE((المدخلات!$B$4+0*المدخلات!$B$5/1440+المدخلات!$B$5/1440)),"00")&IF(HOUR((المدخلات!$B$4+0*المدخلات!$B$5/1440))<12," ص"," م") -> 5:00–5:15 م | C40: 2 ضد 3 | D40: 4 ضد 7 | F40: =COUNTIF(C40:E48,"* ضد *") -> 14 | G40: =F40*2/'ملخص البطولات'!$A$5 -> 4
B41: =MOD(HOUR((المدخلات!$B$4+1*المدخلات!$B$5/1440))-1,12)+1&":"&TEXT(MINUTE((المدخلات!$B$4+1*المدخلات!$B$5/1440)),"00")&"–"&MOD(HOUR((المدخلات!$B$4+1*المدخلات!$B$5/1440+المدخلات!$B$5/1440))-1,12)+1&":"&TEXT(MINUTE((المدخلات!$B$4+1*المدخلات!$B$5/1440+المدخلات!$B$5/1440)),"00")&IF(HOUR((المدخلات!$B$4+1*المدخلات!$B$5/1440))<12," ص"," م") -> 5:15–5:30 م | C41: 5 ضد 6
B42: =MOD(HOUR((المدخلات!$B$4+2*المدخلات!$B$5/1440))-1,12)+1&":"&TEXT(MINUTE((المدخلات!$B$4+2*المدخلات!$B$5/1440)),"00")&"–"&MOD(HOUR((المدخلات!$B$4+2*المدخلات!$B$5/1440+المدخلات!$B$5/1440))-1,12)+1&":"&TEXT(MINUTE((المدخلات!$B$4+2*المدخلات!$B$5/1440+المدخلات!$B$5/1440)),"00")&IF(HOUR((المدخلات!$B$4+2*المدخلات!$B$5/1440))<12," ص"," م") -> 5:30–5:45 م | C42: 3 ضد 7 | D42: 1 ضد 4
B43: =MOD(HOUR((المدخلات!$B$4+3*المدخلات!$B$5/1440))-1,12)+1&":"&TEXT(MINUTE((المدخلات!$B$4+3*المدخلات!$B$5/1440)),"00")&"–"&MOD(HOUR((المدخلات!$B$4+3*المدخلات!$B$5/1440+المدخلات!$B$5/1440))-1,12)+1&":"&TEXT(MINUTE((المدخلات!$B$4+3*المدخلات!$B$5/1440+المدخلات!$B$5/1440)),"00")&IF(HOUR((المدخلات!$B$4+3*المدخلات!$B$5/1440))<12," ص"," م") -> 5:45–6:00 م | C43: 2 ضد 5
B44: =MOD(HOUR((المدخلات!$B$4+4*المدخلات!$B$5/1440))-1,12)+1&":"&TEXT(MINUTE((المدخلات!$B$4+4*المدخلات!$B$5/1440)),"00")&"–"&MOD(HOUR((المدخلات!$B$4+4*المدخلات!$B$5/1440+المدخلات!$B$5/1440))-1,12)+1&":"&TEXT(MINUTE((المدخلات!$B$4+4*المدخلات!$B$5/1440+المدخلات!$B$5/1440)),"00")&IF(HOUR((المدخلات!$B$4+4*المدخلات!$B$5/1440))<12," ص"," م") -> 6:00–6:15 م | C44: 1 ضد 7 | D44: 3 ضد 6
B45: =MOD(HOUR((المدخلات!$B$4+5*المدخلات!$B$5/1440))-1,12)+1&":"&TEXT(MINUTE((المدخلات!$B$4+5*المدخلات!$B$5/1440)),"00")&"–"&MOD(HOUR((المدخلات!$B$4+5*المدخلات!$B$5/1440+المدخلات!$B$5/1440))-1,12)+1&":"&TEXT(MINUTE((المدخلات!$B$4+5*المدخلات!$B$5/1440+المدخلات!$B$5/1440)),"00")&IF(HOUR((المدخلات!$B$4+5*المدخلات!$B$5/1440))<12," ص"," م") -> 6:15–6:30 م | C45: 4 ضد 5
B46: =MOD(HOUR((المدخلات!$B$4+6*المدخلات!$B$5/1440))-1,12)+1&":"&TEXT(MINUTE((المدخلات!$B$4+6*المدخلات!$B$5/1440)),"00")&"–"&MOD(HOUR((المدخلات!$B$4+6*المدخلات!$B$5/1440+المدخلات!$B$5/1440))-1,12)+1&":"&TEXT(MINUTE((المدخلات!$B$4+6*المدخلات!$B$5/1440+المدخلات!$B$5/1440)),"00")&IF(HOUR((المدخلات!$B$4+6*المدخلات!$B$5/1440))<12," ص"," م") -> 6:30–6:45 م | C46: 1 ضد 2 | D46: 6 ضد 7
B47: =MOD(HOUR((المدخلات!$B$4+7*المدخلات!$B$5/1440))-1,12)+1&":"&TEXT(MINUTE((المدخلات!$B$4+7*المدخلات!$B$5/1440)),"00")&"–"&MOD(HOUR((المدخلات!$B$4+7*المدخلات!$B$5/1440+المدخلات!$B$5/1440))-1,12)+1&":"&TEXT(MINUTE((المدخلات!$B$4+7*المدخلات!$B$5/1440+المدخلات!$B$5/1440)),"00")&IF(HOUR((المدخلات!$B$4+7*المدخلات!$B$5/1440))<12," ص"," م") -> 6:45–7:00 م | C47: 3 ضد 4
B48: =MOD(HOUR((المدخلات!$B$4+8*المدخلات!$B$5/1440))-1,12)+1&":"&TEXT(MINUTE((المدخلات!$B$4+8*المدخلات!$B$5/1440)),"00")&"–"&MOD(HOUR((المدخلات!$B$4+8*المدخلات!$B$5/1440+المدخلات!$B$5/1440))-1,12)+1&":"&TEXT(MINUTE((المدخلات!$B$4+8*المدخلات!$B$5/1440+المدخلات!$B$5/1440)),"00")&IF(HOUR((المدخلات!$B$4+8*المدخلات!$B$5/1440))<12," ص"," م") -> 7:00–7:15 م | C48: 1 ضد 5 | D48: 2 ضد 6
A49: اليوم 6 | B49: =MOD(HOUR((المدخلات!$B$4+0*المدخلات!$B$5/1440))-1,12)+1&":"&TEXT(MINUTE((المدخلات!$B$4+0*المدخلات!$B$5/1440)),"00")&"–"&MOD(HOUR((المدخلات!$B$4+0*المدخلات!$B$5/1440+المدخلات!$B$5/1440))-1,12)+1&":"&TEXT(MINUTE((المدخلات!$B$4+0*المدخلات!$B$5/1440+المدخلات!$B$5/1440)),"00")&IF(HOUR((المدخلات!$B$4+0*المدخلات!$B$5/1440))<12," ص"," م") -> 5:00–5:15 م | C49: 2 ضد 5 | D49: 4 ضد 6 | F49: =COUNTIF(C49:E57,"* ضد *") -> 14 | G49: =F49*2/'ملخص البطولات'!$A$5 -> 4
B50: =MOD(HOUR((المدخلات!$B$4+1*المدخلات!$B$5/1440))-1,12)+1&":"&TEXT(MINUTE((المدخلات!$B$4+1*المدخلات!$B$5/1440)),"00")&"–"&MOD(HOUR((المدخلات!$B$4+1*المدخلات!$B$5/1440+المدخلات!$B$5/1440))-1,12)+1&":"&TEXT(MINUTE((المدخلات!$B$4+1*المدخلات!$B$5/1440+المدخلات!$B$5/1440)),"00")&IF(HOUR((المدخلات!$B$4+1*المدخلات!$B$5/1440))<12," ص"," م") -> 5:15–5:30 م | C50: 3 ضد 7
B51: =MOD(HOUR((المدخلات!$B$4+2*المدخلات!$B$5/1440))-1,12)+1&":"&TEXT(MINUTE((المدخلات!$B$4+2*المدخلات!$B$5/1440)),"00")&"–"&MOD(HOUR((المدخلات!$B$4+2*المدخلات!$B$5/1440+المدخلات!$B$5/1440))-1,12)+1&":"&TEXT(MINUTE((المدخلات!$B$4+2*المدخلات!$B$5/1440+المدخلات!$B$5/1440)),"00")&IF(HOUR((المدخلات!$B$4+2*المدخلات!$B$5/1440))<12," ص"," م") -> 5:30–5:45 م | C51: 2 ضد 6 | D51: 1 ضد 5
B52: =MOD(HOUR((المدخلات!$B$4+3*المدخلات!$B$5/1440))-1,12)+1&":"&TEXT(MINUTE((المدخلات!$B$4+3*المدخلات!$B$5/1440)),"00")&"–"&MOD(HOUR((المدخلات!$B$4+3*المدخلات!$B$5/1440+المدخلات!$B$5/1440))-1,12)+1&":"&TEXT(MINUTE((المدخلات!$B$4+3*المدخلات!$B$5/1440+المدخلات!$B$5/1440)),"00")&IF(HOUR((المدخلات!$B$4+3*المدخلات!$B$5/1440))<12," ص"," م") -> 5:45–6:00 م | C52: 4 ضد 7
B53: =MOD(HOUR((المدخلات!$B$4+4*المدخلات!$B$5/1440))-1,12)+1&":"&TEXT(MINUTE((المدخلات!$B$4+4*المدخلات!$B$5/1440)),"00")&"–"&MOD(HOUR((المدخلات!$B$4+4*المدخلات!$B$5/1440+المدخلات!$B$5/1440))-1,12)+1&":"&TEXT(MINUTE((المدخلات!$B$4+4*المدخلات!$B$5/1440+المدخلات!$B$5/1440)),"00")&IF(HOUR((المدخلات!$B$4+4*المدخلات!$B$5/1440))<12," ص"," م") -> 6:00–6:15 م | C53: 1 ضد 6 | D53: 3 ضد 5
B54: =MOD(HOUR((المدخلات!$B$4+5*المدخلات!$B$5/1440))-1,12)+1&":"&TEXT(MINUTE((المدخلات!$B$4+5*المدخلات!$B$5/1440)),"00")&"–"&MOD(HOUR((المدخلات!$B$4+5*المدخلات!$B$5/1440+المدخلات!$B$5/1440))-1,12)+1&":"&TEXT(MINUTE((المدخلات!$B$4+5*المدخلات!$B$5/1440+المدخلات!$B$5/1440)),"00")&IF(HOUR((المدخلات!$B$4+5*المدخلات!$B$5/1440))<12," ص"," م") -> 6:15–6:30 م | C54: 2 ضد 7
B55: =MOD(HOUR((المدخلات!$B$4+6*المدخلات!$B$5/1440))-1,12)+1&":"&TEXT(MINUTE((المدخلات!$B$4+6*المدخلات!$B$5/1440)),"00")&"–"&MOD(HOUR((المدخلات!$B$4+6*المدخلات!$B$5/1440+المدخلات!$B$5/1440))-1,12)+1&":"&TEXT(MINUTE((المدخلات!$B$4+6*المدخلات!$B$5/1440+المدخلات!$B$5/1440)),"00")&IF(HOUR((المدخلات!$B$4+6*المدخلات!$B$5/1440))<12," ص"," م") -> 6:30–6:45 م | C55: 3 ضد 6 | D55: 1 ضد 4
B56: =MOD(HOUR((المدخلات!$B$4+7*المدخلات!$B$5/1440))-1,12)+1&":"&TEXT(MINUTE((المدخلات!$B$4+7*المدخلات!$B$5/1440)),"00")&"–"&MOD(HOUR((المدخلات!$B$4+7*المدخلات!$B$5/1440+المدخلات!$B$5/1440))-1,12)+1&":"&TEXT(MINUTE((المدخلات!$B$4+7*المدخلات!$B$5/1440+المدخلات!$B$5/1440)),"00")&IF(HOUR((المدخلات!$B$4+7*المدخلات!$B$5/1440))<12," ص"," م") -> 6:45–7:00 م | C56: 5 ضد 7
B57: =MOD(HOUR((المدخلات!$B$4+8*المدخلات!$B$5/1440))-1,12)+1&":"&TEXT(MINUTE((المدخلات!$B$4+8*المدخلات!$B$5/1440)),"00")&"–"&MOD(HOUR((المدخلات!$B$4+8*المدخلات!$B$5/1440+المدخلات!$B$5/1440))-1,12)+1&":"&TEXT(MINUTE((المدخلات!$B$4+8*المدخلات!$B$5/1440+المدخلات!$B$5/1440)),"00")&IF(HOUR((المدخلات!$B$4+8*المدخلات!$B$5/1440))<12," ص"," م") -> 7:00–7:15 م | C57: 1 ضد 3 | D57: 2 ضد 4
A58: اليوم 7 | B58: =MOD(HOUR((المدخلات!$B$4+0*المدخلات!$B$5/1440))-1,12)+1&":"&TEXT(MINUTE((المدخلات!$B$4+0*المدخلات!$B$5/1440)),"00")&"–"&MOD(HOUR((المدخلات!$B$4+0*المدخلات!$B$5/1440+المدخلات!$B$5/1440))-1,12)+1&":"&TEXT(MINUTE((المدخلات!$B$4+0*المدخلات!$B$5/1440+المدخلات!$B$5/1440)),"00")&IF(HOUR((المدخلات!$B$4+0*المدخلات!$B$5/1440))<12," ص"," م") -> 5:00–5:15 م | C58: 1 ضد 2 | D58: 6 ضد 7 | F58: =COUNTIF(C58:E66,"* ضد *") -> 14 | G58: =F58*2/'ملخص البطولات'!$A$5 -> 4
B59: =MOD(HOUR((المدخلات!$B$4+1*المدخلات!$B$5/1440))-1,12)+1&":"&TEXT(MINUTE((المدخلات!$B$4+1*المدخلات!$B$5/1440)),"00")&"–"&MOD(HOUR((المدخلات!$B$4+1*المدخلات!$B$5/1440+المدخلات!$B$5/1440))-1,12)+1&":"&TEXT(MINUTE((المدخلات!$B$4+1*المدخلات!$B$5/1440+المدخلات!$B$5/1440)),"00")&IF(HOUR((المدخلات!$B$4+1*المدخلات!$B$5/1440))<12," ص"," م") -> 5:15–5:30 م | C59: 4 ضد 5
B60: =MOD(HOUR((المدخلات!$B$4+2*المدخلات!$B$5/1440))-1,12)+1&":"&TEXT(MINUTE((المدخلات!$B$4+2*المدخلات!$B$5/1440)),"00")&"–"&MOD(HOUR((المدخلات!$B$4+2*المدخلات!$B$5/1440+المدخلات!$B$5/1440))-1,12)+1&":"&TEXT(MINUTE((المدخلات!$B$4+2*المدخلات!$B$5/1440+المدخلات!$B$5/1440)),"00")&IF(HOUR((المدخلات!$B$4+2*المدخلات!$B$5/1440))<12," ص"," م") -> 5:30–5:45 م | C60: 1 ضد 6 | D60: 2 ضد 3
B61: =MOD(HOUR((المدخلات!$B$4+3*المدخلات!$B$5/1440))-1,12)+1&":"&TEXT(MINUTE((المدخلات!$B$4+3*المدخلات!$B$5/1440)),"00")&"–"&MOD(HOUR((المدخلات!$B$4+3*المدخلات!$B$5/1440+المدخلات!$B$5/1440))-1,12)+1&":"&TEXT(MINUTE((المدخلات!$B$4+3*المدخلات!$B$5/1440+المدخلات!$B$5/1440)),"00")&IF(HOUR((المدخلات!$B$4+3*المدخلات!$B$5/1440))<12," ص"," م") -> 5:45–6:00 م | C61: 5 ضد 7
B62: =MOD(HOUR((المدخلات!$B$4+4*المدخلات!$B$5/1440))-1,12)+1&":"&TEXT(MINUTE((المدخلات!$B$4+4*المدخلات!$B$5/1440)),"00")&"–"&MOD(HOUR((المدخلات!$B$4+4*المدخلات!$B$5/1440+المدخلات!$B$5/1440))-1,12)+1&":"&TEXT(MINUTE((المدخلات!$B$4+4*المدخلات!$B$5/1440+المدخلات!$B$5/1440)),"00")&IF(HOUR((المدخلات!$B$4+4*المدخلات!$B$5/1440))<12," ص"," م") -> 6:00–6:15 م | C62: 4 ضد 6 | D62: 1 ضد 3
B63: =MOD(HOUR((المدخلات!$B$4+5*المدخلات!$B$5/1440))-1,12)+1&":"&TEXT(MINUTE((المدخلات!$B$4+5*المدخلات!$B$5/1440)),"00")&"–"&MOD(HOUR((المدخلات!$B$4+5*المدخلات!$B$5/1440+المدخلات!$B$5/1440))-1,12)+1&":"&TEXT(MINUTE((المدخلات!$B$4+5*المدخلات!$B$5/1440+المدخلات!$B$5/1440)),"00")&IF(HOUR((المدخلات!$B$4+5*المدخلات!$B$5/1440))<12," ص"," م") -> 6:15–6:30 م | C63: 2 ضد 7
B64: =MOD(HOUR((المدخلات!$B$4+6*المدخلات!$B$5/1440))-1,12)+1&":"&TEXT(MINUTE((المدخلات!$B$4+6*المدخلات!$B$5/1440)),"00")&"–"&MOD(HOUR((المدخلات!$B$4+6*المدخلات!$B$5/1440+المدخلات!$B$5/1440))-1,12)+1&":"&TEXT(MINUTE((المدخلات!$B$4+6*المدخلات!$B$5/1440+المدخلات!$B$5/1440)),"00")&IF(HOUR((المدخلات!$B$4+6*المدخلات!$B$5/1440))<12," ص"," م") -> 6:30–6:45 م | C64: 5 ضد 6 | D64: 3 ضد 4
B65: =MOD(HOUR((المدخلات!$B$4+7*المدخلات!$B$5/1440))-1,12)+1&":"&TEXT(MINUTE((المدخلات!$B$4+7*المدخلات!$B$5/1440)),"00")&"–"&MOD(HOUR((المدخلات!$B$4+7*المدخلات!$B$5/1440+المدخلات!$B$5/1440))-1,12)+1&":"&TEXT(MINUTE((المدخلات!$B$4+7*المدخلات!$B$5/1440+المدخلات!$B$5/1440)),"00")&IF(HOUR((المدخلات!$B$4+7*المدخلات!$B$5/1440))<12," ص"," م") -> 6:45–7:00 م | C65: 1 ضد 7
B66: =MOD(HOUR((المدخلات!$B$4+8*المدخلات!$B$5/1440))-1,12)+1&":"&TEXT(MINUTE((المدخلات!$B$4+8*المدخلات!$B$5/1440)),"00")&"–"&MOD(HOUR((المدخلات!$B$4+8*المدخلات!$B$5/1440+المدخلات!$B$5/1440))-1,12)+1&":"&TEXT(MINUTE((المدخلات!$B$4+8*المدخلات!$B$5/1440+المدخلات!$B$5/1440)),"00")&IF(HOUR((المدخلات!$B$4+8*المدخلات!$B$5/1440))<12," ص"," م") -> 7:00–7:15 م | C66: 3 ضد 5 | D66: 2 ضد 4
A69: جدول تكرار لقاء الأزواج — كم مرة يلتقي كل فريقين خلال الموسم
A70: فريق \ فريق | B70: 1 | C70: 2 | D70: 3 | E70: 4 | F70: 5 | G70: 6 | H70: 7
A71: 1 | B71: =IF($A71=B$70,"",COUNTIF($C$4:$E$66,$A71&" ضد "&B$70)+COUNTIF($C$4:$E$66,B$70&" ضد "&$A71)) | C71: =IF($A71=C$70,"",COUNTIF($C$4:$E$66,$A71&" ضد "&C$70)+COUNTIF($C$4:$E$66,C$70&" ضد "&$A71)) -> 5 | D71: =IF($A71=D$70,"",COUNTIF($C$4:$E$66,$A71&" ضد "&D$70)+COUNTIF($C$4:$E$66,D$70&" ضد "&$A71)) -> 5 | E71: =IF($A71=E$70,"",COUNTIF($C$4:$E$66,$A71&" ضد "&E$70)+COUNTIF($C$4:$E$66,E$70&" ضد "&$A71)) -> 4 | F71: =IF($A71=F$70,"",COUNTIF($C$4:$E$66,$A71&" ضد "&F$70)+COUNTIF($C$4:$E$66,F$70&" ضد "&$A71)) -> 4 | G71: =IF($A71=G$70,"",COUNTIF($C$4:$E$66,$A71&" ضد "&G$70)+COUNTIF($C$4:$E$66,G$70&" ضد "&$A71)) -> 5 | H71: =IF($A71=H$70,"",COUNTIF($C$4:$E$66,$A71&" ضد "&H$70)+COUNTIF($C$4:$E$66,H$70&" ضد "&$A71)) -> 5
A72: 2 | B72: =IF($A72=B$70,"",COUNTIF($C$4:$E$66,$A72&" ضد "&B$70)+COUNTIF($C$4:$E$66,B$70&" ضد "&$A72)) -> 5 | C72: =IF($A72=C$70,"",COUNTIF($C$4:$E$66,$A72&" ضد "&C$70)+COUNTIF($C$4:$E$66,C$70&" ضد "&$A72)) | D72: =IF($A72=D$70,"",COUNTIF($C$4:$E$66,$A72&" ضد "&D$70)+COUNTIF($C$4:$E$66,D$70&" ضد "&$A72)) -> 5 | E72: =IF($A72=E$70,"",COUNTIF($C$4:$E$66,$A72&" ضد "&E$70)+COUNTIF($C$4:$E$66,E$70&" ضد "&$A72)) -> 5 | F72: =IF($A72=F$70,"",COUNTIF($C$4:$E$66,$A72&" ضد "&F$70)+COUNTIF($C$4:$E$66,F$70&" ضد "&$A72)) -> 4 | G72: =IF($A72=G$70,"",COUNTIF($C$4:$E$66,$A72&" ضد "&G$70)+COUNTIF($C$4:$E$66,G$70&" ضد "&$A72)) -> 4 | H72: =IF($A72=H$70,"",COUNTIF($C$4:$E$66,$A72&" ضد "&H$70)+COUNTIF($C$4:$E$66,H$70&" ضد "&$A72)) -> 5
A73: 3 | B73: =IF($A73=B$70,"",COUNTIF($C$4:$E$66,$A73&" ضد "&B$70)+COUNTIF($C$4:$E$66,B$70&" ضد "&$A73)) -> 5 | C73: =IF($A73=C$70,"",COUNTIF($C$4:$E$66,$A73&" ضد "&C$70)+COUNTIF($C$4:$E$66,C$70&" ضد "&$A73)) -> 5 | D73: =IF($A73=D$70,"",COUNTIF($C$4:$E$66,$A73&" ضد "&D$70)+COUNTIF($C$4:$E$66,D$70&" ضد "&$A73)) | E73: =IF($A73=E$70,"",COUNTIF($C$4:$E$66,$A73&" ضد "&E$70)+COUNTIF($C$4:$E$66,E$70&" ضد "&$A73)) -> 5 | F73: =IF($A73=F$70,"",COUNTIF($C$4:$E$66,$A73&" ضد "&F$70)+COUNTIF($C$4:$E$66,F$70&" ضد "&$A73)) -> 5 | G73: =IF($A73=G$70,"",COUNTIF($C$4:$E$66,$A73&" ضد "&G$70)+COUNTIF($C$4:$E$66,G$70&" ضد "&$A73)) -> 4 | H73: =IF($A73=H$70,"",COUNTIF($C$4:$E$66,$A73&" ضد "&H$70)+COUNTIF($C$4:$E$66,H$70&" ضد "&$A73)) -> 4
A74: 4 | B74: =IF($A74=B$70,"",COUNTIF($C$4:$E$66,$A74&" ضد "&B$70)+COUNTIF($C$4:$E$66,B$70&" ضد "&$A74)) -> 4 | C74: =IF($A74=C$70,"",COUNTIF($C$4:$E$66,$A74&" ضد "&C$70)+COUNTIF($C$4:$E$66,C$70&" ضد "&$A74)) -> 5 | D74: =IF($A74=D$70,"",COUNTIF($C$4:$E$66,$A74&" ضد "&D$70)+COUNTIF($C$4:$E$66,D$70&" ضد "&$A74)) -> 5 | E74: =IF($A74=E$70,"",COUNTIF($C$4:$E$66,$A74&" ضد "&E$70)+COUNTIF($C$4:$E$66,E$70&" ضد "&$A74)) | F74: =IF($A74=F$70,"",COUNTIF($C$4:$E$66,$A74&" ضد "&F$70)+COUNTIF($C$4:$E$66,F$70&" ضد "&$A74)) -> 5 | G74: =IF($A74=G$70,"",COUNTIF($C$4:$E$66,$A74&" ضد "&G$70)+COUNTIF($C$4:$E$66,G$70&" ضد "&$A74)) -> 5 | H74: =IF($A74=H$70,"",COUNTIF($C$4:$E$66,$A74&" ضد "&H$70)+COUNTIF($C$4:$E$66,H$70&" ضد "&$A74)) -> 4
A75: 5 | B75: =IF($A75=B$70,"",COUNTIF($C$4:$E$66,$A75&" ضد "&B$70)+COUNTIF($C$4:$E$66,B$70&" ضد "&$A75)) -> 4 | C75: =IF($A75=C$70,"",COUNTIF($C$4:$E$66,$A75&" ضد "&C$70)+COUNTIF($C$4:$E$66,C$70&" ضد "&$A75)) -> 4 | D75: =IF($A75=D$70,"",COUNTIF($C$4:$E$66,$A75&" ضد "&D$70)+COUNTIF($C$4:$E$66,D$70&" ضد "&$A75)) -> 5 | E75: =IF($A75=E$70,"",COUNTIF($C$4:$E$66,$A75&" ضد "&E$70)+COUNTIF($C$4:$E$66,E$70&" ضد "&$A75)) -> 5 | F75: =IF($A75=F$70,"",COUNTIF($C$4:$E$66,$A75&" ضد "&F$70)+COUNTIF($C$4:$E$66,F$70&" ضد "&$A75)) | G75: =IF($A75=G$70,"",COUNTIF($C$4:$E$66,$A75&" ضد "&G$70)+COUNTIF($C$4:$E$66,G$70&" ضد "&$A75)) -> 5 | H75: =IF($A75=H$70,"",COUNTIF($C$4:$E$66,$A75&" ضد "&H$70)+COUNTIF($C$4:$E$66,H$70&" ضد "&$A75)) -> 5
A76: 6 | B76: =IF($A76=B$70,"",COUNTIF($C$4:$E$66,$A76&" ضد "&B$70)+COUNTIF($C$4:$E$66,B$70&" ضد "&$A76)) -> 5 | C76: =IF($A76=C$70,"",COUNTIF($C$4:$E$66,$A76&" ضد "&C$70)+COUNTIF($C$4:$E$66,C$70&" ضد "&$A76)) -> 4 | D76: =IF($A76=D$70,"",COUNTIF($C$4:$E$66,$A76&" ضد "&D$70)+COUNTIF($C$4:$E$66,D$70&" ضد "&$A76)) -> 4 | E76: =IF($A76=E$70,"",COUNTIF($C$4:$E$66,$A76&" ضد "&E$70)+COUNTIF($C$4:$E$66,E$70&" ضد "&$A76)) -> 5 | F76: =IF($A76=F$70,"",COUNTIF($C$4:$E$66,$A76&" ضد "&F$70)+COUNTIF($C$4:$E$66,F$70&" ضد "&$A76)) -> 5 | G76: =IF($A76=G$70,"",COUNTIF($C$4:$E$66,$A76&" ضد "&G$70)+COUNTIF($C$4:$E$66,G$70&" ضد "&$A76)) | H76: =IF($A76=H$70,"",COUNTIF($C$4:$E$66,$A76&" ضد "&H$70)+COUNTIF($C$4:$E$66,H$70&" ضد "&$A76)) -> 5
A77: 7 | B77: =IF($A77=B$70,"",COUNTIF($C$4:$E$66,$A77&" ضد "&B$70)+COUNTIF($C$4:$E$66,B$70&" ضد "&$A77)) -> 5 | C77: =IF($A77=C$70,"",COUNTIF($C$4:$E$66,$A77&" ضد "&C$70)+COUNTIF($C$4:$E$66,C$70&" ضد "&$A77)) -> 5 | D77: =IF($A77=D$70,"",COUNTIF($C$4:$E$66,$A77&" ضد "&D$70)+COUNTIF($C$4:$E$66,D$70&" ضد "&$A77)) -> 4 | E77: =IF($A77=E$70,"",COUNTIF($C$4:$E$66,$A77&" ضد "&E$70)+COUNTIF($C$4:$E$66,E$70&" ضد "&$A77)) -> 4 | F77: =IF($A77=F$70,"",COUNTIF($C$4:$E$66,$A77&" ضد "&F$70)+COUNTIF($C$4:$E$66,F$70&" ضد "&$A77)) -> 5 | G77: =IF($A77=G$70,"",COUNTIF($C$4:$E$66,$A77&" ضد "&G$70)+COUNTIF($C$4:$E$66,G$70&" ضد "&$A77)) -> 5 | H77: =IF($A77=H$70,"",COUNTIF($C$4:$E$66,$A77&" ضد "&H$70)+COUNTIF($C$4:$E$66,H$70&" ضد "&$A77))
A78: أقل تكرار | B78: =MIN(B71:H77) -> 4
A79: أعلى تكرار | B79: =MAX(B71:H77) -> 5

Sheet 8 فرق
A1: جدول مباريات المجموعات التي فيها 8 فرق
A3: اليوم | B3: الوقت | C3: ملعب 1 | D3: ملعب 2 | E3: ملعب 3 | F3: ملعب 4 | G3: مجموع مباريات اليوم | H3: مباريات كل فريق في اليوم
A4: اليوم 1 | B4: =MOD(HOUR((المدخلات!$B$4+0*المدخلات!$B$5/1440))-1,12)+1&":"&TEXT(MINUTE((المدخلات!$B$4+0*المدخلات!$B$5/1440)),"00")&"–"&MOD(HOUR((المدخلات!$B$4+0*المدخلات!$B$5/1440+المدخلات!$B$5/1440))-1,12)+1&":"&TEXT(MINUTE((المدخلات!$B$4+0*المدخلات!$B$5/1440+المدخلات!$B$5/1440)),"00")&IF(HOUR((المدخلات!$B$4+0*المدخلات!$B$5/1440))<12," ص"," م") -> 5:00–5:15 م | C4: 1 ضد 8 | D4: 2 ضد 7 | E4: 3 ضد 6 | F4: 4 ضد 5 | G4: =COUNTIF(C4:F10,"* ضد *") -> 16 | H4: =G4*2/'ملخص البطولات'!$A$6 -> 4
B5: =MOD(HOUR((المدخلات!$B$4+1*المدخلات!$B$5/1440))-1,12)+1&":"&TEXT(MINUTE((المدخلات!$B$4+1*المدخلات!$B$5/1440)),"00")&"–"&MOD(HOUR((المدخلات!$B$4+1*المدخلات!$B$5/1440+المدخلات!$B$5/1440))-1,12)+1&":"&TEXT(MINUTE((المدخلات!$B$4+1*المدخلات!$B$5/1440+المدخلات!$B$5/1440)),"00")&IF(HOUR((المدخلات!$B$4+1*المدخلات!$B$5/1440))<12," ص"," م") -> 5:15–5:30 م | C5: استراحة (لا توجد مباريات)
B6: =MOD(HOUR((المدخلات!$B$4+2*المدخلات!$B$5/1440))-1,12)+1&":"&TEXT(MINUTE((المدخلات!$B$4+2*المدخلات!$B$5/1440)),"00")&"–"&MOD(HOUR((المدخلات!$B$4+2*المدخلات!$B$5/1440+المدخلات!$B$5/1440))-1,12)+1&":"&TEXT(MINUTE((المدخلات!$B$4+2*المدخلات!$B$5/1440+المدخلات!$B$5/1440)),"00")&IF(HOUR((المدخلات!$B$4+2*المدخلات!$B$5/1440))<12," ص"," م") -> 5:30–5:45 م | C6: 2 ضد 8 | D6: 1 ضد 3 | E6: 4 ضد 7 | F6: 5 ضد 6
B7: =MOD(HOUR((المدخلات!$B$4+3*المدخلات!$B$5/1440))-1,12)+1&":"&TEXT(MINUTE((المدخلات!$B$4+3*المدخلات!$B$5/1440)),"00")&"–"&MOD(HOUR((المدخلات!$B$4+3*المدخلات!$B$5/1440+المدخلات!$B$5/1440))-1,12)+1&":"&TEXT(MINUTE((المدخلات!$B$4+3*المدخلات!$B$5/1440+المدخلات!$B$5/1440)),"00")&IF(HOUR((المدخلات!$B$4+3*المدخلات!$B$5/1440))<12," ص"," م") -> 5:45–6:00 م | C7: استراحة (لا توجد مباريات)
B8: =MOD(HOUR((المدخلات!$B$4+4*المدخلات!$B$5/1440))-1,12)+1&":"&TEXT(MINUTE((المدخلات!$B$4+4*المدخلات!$B$5/1440)),"00")&"–"&MOD(HOUR((المدخلات!$B$4+4*المدخلات!$B$5/1440+المدخلات!$B$5/1440))-1,12)+1&":"&TEXT(MINUTE((المدخلات!$B$4+4*المدخلات!$B$5/1440+المدخلات!$B$5/1440)),"00")&IF(HOUR((المدخلات!$B$4+4*المدخلات!$B$5/1440))<12," ص"," م") -> 6:00–6:15 م | C8: 3 ضد 8 | D8: 2 ضد 4 | E8: 1 ضد 5 | F8: 6 ضد 7
B9: =MOD(HOUR((المدخلات!$B$4+5*المدخلات!$B$5/1440))-1,12)+1&":"&TEXT(MINUTE((المدخلات!$B$4+5*المدخلات!$B$5/1440)),"00")&"–"&MOD(HOUR((المدخلات!$B$4+5*المدخلات!$B$5/1440+المدخلات!$B$5/1440))-1,12)+1&":"&TEXT(MINUTE((المدخلات!$B$4+5*المدخلات!$B$5/1440+المدخلات!$B$5/1440)),"00")&IF(HOUR((المدخلات!$B$4+5*المدخلات!$B$5/1440))<12," ص"," م") -> 6:15–6:30 م | C9: استراحة (لا توجد مباريات)
B10: =MOD(HOUR((المدخلات!$B$4+6*المدخلات!$B$5/1440))-1,12)+1&":"&TEXT(MINUTE((المدخلات!$B$4+6*المدخلات!$B$5/1440)),"00")&"–"&MOD(HOUR((المدخلات!$B$4+6*المدخلات!$B$5/1440+المدخلات!$B$5/1440))-1,12)+1&":"&TEXT(MINUTE((المدخلات!$B$4+6*المدخلات!$B$5/1440+المدخلات!$B$5/1440)),"00")&IF(HOUR((المدخلات!$B$4+6*المدخلات!$B$5/1440))<12," ص"," م") -> 6:30–6:45 م | C10: 4 ضد 8 | D10: 3 ضد 5 | E10: 2 ضد 6 | F10: 1 ضد 7
A11: اليوم 2 | B11: =MOD(HOUR((المدخلات!$B$4+0*المدخلات!$B$5/1440))-1,12)+1&":"&TEXT(MINUTE((المدخلات!$B$4+0*المدخلات!$B$5/1440)),"00")&"–"&MOD(HOUR((المدخلات!$B$4+0*المدخلات!$B$5/1440+المدخلات!$B$5/1440))-1,12)+1&":"&TEXT(MINUTE((المدخلات!$B$4+0*المدخلات!$B$5/1440+المدخلات!$B$5/1440)),"00")&IF(HOUR((المدخلات!$B$4+0*المدخلات!$B$5/1440))<12," ص"," م") -> 5:00–5:15 م | C11: 5 ضد 8 | D11: 4 ضد 6 | E11: 3 ضد 7 | F11: 1 ضد 2 | G11: =COUNTIF(C11:F17,"* ضد *") -> 16 | H11: =G11*2/'ملخص البطولات'!$A$6 -> 4
B12: =MOD(HOUR((المدخلات!$B$4+1*المدخلات!$B$5/1440))-1,12)+1&":"&TEXT(MINUTE((المدخلات!$B$4+1*المدخلات!$B$5/1440)),"00")&"–"&MOD(HOUR((المدخلات!$B$4+1*المدخلات!$B$5/1440+المدخلات!$B$5/1440))-1,12)+1&":"&TEXT(MINUTE((المدخلات!$B$4+1*المدخلات!$B$5/1440+المدخلات!$B$5/1440)),"00")&IF(HOUR((المدخلات!$B$4+1*المدخلات!$B$5/1440))<12," ص"," م") -> 5:15–5:30 م | C12: استراحة (لا توجد مباريات)
B13: =MOD(HOUR((المدخلات!$B$4+2*المدخلات!$B$5/1440))-1,12)+1&":"&TEXT(MINUTE((المدخلات!$B$4+2*المدخلات!$B$5/1440)),"00")&"–"&MOD(HOUR((المدخلات!$B$4+2*المدخلات!$B$5/1440+المدخلات!$B$5/1440))-1,12)+1&":"&TEXT(MINUTE((المدخلات!$B$4+2*المدخلات!$B$5/1440+المدخلات!$B$5/1440)),"00")&IF(HOUR((المدخلات!$B$4+2*المدخلات!$B$5/1440))<12," ص"," م") -> 5:30–5:45 م | C13: 6 ضد 8 | D13: 5 ضد 7 | E13: 1 ضد 4 | F13: 2 ضد 3
B14: =MOD(HOUR((المدخلات!$B$4+3*المدخلات!$B$5/1440))-1,12)+1&":"&TEXT(MINUTE((المدخلات!$B$4+3*المدخلات!$B$5/1440)),"00")&"–"&MOD(HOUR((المدخلات!$B$4+3*المدخلات!$B$5/1440+المدخلات!$B$5/1440))-1,12)+1&":"&TEXT(MINUTE((المدخلات!$B$4+3*المدخلات!$B$5/1440+المدخلات!$B$5/1440)),"00")&IF(HOUR((المدخلات!$B$4+3*المدخلات!$B$5/1440))<12," ص"," م") -> 5:45–6:00 م | C14: استراحة (لا توجد مباريات)
B15: =MOD(HOUR((المدخلات!$B$4+4*المدخلات!$B$5/1440))-1,12)+1&":"&TEXT(MINUTE((المدخلات!$B$4+4*المدخلات!$B$5/1440)),"00")&"–"&MOD(HOUR((المدخلات!$B$4+4*المدخلات!$B$5/1440+المدخلات!$B$5/1440))-1,12)+1&":"&TEXT(MINUTE((المدخلات!$B$4+4*المدخلات!$B$5/1440+المدخلات!$B$5/1440)),"00")&IF(HOUR((المدخلات!$B$4+4*المدخلات!$B$5/1440))<12," ص"," م") -> 6:00–6:15 م | C15: 7 ضد 8 | D15: 1 ضد 6 | E15: 2 ضد 5 | F15: 3 ضد 4
B16: =MOD(HOUR((المدخلات!$B$4+5*المدخلات!$B$5/1440))-1,12)+1&":"&TEXT(MINUTE((المدخلات!$B$4+5*المدخلات!$B$5/1440)),"00")&"–"&MOD(HOUR((المدخلات!$B$4+5*المدخلات!$B$5/1440+المدخلات!$B$5/1440))-1,12)+1&":"&TEXT(MINUTE((المدخلات!$B$4+5*المدخلات!$B$5/1440+المدخلات!$B$5/1440)),"00")&IF(HOUR((المدخلات!$B$4+5*المدخلات!$B$5/1440))<12," ص"," م") -> 6:15–6:30 م | C16: استراحة (لا توجد مباريات)
B17: =MOD(HOUR((المدخلات!$B$4+6*المدخلات!$B$5/1440))-1,12)+1&":"&TEXT(MINUTE((المدخلات!$B$4+6*المدخلات!$B$5/1440)),"00")&"–"&MOD(HOUR((المدخلات!$B$4+6*المدخلات!$B$5/1440+المدخلات!$B$5/1440))-1,12)+1&":"&TEXT(MINUTE((المدخلات!$B$4+6*المدخلات!$B$5/1440+المدخلات!$B$5/1440)),"00")&IF(HOUR((المدخلات!$B$4+6*المدخلات!$B$5/1440))<12," ص"," م") -> 6:30–6:45 م | C17: 1 ضد 8 | D17: 2 ضد 7 | E17: 3 ضد 6 | F17: 4 ضد 5
A18: اليوم 3 | B18: =MOD(HOUR((المدخلات!$B$4+0*المدخلات!$B$5/1440))-1,12)+1&":"&TEXT(MINUTE((المدخلات!$B$4+0*المدخلات!$B$5/1440)),"00")&"–"&MOD(HOUR((المدخلات!$B$4+0*المدخلات!$B$5/1440+المدخلات!$B$5/1440))-1,12)+1&":"&TEXT(MINUTE((المدخلات!$B$4+0*المدخلات!$B$5/1440+المدخلات!$B$5/1440)),"00")&IF(HOUR((المدخلات!$B$4+0*المدخلات!$B$5/1440))<12," ص"," م") -> 5:00–5:15 م | C18: 2 ضد 8 | D18: 1 ضد 3 | E18: 4 ضد 7 | F18: 5 ضد 6 | G18: =COUNTIF(C18:F24,"* ضد *") -> 16 | H18: =G18*2/'ملخص البطولات'!$A$6 -> 4
B19: =MOD(HOUR((المدخلات!$B$4+1*المدخلات!$B$5/1440))-1,12)+1&":"&TEXT(MINUTE((المدخلات!$B$4+1*المدخلات!$B$5/1440)),"00")&"–"&MOD(HOUR((المدخلات!$B$4+1*المدخلات!$B$5/1440+المدخلات!$B$5/1440))-1,12)+1&":"&TEXT(MINUTE((المدخلات!$B$4+1*المدخلات!$B$5/1440+المدخلات!$B$5/1440)),"00")&IF(HOUR((المدخلات!$B$4+1*المدخلات!$B$5/1440))<12," ص"," م") -> 5:15–5:30 م | C19: استراحة (لا توجد مباريات)
B20: =MOD(HOUR((المدخلات!$B$4+2*المدخلات!$B$5/1440))-1,12)+1&":"&TEXT(MINUTE((المدخلات!$B$4+2*المدخلات!$B$5/1440)),"00")&"–"&MOD(HOUR((المدخلات!$B$4+2*المدخلات!$B$5/1440+المدخلات!$B$5/1440))-1,12)+1&":"&TEXT(MINUTE((المدخلات!$B$4+2*المدخلات!$B$5/1440+المدخلات!$B$5/1440)),"00")&IF(HOUR((المدخلات!$B$4+2*المدخلات!$B$5/1440))<12," ص"," م") -> 5:30–5:45 م | C20: 3 ضد 8 | D20: 2 ضد 4 | E20: 1 ضد 5 | F20: 6 ضد 7
B21: =MOD(HOUR((المدخلات!$B$4+3*المدخلات!$B$5/1440))-1,12)+1&":"&TEXT(MINUTE((المدخلات!$B$4+3*المدخلات!$B$5/1440)),"00")&"–"&MOD(HOUR((المدخلات!$B$4+3*المدخلات!$B$5/1440+المدخلات!$B$5/1440))-1,12)+1&":"&TEXT(MINUTE((المدخلات!$B$4+3*المدخلات!$B$5/1440+المدخلات!$B$5/1440)),"00")&IF(HOUR((المدخلات!$B$4+3*المدخلات!$B$5/1440))<12," ص"," م") -> 5:45–6:00 م | C21: استراحة (لا توجد مباريات)
B22: =MOD(HOUR((المدخلات!$B$4+4*المدخلات!$B$5/1440))-1,12)+1&":"&TEXT(MINUTE((المدخلات!$B$4+4*المدخلات!$B$5/1440)),"00")&"–"&MOD(HOUR((المدخلات!$B$4+4*المدخلات!$B$5/1440+المدخلات!$B$5/1440))-1,12)+1&":"&TEXT(MINUTE((المدخلات!$B$4+4*المدخلات!$B$5/1440+المدخلات!$B$5/1440)),"00")&IF(HOUR((المدخلات!$B$4+4*المدخلات!$B$5/1440))<12," ص"," م") -> 6:00–6:15 م | C22: 4 ضد 8 | D22: 3 ضد 5 | E22: 2 ضد 6 | F22: 1 ضد 7
B23: =MOD(HOUR((المدخلات!$B$4+5*المدخلات!$B$5/1440))-1,12)+1&":"&TEXT(MINUTE((المدخلات!$B$4+5*المدخلات!$B$5/1440)),"00")&"–"&MOD(HOUR((المدخلات!$B$4+5*المدخلات!$B$5/1440+المدخلات!$B$5/1440))-1,12)+1&":"&TEXT(MINUTE((المدخلات!$B$4+5*المدخلات!$B$5/1440+المدخلات!$B$5/1440)),"00")&IF(HOUR((المدخلات!$B$4+5*المدخلات!$B$5/1440))<12," ص"," م") -> 6:15–6:30 م | C23: استراحة (لا توجد مباريات)
B24: =MOD(HOUR((المدخلات!$B$4+6*المدخلات!$B$5/1440))-1,12)+1&":"&TEXT(MINUTE((المدخلات!$B$4+6*المدخلات!$B$5/1440)),"00")&"–"&MOD(HOUR((المدخلات!$B$4+6*المدخلات!$B$5/1440+المدخلات!$B$5/1440))-1,12)+1&":"&TEXT(MINUTE((المدخلات!$B$4+6*المدخلات!$B$5/1440+المدخلات!$B$5/1440)),"00")&IF(HOUR((المدخلات!$B$4+6*المدخلات!$B$5/1440))<12," ص"," م") -> 6:30–6:45 م | C24: 5 ضد 8 | D24: 4 ضد 6 | E24: 3 ضد 7 | F24: 1 ضد 2
A25: اليوم 4 | B25: =MOD(HOUR((المدخلات!$B$4+0*المدخلات!$B$5/1440))-1,12)+1&":"&TEXT(MINUTE((المدخلات!$B$4+0*المدخلات!$B$5/1440)),"00")&"–"&MOD(HOUR((المدخلات!$B$4+0*المدخلات!$B$5/1440+المدخلات!$B$5/1440))-1,12)+1&":"&TEXT(MINUTE((المدخلات!$B$4+0*المدخلات!$B$5/1440+المدخلات!$B$5/1440)),"00")&IF(HOUR((المدخلات!$B$4+0*المدخلات!$B$5/1440))<12," ص"," م") -> 5:00–5:15 م | C25: 6 ضد 8 | D25: 5 ضد 7 | E25: 1 ضد 4 | F25: 2 ضد 3 | G25: =COUNTIF(C25:F31,"* ضد *") -> 16 | H25: =G25*2/'ملخص البطولات'!$A$6 -> 4
B26: =MOD(HOUR((المدخلات!$B$4+1*المدخلات!$B$5/1440))-1,12)+1&":"&TEXT(MINUTE((المدخلات!$B$4+1*المدخلات!$B$5/1440)),"00")&"–"&MOD(HOUR((المدخلات!$B$4+1*المدخلات!$B$5/1440+المدخلات!$B$5/1440))-1,12)+1&":"&TEXT(MINUTE((المدخلات!$B$4+1*المدخلات!$B$5/1440+المدخلات!$B$5/1440)),"00")&IF(HOUR((المدخلات!$B$4+1*المدخلات!$B$5/1440))<12," ص"," م") -> 5:15–5:30 م | C26: استراحة (لا توجد مباريات)
B27: =MOD(HOUR((المدخلات!$B$4+2*المدخلات!$B$5/1440))-1,12)+1&":"&TEXT(MINUTE((المدخلات!$B$4+2*المدخلات!$B$5/1440)),"00")&"–"&MOD(HOUR((المدخلات!$B$4+2*المدخلات!$B$5/1440+المدخلات!$B$5/1440))-1,12)+1&":"&TEXT(MINUTE((المدخلات!$B$4+2*المدخلات!$B$5/1440+المدخلات!$B$5/1440)),"00")&IF(HOUR((المدخلات!$B$4+2*المدخلات!$B$5/1440))<12," ص"," م") -> 5:30–5:45 م | C27: 7 ضد 8 | D27: 1 ضد 6 | E27: 2 ضد 5 | F27: 3 ضد 4
B28: =MOD(HOUR((المدخلات!$B$4+3*المدخلات!$B$5/1440))-1,12)+1&":"&TEXT(MINUTE((المدخلات!$B$4+3*المدخلات!$B$5/1440)),"00")&"–"&MOD(HOUR((المدخلات!$B$4+3*المدخلات!$B$5/1440+المدخلات!$B$5/1440))-1,12)+1&":"&TEXT(MINUTE((المدخلات!$B$4+3*المدخلات!$B$5/1440+المدخلات!$B$5/1440)),"00")&IF(HOUR((المدخلات!$B$4+3*المدخلات!$B$5/1440))<12," ص"," م") -> 5:45–6:00 م | C28: استراحة (لا توجد مباريات)
B29: =MOD(HOUR((المدخلات!$B$4+4*المدخلات!$B$5/1440))-1,12)+1&":"&TEXT(MINUTE((المدخلات!$B$4+4*المدخلات!$B$5/1440)),"00")&"–"&MOD(HOUR((المدخلات!$B$4+4*المدخلات!$B$5/1440+المدخلات!$B$5/1440))-1,12)+1&":"&TEXT(MINUTE((المدخلات!$B$4+4*المدخلات!$B$5/1440+المدخلات!$B$5/1440)),"00")&IF(HOUR((المدخلات!$B$4+4*المدخلات!$B$5/1440))<12," ص"," م") -> 6:00–6:15 م | C29: 1 ضد 8 | D29: 2 ضد 7 | E29: 3 ضد 6 | F29: 4 ضد 5
B30: =MOD(HOUR((المدخلات!$B$4+5*المدخلات!$B$5/1440))-1,12)+1&":"&TEXT(MINUTE((المدخلات!$B$4+5*المدخلات!$B$5/1440)),"00")&"–"&MOD(HOUR((المدخلات!$B$4+5*المدخلات!$B$5/1440+المدخلات!$B$5/1440))-1,12)+1&":"&TEXT(MINUTE((المدخلات!$B$4+5*المدخلات!$B$5/1440+المدخلات!$B$5/1440)),"00")&IF(HOUR((المدخلات!$B$4+5*المدخلات!$B$5/1440))<12," ص"," م") -> 6:15–6:30 م | C30: استراحة (لا توجد مباريات)
B31: =MOD(HOUR((المدخلات!$B$4+6*المدخلات!$B$5/1440))-1,12)+1&":"&TEXT(MINUTE((المدخلات!$B$4+6*المدخلات!$B$5/1440)),"00")&"–"&MOD(HOUR((المدخلات!$B$4+6*المدخلات!$B$5/1440+المدخلات!$B$5/1440))-1,12)+1&":"&TEXT(MINUTE((المدخلات!$B$4+6*المدخلات!$B$5/1440+المدخلات!$B$5/1440)),"00")&IF(HOUR((المدخلات!$B$4+6*المدخلات!$B$5/1440))<12," ص"," م") -> 6:30–6:45 م | C31: 2 ضد 8 | D31: 1 ضد 3 | E31: 4 ضد 7 | F31: 5 ضد 6
A32: اليوم 5 | B32: =MOD(HOUR((المدخلات!$B$4+0*المدخلات!$B$5/1440))-1,12)+1&":"&TEXT(MINUTE((المدخلات!$B$4+0*المدخلات!$B$5/1440)),"00")&"–"&MOD(HOUR((المدخلات!$B$4+0*المدخلات!$B$5/1440+المدخلات!$B$5/1440))-1,12)+1&":"&TEXT(MINUTE((المدخلات!$B$4+0*المدخلات!$B$5/1440+المدخلات!$B$5/1440)),"00")&IF(HOUR((المدخلات!$B$4+0*المدخلات!$B$5/1440))<12," ص"," م") -> 5:00–5:15 م | C32: 3 ضد 8 | D32: 2 ضد 4 | E32: 1 ضد 5 | F32: 6 ضد 7 | G32: =COUNTIF(C32:F38,"* ضد *") -> 16 | H32: =G32*2/'ملخص البطولات'!$A$6 -> 4
B33: =MOD(HOUR((المدخلات!$B$4+1*المدخلات!$B$5/1440))-1,12)+1&":"&TEXT(MINUTE((المدخلات!$B$4+1*المدخلات!$B$5/1440)),"00")&"–"&MOD(HOUR((المدخلات!$B$4+1*المدخلات!$B$5/1440+المدخلات!$B$5/1440))-1,12)+1&":"&TEXT(MINUTE((المدخلات!$B$4+1*المدخلات!$B$5/1440+المدخلات!$B$5/1440)),"00")&IF(HOUR((المدخلات!$B$4+1*المدخلات!$B$5/1440))<12," ص"," م") -> 5:15–5:30 م | C33: استراحة (لا توجد مباريات)
B34: =MOD(HOUR((المدخلات!$B$4+2*المدخلات!$B$5/1440))-1,12)+1&":"&TEXT(MINUTE((المدخلات!$B$4+2*المدخلات!$B$5/1440)),"00")&"–"&MOD(HOUR((المدخلات!$B$4+2*المدخلات!$B$5/1440+المدخلات!$B$5/1440))-1,12)+1&":"&TEXT(MINUTE((المدخلات!$B$4+2*المدخلات!$B$5/1440+المدخلات!$B$5/1440)),"00")&IF(HOUR((المدخلات!$B$4+2*المدخلات!$B$5/1440))<12," ص"," م") -> 5:30–5:45 م | C34: 4 ضد 8 | D34: 3 ضد 5 | E34: 2 ضد 6 | F34: 1 ضد 7
B35: =MOD(HOUR((المدخلات!$B$4+3*المدخلات!$B$5/1440))-1,12)+1&":"&TEXT(MINUTE((المدخلات!$B$4+3*المدخلات!$B$5/1440)),"00")&"–"&MOD(HOUR((المدخلات!$B$4+3*المدخلات!$B$5/1440+المدخلات!$B$5/1440))-1,12)+1&":"&TEXT(MINUTE((المدخلات!$B$4+3*المدخلات!$B$5/1440+المدخلات!$B$5/1440)),"00")&IF(HOUR((المدخلات!$B$4+3*المدخلات!$B$5/1440))<12," ص"," م") -> 5:45–6:00 م | C35: استراحة (لا توجد مباريات)
B36: =MOD(HOUR((المدخلات!$B$4+4*المدخلات!$B$5/1440))-1,12)+1&":"&TEXT(MINUTE((المدخلات!$B$4+4*المدخلات!$B$5/1440)),"00")&"–"&MOD(HOUR((المدخلات!$B$4+4*المدخلات!$B$5/1440+المدخلات!$B$5/1440))-1,12)+1&":"&TEXT(MINUTE((المدخلات!$B$4+4*المدخلات!$B$5/1440+المدخلات!$B$5/1440)),"00")&IF(HOUR((المدخلات!$B$4+4*المدخلات!$B$5/1440))<12," ص"," م") -> 6:00–6:15 م | C36: 5 ضد 8 | D36: 4 ضد 6 | E36: 3 ضد 7 | F36: 1 ضد 2
B37: =MOD(HOUR((المدخلات!$B$4+5*المدخلات!$B$5/1440))-1,12)+1&":"&TEXT(MINUTE((المدخلات!$B$4+5*المدخلات!$B$5/1440)),"00")&"–"&MOD(HOUR((المدخلات!$B$4+5*المدخلات!$B$5/1440+المدخلات!$B$5/1440))-1,12)+1&":"&TEXT(MINUTE((المدخلات!$B$4+5*المدخلات!$B$5/1440+المدخلات!$B$5/1440)),"00")&IF(HOUR((المدخلات!$B$4+5*المدخلات!$B$5/1440))<12," ص"," م") -> 6:15–6:30 م | C37: استراحة (لا توجد مباريات)
B38: =MOD(HOUR((المدخلات!$B$4+6*المدخلات!$B$5/1440))-1,12)+1&":"&TEXT(MINUTE((المدخلات!$B$4+6*المدخلات!$B$5/1440)),"00")&"–"&MOD(HOUR((المدخلات!$B$4+6*المدخلات!$B$5/1440+المدخلات!$B$5/1440))-1,12)+1&":"&TEXT(MINUTE((المدخلات!$B$4+6*المدخلات!$B$5/1440+المدخلات!$B$5/1440)),"00")&IF(HOUR((المدخلات!$B$4+6*المدخلات!$B$5/1440))<12," ص"," م") -> 6:30–6:45 م | C38: 6 ضد 8 | D38: 5 ضد 7 | E38: 1 ضد 4 | F38: 2 ضد 3
A39: اليوم 6 | B39: =MOD(HOUR((المدخلات!$B$4+0*المدخلات!$B$5/1440))-1,12)+1&":"&TEXT(MINUTE((المدخلات!$B$4+0*المدخلات!$B$5/1440)),"00")&"–"&MOD(HOUR((المدخلات!$B$4+0*المدخلات!$B$5/1440+المدخلات!$B$5/1440))-1,12)+1&":"&TEXT(MINUTE((المدخلات!$B$4+0*المدخلات!$B$5/1440+المدخلات!$B$5/1440)),"00")&IF(HOUR((المدخلات!$B$4+0*المدخلات!$B$5/1440))<12," ص"," م") -> 5:00–5:15 م | C39: 7 ضد 8 | D39: 1 ضد 6 | E39: 2 ضد 5 | F39: 3 ضد 4 | G39: =COUNTIF(C39:F45,"* ضد *") -> 16 | H39: =G39*2/'ملخص البطولات'!$A$6 -> 4
B40: =MOD(HOUR((المدخلات!$B$4+1*المدخلات!$B$5/1440))-1,12)+1&":"&TEXT(MINUTE((المدخلات!$B$4+1*المدخلات!$B$5/1440)),"00")&"–"&MOD(HOUR((المدخلات!$B$4+1*المدخلات!$B$5/1440+المدخلات!$B$5/1440))-1,12)+1&":"&TEXT(MINUTE((المدخلات!$B$4+1*المدخلات!$B$5/1440+المدخلات!$B$5/1440)),"00")&IF(HOUR((المدخلات!$B$4+1*المدخلات!$B$5/1440))<12," ص"," م") -> 5:15–5:30 م | C40: استراحة (لا توجد مباريات)
B41: =MOD(HOUR((المدخلات!$B$4+2*المدخلات!$B$5/1440))-1,12)+1&":"&TEXT(MINUTE((المدخلات!$B$4+2*المدخلات!$B$5/1440)),"00")&"–"&MOD(HOUR((المدخلات!$B$4+2*المدخلات!$B$5/1440+المدخلات!$B$5/1440))-1,12)+1&":"&TEXT(MINUTE((المدخلات!$B$4+2*المدخلات!$B$5/1440+المدخلات!$B$5/1440)),"00")&IF(HOUR((المدخلات!$B$4+2*المدخلات!$B$5/1440))<12," ص"," م") -> 5:30–5:45 م | C41: 1 ضد 8 | D41: 2 ضد 7 | E41: 3 ضد 6 | F41: 4 ضد 5
B42: =MOD(HOUR((المدخلات!$B$4+3*المدخلات!$B$5/1440))-1,12)+1&":"&TEXT(MINUTE((المدخلات!$B$4+3*المدخلات!$B$5/1440)),"00")&"–"&MOD(HOUR((المدخلات!$B$4+3*المدخلات!$B$5/1440+المدخلات!$B$5/1440))-1,12)+1&":"&TEXT(MINUTE((المدخلات!$B$4+3*المدخلات!$B$5/1440+المدخلات!$B$5/1440)),"00")&IF(HOUR((المدخلات!$B$4+3*المدخلات!$B$5/1440))<12," ص"," م") -> 5:45–6:00 م | C42: استراحة (لا توجد مباريات)
B43: =MOD(HOUR((المدخلات!$B$4+4*المدخلات!$B$5/1440))-1,12)+1&":"&TEXT(MINUTE((المدخلات!$B$4+4*المدخلات!$B$5/1440)),"00")&"–"&MOD(HOUR((المدخلات!$B$4+4*المدخلات!$B$5/1440+المدخلات!$B$5/1440))-1,12)+1&":"&TEXT(MINUTE((المدخلات!$B$4+4*المدخلات!$B$5/1440+المدخلات!$B$5/1440)),"00")&IF(HOUR((المدخلات!$B$4+4*المدخلات!$B$5/1440))<12," ص"," م") -> 6:00–6:15 م | C43: 2 ضد 8 | D43: 1 ضد 3 | E43: 4 ضد 7 | F43: 5 ضد 6
B44: =MOD(HOUR((المدخلات!$B$4+5*المدخلات!$B$5/1440))-1,12)+1&":"&TEXT(MINUTE((المدخلات!$B$4+5*المدخلات!$B$5/1440)),"00")&"–"&MOD(HOUR((المدخلات!$B$4+5*المدخلات!$B$5/1440+المدخلات!$B$5/1440))-1,12)+1&":"&TEXT(MINUTE((المدخلات!$B$4+5*المدخلات!$B$5/1440+المدخلات!$B$5/1440)),"00")&IF(HOUR((المدخلات!$B$4+5*المدخلات!$B$5/1440))<12," ص"," م") -> 6:15–6:30 م | C44: استراحة (لا توجد مباريات)
B45: =MOD(HOUR((المدخلات!$B$4+6*المدخلات!$B$5/1440))-1,12)+1&":"&TEXT(MINUTE((المدخلات!$B$4+6*المدخلات!$B$5/1440)),"00")&"–"&MOD(HOUR((المدخلات!$B$4+6*المدخلات!$B$5/1440+المدخلات!$B$5/1440))-1,12)+1&":"&TEXT(MINUTE((المدخلات!$B$4+6*المدخلات!$B$5/1440+المدخلات!$B$5/1440)),"00")&IF(HOUR((المدخلات!$B$4+6*المدخلات!$B$5/1440))<12," ص"," م") -> 6:30–6:45 م | C45: 3 ضد 8 | D45: 2 ضد 4 | E45: 1 ضد 5 | F45: 6 ضد 7
A46: اليوم 7 | B46: =MOD(HOUR((المدخلات!$B$4+0*المدخلات!$B$5/1440))-1,12)+1&":"&TEXT(MINUTE((المدخلات!$B$4+0*المدخلات!$B$5/1440)),"00")&"–"&MOD(HOUR((المدخلات!$B$4+0*المدخلات!$B$5/1440+المدخلات!$B$5/1440))-1,12)+1&":"&TEXT(MINUTE((المدخلات!$B$4+0*المدخلات!$B$5/1440+المدخلات!$B$5/1440)),"00")&IF(HOUR((المدخلات!$B$4+0*المدخلات!$B$5/1440))<12," ص"," م") -> 5:00–5:15 م | C46: 4 ضد 8 | D46: 3 ضد 5 | E46: 2 ضد 6 | F46: 1 ضد 7 | G46: =COUNTIF(C46:F52,"* ضد *") -> 16 | H46: =G46*2/'ملخص البطولات'!$A$6 -> 4
B47: =MOD(HOUR((المدخلات!$B$4+1*المدخلات!$B$5/1440))-1,12)+1&":"&TEXT(MINUTE((المدخلات!$B$4+1*المدخلات!$B$5/1440)),"00")&"–"&MOD(HOUR((المدخلات!$B$4+1*المدخلات!$B$5/1440+المدخلات!$B$5/1440))-1,12)+1&":"&TEXT(MINUTE((المدخلات!$B$4+1*المدخلات!$B$5/1440+المدخلات!$B$5/1440)),"00")&IF(HOUR((المدخلات!$B$4+1*المدخلات!$B$5/1440))<12," ص"," م") -> 5:15–5:30 م | C47: استراحة (لا توجد مباريات)
B48: =MOD(HOUR((المدخلات!$B$4+2*المدخلات!$B$5/1440))-1,12)+1&":"&TEXT(MINUTE((المدخلات!$B$4+2*المدخلات!$B$5/1440)),"00")&"–"&MOD(HOUR((المدخلات!$B$4+2*المدخلات!$B$5/1440+المدخلات!$B$5/1440))-1,12)+1&":"&TEXT(MINUTE((المدخلات!$B$4+2*المدخلات!$B$5/1440+المدخلات!$B$5/1440)),"00")&IF(HOUR((المدخلات!$B$4+2*المدخلات!$B$5/1440))<12," ص"," م") -> 5:30–5:45 م | C48: 5 ضد 8 | D48: 4 ضد 6 | E48: 3 ضد 7 | F48: 1 ضد 2
B49: =MOD(HOUR((المدخلات!$B$4+3*المدخلات!$B$5/1440))-1,12)+1&":"&TEXT(MINUTE((المدخلات!$B$4+3*المدخلات!$B$5/1440)),"00")&"–"&MOD(HOUR((المدخلات!$B$4+3*المدخلات!$B$5/1440+المدخلات!$B$5/1440))-1,12)+1&":"&TEXT(MINUTE((المدخلات!$B$4+3*المدخلات!$B$5/1440+المدخلات!$B$5/1440)),"00")&IF(HOUR((المدخلات!$B$4+3*المدخلات!$B$5/1440))<12," ص"," م") -> 5:45–6:00 م | C49: استراحة (لا توجد مباريات)
B50: =MOD(HOUR((المدخلات!$B$4+4*المدخلات!$B$5/1440))-1,12)+1&":"&TEXT(MINUTE((المدخلات!$B$4+4*المدخلات!$B$5/1440)),"00")&"–"&MOD(HOUR((المدخلات!$B$4+4*المدخلات!$B$5/1440+المدخلات!$B$5/1440))-1,12)+1&":"&TEXT(MINUTE((المدخلات!$B$4+4*المدخلات!$B$5/1440+المدخلات!$B$5/1440)),"00")&IF(HOUR((المدخلات!$B$4+4*المدخلات!$B$5/1440))<12," ص"," م") -> 6:00–6:15 م | C50: 6 ضد 8 | D50: 5 ضد 7 | E50: 1 ضد 4 | F50: 2 ضد 3
B51: =MOD(HOUR((المدخلات!$B$4+5*المدخلات!$B$5/1440))-1,12)+1&":"&TEXT(MINUTE((المدخلات!$B$4+5*المدخلات!$B$5/1440)),"00")&"–"&MOD(HOUR((المدخلات!$B$4+5*المدخلات!$B$5/1440+المدخلات!$B$5/1440))-1,12)+1&":"&TEXT(MINUTE((المدخلات!$B$4+5*المدخلات!$B$5/1440+المدخلات!$B$5/1440)),"00")&IF(HOUR((المدخلات!$B$4+5*المدخلات!$B$5/1440))<12," ص"," م") -> 6:15–6:30 م | C51: استراحة (لا توجد مباريات)
B52: =MOD(HOUR((المدخلات!$B$4+6*المدخلات!$B$5/1440))-1,12)+1&":"&TEXT(MINUTE((المدخلات!$B$4+6*المدخلات!$B$5/1440)),"00")&"–"&MOD(HOUR((المدخلات!$B$4+6*المدخلات!$B$5/1440+المدخلات!$B$5/1440))-1,12)+1&":"&TEXT(MINUTE((المدخلات!$B$4+6*المدخلات!$B$5/1440+المدخلات!$B$5/1440)),"00")&IF(HOUR((المدخلات!$B$4+6*المدخلات!$B$5/1440))<12," ص"," م") -> 6:30–6:45 م | C52: 7 ضد 8 | D52: 1 ضد 6 | E52: 2 ضد 5 | F52: 3 ضد 4
A55: جدول تكرار لقاء الأزواج — كم مرة يلتقي كل فريقين خلال الموسم
A56: فريق \ فريق | B56: 1 | C56: 2 | D56: 3 | E56: 4 | F56: 5 | G56: 6 | H56: 7 | I56: 8
A57: 1 | B57: =IF($A57=B$56,"",COUNTIF($C$4:$F$52,$A57&" ضد "&B$56)+COUNTIF($C$4:$F$52,B$56&" ضد "&$A57)) | C57: =IF($A57=C$56,"",COUNTIF($C$4:$F$52,$A57&" ضد "&C$56)+COUNTIF($C$4:$F$52,C$56&" ضد "&$A57)) -> 4 | D57: =IF($A57=D$56,"",COUNTIF($C$4:$F$52,$A57&" ضد "&D$56)+COUNTIF($C$4:$F$52,D$56&" ضد "&$A57)) -> 4 | E57: =IF($A57=E$56,"",COUNTIF($C$4:$F$52,$A57&" ضد "&E$56)+COUNTIF($C$4:$F$52,E$56&" ضد "&$A57)) -> 4 | F57: =IF($A57=F$56,"",COUNTIF($C$4:$F$52,$A57&" ضد "&F$56)+COUNTIF($C$4:$F$52,F$56&" ضد "&$A57)) -> 4 | G57: =IF($A57=G$56,"",COUNTIF($C$4:$F$52,$A57&" ضد "&G$56)+COUNTIF($C$4:$F$52,G$56&" ضد "&$A57)) -> 4 | H57: =IF($A57=H$56,"",COUNTIF($C$4:$F$52,$A57&" ضد "&H$56)+COUNTIF($C$4:$F$52,H$56&" ضد "&$A57)) -> 4 | I57: =IF($A57=I$56,"",COUNTIF($C$4:$F$52,$A57&" ضد "&I$56)+COUNTIF($C$4:$F$52,I$56&" ضد "&$A57)) -> 4
A58: 2 | B58: =IF($A58=B$56,"",COUNTIF($C$4:$F$52,$A58&" ضد "&B$56)+COUNTIF($C$4:$F$52,B$56&" ضد "&$A58)) -> 4 | C58: =IF($A58=C$56,"",COUNTIF($C$4:$F$52,$A58&" ضد "&C$56)+COUNTIF($C$4:$F$52,C$56&" ضد "&$A58)) | D58: =IF($A58=D$56,"",COUNTIF($C$4:$F$52,$A58&" ضد "&D$56)+COUNTIF($C$4:$F$52,D$56&" ضد "&$A58)) -> 4 | E58: =IF($A58=E$56,"",COUNTIF($C$4:$F$52,$A58&" ضد "&E$56)+COUNTIF($C$4:$F$52,E$56&" ضد "&$A58)) -> 4 | F58: =IF($A58=F$56,"",COUNTIF($C$4:$F$52,$A58&" ضد "&F$56)+COUNTIF($C$4:$F$52,F$56&" ضد "&$A58)) -> 4 | G58: =IF($A58=G$56,"",COUNTIF($C$4:$F$52,$A58&" ضد "&G$56)+COUNTIF($C$4:$F$52,G$56&" ضد "&$A58)) -> 4 | H58: =IF($A58=H$56,"",COUNTIF($C$4:$F$52,$A58&" ضد "&H$56)+COUNTIF($C$4:$F$52,H$56&" ضد "&$A58)) -> 4 | I58: =IF($A58=I$56,"",COUNTIF($C$4:$F$52,$A58&" ضد "&I$56)+COUNTIF($C$4:$F$52,I$56&" ضد "&$A58)) -> 4
A59: 3 | B59: =IF($A59=B$56,"",COUNTIF($C$4:$F$52,$A59&" ضد "&B$56)+COUNTIF($C$4:$F$52,B$56&" ضد "&$A59)) -> 4 | C59: =IF($A59=C$56,"",COUNTIF($C$4:$F$52,$A59&" ضد "&C$56)+COUNTIF($C$4:$F$52,C$56&" ضد "&$A59)) -> 4 | D59: =IF($A59=D$56,"",COUNTIF($C$4:$F$52,$A59&" ضد "&D$56)+COUNTIF($C$4:$F$52,D$56&" ضد "&$A59)) | E59: =IF($A59=E$56,"",COUNTIF($C$4:$F$52,$A59&" ضد "&E$56)+COUNTIF($C$4:$F$52,E$56&" ضد "&$A59)) -> 4 | F59: =IF($A59=F$56,"",COUNTIF($C$4:$F$52,$A59&" ضد "&F$56)+COUNTIF($C$4:$F$52,F$56&" ضد "&$A59)) -> 4 | G59: =IF($A59=G$56,"",COUNTIF($C$4:$F$52,$A59&" ضد "&G$56)+COUNTIF($C$4:$F$52,G$56&" ضد "&$A59)) -> 4 | H59: =IF($A59=H$56,"",COUNTIF($C$4:$F$52,$A59&" ضد "&H$56)+COUNTIF($C$4:$F$52,H$56&" ضد "&$A59)) -> 4 | I59: =IF($A59=I$56,"",COUNTIF($C$4:$F$52,$A59&" ضد "&I$56)+COUNTIF($C$4:$F$52,I$56&" ضد "&$A59)) -> 4
A60: 4 | B60: =IF($A60=B$56,"",COUNTIF($C$4:$F$52,$A60&" ضد "&B$56)+COUNTIF($C$4:$F$52,B$56&" ضد "&$A60)) -> 4 | C60: =IF($A60=C$56,"",COUNTIF($C$4:$F$52,$A60&" ضد "&C$56)+COUNTIF($C$4:$F$52,C$56&" ضد "&$A60)) -> 4 | D60: =IF($A60=D$56,"",COUNTIF($C$4:$F$52,$A60&" ضد "&D$56)+COUNTIF($C$4:$F$52,D$56&" ضد "&$A60)) -> 4 | E60: =IF($A60=E$56,"",COUNTIF($C$4:$F$52,$A60&" ضد "&E$56)+COUNTIF($C$4:$F$52,E$56&" ضد "&$A60)) | F60: =IF($A60=F$56,"",COUNTIF($C$4:$F$52,$A60&" ضد "&F$56)+COUNTIF($C$4:$F$52,F$56&" ضد "&$A60)) -> 4 | G60: =IF($A60=G$56,"",COUNTIF($C$4:$F$52,$A60&" ضد "&G$56)+COUNTIF($C$4:$F$52,G$56&" ضد "&$A60)) -> 4 | H60: =IF($A60=H$56,"",COUNTIF($C$4:$F$52,$A60&" ضد "&H$56)+COUNTIF($C$4:$F$52,H$56&" ضد "&$A60)) -> 4 | I60: =IF($A60=I$56,"",COUNTIF($C$4:$F$52,$A60&" ضد "&I$56)+COUNTIF($C$4:$F$52,I$56&" ضد "&$A60)) -> 4
A61: 5 | B61: =IF($A61=B$56,"",COUNTIF($C$4:$F$52,$A61&" ضد "&B$56)+COUNTIF($C$4:$F$52,B$56&" ضد "&$A61)) -> 4 | C61: =IF($A61=C$56,"",COUNTIF($C$4:$F$52,$A61&" ضد "&C$56)+COUNTIF($C$4:$F$52,C$56&" ضد "&$A61)) -> 4 | D61: =IF($A61=D$56,"",COUNTIF($C$4:$F$52,$A61&" ضد "&D$56)+COUNTIF($C$4:$F$52,D$56&" ضد "&$A61)) -> 4 | E61: =IF($A61=E$56,"",COUNTIF($C$4:$F$52,$A61&" ضد "&E$56)+COUNTIF($C$4:$F$52,E$56&" ضد "&$A61)) -> 4 | F61: =IF($A61=F$56,"",COUNTIF($C$4:$F$52,$A61&" ضد "&F$56)+COUNTIF($C$4:$F$52,F$56&" ضد "&$A61)) | G61: =IF($A61=G$56,"",COUNTIF($C$4:$F$52,$A61&" ضد "&G$56)+COUNTIF($C$4:$F$52,G$56&" ضد "&$A61)) -> 4 | H61: =IF($A61=H$56,"",COUNTIF($C$4:$F$52,$A61&" ضد "&H$56)+COUNTIF($C$4:$F$52,H$56&" ضد "&$A61)) -> 4 | I61: =IF($A61=I$56,"",COUNTIF($C$4:$F$52,$A61&" ضد "&I$56)+COUNTIF($C$4:$F$52,I$56&" ضد "&$A61)) -> 4
A62: 6 | B62: =IF($A62=B$56,"",COUNTIF($C$4:$F$52,$A62&" ضد "&B$56)+COUNTIF($C$4:$F$52,B$56&" ضد "&$A62)) -> 4 | C62: =IF($A62=C$56,"",COUNTIF($C$4:$F$52,$A62&" ضد "&C$56)+COUNTIF($C$4:$F$52,C$56&" ضد "&$A62)) -> 4 | D62: =IF($A62=D$56,"",COUNTIF($C$4:$F$52,$A62&" ضد "&D$56)+COUNTIF($C$4:$F$52,D$56&" ضد "&$A62)) -> 4 | E62: =IF($A62=E$56,"",COUNTIF($C$4:$F$52,$A62&" ضد "&E$56)+COUNTIF($C$4:$F$52,E$56&" ضد "&$A62)) -> 4 | F62: =IF($A62=F$56,"",COUNTIF($C$4:$F$52,$A62&" ضد "&F$56)+COUNTIF($C$4:$F$52,F$56&" ضد "&$A62)) -> 4 | G62: =IF($A62=G$56,"",COUNTIF($C$4:$F$52,$A62&" ضد "&G$56)+COUNTIF($C$4:$F$52,G$56&" ضد "&$A62)) | H62: =IF($A62=H$56,"",COUNTIF($C$4:$F$52,$A62&" ضد "&H$56)+COUNTIF($C$4:$F$52,H$56&" ضد "&$A62)) -> 4 | I62: =IF($A62=I$56,"",COUNTIF($C$4:$F$52,$A62&" ضد "&I$56)+COUNTIF($C$4:$F$52,I$56&" ضد "&$A62)) -> 4
A63: 7 | B63: =IF($A63=B$56,"",COUNTIF($C$4:$F$52,$A63&" ضد "&B$56)+COUNTIF($C$4:$F$52,B$56&" ضد "&$A63)) -> 4 | C63: =IF($A63=C$56,"",COUNTIF($C$4:$F$52,$A63&" ضد "&C$56)+COUNTIF($C$4:$F$52,C$56&" ضد "&$A63)) -> 4 | D63: =IF($A63=D$56,"",COUNTIF($C$4:$F$52,$A63&" ضد "&D$56)+COUNTIF($C$4:$F$52,D$56&" ضد "&$A63)) -> 4 | E63: =IF($A63=E$56,"",COUNTIF($C$4:$F$52,$A63&" ضد "&E$56)+COUNTIF($C$4:$F$52,E$56&" ضد "&$A63)) -> 4 | F63: =IF($A63=F$56,"",COUNTIF($C$4:$F$52,$A63&" ضد "&F$56)+COUNTIF($C$4:$F$52,F$56&" ضد "&$A63)) -> 4 | G63: =IF($A63=G$56,"",COUNTIF($C$4:$F$52,$A63&" ضد "&G$56)+COUNTIF($C$4:$F$52,G$56&" ضد "&$A63)) -> 4 | H63: =IF($A63=H$56,"",COUNTIF($C$4:$F$52,$A63&" ضد "&H$56)+COUNTIF($C$4:$F$52,H$56&" ضد "&$A63)) | I63: =IF($A63=I$56,"",COUNTIF($C$4:$F$52,$A63&" ضد "&I$56)+COUNTIF($C$4:$F$52,I$56&" ضد "&$A63)) -> 4
A64: 8 | B64: =IF($A64=B$56,"",COUNTIF($C$4:$F$52,$A64&" ضد "&B$56)+COUNTIF($C$4:$F$52,B$56&" ضد "&$A64)) -> 4 | C64: =IF($A64=C$56,"",COUNTIF($C$4:$F$52,$A64&" ضد "&C$56)+COUNTIF($C$4:$F$52,C$56&" ضد "&$A64)) -> 4 | D64: =IF($A64=D$56,"",COUNTIF($C$4:$F$52,$A64&" ضد "&D$56)+COUNTIF($C$4:$F$52,D$56&" ضد "&$A64)) -> 4 | E64: =IF($A64=E$56,"",COUNTIF($C$4:$F$52,$A64&" ضد "&E$56)+COUNTIF($C$4:$F$52,E$56&" ضد "&$A64)) -> 4 | F64: =IF($A64=F$56,"",COUNTIF($C$4:$F$52,$A64&" ضد "&F$56)+COUNTIF($C$4:$F$52,F$56&" ضد "&$A64)) -> 4 | G64: =IF($A64=G$56,"",COUNTIF($C$4:$F$52,$A64&" ضد "&G$56)+COUNTIF($C$4:$F$52,G$56&" ضد "&$A64)) -> 4 | H64: =IF($A64=H$56,"",COUNTIF($C$4:$F$52,$A64&" ضد "&H$56)+COUNTIF($C$4:$F$52,H$56&" ضد "&$A64)) -> 4 | I64: =IF($A64=I$56,"",COUNTIF($C$4:$F$52,$A64&" ضد "&I$56)+COUNTIF($C$4:$F$52,I$56&" ضد "&$A64))
A65: أقل تكرار | B65: =MIN(B57:I64) -> 4
A66: أعلى تكرار | B66: =MAX(B57:I64) -> 4

Sheet 9 فرق
A1: جدول مباريات المجموعات التي فيها 9 فرق
A3: اليوم | B3: الوقت | C3: ملعب 1 | D3: ملعب 2 | E3: ملعب 3 | F3: ملعب 4 | G3: مجموع مباريات اليوم | H3: مباريات كل فريق في اليوم
A4: اليوم 1 | B4: =MOD(HOUR((المدخلات!$B$4+0*المدخلات!$B$5/1440))-1,12)+1&":"&TEXT(MINUTE((المدخلات!$B$4+0*المدخلات!$B$5/1440)),"00")&"–"&MOD(HOUR((المدخلات!$B$4+0*المدخلات!$B$5/1440+المدخلات!$B$5/1440))-1,12)+1&":"&TEXT(MINUTE((المدخلات!$B$4+0*المدخلات!$B$5/1440+المدخلات!$B$5/1440)),"00")&IF(HOUR((المدخلات!$B$4+0*المدخلات!$B$5/1440))<12," ص"," م") -> 5:00–5:15 م | C4: 2 ضد 7 | D4: 3 ضد 9 | G4: =COUNTIF(C4:F12,"* ضد *") -> 18 | H4: =G4*2/'ملخص البطولات'!$A$7 -> 4
B5: =MOD(HOUR((المدخلات!$B$4+1*المدخلات!$B$5/1440))-1,12)+1&":"&TEXT(MINUTE((المدخلات!$B$4+1*المدخلات!$B$5/1440)),"00")&"–"&MOD(HOUR((المدخلات!$B$4+1*المدخلات!$B$5/1440+المدخلات!$B$5/1440))-1,12)+1&":"&TEXT(MINUTE((المدخلات!$B$4+1*المدخلات!$B$5/1440+المدخلات!$B$5/1440)),"00")&IF(HOUR((المدخلات!$B$4+1*المدخلات!$B$5/1440))<12," ص"," م") -> 5:15–5:30 م | C5: 1 ضد 6
B6: =MOD(HOUR((المدخلات!$B$4+2*المدخلات!$B$5/1440))-1,12)+1&":"&TEXT(MINUTE((المدخلات!$B$4+2*المدخلات!$B$5/1440)),"00")&"–"&MOD(HOUR((المدخلات!$B$4+2*المدخلات!$B$5/1440+المدخلات!$B$5/1440))-1,12)+1&":"&TEXT(MINUTE((المدخلات!$B$4+2*المدخلات!$B$5/1440+المدخلات!$B$5/1440)),"00")&IF(HOUR((المدخلات!$B$4+2*المدخلات!$B$5/1440))<12," ص"," م") -> 5:30–5:45 م | C6: 4 ضد 7 | D6: 5 ضد 9 | E6: 2 ضد 8
B7: =MOD(HOUR((المدخلات!$B$4+3*المدخلات!$B$5/1440))-1,12)+1&":"&TEXT(MINUTE((المدخلات!$B$4+3*المدخلات!$B$5/1440)),"00")&"–"&MOD(HOUR((المدخلات!$B$4+3*المدخلات!$B$5/1440+المدخلات!$B$5/1440))-1,12)+1&":"&TEXT(MINUTE((المدخلات!$B$4+3*المدخلات!$B$5/1440+المدخلات!$B$5/1440)),"00")&IF(HOUR((المدخلات!$B$4+3*المدخلات!$B$5/1440))<12," ص"," م") -> 5:45–6:00 م | C7: 3 ضد 6
B8: =MOD(HOUR((المدخلات!$B$4+4*المدخلات!$B$5/1440))-1,12)+1&":"&TEXT(MINUTE((المدخلات!$B$4+4*المدخلات!$B$5/1440)),"00")&"–"&MOD(HOUR((المدخلات!$B$4+4*المدخلات!$B$5/1440+المدخلات!$B$5/1440))-1,12)+1&":"&TEXT(MINUTE((المدخلات!$B$4+4*المدخلات!$B$5/1440+المدخلات!$B$5/1440)),"00")&IF(HOUR((المدخلات!$B$4+4*المدخلات!$B$5/1440))<12," ص"," م") -> 6:00–6:15 م | C8: 4 ضد 9 | D8: 1 ضد 7 | E8: 5 ضد 8
B9: =MOD(HOUR((المدخلات!$B$4+5*المدخلات!$B$5/1440))-1,12)+1&":"&TEXT(MINUTE((المدخلات!$B$4+5*المدخلات!$B$5/1440)),"00")&"–"&MOD(HOUR((المدخلات!$B$4+5*المدخلات!$B$5/1440+المدخلات!$B$5/1440))-1,12)+1&":"&TEXT(MINUTE((المدخلات!$B$4+5*المدخلات!$B$5/1440+المدخلات!$B$5/1440)),"00")&IF(HOUR((المدخلات!$B$4+5*المدخلات!$B$5/1440))<12," ص"," م") -> 6:15–6:30 م | C9: 2 ضد 6
B10: =MOD(HOUR((المدخلات!$B$4+6*المدخلات!$B$5/1440))-1,12)+1&":"&TEXT(MINUTE((المدخلات!$B$4+6*المدخلات!$B$5/1440)),"00")&"–"&MOD(HOUR((المدخلات!$B$4+6*المدخلات!$B$5/1440+المدخلات!$B$5/1440))-1,12)+1&":"&TEXT(MINUTE((المدخلات!$B$4+6*المدخلات!$B$5/1440+المدخلات!$B$5/1440)),"00")&IF(HOUR((المدخلات!$B$4+6*المدخلات!$B$5/1440))<12," ص"," م") -> 6:30–6:45 م | C10: 4 ضد 8 | D10: 3 ضد 7 | E10: 1 ضد 5
B11: =MOD(HOUR((المدخلات!$B$4+7*المدخلات!$B$5/1440))-1,12)+1&":"&TEXT(MINUTE((المدخلات!$B$4+7*المدخلات!$B$5/1440)),"00")&"–"&MOD(HOUR((المدخلات!$B$4+7*المدخلات!$B$5/1440+المدخلات!$B$5/1440))-1,12)+1&":"&TEXT(MINUTE((المدخلات!$B$4+7*المدخلات!$B$5/1440+المدخلات!$B$5/1440)),"00")&IF(HOUR((المدخلات!$B$4+7*المدخلات!$B$5/1440))<12," ص"," م") -> 6:45–7:00 م | C11: 6 ضد 9
B12: =MOD(HOUR((المدخلات!$B$4+8*المدخلات!$B$5/1440))-1,12)+1&":"&TEXT(MINUTE((المدخلات!$B$4+8*المدخلات!$B$5/1440)),"00")&"–"&MOD(HOUR((المدخلات!$B$4+8*المدخلات!$B$5/1440+المدخلات!$B$5/1440))-1,12)+1&":"&TEXT(MINUTE((المدخلات!$B$4+8*المدخلات!$B$5/1440+المدخلات!$B$5/1440)),"00")&IF(HOUR((المدخلات!$B$4+8*المدخلات!$B$5/1440))<12," ص"," م") -> 7:00–7:15 م | C12: 3 ضد 8 | D12: 2 ضد 5 | E12: 1 ضد 4
A13: اليوم 2 | B13: =MOD(HOUR((المدخلات!$B$4+0*المدخلات!$B$5/1440))-1,12)+1&":"&TEXT(MINUTE((المدخلات!$B$4+0*المدخلات!$B$5/1440)),"00")&"–"&MOD(HOUR((المدخلات!$B$4+0*المدخلات!$B$5/1440+المدخلات!$B$5/1440))-1,12)+1&":"&TEXT(MINUTE((المدخلات!$B$4+0*المدخلات!$B$5/1440+المدخلات!$B$5/1440)),"00")&IF(HOUR((المدخلات!$B$4+0*المدخلات!$B$5/1440))<12," ص"," م") -> 5:00–5:15 م | C13: 4 ضد 5 | D13: 2 ضد 9 | E13: 6 ضد 7 | G13: =COUNTIF(C13:F21,"* ضد *") -> 18 | H13: =G13*2/'ملخص البطولات'!$A$7 -> 4
B14: =MOD(HOUR((المدخلات!$B$4+1*المدخلات!$B$5/1440))-1,12)+1&":"&TEXT(MINUTE((المدخلات!$B$4+1*المدخلات!$B$5/1440)),"00")&"–"&MOD(HOUR((المدخلات!$B$4+1*المدخلات!$B$5/1440+المدخلات!$B$5/1440))-1,12)+1&":"&TEXT(MINUTE((المدخلات!$B$4+1*المدخلات!$B$5/1440+المدخلات!$B$5/1440)),"00")&IF(HOUR((المدخلات!$B$4+1*المدخلات!$B$5/1440))<12," ص"," م") -> 5:15–5:30 م | C14: 1 ضد 8
B15: =MOD(HOUR((المدخلات!$B$4+2*المدخلات!$B$5/1440))-1,12)+1&":"&TEXT(MINUTE((المدخلات!$B$4+2*المدخلات!$B$5/1440)),"00")&"–"&MOD(HOUR((المدخلات!$B$4+2*المدخلات!$B$5/1440+المدخلات!$B$5/1440))-1,12)+1&":"&TEXT(MINUTE((المدخلات!$B$4+2*المدخلات!$B$5/1440+المدخلات!$B$5/1440)),"00")&IF(HOUR((المدخلات!$B$4+2*المدخلات!$B$5/1440))<12," ص"," م") -> 5:30–5:45 م | C15: 5 ضد 7 | D15: 4 ضد 6 | E15: 2 ضد 3
B16: =MOD(HOUR((المدخلات!$B$4+3*المدخلات!$B$5/1440))-1,12)+1&":"&TEXT(MINUTE((المدخلات!$B$4+3*المدخلات!$B$5/1440)),"00")&"–"&MOD(HOUR((المدخلات!$B$4+3*المدخلات!$B$5/1440+المدخلات!$B$5/1440))-1,12)+1&":"&TEXT(MINUTE((المدخلات!$B$4+3*المدخلات!$B$5/1440+المدخلات!$B$5/1440)),"00")&IF(HOUR((المدخلات!$B$4+3*المدخلات!$B$5/1440))<12," ص"," م") -> 5:45–6:00 م | C16: 8 ضد 9
B17: =MOD(HOUR((المدخلات!$B$4+4*المدخلات!$B$5/1440))-1,12)+1&":"&TEXT(MINUTE((المدخلات!$B$4+4*المدخلات!$B$5/1440)),"00")&"–"&MOD(HOUR((المدخلات!$B$4+4*المدخلات!$B$5/1440+المدخلات!$B$5/1440))-1,12)+1&":"&TEXT(MINUTE((المدخلات!$B$4+4*المدخلات!$B$5/1440+المدخلات!$B$5/1440)),"00")&IF(HOUR((المدخلات!$B$4+4*المدخلات!$B$5/1440))<12," ص"," م") -> 6:00–6:15 م | C17: 1 ضد 2 | D17: 5 ضد 6 | E17: 3 ضد 4
B18: =MOD(HOUR((المدخلات!$B$4+5*المدخلات!$B$5/1440))-1,12)+1&":"&TEXT(MINUTE((المدخلات!$B$4+5*المدخلات!$B$5/1440)),"00")&"–"&MOD(HOUR((المدخلات!$B$4+5*المدخلات!$B$5/1440+المدخلات!$B$5/1440))-1,12)+1&":"&TEXT(MINUTE((المدخلات!$B$4+5*المدخلات!$B$5/1440+المدخلات!$B$5/1440)),"00")&IF(HOUR((المدخلات!$B$4+5*المدخلات!$B$5/1440))<12," ص"," م") -> 6:15–6:30 م | C18: 7 ضد 8
B19: =MOD(HOUR((المدخلات!$B$4+6*المدخلات!$B$5/1440))-1,12)+1&":"&TEXT(MINUTE((المدخلات!$B$4+6*المدخلات!$B$5/1440)),"00")&"–"&MOD(HOUR((المدخلات!$B$4+6*المدخلات!$B$5/1440+المدخلات!$B$5/1440))-1,12)+1&":"&TEXT(MINUTE((المدخلات!$B$4+6*المدخلات!$B$5/1440+المدخلات!$B$5/1440)),"00")&IF(HOUR((المدخلات!$B$4+6*المدخلات!$B$5/1440))<12," ص"," م") -> 6:30–6:45 م | C19: 3 ضد 5 | D19: 1 ضد 9
B20: =MOD(HOUR((المدخلات!$B$4+7*المدخلات!$B$5/1440))-1,12)+1&":"&TEXT(MINUTE((المدخلات!$B$4+7*المدخلات!$B$5/1440)),"00")&"–"&MOD(HOUR((المدخلات!$B$4+7*المدخلات!$B$5/1440+المدخلات!$B$5/1440))-1,12)+1&":"&TEXT(MINUTE((المدخلات!$B$4+7*المدخلات!$B$5/1440+المدخلات!$B$5/1440)),"00")&IF(HOUR((المدخلات!$B$4+7*المدخلات!$B$5/1440))<12," ص"," م") -> 6:45–7:00 م | C20: 2 ضد 4 | D20: 6 ضد 8
B21: =MOD(HOUR((المدخلات!$B$4+8*المدخلات!$B$5/1440))-1,12)+1&":"&TEXT(MINUTE((المدخلات!$B$4+8*المدخلات!$B$5/1440)),"00")&"–"&MOD(HOUR((المدخلات!$B$4+8*المدخلات!$B$5/1440+المدخلات!$B$5/1440))-1,12)+1&":"&TEXT(MINUTE((المدخلات!$B$4+8*المدخلات!$B$5/1440+المدخلات!$B$5/1440)),"00")&IF(HOUR((المدخلات!$B$4+8*المدخلات!$B$5/1440))<12," ص"," م") -> 7:00–7:15 م | C21: 1 ضد 3 | D21: 7 ضد 9
A22: اليوم 3 | B22: =MOD(HOUR((المدخلات!$B$4+0*المدخلات!$B$5/1440))-1,12)+1&":"&TEXT(MINUTE((المدخلات!$B$4+0*المدخلات!$B$5/1440)),"00")&"–"&MOD(HOUR((المدخلات!$B$4+0*المدخلات!$B$5/1440+المدخلات!$B$5/1440))-1,12)+1&":"&TEXT(MINUTE((المدخلات!$B$4+0*المدخلات!$B$5/1440+المدخلات!$B$5/1440)),"00")&IF(HOUR((المدخلات!$B$4+0*المدخلات!$B$5/1440))<12," ص"," م") -> 5:00–5:15 م | C22: 5 ضد 8 | D22: 1 ضد 6 | G22: =COUNTIF(C22:F30,"* ضد *") -> 18 | H22: =G22*2/'ملخص البطولات'!$A$7 -> 4
B23: =MOD(HOUR((المدخلات!$B$4+1*المدخلات!$B$5/1440))-1,12)+1&":"&TEXT(MINUTE((المدخلات!$B$4+1*المدخلات!$B$5/1440)),"00")&"–"&MOD(HOUR((المدخلات!$B$4+1*المدخلات!$B$5/1440+المدخلات!$B$5/1440))-1,12)+1&":"&TEXT(MINUTE((المدخلات!$B$4+1*المدخلات!$B$5/1440+المدخلات!$B$5/1440)),"00")&IF(HOUR((المدخلات!$B$4+1*المدخلات!$B$5/1440))<12," ص"," م") -> 5:15–5:30 م | C23: 2 ضد 7
B24: =MOD(HOUR((المدخلات!$B$4+2*المدخلات!$B$5/1440))-1,12)+1&":"&TEXT(MINUTE((المدخلات!$B$4+2*المدخلات!$B$5/1440)),"00")&"–"&MOD(HOUR((المدخلات!$B$4+2*المدخلات!$B$5/1440+المدخلات!$B$5/1440))-1,12)+1&":"&TEXT(MINUTE((المدخلات!$B$4+2*المدخلات!$B$5/1440+المدخلات!$B$5/1440)),"00")&IF(HOUR((المدخلات!$B$4+2*المدخلات!$B$5/1440))<12," ص"," م") -> 5:30–5:45 م | C24: 1 ضد 5 | D24: 4 ضد 9 | E24: 3 ضد 6
B25: =MOD(HOUR((المدخلات!$B$4+3*المدخلات!$B$5/1440))-1,12)+1&":"&TEXT(MINUTE((المدخلات!$B$4+3*المدخلات!$B$5/1440)),"00")&"–"&MOD(HOUR((المدخلات!$B$4+3*المدخلات!$B$5/1440+المدخلات!$B$5/1440))-1,12)+1&":"&TEXT(MINUTE((المدخلات!$B$4+3*المدخلات!$B$5/1440+المدخلات!$B$5/1440)),"00")&IF(HOUR((المدخلات!$B$4+3*المدخلات!$B$5/1440))<12," ص"," م") -> 5:45–6:00 م | C25: 2 ضد 8
B26: =MOD(HOUR((المدخلات!$B$4+4*المدخلات!$B$5/1440))-1,12)+1&":"&TEXT(MINUTE((المدخلات!$B$4+4*المدخلات!$B$5/1440)),"00")&"–"&MOD(HOUR((المدخلات!$B$4+4*المدخلات!$B$5/1440+المدخلات!$B$5/1440))-1,12)+1&":"&TEXT(MINUTE((المدخلات!$B$4+4*المدخلات!$B$5/1440+المدخلات!$B$5/1440)),"00")&IF(HOUR((المدخلات!$B$4+4*المدخلات!$B$5/1440))<12," ص"," م") -> 6:00–6:15 م | C26: 1 ضد 4 | D26: 3 ضد 7 | E26: 6 ضد 9
B27: =MOD(HOUR((المدخلات!$B$4+5*المدخلات!$B$5/1440))-1,12)+1&":"&TEXT(MINUTE((المدخلات!$B$4+5*المدخلات!$B$5/1440)),"00")&"–"&MOD(HOUR((المدخلات!$B$4+5*المدخلات!$B$5/1440+المدخلات!$B$5/1440))-1,12)+1&":"&TEXT(MINUTE((المدخلات!$B$4+5*المدخلات!$B$5/1440+المدخلات!$B$5/1440)),"00")&IF(HOUR((المدخلات!$B$4+5*المدخلات!$B$5/1440))<12," ص"," م") -> 6:15–6:30 م | C27: 2 ضد 5
B28: =MOD(HOUR((المدخلات!$B$4+6*المدخلات!$B$5/1440))-1,12)+1&":"&TEXT(MINUTE((المدخلات!$B$4+6*المدخلات!$B$5/1440)),"00")&"–"&MOD(HOUR((المدخلات!$B$4+6*المدخلات!$B$5/1440+المدخلات!$B$5/1440))-1,12)+1&":"&TEXT(MINUTE((المدخلات!$B$4+6*المدخلات!$B$5/1440+المدخلات!$B$5/1440)),"00")&IF(HOUR((المدخلات!$B$4+6*المدخلات!$B$5/1440))<12," ص"," م") -> 6:30–6:45 م | C28: 4 ضد 8 | D28: 1 ضد 7 | E28: 3 ضد 9
B29: =MOD(HOUR((المدخلات!$B$4+7*المدخلات!$B$5/1440))-1,12)+1&":"&TEXT(MINUTE((المدخلات!$B$4+7*المدخلات!$B$5/1440)),"00")&"–"&MOD(HOUR((المدخلات!$B$4+7*المدخلات!$B$5/1440+المدخلات!$B$5/1440))-1,12)+1&":"&TEXT(MINUTE((المدخلات!$B$4+7*المدخلات!$B$5/1440+المدخلات!$B$5/1440)),"00")&IF(HOUR((المدخلات!$B$4+7*المدخلات!$B$5/1440))<12," ص"," م") -> 6:45–7:00 م | C29: 2 ضد 6
B30: =MOD(HOUR((المدخلات!$B$4+8*المدخلات!$B$5/1440))-1,12)+1&":"&TEXT(MINUTE((المدخلات!$B$4+8*المدخلات!$B$5/1440)),"00")&"–"&MOD(HOUR((المدخلات!$B$4+8*المدخلات!$B$5/1440+المدخلات!$B$5/1440))-1,12)+1&":"&TEXT(MINUTE((المدخلات!$B$4+8*المدخلات!$B$5/1440+المدخلات!$B$5/1440)),"00")&IF(HOUR((المدخلات!$B$4+8*المدخلات!$B$5/1440))<12," ص"," م") -> 7:00–7:15 م | C30: 3 ضد 8 | D30: 4 ضد 7 | E30: 5 ضد 9
A31: اليوم 4 | B31: =MOD(HOUR((المدخلات!$B$4+0*المدخلات!$B$5/1440))-1,12)+1&":"&TEXT(MINUTE((المدخلات!$B$4+0*المدخلات!$B$5/1440)),"00")&"–"&MOD(HOUR((المدخلات!$B$4+0*المدخلات!$B$5/1440+المدخلات!$B$5/1440))-1,12)+1&":"&TEXT(MINUTE((المدخلات!$B$4+0*المدخلات!$B$5/1440+المدخلات!$B$5/1440)),"00")&IF(HOUR((المدخلات!$B$4+0*المدخلات!$B$5/1440))<12," ص"," م") -> 5:00–5:15 م | C31: 5 ضد 7 | D31: 6 ضد 8 | G31: =COUNTIF(C31:F39,"* ضد *") -> 18 | H31: =G31*2/'ملخص البطولات'!$A$7 -> 4
B32: =MOD(HOUR((المدخلات!$B$4+1*المدخلات!$B$5/1440))-1,12)+1&":"&TEXT(MINUTE((المدخلات!$B$4+1*المدخلات!$B$5/1440)),"00")&"–"&MOD(HOUR((المدخلات!$B$4+1*المدخلات!$B$5/1440+المدخلات!$B$5/1440))-1,12)+1&":"&TEXT(MINUTE((المدخلات!$B$4+1*المدخلات!$B$5/1440+المدخلات!$B$5/1440)),"00")&IF(HOUR((المدخلات!$B$4+1*المدخلات!$B$5/1440))<12," ص"," م") -> 5:15–5:30 م | C32: 1 ضد 3 | D32: 2 ضد 4
B33: =MOD(HOUR((المدخلات!$B$4+2*المدخلات!$B$5/1440))-1,12)+1&":"&TEXT(MINUTE((المدخلات!$B$4+2*المدخلات!$B$5/1440)),"00")&"–"&MOD(HOUR((المدخلات!$B$4+2*المدخلات!$B$5/1440+المدخلات!$B$5/1440))-1,12)+1&":"&TEXT(MINUTE((المدخلات!$B$4+2*المدخلات!$B$5/1440+المدخلات!$B$5/1440)),"00")&IF(HOUR((المدخلات!$B$4+2*المدخلات!$B$5/1440))<12," ص"," م") -> 5:30–5:45 م | C33: 5 ضد 6 | D33: 7 ضد 9
B34: =MOD(HOUR((المدخلات!$B$4+3*المدخلات!$B$5/1440))-1,12)+1&":"&TEXT(MINUTE((المدخلات!$B$4+3*المدخلات!$B$5/1440)),"00")&"–"&MOD(HOUR((المدخلات!$B$4+3*المدخلات!$B$5/1440+المدخلات!$B$5/1440))-1,12)+1&":"&TEXT(MINUTE((المدخلات!$B$4+3*المدخلات!$B$5/1440+المدخلات!$B$5/1440)),"00")&IF(HOUR((المدخلات!$B$4+3*المدخلات!$B$5/1440))<12," ص"," م") -> 5:45–6:00 م | C34: 1 ضد 8 | D34: 3 ضد 4
B35: =MOD(HOUR((المدخلات!$B$4+4*المدخلات!$B$5/1440))-1,12)+1&":"&TEXT(MINUTE((المدخلات!$B$4+4*المدخلات!$B$5/1440)),"00")&"–"&MOD(HOUR((المدخلات!$B$4+4*المدخلات!$B$5/1440+المدخلات!$B$5/1440))-1,12)+1&":"&TEXT(MINUTE((المدخلات!$B$4+4*المدخلات!$B$5/1440+المدخلات!$B$5/1440)),"00")&IF(HOUR((المدخلات!$B$4+4*المدخلات!$B$5/1440))<12," ص"," م") -> 6:00–6:15 م | C35: 2 ضد 9 | D35: 6 ضد 7
B36: =MOD(HOUR((المدخلات!$B$4+5*المدخلات!$B$5/1440))-1,12)+1&":"&TEXT(MINUTE((المدخلات!$B$4+5*المدخلات!$B$5/1440)),"00")&"–"&MOD(HOUR((المدخلات!$B$4+5*المدخلات!$B$5/1440+المدخلات!$B$5/1440))-1,12)+1&":"&TEXT(MINUTE((المدخلات!$B$4+5*المدخلات!$B$5/1440+المدخلات!$B$5/1440)),"00")&IF(HOUR((المدخلات!$B$4+5*المدخلات!$B$5/1440))<12," ص"," م") -> 6:15–6:30 م | C36: 4 ضد 5
B37: =MOD(HOUR((المدخلات!$B$4+6*المدخلات!$B$5/1440))-1,12)+1&":"&TEXT(MINUTE((المدخلات!$B$4+6*المدخلات!$B$5/1440)),"00")&"–"&MOD(HOUR((المدخلات!$B$4+6*المدخلات!$B$5/1440+المدخلات!$B$5/1440))-1,12)+1&":"&TEXT(MINUTE((المدخلات!$B$4+6*المدخلات!$B$5/1440+المدخلات!$B$5/1440)),"00")&IF(HOUR((المدخلات!$B$4+6*المدخلات!$B$5/1440))<12," ص"," م") -> 6:30–6:45 م | C37: 2 ضد 3 | D37: 7 ضد 8 | E37: 1 ضد 9
B38: =MOD(HOUR((المدخلات!$B$4+7*المدخلات!$B$5/1440))-1,12)+1&":"&TEXT(MINUTE((المدخلات!$B$4+7*المدخلات!$B$5/1440)),"00")&"–"&MOD(HOUR((المدخلات!$B$4+7*المدخلات!$B$5/1440+المدخلات!$B$5/1440))-1,12)+1&":"&TEXT(MINUTE((المدخلات!$B$4+7*المدخلات!$B$5/1440+المدخلات!$B$5/1440)),"00")&IF(HOUR((المدخلات!$B$4+7*المدخلات!$B$5/1440))<12," ص"," م") -> 6:45–7:00 م | C38: 4 ضد 6
B39: =MOD(HOUR((المدخلات!$B$4+8*المدخلات!$B$5/1440))-1,12)+1&":"&TEXT(MINUTE((المدخلات!$B$4+8*المدخلات!$B$5/1440)),"00")&"–"&MOD(HOUR((المدخلات!$B$4+8*المدخلات!$B$5/1440+المدخلات!$B$5/1440))-1,12)+1&":"&TEXT(MINUTE((المدخلات!$B$4+8*المدخلات!$B$5/1440+المدخلات!$B$5/1440)),"00")&IF(HOUR((المدخلات!$B$4+8*المدخلات!$B$5/1440))<12," ص"," م") -> 7:00–7:15 م | C39: 3 ضد 5 | D39: 1 ضد 2 | E39: 8 ضد 9
A40: اليوم 5 | B40: =MOD(HOUR((المدخلات!$B$4+0*المدخلات!$B$5/1440))-1,12)+1&":"&TEXT(MINUTE((المدخلات!$B$4+0*المدخلات!$B$5/1440)),"00")&"–"&MOD(HOUR((المدخلات!$B$4+0*المدخلات!$B$5/1440+المدخلات!$B$5/1440))-1,12)+1&":"&TEXT(MINUTE((المدخلات!$B$4+0*المدخلات!$B$5/1440+المدخلات!$B$5/1440)),"00")&IF(HOUR((المدخلات!$B$4+0*المدخلات!$B$5/1440))<12," ص"," م") -> 5:00–5:15 م | C40: 3 ضد 7 | D40: 1 ضد 5 | E40: 4 ضد 9 | G40: =COUNTIF(C40:F48,"* ضد *") -> 18 | H40: =G40*2/'ملخص البطولات'!$A$7 -> 4
B41: =MOD(HOUR((المدخلات!$B$4+1*المدخلات!$B$5/1440))-1,12)+1&":"&TEXT(MINUTE((المدخلات!$B$4+1*المدخلات!$B$5/1440)),"00")&"–"&MOD(HOUR((المدخلات!$B$4+1*المدخلات!$B$5/1440+المدخلات!$B$5/1440))-1,12)+1&":"&TEXT(MINUTE((المدخلات!$B$4+1*المدخلات!$B$5/1440+المدخلات!$B$5/1440)),"00")&IF(HOUR((المدخلات!$B$4+1*المدخلات!$B$5/1440))<12," ص"," م") -> 5:15–5:30 م | C41: 2 ضد 8
B42: =MOD(HOUR((المدخلات!$B$4+2*المدخلات!$B$5/1440))-1,12)+1&":"&TEXT(MINUTE((المدخلات!$B$4+2*المدخلات!$B$5/1440)),"00")&"–"&MOD(HOUR((المدخلات!$B$4+2*المدخلات!$B$5/1440+المدخلات!$B$5/1440))-1,12)+1&":"&TEXT(MINUTE((المدخلات!$B$4+2*المدخلات!$B$5/1440+المدخلات!$B$5/1440)),"00")&IF(HOUR((المدخلات!$B$4+2*المدخلات!$B$5/1440))<12," ص"," م") -> 5:30–5:45 م | C42: 1 ضد 4 | D42: 3 ضد 6 | E42: 5 ضد 9
B43: =MOD(HOUR((المدخلات!$B$4+3*المدخلات!$B$5/1440))-1,12)+1&":"&TEXT(MINUTE((المدخلات!$B$4+3*المدخلات!$B$5/1440)),"00")&"–"&MOD(HOUR((المدخلات!$B$4+3*المدخلات!$B$5/1440+المدخلات!$B$5/1440))-1,12)+1&":"&TEXT(MINUTE((المدخلات!$B$4+3*المدخلات!$B$5/1440+المدخلات!$B$5/1440)),"00")&IF(HOUR((المدخلات!$B$4+3*المدخلات!$B$5/1440))<12," ص"," م") -> 5:45–6:00 م | C43: 2 ضد 7
B44: =MOD(HOUR((المدخلات!$B$4+4*المدخلات!$B$5/1440))-1,12)+1&":"&TEXT(MINUTE((المدخلات!$B$4+4*المدخلات!$B$5/1440)),"00")&"–"&MOD(HOUR((المدخلات!$B$4+4*المدخلات!$B$5/1440+المدخلات!$B$5/1440))-1,12)+1&":"&TEXT(MINUTE((المدخلات!$B$4+4*المدخلات!$B$5/1440+المدخلات!$B$5/1440)),"00")&IF(HOUR((المدخلات!$B$4+4*المدخلات!$B$5/1440))<12," ص"," م") -> 6:00–6:15 م | C44: 1 ضد 6 | D44: 5 ضد 8 | E44: 3 ضد 9
B45: =MOD(HOUR((المدخلات!$B$4+5*المدخلات!$B$5/1440))-1,12)+1&":"&TEXT(MINUTE((المدخلات!$B$4+5*المدخلات!$B$5/1440)),"00")&"–"&MOD(HOUR((المدخلات!$B$4+5*المدخلات!$B$5/1440+المدخلات!$B$5/1440))-1,12)+1&":"&TEXT(MINUTE((المدخلات!$B$4+5*المدخلات!$B$5/1440+المدخلات!$B$5/1440)),"00")&IF(HOUR((المدخلات!$B$4+5*المدخلات!$B$5/1440))<12," ص"," م") -> 6:15–6:30 م | C45: 4 ضد 7
B46: =MOD(HOUR((المدخلات!$B$4+6*المدخلات!$B$5/1440))-1,12)+1&":"&TEXT(MINUTE((المدخلات!$B$4+6*المدخلات!$B$5/1440)),"00")&"–"&MOD(HOUR((المدخلات!$B$4+6*المدخلات!$B$5/1440+المدخلات!$B$5/1440))-1,12)+1&":"&TEXT(MINUTE((المدخلات!$B$4+6*المدخلات!$B$5/1440+المدخلات!$B$5/1440)),"00")&IF(HOUR((المدخلات!$B$4+6*المدخلات!$B$5/1440))<12," ص"," م") -> 6:30–6:45 م | C46: 3 ضد 8 | D46: 2 ضد 5 | E46: 6 ضد 9
B47: =MOD(HOUR((المدخلات!$B$4+7*المدخلات!$B$5/1440))-1,12)+1&":"&TEXT(MINUTE((المدخلات!$B$4+7*المدخلات!$B$5/1440)),"00")&"–"&MOD(HOUR((المدخلات!$B$4+7*المدخلات!$B$5/1440+المدخلات!$B$5/1440))-1,12)+1&":"&TEXT(MINUTE((المدخلات!$B$4+7*المدخلات!$B$5/1440+المدخلات!$B$5/1440)),"00")&IF(HOUR((المدخلات!$B$4+7*المدخلات!$B$5/1440))<12," ص"," م") -> 6:45–7:00 م | C47: 1 ضد 7
B48: =MOD(HOUR((المدخلات!$B$4+8*المدخلات!$B$5/1440))-1,12)+1&":"&TEXT(MINUTE((المدخلات!$B$4+8*المدخلات!$B$5/1440)),"00")&"–"&MOD(HOUR((المدخلات!$B$4+8*المدخلات!$B$5/1440+المدخلات!$B$5/1440))-1,12)+1&":"&TEXT(MINUTE((المدخلات!$B$4+8*المدخلات!$B$5/1440+المدخلات!$B$5/1440)),"00")&IF(HOUR((المدخلات!$B$4+8*المدخلات!$B$5/1440))<12," ص"," م") -> 7:00–7:15 م | C48: 4 ضد 8 | D48: 2 ضد 6
A49: اليوم 6 | B49: =MOD(HOUR((المدخلات!$B$4+0*المدخلات!$B$5/1440))-1,12)+1&":"&TEXT(MINUTE((المدخلات!$B$4+0*المدخلات!$B$5/1440)),"00")&"–"&MOD(HOUR((المدخلات!$B$4+0*المدخلات!$B$5/1440+المدخلات!$B$5/1440))-1,12)+1&":"&TEXT(MINUTE((المدخلات!$B$4+0*المدخلات!$B$5/1440+المدخلات!$B$5/1440)),"00")&IF(HOUR((المدخلات!$B$4+0*المدخلات!$B$5/1440))<12," ص"," م") -> 5:00–5:15 م | C49: 4 ضد 6 | D49: 1 ضد 2 | E49: 8 ضد 9 | G49: =COUNTIF(C49:F57,"* ضد *") -> 18 | H49: =G49*2/'ملخص البطولات'!$A$7 -> 4
B50: =MOD(HOUR((المدخلات!$B$4+1*المدخلات!$B$5/1440))-1,12)+1&":"&TEXT(MINUTE((المدخلات!$B$4+1*المدخلات!$B$5/1440)),"00")&"–"&MOD(HOUR((المدخلات!$B$4+1*المدخلات!$B$5/1440+المدخلات!$B$5/1440))-1,12)+1&":"&TEXT(MINUTE((المدخلات!$B$4+1*المدخلات!$B$5/1440+المدخلات!$B$5/1440)),"00")&IF(HOUR((المدخلات!$B$4+1*المدخلات!$B$5/1440))<12," ص"," م") -> 5:15–5:30 م | C50: 5 ضد 7
B51: =MOD(HOUR((المدخلات!$B$4+2*المدخلات!$B$5/1440))-1,12)+1&":"&TEXT(MINUTE((المدخلات!$B$4+2*المدخلات!$B$5/1440)),"00")&"–"&MOD(HOUR((المدخلات!$B$4+2*المدخلات!$B$5/1440+المدخلات!$B$5/1440))-1,12)+1&":"&TEXT(MINUTE((المدخلات!$B$4+2*المدخلات!$B$5/1440+المدخلات!$B$5/1440)),"00")&IF(HOUR((المدخلات!$B$4+2*المدخلات!$B$5/1440))<12," ص"," م") -> 5:30–5:45 م | C51: 1 ضد 8 | D51: 3 ضد 4 | E51: 2 ضد 9
B52: =MOD(HOUR((المدخلات!$B$4+3*المدخلات!$B$5/1440))-1,12)+1&":"&TEXT(MINUTE((المدخلات!$B$4+3*المدخلات!$B$5/1440)),"00")&"–"&MOD(HOUR((المدخلات!$B$4+3*المدخلات!$B$5/1440+المدخلات!$B$5/1440))-1,12)+1&":"&TEXT(MINUTE((المدخلات!$B$4+3*المدخلات!$B$5/1440+المدخلات!$B$5/1440)),"00")&IF(HOUR((المدخلات!$B$4+3*المدخلات!$B$5/1440))<12," ص"," م") -> 5:45–6:00 م | C52: 6 ضد 7
B53: =MOD(HOUR((المدخلات!$B$4+4*المدخلات!$B$5/1440))-1,12)+1&":"&TEXT(MINUTE((المدخلات!$B$4+4*المدخلات!$B$5/1440)),"00")&"–"&MOD(HOUR((المدخلات!$B$4+4*المدخلات!$B$5/1440+المدخلات!$B$5/1440))-1,12)+1&":"&TEXT(MINUTE((المدخلات!$B$4+4*المدخلات!$B$5/1440+المدخلات!$B$5/1440)),"00")&IF(HOUR((المدخلات!$B$4+4*المدخلات!$B$5/1440))<12," ص"," م") -> 6:00–6:15 م | C53: 2 ضد 3 | D53: 4 ضد 5 | E53: 1 ضد 9
B54: =MOD(HOUR((المدخلات!$B$4+5*المدخلات!$B$5/1440))-1,12)+1&":"&TEXT(MINUTE((المدخلات!$B$4+5*المدخلات!$B$5/1440)),"00")&"–"&MOD(HOUR((المدخلات!$B$4+5*المدخلات!$B$5/1440+المدخلات!$B$5/1440))-1,12)+1&":"&TEXT(MINUTE((المدخلات!$B$4+5*المدخلات!$B$5/1440+المدخلات!$B$5/1440)),"00")&IF(HOUR((المدخلات!$B$4+5*المدخلات!$B$5/1440))<12," ص"," م") -> 6:15–6:30 م | C54: 7 ضد 8
B55: =MOD(HOUR((المدخلات!$B$4+6*المدخلات!$B$5/1440))-1,12)+1&":"&TEXT(MINUTE((المدخلات!$B$4+6*المدخلات!$B$5/1440)),"00")&"–"&MOD(HOUR((المدخلات!$B$4+6*المدخلات!$B$5/1440+المدخلات!$B$5/1440))-1,12)+1&":"&TEXT(MINUTE((المدخلات!$B$4+6*المدخلات!$B$5/1440+المدخلات!$B$5/1440)),"00")&IF(HOUR((المدخلات!$B$4+6*المدخلات!$B$5/1440))<12," ص"," م") -> 6:30–6:45 م | C55: 1 ضد 3 | D55: 5 ضد 6
B56: =MOD(HOUR((المدخلات!$B$4+7*المدخلات!$B$5/1440))-1,12)+1&":"&TEXT(MINUTE((المدخلات!$B$4+7*المدخلات!$B$5/1440)),"00")&"–"&MOD(HOUR((المدخلات!$B$4+7*المدخلات!$B$5/1440+المدخلات!$B$5/1440))-1,12)+1&":"&TEXT(MINUTE((المدخلات!$B$4+7*المدخلات!$B$5/1440+المدخلات!$B$5/1440)),"00")&IF(HOUR((المدخلات!$B$4+7*المدخلات!$B$5/1440))<12," ص"," م") -> 6:45–7:00 م | C56: 2 ضد 4 | D56: 7 ضد 9
B57: =MOD(HOUR((المدخلات!$B$4+8*المدخلات!$B$5/1440))-1,12)+1&":"&TEXT(MINUTE((المدخلات!$B$4+8*المدخلات!$B$5/1440)),"00")&"–"&MOD(HOUR((المدخلات!$B$4+8*المدخلات!$B$5/1440+المدخلات!$B$5/1440))-1,12)+1&":"&TEXT(MINUTE((المدخلات!$B$4+8*المدخلات!$B$5/1440+المدخلات!$B$5/1440)),"00")&IF(HOUR((المدخلات!$B$4+8*المدخلات!$B$5/1440))<12," ص"," م") -> 7:00–7:15 م | C57: 6 ضد 8 | D57: 3 ضد 5
A58: اليوم 7 | B58: =MOD(HOUR((المدخلات!$B$4+0*المدخلات!$B$5/1440))-1,12)+1&":"&TEXT(MINUTE((المدخلات!$B$4+0*المدخلات!$B$5/1440)),"00")&"–"&MOD(HOUR((المدخلات!$B$4+0*المدخلات!$B$5/1440+المدخلات!$B$5/1440))-1,12)+1&":"&TEXT(MINUTE((المدخلات!$B$4+0*المدخلات!$B$5/1440+المدخلات!$B$5/1440)),"00")&IF(HOUR((المدخلات!$B$4+0*المدخلات!$B$5/1440))<12," ص"," م") -> 5:00–5:15 م | C58: 3 ضد 8 | D58: 5 ضد 9 | E58: 1 ضد 6 | G58: =COUNTIF(C58:F66,"* ضد *") -> 18 | H58: =G58*2/'ملخص البطولات'!$A$7 -> 4
B59: =MOD(HOUR((المدخلات!$B$4+1*المدخلات!$B$5/1440))-1,12)+1&":"&TEXT(MINUTE((المدخلات!$B$4+1*المدخلات!$B$5/1440)),"00")&"–"&MOD(HOUR((المدخلات!$B$4+1*المدخلات!$B$5/1440+المدخلات!$B$5/1440))-1,12)+1&":"&TEXT(MINUTE((المدخلات!$B$4+1*المدخلات!$B$5/1440+المدخلات!$B$5/1440)),"00")&IF(HOUR((المدخلات!$B$4+1*المدخلات!$B$5/1440))<12," ص"," م") -> 5:15–5:30 م | C59: 2 ضد 7
B60: =MOD(HOUR((المدخلات!$B$4+2*المدخلات!$B$5/1440))-1,12)+1&":"&TEXT(MINUTE((المدخلات!$B$4+2*المدخلات!$B$5/1440)),"00")&"–"&MOD(HOUR((المدخلات!$B$4+2*المدخلات!$B$5/1440+المدخلات!$B$5/1440))-1,12)+1&":"&TEXT(MINUTE((المدخلات!$B$4+2*المدخلات!$B$5/1440+المدخلات!$B$5/1440)),"00")&IF(HOUR((المدخلات!$B$4+2*المدخلات!$B$5/1440))<12," ص"," م") -> 5:30–5:45 م | C60: 1 ضد 5 | D60: 3 ضد 6 | E60: 4 ضد 9
B61: =MOD(HOUR((المدخلات!$B$4+3*المدخلات!$B$5/1440))-1,12)+1&":"&TEXT(MINUTE((المدخلات!$B$4+3*المدخلات!$B$5/1440)),"00")&"–"&MOD(HOUR((المدخلات!$B$4+3*المدخلات!$B$5/1440+المدخلات!$B$5/1440))-1,12)+1&":"&TEXT(MINUTE((المدخلات!$B$4+3*المدخلات!$B$5/1440+المدخلات!$B$5/1440)),"00")&IF(HOUR((المدخلات!$B$4+3*المدخلات!$B$5/1440))<12," ص"," م") -> 5:45–6:00 م | C61: 2 ضد 8
B62: =MOD(HOUR((المدخلات!$B$4+4*المدخلات!$B$5/1440))-1,12)+1&":"&TEXT(MINUTE((المدخلات!$B$4+4*المدخلات!$B$5/1440)),"00")&"–"&MOD(HOUR((المدخلات!$B$4+4*المدخلات!$B$5/1440+المدخلات!$B$5/1440))-1,12)+1&":"&TEXT(MINUTE((المدخلات!$B$4+4*المدخلات!$B$5/1440+المدخلات!$B$5/1440)),"00")&IF(HOUR((المدخلات!$B$4+4*المدخلات!$B$5/1440))<12," ص"," م") -> 6:00–6:15 م | C62: 3 ضد 7 | D62: 1 ضد 4 | E62: 6 ضد 9
B63: =MOD(HOUR((المدخلات!$B$4+5*المدخلات!$B$5/1440))-1,12)+1&":"&TEXT(MINUTE((المدخلات!$B$4+5*المدخلات!$B$5/1440)),"00")&"–"&MOD(HOUR((المدخلات!$B$4+5*المدخلات!$B$5/1440+المدخلات!$B$5/1440))-1,12)+1&":"&TEXT(MINUTE((المدخلات!$B$4+5*المدخلات!$B$5/1440+المدخلات!$B$5/1440)),"00")&IF(HOUR((المدخلات!$B$4+5*المدخلات!$B$5/1440))<12," ص"," م") -> 6:15–6:30 م | C63: 2 ضد 5
B64: =MOD(HOUR((المدخلات!$B$4+6*المدخلات!$B$5/1440))-1,12)+1&":"&TEXT(MINUTE((المدخلات!$B$4+6*المدخلات!$B$5/1440)),"00")&"–"&MOD(HOUR((المدخلات!$B$4+6*المدخلات!$B$5/1440+المدخلات!$B$5/1440))-1,12)+1&":"&TEXT(MINUTE((المدخلات!$B$4+6*المدخلات!$B$5/1440+المدخلات!$B$5/1440)),"00")&IF(HOUR((المدخلات!$B$4+6*المدخلات!$B$5/1440))<12," ص"," م") -> 6:30–6:45 م | C64: 1 ضد 7 | D64: 4 ضد 8 | E64: 3 ضد 9
B65: =MOD(HOUR((المدخلات!$B$4+7*المدخلات!$B$5/1440))-1,12)+1&":"&TEXT(MINUTE((المدخلات!$B$4+7*المدخلات!$B$5/1440)),"00")&"–"&MOD(HOUR((المدخلات!$B$4+7*المدخلات!$B$5/1440+المدخلات!$B$5/1440))-1,12)+1&":"&TEXT(MINUTE((المدخلات!$B$4+7*المدخلات!$B$5/1440+المدخلات!$B$5/1440)),"00")&IF(HOUR((المدخلات!$B$4+7*المدخلات!$B$5/1440))<12," ص"," م") -> 6:45–7:00 م | C65: 2 ضد 6
B66: =MOD(HOUR((المدخلات!$B$4+8*المدخلات!$B$5/1440))-1,12)+1&":"&TEXT(MINUTE((المدخلات!$B$4+8*المدخلات!$B$5/1440)),"00")&"–"&MOD(HOUR((المدخلات!$B$4+8*المدخلات!$B$5/1440+المدخلات!$B$5/1440))-1,12)+1&":"&TEXT(MINUTE((المدخلات!$B$4+8*المدخلات!$B$5/1440+المدخلات!$B$5/1440)),"00")&IF(HOUR((المدخلات!$B$4+8*المدخلات!$B$5/1440))<12," ص"," م") -> 7:00–7:15 م | C66: 5 ضد 8 | D66: 4 ضد 7
A69: جدول تكرار لقاء الأزواج — كم مرة يلتقي كل فريقين خلال الموسم
A70: فريق \ فريق | B70: 1 | C70: 2 | D70: 3 | E70: 4 | F70: 5 | G70: 6 | H70: 7 | I70: 8 | J70: 9
A71: 1 | B71: =IF($A71=B$70,"",COUNTIF($C$4:$F$66,$A71&" ضد "&B$70)+COUNTIF($C$4:$F$66,B$70&" ضد "&$A71)) | C71: =IF($A71=C$70,"",COUNTIF($C$4:$F$66,$A71&" ضد "&C$70)+COUNTIF($C$4:$F$66,C$70&" ضد "&$A71)) -> 3 | D71: =IF($A71=D$70,"",COUNTIF($C$4:$F$66,$A71&" ضد "&D$70)+COUNTIF($C$4:$F$66,D$70&" ضد "&$A71)) -> 3 | E71: =IF($A71=E$70,"",COUNTIF($C$4:$F$66,$A71&" ضد "&E$70)+COUNTIF($C$4:$F$66,E$70&" ضد "&$A71)) -> 4 | F71: =IF($A71=F$70,"",COUNTIF($C$4:$F$66,$A71&" ضد "&F$70)+COUNTIF($C$4:$F$66,F$70&" ضد "&$A71)) -> 4 | G71: =IF($A71=G$70,"",COUNTIF($C$4:$F$66,$A71&" ضد "&G$70)+COUNTIF($C$4:$F$66,G$70&" ضد "&$A71)) -> 4 | H71: =IF($A71=H$70,"",COUNTIF($C$4:$F$66,$A71&" ضد "&H$70)+COUNTIF($C$4:$F$66,H$70&" ضد "&$A71)) -> 4 | I71: =IF($A71=I$70,"",COUNTIF($C$4:$F$66,$A71&" ضد "&I$70)+COUNTIF($C$4:$F$66,I$70&" ضد "&$A71)) -> 3 | J71: =IF($A71=J$70,"",COUNTIF($C$4:$F$66,$A71&" ضد "&J$70)+COUNTIF($C$4:$F$66,J$70&" ضد "&$A71)) -> 3
A72: 2 | B72: =IF($A72=B$70,"",COUNTIF($C$4:$F$66,$A72&" ضد "&B$70)+COUNTIF($C$4:$F$66,B$70&" ضد "&$A72)) -> 3 | C72: =IF($A72=C$70,"",COUNTIF($C$4:$F$66,$A72&" ضد "&C$70)+COUNTIF($C$4:$F$66,C$70&" ضد "&$A72)) | D72: =IF($A72=D$70,"",COUNTIF($C$4:$F$66,$A72&" ضد "&D$70)+COUNTIF($C$4:$F$66,D$70&" ضد "&$A72)) -> 3 | E72: =IF($A72=E$70,"",COUNTIF($C$4:$F$66,$A72&" ضد "&E$70)+COUNTIF($C$4:$F$66,E$70&" ضد "&$A72)) -> 3 | F72: =IF($A72=F$70,"",COUNTIF($C$4:$F$66,$A72&" ضد "&F$70)+COUNTIF($C$4:$F$66,F$70&" ضد "&$A72)) -> 4 | G72: =IF($A72=G$70,"",COUNTIF($C$4:$F$66,$A72&" ضد "&G$70)+COUNTIF($C$4:$F$66,G$70&" ضد "&$A72)) -> 4 | H72: =IF($A72=H$70,"",COUNTIF($C$4:$F$66,$A72&" ضد "&H$70)+COUNTIF($C$4:$F$66,H$70&" ضد "&$A72)) -> 4 | I72: =IF($A72=I$70,"",COUNTIF($C$4:$F$66,$A72&" ضد "&I$70)+COUNTIF($C$4:$F$66,I$70&" ضد "&$A72)) -> 4 | J72: =IF($A72=J$70,"",COUNTIF($C$4:$F$66,$A72&" ضد "&J$70)+COUNTIF($C$4:$F$66,J$70&" ضد "&$A72)) -> 3
A73: 3 | B73: =IF($A73=B$70,"",COUNTIF($C$4:$F$66,$A73&" ضد "&B$70)+COUNTIF($C$4:$F$66,B$70&" ضد "&$A73)) -> 3 | C73: =IF($A73=C$70,"",COUNTIF($C$4:$F$66,$A73&" ضد "&C$70)+COUNTIF($C$4:$F$66,C$70&" ضد "&$A73)) -> 3 | D73: =IF($A73=D$70,"",COUNTIF($C$4:$F$66,$A73&" ضد "&D$70)+COUNTIF($C$4:$F$66,D$70&" ضد "&$A73)) | E73: =IF($A73=E$70,"",COUNTIF($C$4:$F$66,$A73&" ضد "&E$70)+COUNTIF($C$4:$F$66,E$70&" ضد "&$A73)) -> 3 | F73: =IF($A73=F$70,"",COUNTIF($C$4:$F$66,$A73&" ضد "&F$70)+COUNTIF($C$4:$F$66,F$70&" ضد "&$A73)) -> 3 | G73: =IF($A73=G$70,"",COUNTIF($C$4:$F$66,$A73&" ضد "&G$70)+COUNTIF($C$4:$F$66,G$70&" ضد "&$A73)) -> 4 | H73: =IF($A73=H$70,"",COUNTIF($C$4:$F$66,$A73&" ضد "&H$70)+COUNTIF($C$4:$F$66,H$70&" ضد "&$A73)) -> 4 | I73: =IF($A73=I$70,"",COUNTIF($C$4:$F$66,$A73&" ضد "&I$70)+COUNTIF($C$4:$F$66,I$70&" ضد "&$A73)) -> 4 | J73: =IF($A73=J$70,"",COUNTIF($C$4:$F$66,$A73&" ضد "&J$70)+COUNTIF($C$4:$F$66,J$70&" ضد "&$A73)) -> 4
A74: 4 | B74: =IF($A74=B$70,"",COUNTIF($C$4:$F$66,$A74&" ضد "&B$70)+COUNTIF($C$4:$F$66,B$70&" ضد "&$A74)) -> 4 | C74: =IF($A74=C$70,"",COUNTIF($C$4:$F$66,$A74&" ضد "&C$70)+COUNTIF($C$4:$F$66,C$70&" ضد "&$A74)) -> 3 | D74: =IF($A74=D$70,"",COUNTIF($C$4:$F$66,$A74&" ضد "&D$70)+COUNTIF($C$4:$F$66,D$70&" ضد "&$A74)) -> 3 | E74: =IF($A74=E$70,"",COUNTIF($C$4:$F$66,$A74&" ضد "&E$70)+COUNTIF($C$4:$F$66,E$70&" ضد "&$A74)) | F74: =IF($A74=F$70,"",COUNTIF($C$4:$F$66,$A74&" ضد "&F$70)+COUNTIF($C$4:$F$66,F$70&" ضد "&$A74)) -> 3 | G74: =IF($A74=G$70,"",COUNTIF($C$4:$F$66,$A74&" ضد "&G$70)+COUNTIF($C$4:$F$66,G$70&" ضد "&$A74)) -> 3 | H74: =IF($A74=H$70,"",COUNTIF($C$4:$F$66,$A74&" ضد "&H$70)+COUNTIF($C$4:$F$66,H$70&" ضد "&$A74)) -> 4 | I74: =IF($A74=I$70,"",COUNTIF($C$4:$F$66,$A74&" ضد "&I$70)+COUNTIF($C$4:$F$66,I$70&" ضد "&$A74)) -> 4 | J74: =IF($A74=J$70,"",COUNTIF($C$4:$F$66,$A74&" ضد "&J$70)+COUNTIF($C$4:$F$66,J$70&" ضد "&$A74)) -> 4
A75: 5 | B75: =IF($A75=B$70,"",COUNTIF($C$4:$F$66,$A75&" ضد "&B$70)+COUNTIF($C$4:$F$66,B$70&" ضد "&$A75)) -> 4 | C75: =IF($A75=C$70,"",COUNTIF($C$4:$F$66,$A75&" ضد "&C$70)+COUNTIF($C$4:$F$66,C$70&" ضد "&$A75)) -> 4 | D75: =IF($A75=D$70,"",COUNTIF($C$4:$F$66,$A75&" ضد "&D$70)+COUNTIF($C$4:$F$66,D$70&" ضد "&$A75)) -> 3 | E75: =IF($A75=E$70,"",COUNTIF($C$4:$F$66,$A75&" ضد "&E$70)+COUNTIF($C$4:$F$66,E$70&" ضد "&$A75)) -> 3 | F75: =IF($A75=F$70,"",COUNTIF($C$4:$F$66,$A75&" ضد "&F$70)+COUNTIF($C$4:$F$66,F$70&" ضد "&$A75)) | G75: =IF($A75=G$70,"",COUNTIF($C$4:$F$66,$A75&" ضد "&G$70)+COUNTIF($C$4:$F$66,G$70&" ضد "&$A75)) -> 3 | H75: =IF($A75=H$70,"",COUNTIF($C$4:$F$66,$A75&" ضد "&H$70)+COUNTIF($C$4:$F$66,H$70&" ضد "&$A75)) -> 3 | I75: =IF($A75=I$70,"",COUNTIF($C$4:$F$66,$A75&" ضد "&I$70)+COUNTIF($C$4:$F$66,I$70&" ضد "&$A75)) -> 4 | J75: =IF($A75=J$70,"",COUNTIF($C$4:$F$66,$A75&" ضد "&J$70)+COUNTIF($C$4:$F$66,J$70&" ضد "&$A75)) -> 4
A76: 6 | B76: =IF($A76=B$70,"",COUNTIF($C$4:$F$66,$A76&" ضد "&B$70)+COUNTIF($C$4:$F$66,B$70&" ضد "&$A76)) -> 4 | C76: =IF($A76=C$70,"",COUNTIF($C$4:$F$66,$A76&" ضد "&C$70)+COUNTIF($C$4:$F$66,C$70&" ضد "&$A76)) -> 4 | D76: =IF($A76=D$70,"",COUNTIF($C$4:$F$66,$A76&" ضد "&D$70)+COUNTIF($C$4:$F$66,D$70&" ضد "&$A76)) -> 4 | E76: =IF($A76=E$70,"",COUNTIF($C$4:$F$66,$A76&" ضد "&E$70)+COUNTIF($C$4:$F$66,E$70&" ضد "&$A76)) -> 3 | F76: =IF($A76=F$70,"",COUNTIF($C$4:$F$66,$A76&" ضد "&F$70)+COUNTIF($C$4:$F$66,F$70&" ضد "&$A76)) -> 3 | G76: =IF($A76=G$70,"",COUNTIF($C$4:$F$66,$A76&" ضد "&G$70)+COUNTIF($C$4:$F$66,G$70&" ضد "&$A76)) | H76: =IF($A76=H$70,"",COUNTIF($C$4:$F$66,$A76&" ضد "&H$70)+COUNTIF($C$4:$F$66,H$70&" ضد "&$A76)) -> 3 | I76: =IF($A76=I$70,"",COUNTIF($C$4:$F$66,$A76&" ضد "&I$70)+COUNTIF($C$4:$F$66,I$70&" ضد "&$A76)) -> 3 | J76: =IF($A76=J$70,"",COUNTIF($C$4:$F$66,$A76&" ضد "&J$70)+COUNTIF($C$4:$F$66,J$70&" ضد "&$A76)) -> 4
A77: 7 | B77: =IF($A77=B$70,"",COUNTIF($C$4:$F$66,$A77&" ضد "&B$70)+COUNTIF($C$4:$F$66,B$70&" ضد "&$A77)) -> 4 | C77: =IF($A77=C$70,"",COUNTIF($C$4:$F$66,$A77&" ضد "&C$70)+COUNTIF($C$4:$F$66,C$70&" ضد "&$A77)) -> 4 | D77: =IF($A77=D$70,"",COUNTIF($C$4:$F$66,$A77&" ضد "&D$70)+COUNTIF($C$4:$F$66,D$70&" ضد "&$A77)) -> 4 | E77: =IF($A77=E$70,"",COUNTIF($C$4:$F$66,$A77&" ضد "&E$70)+COUNTIF($C$4:$F$66,E$70&" ضد "&$A77)) -> 4 | F77: =IF($A77=F$70,"",COUNTIF($C$4:$F$66,$A77&" ضد "&F$70)+COUNTIF($C$4:$F$66,F$70&" ضد "&$A77)) -> 3 | G77: =IF($A77=G$70,"",COUNTIF($C$4:$F$66,$A77&" ضد "&G$70)+COUNTIF($C$4:$F$66,G$70&" ضد "&$A77)) -> 3 | H77: =IF($A77=H$70,"",COUNTIF($C$4:$F$66,$A77&" ضد "&H$70)+COUNTIF($C$4:$F$66,H$70&" ضد "&$A77)) | I77: =IF($A77=I$70,"",COUNTIF($C$4:$F$66,$A77&" ضد "&I$70)+COUNTIF($C$4:$F$66,I$70&" ضد "&$A77)) -> 3 | J77: =IF($A77=J$70,"",COUNTIF($C$4:$F$66,$A77&" ضد "&J$70)+COUNTIF($C$4:$F$66,J$70&" ضد "&$A77)) -> 3
A78: 8 | B78: =IF($A78=B$70,"",COUNTIF($C$4:$F$66,$A78&" ضد "&B$70)+COUNTIF($C$4:$F$66,B$70&" ضد "&$A78)) -> 3 | C78: =IF($A78=C$70,"",COUNTIF($C$4:$F$66,$A78&" ضد "&C$70)+COUNTIF($C$4:$F$66,C$70&" ضد "&$A78)) -> 4 | D78: =IF($A78=D$70,"",COUNTIF($C$4:$F$66,$A78&" ضد "&D$70)+COUNTIF($C$4:$F$66,D$70&" ضد "&$A78)) -> 4 | E78: =IF($A78=E$70,"",COUNTIF($C$4:$F$66,$A78&" ضد "&E$70)+COUNTIF($C$4:$F$66,E$70&" ضد "&$A78)) -> 4 | F78: =IF($A78=F$70,"",COUNTIF($C$4:$F$66,$A78&" ضد "&F$70)+COUNTIF($C$4:$F$66,F$70&" ضد "&$A78)) -> 4 | G78: =IF($A78=G$70,"",COUNTIF($C$4:$F$66,$A78&" ضد "&G$70)+COUNTIF($C$4:$F$66,G$70&" ضد "&$A78)) -> 3 | H78: =IF($A78=H$70,"",COUNTIF($C$4:$F$66,$A78&" ضد "&H$70)+COUNTIF($C$4:$F$66,H$70&" ضد "&$A78)) -> 3 | I78: =IF($A78=I$70,"",COUNTIF($C$4:$F$66,$A78&" ضد "&I$70)+COUNTIF($C$4:$F$66,I$70&" ضد "&$A78)) | J78: =IF($A78=J$70,"",COUNTIF($C$4:$F$66,$A78&" ضد "&J$70)+COUNTIF($C$4:$F$66,J$70&" ضد "&$A78)) -> 3
A79: 9 | B79: =IF($A79=B$70,"",COUNTIF($C$4:$F$66,$A79&" ضد "&B$70)+COUNTIF($C$4:$F$66,B$70&" ضد "&$A79)) -> 3 | C79: =IF($A79=C$70,"",COUNTIF($C$4:$F$66,$A79&" ضد "&C$70)+COUNTIF($C$4:$F$66,C$70&" ضد "&$A79)) -> 3 | D79: =IF($A79=D$70,"",COUNTIF($C$4:$F$66,$A79&" ضد "&D$70)+COUNTIF($C$4:$F$66,D$70&" ضد "&$A79)) -> 4 | E79: =IF($A79=E$70,"",COUNTIF($C$4:$F$66,$A79&" ضد "&E$70)+COUNTIF($C$4:$F$66,E$70&" ضد "&$A79)) -> 4 | F79: =IF($A79=F$70,"",COUNTIF($C$4:$F$66,$A79&" ضد "&F$70)+COUNTIF($C$4:$F$66,F$70&" ضد "&$A79)) -> 4 | G79: =IF($A79=G$70,"",COUNTIF($C$4:$F$66,$A79&" ضد "&G$70)+COUNTIF($C$4:$F$66,G$70&" ضد "&$A79)) -> 4 | H79: =IF($A79=H$70,"",COUNTIF($C$4:$F$66,$A79&" ضد "&H$70)+COUNTIF($C$4:$F$66,H$70&" ضد "&$A79)) -> 3 | I79: =IF($A79=I$70,"",COUNTIF($C$4:$F$66,$A79&" ضد "&I$70)+COUNTIF($C$4:$F$66,I$70&" ضد "&$A79)) -> 3 | J79: =IF($A79=J$70,"",COUNTIF($C$4:$F$66,$A79&" ضد "&J$70)+COUNTIF($C$4:$F$66,J$70&" ضد "&$A79))
A80: أقل تكرار | B80: =MIN(B71:J79) -> 3
A81: أعلى تكرار | B81: =MAX(B71:J79) -> 4

Sheet 12 فريقًا
A1: جدول مباريات المجموعات التي فيها 12 فريقًا
A3: اليوم | B3: الوقت | C3: ملعب 1 | D3: ملعب 2 | E3: ملعب 3 | F3: مجموع مباريات اليوم | G3: مباريات كل فريق في اليوم
A4: اليوم 1 | B4: =MOD(HOUR((المدخلات!$B$4+0*المدخلات!$B$5/1440))-1,12)+1&":"&TEXT(MINUTE((المدخلات!$B$4+0*المدخلات!$B$5/1440)),"00")&"–"&MOD(HOUR((المدخلات!$B$4+0*المدخلات!$B$5/1440+المدخلات!$B$5/1440))-1,12)+1&":"&TEXT(MINUTE((المدخلات!$B$4+0*المدخلات!$B$5/1440+المدخلات!$B$5/1440)),"00")&IF(HOUR((المدخلات!$B$4+0*المدخلات!$B$5/1440))<12," ص"," م") -> 5:00–5:15 م | C4: 2 ضد 11 | D4: 4 ضد 9 | E4: 1 ضد 12 | F4: =COUNTIF(C4:E14,"* ضد *") -> 24 | G4: =F4*2/'ملخص البطولات'!$A$8 -> 4
B5: =MOD(HOUR((المدخلات!$B$4+1*المدخلات!$B$5/1440))-1,12)+1&":"&TEXT(MINUTE((المدخلات!$B$4+1*المدخلات!$B$5/1440)),"00")&"–"&MOD(HOUR((المدخلات!$B$4+1*المدخلات!$B$5/1440+المدخلات!$B$5/1440))-1,12)+1&":"&TEXT(MINUTE((المدخلات!$B$4+1*المدخلات!$B$5/1440+المدخلات!$B$5/1440)),"00")&IF(HOUR((المدخلات!$B$4+1*المدخلات!$B$5/1440))<12," ص"," م") -> 5:15–5:30 م | C5: 6 ضد 7 | D5: 5 ضد 8 | E5: 3 ضد 10
B6: =MOD(HOUR((المدخلات!$B$4+2*المدخلات!$B$5/1440))-1,12)+1&":"&TEXT(MINUTE((المدخلات!$B$4+2*المدخلات!$B$5/1440)),"00")&"–"&MOD(HOUR((المدخلات!$B$4+2*المدخلات!$B$5/1440+المدخلات!$B$5/1440))-1,12)+1&":"&TEXT(MINUTE((المدخلات!$B$4+2*المدخلات!$B$5/1440+المدخلات!$B$5/1440)),"00")&IF(HOUR((المدخلات!$B$4+2*المدخلات!$B$5/1440))<12," ص"," م") -> 5:30–5:45 م | C6: 2 ضد 12 | D6: 4 ضد 11
B7: =MOD(HOUR((المدخلات!$B$4+3*المدخلات!$B$5/1440))-1,12)+1&":"&TEXT(MINUTE((المدخلات!$B$4+3*المدخلات!$B$5/1440)),"00")&"–"&MOD(HOUR((المدخلات!$B$4+3*المدخلات!$B$5/1440+المدخلات!$B$5/1440))-1,12)+1&":"&TEXT(MINUTE((المدخلات!$B$4+3*المدخلات!$B$5/1440+المدخلات!$B$5/1440)),"00")&IF(HOUR((المدخلات!$B$4+3*المدخلات!$B$5/1440))<12," ص"," م") -> 5:45–6:00 م | C7: 7 ضد 8 | D7: 6 ضد 9 | E7: 1 ضد 3
B8: =MOD(HOUR((المدخلات!$B$4+4*المدخلات!$B$5/1440))-1,12)+1&":"&TEXT(MINUTE((المدخلات!$B$4+4*المدخلات!$B$5/1440)),"00")&"–"&MOD(HOUR((المدخلات!$B$4+4*المدخلات!$B$5/1440+المدخلات!$B$5/1440))-1,12)+1&":"&TEXT(MINUTE((المدخلات!$B$4+4*المدخلات!$B$5/1440+المدخلات!$B$5/1440)),"00")&IF(HOUR((المدخلات!$B$4+4*المدخلات!$B$5/1440))<12," ص"," م") -> 6:00–6:15 م | C8: 5 ضد 10 | D8: 2 ضد 4
B9: =MOD(HOUR((المدخلات!$B$4+5*المدخلات!$B$5/1440))-1,12)+1&":"&TEXT(MINUTE((المدخلات!$B$4+5*المدخلات!$B$5/1440)),"00")&"–"&MOD(HOUR((المدخلات!$B$4+5*المدخلات!$B$5/1440+المدخلات!$B$5/1440))-1,12)+1&":"&TEXT(MINUTE((المدخلات!$B$4+5*المدخلات!$B$5/1440+المدخلات!$B$5/1440)),"00")&IF(HOUR((المدخلات!$B$4+5*المدخلات!$B$5/1440))<12," ص"," م") -> 6:15–6:30 م | C9: 8 ضد 9 | D9: 6 ضد 11 | E9: 3 ضد 12
B10: =MOD(HOUR((المدخلات!$B$4+6*المدخلات!$B$5/1440))-1,12)+1&":"&TEXT(MINUTE((المدخلات!$B$4+6*المدخلات!$B$5/1440)),"00")&"–"&MOD(HOUR((المدخلات!$B$4+6*المدخلات!$B$5/1440+المدخلات!$B$5/1440))-1,12)+1&":"&TEXT(MINUTE((المدخلات!$B$4+6*المدخلات!$B$5/1440+المدخلات!$B$5/1440)),"00")&IF(HOUR((المدخلات!$B$4+6*المدخلات!$B$5/1440))<12," ص"," م") -> 6:30–6:45 م | C10: 1 ضد 5 | D10: 7 ضد 10
B11: =MOD(HOUR((المدخلات!$B$4+7*المدخلات!$B$5/1440))-1,12)+1&":"&TEXT(MINUTE((المدخلات!$B$4+7*المدخلات!$B$5/1440)),"00")&"–"&MOD(HOUR((المدخلات!$B$4+7*المدخلات!$B$5/1440+المدخلات!$B$5/1440))-1,12)+1&":"&TEXT(MINUTE((المدخلات!$B$4+7*المدخلات!$B$5/1440+المدخلات!$B$5/1440)),"00")&IF(HOUR((المدخلات!$B$4+7*المدخلات!$B$5/1440))<12," ص"," م") -> 6:45–7:00 م | C11: 4 ضد 12 | D11: 2 ضد 6 | E11: 8 ضد 11
B12: =MOD(HOUR((المدخلات!$B$4+8*المدخلات!$B$5/1440))-1,12)+1&":"&TEXT(MINUTE((المدخلات!$B$4+8*المدخلات!$B$5/1440)),"00")&"–"&MOD(HOUR((المدخلات!$B$4+8*المدخلات!$B$5/1440+المدخلات!$B$5/1440))-1,12)+1&":"&TEXT(MINUTE((المدخلات!$B$4+8*المدخلات!$B$5/1440+المدخلات!$B$5/1440)),"00")&IF(HOUR((المدخلات!$B$4+8*المدخلات!$B$5/1440))<12," ص"," م") -> 7:00–7:15 م | C12: 3 ضد 5 | D12: 1 ضد 7 | E12: 9 ضد 10
B13: =MOD(HOUR((المدخلات!$B$4+9*المدخلات!$B$5/1440))-1,12)+1&":"&TEXT(MINUTE((المدخلات!$B$4+9*المدخلات!$B$5/1440)),"00")&"–"&MOD(HOUR((المدخلات!$B$4+9*المدخلات!$B$5/1440+المدخلات!$B$5/1440))-1,12)+1&":"&TEXT(MINUTE((المدخلات!$B$4+9*المدخلات!$B$5/1440+المدخلات!$B$5/1440)),"00")&IF(HOUR((المدخلات!$B$4+9*المدخلات!$B$5/1440))<12," ص"," م") -> 7:15–7:30 م | C13: استراحة (لا توجد مباريات)
B14: =MOD(HOUR((المدخلات!$B$4+10*المدخلات!$B$5/1440))-1,12)+1&":"&TEXT(MINUTE((المدخلات!$B$4+10*المدخلات!$B$5/1440)),"00")&"–"&MOD(HOUR((المدخلات!$B$4+10*المدخلات!$B$5/1440+المدخلات!$B$5/1440))-1,12)+1&":"&TEXT(MINUTE((المدخلات!$B$4+10*المدخلات!$B$5/1440+المدخلات!$B$5/1440)),"00")&IF(HOUR((المدخلات!$B$4+10*المدخلات!$B$5/1440))<12," ص"," م") -> 7:30–7:45 م | C14: استراحة (لا توجد مباريات)
A15: اليوم 2 | B15: =MOD(HOUR((المدخلات!$B$4+0*المدخلات!$B$5/1440))-1,12)+1&":"&TEXT(MINUTE((المدخلات!$B$4+0*المدخلات!$B$5/1440)),"00")&"–"&MOD(HOUR((المدخلات!$B$4+0*المدخلات!$B$5/1440+المدخلات!$B$5/1440))-1,12)+1&":"&TEXT(MINUTE((المدخلات!$B$4+0*المدخلات!$B$5/1440+المدخلات!$B$5/1440)),"00")&IF(HOUR((المدخلات!$B$4+0*المدخلات!$B$5/1440))<12," ص"," م") -> 5:00–5:15 م | C15: 2 ضد 8 | D15: 4 ضد 6 | E15: 10 ضد 11 | F15: =COUNTIF(C15:E25,"* ضد *") -> 24 | G15: =F15*2/'ملخص البطولات'!$A$8 -> 4
B16: =MOD(HOUR((المدخلات!$B$4+1*المدخلات!$B$5/1440))-1,12)+1&":"&TEXT(MINUTE((المدخلات!$B$4+1*المدخلات!$B$5/1440)),"00")&"–"&MOD(HOUR((المدخلات!$B$4+1*المدخلات!$B$5/1440+المدخلات!$B$5/1440))-1,12)+1&":"&TEXT(MINUTE((المدخلات!$B$4+1*المدخلات!$B$5/1440+المدخلات!$B$5/1440)),"00")&IF(HOUR((المدخلات!$B$4+1*المدخلات!$B$5/1440))<12," ص"," م") -> 5:15–5:30 م | C16: 1 ضد 9 | D16: 5 ضد 12 | E16: 3 ضد 7
B17: =MOD(HOUR((المدخلات!$B$4+2*المدخلات!$B$5/1440))-1,12)+1&":"&TEXT(MINUTE((المدخلات!$B$4+2*المدخلات!$B$5/1440)),"00")&"–"&MOD(HOUR((المدخلات!$B$4+2*المدخلات!$B$5/1440+المدخلات!$B$5/1440))-1,12)+1&":"&TEXT(MINUTE((المدخلات!$B$4+2*المدخلات!$B$5/1440+المدخلات!$B$5/1440)),"00")&IF(HOUR((المدخلات!$B$4+2*المدخلات!$B$5/1440))<12," ص"," م") -> 5:30–5:45 م | C17: 2 ضد 10 | D17: 4 ضد 8
B18: =MOD(HOUR((المدخلات!$B$4+3*المدخلات!$B$5/1440))-1,12)+1&":"&TEXT(MINUTE((المدخلات!$B$4+3*المدخلات!$B$5/1440)),"00")&"–"&MOD(HOUR((المدخلات!$B$4+3*المدخلات!$B$5/1440+المدخلات!$B$5/1440))-1,12)+1&":"&TEXT(MINUTE((المدخلات!$B$4+3*المدخلات!$B$5/1440+المدخلات!$B$5/1440)),"00")&IF(HOUR((المدخلات!$B$4+3*المدخلات!$B$5/1440))<12," ص"," م") -> 5:45–6:00 م | C18: 6 ضد 12 | D18: 5 ضد 7 | E18: 1 ضد 11
B19: =MOD(HOUR((المدخلات!$B$4+4*المدخلات!$B$5/1440))-1,12)+1&":"&TEXT(MINUTE((المدخلات!$B$4+4*المدخلات!$B$5/1440)),"00")&"–"&MOD(HOUR((المدخلات!$B$4+4*المدخلات!$B$5/1440+المدخلات!$B$5/1440))-1,12)+1&":"&TEXT(MINUTE((المدخلات!$B$4+4*المدخلات!$B$5/1440+المدخلات!$B$5/1440)),"00")&IF(HOUR((المدخلات!$B$4+4*المدخلات!$B$5/1440))<12," ص"," م") -> 6:00–6:15 م | C19: 3 ضد 9 | D19: 4 ضد 10
B20: =MOD(HOUR((المدخلات!$B$4+5*المدخلات!$B$5/1440))-1,12)+1&":"&TEXT(MINUTE((المدخلات!$B$4+5*المدخلات!$B$5/1440)),"00")&"–"&MOD(HOUR((المدخلات!$B$4+5*المدخلات!$B$5/1440+المدخلات!$B$5/1440))-1,12)+1&":"&TEXT(MINUTE((المدخلات!$B$4+5*المدخلات!$B$5/1440+المدخلات!$B$5/1440)),"00")&IF(HOUR((المدخلات!$B$4+5*المدخلات!$B$5/1440))<12," ص"," م") -> 6:15–6:30 م | C20: 6 ضد 8 | D20: 1 ضد 2 | E20: 7 ضد 12
B21: =MOD(HOUR((المدخلات!$B$4+6*المدخلات!$B$5/1440))-1,12)+1&":"&TEXT(MINUTE((المدخلات!$B$4+6*المدخلات!$B$5/1440)),"00")&"–"&MOD(HOUR((المدخلات!$B$4+6*المدخلات!$B$5/1440+المدخلات!$B$5/1440))-1,12)+1&":"&TEXT(MINUTE((المدخلات!$B$4+6*المدخلات!$B$5/1440+المدخلات!$B$5/1440)),"00")&IF(HOUR((المدخلات!$B$4+6*المدخلات!$B$5/1440))<12," ص"," م") -> 6:30–6:45 م | C21: 3 ضد 11 | D21: 5 ضد 9
B22: =MOD(HOUR((المدخلات!$B$4+7*المدخلات!$B$5/1440))-1,12)+1&":"&TEXT(MINUTE((المدخلات!$B$4+7*المدخلات!$B$5/1440)),"00")&"–"&MOD(HOUR((المدخلات!$B$4+7*المدخلات!$B$5/1440+المدخلات!$B$5/1440))-1,12)+1&":"&TEXT(MINUTE((المدخلات!$B$4+7*المدخلات!$B$5/1440+المدخلات!$B$5/1440)),"00")&IF(HOUR((المدخلات!$B$4+7*المدخلات!$B$5/1440))<12," ص"," م") -> 6:45–7:00 م | C22: 8 ضد 12 | D22: 6 ضد 10 | E22: 1 ضد 4
B23: =MOD(HOUR((المدخلات!$B$4+8*المدخلات!$B$5/1440))-1,12)+1&":"&TEXT(MINUTE((المدخلات!$B$4+8*المدخلات!$B$5/1440)),"00")&"–"&MOD(HOUR((المدخلات!$B$4+8*المدخلات!$B$5/1440+المدخلات!$B$5/1440))-1,12)+1&":"&TEXT(MINUTE((المدخلات!$B$4+8*المدخلات!$B$5/1440+المدخلات!$B$5/1440)),"00")&IF(HOUR((المدخلات!$B$4+8*المدخلات!$B$5/1440))<12," ص"," م") -> 7:00–7:15 م | C23: 2 ضد 3 | D23: 7 ضد 9 | E23: 5 ضد 11
B24: =MOD(HOUR((المدخلات!$B$4+9*المدخلات!$B$5/1440))-1,12)+1&":"&TEXT(MINUTE((المدخلات!$B$4+9*المدخلات!$B$5/1440)),"00")&"–"&MOD(HOUR((المدخلات!$B$4+9*المدخلات!$B$5/1440+المدخلات!$B$5/1440))-1,12)+1&":"&TEXT(MINUTE((المدخلات!$B$4+9*المدخلات!$B$5/1440+المدخلات!$B$5/1440)),"00")&IF(HOUR((المدخلات!$B$4+9*المدخلات!$B$5/1440))<12," ص"," م") -> 7:15–7:30 م | C24: استراحة (لا توجد مباريات)
B25: =MOD(HOUR((المدخلات!$B$4+10*المدخلات!$B$5/1440))-1,12)+1&":"&TEXT(MINUTE((المدخلات!$B$4+10*المدخلات!$B$5/1440)),"00")&"–"&MOD(HOUR((المدخلات!$B$4+10*المدخلات!$B$5/1440+المدخلات!$B$5/1440))-1,12)+1&":"&TEXT(MINUTE((المدخلات!$B$4+10*المدخلات!$B$5/1440+المدخلات!$B$5/1440)),"00")&IF(HOUR((المدخلات!$B$4+10*المدخلات!$B$5/1440))<12," ص"," م") -> 7:30–7:45 م | C25: استراحة (لا توجد مباريات)
A26: اليوم 3 | B26: =MOD(HOUR((المدخلات!$B$4+0*المدخلات!$B$5/1440))-1,12)+1&":"&TEXT(MINUTE((المدخلات!$B$4+0*المدخلات!$B$5/1440)),"00")&"–"&MOD(HOUR((المدخلات!$B$4+0*المدخلات!$B$5/1440+المدخلات!$B$5/1440))-1,12)+1&":"&TEXT(MINUTE((المدخلات!$B$4+0*المدخلات!$B$5/1440+المدخلات!$B$5/1440)),"00")&IF(HOUR((المدخلات!$B$4+0*المدخلات!$B$5/1440))<12," ص"," م") -> 5:00–5:15 م | C26: 9 ضد 12 | D26: 2 ضد 5 | E26: 7 ضد 11 | F26: =COUNTIF(C26:E36,"* ضد *") -> 24 | G26: =F26*2/'ملخص البطولات'!$A$8 -> 4
B27: =MOD(HOUR((المدخلات!$B$4+1*المدخلات!$B$5/1440))-1,12)+1&":"&TEXT(MINUTE((المدخلات!$B$4+1*المدخلات!$B$5/1440)),"00")&"–"&MOD(HOUR((المدخلات!$B$4+1*المدخلات!$B$5/1440+المدخلات!$B$5/1440))-1,12)+1&":"&TEXT(MINUTE((المدخلات!$B$4+1*المدخلات!$B$5/1440+المدخلات!$B$5/1440)),"00")&IF(HOUR((المدخلات!$B$4+1*المدخلات!$B$5/1440))<12," ص"," م") -> 5:15–5:30 م | C27: 1 ضد 6 | D27: 3 ضد 4 | E27: 8 ضد 10
B28: =MOD(HOUR((المدخلات!$B$4+2*المدخلات!$B$5/1440))-1,12)+1&":"&TEXT(MINUTE((المدخلات!$B$4+2*المدخلات!$B$5/1440)),"00")&"–"&MOD(HOUR((المدخلات!$B$4+2*المدخلات!$B$5/1440+المدخلات!$B$5/1440))-1,12)+1&":"&TEXT(MINUTE((المدخلات!$B$4+2*المدخلات!$B$5/1440+المدخلات!$B$5/1440)),"00")&IF(HOUR((المدخلات!$B$4+2*المدخلات!$B$5/1440))<12," ص"," م") -> 5:30–5:45 م | C28: 2 ضد 7 | D28: 9 ضد 11
B29: =MOD(HOUR((المدخلات!$B$4+3*المدخلات!$B$5/1440))-1,12)+1&":"&TEXT(MINUTE((المدخلات!$B$4+3*المدخلات!$B$5/1440)),"00")&"–"&MOD(HOUR((المدخلات!$B$4+3*المدخلات!$B$5/1440+المدخلات!$B$5/1440))-1,12)+1&":"&TEXT(MINUTE((المدخلات!$B$4+3*المدخلات!$B$5/1440+المدخلات!$B$5/1440)),"00")&IF(HOUR((المدخلات!$B$4+3*المدخلات!$B$5/1440))<12," ص"," م") -> 5:45–6:00 م | C29: 10 ضد 12 | D29: 4 ضد 5 | E29: 3 ضد 6
B30: =MOD(HOUR((المدخلات!$B$4+4*المدخلات!$B$5/1440))-1,12)+1&":"&TEXT(MINUTE((المدخلات!$B$4+4*المدخلات!$B$5/1440)),"00")&"–"&MOD(HOUR((المدخلات!$B$4+4*المدخلات!$B$5/1440+المدخلات!$B$5/1440))-1,12)+1&":"&TEXT(MINUTE((المدخلات!$B$4+4*المدخلات!$B$5/1440+المدخلات!$B$5/1440)),"00")&IF(HOUR((المدخلات!$B$4+4*المدخلات!$B$5/1440))<12," ص"," م") -> 6:00–6:15 م | C30: 1 ضد 8 | D30: 2 ضد 9
B31: =MOD(HOUR((المدخلات!$B$4+5*المدخلات!$B$5/1440))-1,12)+1&":"&TEXT(MINUTE((المدخلات!$B$4+5*المدخلات!$B$5/1440)),"00")&"–"&MOD(HOUR((المدخلات!$B$4+5*المدخلات!$B$5/1440+المدخلات!$B$5/1440))-1,12)+1&":"&TEXT(MINUTE((المدخلات!$B$4+5*المدخلات!$B$5/1440+المدخلات!$B$5/1440)),"00")&IF(HOUR((المدخلات!$B$4+5*المدخلات!$B$5/1440))<12," ص"," م") -> 6:15–6:30 م | C31: 11 ضد 12 | D31: 4 ضد 7 | E31: 5 ضد 6
B32: =MOD(HOUR((المدخلات!$B$4+6*المدخلات!$B$5/1440))-1,12)+1&":"&TEXT(MINUTE((المدخلات!$B$4+6*المدخلات!$B$5/1440)),"00")&"–"&MOD(HOUR((المدخلات!$B$4+6*المدخلات!$B$5/1440+المدخلات!$B$5/1440))-1,12)+1&":"&TEXT(MINUTE((المدخلات!$B$4+6*المدخلات!$B$5/1440+المدخلات!$B$5/1440)),"00")&IF(HOUR((المدخلات!$B$4+6*المدخلات!$B$5/1440))<12," ص"," م") -> 6:30–6:45 م | C32: 1 ضد 10 | D32: 3 ضد 8
B33: =MOD(HOUR((المدخلات!$B$4+7*المدخلات!$B$5/1440))-1,12)+1&":"&TEXT(MINUTE((المدخلات!$B$4+7*المدخلات!$B$5/1440)),"00")&"–"&MOD(HOUR((المدخلات!$B$4+7*المدخلات!$B$5/1440+المدخلات!$B$5/1440))-1,12)+1&":"&TEXT(MINUTE((المدخلات!$B$4+7*المدخلات!$B$5/1440+المدخلات!$B$5/1440)),"00")&IF(HOUR((المدخلات!$B$4+7*المدخلات!$B$5/1440))<12," ص"," م") -> 6:45–7:00 م | C33: 2 ضد 11 | D33: 6 ضد 7 | E33: 4 ضد 9
B34: =MOD(HOUR((المدخلات!$B$4+8*المدخلات!$B$5/1440))-1,12)+1&":"&TEXT(MINUTE((المدخلات!$B$4+8*المدخلات!$B$5/1440)),"00")&"–"&MOD(HOUR((المدخلات!$B$4+8*المدخلات!$B$5/1440+المدخلات!$B$5/1440))-1,12)+1&":"&TEXT(MINUTE((المدخلات!$B$4+8*المدخلات!$B$5/1440+المدخلات!$B$5/1440)),"00")&IF(HOUR((المدخلات!$B$4+8*المدخلات!$B$5/1440))<12," ص"," م") -> 7:00–7:15 م | C34: 1 ضد 12 | D34: 5 ضد 8 | E34: 3 ضد 10
B35: =MOD(HOUR((المدخلات!$B$4+9*المدخلات!$B$5/1440))-1,12)+1&":"&TEXT(MINUTE((المدخلات!$B$4+9*المدخلات!$B$5/1440)),"00")&"–"&MOD(HOUR((المدخلات!$B$4+9*المدخلات!$B$5/1440+المدخلات!$B$5/1440))-1,12)+1&":"&TEXT(MINUTE((المدخلات!$B$4+9*المدخلات!$B$5/1440+المدخلات!$B$5/1440)),"00")&IF(HOUR((المدخلات!$B$4+9*المدخلات!$B$5/1440))<12," ص"," م") -> 7:15–7:30 م | C35: استراحة (لا توجد مباريات)
B36: =MOD(HOUR((المدخلات!$B$4+10*المدخلات!$B$5/1440))-1,12)+1&":"&TEXT(MINUTE((المدخلات!$B$4+10*المدخلات!$B$5/1440)),"00")&"–"&MOD(HOUR((المدخلات!$B$4+10*المدخلات!$B$5/1440+المدخلات!$B$5/1440))-1,12)+1&":"&TEXT(MINUTE((المدخلات!$B$4+10*المدخلات!$B$5/1440+المدخلات!$B$5/1440)),"00")&IF(HOUR((المدخلات!$B$4+10*المدخلات!$B$5/1440))<12," ص"," م") -> 7:30–7:45 م | C36: استراحة (لا توجد مباريات)
A37: اليوم 4 | B37: =MOD(HOUR((المدخلات!$B$4+0*المدخلات!$B$5/1440))-1,12)+1&":"&TEXT(MINUTE((المدخلات!$B$4+0*المدخلات!$B$5/1440)),"00")&"–"&MOD(HOUR((المدخلات!$B$4+0*المدخلات!$B$5/1440+المدخلات!$B$5/1440))-1,12)+1&":"&TEXT(MINUTE((المدخلات!$B$4+0*المدخلات!$B$5/1440+المدخلات!$B$5/1440)),"00")&IF(HOUR((المدخلات!$B$4+0*المدخلات!$B$5/1440))<12," ص"," م") -> 5:00–5:15 م | C37: 1 ضد 9 | D37: 10 ضد 11 | E37: 2 ضد 8 | F37: =COUNTIF(C37:E47,"* ضد *") -> 24 | G37: =F37*2/'ملخص البطولات'!$A$8 -> 4
B38: =MOD(HOUR((المدخلات!$B$4+1*المدخلات!$B$5/1440))-1,12)+1&":"&TEXT(MINUTE((المدخلات!$B$4+1*المدخلات!$B$5/1440)),"00")&"–"&MOD(HOUR((المدخلات!$B$4+1*المدخلات!$B$5/1440+المدخلات!$B$5/1440))-1,12)+1&":"&TEXT(MINUTE((المدخلات!$B$4+1*المدخلات!$B$5/1440+المدخلات!$B$5/1440)),"00")&IF(HOUR((المدخلات!$B$4+1*المدخلات!$B$5/1440))<12," ص"," م") -> 5:15–5:30 م | C38: 3 ضد 7 | D38: 4 ضد 6 | E38: 5 ضد 12
B39: =MOD(HOUR((المدخلات!$B$4+2*المدخلات!$B$5/1440))-1,12)+1&":"&TEXT(MINUTE((المدخلات!$B$4+2*المدخلات!$B$5/1440)),"00")&"–"&MOD(HOUR((المدخلات!$B$4+2*المدخلات!$B$5/1440+المدخلات!$B$5/1440))-1,12)+1&":"&TEXT(MINUTE((المدخلات!$B$4+2*المدخلات!$B$5/1440+المدخلات!$B$5/1440)),"00")&IF(HOUR((المدخلات!$B$4+2*المدخلات!$B$5/1440))<12," ص"," م") -> 5:30–5:45 م | C39: 8 ضد 11 | D39: 9 ضد 10
B40: =MOD(HOUR((المدخلات!$B$4+3*المدخلات!$B$5/1440))-1,12)+1&":"&TEXT(MINUTE((المدخلات!$B$4+3*المدخلات!$B$5/1440)),"00")&"–"&MOD(HOUR((المدخلات!$B$4+3*المدخلات!$B$5/1440+المدخلات!$B$5/1440))-1,12)+1&":"&TEXT(MINUTE((المدخلات!$B$4+3*المدخلات!$B$5/1440+المدخلات!$B$5/1440)),"00")&IF(HOUR((المدخلات!$B$4+3*المدخلات!$B$5/1440))<12," ص"," م") -> 5:45–6:00 م | C40: 1 ضد 7 | D40: 2 ضد 6 | E40: 4 ضد 12
B41: =MOD(HOUR((المدخلات!$B$4+4*المدخلات!$B$5/1440))-1,12)+1&":"&TEXT(MINUTE((المدخلات!$B$4+4*المدخلات!$B$5/1440)),"00")&"–"&MOD(HOUR((المدخلات!$B$4+4*المدخلات!$B$5/1440+المدخلات!$B$5/1440))-1,12)+1&":"&TEXT(MINUTE((المدخلات!$B$4+4*المدخلات!$B$5/1440+المدخلات!$B$5/1440)),"00")&IF(HOUR((المدخلات!$B$4+4*المدخلات!$B$5/1440))<12," ص"," م") -> 6:00–6:15 م | C41: 8 ضد 9 | D41: 3 ضد 5
B42: =MOD(HOUR((المدخلات!$B$4+5*المدخلات!$B$5/1440))-1,12)+1&":"&TEXT(MINUTE((المدخلات!$B$4+5*المدخلات!$B$5/1440)),"00")&"–"&MOD(HOUR((المدخلات!$B$4+5*المدخلات!$B$5/1440+المدخلات!$B$5/1440))-1,12)+1&":"&TEXT(MINUTE((المدخلات!$B$4+5*المدخلات!$B$5/1440+المدخلات!$B$5/1440)),"00")&IF(HOUR((المدخلات!$B$4+5*المدخلات!$B$5/1440))<12," ص"," م") -> 6:15–6:30 م | C42: 6 ضد 11 | D42: 2 ضد 4 | E42: 7 ضد 10
B43: =MOD(HOUR((المدخلات!$B$4+6*المدخلات!$B$5/1440))-1,12)+1&":"&TEXT(MINUTE((المدخلات!$B$4+6*المدخلات!$B$5/1440)),"00")&"–"&MOD(HOUR((المدخلات!$B$4+6*المدخلات!$B$5/1440+المدخلات!$B$5/1440))-1,12)+1&":"&TEXT(MINUTE((المدخلات!$B$4+6*المدخلات!$B$5/1440+المدخلات!$B$5/1440)),"00")&IF(HOUR((المدخلات!$B$4+6*المدخلات!$B$5/1440))<12," ص"," م") -> 6:30–6:45 م | C43: 3 ضد 12 | D43: 1 ضد 5
B44: =MOD(HOUR((المدخلات!$B$4+7*المدخلات!$B$5/1440))-1,12)+1&":"&TEXT(MINUTE((المدخلات!$B$4+7*المدخلات!$B$5/1440)),"00")&"–"&MOD(HOUR((المدخلات!$B$4+7*المدخلات!$B$5/1440+المدخلات!$B$5/1440))-1,12)+1&":"&TEXT(MINUTE((المدخلات!$B$4+7*المدخلات!$B$5/1440+المدخلات!$B$5/1440)),"00")&IF(HOUR((المدخلات!$B$4+7*المدخلات!$B$5/1440))<12," ص"," م") -> 6:45–7:00 م | C44: 4 ضد 11 | D44: 6 ضد 9 | E44: 7 ضد 8
B45: =MOD(HOUR((المدخلات!$B$4+8*المدخلات!$B$5/1440))-1,12)+1&":"&TEXT(MINUTE((المدخلات!$B$4+8*المدخلات!$B$5/1440)),"00")&"–"&MOD(HOUR((المدخلات!$B$4+8*المدخلات!$B$5/1440+المدخلات!$B$5/1440))-1,12)+1&":"&TEXT(MINUTE((المدخلات!$B$4+8*المدخلات!$B$5/1440+المدخلات!$B$5/1440)),"00")&IF(HOUR((المدخلات!$B$4+8*المدخلات!$B$5/1440))<12," ص"," م") -> 7:00–7:15 م | C45: 5 ضد 10 | D45: 2 ضد 12 | E45: 1 ضد 3
B46: =MOD(HOUR((المدخلات!$B$4+9*المدخلات!$B$5/1440))-1,12)+1&":"&TEXT(MINUTE((المدخلات!$B$4+9*المدخلات!$B$5/1440)),"00")&"–"&MOD(HOUR((المدخلات!$B$4+9*المدخلات!$B$5/1440+المدخلات!$B$5/1440))-1,12)+1&":"&TEXT(MINUTE((المدخلات!$B$4+9*المدخلات!$B$5/1440+المدخلات!$B$5/1440)),"00")&IF(HOUR((المدخلات!$B$4+9*المدخلات!$B$5/1440))<12," ص"," م") -> 7:15–7:30 م | C46: استراحة (لا توجد مباريات)
B47: =MOD(HOUR((المدخلات!$B$4+10*المدخلات!$B$5/1440))-1,12)+1&":"&TEXT(MINUTE((المدخلات!$B$4+10*المدخلات!$B$5/1440)),"00")&"–"&MOD(HOUR((المدخلات!$B$4+10*المدخلات!$B$5/1440+المدخلات!$B$5/1440))-1,12)+1&":"&TEXT(MINUTE((المدخلات!$B$4+10*المدخلات!$B$5/1440+المدخلات!$B$5/1440)),"00")&IF(HOUR((المدخلات!$B$4+10*المدخلات!$B$5/1440))<12," ص"," م") -> 7:30–7:45 م | C47: استراحة (لا توجد مباريات)
A48: اليوم 5 | B48: =MOD(HOUR((المدخلات!$B$4+0*المدخلات!$B$5/1440))-1,12)+1&":"&TEXT(MINUTE((المدخلات!$B$4+0*المدخلات!$B$5/1440)),"00")&"–"&MOD(HOUR((المدخلات!$B$4+0*المدخلات!$B$5/1440+المدخلات!$B$5/1440))-1,12)+1&":"&TEXT(MINUTE((المدخلات!$B$4+0*المدخلات!$B$5/1440+المدخلات!$B$5/1440)),"00")&IF(HOUR((المدخلات!$B$4+0*المدخلات!$B$5/1440))<12," ص"," م") -> 5:00–5:15 م | C48: 5 ضد 7 | D48: 3 ضد 9 | E48: 6 ضد 12 | F48: =COUNTIF(C48:E58,"* ضد *") -> 24 | G48: =F48*2/'ملخص البطولات'!$A$8 -> 4
B49: =MOD(HOUR((المدخلات!$B$4+1*المدخلات!$B$5/1440))-1,12)+1&":"&TEXT(MINUTE((المدخلات!$B$4+1*المدخلات!$B$5/1440)),"00")&"–"&MOD(HOUR((المدخلات!$B$4+1*المدخلات!$B$5/1440+المدخلات!$B$5/1440))-1,12)+1&":"&TEXT(MINUTE((المدخلات!$B$4+1*المدخلات!$B$5/1440+المدخلات!$B$5/1440)),"00")&IF(HOUR((المدخلات!$B$4+1*المدخلات!$B$5/1440))<12," ص"," م") -> 5:15–5:30 م | C49: 4 ضد 8 | D49: 2 ضد 10 | E49: 1 ضد 11
B50: =MOD(HOUR((المدخلات!$B$4+2*المدخلات!$B$5/1440))-1,12)+1&":"&TEXT(MINUTE((المدخلات!$B$4+2*المدخلات!$B$5/1440)),"00")&"–"&MOD(HOUR((المدخلات!$B$4+2*المدخلات!$B$5/1440+المدخلات!$B$5/1440))-1,12)+1&":"&TEXT(MINUTE((المدخلات!$B$4+2*المدخلات!$B$5/1440+المدخلات!$B$5/1440)),"00")&IF(HOUR((المدخلات!$B$4+2*المدخلات!$B$5/1440))<12," ص"," م") -> 5:30–5:45 م | C50: 7 ضد 12 | D50: 5 ضد 9
B51: =MOD(HOUR((المدخلات!$B$4+3*المدخلات!$B$5/1440))-1,12)+1&":"&TEXT(MINUTE((المدخلات!$B$4+3*المدخلات!$B$5/1440)),"00")&"–"&MOD(HOUR((المدخلات!$B$4+3*المدخلات!$B$5/1440+المدخلات!$B$5/1440))-1,12)+1&":"&TEXT(MINUTE((المدخلات!$B$4+3*المدخلات!$B$5/1440+المدخلات!$B$5/1440)),"00")&IF(HOUR((المدخلات!$B$4+3*المدخلات!$B$5/1440))<12," ص"," م") -> 5:45–6:00 م | C51: 3 ضد 11 | D51: 4 ضد 10 | E51: 6 ضد 8
B52: =MOD(HOUR((المدخلات!$B$4+4*المدخلات!$B$5/1440))-1,12)+1&":"&TEXT(MINUTE((المدخلات!$B$4+4*المدخلات!$B$5/1440)),"00")&"–"&MOD(HOUR((المدخلات!$B$4+4*المدخلات!$B$5/1440+المدخلات!$B$5/1440))-1,12)+1&":"&TEXT(MINUTE((المدخلات!$B$4+4*المدخلات!$B$5/1440+المدخلات!$B$5/1440)),"00")&IF(HOUR((المدخلات!$B$4+4*المدخلات!$B$5/1440))<12," ص"," م") -> 6:00–6:15 م | C52: 1 ضد 2 | D52: 7 ضد 9
B53: =MOD(HOUR((المدخلات!$B$4+5*المدخلات!$B$5/1440))-1,12)+1&":"&TEXT(MINUTE((المدخلات!$B$4+5*المدخلات!$B$5/1440)),"00")&"–"&MOD(HOUR((المدخلات!$B$4+5*المدخلات!$B$5/1440+المدخلات!$B$5/1440))-1,12)+1&":"&TEXT(MINUTE((المدخلات!$B$4+5*المدخلات!$B$5/1440+المدخلات!$B$5/1440)),"00")&IF(HOUR((المدخلات!$B$4+5*المدخلات!$B$5/1440))<12," ص"," م") -> 6:15–6:30 م | C53: 8 ضد 12 | D53: 5 ضد 11 | E53: 6 ضد 10
B54: =MOD(HOUR((المدخلات!$B$4+6*المدخلات!$B$5/1440))-1,12)+1&":"&TEXT(MINUTE((المدخلات!$B$4+6*المدخلات!$B$5/1440)),"00")&"–"&MOD(HOUR((المدخلات!$B$4+6*المدخلات!$B$5/1440+المدخلات!$B$5/1440))-1,12)+1&":"&TEXT(MINUTE((المدخلات!$B$4+6*المدخلات!$B$5/1440+المدخلات!$B$5/1440)),"00")&IF(HOUR((المدخلات!$B$4+6*المدخلات!$B$5/1440))<12," ص"," م") -> 6:30–6:45 م | C54: 1 ضد 4 | D54: 2 ضد 3
B55: =MOD(HOUR((المدخلات!$B$4+7*المدخلات!$B$5/1440))-1,12)+1&":"&TEXT(MINUTE((المدخلات!$B$4+7*المدخلات!$B$5/1440)),"00")&"–"&MOD(HOUR((المدخلات!$B$4+7*المدخلات!$B$5/1440+المدخلات!$B$5/1440))-1,12)+1&":"&TEXT(MINUTE((المدخلات!$B$4+7*المدخلات!$B$5/1440+المدخلات!$B$5/1440)),"00")&IF(HOUR((المدخلات!$B$4+7*المدخلات!$B$5/1440))<12," ص"," م") -> 6:45–7:00 م | C55: 9 ضد 12 | D55: 8 ضد 10 | E55: 7 ضد 11
B56: =MOD(HOUR((المدخلات!$B$4+8*المدخلات!$B$5/1440))-1,12)+1&":"&TEXT(MINUTE((المدخلات!$B$4+8*المدخلات!$B$5/1440)),"00")&"–"&MOD(HOUR((المدخلات!$B$4+8*المدخلات!$B$5/1440+المدخلات!$B$5/1440))-1,12)+1&":"&TEXT(MINUTE((المدخلات!$B$4+8*المدخلات!$B$5/1440+المدخلات!$B$5/1440)),"00")&IF(HOUR((المدخلات!$B$4+8*المدخلات!$B$5/1440))<12," ص"," م") -> 7:00–7:15 م | C56: 1 ضد 6 | D56: 3 ضد 4 | E56: 2 ضد 5
B57: =MOD(HOUR((المدخلات!$B$4+9*المدخلات!$B$5/1440))-1,12)+1&":"&TEXT(MINUTE((المدخلات!$B$4+9*المدخلات!$B$5/1440)),"00")&"–"&MOD(HOUR((المدخلات!$B$4+9*المدخلات!$B$5/1440+المدخلات!$B$5/1440))-1,12)+1&":"&TEXT(MINUTE((المدخلات!$B$4+9*المدخلات!$B$5/1440+المدخلات!$B$5/1440)),"00")&IF(HOUR((المدخلات!$B$4+9*المدخلات!$B$5/1440))<12," ص"," م") -> 7:15–7:30 م | C57: استراحة (لا توجد مباريات)
B58: =MOD(HOUR((المدخلات!$B$4+10*المدخلات!$B$5/1440))-1,12)+1&":"&TEXT(MINUTE((المدخلات!$B$4+10*المدخلات!$B$5/1440)),"00")&"–"&MOD(HOUR((المدخلات!$B$4+10*المدخلات!$B$5/1440+المدخلات!$B$5/1440))-1,12)+1&":"&TEXT(MINUTE((المدخلات!$B$4+10*المدخلات!$B$5/1440+المدخلات!$B$5/1440)),"00")&IF(HOUR((المدخلات!$B$4+10*المدخلات!$B$5/1440))<12," ص"," م") -> 7:30–7:45 م | C58: استراحة (لا توجد مباريات)
A59: اليوم 6 | B59: =MOD(HOUR((المدخلات!$B$4+0*المدخلات!$B$5/1440))-1,12)+1&":"&TEXT(MINUTE((المدخلات!$B$4+0*المدخلات!$B$5/1440)),"00")&"–"&MOD(HOUR((المدخلات!$B$4+0*المدخلات!$B$5/1440+المدخلات!$B$5/1440))-1,12)+1&":"&TEXT(MINUTE((المدخلات!$B$4+0*المدخلات!$B$5/1440+المدخلات!$B$5/1440)),"00")&IF(HOUR((المدخلات!$B$4+0*المدخلات!$B$5/1440))<12," ص"," م") -> 5:00–5:15 م | C59: 7 ضد 8 | D59: 5 ضد 10 | E59: 1 ضد 3 | F59: =COUNTIF(C59:E69,"* ضد *") -> 24 | G59: =F59*2/'ملخص البطولات'!$A$8 -> 4
B60: =MOD(HOUR((المدخلات!$B$4+1*المدخلات!$B$5/1440))-1,12)+1&":"&TEXT(MINUTE((المدخلات!$B$4+1*المدخلات!$B$5/1440)),"00")&"–"&MOD(HOUR((المدخلات!$B$4+1*المدخلات!$B$5/1440+المدخلات!$B$5/1440))-1,12)+1&":"&TEXT(MINUTE((المدخلات!$B$4+1*المدخلات!$B$5/1440+المدخلات!$B$5/1440)),"00")&IF(HOUR((المدخلات!$B$4+1*المدخلات!$B$5/1440))<12," ص"," م") -> 5:15–5:30 م | C60: 6 ضد 9 | D60: 2 ضد 12 | E60: 4 ضد 11
B61: =MOD(HOUR((المدخلات!$B$4+2*المدخلات!$B$5/1440))-1,12)+1&":"&TEXT(MINUTE((المدخلات!$B$4+2*المدخلات!$B$5/1440)),"00")&"–"&MOD(HOUR((المدخلات!$B$4+2*المدخلات!$B$5/1440+المدخلات!$B$5/1440))-1,12)+1&":"&TEXT(MINUTE((المدخلات!$B$4+2*المدخلات!$B$5/1440+المدخلات!$B$5/1440)),"00")&IF(HOUR((المدخلات!$B$4+2*المدخلات!$B$5/1440))<12," ص"," م") -> 5:30–5:45 م | C61: 5 ضد 8 | D61: 3 ضد 10
B62: =MOD(HOUR((المدخلات!$B$4+3*المدخلات!$B$5/1440))-1,12)+1&":"&TEXT(MINUTE((المدخلات!$B$4+3*المدخلات!$B$5/1440)),"00")&"–"&MOD(HOUR((المدخلات!$B$4+3*المدخلات!$B$5/1440+المدخلات!$B$5/1440))-1,12)+1&":"&TEXT(MINUTE((المدخلات!$B$4+3*المدخلات!$B$5/1440+المدخلات!$B$5/1440)),"00")&IF(HOUR((المدخلات!$B$4+3*المدخلات!$B$5/1440))<12," ص"," م") -> 5:45–6:00 م | C62: 1 ضد 12 | D62: 4 ضد 9 | E62: 6 ضد 7
B63: =MOD(HOUR((المدخلات!$B$4+4*المدخلات!$B$5/1440))-1,12)+1&":"&TEXT(MINUTE((المدخلات!$B$4+4*المدخلات!$B$5/1440)),"00")&"–"&MOD(HOUR((المدخلات!$B$4+4*المدخلات!$B$5/1440+المدخلات!$B$5/1440))-1,12)+1&":"&TEXT(MINUTE((المدخلات!$B$4+4*المدخلات!$B$5/1440+المدخلات!$B$5/1440)),"00")&IF(HOUR((المدخلات!$B$4+4*المدخلات!$B$5/1440))<12," ص"," م") -> 6:00–6:15 م | C63: 3 ضد 8 | D63: 2 ضد 11
B64: =MOD(HOUR((المدخلات!$B$4+5*المدخلات!$B$5/1440))-1,12)+1&":"&TEXT(MINUTE((المدخلات!$B$4+5*المدخلات!$B$5/1440)),"00")&"–"&MOD(HOUR((المدخلات!$B$4+5*المدخلات!$B$5/1440+المدخلات!$B$5/1440))-1,12)+1&":"&TEXT(MINUTE((المدخلات!$B$4+5*المدخلات!$B$5/1440+المدخلات!$B$5/1440)),"00")&IF(HOUR((المدخلات!$B$4+5*المدخلات!$B$5/1440))<12," ص"," م") -> 6:15–6:30 م | C64: 4 ضد 7 | D64: 1 ضد 10 | E64: 5 ضد 6
B65: =MOD(HOUR((المدخلات!$B$4+6*المدخلات!$B$5/1440))-1,12)+1&":"&TEXT(MINUTE((المدخلات!$B$4+6*المدخلات!$B$5/1440)),"00")&"–"&MOD(HOUR((المدخلات!$B$4+6*المدخلات!$B$5/1440+المدخلات!$B$5/1440))-1,12)+1&":"&TEXT(MINUTE((المدخلات!$B$4+6*المدخلات!$B$5/1440+المدخلات!$B$5/1440)),"00")&IF(HOUR((المدخلات!$B$4+6*المدخلات!$B$5/1440))<12," ص"," م") -> 6:30–6:45 م | C65: 11 ضد 12 | D65: 2 ضد 9
B66: =MOD(HOUR((المدخلات!$B$4+7*المدخلات!$B$5/1440))-1,12)+1&":"&TEXT(MINUTE((المدخلات!$B$4+7*المدخلات!$B$5/1440)),"00")&"–"&MOD(HOUR((المدخلات!$B$4+7*المدخلات!$B$5/1440+المدخلات!$B$5/1440))-1,12)+1&":"&TEXT(MINUTE((المدخلات!$B$4+7*المدخلات!$B$5/1440+المدخلات!$B$5/1440)),"00")&IF(HOUR((المدخلات!$B$4+7*المدخلات!$B$5/1440))<12," ص"," م") -> 6:45–7:00 م | C66: 1 ضد 8 | D66: 4 ضد 5 | E66: 3 ضد 6
B67: =MOD(HOUR((المدخلات!$B$4+8*المدخلات!$B$5/1440))-1,12)+1&":"&TEXT(MINUTE((المدخلات!$B$4+8*المدخلات!$B$5/1440)),"00")&"–"&MOD(HOUR((المدخلات!$B$4+8*المدخلات!$B$5/1440+المدخلات!$B$5/1440))-1,12)+1&":"&TEXT(MINUTE((المدخلات!$B$4+8*المدخلات!$B$5/1440+المدخلات!$B$5/1440)),"00")&IF(HOUR((المدخلات!$B$4+8*المدخلات!$B$5/1440))<12," ص"," م") -> 7:00–7:15 م | C67: 10 ضد 12 | D67: 9 ضد 11 | E67: 2 ضد 7
B68: =MOD(HOUR((المدخلات!$B$4+9*المدخلات!$B$5/1440))-1,12)+1&":"&TEXT(MINUTE((المدخلات!$B$4+9*المدخلات!$B$5/1440)),"00")&"–"&MOD(HOUR((المدخلات!$B$4+9*المدخلات!$B$5/1440+المدخلات!$B$5/1440))-1,12)+1&":"&TEXT(MINUTE((المدخلات!$B$4+9*المدخلات!$B$5/1440+المدخلات!$B$5/1440)),"00")&IF(HOUR((المدخلات!$B$4+9*المدخلات!$B$5/1440))<12," ص"," م") -> 7:15–7:30 م | C68: استراحة (لا توجد مباريات)
B69: =MOD(HOUR((المدخلات!$B$4+10*المدخلات!$B$5/1440))-1,12)+1&":"&TEXT(MINUTE((المدخلات!$B$4+10*المدخلات!$B$5/1440)),"00")&"–"&MOD(HOUR((المدخلات!$B$4+10*المدخلات!$B$5/1440+المدخلات!$B$5/1440))-1,12)+1&":"&TEXT(MINUTE((المدخلات!$B$4+10*المدخلات!$B$5/1440+المدخلات!$B$5/1440)),"00")&IF(HOUR((المدخلات!$B$4+10*المدخلات!$B$5/1440))<12," ص"," م") -> 7:30–7:45 م | C69: استراحة (لا توجد مباريات)
A70: اليوم 7 | B70: =MOD(HOUR((المدخلات!$B$4+0*المدخلات!$B$5/1440))-1,12)+1&":"&TEXT(MINUTE((المدخلات!$B$4+0*المدخلات!$B$5/1440)),"00")&"–"&MOD(HOUR((المدخلات!$B$4+0*المدخلات!$B$5/1440+المدخلات!$B$5/1440))-1,12)+1&":"&TEXT(MINUTE((المدخلات!$B$4+0*المدخلات!$B$5/1440+المدخلات!$B$5/1440)),"00")&IF(HOUR((المدخلات!$B$4+0*المدخلات!$B$5/1440))<12," ص"," م") -> 5:00–5:15 م | C70: 1 ضد 5 | D70: 3 ضد 12 | E70: 7 ضد 10 | F70: =COUNTIF(C70:E80,"* ضد *") -> 24 | G70: =F70*2/'ملخص البطولات'!$A$8 -> 4
B71: =MOD(HOUR((المدخلات!$B$4+1*المدخلات!$B$5/1440))-1,12)+1&":"&TEXT(MINUTE((المدخلات!$B$4+1*المدخلات!$B$5/1440)),"00")&"–"&MOD(HOUR((المدخلات!$B$4+1*المدخلات!$B$5/1440+المدخلات!$B$5/1440))-1,12)+1&":"&TEXT(MINUTE((المدخلات!$B$4+1*المدخلات!$B$5/1440+المدخلات!$B$5/1440)),"00")&IF(HOUR((المدخلات!$B$4+1*المدخلات!$B$5/1440))<12," ص"," م") -> 5:15–5:30 م | C71: 2 ضد 4 | D71: 6 ضد 11 | E71: 8 ضد 9
B72: =MOD(HOUR((المدخلات!$B$4+2*المدخلات!$B$5/1440))-1,12)+1&":"&TEXT(MINUTE((المدخلات!$B$4+2*المدخلات!$B$5/1440)),"00")&"–"&MOD(HOUR((المدخلات!$B$4+2*المدخلات!$B$5/1440+المدخلات!$B$5/1440))-1,12)+1&":"&TEXT(MINUTE((المدخلات!$B$4+2*المدخلات!$B$5/1440+المدخلات!$B$5/1440)),"00")&IF(HOUR((المدخلات!$B$4+2*المدخلات!$B$5/1440))<12," ص"," م") -> 5:30–5:45 م | C72: 3 ضد 5 | D72: 1 ضد 7
B73: =MOD(HOUR((المدخلات!$B$4+3*المدخلات!$B$5/1440))-1,12)+1&":"&TEXT(MINUTE((المدخلات!$B$4+3*المدخلات!$B$5/1440)),"00")&"–"&MOD(HOUR((المدخلات!$B$4+3*المدخلات!$B$5/1440+المدخلات!$B$5/1440))-1,12)+1&":"&TEXT(MINUTE((المدخلات!$B$4+3*المدخلات!$B$5/1440+المدخلات!$B$5/1440)),"00")&IF(HOUR((المدخلات!$B$4+3*المدخلات!$B$5/1440))<12," ص"," م") -> 5:45–6:00 م | C73: 4 ضد 12 | D73: 2 ضد 6 | E73: 9 ضد 10
B74: =MOD(HOUR((المدخلات!$B$4+4*المدخلات!$B$5/1440))-1,12)+1&":"&TEXT(MINUTE((المدخلات!$B$4+4*المدخلات!$B$5/1440)),"00")&"–"&MOD(HOUR((المدخلات!$B$4+4*المدخلات!$B$5/1440+المدخلات!$B$5/1440))-1,12)+1&":"&TEXT(MINUTE((المدخلات!$B$4+4*المدخلات!$B$5/1440+المدخلات!$B$5/1440)),"00")&IF(HOUR((المدخلات!$B$4+4*المدخلات!$B$5/1440))<12," ص"," م") -> 6:00–6:15 م | C74: 8 ضد 11 | D74: 3 ضد 7
B75: =MOD(HOUR((المدخلات!$B$4+5*المدخلات!$B$5/1440))-1,12)+1&":"&TEXT(MINUTE((المدخلات!$B$4+5*المدخلات!$B$5/1440)),"00")&"–"&MOD(HOUR((المدخلات!$B$4+5*المدخلات!$B$5/1440+المدخلات!$B$5/1440))-1,12)+1&":"&TEXT(MINUTE((المدخلات!$B$4+5*المدخلات!$B$5/1440+المدخلات!$B$5/1440)),"00")&IF(HOUR((المدخلات!$B$4+5*المدخلات!$B$5/1440))<12," ص"," م") -> 6:15–6:30 م | C75: 5 ضد 12 | D75: 4 ضد 6 | E75: 1 ضد 9
B76: =MOD(HOUR((المدخلات!$B$4+6*المدخلات!$B$5/1440))-1,12)+1&":"&TEXT(MINUTE((المدخلات!$B$4+6*المدخلات!$B$5/1440)),"00")&"–"&MOD(HOUR((المدخلات!$B$4+6*المدخلات!$B$5/1440+المدخلات!$B$5/1440))-1,12)+1&":"&TEXT(MINUTE((المدخلات!$B$4+6*المدخلات!$B$5/1440+المدخلات!$B$5/1440)),"00")&IF(HOUR((المدخلات!$B$4+6*المدخلات!$B$5/1440))<12," ص"," م") -> 6:30–6:45 م | C76: 10 ضد 11 | D76: 2 ضد 8
B77: =MOD(HOUR((المدخلات!$B$4+7*المدخلات!$B$5/1440))-1,12)+1&":"&TEXT(MINUTE((المدخلات!$B$4+7*المدخلات!$B$5/1440)),"00")&"–"&MOD(HOUR((المدخلات!$B$4+7*المدخلات!$B$5/1440+المدخلات!$B$5/1440))-1,12)+1&":"&TEXT(MINUTE((المدخلات!$B$4+7*المدخلات!$B$5/1440+المدخلات!$B$5/1440)),"00")&IF(HOUR((المدخلات!$B$4+7*المدخلات!$B$5/1440))<12," ص"," م") -> 6:45–7:00 م | C77: 5 ضد 7 | D77: 6 ضد 12 | E77: 3 ضد 9
B78: =MOD(HOUR((المدخلات!$B$4+8*المدخلات!$B$5/1440))-1,12)+1&":"&TEXT(MINUTE((المدخلات!$B$4+8*المدخلات!$B$5/1440)),"00")&"–"&MOD(HOUR((المدخلات!$B$4+8*المدخلات!$B$5/1440+المدخلات!$B$5/1440))-1,12)+1&":"&TEXT(MINUTE((المدخلات!$B$4+8*المدخلات!$B$5/1440+المدخلات!$B$5/1440)),"00")&IF(HOUR((المدخلات!$B$4+8*المدخلات!$B$5/1440))<12," ص"," م") -> 7:00–7:15 م | C78: 1 ضد 11 | D78: 2 ضد 10 | E78: 4 ضد 8
B79: =MOD(HOUR((المدخلات!$B$4+9*المدخلات!$B$5/1440))-1,12)+1&":"&TEXT(MINUTE((المدخلات!$B$4+9*المدخلات!$B$5/1440)),"00")&"–"&MOD(HOUR((المدخلات!$B$4+9*المدخلات!$B$5/1440+المدخلات!$B$5/1440))-1,12)+1&":"&TEXT(MINUTE((المدخلات!$B$4+9*المدخلات!$B$5/1440+المدخلات!$B$5/1440)),"00")&IF(HOUR((المدخلات!$B$4+9*المدخلات!$B$5/1440))<12," ص"," م") -> 7:15–7:30 م | C79: استراحة (لا توجد مباريات)
B80: =MOD(HOUR((المدخلات!$B$4+10*المدخلات!$B$5/1440))-1,12)+1&":"&TEXT(MINUTE((المدخلات!$B$4+10*المدخلات!$B$5/1440)),"00")&"–"&MOD(HOUR((المدخلات!$B$4+10*المدخلات!$B$5/1440+المدخلات!$B$5/1440))-1,12)+1&":"&TEXT(MINUTE((المدخلات!$B$4+10*المدخلات!$B$5/1440+المدخلات!$B$5/1440)),"00")&IF(HOUR((المدخلات!$B$4+10*المدخلات!$B$5/1440))<12," ص"," م") -> 7:30–7:45 م | C80: استراحة (لا توجد مباريات)
A83: جدول تكرار لقاء الأزواج — كم مرة يلتقي كل فريقين خلال الموسم
A84: فريق \ فريق | B84: 1 | C84: 2 | D84: 3 | E84: 4 | F84: 5 | G84: 6 | H84: 7 | I84: 8 | J84: 9 | K84: 10 | L84: 11 | M84: 12
A85: 1 | B85: =IF($A85=B$84,"",COUNTIF($C$4:$E$80,$A85&" ضد "&B$84)+COUNTIF($C$4:$E$80,B$84&" ضد "&$A85)) | C85: =IF($A85=C$84,"",COUNTIF($C$4:$E$80,$A85&" ضد "&C$84)+COUNTIF($C$4:$E$80,C$84&" ضد "&$A85)) -> 2 | D85: =IF($A85=D$84,"",COUNTIF($C$4:$E$80,$A85&" ضد "&D$84)+COUNTIF($C$4:$E$80,D$84&" ضد "&$A85)) -> 3 | E85: =IF($A85=E$84,"",COUNTIF($C$4:$E$80,$A85&" ضد "&E$84)+COUNTIF($C$4:$E$80,E$84&" ضد "&$A85)) -> 2 | F85: =IF($A85=F$84,"",COUNTIF($C$4:$E$80,$A85&" ضد "&F$84)+COUNTIF($C$4:$E$80,F$84&" ضد "&$A85)) -> 3 | G85: =IF($A85=G$84,"",COUNTIF($C$4:$E$80,$A85&" ضد "&G$84)+COUNTIF($C$4:$E$80,G$84&" ضد "&$A85)) -> 2 | H85: =IF($A85=H$84,"",COUNTIF($C$4:$E$80,$A85&" ضد "&H$84)+COUNTIF($C$4:$E$80,H$84&" ضد "&$A85)) -> 3 | I85: =IF($A85=I$84,"",COUNTIF($C$4:$E$80,$A85&" ضد "&I$84)+COUNTIF($C$4:$E$80,I$84&" ضد "&$A85)) -> 2 | ... M85: =IF($A85=M$84,"",COUNTIF($C$4:$E$80,$A85&" ضد "&M$84)+COUNTIF($C$4:$E$80,M$84&" ضد "&$A85)) -> 3
A86: 2 | B86: =IF($A86=B$84,"",COUNTIF($C$4:$E$80,$A86&" ضد "&B$84)+COUNTIF($C$4:$E$80,B$84&" ضد "&$A86)) -> 2 | C86: =IF($A86=C$84,"",COUNTIF($C$4:$E$80,$A86&" ضد "&C$84)+COUNTIF($C$4:$E$80,C$84&" ضد "&$A86)) | D86: =IF($A86=D$84,"",COUNTIF($C$4:$E$80,$A86&" ضد "&D$84)+COUNTIF($C$4:$E$80,D$84&" ضد "&$A86)) -> 2 | E86: =IF($A86=E$84,"",COUNTIF($C$4:$E$80,$A86&" ضد "&E$84)+COUNTIF($C$4:$E$80,E$84&" ضد "&$A86)) -> 3 | F86: =IF($A86=F$84,"",COUNTIF($C$4:$E$80,$A86&" ضد "&F$84)+COUNTIF($C$4:$E$80,F$84&" ضد "&$A86)) -> 2 | G86: =IF($A86=G$84,"",COUNTIF($C$4:$E$80,$A86&" ضد "&G$84)+COUNTIF($C$4:$E$80,G$84&" ضد "&$A86)) -> 3 | H86: =IF($A86=H$84,"",COUNTIF($C$4:$E$80,$A86&" ضد "&H$84)+COUNTIF($C$4:$E$80,H$84&" ضد "&$A86)) -> 2 | I86: =IF($A86=I$84,"",COUNTIF($C$4:$E$80,$A86&" ضد "&I$84)+COUNTIF($C$4:$E$80,I$84&" ضد "&$A86)) -> 3 | ... M86: =IF($A86=M$84,"",COUNTIF($C$4:$E$80,$A86&" ضد "&M$84)+COUNTIF($C$4:$E$80,M$84&" ضد "&$A86)) -> 3
A87: 3 | B87: =IF($A87=B$84,"",COUNTIF($C$4:$E$80,$A87&" ضد "&B$84)+COUNTIF($C$4:$E$80,B$84&" ضد "&$A87)) -> 3 | C87: =IF($A87=C$84,"",COUNTIF($C$4:$E$80,$A87&" ضد "&C$84)+COUNTIF($C$4:$E$80,C$84&" ضد "&$A87)) -> 2 | D87: =IF($A87=D$84,"",COUNTIF($C$4:$E$80,$A87&" ضد "&D$84)+COUNTIF($C$4:$E$80,D$84&" ضد "&$A87)) | E87: =IF($A87=E$84,"",COUNTIF($C$4:$E$80,$A87&" ضد "&E$84)+COUNTIF($C$4:$E$80,E$84&" ضد "&$A87)) -> 2 | F87: =IF($A87=F$84,"",COUNTIF($C$4:$E$80,$A87&" ضد "&F$84)+COUNTIF($C$4:$E$80,F$84&" ضد "&$A87)) -> 3 | G87: =IF($A87=G$84,"",COUNTIF($C$4:$E$80,$A87&" ضد "&G$84)+COUNTIF($C$4:$E$80,G$84&" ضد "&$A87)) -> 2 | H87: =IF($A87=H$84,"",COUNTIF($C$4:$E$80,$A87&" ضد "&H$84)+COUNTIF($C$4:$E$80,H$84&" ضد "&$A87)) -> 3 | I87: =IF($A87=I$84,"",COUNTIF($C$4:$E$80,$A87&" ضد "&I$84)+COUNTIF($C$4:$E$80,I$84&" ضد "&$A87)) -> 2 | ... M87: =IF($A87=M$84,"",COUNTIF($C$4:$E$80,$A87&" ضد "&M$84)+COUNTIF($C$4:$E$80,M$84&" ضد "&$A87)) -> 3
A88: 4 | B88: =IF($A88=B$84,"",COUNTIF($C$4:$E$80,$A88&" ضد "&B$84)+COUNTIF($C$4:$E$80,B$84&" ضد "&$A88)) -> 2 | C88: =IF($A88=C$84,"",COUNTIF($C$4:$E$80,$A88&" ضد "&C$84)+COUNTIF($C$4:$E$80,C$84&" ضد "&$A88)) -> 3 | D88: =IF($A88=D$84,"",COUNTIF($C$4:$E$80,$A88&" ضد "&D$84)+COUNTIF($C$4:$E$80,D$84&" ضد "&$A88)) -> 2 | E88: =IF($A88=E$84,"",COUNTIF($C$4:$E$80,$A88&" ضد "&E$84)+COUNTIF($C$4:$E$80,E$84&" ضد "&$A88)) | F88: =IF($A88=F$84,"",COUNTIF($C$4:$E$80,$A88&" ضد "&F$84)+COUNTIF($C$4:$E$80,F$84&" ضد "&$A88)) -> 2 | G88: =IF($A88=G$84,"",COUNTIF($C$4:$E$80,$A88&" ضد "&G$84)+COUNTIF($C$4:$E$80,G$84&" ضد "&$A88)) -> 3 | H88: =IF($A88=H$84,"",COUNTIF($C$4:$E$80,$A88&" ضد "&H$84)+COUNTIF($C$4:$E$80,H$84&" ضد "&$A88)) -> 2 | I88: =IF($A88=I$84,"",COUNTIF($C$4:$E$80,$A88&" ضد "&I$84)+COUNTIF($C$4:$E$80,I$84&" ضد "&$A88)) -> 3 | ... M88: =IF($A88=M$84,"",COUNTIF($C$4:$E$80,$A88&" ضد "&M$84)+COUNTIF($C$4:$E$80,M$84&" ضد "&$A88)) -> 3
A89: 5 | B89: =IF($A89=B$84,"",COUNTIF($C$4:$E$80,$A89&" ضد "&B$84)+COUNTIF($C$4:$E$80,B$84&" ضد "&$A89)) -> 3 | C89: =IF($A89=C$84,"",COUNTIF($C$4:$E$80,$A89&" ضد "&C$84)+COUNTIF($C$4:$E$80,C$84&" ضد "&$A89)) -> 2 | D89: =IF($A89=D$84,"",COUNTIF($C$4:$E$80,$A89&" ضد "&D$84)+COUNTIF($C$4:$E$80,D$84&" ضد "&$A89)) -> 3 | E89: =IF($A89=E$84,"",COUNTIF($C$4:$E$80,$A89&" ضد "&E$84)+COUNTIF($C$4:$E$80,E$84&" ضد "&$A89)) -> 2 | F89: =IF($A89=F$84,"",COUNTIF($C$4:$E$80,$A89&" ضد "&F$84)+COUNTIF($C$4:$E$80,F$84&" ضد "&$A89)) | G89: =IF($A89=G$84,"",COUNTIF($C$4:$E$80,$A89&" ضد "&G$84)+COUNTIF($C$4:$E$80,G$84&" ضد "&$A89)) -> 2 | H89: =IF($A89=H$84,"",COUNTIF($C$4:$E$80,$A89&" ضد "&H$84)+COUNTIF($C$4:$E$80,H$84&" ضد "&$A89)) -> 3 | I89: =IF($A89=I$84,"",COUNTIF($C$4:$E$80,$A89&" ضد "&I$84)+COUNTIF($C$4:$E$80,I$84&" ضد "&$A89)) -> 3 | ... M89: =IF($A89=M$84,"",COUNTIF($C$4:$E$80,$A89&" ضد "&M$84)+COUNTIF($C$4:$E$80,M$84&" ضد "&$A89)) -> 3
A90: 6 | B90: =IF($A90=B$84,"",COUNTIF($C$4:$E$80,$A90&" ضد "&B$84)+COUNTIF($C$4:$E$80,B$84&" ضد "&$A90)) -> 2 | C90: =IF($A90=C$84,"",COUNTIF($C$4:$E$80,$A90&" ضد "&C$84)+COUNTIF($C$4:$E$80,C$84&" ضد "&$A90)) -> 3 | D90: =IF($A90=D$84,"",COUNTIF($C$4:$E$80,$A90&" ضد "&D$84)+COUNTIF($C$4:$E$80,D$84&" ضد "&$A90)) -> 2 | E90: =IF($A90=E$84,"",COUNTIF($C$4:$E$80,$A90&" ضد "&E$84)+COUNTIF($C$4:$E$80,E$84&" ضد "&$A90)) -> 3 | F90: =IF($A90=F$84,"",COUNTIF($C$4:$E$80,$A90&" ضد "&F$84)+COUNTIF($C$4:$E$80,F$84&" ضد "&$A90)) -> 2 | G90: =IF($A90=G$84,"",COUNTIF($C$4:$E$80,$A90&" ضد "&G$84)+COUNTIF($C$4:$E$80,G$84&" ضد "&$A90)) | H90: =IF($A90=H$84,"",COUNTIF($C$4:$E$80,$A90&" ضد "&H$84)+COUNTIF($C$4:$E$80,H$84&" ضد "&$A90)) -> 3 | I90: =IF($A90=I$84,"",COUNTIF($C$4:$E$80,$A90&" ضد "&I$84)+COUNTIF($C$4:$E$80,I$84&" ضد "&$A90)) -> 2 | ... M90: =IF($A90=M$84,"",COUNTIF($C$4:$E$80,$A90&" ضد "&M$84)+COUNTIF($C$4:$E$80,M$84&" ضد "&$A90)) -> 3
A91: 7 | B91: =IF($A91=B$84,"",COUNTIF($C$4:$E$80,$A91&" ضد "&B$84)+COUNTIF($C$4:$E$80,B$84&" ضد "&$A91)) -> 3 | C91: =IF($A91=C$84,"",COUNTIF($C$4:$E$80,$A91&" ضد "&C$84)+COUNTIF($C$4:$E$80,C$84&" ضد "&$A91)) -> 2 | D91: =IF($A91=D$84,"",COUNTIF($C$4:$E$80,$A91&" ضد "&D$84)+COUNTIF($C$4:$E$80,D$84&" ضد "&$A91)) -> 3 | E91: =IF($A91=E$84,"",COUNTIF($C$4:$E$80,$A91&" ضد "&E$84)+COUNTIF($C$4:$E$80,E$84&" ضد "&$A91)) -> 2 | F91: =IF($A91=F$84,"",COUNTIF($C$4:$E$80,$A91&" ضد "&F$84)+COUNTIF($C$4:$E$80,F$84&" ضد "&$A91)) -> 3 | G91: =IF($A91=G$84,"",COUNTIF($C$4:$E$80,$A91&" ضد "&G$84)+COUNTIF($C$4:$E$80,G$84&" ضد "&$A91)) -> 3 | H91: =IF($A91=H$84,"",COUNTIF($C$4:$E$80,$A91&" ضد "&H$84)+COUNTIF($C$4:$E$80,H$84&" ضد "&$A91)) | I91: =IF($A91=I$84,"",COUNTIF($C$4:$E$80,$A91&" ضد "&I$84)+COUNTIF($C$4:$E$80,I$84&" ضد "&$A91)) -> 3 | ... M91: =IF($A91=M$84,"",COUNTIF($C$4:$E$80,$A91&" ضد "&M$84)+COUNTIF($C$4:$E$80,M$84&" ضد "&$A91)) -> 2
A92: 8 | B92: =IF($A92=B$84,"",COUNTIF($C$4:$E$80,$A92&" ضد "&B$84)+COUNTIF($C$4:$E$80,B$84&" ضد "&$A92)) -> 2 | C92: =IF($A92=C$84,"",COUNTIF($C$4:$E$80,$A92&" ضد "&C$84)+COUNTIF($C$4:$E$80,C$84&" ضد "&$A92)) -> 3 | D92: =IF($A92=D$84,"",COUNTIF($C$4:$E$80,$A92&" ضد "&D$84)+COUNTIF($C$4:$E$80,D$84&" ضد "&$A92)) -> 2 | E92: =IF($A92=E$84,"",COUNTIF($C$4:$E$80,$A92&" ضد "&E$84)+COUNTIF($C$4:$E$80,E$84&" ضد "&$A92)) -> 3 | F92: =IF($A92=F$84,"",COUNTIF($C$4:$E$80,$A92&" ضد "&F$84)+COUNTIF($C$4:$E$80,F$84&" ضد "&$A92)) -> 3 | G92: =IF($A92=G$84,"",COUNTIF($C$4:$E$80,$A92&" ضد "&G$84)+COUNTIF($C$4:$E$80,G$84&" ضد "&$A92)) -> 2 | H92: =IF($A92=H$84,"",COUNTIF($C$4:$E$80,$A92&" ضد "&H$84)+COUNTIF($C$4:$E$80,H$84&" ضد "&$A92)) -> 3 | I92: =IF($A92=I$84,"",COUNTIF($C$4:$E$80,$A92&" ضد "&I$84)+COUNTIF($C$4:$E$80,I$84&" ضد "&$A92)) | ... M92: =IF($A92=M$84,"",COUNTIF($C$4:$E$80,$A92&" ضد "&M$84)+COUNTIF($C$4:$E$80,M$84&" ضد "&$A92)) -> 2
A93: 9 | B93: =IF($A93=B$84,"",COUNTIF($C$4:$E$80,$A93&" ضد "&B$84)+COUNTIF($C$4:$E$80,B$84&" ضد "&$A93)) -> 3 | C93: =IF($A93=C$84,"",COUNTIF($C$4:$E$80,$A93&" ضد "&C$84)+COUNTIF($C$4:$E$80,C$84&" ضد "&$A93)) -> 2 | D93: =IF($A93=D$84,"",COUNTIF($C$4:$E$80,$A93&" ضد "&D$84)+COUNTIF($C$4:$E$80,D$84&" ضد "&$A93)) -> 3 | E93: =IF($A93=E$84,"",COUNTIF($C$4:$E$80,$A93&" ضد "&E$84)+COUNTIF($C$4:$E$80,E$84&" ضد "&$A93)) -> 3 | F93: =IF($A93=F$84,"",COUNTIF($C$4:$E$80,$A93&" ضد "&F$84)+COUNTIF($C$4:$E$80,F$84&" ضد "&$A93)) -> 2 | G93: =IF($A93=G$84,"",COUNTIF($C$4:$E$80,$A93&" ضد "&G$84)+COUNTIF($C$4:$E$80,G$84&" ضد "&$A93)) -> 3 | H93: =IF($A93=H$84,"",COUNTIF($C$4:$E$80,$A93&" ضد "&H$84)+COUNTIF($C$4:$E$80,H$84&" ضد "&$A93)) -> 2 | I93: =IF($A93=I$84,"",COUNTIF($C$4:$E$80,$A93&" ضد "&I$84)+COUNTIF($C$4:$E$80,I$84&" ضد "&$A93)) -> 3 | ... M93: =IF($A93=M$84,"",COUNTIF($C$4:$E$80,$A93&" ضد "&M$84)+COUNTIF($C$4:$E$80,M$84&" ضد "&$A93)) -> 2
A94: 10 | B94: =IF($A94=B$84,"",COUNTIF($C$4:$E$80,$A94&" ضد "&B$84)+COUNTIF($C$4:$E$80,B$84&" ضد "&$A94)) -> 2 | C94: =IF($A94=C$84,"",COUNTIF($C$4:$E$80,$A94&" ضد "&C$84)+COUNTIF($C$4:$E$80,C$84&" ضد "&$A94)) -> 3 | D94: =IF($A94=D$84,"",COUNTIF($C$4:$E$80,$A94&" ضد "&D$84)+COUNTIF($C$4:$E$80,D$84&" ضد "&$A94)) -> 3 | E94: =IF($A94=E$84,"",COUNTIF($C$4:$E$80,$A94&" ضد "&E$84)+COUNTIF($C$4:$E$80,E$84&" ضد "&$A94)) -> 2 | F94: =IF($A94=F$84,"",COUNTIF($C$4:$E$80,$A94&" ضد "&F$84)+COUNTIF($C$4:$E$80,F$84&" ضد "&$A94)) -> 3 | G94: =IF($A94=G$84,"",COUNTIF($C$4:$E$80,$A94&" ضد "&G$84)+COUNTIF($C$4:$E$80,G$84&" ضد "&$A94)) -> 2 | H94: =IF($A94=H$84,"",COUNTIF($C$4:$E$80,$A94&" ضد "&H$84)+COUNTIF($C$4:$E$80,H$84&" ضد "&$A94)) -> 3 | I94: =IF($A94=I$84,"",COUNTIF($C$4:$E$80,$A94&" ضد "&I$84)+COUNTIF($C$4:$E$80,I$84&" ضد "&$A94)) -> 2 | ... M94: =IF($A94=M$84,"",COUNTIF($C$4:$E$80,$A94&" ضد "&M$84)+COUNTIF($C$4:$E$80,M$84&" ضد "&$A94)) -> 2
A95: 11 | B95: =IF($A95=B$84,"",COUNTIF($C$4:$E$80,$A95&" ضد "&B$84)+COUNTIF($C$4:$E$80,B$84&" ضد "&$A95)) -> 3 | C95: =IF($A95=C$84,"",COUNTIF($C$4:$E$80,$A95&" ضد "&C$84)+COUNTIF($C$4:$E$80,C$84&" ضد "&$A95)) -> 3 | D95: =IF($A95=D$84,"",COUNTIF($C$4:$E$80,$A95&" ضد "&D$84)+COUNTIF($C$4:$E$80,D$84&" ضد "&$A95)) -> 2 | E95: =IF($A95=E$84,"",COUNTIF($C$4:$E$80,$A95&" ضد "&E$84)+COUNTIF($C$4:$E$80,E$84&" ضد "&$A95)) -> 3 | F95: =IF($A95=F$84,"",COUNTIF($C$4:$E$80,$A95&" ضد "&F$84)+COUNTIF($C$4:$E$80,F$84&" ضد "&$A95)) -> 2 | G95: =IF($A95=G$84,"",COUNTIF($C$4:$E$80,$A95&" ضد "&G$84)+COUNTIF($C$4:$E$80,G$84&" ضد "&$A95)) -> 3 | H95: =IF($A95=H$84,"",COUNTIF($C$4:$E$80,$A95&" ضد "&H$84)+COUNTIF($C$4:$E$80,H$84&" ضد "&$A95)) -> 2 | I95: =IF($A95=I$84,"",COUNTIF($C$4:$E$80,$A95&" ضد "&I$84)+COUNTIF($C$4:$E$80,I$84&" ضد "&$A95)) -> 3 | ... M95: =IF($A95=M$84,"",COUNTIF($C$4:$E$80,$A95&" ضد "&M$84)+COUNTIF($C$4:$E$80,M$84&" ضد "&$A95)) -> 2
A96: 12 | B96: =IF($A96=B$84,"",COUNTIF($C$4:$E$80,$A96&" ضد "&B$84)+COUNTIF($C$4:$E$80,B$84&" ضد "&$A96)) -> 3 | C96: =IF($A96=C$84,"",COUNTIF($C$4:$E$80,$A96&" ضد "&C$84)+COUNTIF($C$4:$E$80,C$84&" ضد "&$A96)) -> 3 | D96: =IF($A96=D$84,"",COUNTIF($C$4:$E$80,$A96&" ضد "&D$84)+COUNTIF($C$4:$E$80,D$84&" ضد "&$A96)) -> 3 | E96: =IF($A96=E$84,"",COUNTIF($C$4:$E$80,$A96&" ضد "&E$84)+COUNTIF($C$4:$E$80,E$84&" ضد "&$A96)) -> 3 | F96: =IF($A96=F$84,"",COUNTIF($C$4:$E$80,$A96&" ضد "&F$84)+COUNTIF($C$4:$E$80,F$84&" ضد "&$A96)) -> 3 | G96: =IF($A96=G$84,"",COUNTIF($C$4:$E$80,$A96&" ضد "&G$84)+COUNTIF($C$4:$E$80,G$84&" ضد "&$A96)) -> 3 | H96: =IF($A96=H$84,"",COUNTIF($C$4:$E$80,$A96&" ضد "&H$84)+COUNTIF($C$4:$E$80,H$84&" ضد "&$A96)) -> 2 | I96: =IF($A96=I$84,"",COUNTIF($C$4:$E$80,$A96&" ضد "&I$84)+COUNTIF($C$4:$E$80,I$84&" ضد "&$A96)) -> 2 | ... M96: =IF($A96=M$84,"",COUNTIF($C$4:$E$80,$A96&" ضد "&M$84)+COUNTIF($C$4:$E$80,M$84&" ضد "&$A96))
A97: أقل تكرار | B97: =MIN(B85:M96) -> 2
A98: أعلى تكرار | B98: =MAX(B85:M96) -> 3

Sheet 13 فريقًا
A1: جدول مباريات المجموعات التي فيها 13 فريقًا
A3: اليوم | B3: الوقت | C3: ملعب 1 | D3: ملعب 2 | E3: ملعب 3 | F3: ملعب 4 | G3: مجموع مباريات اليوم | H3: مباريات كل فريق في اليوم
A4: اليوم 1 | B4: =MOD(HOUR((المدخلات!$B$4+0*المدخلات!$B$5/1440))-1,12)+1&":"&TEXT(MINUTE((المدخلات!$B$4+0*المدخلات!$B$5/1440)),"00")&"–"&MOD(HOUR((المدخلات!$B$4+0*المدخلات!$B$5/1440+المدخلات!$B$5/1440))-1,12)+1&":"&TEXT(MINUTE((المدخلات!$B$4+0*المدخلات!$B$5/1440+المدخلات!$B$5/1440)),"00")&IF(HOUR((المدخلات!$B$4+0*المدخلات!$B$5/1440))<12," ص"," م") -> 5:00–5:15 م | C4: 3 ضد 4 | D4: 5 ضد 6 | E4: 8 ضد 10 | F4: 11 ضد 12 | G4: =COUNTIF(C4:F12,"* ضد *") -> 26 | H4: =G4*2/'ملخص البطولات'!$A$9 -> 4
B5: =MOD(HOUR((المدخلات!$B$4+1*المدخلات!$B$5/1440))-1,12)+1&":"&TEXT(MINUTE((المدخلات!$B$4+1*المدخلات!$B$5/1440)),"00")&"–"&MOD(HOUR((المدخلات!$B$4+1*المدخلات!$B$5/1440+المدخلات!$B$5/1440))-1,12)+1&":"&TEXT(MINUTE((المدخلات!$B$4+1*المدخلات!$B$5/1440+المدخلات!$B$5/1440)),"00")&IF(HOUR((المدخلات!$B$4+1*المدخلات!$B$5/1440))<12," ص"," م") -> 5:15–5:30 م | C5: 1 ضد 2 | D5: 7 ضد 9
B6: =MOD(HOUR((المدخلات!$B$4+2*المدخلات!$B$5/1440))-1,12)+1&":"&TEXT(MINUTE((المدخلات!$B$4+2*المدخلات!$B$5/1440)),"00")&"–"&MOD(HOUR((المدخلات!$B$4+2*المدخلات!$B$5/1440+المدخلات!$B$5/1440))-1,12)+1&":"&TEXT(MINUTE((المدخلات!$B$4+2*المدخلات!$B$5/1440+المدخلات!$B$5/1440)),"00")&IF(HOUR((المدخلات!$B$4+2*المدخلات!$B$5/1440))<12," ص"," م") -> 5:30–5:45 م | C6: 3 ضد 5 | D6: 6 ضد 8 | E6: 10 ضد 11 | F6: 12 ضد 13
B7: =MOD(HOUR((المدخلات!$B$4+3*المدخلات!$B$5/1440))-1,12)+1&":"&TEXT(MINUTE((المدخلات!$B$4+3*المدخلات!$B$5/1440)),"00")&"–"&MOD(HOUR((المدخلات!$B$4+3*المدخلات!$B$5/1440+المدخلات!$B$5/1440))-1,12)+1&":"&TEXT(MINUTE((المدخلات!$B$4+3*المدخلات!$B$5/1440+المدخلات!$B$5/1440)),"00")&IF(HOUR((المدخلات!$B$4+3*المدخلات!$B$5/1440))<12," ص"," م") -> 5:45–6:00 م | C7: 2 ضد 4
B8: =MOD(HOUR((المدخلات!$B$4+4*المدخلات!$B$5/1440))-1,12)+1&":"&TEXT(MINUTE((المدخلات!$B$4+4*المدخلات!$B$5/1440)),"00")&"–"&MOD(HOUR((المدخلات!$B$4+4*المدخلات!$B$5/1440+المدخلات!$B$5/1440))-1,12)+1&":"&TEXT(MINUTE((المدخلات!$B$4+4*المدخلات!$B$5/1440+المدخلات!$B$5/1440)),"00")&IF(HOUR((المدخلات!$B$4+4*المدخلات!$B$5/1440))<12," ص"," م") -> 6:00–6:15 م | C8: 1 ضد 3 | D8: 6 ضد 7 | E8: 8 ضد 9 | F8: 11 ضد 13
B9: =MOD(HOUR((المدخلات!$B$4+5*المدخلات!$B$5/1440))-1,12)+1&":"&TEXT(MINUTE((المدخلات!$B$4+5*المدخلات!$B$5/1440)),"00")&"–"&MOD(HOUR((المدخلات!$B$4+5*المدخلات!$B$5/1440+المدخلات!$B$5/1440))-1,12)+1&":"&TEXT(MINUTE((المدخلات!$B$4+5*المدخلات!$B$5/1440+المدخلات!$B$5/1440)),"00")&IF(HOUR((المدخلات!$B$4+5*المدخلات!$B$5/1440))<12," ص"," م") -> 6:15–6:30 م | C9: 4 ضد 5 | D9: 10 ضد 12
B10: =MOD(HOUR((المدخلات!$B$4+6*المدخلات!$B$5/1440))-1,12)+1&":"&TEXT(MINUTE((المدخلات!$B$4+6*المدخلات!$B$5/1440)),"00")&"–"&MOD(HOUR((المدخلات!$B$4+6*المدخلات!$B$5/1440+المدخلات!$B$5/1440))-1,12)+1&":"&TEXT(MINUTE((المدخلات!$B$4+6*المدخلات!$B$5/1440+المدخلات!$B$5/1440)),"00")&IF(HOUR((المدخلات!$B$4+6*المدخلات!$B$5/1440))<12," ص"," م") -> 6:30–6:45 م | C10: 1 ضد 13 | D10: 2 ضد 3 | E10: 7 ضد 8 | F10: 9 ضد 11
B11: =MOD(HOUR((المدخلات!$B$4+7*المدخلات!$B$5/1440))-1,12)+1&":"&TEXT(MINUTE((المدخلات!$B$4+7*المدخلات!$B$5/1440)),"00")&"–"&MOD(HOUR((المدخلات!$B$4+7*المدخلات!$B$5/1440+المدخلات!$B$5/1440))-1,12)+1&":"&TEXT(MINUTE((المدخلات!$B$4+7*المدخلات!$B$5/1440+المدخلات!$B$5/1440)),"00")&IF(HOUR((المدخلات!$B$4+7*المدخلات!$B$5/1440))<12," ص"," م") -> 6:45–7:00 م | C11: 4 ضد 6
B12: =MOD(HOUR((المدخلات!$B$4+8*المدخلات!$B$5/1440))-1,12)+1&":"&TEXT(MINUTE((المدخلات!$B$4+8*المدخلات!$B$5/1440)),"00")&"–"&MOD(HOUR((المدخلات!$B$4+8*المدخلات!$B$5/1440+المدخلات!$B$5/1440))-1,12)+1&":"&TEXT(MINUTE((المدخلات!$B$4+8*المدخلات!$B$5/1440+المدخلات!$B$5/1440)),"00")&IF(HOUR((المدخلات!$B$4+8*المدخلات!$B$5/1440))<12," ص"," م") -> 7:00–7:15 م | C12: 1 ضد 12 | D12: 2 ضد 13 | E12: 5 ضد 7 | F12: 9 ضد 10
A13: اليوم 2 | B13: =MOD(HOUR((المدخلات!$B$4+0*المدخلات!$B$5/1440))-1,12)+1&":"&TEXT(MINUTE((المدخلات!$B$4+0*المدخلات!$B$5/1440)),"00")&"–"&MOD(HOUR((المدخلات!$B$4+0*المدخلات!$B$5/1440+المدخلات!$B$5/1440))-1,12)+1&":"&TEXT(MINUTE((المدخلات!$B$4+0*المدخلات!$B$5/1440+المدخلات!$B$5/1440)),"00")&IF(HOUR((المدخلات!$B$4+0*المدخلات!$B$5/1440))<12," ص"," م") -> 5:00–5:15 م | C13: 2 ضد 12 | D13: 3 ضد 6 | E13: 5 ضد 9 | F13: 8 ضد 11 | G13: =COUNTIF(C13:F21,"* ضد *") -> 26 | H13: =G13*2/'ملخص البطولات'!$A$9 -> 4
B14: =MOD(HOUR((المدخلات!$B$4+1*المدخلات!$B$5/1440))-1,12)+1&":"&TEXT(MINUTE((المدخلات!$B$4+1*المدخلات!$B$5/1440)),"00")&"–"&MOD(HOUR((المدخلات!$B$4+1*المدخلات!$B$5/1440+المدخلات!$B$5/1440))-1,12)+1&":"&TEXT(MINUTE((المدخلات!$B$4+1*المدخلات!$B$5/1440+المدخلات!$B$5/1440)),"00")&IF(HOUR((المدخلات!$B$4+1*المدخلات!$B$5/1440))<12," ص"," م") -> 5:15–5:30 م | C14: 1 ضد 4 | D14: 7 ضد 10
B15: =MOD(HOUR((المدخلات!$B$4+2*المدخلات!$B$5/1440))-1,12)+1&":"&TEXT(MINUTE((المدخلات!$B$4+2*المدخلات!$B$5/1440)),"00")&"–"&MOD(HOUR((المدخلات!$B$4+2*المدخلات!$B$5/1440+المدخلات!$B$5/1440))-1,12)+1&":"&TEXT(MINUTE((المدخلات!$B$4+2*المدخلات!$B$5/1440+المدخلات!$B$5/1440)),"00")&IF(HOUR((المدخلات!$B$4+2*المدخلات!$B$5/1440))<12," ص"," م") -> 5:30–5:45 م | C15: 3 ضد 12 | D15: 5 ضد 8 | E15: 9 ضد 13
B16: =MOD(HOUR((المدخلات!$B$4+3*المدخلات!$B$5/1440))-1,12)+1&":"&TEXT(MINUTE((المدخلات!$B$4+3*المدخلات!$B$5/1440)),"00")&"–"&MOD(HOUR((المدخلات!$B$4+3*المدخلات!$B$5/1440+المدخلات!$B$5/1440))-1,12)+1&":"&TEXT(MINUTE((المدخلات!$B$4+3*المدخلات!$B$5/1440+المدخلات!$B$5/1440)),"00")&IF(HOUR((المدخلات!$B$4+3*المدخلات!$B$5/1440))<12," ص"," م") -> 5:45–6:00 م | C16: 1 ضد 10 | D16: 2 ضد 6 | E16: 7 ضد 11
B17: =MOD(HOUR((المدخلات!$B$4+4*المدخلات!$B$5/1440))-1,12)+1&":"&TEXT(MINUTE((المدخلات!$B$4+4*المدخلات!$B$5/1440)),"00")&"–"&MOD(HOUR((المدخلات!$B$4+4*المدخلات!$B$5/1440+المدخلات!$B$5/1440))-1,12)+1&":"&TEXT(MINUTE((المدخلات!$B$4+4*المدخلات!$B$5/1440+المدخلات!$B$5/1440)),"00")&IF(HOUR((المدخلات!$B$4+4*المدخلات!$B$5/1440))<12," ص"," م") -> 6:00–6:15 م | C17: 3 ضد 13 | D17: 4 ضد 8
B18: =MOD(HOUR((المدخلات!$B$4+5*المدخلات!$B$5/1440))-1,12)+1&":"&TEXT(MINUTE((المدخلات!$B$4+5*المدخلات!$B$5/1440)),"00")&"–"&MOD(HOUR((المدخلات!$B$4+5*المدخلات!$B$5/1440+المدخلات!$B$5/1440))-1,12)+1&":"&TEXT(MINUTE((المدخلات!$B$4+5*المدخلات!$B$5/1440+المدخلات!$B$5/1440)),"00")&IF(HOUR((المدخلات!$B$4+5*المدخلات!$B$5/1440))<12," ص"," م") -> 6:15–6:30 م | C18: 1 ضد 11 | D18: 2 ضد 5 | E18: 9 ضد 12
B19: =MOD(HOUR((المدخلات!$B$4+6*المدخلات!$B$5/1440))-1,12)+1&":"&TEXT(MINUTE((المدخلات!$B$4+6*المدخلات!$B$5/1440)),"00")&"–"&MOD(HOUR((المدخلات!$B$4+6*المدخلات!$B$5/1440+المدخلات!$B$5/1440))-1,12)+1&":"&TEXT(MINUTE((المدخلات!$B$4+6*المدخلات!$B$5/1440+المدخلات!$B$5/1440)),"00")&IF(HOUR((المدخلات!$B$4+6*المدخلات!$B$5/1440))<12," ص"," م") -> 6:30–6:45 م | C19: 3 ضد 7 | D19: 4 ضد 13 | E19: 6 ضد 10
B20: =MOD(HOUR((المدخلات!$B$4+7*المدخلات!$B$5/1440))-1,12)+1&":"&TEXT(MINUTE((المدخلات!$B$4+7*المدخلات!$B$5/1440)),"00")&"–"&MOD(HOUR((المدخلات!$B$4+7*المدخلات!$B$5/1440+المدخلات!$B$5/1440))-1,12)+1&":"&TEXT(MINUTE((المدخلات!$B$4+7*المدخلات!$B$5/1440+المدخلات!$B$5/1440)),"00")&IF(HOUR((المدخلات!$B$4+7*المدخلات!$B$5/1440))<12," ص"," م") -> 6:45–7:00 م | C20: 1 ضد 5 | D20: 8 ضد 12
B21: =MOD(HOUR((المدخلات!$B$4+8*المدخلات!$B$5/1440))-1,12)+1&":"&TEXT(MINUTE((المدخلات!$B$4+8*المدخلات!$B$5/1440)),"00")&"–"&MOD(HOUR((المدخلات!$B$4+8*المدخلات!$B$5/1440+المدخلات!$B$5/1440))-1,12)+1&":"&TEXT(MINUTE((المدخلات!$B$4+8*المدخلات!$B$5/1440+المدخلات!$B$5/1440)),"00")&IF(HOUR((المدخلات!$B$4+8*المدخلات!$B$5/1440))<12," ص"," م") -> 7:00–7:15 م | C21: 2 ضد 11 | D21: 4 ضد 7 | E21: 6 ضد 9 | F21: 10 ضد 13
A22: اليوم 3 | B22: =MOD(HOUR((المدخلات!$B$4+0*المدخلات!$B$5/1440))-1,12)+1&":"&TEXT(MINUTE((المدخلات!$B$4+0*المدخلات!$B$5/1440)),"00")&"–"&MOD(HOUR((المدخلات!$B$4+0*المدخلات!$B$5/1440+المدخلات!$B$5/1440))-1,12)+1&":"&TEXT(MINUTE((المدخلات!$B$4+0*المدخلات!$B$5/1440+المدخلات!$B$5/1440)),"00")&IF(HOUR((المدخلات!$B$4+0*المدخلات!$B$5/1440))<12," ص"," م") -> 5:00–5:15 م | C22: 1 ضد 6 | D22: 2 ضد 10 | E22: 4 ضد 9 | F22: 8 ضد 13 | G22: =COUNTIF(C22:F30,"* ضد *") -> 26 | H22: =G22*2/'ملخص البطولات'!$A$9 -> 4
B23: =MOD(HOUR((المدخلات!$B$4+1*المدخلات!$B$5/1440))-1,12)+1&":"&TEXT(MINUTE((المدخلات!$B$4+1*المدخلات!$B$5/1440)),"00")&"–"&MOD(HOUR((المدخلات!$B$4+1*المدخلات!$B$5/1440+المدخلات!$B$5/1440))-1,12)+1&":"&TEXT(MINUTE((المدخلات!$B$4+1*المدخلات!$B$5/1440+المدخلات!$B$5/1440)),"00")&IF(HOUR((المدخلات!$B$4+1*المدخلات!$B$5/1440))<12," ص"," م") -> 5:15–5:30 م | C23: 3 ضد 11 | D23: 5 ضد 12
B24: =MOD(HOUR((المدخلات!$B$4+2*المدخلات!$B$5/1440))-1,12)+1&":"&TEXT(MINUTE((المدخلات!$B$4+2*المدخلات!$B$5/1440)),"00")&"–"&MOD(HOUR((المدخلات!$B$4+2*المدخلات!$B$5/1440+المدخلات!$B$5/1440))-1,12)+1&":"&TEXT(MINUTE((المدخلات!$B$4+2*المدخلات!$B$5/1440+المدخلات!$B$5/1440)),"00")&IF(HOUR((المدخلات!$B$4+2*المدخلات!$B$5/1440))<12," ص"," م") -> 5:30–5:45 م | C24: 1 ضد 7 | D24: 2 ضد 9 | E24: 4 ضد 10 | F24: 6 ضد 13
B25: =MOD(HOUR((المدخلات!$B$4+3*المدخلات!$B$5/1440))-1,12)+1&":"&TEXT(MINUTE((المدخلات!$B$4+3*المدخلات!$B$5/1440)),"00")&"–"&MOD(HOUR((المدخلات!$B$4+3*المدخلات!$B$5/1440+المدخلات!$B$5/1440))-1,12)+1&":"&TEXT(MINUTE((المدخلات!$B$4+3*المدخلات!$B$5/1440+المدخلات!$B$5/1440)),"00")&IF(HOUR((المدخلات!$B$4+3*المدخلات!$B$5/1440))<12," ص"," م") -> 5:45–6:00 م | C25: 3 ضد 8 | D25: 5 ضد 11
B26: =MOD(HOUR((المدخلات!$B$4+4*المدخلات!$B$5/1440))-1,12)+1&":"&TEXT(MINUTE((المدخلات!$B$4+4*المدخلات!$B$5/1440)),"00")&"–"&MOD(HOUR((المدخلات!$B$4+4*المدخلات!$B$5/1440+المدخلات!$B$5/1440))-1,12)+1&":"&TEXT(MINUTE((المدخلات!$B$4+4*المدخلات!$B$5/1440+المدخلات!$B$5/1440)),"00")&IF(HOUR((المدخلات!$B$4+4*المدخلات!$B$5/1440))<12," ص"," م") -> 6:00–6:15 م | C26: 1 ضد 9 | D26: 6 ضد 12 | E26: 7 ضد 13
B27: =MOD(HOUR((المدخلات!$B$4+5*المدخلات!$B$5/1440))-1,12)+1&":"&TEXT(MINUTE((المدخلات!$B$4+5*المدخلات!$B$5/1440)),"00")&"–"&MOD(HOUR((المدخلات!$B$4+5*المدخلات!$B$5/1440+المدخلات!$B$5/1440))-1,12)+1&":"&TEXT(MINUTE((المدخلات!$B$4+5*المدخلات!$B$5/1440+المدخلات!$B$5/1440)),"00")&IF(HOUR((المدخلات!$B$4+5*المدخلات!$B$5/1440))<12," ص"," م") -> 6:15–6:30 م | C27: 2 ضد 8 | D27: 3 ضد 10 | E27: 4 ضد 11
B28: =MOD(HOUR((المدخلات!$B$4+6*المدخلات!$B$5/1440))-1,12)+1&":"&TEXT(MINUTE((المدخلات!$B$4+6*المدخلات!$B$5/1440)),"00")&"–"&MOD(HOUR((المدخلات!$B$4+6*المدخلات!$B$5/1440+المدخلات!$B$5/1440))-1,12)+1&":"&TEXT(MINUTE((المدخلات!$B$4+6*المدخلات!$B$5/1440+المدخلات!$B$5/1440)),"00")&IF(HOUR((المدخلات!$B$4+6*المدخلات!$B$5/1440))<12," ص"," م") -> 6:30–6:45 م | C28: 5 ضد 13 | D28: 7 ضد 12
B29: =MOD(HOUR((المدخلات!$B$4+7*المدخلات!$B$5/1440))-1,12)+1&":"&TEXT(MINUTE((المدخلات!$B$4+7*المدخلات!$B$5/1440)),"00")&"–"&MOD(HOUR((المدخلات!$B$4+7*المدخلات!$B$5/1440+المدخلات!$B$5/1440))-1,12)+1&":"&TEXT(MINUTE((المدخلات!$B$4+7*المدخلات!$B$5/1440+المدخلات!$B$5/1440)),"00")&IF(HOUR((المدخلات!$B$4+7*المدخلات!$B$5/1440))<12," ص"," م") -> 6:45–7:00 م | C29: 1 ضد 8 | D29: 3 ضد 9 | E29: 6 ضد 11
B30: =MOD(HOUR((المدخلات!$B$4+8*المدخلات!$B$5/1440))-1,12)+1&":"&TEXT(MINUTE((المدخلات!$B$4+8*المدخلات!$B$5/1440)),"00")&"–"&MOD(HOUR((المدخلات!$B$4+8*المدخلات!$B$5/1440+المدخلات!$B$5/1440))-1,12)+1&":"&TEXT(MINUTE((المدخلات!$B$4+8*المدخلات!$B$5/1440+المدخلات!$B$5/1440)),"00")&IF(HOUR((المدخلات!$B$4+8*المدخلات!$B$5/1440))<12," ص"," م") -> 7:00–7:15 م | C30: 2 ضد 7 | D30: 4 ضد 12 | E30: 5 ضد 10
A31: اليوم 4 | B31: =MOD(HOUR((المدخلات!$B$4+0*المدخلات!$B$5/1440))-1,12)+1&":"&TEXT(MINUTE((المدخلات!$B$4+0*المدخلات!$B$5/1440)),"00")&"–"&MOD(HOUR((المدخلات!$B$4+0*المدخلات!$B$5/1440+المدخلات!$B$5/1440))-1,12)+1&":"&TEXT(MINUTE((المدخلات!$B$4+0*المدخلات!$B$5/1440+المدخلات!$B$5/1440)),"00")&IF(HOUR((المدخلات!$B$4+0*المدخلات!$B$5/1440))<12," ص"," م") -> 5:00–5:15 م | C31: 1 ضد 13 | D31: 2 ضد 3 | E31: 7 ضد 8 | F31: 11 ضد 12 | G31: =COUNTIF(C31:F39,"* ضد *") -> 26 | H31: =G31*2/'ملخص البطولات'!$A$9 -> 4
B32: =MOD(HOUR((المدخلات!$B$4+1*المدخلات!$B$5/1440))-1,12)+1&":"&TEXT(MINUTE((المدخلات!$B$4+1*المدخلات!$B$5/1440)),"00")&"–"&MOD(HOUR((المدخلات!$B$4+1*المدخلات!$B$5/1440+المدخلات!$B$5/1440))-1,12)+1&":"&TEXT(MINUTE((المدخلات!$B$4+1*المدخلات!$B$5/1440+المدخلات!$B$5/1440)),"00")&IF(HOUR((المدخلات!$B$4+1*المدخلات!$B$5/1440))<12," ص"," م") -> 5:15–5:30 م | C32: 4 ضد 6 | D32: 9 ضد 10
B33: =MOD(HOUR((المدخلات!$B$4+2*المدخلات!$B$5/1440))-1,12)+1&":"&TEXT(MINUTE((المدخلات!$B$4+2*المدخلات!$B$5/1440)),"00")&"–"&MOD(HOUR((المدخلات!$B$4+2*المدخلات!$B$5/1440+المدخلات!$B$5/1440))-1,12)+1&":"&TEXT(MINUTE((المدخلات!$B$4+2*المدخلات!$B$5/1440+المدخلات!$B$5/1440)),"00")&IF(HOUR((المدخلات!$B$4+2*المدخلات!$B$5/1440))<12," ص"," م") -> 5:30–5:45 م | C33: 1 ضد 3 | D33: 5 ضد 7 | E33: 12 ضد 13
B34: =MOD(HOUR((المدخلات!$B$4+3*المدخلات!$B$5/1440))-1,12)+1&":"&TEXT(MINUTE((المدخلات!$B$4+3*المدخلات!$B$5/1440)),"00")&"–"&MOD(HOUR((المدخلات!$B$4+3*المدخلات!$B$5/1440+المدخلات!$B$5/1440))-1,12)+1&":"&TEXT(MINUTE((المدخلات!$B$4+3*المدخلات!$B$5/1440+المدخلات!$B$5/1440)),"00")&IF(HOUR((المدخلات!$B$4+3*المدخلات!$B$5/1440))<12," ص"," م") -> 5:45–6:00 م | C34: 2 ضد 4 | D34: 6 ضد 8 | E34: 9 ضد 11
B35: =MOD(HOUR((المدخلات!$B$4+4*المدخلات!$B$5/1440))-1,12)+1&":"&TEXT(MINUTE((المدخلات!$B$4+4*المدخلات!$B$5/1440)),"00")&"–"&MOD(HOUR((المدخلات!$B$4+4*المدخلات!$B$5/1440+المدخلات!$B$5/1440))-1,12)+1&":"&TEXT(MINUTE((المدخلات!$B$4+4*المدخلات!$B$5/1440+المدخلات!$B$5/1440)),"00")&IF(HOUR((المدخلات!$B$4+4*المدخلات!$B$5/1440))<12," ص"," م") -> 6:00–6:15 م | C35: 3 ضد 5 | D35: 10 ضد 12
B36: =MOD(HOUR((المدخلات!$B$4+5*المدخلات!$B$5/1440))-1,12)+1&":"&TEXT(MINUTE((المدخلات!$B$4+5*المدخلات!$B$5/1440)),"00")&"–"&MOD(HOUR((المدخلات!$B$4+5*المدخلات!$B$5/1440+المدخلات!$B$5/1440))-1,12)+1&":"&TEXT(MINUTE((المدخلات!$B$4+5*المدخلات!$B$5/1440+المدخلات!$B$5/1440)),"00")&IF(HOUR((المدخلات!$B$4+5*المدخلات!$B$5/1440))<12," ص"," م") -> 6:15–6:30 م | C36: 1 ضد 2 | D36: 7 ضد 9 | E36: 11 ضد 13
B37: =MOD(HOUR((المدخلات!$B$4+6*المدخلات!$B$5/1440))-1,12)+1&":"&TEXT(MINUTE((المدخلات!$B$4+6*المدخلات!$B$5/1440)),"00")&"–"&MOD(HOUR((المدخلات!$B$4+6*المدخلات!$B$5/1440+المدخلات!$B$5/1440))-1,12)+1&":"&TEXT(MINUTE((المدخلات!$B$4+6*المدخلات!$B$5/1440+المدخلات!$B$5/1440)),"00")&IF(HOUR((المدخلات!$B$4+6*المدخلات!$B$5/1440))<12," ص"," م") -> 6:30–6:45 م | C37: 3 ضد 4 | D37: 5 ضد 6 | E37: 8 ضد 10
B38: =MOD(HOUR((المدخلات!$B$4+7*المدخلات!$B$5/1440))-1,12)+1&":"&TEXT(MINUTE((المدخلات!$B$4+7*المدخلات!$B$5/1440)),"00")&"–"&MOD(HOUR((المدخلات!$B$4+7*المدخلات!$B$5/1440+المدخلات!$B$5/1440))-1,12)+1&":"&TEXT(MINUTE((المدخلات!$B$4+7*المدخلات!$B$5/1440+المدخلات!$B$5/1440)),"00")&IF(HOUR((المدخلات!$B$4+7*المدخلات!$B$5/1440))<12," ص"," م") -> 6:45–7:00 م | C38: 1 ضد 12 | D38: 2 ضد 13
B39: =MOD(HOUR((المدخلات!$B$4+8*المدخلات!$B$5/1440))-1,12)+1&":"&TEXT(MINUTE((المدخلات!$B$4+8*المدخلات!$B$5/1440)),"00")&"–"&MOD(HOUR((المدخلات!$B$4+8*المدخلات!$B$5/1440+المدخلات!$B$5/1440))-1,12)+1&":"&TEXT(MINUTE((المدخلات!$B$4+8*المدخلات!$B$5/1440+المدخلات!$B$5/1440)),"00")&IF(HOUR((المدخلات!$B$4+8*المدخلات!$B$5/1440))<12," ص"," م") -> 7:00–7:15 م | C39: 4 ضد 5 | D39: 6 ضد 7 | E39: 8 ضد 9 | F39: 10 ضد 11
A40: اليوم 5 | B40: =MOD(HOUR((المدخلات!$B$4+0*المدخلات!$B$5/1440))-1,12)+1&":"&TEXT(MINUTE((المدخلات!$B$4+0*المدخلات!$B$5/1440)),"00")&"–"&MOD(HOUR((المدخلات!$B$4+0*المدخلات!$B$5/1440+المدخلات!$B$5/1440))-1,12)+1&":"&TEXT(MINUTE((المدخلات!$B$4+0*المدخلات!$B$5/1440+المدخلات!$B$5/1440)),"00")&IF(HOUR((المدخلات!$B$4+0*المدخلات!$B$5/1440))<12," ص"," م") -> 5:00–5:15 م | C40: 1 ضد 10 | D40: 2 ضد 5 | E40: 3 ضد 12 | F40: 4 ضد 8 | G40: =COUNTIF(C40:F48,"* ضد *") -> 26 | H40: =G40*2/'ملخص البطولات'!$A$9 -> 4
B41: =MOD(HOUR((المدخلات!$B$4+1*المدخلات!$B$5/1440))-1,12)+1&":"&TEXT(MINUTE((المدخلات!$B$4+1*المدخلات!$B$5/1440)),"00")&"–"&MOD(HOUR((المدخلات!$B$4+1*المدخلات!$B$5/1440+المدخلات!$B$5/1440))-1,12)+1&":"&TEXT(MINUTE((المدخلات!$B$4+1*المدخلات!$B$5/1440+المدخلات!$B$5/1440)),"00")&IF(HOUR((المدخلات!$B$4+1*المدخلات!$B$5/1440))<12," ص"," م") -> 5:15–5:30 م | C41: 6 ضد 9
B42: =MOD(HOUR((المدخلات!$B$4+2*المدخلات!$B$5/1440))-1,12)+1&":"&TEXT(MINUTE((المدخلات!$B$4+2*المدخلات!$B$5/1440)),"00")&"–"&MOD(HOUR((المدخلات!$B$4+2*المدخلات!$B$5/1440+المدخلات!$B$5/1440))-1,12)+1&":"&TEXT(MINUTE((المدخلات!$B$4+2*المدخلات!$B$5/1440+المدخلات!$B$5/1440)),"00")&IF(HOUR((المدخلات!$B$4+2*المدخلات!$B$5/1440))<12," ص"," م") -> 5:30–5:45 م | C42: 1 ضد 5 | D42: 2 ضد 11 | E42: 3 ضد 7 | F42: 4 ضد 13
B43: =MOD(HOUR((المدخلات!$B$4+3*المدخلات!$B$5/1440))-1,12)+1&":"&TEXT(MINUTE((المدخلات!$B$4+3*المدخلات!$B$5/1440)),"00")&"–"&MOD(HOUR((المدخلات!$B$4+3*المدخلات!$B$5/1440+المدخلات!$B$5/1440))-1,12)+1&":"&TEXT(MINUTE((المدخلات!$B$4+3*المدخلات!$B$5/1440+المدخلات!$B$5/1440)),"00")&IF(HOUR((المدخلات!$B$4+3*المدخلات!$B$5/1440))<12," ص"," م") -> 5:45–6:00 م | C43: 6 ضد 10 | D43: 8 ضد 12
B44: =MOD(HOUR((المدخلات!$B$4+4*المدخلات!$B$5/1440))-1,12)+1&":"&TEXT(MINUTE((المدخلات!$B$4+4*المدخلات!$B$5/1440)),"00")&"–"&MOD(HOUR((المدخلات!$B$4+4*المدخلات!$B$5/1440+المدخلات!$B$5/1440))-1,12)+1&":"&TEXT(MINUTE((المدخلات!$B$4+4*المدخلات!$B$5/1440+المدخلات!$B$5/1440)),"00")&IF(HOUR((المدخلات!$B$4+4*المدخلات!$B$5/1440))<12," ص"," م") -> 6:00–6:15 م | C44: 1 ضد 11 | D44: 3 ضد 13 | E44: 4 ضد 7 | F44: 5 ضد 9
B45: =MOD(HOUR((المدخلات!$B$4+5*المدخلات!$B$5/1440))-1,12)+1&":"&TEXT(MINUTE((المدخلات!$B$4+5*المدخلات!$B$5/1440)),"00")&"–"&MOD(HOUR((المدخلات!$B$4+5*المدخلات!$B$5/1440+المدخلات!$B$5/1440))-1,12)+1&":"&TEXT(MINUTE((المدخلات!$B$4+5*المدخلات!$B$5/1440+المدخلات!$B$5/1440)),"00")&IF(HOUR((المدخلات!$B$4+5*المدخلات!$B$5/1440))<12," ص"," م") -> 6:15–6:30 م | C45: 2 ضد 6
B46: =MOD(HOUR((المدخلات!$B$4+6*المدخلات!$B$5/1440))-1,12)+1&":"&TEXT(MINUTE((المدخلات!$B$4+6*المدخلات!$B$5/1440)),"00")&"–"&MOD(HOUR((المدخلات!$B$4+6*المدخلات!$B$5/1440+المدخلات!$B$5/1440))-1,12)+1&":"&TEXT(MINUTE((المدخلات!$B$4+6*المدخلات!$B$5/1440+المدخلات!$B$5/1440)),"00")&IF(HOUR((المدخلات!$B$4+6*المدخلات!$B$5/1440))<12," ص"," م") -> 6:30–6:45 م | C46: 5 ضد 8 | D46: 7 ضد 11 | E46: 9 ضد 12 | F46: 10 ضد 13
B47: =MOD(HOUR((المدخلات!$B$4+7*المدخلات!$B$5/1440))-1,12)+1&":"&TEXT(MINUTE((المدخلات!$B$4+7*المدخلات!$B$5/1440)),"00")&"–"&MOD(HOUR((المدخلات!$B$4+7*المدخلات!$B$5/1440+المدخلات!$B$5/1440))-1,12)+1&":"&TEXT(MINUTE((المدخلات!$B$4+7*المدخلات!$B$5/1440+المدخلات!$B$5/1440)),"00")&IF(HOUR((المدخلات!$B$4+7*المدخلات!$B$5/1440))<12," ص"," م") -> 6:45–7:00 م | C47: 1 ضد 4 | D47: 3 ضد 6
B48: =MOD(HOUR((المدخلات!$B$4+8*المدخلات!$B$5/1440))-1,12)+1&":"&TEXT(MINUTE((المدخلات!$B$4+8*المدخلات!$B$5/1440)),"00")&"–"&MOD(HOUR((المدخلات!$B$4+8*المدخلات!$B$5/1440+المدخلات!$B$5/1440))-1,12)+1&":"&TEXT(MINUTE((المدخلات!$B$4+8*المدخلات!$B$5/1440+المدخلات!$B$5/1440)),"00")&IF(HOUR((المدخلات!$B$4+8*المدخلات!$B$5/1440))<12," ص"," م") -> 7:00–7:15 م | C48: 2 ضد 12 | D48: 7 ضد 10 | E48: 8 ضد 11 | F48: 9 ضد 13
A49: اليوم 6 | B49: =MOD(HOUR((المدخلات!$B$4+0*المدخلات!$B$5/1440))-1,12)+1&":"&TEXT(MINUTE((المدخلات!$B$4+0*المدخلات!$B$5/1440)),"00")&"–"&MOD(HOUR((المدخلات!$B$4+0*المدخلات!$B$5/1440+المدخلات!$B$5/1440))-1,12)+1&":"&TEXT(MINUTE((المدخلات!$B$4+0*المدخلات!$B$5/1440+المدخلات!$B$5/1440)),"00")&IF(HOUR((المدخلات!$B$4+0*المدخلات!$B$5/1440))<12," ص"," م") -> 5:00–5:15 م | C49: 2 ضد 9 | D49: 5 ضد 10 | E49: 6 ضد 11 | F49: 7 ضد 13 | G49: =COUNTIF(C49:F57,"* ضد *") -> 26 | H49: =G49*2/'ملخص البطولات'!$A$9 -> 4
B50: =MOD(HOUR((المدخلات!$B$4+1*المدخلات!$B$5/1440))-1,12)+1&":"&TEXT(MINUTE((المدخلات!$B$4+1*المدخلات!$B$5/1440)),"00")&"–"&MOD(HOUR((المدخلات!$B$4+1*المدخلات!$B$5/1440+المدخلات!$B$5/1440))-1,12)+1&":"&TEXT(MINUTE((المدخلات!$B$4+1*المدخلات!$B$5/1440+المدخلات!$B$5/1440)),"00")&IF(HOUR((المدخلات!$B$4+1*المدخلات!$B$5/1440))<12," ص"," م") -> 5:15–5:30 م | C50: 4 ضد 12
B51: =MOD(HOUR((المدخلات!$B$4+2*المدخلات!$B$5/1440))-1,12)+1&":"&TEXT(MINUTE((المدخلات!$B$4+2*المدخلات!$B$5/1440)),"00")&"–"&MOD(HOUR((المدخلات!$B$4+2*المدخلات!$B$5/1440+المدخلات!$B$5/1440))-1,12)+1&":"&TEXT(MINUTE((المدخلات!$B$4+2*المدخلات!$B$5/1440+المدخلات!$B$5/1440)),"00")&IF(HOUR((المدخلات!$B$4+2*المدخلات!$B$5/1440))<12," ص"," م") -> 5:30–5:45 م | C51: 1 ضد 9 | D51: 3 ضد 8 | E51: 5 ضد 11 | F51: 6 ضد 13
B52: =MOD(HOUR((المدخلات!$B$4+3*المدخلات!$B$5/1440))-1,12)+1&":"&TEXT(MINUTE((المدخلات!$B$4+3*المدخلات!$B$5/1440)),"00")&"–"&MOD(HOUR((المدخلات!$B$4+3*المدخلات!$B$5/1440+المدخلات!$B$5/1440))-1,12)+1&":"&TEXT(MINUTE((المدخلات!$B$4+3*المدخلات!$B$5/1440+المدخلات!$B$5/1440)),"00")&IF(HOUR((المدخلات!$B$4+3*المدخلات!$B$5/1440))<12," ص"," م") -> 5:45–6:00 م | C52: 2 ضد 7 | D52: 4 ضد 10
B53: =MOD(HOUR((المدخلات!$B$4+4*المدخلات!$B$5/1440))-1,12)+1&":"&TEXT(MINUTE((المدخلات!$B$4+4*المدخلات!$B$5/1440)),"00")&"–"&MOD(HOUR((المدخلات!$B$4+4*المدخلات!$B$5/1440+المدخلات!$B$5/1440))-1,12)+1&":"&TEXT(MINUTE((المدخلات!$B$4+4*المدخلات!$B$5/1440+المدخلات!$B$5/1440)),"00")&IF(HOUR((المدخلات!$B$4+4*المدخلات!$B$5/1440))<12," ص"," م") -> 6:00–6:15 م | C53: 1 ضد 6 | D53: 3 ضد 9 | E53: 5 ضد 12 | F53: 8 ضد 13
B54: =MOD(HOUR((المدخلات!$B$4+5*المدخلات!$B$5/1440))-1,12)+1&":"&TEXT(MINUTE((المدخلات!$B$4+5*المدخلات!$B$5/1440)),"00")&"–"&MOD(HOUR((المدخلات!$B$4+5*المدخلات!$B$5/1440+المدخلات!$B$5/1440))-1,12)+1&":"&TEXT(MINUTE((المدخلات!$B$4+5*المدخلات!$B$5/1440+المدخلات!$B$5/1440)),"00")&IF(HOUR((المدخلات!$B$4+5*المدخلات!$B$5/1440))<12," ص"," م") -> 6:15–6:30 م | C54: 4 ضد 11
B55: =MOD(HOUR((المدخلات!$B$4+6*المدخلات!$B$5/1440))-1,12)+1&":"&TEXT(MINUTE((المدخلات!$B$4+6*المدخلات!$B$5/1440)),"00")&"–"&MOD(HOUR((المدخلات!$B$4+6*المدخلات!$B$5/1440+المدخلات!$B$5/1440))-1,12)+1&":"&TEXT(MINUTE((المدخلات!$B$4+6*المدخلات!$B$5/1440+المدخلات!$B$5/1440)),"00")&IF(HOUR((المدخلات!$B$4+6*المدخلات!$B$5/1440))<12," ص"," م") -> 6:30–6:45 م | C55: 1 ضد 7 | D55: 2 ضد 8 | E55: 3 ضد 10 | F55: 6 ضد 12
B56: =MOD(HOUR((المدخلات!$B$4+7*المدخلات!$B$5/1440))-1,12)+1&":"&TEXT(MINUTE((المدخلات!$B$4+7*المدخلات!$B$5/1440)),"00")&"–"&MOD(HOUR((المدخلات!$B$4+7*المدخلات!$B$5/1440+المدخلات!$B$5/1440))-1,12)+1&":"&TEXT(MINUTE((المدخلات!$B$4+7*المدخلات!$B$5/1440+المدخلات!$B$5/1440)),"00")&IF(HOUR((المدخلات!$B$4+7*المدخلات!$B$5/1440))<12," ص"," م") -> 6:45–7:00 م | C56: 4 ضد 9 | D56: 5 ضد 13
B57: =MOD(HOUR((المدخلات!$B$4+8*المدخلات!$B$5/1440))-1,12)+1&":"&TEXT(MINUTE((المدخلات!$B$4+8*المدخلات!$B$5/1440)),"00")&"–"&MOD(HOUR((المدخلات!$B$4+8*المدخلات!$B$5/1440+المدخلات!$B$5/1440))-1,12)+1&":"&TEXT(MINUTE((المدخلات!$B$4+8*المدخلات!$B$5/1440+المدخلات!$B$5/1440)),"00")&IF(HOUR((المدخلات!$B$4+8*المدخلات!$B$5/1440))<12," ص"," م") -> 7:00–7:15 م | C57: 1 ضد 8 | D57: 2 ضد 10 | E57: 3 ضد 11 | F57: 7 ضد 12
A58: اليوم 7 | B58: =MOD(HOUR((المدخلات!$B$4+0*المدخلات!$B$5/1440))-1,12)+1&":"&TEXT(MINUTE((المدخلات!$B$4+0*المدخلات!$B$5/1440)),"00")&"–"&MOD(HOUR((المدخلات!$B$4+0*المدخلات!$B$5/1440+المدخلات!$B$5/1440))-1,12)+1&":"&TEXT(MINUTE((المدخلات!$B$4+0*المدخلات!$B$5/1440+المدخلات!$B$5/1440)),"00")&IF(HOUR((المدخلات!$B$4+0*المدخلات!$B$5/1440))<12," ص"," م") -> 5:00–5:15 م | C58: 3 ضد 4 | D58: 7 ضد 9 | E58: 10 ضد 11 | F58: 12 ضد 13 | G58: =COUNTIF(C58:F66,"* ضد *") -> 26 | H58: =G58*2/'ملخص البطولات'!$A$9 -> 4
B59: =MOD(HOUR((المدخلات!$B$4+1*المدخلات!$B$5/1440))-1,12)+1&":"&TEXT(MINUTE((المدخلات!$B$4+1*المدخلات!$B$5/1440)),"00")&"–"&MOD(HOUR((المدخلات!$B$4+1*المدخلات!$B$5/1440+المدخلات!$B$5/1440))-1,12)+1&":"&TEXT(MINUTE((المدخلات!$B$4+1*المدخلات!$B$5/1440+المدخلات!$B$5/1440)),"00")&IF(HOUR((المدخلات!$B$4+1*المدخلات!$B$5/1440))<12," ص"," م") -> 5:15–5:30 م | C59: 1 ضد 2 | D59: 6 ضد 8
B60: =MOD(HOUR((المدخلات!$B$4+2*المدخلات!$B$5/1440))-1,12)+1&":"&TEXT(MINUTE((المدخلات!$B$4+2*المدخلات!$B$5/1440)),"00")&"–"&MOD(HOUR((المدخلات!$B$4+2*المدخلات!$B$5/1440+المدخلات!$B$5/1440))-1,12)+1&":"&TEXT(MINUTE((المدخلات!$B$4+2*المدخلات!$B$5/1440+المدخلات!$B$5/1440)),"00")&IF(HOUR((المدخلات!$B$4+2*المدخلات!$B$5/1440))<12," ص"," م") -> 5:30–5:45 م | C60: 4 ضد 5 | D60: 9 ضد 10 | E60: 11 ضد 13
B61: =MOD(HOUR((المدخلات!$B$4+3*المدخلات!$B$5/1440))-1,12)+1&":"&TEXT(MINUTE((المدخلات!$B$4+3*المدخلات!$B$5/1440)),"00")&"–"&MOD(HOUR((المدخلات!$B$4+3*المدخلات!$B$5/1440+المدخلات!$B$5/1440))-1,12)+1&":"&TEXT(MINUTE((المدخلات!$B$4+3*المدخلات!$B$5/1440+المدخلات!$B$5/1440)),"00")&IF(HOUR((المدخلات!$B$4+3*المدخلات!$B$5/1440))<12," ص"," م") -> 5:45–6:00 م | C61: 1 ضد 12 | D61: 2 ضد 3 | E61: 7 ضد 8
B62: =MOD(HOUR((المدخلات!$B$4+4*المدخلات!$B$5/1440))-1,12)+1&":"&TEXT(MINUTE((المدخلات!$B$4+4*المدخلات!$B$5/1440)),"00")&"–"&MOD(HOUR((المدخلات!$B$4+4*المدخلات!$B$5/1440+المدخلات!$B$5/1440))-1,12)+1&":"&TEXT(MINUTE((المدخلات!$B$4+4*المدخلات!$B$5/1440+المدخلات!$B$5/1440)),"00")&IF(HOUR((المدخلات!$B$4+4*المدخلات!$B$5/1440))<12," ص"," م") -> 6:00–6:15 م | C62: 5 ضد 6 | D62: 9 ضد 11
B63: =MOD(HOUR((المدخلات!$B$4+5*المدخلات!$B$5/1440))-1,12)+1&":"&TEXT(MINUTE((المدخلات!$B$4+5*المدخلات!$B$5/1440)),"00")&"–"&MOD(HOUR((المدخلات!$B$4+5*المدخلات!$B$5/1440+المدخلات!$B$5/1440))-1,12)+1&":"&TEXT(MINUTE((المدخلات!$B$4+5*المدخلات!$B$5/1440+المدخلات!$B$5/1440)),"00")&IF(HOUR((المدخلات!$B$4+5*المدخلات!$B$5/1440))<12," ص"," م") -> 6:15–6:30 م | C63: 1 ضد 13 | D63: 2 ضد 4 | E63: 10 ضد 12
B64: =MOD(HOUR((المدخلات!$B$4+6*المدخلات!$B$5/1440))-1,12)+1&":"&TEXT(MINUTE((المدخلات!$B$4+6*المدخلات!$B$5/1440)),"00")&"–"&MOD(HOUR((المدخلات!$B$4+6*المدخلات!$B$5/1440+المدخلات!$B$5/1440))-1,12)+1&":"&TEXT(MINUTE((المدخلات!$B$4+6*المدخلات!$B$5/1440+المدخلات!$B$5/1440)),"00")&IF(HOUR((المدخلات!$B$4+6*المدخلات!$B$5/1440))<12," ص"," م") -> 6:30–6:45 م | C64: 3 ضد 5 | D64: 6 ضد 7 | E64: 8 ضد 9
B65: =MOD(HOUR((المدخلات!$B$4+7*المدخلات!$B$5/1440))-1,12)+1&":"&TEXT(MINUTE((المدخلات!$B$4+7*المدخلات!$B$5/1440)),"00")&"–"&MOD(HOUR((المدخلات!$B$4+7*المدخلات!$B$5/1440+المدخلات!$B$5/1440))-1,12)+1&":"&TEXT(MINUTE((المدخلات!$B$4+7*المدخلات!$B$5/1440+المدخلات!$B$5/1440)),"00")&IF(HOUR((المدخلات!$B$4+7*المدخلات!$B$5/1440))<12," ص"," م") -> 6:45–7:00 م | C65: 2 ضد 13 | D65: 11 ضد 12
B66: =MOD(HOUR((المدخلات!$B$4+8*المدخلات!$B$5/1440))-1,12)+1&":"&TEXT(MINUTE((المدخلات!$B$4+8*المدخلات!$B$5/1440)),"00")&"–"&MOD(HOUR((المدخلات!$B$4+8*المدخلات!$B$5/1440+المدخلات!$B$5/1440))-1,12)+1&":"&TEXT(MINUTE((المدخلات!$B$4+8*المدخلات!$B$5/1440+المدخلات!$B$5/1440)),"00")&IF(HOUR((المدخلات!$B$4+8*المدخلات!$B$5/1440))<12," ص"," م") -> 7:00–7:15 م | C66: 1 ضد 3 | D66: 4 ضد 6 | E66: 5 ضد 7 | F66: 8 ضد 10
A69: جدول تكرار لقاء الأزواج — كم مرة يلتقي كل فريقين خلال الموسم
A70: فريق \ فريق | B70: 1 | C70: 2 | D70: 3 | E70: 4 | F70: 5 | G70: 6 | H70: 7 | I70: 8 | J70: 9 | K70: 10 | L70: 11 | M70: 12 | N70: 13
A71: 1 | B71: =IF($A71=B$70,"",COUNTIF($C$4:$F$66,$A71&" ضد "&B$70)+COUNTIF($C$4:$F$66,B$70&" ضد "&$A71)) | C71: =IF($A71=C$70,"",COUNTIF($C$4:$F$66,$A71&" ضد "&C$70)+COUNTIF($C$4:$F$66,C$70&" ضد "&$A71)) -> 3 | D71: =IF($A71=D$70,"",COUNTIF($C$4:$F$66,$A71&" ضد "&D$70)+COUNTIF($C$4:$F$66,D$70&" ضد "&$A71)) -> 3 | E71: =IF($A71=E$70,"",COUNTIF($C$4:$F$66,$A71&" ضد "&E$70)+COUNTIF($C$4:$F$66,E$70&" ضد "&$A71)) -> 2 | F71: =IF($A71=F$70,"",COUNTIF($C$4:$F$66,$A71&" ضد "&F$70)+COUNTIF($C$4:$F$66,F$70&" ضد "&$A71)) -> 2 | G71: =IF($A71=G$70,"",COUNTIF($C$4:$F$66,$A71&" ضد "&G$70)+COUNTIF($C$4:$F$66,G$70&" ضد "&$A71)) -> 2 | H71: =IF($A71=H$70,"",COUNTIF($C$4:$F$66,$A71&" ضد "&H$70)+COUNTIF($C$4:$F$66,H$70&" ضد "&$A71)) -> 2 | I71: =IF($A71=I$70,"",COUNTIF($C$4:$F$66,$A71&" ضد "&I$70)+COUNTIF($C$4:$F$66,I$70&" ضد "&$A71)) -> 2 | ... N71: =IF($A71=N$70,"",COUNTIF($C$4:$F$66,$A71&" ضد "&N$70)+COUNTIF($C$4:$F$66,N$70&" ضد "&$A71)) -> 3
A72: 2 | B72: =IF($A72=B$70,"",COUNTIF($C$4:$F$66,$A72&" ضد "&B$70)+COUNTIF($C$4:$F$66,B$70&" ضد "&$A72)) -> 3 | C72: =IF($A72=C$70,"",COUNTIF($C$4:$F$66,$A72&" ضد "&C$70)+COUNTIF($C$4:$F$66,C$70&" ضد "&$A72)) | D72: =IF($A72=D$70,"",COUNTIF($C$4:$F$66,$A72&" ضد "&D$70)+COUNTIF($C$4:$F$66,D$70&" ضد "&$A72)) -> 3 | E72: =IF($A72=E$70,"",COUNTIF($C$4:$F$66,$A72&" ضد "&E$70)+COUNTIF($C$4:$F$66,E$70&" ضد "&$A72)) -> 3 | F72: =IF($A72=F$70,"",COUNTIF($C$4:$F$66,$A72&" ضد "&F$70)+COUNTIF($C$4:$F$66,F$70&" ضد "&$A72)) -> 2 | G72: =IF($A72=G$70,"",COUNTIF($C$4:$F$66,$A72&" ضد "&G$70)+COUNTIF($C$4:$F$66,G$70&" ضد "&$A72)) -> 2 | H72: =IF($A72=H$70,"",COUNTIF($C$4:$F$66,$A72&" ضد "&H$70)+COUNTIF($C$4:$F$66,H$70&" ضد "&$A72)) -> 2 | I72: =IF($A72=I$70,"",COUNTIF($C$4:$F$66,$A72&" ضد "&I$70)+COUNTIF($C$4:$F$66,I$70&" ضد "&$A72)) -> 2 | ... N72: =IF($A72=N$70,"",COUNTIF($C$4:$F$66,$A72&" ضد "&N$70)+COUNTIF($C$4:$F$66,N$70&" ضد "&$A72)) -> 3
A73: 3 | B73: =IF($A73=B$70,"",COUNTIF($C$4:$F$66,$A73&" ضد "&B$70)+COUNTIF($C$4:$F$66,B$70&" ضد "&$A73)) -> 3 | C73: =IF($A73=C$70,"",COUNTIF($C$4:$F$66,$A73&" ضد "&C$70)+COUNTIF($C$4:$F$66,C$70&" ضد "&$A73)) -> 3 | D73: =IF($A73=D$70,"",COUNTIF($C$4:$F$66,$A73&" ضد "&D$70)+COUNTIF($C$4:$F$66,D$70&" ضد "&$A73)) | E73: =IF($A73=E$70,"",COUNTIF($C$4:$F$66,$A73&" ضد "&E$70)+COUNTIF($C$4:$F$66,E$70&" ضد "&$A73)) -> 3 | F73: =IF($A73=F$70,"",COUNTIF($C$4:$F$66,$A73&" ضد "&F$70)+COUNTIF($C$4:$F$66,F$70&" ضد "&$A73)) -> 3 | G73: =IF($A73=G$70,"",COUNTIF($C$4:$F$66,$A73&" ضد "&G$70)+COUNTIF($C$4:$F$66,G$70&" ضد "&$A73)) -> 2 | H73: =IF($A73=H$70,"",COUNTIF($C$4:$F$66,$A73&" ضد "&H$70)+COUNTIF($C$4:$F$66,H$70&" ضد "&$A73)) -> 2 | I73: =IF($A73=I$70,"",COUNTIF($C$4:$F$66,$A73&" ضد "&I$70)+COUNTIF($C$4:$F$66,I$70&" ضد "&$A73)) -> 2 | ... N73: =IF($A73=N$70,"",COUNTIF($C$4:$F$66,$A73&" ضد "&N$70)+COUNTIF($C$4:$F$66,N$70&" ضد "&$A73)) -> 2
A74: 4 | B74: =IF($A74=B$70,"",COUNTIF($C$4:$F$66,$A74&" ضد "&B$70)+COUNTIF($C$4:$F$66,B$70&" ضد "&$A74)) -> 2 | C74: =IF($A74=C$70,"",COUNTIF($C$4:$F$66,$A74&" ضد "&C$70)+COUNTIF($C$4:$F$66,C$70&" ضد "&$A74)) -> 3 | D74: =IF($A74=D$70,"",COUNTIF($C$4:$F$66,$A74&" ضد "&D$70)+COUNTIF($C$4:$F$66,D$70&" ضد "&$A74)) -> 3 | E74: =IF($A74=E$70,"",COUNTIF($C$4:$F$66,$A74&" ضد "&E$70)+COUNTIF($C$4:$F$66,E$70&" ضد "&$A74)) | F74: =IF($A74=F$70,"",COUNTIF($C$4:$F$66,$A74&" ضد "&F$70)+COUNTIF($C$4:$F$66,F$70&" ضد "&$A74)) -> 3 | G74: =IF($A74=G$70,"",COUNTIF($C$4:$F$66,$A74&" ضد "&G$70)+COUNTIF($C$4:$F$66,G$70&" ضد "&$A74)) -> 3 | H74: =IF($A74=H$70,"",COUNTIF($C$4:$F$66,$A74&" ضد "&H$70)+COUNTIF($C$4:$F$66,H$70&" ضد "&$A74)) -> 2 | I74: =IF($A74=I$70,"",COUNTIF($C$4:$F$66,$A74&" ضد "&I$70)+COUNTIF($C$4:$F$66,I$70&" ضد "&$A74)) -> 2 | ... N74: =IF($A74=N$70,"",COUNTIF($C$4:$F$66,$A74&" ضد "&N$70)+COUNTIF($C$4:$F$66,N$70&" ضد "&$A74)) -> 2
A75: 5 | B75: =IF($A75=B$70,"",COUNTIF($C$4:$F$66,$A75&" ضد "&B$70)+COUNTIF($C$4:$F$66,B$70&" ضد "&$A75)) -> 2 | C75: =IF($A75=C$70,"",COUNTIF($C$4:$F$66,$A75&" ضد "&C$70)+COUNTIF($C$4:$F$66,C$70&" ضد "&$A75)) -> 2 | D75: =IF($A75=D$70,"",COUNTIF($C$4:$F$66,$A75&" ضد "&D$70)+COUNTIF($C$4:$F$66,D$70&" ضد "&$A75)) -> 3 | E75: =IF($A75=E$70,"",COUNTIF($C$4:$F$66,$A75&" ضد "&E$70)+COUNTIF($C$4:$F$66,E$70&" ضد "&$A75)) -> 3 | F75: =IF($A75=F$70,"",COUNTIF($C$4:$F$66,$A75&" ضد "&F$70)+COUNTIF($C$4:$F$66,F$70&" ضد "&$A75)) | G75: =IF($A75=G$70,"",COUNTIF($C$4:$F$66,$A75&" ضد "&G$70)+COUNTIF($C$4:$F$66,G$70&" ضد "&$A75)) -> 3 | H75: =IF($A75=H$70,"",COUNTIF($C$4:$F$66,$A75&" ضد "&H$70)+COUNTIF($C$4:$F$66,H$70&" ضد "&$A75)) -> 3 | I75: =IF($A75=I$70,"",COUNTIF($C$4:$F$66,$A75&" ضد "&I$70)+COUNTIF($C$4:$F$66,I$70&" ضد "&$A75)) -> 2 | ... N75: =IF($A75=N$70,"",COUNTIF($C$4:$F$66,$A75&" ضد "&N$70)+COUNTIF($C$4:$F$66,N$70&" ضد "&$A75)) -> 2
A76: 6 | B76: =IF($A76=B$70,"",COUNTIF($C$4:$F$66,$A76&" ضد "&B$70)+COUNTIF($C$4:$F$66,B$70&" ضد "&$A76)) -> 2 | C76: =IF($A76=C$70,"",COUNTIF($C$4:$F$66,$A76&" ضد "&C$70)+COUNTIF($C$4:$F$66,C$70&" ضد "&$A76)) -> 2 | D76: =IF($A76=D$70,"",COUNTIF($C$4:$F$66,$A76&" ضد "&D$70)+COUNTIF($C$4:$F$66,D$70&" ضد "&$A76)) -> 2 | E76: =IF($A76=E$70,"",COUNTIF($C$4:$F$66,$A76&" ضد "&E$70)+COUNTIF($C$4:$F$66,E$70&" ضد "&$A76)) -> 3 | F76: =IF($A76=F$70,"",COUNTIF($C$4:$F$66,$A76&" ضد "&F$70)+COUNTIF($C$4:$F$66,F$70&" ضد "&$A76)) -> 3 | G76: =IF($A76=G$70,"",COUNTIF($C$4:$F$66,$A76&" ضد "&G$70)+COUNTIF($C$4:$F$66,G$70&" ضد "&$A76)) | H76: =IF($A76=H$70,"",COUNTIF($C$4:$F$66,$A76&" ضد "&H$70)+COUNTIF($C$4:$F$66,H$70&" ضد "&$A76)) -> 3 | I76: =IF($A76=I$70,"",COUNTIF($C$4:$F$66,$A76&" ضد "&I$70)+COUNTIF($C$4:$F$66,I$70&" ضد "&$A76)) -> 3 | ... N76: =IF($A76=N$70,"",COUNTIF($C$4:$F$66,$A76&" ضد "&N$70)+COUNTIF($C$4:$F$66,N$70&" ضد "&$A76)) -> 2
