Workbook
Name الحد_الأدنى: [1]المدخلات!$N$3

Sheet 12 فريقًا
A1: جدول مباريات المجموعات التي فيها 12 فريقًا — أ: 6 فرق (1-6) | ب: 6 فرق (7-12)
A3: اليوم | B3: الوقت | C3: ملعب 1 (أ) | D3: ملعب 2 (أ) | E3: ملعب 3 (أ) | F3: ملعب 4 (ب) | G3: ملعب 5 (ب) | H3: ملعب 6 (ب) | I3: مجموع مباريات اليوم | J3: مباريات كل فريق (أ) | K3: مباريات كل فريق (ب) | M3: لاعبو الفترة (عمود مساعد) | O3: الفريق | P3: عدد مبارياته | Q3: مباريات متتالية | R3: راحة 15 دقيقة | S3: راحة 30 دقيقة | T3: راحة أطول من 30
A4: اليوم 1 | B4: =MOD(HOUR(([2]المدخلات!$B$4+0*[2]المدخلات!$B$5/1440))-1,12)+1&":"&TEXT(MINUTE(([2]المدخلات!$B$4+0*[2]المدخلات!$B$5/1440)),"00")&"–"&MOD(HOUR(([2]المدخلات!$B$4+0*[2]المدخلات!$B$5/1440+[2]المدخلات!$B$5/1440))-1,12)+1&":"&TEXT(MINUTE(([2]المدخلات!$B$4+0*[2]المدخلات!$B$5/1440+[2]المدخلات!$B$5/1440)),"00")&IF(HOUR(([2]المدخلات!$B$4+0*[2]المدخلات!$B$5/1440))<12," ص"," م") -> 4:00–4:15 م | C4: 1 ضد 6 | D4: 2 ضد 5 | E4: 3 ضد 4 | F4: 7 ضد 12 | G4: 8 ضد 11 | H4: 9 ضد 10 | I4: =COUNTIF(C4:H12,"* ضد *") -> 24 | J4: =COUNTIF(C4:E12,"* ضد *")*2/6 -> 4 | K4: =COUNTIF(F4:H12,"* ضد *")*2/6 -> 4 | M4: =_xlfn.TEXTJOIN(" ",TRUE,C4:H4) -> 1 ضد 6 2 ضد 5 3 ضد 4 7 ضد 12 8 ضد 11 9 ضد 10 | O4: 1 | P4: {=SUMPRODUCT(--ISNUMBER(SEARCH(" "&$O4&" "," "&M$4:M$57&" ")))} -> 25 | Q4: {=SUMPRODUCT(--ISNUMBER(SEARCH(" "&$O4&" "," "&M$4:M$56&" ")),--ISNUMBER(SEARCH(" "&$O4&" "," "&M$5:M$57&" ")),--(MOD(ROW(M$4:M$56)-4,$P$17)<=$P$17-2))} -> 0 | R4: {=SUMPRODUCT(--ISNUMBER(SEARCH(" "&$O4&" "," "&M$4:M$55&" ")),--ISNUMBER(SEARCH(" "&$O4&" "," "&M$6:M$57&" ")),--(MOD(ROW(M$4:M$55)-4,$P$17)<=$P$17-3))} -> 19 | S4: {=SUMPRODUCT(--ISNUMBER(SEARCH(" "&$O4&" "," "&M$4:M$54&" ")),--ISNUMBER(SEARCH(" "&$O4&" "," "&M$7:M$57&" ")),--(MOD(ROW(M$4:M$54)-4,$P$17)<=$P$17-4))} -> 0 | T4: =P4-COUNTIF($A$4:$A$57,"اليوم *")-Q4-R4-S4 -> 0
B5: =MOD(HOUR(([2]المدخلات!$B$4+1*[2]المدخلات!$B$5/1440))-1,12)+1&":"&TEXT(MINUTE(([2]المدخلات!$B$4+1*[2]المدخلات!$B$5/1440)),"00")&"–"&MOD(HOUR(([2]المدخلات!$B$4+1*[2]المدخلات!$B$5/1440+[2]المدخلات!$B$5/1440))-1,12)+1&":"&TEXT(MINUTE(([2]المدخلات!$B$4+1*[2]المدخلات!$B$5/1440+[2]المدخلات!$B$5/1440)),"00")&IF(HOUR(([2]المدخلات!$B$4+1*[2]المدخلات!$B$5/1440))<12," ص"," م") -> 4:15–4:30 م | C5: استراحة (لا توجد مباريات) | F5: استراحة (لا توجد مباريات) | M5: =_xlfn.TEXTJOIN(" ",TRUE,C5:H5) -> استراحة (لا توجد مباريات) استراحة (لا توجد مباريات) | O5: 2 | P5: {=SUMPRODUCT(--ISNUMBER(SEARCH(" "&$O5&" "," "&M$4:M$57&" ")))} -> 25 | Q5: {=SUMPRODUCT(--ISNUMBER(SEARCH(" "&$O5&" "," "&M$4:M$56&" ")),--ISNUMBER(SEARCH(" "&$O5&" "," "&M$5:M$57&" ")),--(MOD(ROW(M$4:M$56)-4,$P$17)<=$P$17-2))} -> 0 | R5: {=SUMPRODUCT(--ISNUMBER(SEARCH(" "&$O5&" "," "&M$4:M$55&" ")),--ISNUMBER(SEARCH(" "&$O5&" "," "&M$6:M$57&" ")),--(MOD(ROW(M$4:M$55)-4,$P$17)<=$P$17-3))} -> 19 | S5: {=SUMPRODUCT(--ISNUMBER(SEARCH(" "&$O5&" "," "&M$4:M$54&" ")),--ISNUMBER(SEARCH(" "&$O5&" "," "&M$7:M$57&" ")),--(MOD(ROW(M$4:M$54)-4,$P$17)<=$P$17-4))} -> 0 | T5: =P5-COUNTIF($A$4:$A$57,"اليوم *")-Q5-R5-S5 -> 0
B6: =MOD(HOUR(([2]المدخلات!$B$4+2*[2]المدخلات!$B$5/1440))-1,12)+1&":"&TEXT(MINUTE(([2]المدخلات!$B$4+2*[2]المدخلات!$B$5/1440)),"00")&"–"&MOD(HOUR(([2]المدخلات!$B$4+2*[2]المدخلات!$B$5/1440+[2]المدخلات!$B$5/1440))-1,12)+1&":"&TEXT(MINUTE(([2]المدخلات!$B$4+2*[2]المدخلات!$B$5/1440+[2]المدخلات!$B$5/1440)),"00")&IF(HOUR(([2]المدخلات!$B$4+2*[2]المدخلات!$B$5/1440))<12," ص"," م") -> 4:30–4:45 م | C6: 2 ضد 3 | D6: 6 ضد 4 | E6: 1 ضد 5 | F6: 8 ضد 9 | G6: 12 ضد 10 | H6: 7 ضد 11 | M6: =_xlfn.TEXTJOIN(" ",TRUE,C6:H6) -> 2 ضد 3 6 ضد 4 1 ضد 5 8 ضد 9 12 ضد 10 7 ضد 11 | O6: 3 | P6: {=SUMPRODUCT(--ISNUMBER(SEARCH(" "&$O6&" "," "&M$4:M$57&" ")))} -> 25 | Q6: {=SUMPRODUCT(--ISNUMBER(SEARCH(" "&$O6&" "," "&M$4:M$56&" ")),--ISNUMBER(SEARCH(" "&$O6&" "," "&M$5:M$57&" ")),--(MOD(ROW(M$4:M$56)-4,$P$17)<=$P$17-2))} -> 0 | R6: {=SUMPRODUCT(--ISNUMBER(SEARCH(" "&$O6&" "," "&M$4:M$55&" ")),--ISNUMBER(SEARCH(" "&$O6&" "," "&M$6:M$57&" ")),--(MOD(ROW(M$4:M$55)-4,$P$17)<=$P$17-3))} -> 19 | S6: {=SUMPRODUCT(--ISNUMBER(SEARCH(" "&$O6&" "," "&M$4:M$54&" ")),--ISNUMBER(SEARCH(" "&$O6&" "," "&M$7:M$57&" ")),--(MOD(ROW(M$4:M$54)-4,$P$17)<=$P$17-4))} -> 0 | T6: =P6-COUNTIF($A$4:$A$57,"اليوم *")-Q6-R6-S6 -> 0
B7: =MOD(HOUR(([2]المدخلات!$B$4+3*[2]المدخلات!$B$5/1440))-1,12)+1&":"&TEXT(MINUTE(([2]المدخلات!$B$4+3*[2]المدخلات!$B$5/1440)),"00")&"–"&MOD(HOUR(([2]المدخلات!$B$4+3*[2]المدخلات!$B$5/1440+[2]المدخلات!$B$5/1440))-1,12)+1&":"&TEXT(MINUTE(([2]المدخلات!$B$4+3*[2]المدخلات!$B$5/1440+[2]المدخلات!$B$5/1440)),"00")&IF(HOUR(([2]المدخلات!$B$4+3*[2]المدخلات!$B$5/1440))<12," ص"," م") -> 4:45–5:00 م | C7: استراحة (لا توجد مباريات) | F7: استراحة (لا توجد مباريات) | M7: =_xlfn.TEXTJOIN(" ",TRUE,C7:H7) -> استراحة (لا توجد مباريات) استراحة (لا توجد مباريات) | O7: 4 | P7: {=SUMPRODUCT(--ISNUMBER(SEARCH(" "&$O7&" "," "&M$4:M$57&" ")))} -> 25 | Q7: {=SUMPRODUCT(--ISNUMBER(SEARCH(" "&$O7&" "," "&M$4:M$56&" ")),--ISNUMBER(SEARCH(" "&$O7&" "," "&M$5:M$57&" ")),--(MOD(ROW(M$4:M$56)-4,$P$17)<=$P$17-2))} -> 0 | R7: {=SUMPRODUCT(--ISNUMBER(SEARCH(" "&$O7&" "," "&M$4:M$55&" ")),--ISNUMBER(SEARCH(" "&$O7&" "," "&M$6:M$57&" ")),--(MOD(ROW(M$4:M$55)-4,$P$17)<=$P$17-3))} -> 19 | S7: {=SUMPRODUCT(--ISNUMBER(SEARCH(" "&$O7&" "," "&M$4:M$54&" ")),--ISNUMBER(SEARCH(" "&$O7&" "," "&M$7:M$57&" ")),--(MOD(ROW(M$4:M$54)-4,$P$17)<=$P$17-4))} -> 0 | T7: =P7-COUNTIF($A$4:$A$57,"اليوم *")-Q7-R7-S7 -> 0
B8: =MOD(HOUR(([2]المدخلات!$B$4+4*[2]المدخلات!$B$5/1440))-1,12)+1&":"&TEXT(MINUTE(([2]المدخلات!$B$4+4*[2]المدخلات!$B$5/1440)),"00")&"–"&MOD(HOUR(([2]المدخلات!$B$4+4*[2]المدخلات!$B$5/1440+[2]المدخلات!$B$5/1440))-1,12)+1&":"&TEXT(MINUTE(([2]المدخلات!$B$4+4*[2]المدخلات!$B$5/1440+[2]المدخلات!$B$5/1440)),"00")&IF(HOUR(([2]المدخلات!$B$4+4*[2]المدخلات!$B$5/1440))<12," ص"," م") -> 5:00–5:15 م | C8: 5 ضد 3 | D8: 1 ضد 4 | E8: 6 ضد 2 | F8: 11 ضد 9 | G8: 7 ضد 10 | H8: 12 ضد 8 | M8: =_xlfn.TEXTJOIN(" ",TRUE,C8:H8) -> 5 ضد 3 1 ضد 4 6 ضد 2 11 ضد 9 7 ضد 10 12 ضد 8 | O8: 5 | P8: {=SUMPRODUCT(--ISNUMBER(SEARCH(" "&$O8&" "," "&M$4:M$57&" ")))} -> 25 | Q8: {=SUMPRODUCT(--ISNUMBER(SEARCH(" "&$O8&" "," "&M$4:M$56&" ")),--ISNUMBER(SEARCH(" "&$O8&" "," "&M$5:M$57&" ")),--(MOD(ROW(M$4:M$56)-4,$P$17)<=$P$17-2))} -> 0 | R8: {=SUMPRODUCT(--ISNUMBER(SEARCH(" "&$O8&" "," "&M$4:M$55&" ")),--ISNUMBER(SEARCH(" "&$O8&" "," "&M$6:M$57&" ")),--(MOD(ROW(M$4:M$55)-4,$P$17)<=$P$17-3))} -> 19 | S8: {=SUMPRODUCT(--ISNUMBER(SEARCH(" "&$O8&" "," "&M$4:M$54&" ")),--ISNUMBER(SEARCH(" "&$O8&" "," "&M$7:M$57&" ")),--(MOD(ROW(M$4:M$54)-4,$P$17)<=$P$17-4))} -> 0 | T8: =P8-COUNTIF($A$4:$A$57,"اليوم *")-Q8-R8-S8 -> 0
B9: =MOD(HOUR(([2]المدخلات!$B$4+5*[2]المدخلات!$B$5/1440))-1,12)+1&":"&TEXT(MINUTE(([2]المدخلات!$B$4+5*[2]المدخلات!$B$5/1440)),"00")&"–"&MOD(HOUR(([2]المدخلات!$B$4+5*[2]المدخلات!$B$5/1440+[2]المدخلات!$B$5/1440))-1,12)+1&":"&TEXT(MINUTE(([2]المدخلات!$B$4+5*[2]المدخلات!$B$5/1440+[2]المدخلات!$B$5/1440)),"00")&IF(HOUR(([2]المدخلات!$B$4+5*[2]المدخلات!$B$5/1440))<12," ص"," م") -> 5:15–5:30 م | C9: استراحة (لا توجد مباريات) | F9: استراحة (لا توجد مباريات) | M9: =_xlfn.TEXTJOIN(" ",TRUE,C9:H9) -> استراحة (لا توجد مباريات) استراحة (لا توجد مباريات) | O9: 6 | P9: {=SUMPRODUCT(--ISNUMBER(SEARCH(" "&$O9&" "," "&M$4:M$57&" ")))} -> 25 | Q9: {=SUMPRODUCT(--ISNUMBER(SEARCH(" "&$O9&" "," "&M$4:M$56&" ")),--ISNUMBER(SEARCH(" "&$O9&" "," "&M$5:M$57&" ")),--(MOD(ROW(M$4:M$56)-4,$P$17)<=$P$17-2))} -> 0 | R9: {=SUMPRODUCT(--ISNUMBER(SEARCH(" "&$O9&" "," "&M$4:M$55&" ")),--ISNUMBER(SEARCH(" "&$O9&" "," "&M$6:M$57&" ")),--(MOD(ROW(M$4:M$55)-4,$P$17)<=$P$17-3))} -> 19 | S9: {=SUMPRODUCT(--ISNUMBER(SEARCH(" "&$O9&" "," "&M$4:M$54&" ")),--ISNUMBER(SEARCH(" "&$O9&" "," "&M$7:M$57&" ")),--(MOD(ROW(M$4:M$54)-4,$P$17)<=$P$17-4))} -> 0 | T9: =P9-COUNTIF($A$4:$A$57,"اليوم *")-Q9-R9-S9 -> 0
B10: =MOD(HOUR(([2]المدخلات!$B$4+6*[2]المدخلات!$B$5/1440))-1,12)+1&":"&TEXT(MINUTE(([2]المدخلات!$B$4+6*[2]المدخلات!$B$5/1440)),"00")&"–"&MOD(HOUR(([2]المدخلات!$B$4+6*[2]المدخلات!$B$5/1440+[2]المدخلات!$B$5/1440))-1,12)+1&":"&TEXT(MINUTE(([2]المدخلات!$B$4+6*[2]المدخلات!$B$5/1440+[2]المدخلات!$B$5/1440)),"00")&IF(HOUR(([2]المدخلات!$B$4+6*[2]المدخلات!$B$5/1440))<12," ص"," م") -> 5:30–5:45 م | C10: 4 ضد 2 | D10: 1 ضد 3 | E10: 5 ضد 6 | F10: 10 ضد 8 | G10: 7 ضد 9 | H10: 11 ضد 12 | M10: =_xlfn.TEXTJOIN(" ",TRUE,C10:H10) -> 4 ضد 2 1 ضد 3 5 ضد 6 10 ضد 8 7 ضد 9 11 ضد 12 | O10: 7 | P10: {=SUMPRODUCT(--ISNUMBER(SEARCH(" "&$O10&" "," "&M$4:M$57&" ")))} -> 25 | Q10: {=SUMPRODUCT(--ISNUMBER(SEARCH(" "&$O10&" "," "&M$4:M$56&" ")),--ISNUMBER(SEARCH(" "&$O10&" "," "&M$5:M$57&" ")),--(MOD(ROW(M$4:M$56)-4,$P$17)<=$P$17-2))} -> 0 | R10: {=SUMPRODUCT(--ISNUMBER(SEARCH(" "&$O10&" "," "&M$4:M$55&" ")),--ISNUMBER(SEARCH(" "&$O10&" "," "&M$6:M$57&" ")),--(MOD(ROW(M$4:M$55)-4,$P$17)<=$P$17-3))} -> 19 | S10: {=SUMPRODUCT(--ISNUMBER(SEARCH(" "&$O10&" "," "&M$4:M$54&" ")),--ISNUMBER(SEARCH(" "&$O10&" "," "&M$7:M$57&" ")),--(MOD(ROW(M$4:M$54)-4,$P$17)<=$P$17-4))} -> 0 | T10: =P10-COUNTIF($A$4:$A$57,"اليوم *")-Q10-R10-S10 -> 0
B11: =MOD(HOUR(([2]المدخلات!$B$4+7*[2]المدخلات!$B$5/1440))-1,12)+1&":"&TEXT(MINUTE(([2]المدخلات!$B$4+7*[2]المدخلات!$B$5/1440)),"00")&"–"&MOD(HOUR(([2]المدخلات!$B$4+7*[2]المدخلات!$B$5/1440+[2]المدخلات!$B$5/1440))-1,12)+1&":"&TEXT(MINUTE(([2]المدخلات!$B$4+7*[2]المدخلات!$B$5/1440+[2]المدخلات!$B$5/1440)),"00")&IF(HOUR(([2]المدخلات!$B$4+7*[2]المدخلات!$B$5/1440))<12," ص"," م") -> 5:45–6:00 م | M11: =_xlfn.TEXTJOIN(" ",TRUE,C11:H11) | O11: 8 | P11: {=SUMPRODUCT(--ISNUMBER(SEARCH(" "&$O11&" "," "&M$4:M$57&" ")))} -> 25 | Q11: {=SUMPRODUCT(--ISNUMBER(SEARCH(" "&$O11&" "," "&M$4:M$56&" ")),--ISNUMBER(SEARCH(" "&$O11&" "," "&M$5:M$57&" ")),--(MOD(ROW(M$4:M$56)-4,$P$17)<=$P$17-2))} -> 0 | R11: {=SUMPRODUCT(--ISNUMBER(SEARCH(" "&$O11&" "," "&M$4:M$55&" ")),--ISNUMBER(SEARCH(" "&$O11&" "," "&M$6:M$57&" ")),--(MOD(ROW(M$4:M$55)-4,$P$17)<=$P$17-3))} -> 19 | S11: {=SUMPRODUCT(--ISNUMBER(SEARCH(" "&$O11&" "," "&M$4:M$54&" ")),--ISNUMBER(SEARCH(" "&$O11&" "," "&M$7:M$57&" ")),--(MOD(ROW(M$4:M$54)-4,$P$17)<=$P$17-4))} -> 0 | T11: =P11-COUNTIF($A$4:$A$57,"اليوم *")-Q11-R11-S11 -> 0
B12: =MOD(HOUR(([2]المدخلات!$B$4+8*[2]المدخلات!$B$5/1440))-1,12)+1&":"&TEXT(MINUTE(([2]المدخلات!$B$4+8*[2]المدخلات!$B$5/1440)),"00")&"–"&MOD(HOUR(([2]المدخلات!$B$4+8*[2]المدخلات!$B$5/1440+[2]المدخلات!$B$5/1440))-1,12)+1&":"&TEXT(MINUTE(([2]المدخلات!$B$4+8*[2]المدخلات!$B$5/1440+[2]المدخلات!$B$5/1440)),"00")&IF(HOUR(([2]المدخلات!$B$4+8*[2]المدخلات!$B$5/1440))<12," ص"," م") -> 6:00–6:15 م | M12: =_xlfn.TEXTJOIN(" ",TRUE,C12:H12) | O12: 9 | P12: {=SUMPRODUCT(--ISNUMBER(SEARCH(" "&$O12&" "," "&M$4:M$57&" ")))} -> 25 | Q12: {=SUMPRODUCT(--ISNUMBER(SEARCH(" "&$O12&" "," "&M$4:M$56&" ")),--ISNUMBER(SEARCH(" "&$O12&" "," "&M$5:M$57&" ")),--(MOD(ROW(M$4:M$56)-4,$P$17)<=$P$17-2))} -> 0 | R12: {=SUMPRODUCT(--ISNUMBER(SEARCH(" "&$O12&" "," "&M$4:M$55&" ")),--ISNUMBER(SEARCH(" "&$O12&" "," "&M$6:M$57&" ")),--(MOD(ROW(M$4:M$55)-4,$P$17)<=$P$17-3))} -> 19 | S12: {=SUMPRODUCT(--ISNUMBER(SEARCH(" "&$O12&" "," "&M$4:M$54&" ")),--ISNUMBER(SEARCH(" "&$O12&" "," "&M$7:M$57&" ")),--(MOD(ROW(M$4:M$54)-4,$P$17)<=$P$17-4))} -> 0 | T12: =P12-COUNTIF($A$4:$A$57,"اليوم *")-Q12-R12-S12 -> 0
A13: اليوم 2 | B13: =MOD(HOUR(([2]المدخلات!$B$4+0*[2]المدخلات!$B$5/1440))-1,12)+1&":"&TEXT(MINUTE(([2]المدخلات!$B$4+0*[2]المدخلات!$B$5/1440)),"00")&"–"&MOD(HOUR(([2]المدخلات!$B$4+0*[2]المدخلات!$B$5/1440+[2]المدخلات!$B$5/1440))-1,12)+1&":"&TEXT(MINUTE(([2]المدخلات!$B$4+0*[2]المدخلات!$B$5/1440+[2]المدخلات!$B$5/1440)),"00")&IF(HOUR(([2]المدخلات!$B$4+0*[2]المدخلات!$B$5/1440))<12," ص"," م") -> 4:00–4:15 م | C13: 4 ضد 5 | D13: 3 ضد 6 | E13: 1 ضد 2 | F13: 10 ضد 11 | G13: 9 ضد 12 | H13: 7 ضد 8 | I13: =COUNTIF(C13:H21,"* ضد *") -> 24 | J13: =COUNTIF(C13:E21,"* ضد *")*2/6 -> 4 | K13: =COUNTIF(F13:H21,"* ضد *")*2/6 -> 4 | M13: =_xlfn.TEXTJOIN(" ",TRUE,C13:H13) -> 4 ضد 5 3 ضد 6 1 ضد 2 10 ضد 11 9 ضد 12 7 ضد 8 | O13: 10 | P13: {=SUMPRODUCT(--ISNUMBER(SEARCH(" "&$O13&" "," "&M$4:M$57&" ")))} -> 25 | Q13: {=SUMPRODUCT(--ISNUMBER(SEARCH(" "&$O13&" "," "&M$4:M$56&" ")),--ISNUMBER(SEARCH(" "&$O13&" "," "&M$5:M$57&" ")),--(MOD(ROW(M$4:M$56)-4,$P$17)<=$P$17-2))} -> 0 | R13: {=SUMPRODUCT(--ISNUMBER(SEARCH(" "&$O13&" "," "&M$4:M$55&" ")),--ISNUMBER(SEARCH(" "&$O13&" "," "&M$6:M$57&" ")),--(MOD(ROW(M$4:M$55)-4,$P$17)<=$P$17-3))} -> 19 | S13: {=SUMPRODUCT(--ISNUMBER(SEARCH(" "&$O13&" "," "&M$4:M$54&" ")),--ISNUMBER(SEARCH(" "&$O13&" "," "&M$7:M$57&" ")),--(MOD(ROW(M$4:M$54)-4,$P$17)<=$P$17-4))} -> 0 | T13: =P13-COUNTIF($A$4:$A$57,"اليوم *")-Q13-R13-S13 -> 0
B14: =MOD(HOUR(([2]المدخلات!$B$4+1*[2]المدخلات!$B$5/1440))-1,12)+1&":"&TEXT(MINUTE(([2]المدخلات!$B$4+1*[2]المدخلات!$B$5/1440)),"00")&"–"&MOD(HOUR(([2]المدخلات!$B$4+1*[2]المدخلات!$B$5/1440+[2]المدخلات!$B$5/1440))-1,12)+1&":"&TEXT(MINUTE(([2]المدخلات!$B$4+1*[2]المدخلات!$B$5/1440+[2]المدخلات!$B$5/1440)),"00")&IF(HOUR(([2]المدخلات!$B$4+1*[2]المدخلات!$B$5/1440))<12," ص"," م") -> 4:15–4:30 م | C14: استراحة (لا توجد مباريات) | F14: استراحة (لا توجد مباريات) | M14: =_xlfn.TEXTJOIN(" ",TRUE,C14:H14) -> استراحة (لا توجد مباريات) استراحة (لا توجد مباريات) | O14: 11 | P14: {=SUMPRODUCT(--ISNUMBER(SEARCH(" "&$O14&" "," "&M$4:M$57&" ")))} -> 25 | Q14: {=SUMPRODUCT(--ISNUMBER(SEARCH(" "&$O14&" "," "&M$4:M$56&" ")),--ISNUMBER(SEARCH(" "&$O14&" "," "&M$5:M$57&" ")),--(MOD(ROW(M$4:M$56)-4,$P$17)<=$P$17-2))} -> 0 | R14: {=SUMPRODUCT(--ISNUMBER(SEARCH(" "&$O14&" "," "&M$4:M$55&" ")),--ISNUMBER(SEARCH(" "&$O14&" "," "&M$6:M$57&" ")),--(MOD(ROW(M$4:M$55)-4,$P$17)<=$P$17-3))} -> 19 | S14: {=SUMPRODUCT(--ISNUMBER(SEARCH(" "&$O14&" "," "&M$4:M$54&" ")),--ISNUMBER(SEARCH(" "&$O14&" "," "&M$7:M$57&" ")),--(MOD(ROW(M$4:M$54)-4,$P$17)<=$P$17-4))} -> 0 | T14: =P14-COUNTIF($A$4:$A$57,"اليوم *")-Q14-R14-S14 -> 0
B15: =MOD(HOUR(([2]المدخلات!$B$4+2*[2]المدخلات!$B$5/1440))-1,12)+1&":"&TEXT(MINUTE(([2]المدخلات!$B$4+2*[2]المدخلات!$B$5/1440)),"00")&"–"&MOD(HOUR(([2]المدخلات!$B$4+2*[2]المدخلات!$B$5/1440+[2]المدخلات!$B$5/1440))-1,12)+1&":"&TEXT(MINUTE(([2]المدخلات!$B$4+2*[2]المدخلات!$B$5/1440+[2]المدخلات!$B$5/1440)),"00")&IF(HOUR(([2]المدخلات!$B$4+2*[2]المدخلات!$B$5/1440))<12," ص"," م") -> 4:30–4:45 م | C15: 1 ضد 6 | D15: 2 ضد 5 | E15: 3 ضد 4 | F15: 7 ضد 12 | G15: 8 ضد 11 | H15: 9 ضد 10 | M15: =_xlfn.TEXTJOIN(" ",TRUE,C15:H15) -> 1 ضد 6 2 ضد 5 3 ضد 4 7 ضد 12 8 ضد 11 9 ضد 10 | O15: 12 | P15: {=SUMPRODUCT(--ISNUMBER(SEARCH(" "&$O15&" "," "&M$4:M$57&" ")))} -> 25 | Q15: {=SUMPRODUCT(--ISNUMBER(SEARCH(" "&$O15&" "," "&M$4:M$56&" ")),--ISNUMBER(SEARCH(" "&$O15&" "," "&M$5:M$57&" ")),--(MOD(ROW(M$4:M$56)-4,$P$17)<=$P$17-2))} -> 0 | R15: {=SUMPRODUCT(--ISNUMBER(SEARCH(" "&$O15&" "," "&M$4:M$55&" ")),--ISNUMBER(SEARCH(" "&$O15&" "," "&M$6:M$57&" ")),--(MOD(ROW(M$4:M$55)-4,$P$17)<=$P$17-3))} -> 19 | S15: {=SUMPRODUCT(--ISNUMBER(SEARCH(" "&$O15&" "," "&M$4:M$54&" ")),--ISNUMBER(SEARCH(" "&$O15&" "," "&M$7:M$57&" ")),--(MOD(ROW(M$4:M$54)-4,$P$17)<=$P$17-4))} -> 0 | T15: =P15-COUNTIF($A$4:$A$57,"اليوم *")-Q15-R15-S15 -> 0
B16: =MOD(HOUR(([2]المدخلات!$B$4+3*[2]المدخلات!$B$5/1440))-1,12)+1&":"&TEXT(MINUTE(([2]المدخلات!$B$4+3*[2]المدخلات!$B$5/1440)),"00")&"–"&MOD(HOUR(([2]المدخلات!$B$4+3*[2]المدخلات!$B$5/1440+[2]المدخلات!$B$5/1440))-1,12)+1&":"&TEXT(MINUTE(([2]المدخلات!$B$4+3*[2]المدخلات!$B$5/1440+[2]المدخلات!$B$5/1440)),"00")&IF(HOUR(([2]المدخلات!$B$4+3*[2]المدخلات!$B$5/1440))<12," ص"," م") -> 4:45–5:00 م | C16: استراحة (لا توجد مباريات) | F16: استراحة (لا توجد مباريات) | M16: =_xlfn.TEXTJOIN(" ",TRUE,C16:H16) -> استراحة (لا توجد مباريات) استراحة (لا توجد مباريات) | O16: المجموع | P16: =SUM(P4:P15) -> 300 | Q16: =SUM(Q4:Q15) -> 0 | R16: =SUM(R4:R15) -> 228 | S16: =SUM(S4:S15) -> 0 | T16: =SUM(T4:T15) -> 0
B17: =MOD(HOUR(([2]المدخلات!$B$4+4*[2]المدخلات!$B$5/1440))-1,12)+1&":"&TEXT(MINUTE(([2]المدخلات!$B$4+4*[2]المدخلات!$B$5/1440)),"00")&"–"&MOD(HOUR(([2]المدخلات!$B$4+4*[2]المدخلات!$B$5/1440+[2]المدخلات!$B$5/1440))-1,12)+1&":"&TEXT(MINUTE(([2]المدخلات!$B$4+4*[2]المدخلات!$B$5/1440+[2]المدخلات!$B$5/1440)),"00")&IF(HOUR(([2]المدخلات!$B$4+4*[2]المدخلات!$B$5/1440))<12," ص"," م") -> 5:00–5:15 م | C17: 1 ضد 5 | D17: 6 ضد 4 | E17: 2 ضد 3 | F17: 7 ضد 11 | G17: 12 ضد 10 | H17: 8 ضد 9 | M17: =_xlfn.TEXTJOIN(" ",TRUE,C17:H17) -> 1 ضد 5 6 ضد 4 2 ضد 3 7 ضد 11 12 ضد 10 8 ضد 9 | O17: فترات اليوم | P17: 9
B18: =MOD(HOUR(([2]المدخلات!$B$4+5*[2]المدخلات!$B$5/1440))-1,12)+1&":"&TEXT(MINUTE(([2]المدخلات!$B$4+5*[2]المدخلات!$B$5/1440)),"00")&"–"&MOD(HOUR(([2]المدخلات!$B$4+5*[2]المدخلات!$B$5/1440+[2]المدخلات!$B$5/1440))-1,12)+1&":"&TEXT(MINUTE(([2]المدخلات!$B$4+5*[2]المدخلات!$B$5/1440+[2]المدخلات!$B$5/1440)),"00")&IF(HOUR(([2]المدخلات!$B$4+5*[2]المدخلات!$B$5/1440))<12," ص"," م") -> 5:15–5:30 م | C18: استراحة (لا توجد مباريات) | F18: استراحة (لا توجد مباريات) | M18: =_xlfn.TEXTJOIN(" ",TRUE,C18:H18) -> استراحة (لا توجد مباريات) استراحة (لا توجد مباريات)
B19: =MOD(HOUR(([2]المدخلات!$B$4+6*[2]المدخلات!$B$5/1440))-1,12)+1&":"&TEXT(MINUTE(([2]المدخلات!$B$4+6*[2]المدخلات!$B$5/1440)),"00")&"–"&MOD(HOUR(([2]المدخلات!$B$4+6*[2]المدخلات!$B$5/1440+[2]المدخلات!$B$5/1440))-1,12)+1&":"&TEXT(MINUTE(([2]المدخلات!$B$4+6*[2]المدخلات!$B$5/1440+[2]المدخلات!$B$5/1440)),"00")&IF(HOUR(([2]المدخلات!$B$4+6*[2]المدخلات!$B$5/1440))<12," ص"," م") -> 5:30–5:45 م | C19: 6 ضد 2 | D19: 5 ضد 3 | E19: 1 ضد 4 | F19: 12 ضد 8 | G19: 11 ضد 9 | H19: 7 ضد 10 | M19: =_xlfn.TEXTJOIN(" ",TRUE,C19:H19) -> 6 ضد 2 5 ضد 3 1 ضد 4 12 ضد 8 11 ضد 9 7 ضد 10
B20: =MOD(HOUR(([2]المدخلات!$B$4+7*[2]المدخلات!$B$5/1440))-1,12)+1&":"&TEXT(MINUTE(([2]المدخلات!$B$4+7*[2]المدخلات!$B$5/1440)),"00")&"–"&MOD(HOUR(([2]المدخلات!$B$4+7*[2]المدخلات!$B$5/1440+[2]المدخلات!$B$5/1440))-1,12)+1&":"&TEXT(MINUTE(([2]المدخلات!$B$4+7*[2]المدخلات!$B$5/1440+[2]المدخلات!$B$5/1440)),"00")&IF(HOUR(([2]المدخلات!$B$4+7*[2]المدخلات!$B$5/1440))<12," ص"," م") -> 5:45–6:00 م | M20: =_xlfn.TEXTJOIN(" ",TRUE,C20:H20)
B21: =MOD(HOUR(([2]المدخلات!$B$4+8*[2]المدخلات!$B$5/1440))-1,12)+1&":"&TEXT(MINUTE(([2]المدخلات!$B$4+8*[2]المدخلات!$B$5/1440)),"00")&"–"&MOD(HOUR(([2]المدخلات!$B$4+8*[2]المدخلات!$B$5/1440+[2]المدخلات!$B$5/1440))-1,12)+1&":"&TEXT(MINUTE(([2]المدخلات!$B$4+8*[2]المدخلات!$B$5/1440+[2]المدخلات!$B$5/1440)),"00")&IF(HOUR(([2]المدخلات!$B$4+8*[2]المدخلات!$B$5/1440))<12," ص"," م") -> 6:00–6:15 م | M21: =_xlfn.TEXTJOIN(" ",TRUE,C21:H21)
A22: اليوم 3 | B22: =MOD(HOUR(([2]المدخلات!$B$4+0*[2]المدخلات!$B$5/1440))-1,12)+1&":"&TEXT(MINUTE(([2]المدخلات!$B$4+0*[2]المدخلات!$B$5/1440)),"00")&"–"&MOD(HOUR(([2]المدخلات!$B$4+0*[2]المدخلات!$B$5/1440+[2]المدخلات!$B$5/1440))-1,12)+1&":"&TEXT(MINUTE(([2]المدخلات!$B$4+0*[2]المدخلات!$B$5/1440+[2]المدخلات!$B$5/1440)),"00")&IF(HOUR(([2]المدخلات!$B$4+0*[2]المدخلات!$B$5/1440))<12," ص"," م") -> 4:00–4:15 م | C22: 4 ضد 2 | D22: 1 ضد 3 | E22: 5 ضد 6 | F22: 10 ضد 8 | G22: 7 ضد 9 | H22: 11 ضد 12 | I22: =COUNTIF(C22:H30,"* ضد *") -> 24 | J22: =COUNTIF(C22:E30,"* ضد *")*2/6 -> 4 | K22: =COUNTIF(F22:H30,"* ضد *")*2/6 -> 4 | M22: =_xlfn.TEXTJOIN(" ",TRUE,C22:H22) -> 4 ضد 2 1 ضد 3 5 ضد 6 10 ضد 8 7 ضد 9 11 ضد 12
B23: =MOD(HOUR(([2]المدخلات!$B$4+1*[2]المدخلات!$B$5/1440))-1,12)+1&":"&TEXT(MINUTE(([2]المدخلات!$B$4+1*[2]المدخلات!$B$5/1440)),"00")&"–"&MOD(HOUR(([2]المدخلات!$B$4+1*[2]المدخلات!$B$5/1440+[2]المدخلات!$B$5/1440))-1,12)+1&":"&TEXT(MINUTE(([2]المدخلات!$B$4+1*[2]المدخلات!$B$5/1440+[2]المدخلات!$B$5/1440)),"00")&IF(HOUR(([2]المدخلات!$B$4+1*[2]المدخلات!$B$5/1440))<12," ص"," م") -> 4:15–4:30 م | C23: استراحة (لا توجد مباريات) | F23: استراحة (لا توجد مباريات) | M23: =_xlfn.TEXTJOIN(" ",TRUE,C23:H23) -> استراحة (لا توجد مباريات) استراحة (لا توجد مباريات)
B24: =MOD(HOUR(([2]المدخلات!$B$4+2*[2]المدخلات!$B$5/1440))-1,12)+1&":"&TEXT(MINUTE(([2]المدخلات!$B$4+2*[2]المدخلات!$B$5/1440)),"00")&"–"&MOD(HOUR(([2]المدخلات!$B$4+2*[2]المدخلات!$B$5/1440+[2]المدخلات!$B$5/1440))-1,12)+1&":"&TEXT(MINUTE(([2]المدخلات!$B$4+2*[2]المدخلات!$B$5/1440+[2]المدخلات!$B$5/1440)),"00")&IF(HOUR(([2]المدخلات!$B$4+2*[2]المدخلات!$B$5/1440))<12," ص"," م") -> 4:30–4:45 م | C24: 3 ضد 6 | D24: 1 ضد 2 | E24: 4 ضد 5 | F24: 9 ضد 12 | G24: 7 ضد 8 | H24: 10 ضد 11 | M24: =_xlfn.TEXTJOIN(" ",TRUE,C24:H24) -> 3 ضد 6 1 ضد 2 4 ضد 5 9 ضد 12 7 ضد 8 10 ضد 11
B25: =MOD(HOUR(([2]المدخلات!$B$4+3*[2]المدخلات!$B$5/1440))-1,12)+1&":"&TEXT(MINUTE(([2]المدخلات!$B$4+3*[2]المدخلات!$B$5/1440)),"00")&"–"&MOD(HOUR(([2]المدخلات!$B$4+3*[2]المدخلات!$B$5/1440+[2]المدخلات!$B$5/1440))-1,12)+1&":"&TEXT(MINUTE(([2]المدخلات!$B$4+3*[2]المدخلات!$B$5/1440+[2]المدخلات!$B$5/1440)),"00")&IF(HOUR(([2]المدخلات!$B$4+3*[2]المدخلات!$B$5/1440))<12," ص"," م") -> 4:45–5:00 م | C25: استراحة (لا توجد مباريات) | F25: استراحة (لا توجد مباريات) | M25: =_xlfn.TEXTJOIN(" ",TRUE,C25:H25) -> استراحة (لا توجد مباريات) استراحة (لا توجد مباريات)
B26: =MOD(HOUR(([2]المدخلات!$B$4+4*[2]المدخلات!$B$5/1440))-1,12)+1&":"&TEXT(MINUTE(([2]المدخلات!$B$4+4*[2]المدخلات!$B$5/1440)),"00")&"–"&MOD(HOUR(([2]المدخلات!$B$4+4*[2]المدخلات!$B$5/1440+[2]المدخلات!$B$5/1440))-1,12)+1&":"&TEXT(MINUTE(([2]المدخلات!$B$4+4*[2]المدخلات!$B$5/1440+[2]المدخلات!$B$5/1440)),"00")&IF(HOUR(([2]المدخلات!$B$4+4*[2]المدخلات!$B$5/1440))<12," ص"," م") -> 5:00–5:15 م | C26: 3 ضد 4 | D26: 2 ضد 5 | E26: 1 ضد 6 | F26: 9 ضد 10 | G26: 8 ضد 11 | H26: 7 ضد 12 | M26: =_xlfn.TEXTJOIN(" ",TRUE,C26:H26) -> 3 ضد 4 2 ضد 5 1 ضد 6 9 ضد 10 8 ضد 11 7 ضد 12
B27: =MOD(HOUR(([2]المدخلات!$B$4+5*[2]المدخلات!$B$5/1440))-1,12)+1&":"&TEXT(MINUTE(([2]المدخلات!$B$4+5*[2]المدخلات!$B$5/1440)),"00")&"–"&MOD(HOUR(([2]المدخلات!$B$4+5*[2]المدخلات!$B$5/1440+[2]المدخلات!$B$5/1440))-1,12)+1&":"&TEXT(MINUTE(([2]المدخلات!$B$4+5*[2]المدخلات!$B$5/1440+[2]المدخلات!$B$5/1440)),"00")&IF(HOUR(([2]المدخلات!$B$4+5*[2]المدخلات!$B$5/1440))<12," ص"," م") -> 5:15–5:30 م | C27: استراحة (لا توجد مباريات) | F27: استراحة (لا توجد مباريات) | M27: =_xlfn.TEXTJOIN(" ",TRUE,C27:H27) -> استراحة (لا توجد مباريات) استراحة (لا توجد مباريات)
B28: =MOD(HOUR(([2]المدخلات!$B$4+6*[2]المدخلات!$B$5/1440))-1,12)+1&":"&TEXT(MINUTE(([2]المدخلات!$B$4+6*[2]المدخلات!$B$5/1440)),"00")&"–"&MOD(HOUR(([2]المدخلات!$B$4+6*[2]المدخلات!$B$5/1440+[2]المدخلات!$B$5/1440))-1,12)+1&":"&TEXT(MINUTE(([2]المدخلات!$B$4+6*[2]المدخلات!$B$5/1440+[2]المدخلات!$B$5/1440)),"00")&IF(HOUR(([2]المدخلات!$B$4+6*[2]المدخلات!$B$5/1440))<12," ص"," م") -> 5:30–5:45 م | C28: 1 ضد 5 | D28: 6 ضد 4 | E28: 2 ضد 3 | F28: 7 ضد 11 | G28: 12 ضد 10 | H28: 8 ضد 9 | M28: =_xlfn.TEXTJOIN(" ",TRUE,C28:H28) -> 1 ضد 5 6 ضد 4 2 ضد 3 7 ضد 11 12 ضد 10 8 ضد 9
B29: =MOD(HOUR(([2]المدخلات!$B$4+7*[2]المدخلات!$B$5/1440))-1,12)+1&":"&TEXT(MINUTE(([2]المدخلات!$B$4+7*[2]المدخلات!$B$5/1440)),"00")&"–"&MOD(HOUR(([2]المدخلات!$B$4+7*[2]المدخلات!$B$5/1440+[2]المدخلات!$B$5/1440))-1,12)+1&":"&TEXT(MINUTE(([2]المدخلات!$B$4+7*[2]المدخلات!$B$5/1440+[2]المدخلات!$B$5/1440)),"00")&IF(HOUR(([2]المدخلات!$B$4+7*[2]المدخلات!$B$5/1440))<12," ص"," م") -> 5:45–6:00 م | M29: =_xlfn.TEXTJOIN(" ",TRUE,C29:H29)
B30: =MOD(HOUR(([2]المدخلات!$B$4+8*[2]المدخلات!$B$5/1440))-1,12)+1&":"&TEXT(MINUTE(([2]المدخلات!$B$4+8*[2]المدخلات!$B$5/1440)),"00")&"–"&MOD(HOUR(([2]المدخلات!$B$4+8*[2]المدخلات!$B$5/1440+[2]المدخلات!$B$5/1440))-1,12)+1&":"&TEXT(MINUTE(([2]المدخلات!$B$4+8*[2]المدخلات!$B$5/1440+[2]المدخلات!$B$5/1440)),"00")&IF(HOUR(([2]المدخلات!$B$4+8*[2]المدخلات!$B$5/1440))<12," ص"," م") -> 6:00–6:15 م | M30: =_xlfn.TEXTJOIN(" ",TRUE,C30:H30)
A31: اليوم 4 | B31: =MOD(HOUR(([2]المدخلات!$B$4+0*[2]المدخلات!$B$5/1440))-1,12)+1&":"&TEXT(MINUTE(([2]المدخلات!$B$4+0*[2]المدخلات!$B$5/1440)),"00")&"–"&MOD(HOUR(([2]المدخلات!$B$4+0*[2]المدخلات!$B$5/1440+[2]المدخلات!$B$5/1440))-1,12)+1&":"&TEXT(MINUTE(([2]المدخلات!$B$4+0*[2]المدخلات!$B$5/1440+[2]المدخلات!$B$5/1440)),"00")&IF(HOUR(([2]المدخلات!$B$4+0*[2]المدخلات!$B$5/1440))<12," ص"," م") -> 4:00–4:15 م | C31: 1 ضد 4 | D31: 5 ضد 3 | E31: 6 ضد 2 | F31: 7 ضد 10 | G31: 11 ضد 9 | H31: 12 ضد 8 | I31: =COUNTIF(C31:H39,"* ضد *") -> 24 | J31: =COUNTIF(C31:E39,"* ضد *")*2/6 -> 4 | K31: =COUNTIF(F31:H39,"* ضد *")*2/6 -> 4 | M31: =_xlfn.TEXTJOIN(" ",TRUE,C31:H31) -> 1 ضد 4 5 ضد 3 6 ضد 2 7 ضد 10 11 ضد 9 12 ضد 8
B32: =MOD(HOUR(([2]المدخلات!$B$4+1*[2]المدخلات!$B$5/1440))-1,12)+1&":"&TEXT(MINUTE(([2]المدخلات!$B$4+1*[2]المدخلات!$B$5/1440)),"00")&"–"&MOD(HOUR(([2]المدخلات!$B$4+1*[2]المدخلات!$B$5/1440+[2]المدخلات!$B$5/1440))-1,12)+1&":"&TEXT(MINUTE(([2]المدخلات!$B$4+1*[2]المدخلات!$B$5/1440+[2]المدخلات!$B$5/1440)),"00")&IF(HOUR(([2]المدخلات!$B$4+1*[2]المدخلات!$B$5/1440))<12," ص"," م") -> 4:15–4:30 م | C32: استراحة (لا توجد مباريات) | F32: استراحة (لا توجد مباريات) | M32: =_xlfn.TEXTJOIN(" ",TRUE,C32:H32) -> استراحة (لا توجد مباريات) استراحة (لا توجد مباريات)
B33: =MOD(HOUR(([2]المدخلات!$B$4+2*[2]المدخلات!$B$5/1440))-1,12)+1&":"&TEXT(MINUTE(([2]المدخلات!$B$4+2*[2]المدخلات!$B$5/1440)),"00")&"–"&MOD(HOUR(([2]المدخلات!$B$4+2*[2]المدخلات!$B$5/1440+[2]المدخلات!$B$5/1440))-1,12)+1&":"&TEXT(MINUTE(([2]المدخلات!$B$4+2*[2]المدخلات!$B$5/1440+[2]المدخلات!$B$5/1440)),"00")&IF(HOUR(([2]المدخلات!$B$4+2*[2]المدخلات!$B$5/1440))<12," ص"," م") -> 4:30–4:45 م | C33: 5 ضد 6 | D33: 4 ضد 2 | E33: 1 ضد 3 | F33: 11 ضد 12 | G33: 10 ضد 8 | H33: 7 ضد 9 | M33: =_xlfn.TEXTJOIN(" ",TRUE,C33:H33) -> 5 ضد 6 4 ضد 2 1 ضد 3 11 ضد 12 10 ضد 8 7 ضد 9
B34: =MOD(HOUR(([2]المدخلات!$B$4+3*[2]المدخلات!$B$5/1440))-1,12)+1&":"&TEXT(MINUTE(([2]المدخلات!$B$4+3*[2]المدخلات!$B$5/1440)),"00")&"–"&MOD(HOUR(([2]المدخلات!$B$4+3*[2]المدخلات!$B$5/1440+[2]المدخلات!$B$5/1440))-1,12)+1&":"&TEXT(MINUTE(([2]المدخلات!$B$4+3*[2]المدخلات!$B$5/1440+[2]المدخلات!$B$5/1440)),"00")&IF(HOUR(([2]المدخلات!$B$4+3*[2]المدخلات!$B$5/1440))<12," ص"," م") -> 4:45–5:00 م | C34: استراحة (لا توجد مباريات) | F34: استراحة (لا توجد مباريات) | M34: =_xlfn.TEXTJOIN(" ",TRUE,C34:H34) -> استراحة (لا توجد مباريات) استراحة (لا توجد مباريات)
B35: =MOD(HOUR(([2]المدخلات!$B$4+4*[2]المدخلات!$B$5/1440))-1,12)+1&":"&TEXT(MINUTE(([2]المدخلات!$B$4+4*[2]المدخلات!$B$5/1440)),"00")&"–"&MOD(HOUR(([2]المدخلات!$B$4+4*[2]المدخلات!$B$5/1440+[2]المدخلات!$B$5/1440))-1,12)+1&":"&TEXT(MINUTE(([2]المدخلات!$B$4+4*[2]المدخلات!$B$5/1440+[2]المدخلات!$B$5/1440)),"00")&IF(HOUR(([2]المدخلات!$B$4+4*[2]المدخلات!$B$5/1440))<12," ص"," م") -> 5:00–5:15 م | C35: 3 ضد 6 | D35: 1 ضد 2 | E35: 4 ضد 5 | F35: 9 ضد 12 | G35: 7 ضد 8 | H35: 10 ضد 11 | M35: =_xlfn.TEXTJOIN(" ",TRUE,C35:H35) -> 3 ضد 6 1 ضد 2 4 ضد 5 9 ضد 12 7 ضد 8 10 ضد 11
B36: =MOD(HOUR(([2]المدخلات!$B$4+5*[2]المدخلات!$B$5/1440))-1,12)+1&":"&TEXT(MINUTE(([2]المدخلات!$B$4+5*[2]المدخلات!$B$5/1440)),"00")&"–"&MOD(HOUR(([2]المدخلات!$B$4+5*[2]المدخلات!$B$5/1440+[2]المدخلات!$B$5/1440))-1,12)+1&":"&TEXT(MINUTE(([2]المدخلات!$B$4+5*[2]المدخلات!$B$5/1440+[2]المدخلات!$B$5/1440)),"00")&IF(HOUR(([2]المدخلات!$B$4+5*[2]المدخلات!$B$5/1440))<12," ص"," م") -> 5:15–5:30 م | C36: استراحة (لا توجد مباريات) | F36: استراحة (لا توجد مباريات) | M36: =_xlfn.TEXTJOIN(" ",TRUE,C36:H36) -> استراحة (لا توجد مباريات) استراحة (لا توجد مباريات)
B37: =MOD(HOUR(([2]المدخلات!$B$4+6*[2]المدخلات!$B$5/1440))-1,12)+1&":"&TEXT(MINUTE(([2]المدخلات!$B$4+6*[2]المدخلات!$B$5/1440)),"00")&"–"&MOD(HOUR(([2]المدخلات!$B$4+6*[2]المدخلات!$B$5/1440+[2]المدخلات!$B$5/1440))-1,12)+1&":"&TEXT(MINUTE(([2]المدخلات!$B$4+6*[2]المدخلات!$B$5/1440+[2]المدخلات!$B$5/1440)),"00")&IF(HOUR(([2]المدخلات!$B$4+6*[2]المدخلات!$B$5/1440))<12," ص"," م") -> 5:30–5:45 م | C37: 2 ضد 5 | D37: 1 ضد 6 | E37: 3 ضد 4 | F37: 8 ضد 11 | G37: 7 ضد 12 | H37: 9 ضد 10 | M37: =_xlfn.TEXTJOIN(" ",TRUE,C37:H37) -> 2 ضد 5 1 ضد 6 3 ضد 4 8 ضد 11 7 ضد 12 9 ضد 10
B38: =MOD(HOUR(([2]المدخلات!$B$4+7*[2]المدخلات!$B$5/1440))-1,12)+1&":"&TEXT(MINUTE(([2]المدخلات!$B$4+7*[2]المدخلات!$B$5/1440)),"00")&"–"&MOD(HOUR(([2]المدخلات!$B$4+7*[2]المدخلات!$B$5/1440+[2]المدخلات!$B$5/1440))-1,12)+1&":"&TEXT(MINUTE(([2]المدخلات!$B$4+7*[2]المدخلات!$B$5/1440+[2]المدخلات!$B$5/1440)),"00")&IF(HOUR(([2]المدخلات!$B$4+7*[2]المدخلات!$B$5/1440))<12," ص"," م") -> 5:45–6:00 م | M38: =_xlfn.TEXTJOIN(" ",TRUE,C38:H38)
B39: =MOD(HOUR(([2]المدخلات!$B$4+8*[2]المدخلات!$B$5/1440))-1,12)+1&":"&TEXT(MINUTE(([2]المدخلات!$B$4+8*[2]المدخلات!$B$5/1440)),"00")&"–"&MOD(HOUR(([2]المدخلات!$B$4+8*[2]المدخلات!$B$5/1440+[2]المدخلات!$B$5/1440))-1,12)+1&":"&TEXT(MINUTE(([2]المدخلات!$B$4+8*[2]المدخلات!$B$5/1440+[2]المدخلات!$B$5/1440)),"00")&IF(HOUR(([2]المدخلات!$B$4+8*[2]المدخلات!$B$5/1440))<12," ص"," م") -> 6:00–6:15 م | M39: =_xlfn.TEXTJOIN(" ",TRUE,C39:H39)
A40: اليوم 5 | B40: =MOD(HOUR(([2]المدخلات!$B$4+0*[2]المدخلات!$B$5/1440))-1,12)+1&":"&TEXT(MINUTE(([2]المدخلات!$B$4+0*[2]المدخلات!$B$5/1440)),"00")&"–"&MOD(HOUR(([2]المدخلات!$B$4+0*[2]المدخلات!$B$5/1440+[2]المدخلات!$B$5/1440))-1,12)+1&":"&TEXT(MINUTE(([2]المدخلات!$B$4+0*[2]المدخلات!$B$5/1440+[2]المدخلات!$B$5/1440)),"00")&IF(HOUR(([2]المدخلات!$B$4+0*[2]المدخلات!$B$5/1440))<12," ص"," م") -> 4:00–4:15 م | C40: 2 ضد 3 | D40: 6 ضد 4 | E40: 1 ضد 5 | F40: 8 ضد 9 | G40: 12 ضد 10 | H40: 7 ضد 11 | I40: =COUNTIF(C40:H48,"* ضد *") -> 24 | J40: =COUNTIF(C40:E48,"* ضد *")*2/6 -> 4 | K40: =COUNTIF(F40:H48,"* ضد *")*2/6 -> 4 | M40: =_xlfn.TEXTJOIN(" ",TRUE,C40:H40) -> 2 ضد 3 6 ضد 4 1 ضد 5 8 ضد 9 12 ضد 10 7 ضد 11
B41: =MOD(HOUR(([2]المدخلات!$B$4+1*[2]المدخلات!$B$5/1440))-1,12)+1&":"&TEXT(MINUTE(([2]المدخلات!$B$4+1*[2]المدخلات!$B$5/1440)),"00")&"–"&MOD(HOUR(([2]المدخلات!$B$4+1*[2]المدخلات!$B$5/1440+[2]المدخلات!$B$5/1440))-1,12)+1&":"&TEXT(MINUTE(([2]المدخلات!$B$4+1*[2]المدخلات!$B$5/1440+[2]المدخلات!$B$5/1440)),"00")&IF(HOUR(([2]المدخلات!$B$4+1*[2]المدخلات!$B$5/1440))<12," ص"," م") -> 4:15–4:30 م | C41: استراحة (لا توجد مباريات) | F41: استراحة (لا توجد مباريات) | M41: =_xlfn.TEXTJOIN(" ",TRUE,C41:H41) -> استراحة (لا توجد مباريات) استراحة (لا توجد مباريات)
B42: =MOD(HOUR(([2]المدخلات!$B$4+2*[2]المدخلات!$B$5/1440))-1,12)+1&":"&TEXT(MINUTE(([2]المدخلات!$B$4+2*[2]المدخلات!$B$5/1440)),"00")&"–"&MOD(HOUR(([2]المدخلات!$B$4+2*[2]المدخلات!$B$5/1440+[2]المدخلات!$B$5/1440))-1,12)+1&":"&TEXT(MINUTE(([2]المدخلات!$B$4+2*[2]المدخلات!$B$5/1440+[2]المدخلات!$B$5/1440)),"00")&IF(HOUR(([2]المدخلات!$B$4+2*[2]المدخلات!$B$5/1440))<12," ص"," م") -> 4:30–4:45 م | C42: 1 ضد 4 | D42: 5 ضد 3 | E42: 6 ضد 2 | F42: 7 ضد 10 | G42: 11 ضد 9 | H42: 12 ضد 8 | M42: =_xlfn.TEXTJOIN(" ",TRUE,C42:H42) -> 1 ضد 4 5 ضد 3 6 ضد 2 7 ضد 10 11 ضد 9 12 ضد 8
B43: =MOD(HOUR(([2]المدخلات!$B$4+3*[2]المدخلات!$B$5/1440))-1,12)+1&":"&TEXT(MINUTE(([2]المدخلات!$B$4+3*[2]المدخلات!$B$5/1440)),"00")&"–"&MOD(HOUR(([2]المدخلات!$B$4+3*[2]المدخلات!$B$5/1440+[2]المدخلات!$B$5/1440))-1,12)+1&":"&TEXT(MINUTE(([2]المدخلات!$B$4+3*[2]المدخلات!$B$5/1440+[2]المدخلات!$B$5/1440)),"00")&IF(HOUR(([2]المدخلات!$B$4+3*[2]المدخلات!$B$5/1440))<12," ص"," م") -> 4:45–5:00 م | C43: استراحة (لا توجد مباريات) | F43: استراحة (لا توجد مباريات) | M43: =_xlfn.TEXTJOIN(" ",TRUE,C43:H43) -> استراحة (لا توجد مباريات) استراحة (لا توجد مباريات)
B44: =MOD(HOUR(([2]المدخلات!$B$4+4*[2]المدخلات!$B$5/1440))-1,12)+1&":"&TEXT(MINUTE(([2]المدخلات!$B$4+4*[2]المدخلات!$B$5/1440)),"00")&"–"&MOD(HOUR(([2]المدخلات!$B$4+4*[2]المدخلات!$B$5/1440+[2]المدخلات!$B$5/1440))-1,12)+1&":"&TEXT(MINUTE(([2]المدخلات!$B$4+4*[2]المدخلات!$B$5/1440+[2]المدخلات!$B$5/1440)),"00")&IF(HOUR(([2]المدخلات!$B$4+4*[2]المدخلات!$B$5/1440))<12," ص"," م") -> 5:00–5:15 م | C44: 1 ضد 3 | D44: 4 ضد 2 | E44: 5 ضد 6 | F44: 7 ضد 9 | G44: 10 ضد 8 | H44: 11 ضد 12 | M44: =_xlfn.TEXTJOIN(" ",TRUE,C44:H44) -> 1 ضد 3 4 ضد 2 5 ضد 6 7 ضد 9 10 ضد 8 11 ضد 12
B45: =MOD(HOUR(([2]المدخلات!$B$4+5*[2]المدخلات!$B$5/1440))-1,12)+1&":"&TEXT(MINUTE(([2]المدخلات!$B$4+5*[2]المدخلات!$B$5/1440)),"00")&"–"&MOD(HOUR(([2]المدخلات!$B$4+5*[2]المدخلات!$B$5/1440+[2]المدخلات!$B$5/1440))-1,12)+1&":"&TEXT(MINUTE(([2]المدخلات!$B$4+5*[2]المدخلات!$B$5/1440+[2]المدخلات!$B$5/1440)),"00")&IF(HOUR(([2]المدخلات!$B$4+5*[2]المدخلات!$B$5/1440))<12," ص"," م") -> 5:15–5:30 م | C45: استراحة (لا توجد مباريات) | F45: استراحة (لا توجد مباريات) | M45: =_xlfn.TEXTJOIN(" ",TRUE,C45:H45) -> استراحة (لا توجد مباريات) استراحة (لا توجد مباريات)
B46: =MOD(HOUR(([2]المدخلات!$B$4+6*[2]المدخلات!$B$5/1440))-1,12)+1&":"&TEXT(MINUTE(([2]المدخلات!$B$4+6*[2]المدخلات!$B$5/1440)),"00")&"–"&MOD(HOUR(([2]المدخلات!$B$4+6*[2]المدخلات!$B$5/1440+[2]المدخلات!$B$5/1440))-1,12)+1&":"&TEXT(MINUTE(([2]المدخلات!$B$4+6*[2]المدخلات!$B$5/1440+[2]المدخلات!$B$5/1440)),"00")&IF(HOUR(([2]المدخلات!$B$4+6*[2]المدخلات!$B$5/1440))<12," ص"," م") -> 5:30–5:45 م | C46: 4 ضد 5 | D46: 3 ضد 6 | E46: 1 ضد 2 | F46: 10 ضد 11 | G46: 9 ضد 12 | H46: 7 ضد 8 | M46: =_xlfn.TEXTJOIN(" ",TRUE,C46:H46) -> 4 ضد 5 3 ضد 6 1 ضد 2 10 ضد 11 9 ضد 12 7 ضد 8
B47: =MOD(HOUR(([2]المدخلات!$B$4+7*[2]المدخلات!$B$5/1440))-1,12)+1&":"&TEXT(MINUTE(([2]المدخلات!$B$4+7*[2]المدخلات!$B$5/1440)),"00")&"–"&MOD(HOUR(([2]المدخلات!$B$4+7*[2]المدخلات!$B$5/1440+[2]المدخلات!$B$5/1440))-1,12)+1&":"&TEXT(MINUTE(([2]المدخلات!$B$4+7*[2]المدخلات!$B$5/1440+[2]المدخلات!$B$5/1440)),"00")&IF(HOUR(([2]المدخلات!$B$4+7*[2]المدخلات!$B$5/1440))<12," ص"," م") -> 5:45–6:00 م | M47: =_xlfn.TEXTJOIN(" ",TRUE,C47:H47)
B48: =MOD(HOUR(([2]المدخلات!$B$4+8*[2]المدخلات!$B$5/1440))-1,12)+1&":"&TEXT(MINUTE(([2]المدخلات!$B$4+8*[2]المدخلات!$B$5/1440)),"00")&"–"&MOD(HOUR(([2]المدخلات!$B$4+8*[2]المدخلات!$B$5/1440+[2]المدخلات!$B$5/1440))-1,12)+1&":"&TEXT(MINUTE(([2]المدخلات!$B$4+8*[2]المدخلات!$B$5/1440+[2]المدخلات!$B$5/1440)),"00")&IF(HOUR(([2]المدخلات!$B$4+8*[2]المدخلات!$B$5/1440))<12," ص"," م") -> 6:00–6:15 م | M48: =_xlfn.TEXTJOIN(" ",TRUE,C48:H48)
A49: اليوم 6 | B49: =MOD(HOUR(([2]المدخلات!$B$4+0*[2]المدخلات!$B$5/1440))-1,12)+1&":"&TEXT(MINUTE(([2]المدخلات!$B$4+0*[2]المدخلات!$B$5/1440)),"00")&"–"&MOD(HOUR(([2]المدخلات!$B$4+0*[2]المدخلات!$B$5/1440+[2]المدخلات!$B$5/1440))-1,12)+1&":"&TEXT(MINUTE(([2]المدخلات!$B$4+0*[2]المدخلات!$B$5/1440+[2]المدخلات!$B$5/1440)),"00")&IF(HOUR(([2]المدخلات!$B$4+0*[2]المدخلات!$B$5/1440))<12," ص"," م") -> 4:00–4:15 م | C49: 2 ضد 5 | D49: 1 ضد 6 | E49: 3 ضد 4 | F49: 8 ضد 11 | G49: 7 ضد 12 | H49: 9 ضد 10 | I49: =COUNTIF(C49:H57,"* ضد *") -> 30 | J49: =COUNTIF(C49:E57,"* ضد *")*2/6 -> 5 | K49: =COUNTIF(F49:H57,"* ضد *")*2/6 -> 5 | M49: =_xlfn.TEXTJOIN(" ",TRUE,C49:H49) -> 2 ضد 5 1 ضد 6 3 ضد 4 8 ضد 11 7 ضد 12 9 ضد 10
B50: =MOD(HOUR(([2]المدخلات!$B$4+1*[2]المدخلات!$B$5/1440))-1,12)+1&":"&TEXT(MINUTE(([2]المدخلات!$B$4+1*[2]المدخلات!$B$5/1440)),"00")&"–"&MOD(HOUR(([2]المدخلات!$B$4+1*[2]المدخلات!$B$5/1440+[2]المدخلات!$B$5/1440))-1,12)+1&":"&TEXT(MINUTE(([2]المدخلات!$B$4+1*[2]المدخلات!$B$5/1440+[2]المدخلات!$B$5/1440)),"00")&IF(HOUR(([2]المدخلات!$B$4+1*[2]المدخلات!$B$5/1440))<12," ص"," م") -> 4:15–4:30 م | C50: استراحة (لا توجد مباريات) | F50: استراحة (لا توجد مباريات) | M50: =_xlfn.TEXTJOIN(" ",TRUE,C50:H50) -> استراحة (لا توجد مباريات) استراحة (لا توجد مباريات)
B51: =MOD(HOUR(([2]المدخلات!$B$4+2*[2]المدخلات!$B$5/1440))-1,12)+1&":"&TEXT(MINUTE(([2]المدخلات!$B$4+2*[2]المدخلات!$B$5/1440)),"00")&"–"&MOD(HOUR(([2]المدخلات!$B$4+2*[2]المدخلات!$B$5/1440+[2]المدخلات!$B$5/1440))-1,12)+1&":"&TEXT(MINUTE(([2]المدخلات!$B$4+2*[2]المدخلات!$B$5/1440+[2]المدخلات!$B$5/1440)),"00")&IF(HOUR(([2]المدخلات!$B$4+2*[2]المدخلات!$B$5/1440))<12," ص"," م") -> 4:30–4:45 م | C51: 6 ضد 4 | D51: 1 ضد 5 | E51: 2 ضد 3 | F51: 12 ضد 10 | G51: 7 ضد 11 | H51: 8 ضد 9 | M51: =_xlfn.TEXTJOIN(" ",TRUE,C51:H51) -> 6 ضد 4 1 ضد 5 2 ضد 3 12 ضد 10 7 ضد 11 8 ضد 9
B52: =MOD(HOUR(([2]المدخلات!$B$4+3*[2]المدخلات!$B$5/1440))-1,12)+1&":"&TEXT(MINUTE(([2]المدخلات!$B$4+3*[2]المدخلات!$B$5/1440)),"00")&"–"&MOD(HOUR(([2]المدخلات!$B$4+3*[2]المدخلات!$B$5/1440+[2]المدخلات!$B$5/1440))-1,12)+1&":"&TEXT(MINUTE(([2]المدخلات!$B$4+3*[2]المدخلات!$B$5/1440+[2]المدخلات!$B$5/1440)),"00")&IF(HOUR(([2]المدخلات!$B$4+3*[2]المدخلات!$B$5/1440))<12," ص"," م") -> 4:45–5:00 م | C52: استراحة (لا توجد مباريات) | F52: استراحة (لا توجد مباريات) | M52: =_xlfn.TEXTJOIN(" ",TRUE,C52:H52) -> استراحة (لا توجد مباريات) استراحة (لا توجد مباريات)
B53: =MOD(HOUR(([2]المدخلات!$B$4+4*[2]المدخلات!$B$5/1440))-1,12)+1&":"&TEXT(MINUTE(([2]المدخلات!$B$4+4*[2]المدخلات!$B$5/1440)),"00")&"–"&MOD(HOUR(([2]المدخلات!$B$4+4*[2]المدخلات!$B$5/1440+[2]المدخلات!$B$5/1440))-1,12)+1&":"&TEXT(MINUTE(([2]المدخلات!$B$4+4*[2]المدخلات!$B$5/1440+[2]المدخلات!$B$5/1440)),"00")&IF(HOUR(([2]المدخلات!$B$4+4*[2]المدخلات!$B$5/1440))<12," ص"," م") -> 5:00–5:15 م | C53: 6 ضد 2 | D53: 5 ضد 3 | E53: 1 ضد 4 | F53: 12 ضد 8 | G53: 11 ضد 9 | H53: 7 ضد 10 | M53: =_xlfn.TEXTJOIN(" ",TRUE,C53:H53) -> 6 ضد 2 5 ضد 3 1 ضد 4 12 ضد 8 11 ضد 9 7 ضد 10
B54: =MOD(HOUR(([2]المدخلات!$B$4+5*[2]المدخلات!$B$5/1440))-1,12)+1&":"&TEXT(MINUTE(([2]المدخلات!$B$4+5*[2]المدخلات!$B$5/1440)),"00")&"–"&MOD(HOUR(([2]المدخلات!$B$4+5*[2]المدخلات!$B$5/1440+[2]المدخلات!$B$5/1440))-1,12)+1&":"&TEXT(MINUTE(([2]المدخلات!$B$4+5*[2]المدخلات!$B$5/1440+[2]المدخلات!$B$5/1440)),"00")&IF(HOUR(([2]المدخلات!$B$4+5*[2]المدخلات!$B$5/1440))<12," ص"," م") -> 5:15–5:30 م | C54: استراحة (لا توجد مباريات) | F54: استراحة (لا توجد مباريات) | M54: =_xlfn.TEXTJOIN(" ",TRUE,C54:H54) -> استراحة (لا توجد مباريات) استراحة (لا توجد مباريات)
B55: =MOD(HOUR(([2]المدخلات!$B$4+6*[2]المدخلات!$B$5/1440))-1,12)+1&":"&TEXT(MINUTE(([2]المدخلات!$B$4+6*[2]المدخلات!$B$5/1440)),"00")&"–"&MOD(HOUR(([2]المدخلات!$B$4+6*[2]المدخلات!$B$5/1440+[2]المدخلات!$B$5/1440))-1,12)+1&":"&TEXT(MINUTE(([2]المدخلات!$B$4+6*[2]المدخلات!$B$5/1440+[2]المدخلات!$B$5/1440)),"00")&IF(HOUR(([2]المدخلات!$B$4+6*[2]المدخلات!$B$5/1440))<12," ص"," م") -> 5:30–5:45 م | C55: 1 ضد 3 | D55: 4 ضد 2 | E55: 5 ضد 6 | F55: 7 ضد 9 | G55: 10 ضد 8 | H55: 11 ضد 12 | M55: =_xlfn.TEXTJOIN(" ",TRUE,C55:H55) -> 1 ضد 3 4 ضد 2 5 ضد 6 7 ضد 9 10 ضد 8 11 ضد 12
B56: =MOD(HOUR(([2]المدخلات!$B$4+7*[2]المدخلات!$B$5/1440))-1,12)+1&":"&TEXT(MINUTE(([2]المدخلات!$B$4+7*[2]المدخلات!$B$5/1440)),"00")&"–"&MOD(HOUR(([2]المدخلات!$B$4+7*[2]المدخلات!$B$5/1440+[2]المدخلات!$B$5/1440))-1,12)+1&":"&TEXT(MINUTE(([2]المدخلات!$B$4+7*[2]المدخلات!$B$5/1440+[2]المدخلات!$B$5/1440)),"00")&IF(HOUR(([2]المدخلات!$B$4+7*[2]المدخلات!$B$5/1440))<12," ص"," م") -> 5:45–6:00 م | C56: استراحة (لا توجد مباريات) | F56: استراحة (لا توجد مباريات) | M56: =_xlfn.TEXTJOIN(" ",TRUE,C56:H56) -> استراحة (لا توجد مباريات) استراحة (لا توجد مباريات)
B57: =MOD(HOUR(([2]المدخلات!$B$4+8*[2]المدخلات!$B$5/1440))-1,12)+1&":"&TEXT(MINUTE(([2]المدخلات!$B$4+8*[2]المدخلات!$B$5/1440)),"00")&"–"&MOD(HOUR(([2]المدخلات!$B$4+8*[2]المدخلات!$B$5/1440+[2]المدخلات!$B$5/1440))-1,12)+1&":"&TEXT(MINUTE(([2]المدخلات!$B$4+8*[2]المدخلات!$B$5/1440+[2]المدخلات!$B$5/1440)),"00")&IF(HOUR(([2]المدخلات!$B$4+8*[2]المدخلات!$B$5/1440))<12," ص"," م") -> 6:00–6:15 م | C57: 1 ضد 2 | D57: 3 ضد 6 | E57: 4 ضد 5 | F57: 7 ضد 8 | G57: 9 ضد 12 | H57: 10 ضد 11 | M57: =_xlfn.TEXTJOIN(" ",TRUE,C57:H57) -> 1 ضد 2 3 ضد 6 4 ضد 5 7 ضد 8 9 ضد 12 10 ضد 11
B60: توزيع الفرق على مجموعة الخفجي — يُعبّأ بأسماء الفرق
B61: # | C61: المجموعة أ (الفرق 1-6) | F61: التصنيف | I61: # | J61: المجموعة ب (الفرق 7-12) | M61: التصنيف
B62: 1 | I62: 7
B63: 2 | I63: 8
B64: 3 | I64: 9
B65: 4 | I65: 10
B66: 5 | I66: 11
B67: 6 | I67: 12
B70: توزيع الفرق على مجموعة سكاكا (سكاكا، دومة الجندل) — يُعبّأ بأسماء الفرق
B71: # | C71: المجموعة أ (الفرق 1-6) | F71: التصنيف | I71: # | J71: المجموعة ب (الفرق 7-12) | M71: التصنيف
B72: 1 | I72: 7
B73: 2 | I73: 8
B74: 3 | I74: 9
B75: 4 | I75: 10
B76: 5 | I76: 11
B77: 6 | I77: 12

Sheet Sheet1
B2: تحت 14 | C2: مجموعة نجران | D2: 1 | E2: نجران | F2: 5
B3: تحت 5 | C3: مجموعة طبرجل | D3: 1 | E3: طبرجل | F3: 5
B4: تحت 7 | C4: مجموعة طبرجل | D4: 1 | E4: طبرجل | F4: 5
B5: تحت 9 | C5: مجموعة الخرج | D5: 1 | E5: الخرج | F5: 5
B6: تحت 12 | C6: مجموعة طبرجل | D6: 1 | E6: طبرجل | F6: 5
B7: تحت 14 | C7: مجموعة طبرجل | D7: 1 | E7: طبرجل | F7: 5
B8: تحت 7 | C8: مجموعة شرورة | D8: 1 | E8: شرورة | F8: 5
B9: تحت 9 | C9: مجموعة شرورة | D9: 1 | E9: شرورة | F9: 5
B10: تحت 9 | C10: مجموعة الدوادمي | D10: 1 | E10: الدوادمي | F10: 5
B11: تحت 11 | C11: مجموعة القريات | D11: 1 | E11: القريات | F11: 5
B12: تحت 12 | C12: مجموعة القريات | D12: 1 | E12: القريات | F12: 5
B13: تحت 13 | C13: مجموعة القريات | D13: 1 | E13: القريات | F13: 5
... B185: تحت 12 | C185: مجموعة جدة | D185: 1 | E185: جدة | F185: 56

Sheet المدخلات
A1: صفحة المدخلات – إعدادات جداول البطولات
A3: البند | B3: القيمة
A4: وقت بداية اليوم | B4: 0.66666667
A5: مدة المباراة (دقيقة) | B5: 15
A6: الفاصل بين المباريات (دقيقة) | B6: 0
A7: طول الفترة الكاملة (دقيقة) | B7: =B5+B6 -> 15
A8: عدد المهرجانات في الموسم | B8: 7
A9: ملاعب مصغّرة داخل الملعب القانوني | B9: 4
A10: عدد الحكام لكل ملعب مصغّر | B10: 1

Sheet المبادئ
A1: مبادئ تصميم جداول البطولات
A3: # | B3: المبدأ | C3: الشرح
A4: 1 | B4: عدد المباريات والأدوار | C4: كل مجموعة تلعب أدواراً كاملة: عدد الأدوار = صحيح(28 ÷ (عدد فرق المجموعة − 1))، ومباريات الفريق في الموسم = عدد الأدوار × (عدد فرق المجموعة − 1)، وتتراوح بين 22 و30 مباراة. يلعب كل فريق 4 مباريات في كل مهرجان، ما عدا المهرجان الأخير فيقل أو يزيد بالتساوي بين كل فرق المجموعة بما يكمل المجموع (مثلاً: 3 أو 2 أو 6 مباريات في الأخير). ولا يُشترط عدد مباريات أدنى؛ فالأولوية لاكتمال الأدوار وللتوزيع المعتمد في ورقة ملخص البطولات. وتُستثنى مجموعة الـ11 فريقاً: لإكمال ثلاثة أدوار (30 مباراة) تلعب 4 مباريات في 6 مهرجانات ثم 6 مباريات في المهرجان الأخير، فيطول ذلك اليوم وحده.
A5: 2 | B5: الراحة 15 أو 30 دقيقة | C5: يرتاح الفريق فترة أو فترتين بين مباراتين، أي راحة 15 أو 30 دقيقة فقط. لا يلعب أبداً في فترتين متتاليتين، ولا تزيد راحته على 30 دقيقة.
A6: 3 | B6: المجموعات ذات العدد الفردي | C6: في المجموعة الفردية يجلس فريق أو أكثر في كل فترة، والأصل ألا تتجاوز الراحة 30 دقيقة. وتُستخدم مجموعة من 5 فرق في بطولة الـ5 فرق وحدها؛ ولتفادي أي راحة تفوق 30 دقيقة يمتد يومها إلى 10 فترات (4:00–6:30 م) بمباراة واحدة في كل فترة على ملعب مصغّر واحد (أما 8 أو 9 فترات فلا تكفي). فلا توجد أي راحة تبلغ 45 أو 60 دقيقة في الملف.
A7: 4 | B7: توزيع المجموعات على الفترات | C7: لا تلعب كل المجموعات في كل فترة؛ تتوزّع المجموعات على الفترات بما يناسب عدد الملاعب، فتتشارك نفس الملاعب ويقصُر اليوم.
A8: 5 | B8: عدد الملاعب | C8: عدد الملاعب مُحدّد لكل بطولة (موضح في عنوان كل ورقة)، ويُبنى الجدول بحيث لا يتجاوز عدد مباريات الفترة عدد الملاعب.
A9: 6 | B9: عدالة تكرار الأزواج | C9: داخل المجموعة يلتقي كل زوج العدد نفسه من المرات بلا أي تفاوت (الفارق صفر)، لأن الجدول يُبنى من أدوار كاملة. ويظهر هذا العدد في عمود «لقاءات كل خصم (أدوار كاملة)» في ورقة ملخص البطولات، وفي جدول تكرار الأزواج أسفل كل ورقة. وقد يختلف العدد من مجموعة إلى أخرى داخل البطولة نفسها لاختلاف أحجام المجموعات.
A10: 7 | B10: تقسيم المجموعات | C10: يُعتمد توزيع الفرق المدوّن في عمود «توزيع الفرق في المجموعات» بورقة ملخص البطولات، وتُبنى الجداول عليه مباشرة، وتُفضّل المجموعات المتقاربة في الحجم. ولا تُستخدم مجموعة من 5 فرق إلا في بطولة الـ5 فرق نفسها (لا تدخل في تقسيم أي بطولة أكبر)، ولا من 3 أو 4 فرق لأنّها تفرض لقاء الخصم مرتين في اليوم نفسه. وكلما كبرت المجموعة قلّ عدد الأدوار ومعه عدد المباريات.
A11: 8 | B11: الأوقات | C11: كل الأوقات مشتقّة بصيغ من ورقة المدخلات: وقت البداية ومدة المباراة والفاصل بينها.
A12: 9 | B12: ترتيب مواجهة الخصوم | C12: لا يلتقي الفريق خصماً مرة ثانية قبل أن يلاعب جميع فرق مجموعته مرة، ولا يلتقي الفريقان مرتين في اليوم نفسه، ولا يلعب الفريق مباراتين في الفترة الزمنية نفسها.
A13: 10 | B13: عدالة توزيع الفترات | C13: تتغير فترات الفريق من يوم لآخر؛ فلا يبدأ فريق واحد أول اليوم دائماً ولا يتأخر آخره دائماً. ولا يستريح أي فريق مهرجاناً كاملاً داخل مهرجانات مجموعته؛ أما في البطولة متعددة المجموعات فالمجموعة التي تكمل أدوارها في 6 مهرجانات (مجموعتا الـ7 والـ9) تنتهي قبل المجموعات الأخرى ولا تلعب في المهرجان السابع.
A14: 11 | B14: عدم التنقل بين الملاعب القانونية | C14: الملاعب القانونية غير متجاورة، فلا يستطيع الفريق الانتقال من ملعب قانوني إلى آخر خلال اليوم نفسه. لذلك يُبنى الجدول بحيث تبقى كل مجموعة داخل ملعب قانوني واحد طوال المهرجان (بحد أقصى 4 ملاعب مصغّرة داخله). وإذا استُخدم أكثر من ملعب قانوني وجب أن تنقسم البطولة إلى مجموعات مستقلة تماماً، كل مجموعة في ملعبها، ولا تتقاطع مبارياتها.

Sheet ملخص البطولات
A1: ملخص البطولات – 23 بطولة من 5 إلى 49 فريقاً
A3: عدد الفرق | B3: عدد المجموعات | C3: توزيع الفرق في المجموعات | D3: عدد الأدوار | E3: مباريات كل فريق في الموسم | F3: عدد المهرجانات | G3: توزيع مباريات الفريق على المهرجانات | H3: وقت البداية | I3: وقت النهاية (أطول يوم) | J3: مدة اليوم (أطول يوم) | K3: عدد الملاعب (5 ضد 5) | L3: عدد الملاعب القانونية
A4: 5 | B4: 1 | C4: 5 | D4: 7 | E4: 28 | F4: 7 | G4: 4 مباريات في 7 مهرجانات (المجموع 28) | H4: 4:00 م | I4: 6:30 م | J4: =(10*المدخلات!$B$7)/1440 -> 0.10416667 | K4: 1 | L4: 1
A5: 6 | B5: 1 | C5: 6 | D5: 5 | E5: 25 | F5: 6 | G5: 4 مباريات في 5 مهرجانات، ثم 5 مباريات في المهرجان الأخير (المجموع 25) | H5: 4:00 م | I5: 6:15 م | J5: =(9*المدخلات!$B$7)/1440 -> 0.09375 | K5: 3 | L5: 1
A6: 7 | B6: 1 | C6: 7 | D6: 4 | E6: 24 | F6: 6 | G6: 4 مباريات في 6 مهرجانات (المجموع 24) | H6: 4:00 م | I6: 6:30 م | J6: =(10*المدخلات!$B$7)/1440 -> 0.10416667 | K6: 2 | L6: 1
A7: 8 | B7: 1 | C7: 8 | D7: 4 | E7: 28 | F7: 7 | G7: 4 مباريات في 7 مهرجانات (المجموع 28) | H7: 4:00 م | I7: 5:45 م | J7: =(7*المدخلات!$B$7)/1440 -> 0.072916667 | K7: 4 | L7: 1
A8: 9 | B8: 1 | C8: 9 | D8: 3 | E8: 24 | F8: 6 | G8: 4 مباريات في 6 مهرجانات (المجموع 24) | H8: 4:00 م | I8: 6:30 م | J8: =(10*المدخلات!$B$7)/1440 -> 0.10416667 | K8: 3 | L8: 1
A9: 10 | B9: 1 | C9: 10 | D9: 3 | E9: 27 | F9: 7 | G9: 4 مباريات في 6 مهرجانات، ثم 3 مباريات في المهرجان الأخير (المجموع 27) | H9: 4:00 م | I9: 6:15 م | J9: =(9*المدخلات!$B$7)/1440 -> 0.09375 | K9: 4 | L9: 1
A10: 11 | B10: 1 | C10: 11 | D10: 3 | E10: 30 | F10: 7 | G10: 4 مباريات في 6 مهرجانات، ثم 6 مباريات في المهرجان الأخير (المجموع 30) | H10: 4:00 م | I10: 7:30 م | J10: =(14*المدخلات!$B$7)/1440 -> 0.14583333 | K10: 4 | L10: 1
A11: 12 | B11: 1 | C11: 12 | D11: 2 | E11: 22 | F11: 6 | G11: 4 مباريات في 5 مهرجانات، ثم مباراتان في المهرجان الأخير (المجموع 22) | H11: 4:00 م | I11: 6:15 م | J11: =(9*المدخلات!$B$7)/1440 -> 0.09375 | K11: 4 | L11: 1
A12: 13 | B12: 1 | C12: 13 | D12: 2 | E12: 24 | F12: 6 | G12: 4 مباريات في 6 مهرجانات (المجموع 24) | H12: 4:00 م | I12: 6:15 م | J12: =(9*المدخلات!$B$7)/1440 -> 0.09375 | K12: 4 | L12: 1
A13: 14 | B13: 2 | C13: أ: 7 | ب: 7 | D13: 4 + 4 | E13: 24 + 24 | F13: 6 | G13: كل مجموعة: 4 مباريات في 6 مهرجانات (المجموع 24) | H13: 4:00 م | I13: 6:30 م | J13: =(10*المدخلات!$B$7)/1440 -> 0.10416667 | K13: 4 | L13: 2
A14: 15 | B14: 2 | C14: أ: 7 | ب: 8 | D14: 4 + 4 | E14: 24 + 28 | F14: 7 | G14: أ: 4 مباريات في 6 مهرجانات (المجموع 24) | ب: 4 مباريات في 7 مهرجانات (المجموع 28) | H14: 4:00 م | I14: 6:30 م | J14: =(10*المدخلات!$B$7)/1440 -> 0.10416667 | K14: 6 | L14: 2
A15: 16 | B15: 2 | C15: أ: 8 | ب: 8 | D15: 4 + 4 | E15: 28 + 28 | F15: 7 | G15: كل مجموعة: 4 مباريات في 7 مهرجانات (المجموع 28) | H15: 4:00 م | I15: 5:45 م | J15: =(7*المدخلات!$B$7)/1440 -> 0.072916667 | K15: 8 | L15: 2
A16: 17 | B16: 2 | C16: أ: 8 | ب: 9 | D16: 4 + 3 | E16: 28 + 24 | F16: 7 | G16: أ: 4 مباريات في 7 مهرجانات (المجموع 28) | ب: 4 مباريات في 6 مهرجانات (المجموع 24) | H16: 4:00 م | I16: 6:30 م | J16: =(10*المدخلات!$B$7)/1440 -> 0.10416667 | K16: 7 | L16: 2
A17: 18 | B17: 2 | C17: أ: 8 | ب: 10 | D17: 4 + 3 | E17: 28 + 27 | F17: 7 | G17: أ: 4 مباريات في 7 مهرجانات (المجموع 28) | ب: 4 مباريات في 6 مهرجانات، ثم 3 مباريات في المهرجان الأخير (المجموع 27) | H17: 4:00 م | I17: 6:15 م | J17: =(9*المدخلات!$B$7)/1440 -> 0.09375 | K17: 8 | L17: 2
A18: 19 | B18: 2 | C18: أ: 9 | ب: 10 | D18: 3 + 3 | E18: 24 + 27 | F18: 7 | G18: أ: 4 مباريات في 6 مهرجانات (المجموع 24) | ب: 4 مباريات في 6 مهرجانات، ثم 3 مباريات في المهرجان الأخير (المجموع 27) | H18: 4:00 م | I18: 6:30 م | J18: =(10*المدخلات!$B$7)/1440 -> 0.10416667 | K18: 7 | L18: 2
A19: 21 | B19: 2 | C19: أ: 10 | ب: 11 | D19: 3 + 3 | E19: 27 + 30 | F19: 7 | G19: أ: 4 مباريات في 6 مهرجانات، ثم 3 مباريات في المهرجان الأخير (المجموع 27) | ب: 4 مباريات في 6 مهرجانات، ثم 6 مباريات في المهرجان الأخير (المجموع 30) | H19: 4:00 م | I19: 7:30 م | J19: =(14*المدخلات!$B$7)/1440 -> 0.14583333 | K19: 8 | L19: 2
A20: 25 | B20: 3 | C20: أ: 8 | ب: 8 | ج: 9 | D20: 4 + 4 + 3 | E20: 28 + 28 + 24 | F20: 7 | G20: أ: 4 مباريات في 7 مهرجانات (المجموع 28) | ب: 4 مباريات في 7 مهرجانات (المجموع 28) | ج: 4 مباريات في 6 مهرجانات (المجموع 24) | H20: 4:00 م | I20: 6:30 م | J20: =(10*المدخلات!$B$7)/1440 -> 0.10416667 | K20: 11 | L20: 3
A21: 28 | B21: 3 | C21: أ: 9 | ب: 9 | ج: 10 | D21: 3 + 3 + 3 | E21: 24 + 24 + 27 | F21: 7 | G21: أ: 4 مباريات في 6 مهرجانات (المجموع 24) | ب: 4 مباريات في 6 مهرجانات (المجموع 24) | ج: 4 مباريات في 6 مهرجانات، ثم 3 مباريات في المهرجان الأخير (المجموع 27) | H21: 4:00 م | I21: 6:30 م | J21: =(10*المدخلات!$B$7)/1440 -> 0.10416667 | K21: 10 | L21: 3
A22: 29 | B22: 3 | C22: أ: 9 | ب: 10 | ج: 10 | D22: 3 + 3 + 3 | E22: 24 + 27 + 27 | F22: 7 | G22: أ: 4 مباريات في 6 مهرجانات (المجموع 24) | ب: 4 مباريات في 6 مهرجانات، ثم 3 مباريات في المهرجان الأخير (المجموع 27) | ج: 4 مباريات في 6 مهرجانات، ثم 3 مباريات في المهرجان الأخير (المجموع 27) | H22: 4:00 م | I22: 6:30 م | J22: =(10*المدخلات!$B$7)/1440 -> 0.10416667 | K22: 11 | L22: 3
A23: 30 | B23: 3 | C23: أ: 10 | ب: 10 | ج: 10 | D23: 3 + 3 + 3 | E23: 27 + 27 + 27 | F23: 7 | G23: كل مجموعة: 4 مباريات في 6 مهرجانات، ثم 3 مباريات في المهرجان الأخير (المجموع 27) | H23: 4:00 م | I23: 6:15 م | J23: =(9*المدخلات!$B$7)/1440 -> 0.09375 | K23: 12 | L23: 3
A24: 31 | B24: 3 | C24: أ: 10 | ب: 10 | ج: 11 | D24: 3 + 3 + 3 | E24: 27 + 27 + 30 | F24: 7 | G24: أ: 4 مباريات في 6 مهرجانات، ثم 3 مباريات في المهرجان الأخير (المجموع 27) | ب: 4 مباريات في 6 مهرجانات، ثم 3 مباريات في المهرجان الأخير (المجموع 27) | ج: 4 مباريات في 6 مهرجانات، ثم 6 مباريات في المهرجان الأخير (المجموع 30) | H24: 4:00 م | I24: 7:30 م | J24: =(14*المدخلات!$B$7)/1440 -> 0.14583333 | K24: 12 | L24: 3
A25: 40 | B25: 4 | C25: أ: 10 | ب: 10 | ج: 10 | د: 10 | D25: 3 + 3 + 3 + 3 | E25: 27 + 27 + 27 + 27 | F25: 7 | G25: كل مجموعة: 4 مباريات في 6 مهرجانات، ثم 3 مباريات في المهرجان الأخير (المجموع 27) | H25: 4:00 م | I25: 6:15 م | J25: =(9*المدخلات!$B$7)/1440 -> 0.09375 | K25: 16 | L25: 4
A26: 49 | B26: 4 | C26: أ: 12 | ب: 12 | ج: 12 | د: 13 | D26: 2 + 2 + 2 + 2 | E26: 22 + 22 + 22 + 24 | F26: 6 | G26: أ: 4 مباريات في 5 مهرجانات، ثم مباراتان في المهرجان الأخير (المجموع 22) | ب: 4 مباريات في 5 مهرجانات، ثم مباراتان في المهرجان الأخير (المجموع 22) | ج: 4 مباريات في 5 مهرجانات، ثم مباراتان في المهرجان الأخير (المجموع 22) | د: 4 مباريات في 6 مهرجانات (المجموع 24) | H26: 4:00 م | I26: 6:15 م | J26: =(9*المدخلات!$B$7)/1440 -> 0.09375 | K26: 16 | L26: 4
A29: توزيع فترات الراحة بين مباراتي الفريق في المهرجان الواحد
A30: عدد الفرق | B30: راحة 15 دقيقة | C30: راحة 30 دقيقة | D30: راحة 45 دقيقة | E30: إجمالي فترات الراحة | F30: نسبة الراحة القصيرة
A31: 5 | B31: 56 | C31: 49 | D31: 0 | E31: =B31+C31+D31 -> 105 | F31: =B31/E31 -> 0.53333333
A32: 6 | B32: 114 | C32: 0 | D32: 0 | E32: =B32+C32+D32 -> 114 | F32: =B32/E32 -> 1
A33: 7 | B33: 81 | C33: 45 | D33: 0 | E33: =B33+C33+D33 -> 126 | F33: =B33/E33 -> 0.64285714
A34: 8 | B34: 168 | C34: 0 | D34: 0 | E34: =B34+C34+D34 -> 168 | F34: =B34/E34 -> 1
A35: 9 | B35: 113 | C35: 49 | D35: 0 | E35: =B35+C35+D35 -> 162 | F35: =B35/E35 -> 0.69753086
A36: 10 | B36: 146 | C36: 54 | D36: 0 | E36: =B36+C36+D36 -> 200 | F36: =B36/E36 -> 0.73
A37: 11 | B37: 184 | C37: 69 | D37: 0 | E37: =B37+C37+D37 -> 253 | F37: =B37/E37 -> 0.72727273
A38: 12 | B38: 144 | C38: 48 | D38: 0 | E38: =B38+C38+D38 -> 192 | F38: =B38/E38 -> 0.75
A39: 13 | B39: 164 | C39: 70 | D39: 0 | E39: =B39+C39+D39 -> 234 | F39: =B39/E39 -> 0.7008547
A40: 14 | B40: 162 | C40: 90 | D40: 0 | E40: =B40+C40+D40 -> 252 | F40: =B40/E40 -> 0.64285714
A41: 15 | B41: 249 | C41: 45 | D41: 0 | E41: =B41+C41+D41 -> 294 | F41: =B41/E41 -> 0.84693878
A42: 16 | B42: 336 | C42: 0 | D42: 0 | E42: =B42+C42+D42 -> 336 | F42: =B42/E42 -> 1
... A53: 49 | B53: 596 | C53: 214 | D53: 0 | E53: =B53+C53+D53 -> 810 | F53: =B53/E53 -> 0.73580247
A56: عدد الملاعب المطلوبة لفئتي تحت 7 وتحت 9 (كل فئة في يوم مختلف)
A57: الفئة | B57: عدد البطولات | C57: الملاعب القانونية | D57: الملاعب المصغّرة (5 ضد 5)
A58: تحت 7 | B58: =INDEX('حساب الملاعب'!$B$4:$B$10,MATCH($A58,'حساب الملاعب'!$A$4:$A$10,0)) -> 24 | C58: =INDEX('حساب الملاعب'!$C$4:$C$10,MATCH($A58,'حساب الملاعب'!$A$4:$A$10,0)) -> 34 | D58: =INDEX('حساب الملاعب'!$D$4:$D$10,MATCH($A58,'حساب الملاعب'!$A$4:$A$10,0)) -> 117
A59: تحت 9 | B59: =INDEX('حساب الملاعب'!$B$4:$B$10,MATCH($A59,'حساب الملاعب'!$A$4:$A$10,0)) -> 28 | C59: =INDEX('حساب الملاعب'!$C$4:$C$10,MATCH($A59,'حساب الملاعب'!$A$4:$A$10,0)) -> 49 | D59: =INDEX('حساب الملاعب'!$D$4:$D$10,MATCH($A59,'حساب الملاعب'!$A$4:$A$10,0)) -> 161
A60: الأعلى بين الفئتين | C60: =MAX(C58:C59) -> 49 | D60: =MAX(D58:D59) -> 161

Sheet 5 فرق
A1: جدول مباريات بطولة 5 فرق — مجموعة واحدة داخل ملعب قانوني واحد (ملعب مصغّر واحد)
C2: الملعب القانوني 1 — المجموعة أ (الفرق 1–5)
A3: المهرجان | B3: الوقت | C3: ملعب 1 | D3: مجموع مباريات المهرجان
A4: المهرجان 1 | B4: =(MOD(HOUR(المدخلات!$B$4+(1-1)*المدخلات!$B$7/1440)-1,12)+1)&":"&TEXT(MINUTE(المدخلات!$B$4+(1-1)*المدخلات!$B$7/1440),"00")&"–"&(MOD(HOUR(المدخلات!$B$4+(1-1)*المدخلات!$B$7/1440+المدخلات!$B$5/1440)-1,12)+1)&":"&TEXT(MINUTE(المدخلات!$B$4+(1-1)*المدخلات!$B$7/1440+المدخلات!$B$5/1440),"00")&" م" -> 4:00–4:15 م | C4: 4 ضد 5 | D4: =COUNTA(C4:C13) -> 10
B5: =(MOD(HOUR(المدخلات!$B$4+(2-1)*المدخلات!$B$7/1440)-1,12)+1)&":"&TEXT(MINUTE(المدخلات!$B$4+(2-1)*المدخلات!$B$7/1440),"00")&"–"&(MOD(HOUR(المدخلات!$B$4+(2-1)*المدخلات!$B$7/1440+المدخلات!$B$5/1440)-1,12)+1)&":"&TEXT(MINUTE(المدخلات!$B$4+(2-1)*المدخلات!$B$7/1440+المدخلات!$B$5/1440),"00")&" م" -> 4:15–4:30 م | C5: 1 ضد 3
B6: =(MOD(HOUR(المدخلات!$B$4+(3-1)*المدخلات!$B$7/1440)-1,12)+1)&":"&TEXT(MINUTE(المدخلات!$B$4+(3-1)*المدخلات!$B$7/1440),"00")&"–"&(MOD(HOUR(المدخلات!$B$4+(3-1)*المدخلات!$B$7/1440+المدخلات!$B$5/1440)-1,12)+1)&":"&TEXT(MINUTE(المدخلات!$B$4+(3-1)*المدخلات!$B$7/1440+المدخلات!$B$5/1440),"00")&" م" -> 4:30–4:45 م | C6: 2 ضد 4
B7: =(MOD(HOUR(المدخلات!$B$4+(4-1)*المدخلات!$B$7/1440)-1,12)+1)&":"&TEXT(MINUTE(المدخلات!$B$4+(4-1)*المدخلات!$B$7/1440),"00")&"–"&(MOD(HOUR(المدخلات!$B$4+(4-1)*المدخلات!$B$7/1440+المدخلات!$B$5/1440)-1,12)+1)&":"&TEXT(MINUTE(المدخلات!$B$4+(4-1)*المدخلات!$B$7/1440+المدخلات!$B$5/1440),"00")&" م" -> 4:45–5:00 م | C7: 1 ضد 5
B8: =(MOD(HOUR(المدخلات!$B$4+(5-1)*المدخلات!$B$7/1440)-1,12)+1)&":"&TEXT(MINUTE(المدخلات!$B$4+(5-1)*المدخلات!$B$7/1440),"00")&"–"&(MOD(HOUR(المدخلات!$B$4+(5-1)*المدخلات!$B$7/1440+المدخلات!$B$5/1440)-1,12)+1)&":"&TEXT(MINUTE(المدخلات!$B$4+(5-1)*المدخلات!$B$7/1440+المدخلات!$B$5/1440),"00")&" م" -> 5:00–5:15 م | C8: 2 ضد 3
B9: =(MOD(HOUR(المدخلات!$B$4+(6-1)*المدخلات!$B$7/1440)-1,12)+1)&":"&TEXT(MINUTE(المدخلات!$B$4+(6-1)*المدخلات!$B$7/1440),"00")&"–"&(MOD(HOUR(المدخلات!$B$4+(6-1)*المدخلات!$B$7/1440+المدخلات!$B$5/1440)-1,12)+1)&":"&TEXT(MINUTE(المدخلات!$B$4+(6-1)*المدخلات!$B$7/1440+المدخلات!$B$5/1440),"00")&" م" -> 5:15–5:30 م | C9: 1 ضد 4
B10: =(MOD(HOUR(المدخلات!$B$4+(7-1)*المدخلات!$B$7/1440)-1,12)+1)&":"&TEXT(MINUTE(المدخلات!$B$4+(7-1)*المدخلات!$B$7/1440),"00")&"–"&(MOD(HOUR(المدخلات!$B$4+(7-1)*المدخلات!$B$7/1440+المدخلات!$B$5/1440)-1,12)+1)&":"&TEXT(MINUTE(المدخلات!$B$4+(7-1)*المدخلات!$B$7/1440+المدخلات!$B$5/1440),"00")&" م" -> 5:30–5:45 م | C10: 3 ضد 5
B11: =(MOD(HOUR(المدخلات!$B$4+(8-1)*المدخلات!$B$7/1440)-1,12)+1)&":"&TEXT(MINUTE(المدخلات!$B$4+(8-1)*المدخلات!$B$7/1440),"00")&"–"&(MOD(HOUR(المدخلات!$B$4+(8-1)*المدخلات!$B$7/1440+المدخلات!$B$5/1440)-1,12)+1)&":"&TEXT(MINUTE(المدخلات!$B$4+(8-1)*المدخلات!$B$7/1440+المدخلات!$B$5/1440),"00")&" م" -> 5:45–6:00 م | C11: 1 ضد 2
B12: =(MOD(HOUR(المدخلات!$B$4+(9-1)*المدخلات!$B$7/1440)-1,12)+1)&":"&TEXT(MINUTE(المدخلات!$B$4+(9-1)*المدخلات!$B$7/1440),"00")&"–"&(MOD(HOUR(المدخلات!$B$4+(9-1)*المدخلات!$B$7/1440+المدخلات!$B$5/1440)-1,12)+1)&":"&TEXT(MINUTE(المدخلات!$B$4+(9-1)*المدخلات!$B$7/1440+المدخلات!$B$5/1440),"00")&" م" -> 6:00–6:15 م | C12: 3 ضد 4
B13: =(MOD(HOUR(المدخلات!$B$4+(10-1)*المدخلات!$B$7/1440)-1,12)+1)&":"&TEXT(MINUTE(المدخلات!$B$4+(10-1)*المدخلات!$B$7/1440),"00")&"–"&(MOD(HOUR(المدخلات!$B$4+(10-1)*المدخلات!$B$7/1440+المدخلات!$B$5/1440)-1,12)+1)&":"&TEXT(MINUTE(المدخلات!$B$4+(10-1)*المدخلات!$B$7/1440+المدخلات!$B$5/1440),"00")&" م" -> 6:15–6:30 م | C13: 2 ضد 5
A14: المهرجان 2 | B14: =(MOD(HOUR(المدخلات!$B$4+(1-1)*المدخلات!$B$7/1440)-1,12)+1)&":"&TEXT(MINUTE(المدخلات!$B$4+(1-1)*المدخلات!$B$7/1440),"00")&"–"&(MOD(HOUR(المدخلات!$B$4+(1-1)*المدخلات!$B$7/1440+المدخلات!$B$5/1440)-1,12)+1)&":"&TEXT(MINUTE(المدخلات!$B$4+(1-1)*المدخلات!$B$7/1440+المدخلات!$B$5/1440),"00")&" م" -> 4:00–4:15 م | C14: 1 ضد 2 | D14: =COUNTA(C14:C23) -> 10
B15: =(MOD(HOUR(المدخلات!$B$4+(2-1)*المدخلات!$B$7/1440)-1,12)+1)&":"&TEXT(MINUTE(المدخلات!$B$4+(2-1)*المدخلات!$B$7/1440),"00")&"–"&(MOD(HOUR(المدخلات!$B$4+(2-1)*المدخلات!$B$7/1440+المدخلات!$B$5/1440)-1,12)+1)&":"&TEXT(MINUTE(المدخلات!$B$4+(2-1)*المدخلات!$B$7/1440+المدخلات!$B$5/1440),"00")&" م" -> 4:15–4:30 م | C15: 4 ضد 5
B16: =(MOD(HOUR(المدخلات!$B$4+(3-1)*المدخلات!$B$7/1440)-1,12)+1)&":"&TEXT(MINUTE(المدخلات!$B$4+(3-1)*المدخلات!$B$7/1440),"00")&"–"&(MOD(HOUR(المدخلات!$B$4+(3-1)*المدخلات!$B$7/1440+المدخلات!$B$5/1440)-1,12)+1)&":"&TEXT(MINUTE(المدخلات!$B$4+(3-1)*المدخلات!$B$7/1440+المدخلات!$B$5/1440),"00")&" م" -> 4:30–4:45 م | C16: 2 ضد 3
B17: =(MOD(HOUR(المدخلات!$B$4+(4-1)*المدخلات!$B$7/1440)-1,12)+1)&":"&TEXT(MINUTE(المدخلات!$B$4+(4-1)*المدخلات!$B$7/1440),"00")&"–"&(MOD(HOUR(المدخلات!$B$4+(4-1)*المدخلات!$B$7/1440+المدخلات!$B$5/1440)-1,12)+1)&":"&TEXT(MINUTE(المدخلات!$B$4+(4-1)*المدخلات!$B$7/1440+المدخلات!$B$5/1440),"00")&" م" -> 4:45–5:00 م | C17: 1 ضد 5
B18: =(MOD(HOUR(المدخلات!$B$4+(5-1)*المدخلات!$B$7/1440)-1,12)+1)&":"&TEXT(MINUTE(المدخلات!$B$4+(5-1)*المدخلات!$B$7/1440),"00")&"–"&(MOD(HOUR(المدخلات!$B$4+(5-1)*المدخلات!$B$7/1440+المدخلات!$B$5/1440)-1,12)+1)&":"&TEXT(MINUTE(المدخلات!$B$4+(5-1)*المدخلات!$B$7/1440+المدخلات!$B$5/1440),"00")&" م" -> 5:00–5:15 م | C18: 3 ضد 4
B19: =(MOD(HOUR(المدخلات!$B$4+(6-1)*المدخلات!$B$7/1440)-1,12)+1)&":"&TEXT(MINUTE(المدخلات!$B$4+(6-1)*المدخلات!$B$7/1440),"00")&"–"&(MOD(HOUR(المدخلات!$B$4+(6-1)*المدخلات!$B$7/1440+المدخلات!$B$5/1440)-1,12)+1)&":"&TEXT(MINUTE(المدخلات!$B$4+(6-1)*المدخلات!$B$7/1440+المدخلات!$B$5/1440),"00")&" م" -> 5:15–5:30 م | C19: 2 ضد 5
B20: =(MOD(HOUR(المدخلات!$B$4+(7-1)*المدخلات!$B$7/1440)-1,12)+1)&":"&TEXT(MINUTE(المدخلات!$B$4+(7-1)*المدخلات!$B$7/1440),"00")&"–"&(MOD(HOUR(المدخلات!$B$4+(7-1)*المدخلات!$B$7/1440+المدخلات!$B$5/1440)-1,12)+1)&":"&TEXT(MINUTE(المدخلات!$B$4+(7-1)*المدخلات!$B$7/1440+المدخلات!$B$5/1440),"00")&" م" -> 5:30–5:45 م | C20: 1 ضد 3
B21: =(MOD(HOUR(المدخلات!$B$4+(8-1)*المدخلات!$B$7/1440)-1,12)+1)&":"&TEXT(MINUTE(المدخلات!$B$4+(8-1)*المدخلات!$B$7/1440),"00")&"–"&(MOD(HOUR(المدخلات!$B$4+(8-1)*المدخلات!$B$7/1440+المدخلات!$B$5/1440)-1,12)+1)&":"&TEXT(MINUTE(المدخلات!$B$4+(8-1)*المدخلات!$B$7/1440+المدخلات!$B$5/1440),"00")&" م" -> 5:45–6:00 م | C21: 2 ضد 4
B22: =(MOD(HOUR(المدخلات!$B$4+(9-1)*المدخلات!$B$7/1440)-1,12)+1)&":"&TEXT(MINUTE(المدخلات!$B$4+(9-1)*المدخلات!$B$7/1440),"00")&"–"&(MOD(HOUR(المدخلات!$B$4+(9-1)*المدخلات!$B$7/1440+المدخلات!$B$5/1440)-1,12)+1)&":"&TEXT(MINUTE(المدخلات!$B$4+(9-1)*المدخلات!$B$7/1440+المدخلات!$B$5/1440),"00")&" م" -> 6:00–6:15 م | C22: 3 ضد 5
B23: =(MOD(HOUR(المدخلات!$B$4+(10-1)*المدخلات!$B$7/1440)-1,12)+1)&":"&TEXT(MINUTE(المدخلات!$B$4+(10-1)*المدخلات!$B$7/1440),"00")&"–"&(MOD(HOUR(المدخلات!$B$4+(10-1)*المدخلات!$B$7/1440+المدخلات!$B$5/1440)-1,12)+1)&":"&TEXT(MINUTE(المدخلات!$B$4+(10-1)*المدخلات!$B$7/1440+المدخلات!$B$5/1440),"00")&" م" -> 6:15–6:30 م | C23: 1 ضد 4
A24: المهرجان 3 | B24: =(MOD(HOUR(المدخلات!$B$4+(1-1)*المدخلات!$B$7/1440)-1,12)+1)&":"&TEXT(MINUTE(المدخلات!$B$4+(1-1)*المدخلات!$B$7/1440),"00")&"–"&(MOD(HOUR(المدخلات!$B$4+(1-1)*المدخلات!$B$7/1440+المدخلات!$B$5/1440)-1,12)+1)&":"&TEXT(MINUTE(المدخلات!$B$4+(1-1)*المدخلات!$B$7/1440+المدخلات!$B$5/1440),"00")&" م" -> 4:00–4:15 م | C24: 3 ضد 4 | D24: =COUNTA(C24:C33) -> 10
B25: =(MOD(HOUR(المدخلات!$B$4+(2-1)*المدخلات!$B$7/1440)-1,12)+1)&":"&TEXT(MINUTE(المدخلات!$B$4+(2-1)*المدخلات!$B$7/1440),"00")&"–"&(MOD(HOUR(المدخلات!$B$4+(2-1)*المدخلات!$B$7/1440+المدخلات!$B$5/1440)-1,12)+1)&":"&TEXT(MINUTE(المدخلات!$B$4+(2-1)*المدخلات!$B$7/1440+المدخلات!$B$5/1440),"00")&" م" -> 4:15–4:30 م | C25: 2 ضد 5
B26: =(MOD(HOUR(المدخلات!$B$4+(3-1)*المدخلات!$B$7/1440)-1,12)+1)&":"&TEXT(MINUTE(المدخلات!$B$4+(3-1)*المدخلات!$B$7/1440),"00")&"–"&(MOD(HOUR(المدخلات!$B$4+(3-1)*المدخلات!$B$7/1440+المدخلات!$B$5/1440)-1,12)+1)&":"&TEXT(MINUTE(المدخلات!$B$4+(3-1)*المدخلات!$B$7/1440+المدخلات!$B$5/1440),"00")&" م" -> 4:30–4:45 م | C26: 1 ضد 3
B27: =(MOD(HOUR(المدخلات!$B$4+(4-1)*المدخلات!$B$7/1440)-1,12)+1)&":"&TEXT(MINUTE(المدخلات!$B$4+(4-1)*المدخلات!$B$7/1440),"00")&"–"&(MOD(HOUR(المدخلات!$B$4+(4-1)*المدخلات!$B$7/1440+المدخلات!$B$5/1440)-1,12)+1)&":"&TEXT(MINUTE(المدخلات!$B$4+(4-1)*المدخلات!$B$7/1440+المدخلات!$B$5/1440),"00")&" م" -> 4:45–5:00 م | C27: 4 ضد 5
B28: =(MOD(HOUR(المدخلات!$B$4+(5-1)*المدخلات!$B$7/1440)-1,12)+1)&":"&TEXT(MINUTE(المدخلات!$B$4+(5-1)*المدخلات!$B$7/1440),"00")&"–"&(MOD(HOUR(المدخلات!$B$4+(5-1)*المدخلات!$B$7/1440+المدخلات!$B$5/1440)-1,12)+1)&":"&TEXT(MINUTE(المدخلات!$B$4+(5-1)*المدخلات!$B$7/1440+المدخلات!$B$5/1440),"00")&" م" -> 5:00–5:15 م | C28: 1 ضد 2
B29: =(MOD(HOUR(المدخلات!$B$4+(6-1)*المدخلات!$B$7/1440)-1,12)+1)&":"&TEXT(MINUTE(المدخلات!$B$4+(6-1)*المدخلات!$B$7/1440),"00")&"–"&(MOD(HOUR(المدخلات!$B$4+(6-1)*المدخلات!$B$7/1440+المدخلات!$B$5/1440)-1,12)+1)&":"&TEXT(MINUTE(المدخلات!$B$4+(6-1)*المدخلات!$B$7/1440+المدخلات!$B$5/1440),"00")&" م" -> 5:15–5:30 م | C29: 3 ضد 5
B30: =(MOD(HOUR(المدخلات!$B$4+(7-1)*المدخلات!$B$7/1440)-1,12)+1)&":"&TEXT(MINUTE(المدخلات!$B$4+(7-1)*المدخلات!$B$7/1440),"00")&"–"&(MOD(HOUR(المدخلات!$B$4+(7-1)*المدخلات!$B$7/1440+المدخلات!$B$5/1440)-1,12)+1)&":"&TEXT(MINUTE(المدخلات!$B$4+(7-1)*المدخلات!$B$7/1440+المدخلات!$B$5/1440),"00")&" م" -> 5:30–5:45 م | C30: 2 ضد 4
B31: =(MOD(HOUR(المدخلات!$B$4+(8-1)*المدخلات!$B$7/1440)-1,12)+1)&":"&TEXT(MINUTE(المدخلات!$B$4+(8-1)*المدخلات!$B$7/1440),"00")&"–"&(MOD(HOUR(المدخلات!$B$4+(8-1)*المدخلات!$B$7/1440+المدخلات!$B$5/1440)-1,12)+1)&":"&TEXT(MINUTE(المدخلات!$B$4+(8-1)*المدخلات!$B$7/1440+المدخلات!$B$5/1440),"00")&" م" -> 5:45–6:00 م | C31: 1 ضد 5
B32: =(MOD(HOUR(المدخلات!$B$4+(9-1)*المدخلات!$B$7/1440)-1,12)+1)&":"&TEXT(MINUTE(المدخلات!$B$4+(9-1)*المدخلات!$B$7/1440),"00")&"–"&(MOD(HOUR(المدخلات!$B$4+(9-1)*المدخلات!$B$7/1440+المدخلات!$B$5/1440)-1,12)+1)&":"&TEXT(MINUTE(المدخلات!$B$4+(9-1)*المدخلات!$B$7/1440+المدخلات!$B$5/1440),"00")&" م" -> 6:00–6:15 م | C32: 2 ضد 3
B33: =(MOD(HOUR(المدخلات!$B$4+(10-1)*المدخلات!$B$7/1440)-1,12)+1)&":"&TEXT(MINUTE(المدخلات!$B$4+(10-1)*المدخلات!$B$7/1440),"00")&"–"&(MOD(HOUR(المدخلات!$B$4+(10-1)*المدخلات!$B$7/1440+المدخلات!$B$5/1440)-1,12)+1)&":"&TEXT(MINUTE(المدخلات!$B$4+(10-1)*المدخلات!$B$7/1440+المدخلات!$B$5/1440),"00")&" م" -> 6:15–6:30 م | C33: 1 ضد 4
A34: المهرجان 4 | B34: =(MOD(HOUR(المدخلات!$B$4+(1-1)*المدخلات!$B$7/1440)-1,12)+1)&":"&TEXT(MINUTE(المدخلات!$B$4+(1-1)*المدخلات!$B$7/1440),"00")&"–"&(MOD(HOUR(المدخلات!$B$4+(1-1)*المدخلات!$B$7/1440+المدخلات!$B$5/1440)-1,12)+1)&":"&TEXT(MINUTE(المدخلات!$B$4+(1-1)*المدخلات!$B$7/1440+المدخلات!$B$5/1440),"00")&" م" -> 4:00–4:15 م | C34: 1 ضد 5 | D34: =COUNTA(C34:C43) -> 10
B35: =(MOD(HOUR(المدخلات!$B$4+(2-1)*المدخلات!$B$7/1440)-1,12)+1)&":"&TEXT(MINUTE(المدخلات!$B$4+(2-1)*المدخلات!$B$7/1440),"00")&"–"&(MOD(HOUR(المدخلات!$B$4+(2-1)*المدخلات!$B$7/1440+المدخلات!$B$5/1440)-1,12)+1)&":"&TEXT(MINUTE(المدخلات!$B$4+(2-1)*المدخلات!$B$7/1440+المدخلات!$B$5/1440),"00")&" م" -> 4:15–4:30 م | C35: 2 ضد 3
B36: =(MOD(HOUR(المدخلات!$B$4+(3-1)*المدخلات!$B$7/1440)-1,12)+1)&":"&TEXT(MINUTE(المدخلات!$B$4+(3-1)*المدخلات!$B$7/1440),"00")&"–"&(MOD(HOUR(المدخلات!$B$4+(3-1)*المدخلات!$B$7/1440+المدخلات!$B$5/1440)-1,12)+1)&":"&TEXT(MINUTE(المدخلات!$B$4+(3-1)*المدخلات!$B$7/1440+المدخلات!$B$5/1440),"00")&" م" -> 4:30–4:45 م | C36: 1 ضد 4
B37: =(MOD(HOUR(المدخلات!$B$4+(4-1)*المدخلات!$B$7/1440)-1,12)+1)&":"&TEXT(MINUTE(المدخلات!$B$4+(4-1)*المدخلات!$B$7/1440),"00")&"–"&(MOD(HOUR(المدخلات!$B$4+(4-1)*المدخلات!$B$7/1440+المدخلات!$B$5/1440)-1,12)+1)&":"&TEXT(MINUTE(المدخلات!$B$4+(4-1)*المدخلات!$B$7/1440+المدخلات!$B$5/1440),"00")&" م" -> 4:45–5:00 م | C37: 2 ضد 5
B38: =(MOD(HOUR(المدخلات!$B$4+(5-1)*المدخلات!$B$7/1440)-1,12)+1)&":"&TEXT(MINUTE(المدخلات!$B$4+(5-1)*المدخلات!$B$7/1440),"00")&"–"&(MOD(HOUR(المدخلات!$B$4+(5-1)*المدخلات!$B$7/1440+المدخلات!$B$5/1440)-1,12)+1)&":"&TEXT(MINUTE(المدخلات!$B$4+(5-1)*المدخلات!$B$7/1440+المدخلات!$B$5/1440),"00")&" م" -> 5:00–5:15 م | C38: 3 ضد 4
B39: =(MOD(HOUR(المدخلات!$B$4+(6-1)*المدخلات!$B$7/1440)-1,12)+1)&":"&TEXT(MINUTE(المدخلات!$B$4+(6-1)*المدخلات!$B$7/1440),"00")&"–"&(MOD(HOUR(المدخلات!$B$4+(6-1)*المدخلات!$B$7/1440+المدخلات!$B$5/1440)-1,12)+1)&":"&TEXT(MINUTE(المدخلات!$B$4+(6-1)*المدخلات!$B$7/1440+المدخلات!$B$5/1440),"00")&" م" -> 5:15–5:30 م | C39: 1 ضد 2
B40: =(MOD(HOUR(المدخلات!$B$4+(7-1)*المدخلات!$B$7/1440)-1,12)+1)&":"&TEXT(MINUTE(المدخلات!$B$4+(7-1)*المدخلات!$B$7/1440),"00")&"–"&(MOD(HOUR(المدخلات!$B$4+(7-1)*المدخلات!$B$7/1440+المدخلات!$B$5/1440)-1,12)+1)&":"&TEXT(MINUTE(المدخلات!$B$4+(7-1)*المدخلات!$B$7/1440+المدخلات!$B$5/1440),"00")&" م" -> 5:30–5:45 م | C40: 4 ضد 5
B41: =(MOD(HOUR(المدخلات!$B$4+(8-1)*المدخلات!$B$7/1440)-1,12)+1)&":"&TEXT(MINUTE(المدخلات!$B$4+(8-1)*المدخلات!$B$7/1440),"00")&"–"&(MOD(HOUR(المدخلات!$B$4+(8-1)*المدخلات!$B$7/1440+المدخلات!$B$5/1440)-1,12)+1)&":"&TEXT(MINUTE(المدخلات!$B$4+(8-1)*المدخلات!$B$7/1440+المدخلات!$B$5/1440),"00")&" م" -> 5:45–6:00 م | C41: 1 ضد 3
B42: =(MOD(HOUR(المدخلات!$B$4+(9-1)*المدخلات!$B$7/1440)-1,12)+1)&":"&TEXT(MINUTE(المدخلات!$B$4+(9-1)*المدخلات!$B$7/1440),"00")&"–"&(MOD(HOUR(المدخلات!$B$4+(9-1)*المدخلات!$B$7/1440+المدخلات!$B$5/1440)-1,12)+1)&":"&TEXT(MINUTE(المدخلات!$B$4+(9-1)*المدخلات!$B$7/1440+المدخلات!$B$5/1440),"00")&" م" -> 6:00–6:15 م | C42: 2 ضد 4
B43: =(MOD(HOUR(المدخلات!$B$4+(10-1)*المدخلات!$B$7/1440)-1,12)+1)&":"&TEXT(MINUTE(المدخلات!$B$4+(10-1)*المدخلات!$B$7/1440),"00")&"–"&(MOD(HOUR(المدخلات!$B$4+(10-1)*المدخلات!$B$7/1440+المدخلات!$B$5/1440)-1,12)+1)&":"&TEXT(MINUTE(المدخلات!$B$4+(10-1)*المدخلات!$B$7/1440+المدخلات!$B$5/1440),"00")&" م" -> 6:15–6:30 م | C43: 3 ضد 5
A44: المهرجان 5 | B44: =(MOD(HOUR(المدخلات!$B$4+(1-1)*المدخلات!$B$7/1440)-1,12)+1)&":"&TEXT(MINUTE(المدخلات!$B$4+(1-1)*المدخلات!$B$7/1440),"00")&"–"&(MOD(HOUR(المدخلات!$B$4+(1-1)*المدخلات!$B$7/1440+المدخلات!$B$5/1440)-1,12)+1)&":"&TEXT(MINUTE(المدخلات!$B$4+(1-1)*المدخلات!$B$7/1440+المدخلات!$B$5/1440),"00")&" م" -> 4:00–4:15 م | C44: 2 ضد 3 | D44: =COUNTA(C44:C53) -> 10
B45: =(MOD(HOUR(المدخلات!$B$4+(2-1)*المدخلات!$B$7/1440)-1,12)+1)&":"&TEXT(MINUTE(المدخلات!$B$4+(2-1)*المدخلات!$B$7/1440),"00")&"–"&(MOD(HOUR(المدخلات!$B$4+(2-1)*المدخلات!$B$7/1440+المدخلات!$B$5/1440)-1,12)+1)&":"&TEXT(MINUTE(المدخلات!$B$4+(2-1)*المدخلات!$B$7/1440+المدخلات!$B$5/1440),"00")&" م" -> 4:15–4:30 م | C45: 4 ضد 5
B46: =(MOD(HOUR(المدخلات!$B$4+(3-1)*المدخلات!$B$7/1440)-1,12)+1)&":"&TEXT(MINUTE(المدخلات!$B$4+(3-1)*المدخلات!$B$7/1440),"00")&"–"&(MOD(HOUR(المدخلات!$B$4+(3-1)*المدخلات!$B$7/1440+المدخلات!$B$5/1440)-1,12)+1)&":"&TEXT(MINUTE(المدخلات!$B$4+(3-1)*المدخلات!$B$7/1440+المدخلات!$B$5/1440),"00")&" م" -> 4:30–4:45 م | C46: 1 ضد 3
B47: =(MOD(HOUR(المدخلات!$B$4+(4-1)*المدخلات!$B$7/1440)-1,12)+1)&":"&TEXT(MINUTE(المدخلات!$B$4+(4-1)*المدخلات!$B$7/1440),"00")&"–"&(MOD(HOUR(المدخلات!$B$4+(4-1)*المدخلات!$B$7/1440+المدخلات!$B$5/1440)-1,12)+1)&":"&TEXT(MINUTE(المدخلات!$B$4+(4-1)*المدخلات!$B$7/1440+المدخلات!$B$5/1440),"00")&" م" -> 4:45–5:00 م | C47: 2 ضد 4
B48: =(MOD(HOUR(المدخلات!$B$4+(5-1)*المدخلات!$B$7/1440)-1,12)+1)&":"&TEXT(MINUTE(المدخلات!$B$4+(5-1)*المدخلات!$B$7/1440),"00")&"–"&(MOD(HOUR(المدخلات!$B$4+(5-1)*المدخلات!$B$7/1440+المدخلات!$B$5/1440)-1,12)+1)&":"&TEXT(MINUTE(المدخلات!$B$4+(5-1)*المدخلات!$B$7/1440+المدخلات!$B$5/1440),"00")&" م" -> 5:00–5:15 م | C48: 1 ضد 5
B49: =(MOD(HOUR(المدخلات!$B$4+(6-1)*المدخلات!$B$7/1440)-1,12)+1)&":"&TEXT(MINUTE(المدخلات!$B$4+(6-1)*المدخلات!$B$7/1440),"00")&"–"&(MOD(HOUR(المدخلات!$B$4+(6-1)*المدخلات!$B$7/1440+المدخلات!$B$5/1440)-1,12)+1)&":"&TEXT(MINUTE(المدخلات!$B$4+(6-1)*المدخلات!$B$7/1440+المدخلات!$B$5/1440),"00")&" م" -> 5:15–5:30 م | C49: 3 ضد 4
B50: =(MOD(HOUR(المدخلات!$B$4+(7-1)*المدخلات!$B$7/1440)-1,12)+1)&":"&TEXT(MINUTE(المدخلات!$B$4+(7-1)*المدخلات!$B$7/1440),"00")&"–"&(MOD(HOUR(المدخلات!$B$4+(7-1)*المدخلات!$B$7/1440+المدخلات!$B$5/1440)-1,12)+1)&":"&TEXT(MINUTE(المدخلات!$B$4+(7-1)*المدخلات!$B$7/1440+المدخلات!$B$5/1440),"00")&" م" -> 5:30–5:45 م | C50: 2 ضد 5
B51: =(MOD(HOUR(المدخلات!$B$4+(8-1)*المدخلات!$B$7/1440)-1,12)+1)&":"&TEXT(MINUTE(المدخلات!$B$4+(8-1)*المدخلات!$B$7/1440),"00")&"–"&(MOD(HOUR(المدخلات!$B$4+(8-1)*المدخلات!$B$7/1440+المدخلات!$B$5/1440)-1,12)+1)&":"&TEXT(MINUTE(المدخلات!$B$4+(8-1)*المدخلات!$B$7/1440+المدخلات!$B$5/1440),"00")&" م" -> 5:45–6:00 م | C51: 1 ضد 4
B52: =(MOD(HOUR(المدخلات!$B$4+(9-1)*المدخلات!$B$7/1440)-1,12)+1)&":"&TEXT(MINUTE(المدخلات!$B$4+(9-1)*المدخلات!$B$7/1440),"00")&"–"&(MOD(HOUR(المدخلات!$B$4+(9-1)*المدخلات!$B$7/1440+المدخلات!$B$5/1440)-1,12)+1)&":"&TEXT(MINUTE(المدخلات!$B$4+(9-1)*المدخلات!$B$7/1440+المدخلات!$B$5/1440),"00")&" م" -> 6:00–6:15 م | C52: 3 ضد 5
B53: =(MOD(HOUR(المدخلات!$B$4+(10-1)*المدخلات!$B$7/1440)-1,12)+1)&":"&TEXT(MINUTE(المدخلات!$B$4+(10-1)*المدخلات!$B$7/1440),"00")&"–"&(MOD(HOUR(المدخلات!$B$4+(10-1)*المدخلات!$B$7/1440+المدخلات!$B$5/1440)-1,12)+1)&":"&TEXT(MINUTE(المدخلات!$B$4+(10-1)*المدخلات!$B$7/1440+المدخلات!$B$5/1440),"00")&" م" -> 6:15–6:30 م | C53: 1 ضد 2
A54: المهرجان 6 | B54: =(MOD(HOUR(المدخلات!$B$4+(1-1)*المدخلات!$B$7/1440)-1,12)+1)&":"&TEXT(MINUTE(المدخلات!$B$4+(1-1)*المدخلات!$B$7/1440),"00")&"–"&(MOD(HOUR(المدخلات!$B$4+(1-1)*المدخلات!$B$7/1440+المدخلات!$B$5/1440)-1,12)+1)&":"&TEXT(MINUTE(المدخلات!$B$4+(1-1)*المدخلات!$B$7/1440+المدخلات!$B$5/1440),"00")&" م" -> 4:00–4:15 م | C54: 2 ضد 3 | D54: =COUNTA(C54:C63) -> 10
B55: =(MOD(HOUR(المدخلات!$B$4+(2-1)*المدخلات!$B$7/1440)-1,12)+1)&":"&TEXT(MINUTE(المدخلات!$B$4+(2-1)*المدخلات!$B$7/1440),"00")&"–"&(MOD(HOUR(المدخلات!$B$4+(2-1)*المدخلات!$B$7/1440+المدخلات!$B$5/1440)-1,12)+1)&":"&TEXT(MINUTE(المدخلات!$B$4+(2-1)*المدخلات!$B$7/1440+المدخلات!$B$5/1440),"00")&" م" -> 4:15–4:30 م | C55: 1 ضد 5
B56: =(MOD(HOUR(المدخلات!$B$4+(3-1)*المدخلات!$B$7/1440)-1,12)+1)&":"&TEXT(MINUTE(المدخلات!$B$4+(3-1)*المدخلات!$B$7/1440),"00")&"–"&(MOD(HOUR(المدخلات!$B$4+(3-1)*المدخلات!$B$7/1440+المدخلات!$B$5/1440)-1,12)+1)&":"&TEXT(MINUTE(المدخلات!$B$4+(3-1)*المدخلات!$B$7/1440+المدخلات!$B$5/1440),"00")&" م" -> 4:30–4:45 م | C56: 2 ضد 4
B57: =(MOD(HOUR(المدخلات!$B$4+(4-1)*المدخلات!$B$7/1440)-1,12)+1)&":"&TEXT(MINUTE(المدخلات!$B$4+(4-1)*المدخلات!$B$7/1440),"00")&"–"&(MOD(HOUR(المدخلات!$B$4+(4-1)*المدخلات!$B$7/1440+المدخلات!$B$5/1440)-1,12)+1)&":"&TEXT(MINUTE(المدخلات!$B$4+(4-1)*المدخلات!$B$7/1440+المدخلات!$B$5/1440),"00")&" م" -> 4:45–5:00 م | C57: 3 ضد 5
B58: =(MOD(HOUR(المدخلات!$B$4+(5-1)*المدخلات!$B$7/1440)-1,12)+1)&":"&TEXT(MINUTE(المدخلات!$B$4+(5-1)*المدخلات!$B$7/1440),"00")&"–"&(MOD(HOUR(المدخلات!$B$4+(5-1)*المدخلات!$B$7/1440+المدخلات!$B$5/1440)-1,12)+1)&":"&TEXT(MINUTE(المدخلات!$B$4+(5-1)*المدخلات!$B$7/1440+المدخلات!$B$5/1440),"00")&" م" -> 5:00–5:15 م | C58: 1 ضد 4
B59: =(MOD(HOUR(المدخلات!$B$4+(6-1)*المدخلات!$B$7/1440)-1,12)+1)&":"&TEXT(MINUTE(المدخلات!$B$4+(6-1)*المدخلات!$B$7/1440),"00")&"–"&(MOD(HOUR(المدخلات!$B$4+(6-1)*المدخلات!$B$7/1440+المدخلات!$B$5/1440)-1,12)+1)&":"&TEXT(MINUTE(المدخلات!$B$4+(6-1)*المدخلات!$B$7/1440+المدخلات!$B$5/1440),"00")&" م" -> 5:15–5:30 م | C59: 2 ضد 5
B60: =(MOD(HOUR(المدخلات!$B$4+(7-1)*المدخلات!$B$7/1440)-1,12)+1)&":"&TEXT(MINUTE(المدخلات!$B$4+(7-1)*المدخلات!$B$7/1440),"00")&"–"&(MOD(HOUR(المدخلات!$B$4+(7-1)*المدخلات!$B$7/1440+المدخلات!$B$5/1440)-1,12)+1)&":"&TEXT(MINUTE(المدخلات!$B$4+(7-1)*المدخلات!$B$7/1440+المدخلات!$B$5/1440),"00")&" م" -> 5:30–5:45 م | C60: 3 ضد 4
B61: =(MOD(HOUR(المدخلات!$B$4+(8-1)*المدخلات!$B$7/1440)-1,12)+1)&":"&TEXT(MINUTE(المدخلات!$B$4+(8-1)*المدخلات!$B$7/1440),"00")&"–"&(MOD(HOUR(المدخلات!$B$4+(8-1)*المدخلات!$B$7/1440+المدخلات!$B$5/1440)-1,12)+1)&":"&TEXT(MINUTE(المدخلات!$B$4+(8-1)*المدخلات!$B$7/1440+المدخلات!$B$5/1440),"00")&" م" -> 5:45–6:00 م | C61: 1 ضد 2
B62: =(MOD(HOUR(المدخلات!$B$4+(9-1)*المدخلات!$B$7/1440)-1,12)+1)&":"&TEXT(MINUTE(المدخلات!$B$4+(9-1)*المدخلات!$B$7/1440),"00")&"–"&(MOD(HOUR(المدخلات!$B$4+(9-1)*المدخلات!$B$7/1440+المدخلات!$B$5/1440)-1,12)+1)&":"&TEXT(MINUTE(المدخلات!$B$4+(9-1)*المدخلات!$B$7/1440+المدخلات!$B$5/1440),"00")&" م" -> 6:00–6:15 م | C62: 4 ضد 5
B63: =(MOD(HOUR(المدخلات!$B$4+(10-1)*المدخلات!$B$7/1440)-1,12)+1)&":"&TEXT(MINUTE(المدخلات!$B$4+(10-1)*المدخلات!$B$7/1440),"00")&"–"&(MOD(HOUR(المدخلات!$B$4+(10-1)*المدخلات!$B$7/1440+المدخلات!$B$5/1440)-1,12)+1)&":"&TEXT(MINUTE(المدخلات!$B$4+(10-1)*المدخلات!$B$7/1440+المدخلات!$B$5/1440),"00")&" م" -> 6:15–6:30 م | C63: 1 ضد 3
A64: المهرجان 7 | B64: =(MOD(HOUR(المدخلات!$B$4+(1-1)*المدخلات!$B$7/1440)-1,12)+1)&":"&TEXT(MINUTE(المدخلات!$B$4+(1-1)*المدخلات!$B$7/1440),"00")&"–"&(MOD(HOUR(المدخلات!$B$4+(1-1)*المدخلات!$B$7/1440+المدخلات!$B$5/1440)-1,12)+1)&":"&TEXT(MINUTE(المدخلات!$B$4+(1-1)*المدخلات!$B$7/1440+المدخلات!$B$5/1440),"00")&" م" -> 4:00–4:15 م | C64: 1 ضد 4 | D64: =COUNTA(C64:C73) -> 10
B65: =(MOD(HOUR(المدخلات!$B$4+(2-1)*المدخلات!$B$7/1440)-1,12)+1)&":"&TEXT(MINUTE(المدخلات!$B$4+(2-1)*المدخلات!$B$7/1440),"00")&"–"&(MOD(HOUR(المدخلات!$B$4+(2-1)*المدخلات!$B$7/1440+المدخلات!$B$5/1440)-1,12)+1)&":"&TEXT(MINUTE(المدخلات!$B$4+(2-1)*المدخلات!$B$7/1440+المدخلات!$B$5/1440),"00")&" م" -> 4:15–4:30 م | C65: 2 ضد 5
B66: =(MOD(HOUR(المدخلات!$B$4+(3-1)*المدخلات!$B$7/1440)-1,12)+1)&":"&TEXT(MINUTE(المدخلات!$B$4+(3-1)*المدخلات!$B$7/1440),"00")&"–"&(MOD(HOUR(المدخلات!$B$4+(3-1)*المدخلات!$B$7/1440+المدخلات!$B$5/1440)-1,12)+1)&":"&TEXT(MINUTE(المدخلات!$B$4+(3-1)*المدخلات!$B$7/1440+المدخلات!$B$5/1440),"00")&" م" -> 4:30–4:45 م | C66: 1 ضد 3
B67: =(MOD(HOUR(المدخلات!$B$4+(4-1)*المدخلات!$B$7/1440)-1,12)+1)&":"&TEXT(MINUTE(المدخلات!$B$4+(4-1)*المدخلات!$B$7/1440),"00")&"–"&(MOD(HOUR(المدخلات!$B$4+(4-1)*المدخلات!$B$7/1440+المدخلات!$B$5/1440)-1,12)+1)&":"&TEXT(MINUTE(المدخلات!$B$4+(4-1)*المدخلات!$B$7/1440+المدخلات!$B$5/1440),"00")&" م" -> 4:45–5:00 م | C67: 4 ضد 5
B68: =(MOD(HOUR(المدخلات!$B$4+(5-1)*المدخلات!$B$7/1440)-1,12)+1)&":"&TEXT(MINUTE(المدخلات!$B$4+(5-1)*المدخلات!$B$7/1440),"00")&"–"&(MOD(HOUR(المدخلات!$B$4+(5-1)*المدخلات!$B$7/1440+المدخلات!$B$5/1440)-1,12)+1)&":"&TEXT(MINUTE(المدخلات!$B$4+(5-1)*المدخلات!$B$7/1440+المدخلات!$B$5/1440),"00")&" م" -> 5:00–5:15 م | C68: 2 ضد 3
B69: =(MOD(HOUR(المدخلات!$B$4+(6-1)*المدخلات!$B$7/1440)-1,12)+1)&":"&TEXT(MINUTE(المدخلات!$B$4+(6-1)*المدخلات!$B$7/1440),"00")&"–"&(MOD(HOUR(المدخلات!$B$4+(6-1)*المدخلات!$B$7/1440+المدخلات!$B$5/1440)-1,12)+1)&":"&TEXT(MINUTE(المدخلات!$B$4+(6-1)*المدخلات!$B$7/1440+المدخلات!$B$5/1440),"00")&" م" -> 5:15–5:30 م | C69: 1 ضد 5
B70: =(MOD(HOUR(المدخلات!$B$4+(7-1)*المدخلات!$B$7/1440)-1,12)+1)&":"&TEXT(MINUTE(المدخلات!$B$4+(7-1)*المدخلات!$B$7/1440),"00")&"–"&(MOD(HOUR(المدخلات!$B$4+(7-1)*المدخلات!$B$7/1440+المدخلات!$B$5/1440)-1,12)+1)&":"&TEXT(MINUTE(المدخلات!$B$4+(7-1)*المدخلات!$B$7/1440+المدخلات!$B$5/1440),"00")&" م" -> 5:30–5:45 م | C70: 3 ضد 4
B71: =(MOD(HOUR(المدخلات!$B$4+(8-1)*المدخلات!$B$7/1440)-1,12)+1)&":"&TEXT(MINUTE(المدخلات!$B$4+(8-1)*المدخلات!$B$7/1440),"00")&"–"&(MOD(HOUR(المدخلات!$B$4+(8-1)*المدخلات!$B$7/1440+المدخلات!$B$5/1440)-1,12)+1)&":"&TEXT(MINUTE(المدخلات!$B$4+(8-1)*المدخلات!$B$7/1440+المدخلات!$B$5/1440),"00")&" م" -> 5:45–6:00 م | C71: 1 ضد 2
B72: =(MOD(HOUR(المدخلات!$B$4+(9-1)*المدخلات!$B$7/1440)-1,12)+1)&":"&TEXT(MINUTE(المدخلات!$B$4+(9-1)*المدخلات!$B$7/1440),"00")&"–"&(MOD(HOUR(المدخلات!$B$4+(9-1)*المدخلات!$B$7/1440+المدخلات!$B$5/1440)-1,12)+1)&":"&TEXT(MINUTE(المدخلات!$B$4+(9-1)*المدخلات!$B$7/1440+المدخلات!$B$5/1440),"00")&" م" -> 6:00–6:15 م | C72: 3 ضد 5
B73: =(MOD(HOUR(المدخلات!$B$4+(10-1)*المدخلات!$B$7/1440)-1,12)+1)&":"&TEXT(MINUTE(المدخلات!$B$4+(10-1)*المدخلات!$B$7/1440),"00")&"–"&(MOD(HOUR(المدخلات!$B$4+(10-1)*المدخلات!$B$7/1440+المدخلات!$B$5/1440)-1,12)+1)&":"&TEXT(MINUTE(المدخلات!$B$4+(10-1)*المدخلات!$B$7/1440+المدخلات!$B$5/1440),"00")&" م" -> 6:15–6:30 م | C73: 2 ضد 4
A75: توزيع الفرق على مجموعة طبرجل — تحت 7 — يُعبّأ بأسماء الفرق
B76: # | C76: المجموعة أ (الفرق 1-5) | F76: التصنيف
B77: 1 | C77: طبرجل | F77: نادي
B78: 2 | C78: R20 | F78: أكاديمية
B79: 3 | C79: اكاديمية البندر | F79: أكاديمية
B80: 4 | C80: شمال الوادي (1) | F80: أكاديمية
B81: 5 | C81: شمال الوادي (2) | F81: أكاديمية
A84: توزيع الفرق على مجموعة شرورة — تحت 7 — يُعبّأ بأسماء الفرق
B85: # | C85: المجموعة أ (الفرق 1-5) | F85: التصنيف
B86: 1 | C86: الصحاري | F86: نادي
B87: 2 | C87: جوهرة المستقبل (1) | F87: أكاديمية
B88: 3 | C88: جوهرة المستقبل (2) | F88: أكاديمية
B89: 4 | C89: جوهرة المستقبل (3) | F89: أكاديمية
B90: 5 | C90: نادي السهام | F90: هواة
A93: توزيع الفرق على مجموعة الخرج — تحت 9 — يُعبّأ بأسماء الفرق
B94: # | C94: المجموعة أ (الفرق 1-5) | F94: التصنيف
B95: 1 | C95: اكاديمية ارتس فوتبول | F95: أكاديمية
B96: 2 | C96: اكاديمية الكأس الرياضية (1) | F96: أكاديمية
B97: 3 | C97: اكاديمية الكأس الرياضية (2) | F97: أكاديمية
B98: 4 | C98: اكاديمية الكأس الرياضية (3) | F98: أكاديمية
B99: 5 | C99: صفوة جيم | F99: هواة
A102: توزيع الفرق على مجموعة شرورة — تحت 9 — يُعبّأ بأسماء الفرق
B103: # | C103: المجموعة أ (الفرق 1-5) | F103: التصنيف
B104: 1 | C104: الصحاري | F104: نادي
B105: 2 | C105: جوهرة المستقبل (1) | F105: أكاديمية
B106: 3 | C106: جوهرة المستقبل (2) | F106: أكاديمية
B107: 4 | C107: جوهرة المستقبل (3) | F107: أكاديمية
...

Sheet 6 فرق
A1: جدول مباريات بطولة 6 فرق — مجموعة واحدة داخل ملعب قانوني واحد (3 ملاعب مصغّرة)
C2: الملعب القانوني 1 — المجموعة أ (الفرق 1–6)
A3: المهرجان | B3: الوقت | C3: ملعب 1 | D3: ملعب 2 | E3: ملعب 3 | F3: مجموع مباريات المهرجان
A4: المهرجان 1 | B4: =(MOD(HOUR(المدخلات!$B$4+(1-1)*المدخلات!$B$7/1440)-1,12)+1)&":"&TEXT(MINUTE(المدخلات!$B$4+(1-1)*المدخلات!$B$7/1440),"00")&"–"&(MOD(HOUR(المدخلات!$B$4+(1-1)*المدخلات!$B$7/1440+المدخلات!$B$5/1440)-1,12)+1)&":"&TEXT(MINUTE(المدخلات!$B$4+(1-1)*المدخلات!$B$7/1440+المدخلات!$B$5/1440),"00")&" م" -> 4:00–4:15 م | C4: 4 ضد 5 | D4: 1 ضد 2 | E4: 3 ضد 6 | F4: =COUNTA(C4:E10) -> 12
B5: =(MOD(HOUR(المدخلات!$B$4+(2-1)*المدخلات!$B$7/1440)-1,12)+1)&":"&TEXT(MINUTE(المدخلات!$B$4+(2-1)*المدخلات!$B$7/1440),"00")&"–"&(MOD(HOUR(المدخلات!$B$4+(2-1)*المدخلات!$B$7/1440+المدخلات!$B$5/1440)-1,12)+1)&":"&TEXT(MINUTE(المدخلات!$B$4+(2-1)*المدخلات!$B$7/1440+المدخلات!$B$5/1440),"00")&" م" -> 4:15–4:30 م
B6: =(MOD(HOUR(المدخلات!$B$4+(3-1)*المدخلات!$B$7/1440)-1,12)+1)&":"&TEXT(MINUTE(المدخلات!$B$4+(3-1)*المدخلات!$B$7/1440),"00")&"–"&(MOD(HOUR(المدخلات!$B$4+(3-1)*المدخلات!$B$7/1440+المدخلات!$B$5/1440)-1,12)+1)&":"&TEXT(MINUTE(المدخلات!$B$4+(3-1)*المدخلات!$B$7/1440+المدخلات!$B$5/1440),"00")&" م" -> 4:30–4:45 م | C6: 2 ضد 5 | D6: 1 ضد 6 | E6: 3 ضد 4
B7: =(MOD(HOUR(المدخلات!$B$4+(4-1)*المدخلات!$B$7/1440)-1,12)+1)&":"&TEXT(MINUTE(المدخلات!$B$4+(4-1)*المدخلات!$B$7/1440),"00")&"–"&(MOD(HOUR(المدخلات!$B$4+(4-1)*المدخلات!$B$7/1440+المدخلات!$B$5/1440)-1,12)+1)&":"&TEXT(MINUTE(المدخلات!$B$4+(4-1)*المدخلات!$B$7/1440+المدخلات!$B$5/1440),"00")&" م" -> 4:45–5:00 م
B8: =(MOD(HOUR(المدخلات!$B$4+(5-1)*المدخلات!$B$7/1440)-1,12)+1)&":"&TEXT(MINUTE(المدخلات!$B$4+(5-1)*المدخلات!$B$7/1440),"00")&"–"&(MOD(HOUR(المدخلات!$B$4+(5-1)*المدخلات!$B$7/1440+المدخلات!$B$5/1440)-1,12)+1)&":"&TEXT(MINUTE(المدخلات!$B$4+(5-1)*المدخلات!$B$7/1440+المدخلات!$B$5/1440),"00")&" م" -> 5:00–5:15 م | C8: 4 ضد 6 | D8: 2 ضد 3 | E8: 1 ضد 5
B9: =(MOD(HOUR(المدخلات!$B$4+(6-1)*المدخلات!$B$7/1440)-1,12)+1)&":"&TEXT(MINUTE(المدخلات!$B$4+(6-1)*المدخلات!$B$7/1440),"00")&"–"&(MOD(HOUR(المدخلات!$B$4+(6-1)*المدخلات!$B$7/1440+المدخلات!$B$5/1440)-1,12)+1)&":"&TEXT(MINUTE(المدخلات!$B$4+(6-1)*المدخلات!$B$7/1440+المدخلات!$B$5/1440),"00")&" م" -> 5:15–5:30 م
B10: =(MOD(HOUR(المدخلات!$B$4+(7-1)*المدخلات!$B$7/1440)-1,12)+1)&":"&TEXT(MINUTE(المدخلات!$B$4+(7-1)*المدخلات!$B$7/1440),"00")&"–"&(MOD(HOUR(المدخلات!$B$4+(7-1)*المدخلات!$B$7/1440+المدخلات!$B$5/1440)-1,12)+1)&":"&TEXT(MINUTE(المدخلات!$B$4+(7-1)*المدخلات!$B$7/1440+المدخلات!$B$5/1440),"00")&" م" -> 5:30–5:45 م | C10: 2 ضد 6 | D10: 3 ضد 5 | E10: 1 ضد 4
A11: المهرجان 2 | B11: =(MOD(HOUR(المدخلات!$B$4+(1-1)*المدخلات!$B$7/1440)-1,12)+1)&":"&TEXT(MINUTE(المدخلات!$B$4+(1-1)*المدخلات!$B$7/1440),"00")&"–"&(MOD(HOUR(المدخلات!$B$4+(1-1)*المدخلات!$B$7/1440+المدخلات!$B$5/1440)-1,12)+1)&":"&TEXT(MINUTE(المدخلات!$B$4+(1-1)*المدخلات!$B$7/1440+المدخلات!$B$5/1440),"00")&" م" -> 4:00–4:15 م | C11: 2 ضد 4 | D11: 1 ضد 3 | E11: 5 ضد 6 | F11: =COUNTA(C11:E17) -> 12
B12: =(MOD(HOUR(المدخلات!$B$4+(2-1)*المدخلات!$B$7/1440)-1,12)+1)&":"&TEXT(MINUTE(المدخلات!$B$4+(2-1)*المدخلات!$B$7/1440),"00")&"–"&(MOD(HOUR(المدخلات!$B$4+(2-1)*المدخلات!$B$7/1440+المدخلات!$B$5/1440)-1,12)+1)&":"&TEXT(MINUTE(المدخلات!$B$4+(2-1)*المدخلات!$B$7/1440+المدخلات!$B$5/1440),"00")&" م" -> 4:15–4:30 م
B13: =(MOD(HOUR(المدخلات!$B$4+(3-1)*المدخلات!$B$7/1440)-1,12)+1)&":"&TEXT(MINUTE(المدخلات!$B$4+(3-1)*المدخلات!$B$7/1440),"00")&"–"&(MOD(HOUR(المدخلات!$B$4+(3-1)*المدخلات!$B$7/1440+المدخلات!$B$5/1440)-1,12)+1)&":"&TEXT(MINUTE(المدخلات!$B$4+(3-1)*المدخلات!$B$7/1440+المدخلات!$B$5/1440),"00")&" م" -> 4:30–4:45 م | C13: 3 ضد 6 | D13: 4 ضد 5 | E13: 1 ضد 2
B14: =(MOD(HOUR(المدخلات!$B$4+(4-1)*المدخلات!$B$7/1440)-1,12)+1)&":"&TEXT(MINUTE(المدخلات!$B$4+(4-1)*المدخلات!$B$7/1440),"00")&"–"&(MOD(HOUR(المدخلات!$B$4+(4-1)*المدخلات!$B$7/1440+المدخلات!$B$5/1440)-1,12)+1)&":"&TEXT(MINUTE(المدخلات!$B$4+(4-1)*المدخلات!$B$7/1440+المدخلات!$B$5/1440),"00")&" م" -> 4:45–5:00 م
B15: =(MOD(HOUR(المدخلات!$B$4+(5-1)*المدخلات!$B$7/1440)-1,12)+1)&":"&TEXT(MINUTE(المدخلات!$B$4+(5-1)*المدخلات!$B$7/1440),"00")&"–"&(MOD(HOUR(المدخلات!$B$4+(5-1)*المدخلات!$B$7/1440+المدخلات!$B$5/1440)-1,12)+1)&":"&TEXT(MINUTE(المدخلات!$B$4+(5-1)*المدخلات!$B$7/1440+المدخلات!$B$5/1440),"00")&" م" -> 5:00–5:15 م | C15: 2 ضد 5 | D15: 1 ضد 6 | E15: 3 ضد 4
B16: =(MOD(HOUR(المدخلات!$B$4+(6-1)*المدخلات!$B$7/1440)-1,12)+1)&":"&TEXT(MINUTE(المدخلات!$B$4+(6-1)*المدخلات!$B$7/1440),"00")&"–"&(MOD(HOUR(المدخلات!$B$4+(6-1)*المدخلات!$B$7/1440+المدخلات!$B$5/1440)-1,12)+1)&":"&TEXT(MINUTE(المدخلات!$B$4+(6-1)*المدخلات!$B$7/1440+المدخلات!$B$5/1440),"00")&" م" -> 5:15–5:30 م
B17: =(MOD(HOUR(المدخلات!$B$4+(7-1)*المدخلات!$B$7/1440)-1,12)+1)&":"&TEXT(MINUTE(المدخلات!$B$4+(7-1)*المدخلات!$B$7/1440),"00")&"–"&(MOD(HOUR(المدخلات!$B$4+(7-1)*المدخلات!$B$7/1440+المدخلات!$B$5/1440)-1,12)+1)&":"&TEXT(MINUTE(المدخلات!$B$4+(7-1)*المدخلات!$B$7/1440+المدخلات!$B$5/1440),"00")&" م" -> 5:30–5:45 م | C17: 4 ضد 6 | D17: 1 ضد 5 | E17: 2 ضد 3
A18: المهرجان 3 | B18: =(MOD(HOUR(المدخلات!$B$4+(1-1)*المدخلات!$B$7/1440)-1,12)+1)&":"&TEXT(MINUTE(المدخلات!$B$4+(1-1)*المدخلات!$B$7/1440),"00")&"–"&(MOD(HOUR(المدخلات!$B$4+(1-1)*المدخلات!$B$7/1440+المدخلات!$B$5/1440)-1,12)+1)&":"&TEXT(MINUTE(المدخلات!$B$4+(1-1)*المدخلات!$B$7/1440+المدخلات!$B$5/1440),"00")&" م" -> 4:00–4:15 م | C18: 3 ضد 5 | D18: 1 ضد 4 | E18: 2 ضد 6 | F18: =COUNTA(C18:E24) -> 12
B19: =(MOD(HOUR(المدخلات!$B$4+(2-1)*المدخلات!$B$7/1440)-1,12)+1)&":"&TEXT(MINUTE(المدخلات!$B$4+(2-1)*المدخلات!$B$7/1440),"00")&"–"&(MOD(HOUR(المدخلات!$B$4+(2-1)*المدخلات!$B$7/1440+المدخلات!$B$5/1440)-1,12)+1)&":"&TEXT(MINUTE(المدخلات!$B$4+(2-1)*المدخلات!$B$7/1440+المدخلات!$B$5/1440),"00")&" م" -> 4:15–4:30 م
B20: =(MOD(HOUR(المدخلات!$B$4+(3-1)*المدخلات!$B$7/1440)-1,12)+1)&":"&TEXT(MINUTE(المدخلات!$B$4+(3-1)*المدخلات!$B$7/1440),"00")&"–"&(MOD(HOUR(المدخلات!$B$4+(3-1)*المدخلات!$B$7/1440+المدخلات!$B$5/1440)-1,12)+1)&":"&TEXT(MINUTE(المدخلات!$B$4+(3-1)*المدخلات!$B$7/1440+المدخلات!$B$5/1440),"00")&" م" -> 4:30–4:45 م | C20: 2 ضد 4 | D20: 1 ضد 3 | E20: 5 ضد 6
B21: =(MOD(HOUR(المدخلات!$B$4+(4-1)*المدخلات!$B$7/1440)-1,12)+1)&":"&TEXT(MINUTE(المدخلات!$B$4+(4-1)*المدخلات!$B$7/1440),"00")&"–"&(MOD(HOUR(المدخلات!$B$4+(4-1)*المدخلات!$B$7/1440+المدخلات!$B$5/1440)-1,12)+1)&":"&TEXT(MINUTE(المدخلات!$B$4+(4-1)*المدخلات!$B$7/1440+المدخلات!$B$5/1440),"00")&" م" -> 4:45–5:00 م
B22: =(MOD(HOUR(المدخلات!$B$4+(5-1)*المدخلات!$B$7/1440)-1,12)+1)&":"&TEXT(MINUTE(المدخلات!$B$4+(5-1)*المدخلات!$B$7/1440),"00")&"–"&(MOD(HOUR(المدخلات!$B$4+(5-1)*المدخلات!$B$7/1440+المدخلات!$B$5/1440)-1,12)+1)&":"&TEXT(MINUTE(المدخلات!$B$4+(5-1)*المدخلات!$B$7/1440+المدخلات!$B$5/1440),"00")&" م" -> 5:00–5:15 م | C22: 4 ضد 5 | D22: 1 ضد 2 | E22: 3 ضد 6
B23: =(MOD(HOUR(المدخلات!$B$4+(6-1)*المدخلات!$B$7/1440)-1,12)+1)&":"&TEXT(MINUTE(المدخلات!$B$4+(6-1)*المدخلات!$B$7/1440),"00")&"–"&(MOD(HOUR(المدخلات!$B$4+(6-1)*المدخلات!$B$7/1440+المدخلات!$B$5/1440)-1,12)+1)&":"&TEXT(MINUTE(المدخلات!$B$4+(6-1)*المدخلات!$B$7/1440+المدخلات!$B$5/1440),"00")&" م" -> 5:15–5:30 م
B24: =(MOD(HOUR(المدخلات!$B$4+(7-1)*المدخلات!$B$7/1440)-1,12)+1)&":"&TEXT(MINUTE(المدخلات!$B$4+(7-1)*المدخلات!$B$7/1440),"00")&"–"&(MOD(HOUR(المدخلات!$B$4+(7-1)*المدخلات!$B$7/1440+المدخلات!$B$5/1440)-1,12)+1)&":"&TEXT(MINUTE(المدخلات!$B$4+(7-1)*المدخلات!$B$7/1440+المدخلات!$B$5/1440),"00")&" م" -> 5:30–5:45 م | C24: 1 ضد 6 | D24: 3 ضد 4 | E24: 2 ضد 5
A25: المهرجان 4 | B25: =(MOD(HOUR(المدخلات!$B$4+(1-1)*المدخلات!$B$7/1440)-1,12)+1)&":"&TEXT(MINUTE(المدخلات!$B$4+(1-1)*المدخلات!$B$7/1440),"00")&"–"&(MOD(HOUR(المدخلات!$B$4+(1-1)*المدخلات!$B$7/1440+المدخلات!$B$5/1440)-1,12)+1)&":"&TEXT(MINUTE(المدخلات!$B$4+(1-1)*المدخلات!$B$7/1440+المدخلات!$B$5/1440),"00")&" م" -> 4:00–4:15 م | C25: 1 ضد 5 | D25: 2 ضد 3 | E25: 4 ضد 6 | F25: =COUNTA(C25:E31) -> 12
B26: =(MOD(HOUR(المدخلات!$B$4+(2-1)*المدخلات!$B$7/1440)-1,12)+1)&":"&TEXT(MINUTE(المدخلات!$B$4+(2-1)*المدخلات!$B$7/1440),"00")&"–"&(MOD(HOUR(المدخلات!$B$4+(2-1)*المدخلات!$B$7/1440+المدخلات!$B$5/1440)-1,12)+1)&":"&TEXT(MINUTE(المدخلات!$B$4+(2-1)*المدخلات!$B$7/1440+المدخلات!$B$5/1440),"00")&" م" -> 4:15–4:30 م
B27: =(MOD(HOUR(المدخلات!$B$4+(3-1)*المدخلات!$B$7/1440)-1,12)+1)&":"&TEXT(MINUTE(المدخلات!$B$4+(3-1)*المدخلات!$B$7/1440),"00")&"–"&(MOD(HOUR(المدخلات!$B$4+(3-1)*المدخلات!$B$7/1440+المدخلات!$B$5/1440)-1,12)+1)&":"&TEXT(MINUTE(المدخلات!$B$4+(3-1)*المدخلات!$B$7/1440+المدخلات!$B$5/1440),"00")&" م" -> 4:30–4:45 م | C27: 2 ضد 6 | D27: 3 ضد 5 | E27: 1 ضد 4
B28: =(MOD(HOUR(المدخلات!$B$4+(4-1)*المدخلات!$B$7/1440)-1,12)+1)&":"&TEXT(MINUTE(المدخلات!$B$4+(4-1)*المدخلات!$B$7/1440),"00")&"–"&(MOD(HOUR(المدخلات!$B$4+(4-1)*المدخلات!$B$7/1440+المدخلات!$B$5/1440)-1,12)+1)&":"&TEXT(MINUTE(المدخلات!$B$4+(4-1)*المدخلات!$B$7/1440+المدخلات!$B$5/1440),"00")&" م" -> 4:45–5:00 م
B29: =(MOD(HOUR(المدخلات!$B$4+(5-1)*المدخلات!$B$7/1440)-1,12)+1)&":"&TEXT(MINUTE(المدخلات!$B$4+(5-1)*المدخلات!$B$7/1440),"00")&"–"&(MOD(HOUR(المدخلات!$B$4+(5-1)*المدخلات!$B$7/1440+المدخلات!$B$5/1440)-1,12)+1)&":"&TEXT(MINUTE(المدخلات!$B$4+(5-1)*المدخلات!$B$7/1440+المدخلات!$B$5/1440),"00")&" م" -> 5:00–5:15 م | C29: 5 ضد 6 | D29: 1 ضد 3 | E29: 2 ضد 4
B30: =(MOD(HOUR(المدخلات!$B$4+(6-1)*المدخلات!$B$7/1440)-1,12)+1)&":"&TEXT(MINUTE(المدخلات!$B$4+(6-1)*المدخلات!$B$7/1440),"00")&"–"&(MOD(HOUR(المدخلات!$B$4+(6-1)*المدخلات!$B$7/1440+المدخلات!$B$5/1440)-1,12)+1)&":"&TEXT(MINUTE(المدخلات!$B$4+(6-1)*المدخلات!$B$7/1440+المدخلات!$B$5/1440),"00")&" م" -> 5:15–5:30 م
B31: =(MOD(HOUR(المدخلات!$B$4+(7-1)*المدخلات!$B$7/1440)-1,12)+1)&":"&TEXT(MINUTE(المدخلات!$B$4+(7-1)*المدخلات!$B$7/1440),"00")&"–"&(MOD(HOUR(المدخلات!$B$4+(7-1)*المدخلات!$B$7/1440+المدخلات!$B$5/1440)-1,12)+1)&":"&TEXT(MINUTE(المدخلات!$B$4+(7-1)*المدخلات!$B$7/1440+المدخلات!$B$5/1440),"00")&" م" -> 5:30–5:45 م | C31: 1 ضد 2 | D31: 4 ضد 5 | E31: 3 ضد 6
A32: المهرجان 5 | B32: =(MOD(HOUR(المدخلات!$B$4+(1-1)*المدخلات!$B$7/1440)-1,12)+1)&":"&TEXT(MINUTE(المدخلات!$B$4+(1-1)*المدخلات!$B$7/1440),"00")&"–"&(MOD(HOUR(المدخلات!$B$4+(1-1)*المدخلات!$B$7/1440+المدخلات!$B$5/1440)-1,12)+1)&":"&TEXT(MINUTE(المدخلات!$B$4+(1-1)*المدخلات!$B$7/1440+المدخلات!$B$5/1440),"00")&" م" -> 4:00–4:15 م | C32: 2 ضد 5 | D32: 3 ضد 4 | E32: 1 ضد 6 | F32: =COUNTA(C32:E38) -> 12
B33: =(MOD(HOUR(المدخلات!$B$4+(2-1)*المدخلات!$B$7/1440)-1,12)+1)&":"&TEXT(MINUTE(المدخلات!$B$4+(2-1)*المدخلات!$B$7/1440),"00")&"–"&(MOD(HOUR(المدخلات!$B$4+(2-1)*المدخلات!$B$7/1440+المدخلات!$B$5/1440)-1,12)+1)&":"&TEXT(MINUTE(المدخلات!$B$4+(2-1)*المدخلات!$B$7/1440+المدخلات!$B$5/1440),"00")&" م" -> 4:15–4:30 م
B34: =(MOD(HOUR(المدخلات!$B$4+(3-1)*المدخلات!$B$7/1440)-1,12)+1)&":"&TEXT(MINUTE(المدخلات!$B$4+(3-1)*المدخلات!$B$7/1440),"00")&"–"&(MOD(HOUR(المدخلات!$B$4+(3-1)*المدخلات!$B$7/1440+المدخلات!$B$5/1440)-1,12)+1)&":"&TEXT(MINUTE(المدخلات!$B$4+(3-1)*المدخلات!$B$7/1440+المدخلات!$B$5/1440),"00")&" م" -> 4:30–4:45 م | C34: 2 ضد 3 | D34: 1 ضد 5 | E34: 4 ضد 6
B35: =(MOD(HOUR(المدخلات!$B$4+(4-1)*المدخلات!$B$7/1440)-1,12)+1)&":"&TEXT(MINUTE(المدخلات!$B$4+(4-1)*المدخلات!$B$7/1440),"00")&"–"&(MOD(HOUR(المدخلات!$B$4+(4-1)*المدخلات!$B$7/1440+المدخلات!$B$5/1440)-1,12)+1)&":"&TEXT(MINUTE(المدخلات!$B$4+(4-1)*المدخلات!$B$7/1440+المدخلات!$B$5/1440),"00")&" م" -> 4:45–5:00 م
B36: =(MOD(HOUR(المدخلات!$B$4+(5-1)*المدخلات!$B$7/1440)-1,12)+1)&":"&TEXT(MINUTE(المدخلات!$B$4+(5-1)*المدخلات!$B$7/1440),"00")&"–"&(MOD(HOUR(المدخلات!$B$4+(5-1)*المدخلات!$B$7/1440+المدخلات!$B$5/1440)-1,12)+1)&":"&TEXT(MINUTE(المدخلات!$B$4+(5-1)*المدخلات!$B$7/1440+المدخلات!$B$5/1440),"00")&" م" -> 5:00–5:15 م | C36: 2 ضد 6 | D36: 1 ضد 4 | E36: 3 ضد 5
B37: =(MOD(HOUR(المدخلات!$B$4+(6-1)*المدخلات!$B$7/1440)-1,12)+1)&":"&TEXT(MINUTE(المدخلات!$B$4+(6-1)*المدخلات!$B$7/1440),"00")&"–"&(MOD(HOUR(المدخلات!$B$4+(6-1)*المدخلات!$B$7/1440+المدخلات!$B$5/1440)-1,12)+1)&":"&TEXT(MINUTE(المدخلات!$B$4+(6-1)*المدخلات!$B$7/1440+المدخلات!$B$5/1440),"00")&" م" -> 5:15–5:30 م
B38: =(MOD(HOUR(المدخلات!$B$4+(7-1)*المدخلات!$B$7/1440)-1,12)+1)&":"&TEXT(MINUTE(المدخلات!$B$4+(7-1)*المدخلات!$B$7/1440),"00")&"–"&(MOD(HOUR(المدخلات!$B$4+(7-1)*المدخلات!$B$7/1440+المدخلات!$B$5/1440)-1,12)+1)&":"&TEXT(MINUTE(المدخلات!$B$4+(7-1)*المدخلات!$B$7/1440+المدخلات!$B$5/1440),"00")&" م" -> 5:30–5:45 م | C38: 2 ضد 4 | D38: 5 ضد 6 | E38: 1 ضد 3
A39: المهرجان 6 | B39: =(MOD(HOUR(المدخلات!$B$4+(1-1)*المدخلات!$B$7/1440)-1,12)+1)&":"&TEXT(MINUTE(المدخلات!$B$4+(1-1)*المدخلات!$B$7/1440),"00")&"–"&(MOD(HOUR(المدخلات!$B$4+(1-1)*المدخلات!$B$7/1440+المدخلات!$B$5/1440)-1,12)+1)&":"&TEXT(MINUTE(المدخلات!$B$4+(1-1)*المدخلات!$B$7/1440+المدخلات!$B$5/1440),"00")&" م" -> 4:00–4:15 م | C39: 1 ضد 2 | D39: 3 ضد 6 | E39: 4 ضد 5 | F39: =COUNTA(C39:E47) -> 15
B40: =(MOD(HOUR(المدخلات!$B$4+(2-1)*المدخلات!$B$7/1440)-1,12)+1)&":"&TEXT(MINUTE(المدخلات!$B$4+(2-1)*المدخلات!$B$7/1440),"00")&"–"&(MOD(HOUR(المدخلات!$B$4+(2-1)*المدخلات!$B$7/1440+المدخلات!$B$5/1440)-1,12)+1)&":"&TEXT(MINUTE(المدخلات!$B$4+(2-1)*المدخلات!$B$7/1440+المدخلات!$B$5/1440),"00")&" م" -> 4:15–4:30 م
B41: =(MOD(HOUR(المدخلات!$B$4+(3-1)*المدخلات!$B$7/1440)-1,12)+1)&":"&TEXT(MINUTE(المدخلات!$B$4+(3-1)*المدخلات!$B$7/1440),"00")&"–"&(MOD(HOUR(المدخلات!$B$4+(3-1)*المدخلات!$B$7/1440+المدخلات!$B$5/1440)-1,12)+1)&":"&TEXT(MINUTE(المدخلات!$B$4+(3-1)*المدخلات!$B$7/1440+المدخلات!$B$5/1440),"00")&" م" -> 4:30–4:45 م | C41: 3 ضد 4 | D41: 1 ضد 6 | E41: 2 ضد 5
B42: =(MOD(HOUR(المدخلات!$B$4+(4-1)*المدخلات!$B$7/1440)-1,12)+1)&":"&TEXT(MINUTE(المدخلات!$B$4+(4-1)*المدخلات!$B$7/1440),"00")&"–"&(MOD(HOUR(المدخلات!$B$4+(4-1)*المدخلات!$B$7/1440+المدخلات!$B$5/1440)-1,12)+1)&":"&TEXT(MINUTE(المدخلات!$B$4+(4-1)*المدخلات!$B$7/1440+المدخلات!$B$5/1440),"00")&" م" -> 4:45–5:00 م
B43: =(MOD(HOUR(المدخلات!$B$4+(5-1)*المدخلات!$B$7/1440)-1,12)+1)&":"&TEXT(MINUTE(المدخلات!$B$4+(5-1)*المدخلات!$B$7/1440),"00")&"–"&(MOD(HOUR(المدخلات!$B$4+(5-1)*المدخلات!$B$7/1440+المدخلات!$B$5/1440)-1,12)+1)&":"&TEXT(MINUTE(المدخلات!$B$4+(5-1)*المدخلات!$B$7/1440+المدخلات!$B$5/1440),"00")&" م" -> 5:00–5:15 م | C43: 1 ضد 5 | D43: 4 ضد 6 | E43: 2 ضد 3
B44: =(MOD(HOUR(المدخلات!$B$4+(6-1)*المدخلات!$B$7/1440)-1,12)+1)&":"&TEXT(MINUTE(المدخلات!$B$4+(6-1)*المدخلات!$B$7/1440),"00")&"–"&(MOD(HOUR(المدخلات!$B$4+(6-1)*المدخلات!$B$7/1440+المدخلات!$B$5/1440)-1,12)+1)&":"&TEXT(MINUTE(المدخلات!$B$4+(6-1)*المدخلات!$B$7/1440+المدخلات!$B$5/1440),"00")&" م" -> 5:15–5:30 م
B45: =(MOD(HOUR(المدخلات!$B$4+(7-1)*المدخلات!$B$7/1440)-1,12)+1)&":"&TEXT(MINUTE(المدخلات!$B$4+(7-1)*المدخلات!$B$7/1440),"00")&"–"&(MOD(HOUR(المدخلات!$B$4+(7-1)*المدخلات!$B$7/1440+المدخلات!$B$5/1440)-1,12)+1)&":"&TEXT(MINUTE(المدخلات!$B$4+(7-1)*المدخلات!$B$7/1440+المدخلات!$B$5/1440),"00")&" م" -> 5:30–5:45 م | C45: 2 ضد 6 | D45: 1 ضد 4 | E45: 3 ضد 5
B46: =(MOD(HOUR(المدخلات!$B$4+(8-1)*المدخلات!$B$7/1440)-1,12)+1)&":"&TEXT(MINUTE(المدخلات!$B$4+(8-1)*المدخلات!$B$7/1440),"00")&"–"&(MOD(HOUR(المدخلات!$B$4+(8-1)*المدخلات!$B$7/1440+المدخلات!$B$5/1440)-1,12)+1)&":"&TEXT(MINUTE(المدخلات!$B$4+(8-1)*المدخلات!$B$7/1440+المدخلات!$B$5/1440),"00")&" م" -> 5:45–6:00 م
B47: =(MOD(HOUR(المدخلات!$B$4+(9-1)*المدخلات!$B$7/1440)-1,12)+1)&":"&TEXT(MINUTE(المدخلات!$B$4+(9-1)*المدخلات!$B$7/1440),"00")&"–"&(MOD(HOUR(المدخلات!$B$4+(9-1)*المدخلات!$B$7/1440+المدخلات!$B$5/1440)-1,12)+1)&":"&TEXT(MINUTE(المدخلات!$B$4+(9-1)*المدخلات!$B$7/1440+المدخلات!$B$5/1440),"00")&" م" -> 6:00–6:15 م | C47: 5 ضد 6 | D47: 1 ضد 3 | E47: 2 ضد 4
A49: توزيع الفرق على مجموعة الباحة (الباحة، بلقرن) — تحت 7 — يُعبّأ بأسماء الفرق
B50: # | C50: المجموعة أ (الفرق 1-6) | F50: التصنيف
B51: 1 | C51: البشائر (1) | F51: نادي
B52: 2 | C52: البشائر (2) | F52: نادي
B53: 3 | C53: اكاديمية مواهب الباحة | F53: أكاديمية
B54: 4 | C54: اكاديمية مواهب بيشة | F54: أكاديمية
B55: 5 | C55: اكاديمية اس اف | F55: هواة
B56: 6 | C56: اكاديمية صقل المواهب | F56: هواة
A59: توزيع الفرق على مجموعة أبها (أبها، خميس مشيط) — تحت 7 — يُعبّأ بأسماء الفرق
B60: # | C60: المجموعة أ (الفرق 1-6) | F60: التصنيف
B61: 1 | C61: اكاديمية او اس الرياضية | F61: أكاديمية
B62: 2 | C62: براعم الموهوبين | F62: أكاديمية
B63: 3 | C63: مستقبل الخميس | F63: أكاديمية
B64: 4 | C64: نخبة رواد القمة | F64: أكاديمية
B65: 5 | C65: زعيم الجنوب | F65: هواة
B66: 6 | C66: صفوة مواهب الجنوب | F66: هواة
A69: توزيع الفرق على مجموعة القريات — تحت 9 — يُعبّأ بأسماء الفرق
B70: # | C70: المجموعة أ (الفرق 1-6) | F70: التصنيف
B71: 1 | C71: القريات (1) | F71: نادي
B72: 2 | C72: القريات (2) | F72: نادي
B73: 3 | C73: اشبيلية بارك الرياضية (1) | F73: أكاديمية
B74: 4 | C74: اشبيلية بارك الرياضية (2) | F74: أكاديمية
B75: 5 | C75: باريس الجوف | F75: هواة
B76: 6 | C76: وولف | F76: هواة
A79: توزيع الفرق على مجموعة طبرجل — تحت 9 — يُعبّأ بأسماء الفرق
B80: # | C80: المجموعة أ (الفرق 1-6) | F80: التصنيف
B81: 1 | C81: طبرجل | F81: نادي
B82: 2 | C82: R20 | F82: أكاديمية
B83: 3 | C83: اكاديمية البندر | F83: أكاديمية
B84: 4 | C84: شمال الوادي (1) | F84: أكاديمية
B85: 5 | C85: شمال الوادي (2) | F85: أكاديمية
B86: 6 | C86: نخبة طبرجل | F86: أكاديمية

Sheet 7 فرق
A1: جدول مباريات بطولة 7 فرق — مجموعة واحدة داخل ملعب قانوني واحد (ملعبان مصغّران)
C2: الملعب القانوني 1 — المجموعة أ (الفرق 1–7)
A3: المهرجان | B3: الوقت | C3: ملعب 1 | D3: ملعب 2 | E3: مجموع مباريات المهرجان
A4: المهرجان 1 | B4: =(MOD(HOUR(المدخلات!$B$4+(1-1)*المدخلات!$B$7/1440)-1,12)+1)&":"&TEXT(MINUTE(المدخلات!$B$4+(1-1)*المدخلات!$B$7/1440),"00")&"–"&(MOD(HOUR(المدخلات!$B$4+(1-1)*المدخلات!$B$7/1440+المدخلات!$B$5/1440)-1,12)+1)&":"&TEXT(MINUTE(المدخلات!$B$4+(1-1)*المدخلات!$B$7/1440+المدخلات!$B$5/1440),"00")&" م" -> 4:00–4:15 م | C4: 4 ضد 7 | D4: 2 ضد 5 | E4: =COUNTA(C4:D12) -> 14
B5: =(MOD(HOUR(المدخلات!$B$4+(2-1)*المدخلات!$B$7/1440)-1,12)+1)&":"&TEXT(MINUTE(المدخلات!$B$4+(2-1)*المدخلات!$B$7/1440),"00")&"–"&(MOD(HOUR(المدخلات!$B$4+(2-1)*المدخلات!$B$7/1440+المدخلات!$B$5/1440)-1,12)+1)&":"&TEXT(MINUTE(المدخلات!$B$4+(2-1)*المدخلات!$B$7/1440+المدخلات!$B$5/1440),"00")&" م" -> 4:15–4:30 م | C5: 1 ضد 6
B6: =(MOD(HOUR(المدخلات!$B$4+(3-1)*المدخلات!$B$7/1440)-1,12)+1)&":"&TEXT(MINUTE(المدخلات!$B$4+(3-1)*المدخلات!$B$7/1440),"00")&"–"&(MOD(HOUR(المدخلات!$B$4+(3-1)*المدخلات!$B$7/1440+المدخلات!$B$5/1440)-1,12)+1)&":"&TEXT(MINUTE(المدخلات!$B$4+(3-1)*المدخلات!$B$7/1440+المدخلات!$B$5/1440),"00")&" م" -> 4:30–4:45 م | C6: 2 ضد 4 | D6: 3 ضد 7
B7: =(MOD(HOUR(المدخلات!$B$4+(4-1)*المدخلات!$B$7/1440)-1,12)+1)&":"&TEXT(MINUTE(المدخلات!$B$4+(4-1)*المدخلات!$B$7/1440),"00")&"–"&(MOD(HOUR(المدخلات!$B$4+(4-1)*المدخلات!$B$7/1440+المدخلات!$B$5/1440)-1,12)+1)&":"&TEXT(MINUTE(المدخلات!$B$4+(4-1)*المدخلات!$B$7/1440+المدخلات!$B$5/1440),"00")&" م" -> 4:45–5:00 م | C7: 1 ضد 5
B8: =(MOD(HOUR(المدخلات!$B$4+(5-1)*المدخلات!$B$7/1440)-1,12)+1)&":"&TEXT(MINUTE(المدخلات!$B$4+(5-1)*المدخلات!$B$7/1440),"00")&"–"&(MOD(HOUR(المدخلات!$B$4+(5-1)*المدخلات!$B$7/1440+المدخلات!$B$5/1440)-1,12)+1)&":"&TEXT(MINUTE(المدخلات!$B$4+(5-1)*المدخلات!$B$7/1440+المدخلات!$B$5/1440),"00")&" م" -> 5:00–5:15 م | C8: 2 ضد 3 | D8: 4 ضد 6
B9: =(MOD(HOUR(المدخلات!$B$4+(6-1)*المدخلات!$B$7/1440)-1,12)+1)&":"&TEXT(MINUTE(المدخلات!$B$4+(6-1)*المدخلات!$B$7/1440),"00")&"–"&(MOD(HOUR(المدخلات!$B$4+(6-1)*المدخلات!$B$7/1440+المدخلات!$B$5/1440)-1,12)+1)&":"&TEXT(MINUTE(المدخلات!$B$4+(6-1)*المدخلات!$B$7/1440+المدخلات!$B$5/1440),"00")&" م" -> 5:15–5:30 م | C9: 5 ضد 7
B10: =(MOD(HOUR(المدخلات!$B$4+(7-1)*المدخلات!$B$7/1440)-1,12)+1)&":"&TEXT(MINUTE(المدخلات!$B$4+(7-1)*المدخلات!$B$7/1440),"00")&"–"&(MOD(HOUR(المدخلات!$B$4+(7-1)*المدخلات!$B$7/1440+المدخلات!$B$5/1440)-1,12)+1)&":"&TEXT(MINUTE(المدخلات!$B$4+(7-1)*المدخلات!$B$7/1440+المدخلات!$B$5/1440),"00")&" م" -> 5:30–5:45 م | C10: 2 ضد 6 | D10: 1 ضد 3
B11: =(MOD(HOUR(المدخلات!$B$4+(8-1)*المدخلات!$B$7/1440)-1,12)+1)&":"&TEXT(MINUTE(المدخلات!$B$4+(8-1)*المدخلات!$B$7/1440),"00")&"–"&(MOD(HOUR(المدخلات!$B$4+(8-1)*المدخلات!$B$7/1440+المدخلات!$B$5/1440)-1,12)+1)&":"&TEXT(MINUTE(المدخلات!$B$4+(8-1)*المدخلات!$B$7/1440+المدخلات!$B$5/1440),"00")&" م" -> 5:45–6:00 م | C11: 4 ضد 5
B12: =(MOD(HOUR(المدخلات!$B$4+(9-1)*المدخلات!$B$7/1440)-1,12)+1)&":"&TEXT(MINUTE(المدخلات!$B$4+(9-1)*المدخلات!$B$7/1440),"00")&"–"&(MOD(HOUR(المدخلات!$B$4+(9-1)*المدخلات!$B$7/1440+المدخلات!$B$5/1440)-1,12)+1)&":"&TEXT(MINUTE(المدخلات!$B$4+(9-1)*المدخلات!$B$7/1440+المدخلات!$B$5/1440),"00")&" م" -> 6:00–6:15 م | C12: 1 ضد 7 | D12: 3 ضد 6
A13: المهرجان 2 | B13: =(MOD(HOUR(المدخلات!$B$4+(1-1)*المدخلات!$B$7/1440)-1,12)+1)&":"&TEXT(MINUTE(المدخلات!$B$4+(1-1)*المدخلات!$B$7/1440),"00")&"–"&(MOD(HOUR(المدخلات!$B$4+(1-1)*المدخلات!$B$7/1440+المدخلات!$B$5/1440)-1,12)+1)&":"&TEXT(MINUTE(المدخلات!$B$4+(1-1)*المدخلات!$B$7/1440+المدخلات!$B$5/1440),"00")&" م" -> 4:00–4:15 م | C13: 1 ضد 2 | D13: 6 ضد 7 | E13: =COUNTA(C13:D21) -> 14
B14: =(MOD(HOUR(المدخلات!$B$4+(2-1)*المدخلات!$B$7/1440)-1,12)+1)&":"&TEXT(MINUTE(المدخلات!$B$4+(2-1)*المدخلات!$B$7/1440),"00")&"–"&(MOD(HOUR(المدخلات!$B$4+(2-1)*المدخلات!$B$7/1440+المدخلات!$B$5/1440)-1,12)+1)&":"&TEXT(MINUTE(المدخلات!$B$4+(2-1)*المدخلات!$B$7/1440+المدخلات!$B$5/1440),"00")&" م" -> 4:15–4:30 م | C14: 3 ضد 5
B15: =(MOD(HOUR(المدخلات!$B$4+(3-1)*المدخلات!$B$7/1440)-1,12)+1)&":"&TEXT(MINUTE(المدخلات!$B$4+(3-1)*المدخلات!$B$7/1440),"00")&"–"&(MOD(HOUR(المدخلات!$B$4+(3-1)*المدخلات!$B$7/1440+المدخلات!$B$5/1440)-1,12)+1)&":"&TEXT(MINUTE(المدخلات!$B$4+(3-1)*المدخلات!$B$7/1440+المدخلات!$B$5/1440),"00")&" م" -> 4:30–4:45 م | C15: 1 ضد 4 | D15: 2 ضد 7
B16: =(MOD(HOUR(المدخلات!$B$4+(4-1)*المدخلات!$B$7/1440)-1,12)+1)&":"&TEXT(MINUTE(المدخلات!$B$4+(4-1)*المدخلات!$B$7/1440),"00")&"–"&(MOD(HOUR(المدخلات!$B$4+(4-1)*المدخلات!$B$7/1440+المدخلات!$B$5/1440)-1,12)+1)&":"&TEXT(MINUTE(المدخلات!$B$4+(4-1)*المدخلات!$B$7/1440+المدخلات!$B$5/1440),"00")&" م" -> 4:45–5:00 م | C16: 5 ضد 6
B17: =(MOD(HOUR(المدخلات!$B$4+(5-1)*المدخلات!$B$7/1440)-1,12)+1)&":"&TEXT(MINUTE(المدخلات!$B$4+(5-1)*المدخلات!$B$7/1440),"00")&"–"&(MOD(HOUR(المدخلات!$B$4+(5-1)*المدخلات!$B$7/1440+المدخلات!$B$5/1440)-1,12)+1)&":"&TEXT(MINUTE(المدخلات!$B$4+(5-1)*المدخلات!$B$7/1440+المدخلات!$B$5/1440),"00")&" م" -> 5:00–5:15 م | C17: 1 ضد 7 | D17: 3 ضد 4
B18: =(MOD(HOUR(المدخلات!$B$4+(6-1)*المدخلات!$B$7/1440)-1,12)+1)&":"&TEXT(MINUTE(المدخلات!$B$4+(6-1)*المدخلات!$B$7/1440),"00")&"–"&(MOD(HOUR(المدخلات!$B$4+(6-1)*المدخلات!$B$7/1440+المدخلات!$B$5/1440)-1,12)+1)&":"&TEXT(MINUTE(المدخلات!$B$4+(6-1)*المدخلات!$B$7/1440+المدخلات!$B$5/1440),"00")&" م" -> 5:15–5:30 م | C18: 2 ضد 5
B19: =(MOD(HOUR(المدخلات!$B$4+(7-1)*المدخلات!$B$7/1440)-1,12)+1)&":"&TEXT(MINUTE(المدخلات!$B$4+(7-1)*المدخلات!$B$7/1440),"00")&"–"&(MOD(HOUR(المدخلات!$B$4+(7-1)*المدخلات!$B$7/1440+المدخلات!$B$5/1440)-1,12)+1)&":"&TEXT(MINUTE(المدخلات!$B$4+(7-1)*المدخلات!$B$7/1440+المدخلات!$B$5/1440),"00")&" م" -> 5:30–5:45 م | C19: 1 ضد 3 | D19: 4 ضد 6
B20: =(MOD(HOUR(المدخلات!$B$4+(8-1)*المدخلات!$B$7/1440)-1,12)+1)&":"&TEXT(MINUTE(المدخلات!$B$4+(8-1)*المدخلات!$B$7/1440),"00")&"–"&(MOD(HOUR(المدخلات!$B$4+(8-1)*المدخلات!$B$7/1440+المدخلات!$B$5/1440)-1,12)+1)&":"&TEXT(MINUTE(المدخلات!$B$4+(8-1)*المدخلات!$B$7/1440+المدخلات!$B$5/1440),"00")&" م" -> 5:45–6:00 م | C20: 5 ضد 7
B21: =(MOD(HOUR(المدخلات!$B$4+(9-1)*المدخلات!$B$7/1440)-1,12)+1)&":"&TEXT(MINUTE(المدخلات!$B$4+(9-1)*المدخلات!$B$7/1440),"00")&"–"&(MOD(HOUR(المدخلات!$B$4+(9-1)*المدخلات!$B$7/1440+المدخلات!$B$5/1440)-1,12)+1)&":"&TEXT(MINUTE(المدخلات!$B$4+(9-1)*المدخلات!$B$7/1440+المدخلات!$B$5/1440),"00")&" م" -> 6:00–6:15 م | C21: 3 ضد 6 | D21: 2 ضد 4
A22: المهرجان 3 | B22: =(MOD(HOUR(المدخلات!$B$4+(1-1)*المدخلات!$B$7/1440)-1,12)+1)&":"&TEXT(MINUTE(المدخلات!$B$4+(1-1)*المدخلات!$B$7/1440),"00")&"–"&(MOD(HOUR(المدخلات!$B$4+(1-1)*المدخلات!$B$7/1440+المدخلات!$B$5/1440)-1,12)+1)&":"&TEXT(MINUTE(المدخلات!$B$4+(1-1)*المدخلات!$B$7/1440+المدخلات!$B$5/1440),"00")&" م" -> 4:00–4:15 م | C22: 3 ضد 5 | E22: =COUNTA(C22:D31) -> 14
B23: =(MOD(HOUR(المدخلات!$B$4+(2-1)*المدخلات!$B$7/1440)-1,12)+1)&":"&TEXT(MINUTE(المدخلات!$B$4+(2-1)*المدخلات!$B$7/1440),"00")&"–"&(MOD(HOUR(المدخلات!$B$4+(2-1)*المدخلات!$B$7/1440+المدخلات!$B$5/1440)-1,12)+1)&":"&TEXT(MINUTE(المدخلات!$B$4+(2-1)*المدخلات!$B$7/1440+المدخلات!$B$5/1440),"00")&" م" -> 4:15–4:30 م | C23: 1 ضد 2
B24: =(MOD(HOUR(المدخلات!$B$4+(3-1)*المدخلات!$B$7/1440)-1,12)+1)&":"&TEXT(MINUTE(المدخلات!$B$4+(3-1)*المدخلات!$B$7/1440),"00")&"–"&(MOD(HOUR(المدخلات!$B$4+(3-1)*المدخلات!$B$7/1440+المدخلات!$B$5/1440)-1,12)+1)&":"&TEXT(MINUTE(المدخلات!$B$4+(3-1)*المدخلات!$B$7/1440+المدخلات!$B$5/1440),"00")&" م" -> 4:30–4:45 م | C24: 3 ضد 4 | D24: 6 ضد 7
B25: =(MOD(HOUR(المدخلات!$B$4+(4-1)*المدخلات!$B$7/1440)-1,12)+1)&":"&TEXT(MINUTE(المدخلات!$B$4+(4-1)*المدخلات!$B$7/1440),"00")&"–"&(MOD(HOUR(المدخلات!$B$4+(4-1)*المدخلات!$B$7/1440+المدخلات!$B$5/1440)-1,12)+1)&":"&TEXT(MINUTE(المدخلات!$B$4+(4-1)*المدخلات!$B$7/1440+المدخلات!$B$5/1440),"00")&" م" -> 4:45–5:00 م | C25: 1 ضد 5
B26: =(MOD(HOUR(المدخلات!$B$4+(5-1)*المدخلات!$B$7/1440)-1,12)+1)&":"&TEXT(MINUTE(المدخلات!$B$4+(5-1)*المدخلات!$B$7/1440),"00")&"–"&(MOD(HOUR(المدخلات!$B$4+(5-1)*المدخلات!$B$7/1440+المدخلات!$B$5/1440)-1,12)+1)&":"&TEXT(MINUTE(المدخلات!$B$4+(5-1)*المدخلات!$B$7/1440+المدخلات!$B$5/1440),"00")&" م" -> 5:00–5:15 م | C26: 2 ضد 6
B27: =(MOD(HOUR(المدخلات!$B$4+(6-1)*المدخلات!$B$7/1440)-1,12)+1)&":"&TEXT(MINUTE(المدخلات!$B$4+(6-1)*المدخلات!$B$7/1440),"00")&"–"&(MOD(HOUR(المدخلات!$B$4+(6-1)*المدخلات!$B$7/1440+المدخلات!$B$5/1440)-1,12)+1)&":"&TEXT(MINUTE(المدخلات!$B$4+(6-1)*المدخلات!$B$7/1440+المدخلات!$B$5/1440),"00")&" م" -> 5:15–5:30 م | C27: 4 ضد 5 | D27: 3 ضد 7
B28: =(MOD(HOUR(المدخلات!$B$4+(7-1)*المدخلات!$B$7/1440)-1,12)+1)&":"&TEXT(MINUTE(المدخلات!$B$4+(7-1)*المدخلات!$B$7/1440),"00")&"–"&(MOD(HOUR(المدخلات!$B$4+(7-1)*المدخلات!$B$7/1440+المدخلات!$B$5/1440)-1,12)+1)&":"&TEXT(MINUTE(المدخلات!$B$4+(7-1)*المدخلات!$B$7/1440+المدخلات!$B$5/1440),"00")&" م" -> 5:30–5:45 م | C28: 1 ضد 6
B29: =(MOD(HOUR(المدخلات!$B$4+(8-1)*المدخلات!$B$7/1440)-1,12)+1)&":"&TEXT(MINUTE(المدخلات!$B$4+(8-1)*المدخلات!$B$7/1440),"00")&"–"&(MOD(HOUR(المدخلات!$B$4+(8-1)*المدخلات!$B$7/1440+المدخلات!$B$5/1440)-1,12)+1)&":"&TEXT(MINUTE(المدخلات!$B$4+(8-1)*المدخلات!$B$7/1440+المدخلات!$B$5/1440),"00")&" م" -> 5:45–6:00 م | C29: 4 ضد 7 | D29: 2 ضد 3
B30: =(MOD(HOUR(المدخلات!$B$4+(9-1)*المدخلات!$B$7/1440)-1,12)+1)&":"&TEXT(MINUTE(المدخلات!$B$4+(9-1)*المدخلات!$B$7/1440),"00")&"–"&(MOD(HOUR(المدخلات!$B$4+(9-1)*المدخلات!$B$7/1440+المدخلات!$B$5/1440)-1,12)+1)&":"&TEXT(MINUTE(المدخلات!$B$4+(9-1)*المدخلات!$B$7/1440+المدخلات!$B$5/1440),"00")&" م" -> 6:00–6:15 م | C30: 5 ضد 6
B31: =(MOD(HOUR(المدخلات!$B$4+(10-1)*المدخلات!$B$7/1440)-1,12)+1)&":"&TEXT(MINUTE(المدخلات!$B$4+(10-1)*المدخلات!$B$7/1440),"00")&"–"&(MOD(HOUR(المدخلات!$B$4+(10-1)*المدخلات!$B$7/1440+المدخلات!$B$5/1440)-1,12)+1)&":"&TEXT(MINUTE(المدخلات!$B$4+(10-1)*المدخلات!$B$7/1440+المدخلات!$B$5/1440),"00")&" م" -> 6:15–6:30 م | C31: 1 ضد 4 | D31: 2 ضد 7
A32: المهرجان 4 | B32: =(MOD(HOUR(المدخلات!$B$4+(1-1)*المدخلات!$B$7/1440)-1,12)+1)&":"&TEXT(MINUTE(المدخلات!$B$4+(1-1)*المدخلات!$B$7/1440),"00")&"–"&(MOD(HOUR(المدخلات!$B$4+(1-1)*المدخلات!$B$7/1440+المدخلات!$B$5/1440)-1,12)+1)&":"&TEXT(MINUTE(المدخلات!$B$4+(1-1)*المدخلات!$B$7/1440+المدخلات!$B$5/1440),"00")&" م" -> 4:00–4:15 م | C32: 6 ضد 7 | D32: 1 ضد 2 | E32: =COUNTA(C32:D41) -> 14
B33: =(MOD(HOUR(المدخلات!$B$4+(2-1)*المدخلات!$B$7/1440)-1,12)+1)&":"&TEXT(MINUTE(المدخلات!$B$4+(2-1)*المدخلات!$B$7/1440),"00")&"–"&(MOD(HOUR(المدخلات!$B$4+(2-1)*المدخلات!$B$7/1440+المدخلات!$B$5/1440)-1,12)+1)&":"&TEXT(MINUTE(المدخلات!$B$4+(2-1)*المدخلات!$B$7/1440+المدخلات!$B$5/1440),"00")&" م" -> 4:15–4:30 م | C33: 4 ضد 5
B34: =(MOD(HOUR(المدخلات!$B$4+(3-1)*المدخلات!$B$7/1440)-1,12)+1)&":"&TEXT(MINUTE(المدخلات!$B$4+(3-1)*المدخلات!$B$7/1440),"00")&"–"&(MOD(HOUR(المدخلات!$B$4+(3-1)*المدخلات!$B$7/1440+المدخلات!$B$5/1440)-1,12)+1)&":"&TEXT(MINUTE(المدخلات!$B$4+(3-1)*المدخلات!$B$7/1440+المدخلات!$B$5/1440),"00")&" م" -> 4:30–4:45 م | C34: 2 ضد 3 | D34: 1 ضد 6
B35: =(MOD(HOUR(المدخلات!$B$4+(4-1)*المدخلات!$B$7/1440)-1,12)+1)&":"&TEXT(MINUTE(المدخلات!$B$4+(4-1)*المدخلات!$B$7/1440),"00")&"–"&(MOD(HOUR(المدخلات!$B$4+(4-1)*المدخلات!$B$7/1440+المدخلات!$B$5/1440)-1,12)+1)&":"&TEXT(MINUTE(المدخلات!$B$4+(4-1)*المدخلات!$B$7/1440+المدخلات!$B$5/1440),"00")&" م" -> 4:45–5:00 م | C35: 4 ضد 7
B36: =(MOD(HOUR(المدخلات!$B$4+(5-1)*المدخلات!$B$7/1440)-1,12)+1)&":"&TEXT(MINUTE(المدخلات!$B$4+(5-1)*المدخلات!$B$7/1440),"00")&"–"&(MOD(HOUR(المدخلات!$B$4+(5-1)*المدخلات!$B$7/1440+المدخلات!$B$5/1440)-1,12)+1)&":"&TEXT(MINUTE(المدخلات!$B$4+(5-1)*المدخلات!$B$7/1440+المدخلات!$B$5/1440),"00")&" م" -> 5:00–5:15 م | C36: 3 ضد 6 | D36: 1 ضد 5
B37: =(MOD(HOUR(المدخلات!$B$4+(6-1)*المدخلات!$B$7/1440)-1,12)+1)&":"&TEXT(MINUTE(المدخلات!$B$4+(6-1)*المدخلات!$B$7/1440),"00")&"–"&(MOD(HOUR(المدخلات!$B$4+(6-1)*المدخلات!$B$7/1440+المدخلات!$B$5/1440)-1,12)+1)&":"&TEXT(MINUTE(المدخلات!$B$4+(6-1)*المدخلات!$B$7/1440+المدخلات!$B$5/1440),"00")&" م" -> 5:15–5:30 م | C37: 2 ضد 7
B38: =(MOD(HOUR(المدخلات!$B$4+(7-1)*المدخلات!$B$7/1440)-1,12)+1)&":"&TEXT(MINUTE(المدخلات!$B$4+(7-1)*المدخلات!$B$7/1440),"00")&"–"&(MOD(HOUR(المدخلات!$B$4+(7-1)*المدخلات!$B$7/1440+المدخلات!$B$5/1440)-1,12)+1)&":"&TEXT(MINUTE(المدخلات!$B$4+(7-1)*المدخلات!$B$7/1440+المدخلات!$B$5/1440),"00")&" م" -> 5:30–5:45 م | C38: 3 ضد 4
B39: =(MOD(HOUR(المدخلات!$B$4+(8-1)*المدخلات!$B$7/1440)-1,12)+1)&":"&TEXT(MINUTE(المدخلات!$B$4+(8-1)*المدخلات!$B$7/1440),"00")&"–"&(MOD(HOUR(المدخلات!$B$4+(8-1)*المدخلات!$B$7/1440+المدخلات!$B$5/1440)-1,12)+1)&":"&TEXT(MINUTE(المدخلات!$B$4+(8-1)*المدخلات!$B$7/1440+المدخلات!$B$5/1440),"00")&" م" -> 5:45–6:00 م | C39: 5 ضد 6 | D39: 1 ضد 7
B40: =(MOD(HOUR(المدخلات!$B$4+(9-1)*المدخلات!$B$7/1440)-1,12)+1)&":"&TEXT(MINUTE(المدخلات!$B$4+(9-1)*المدخلات!$B$7/1440),"00")&"–"&(MOD(HOUR(المدخلات!$B$4+(9-1)*المدخلات!$B$7/1440+المدخلات!$B$5/1440)-1,12)+1)&":"&TEXT(MINUTE(المدخلات!$B$4+(9-1)*المدخلات!$B$7/1440+المدخلات!$B$5/1440),"00")&" م" -> 6:00–6:15 م | C40: 2 ضد 4
B41: =(MOD(HOUR(المدخلات!$B$4+(10-1)*المدخلات!$B$7/1440)-1,12)+1)&":"&TEXT(MINUTE(المدخلات!$B$4+(10-1)*المدخلات!$B$7/1440),"00")&"–"&(MOD(HOUR(المدخلات!$B$4+(10-1)*المدخلات!$B$7/1440+المدخلات!$B$5/1440)-1,12)+1)&":"&TEXT(MINUTE(المدخلات!$B$4+(10-1)*المدخلات!$B$7/1440+المدخلات!$B$5/1440),"00")&" م" -> 6:15–6:30 م | C41: 3 ضد 5
A42: المهرجان 5 | B42: =(MOD(HOUR(المدخلات!$B$4+(1-1)*المدخلات!$B$7/1440)-1,12)+1)&":"&TEXT(MINUTE(المدخلات!$B$4+(1-1)*المدخلات!$B$7/1440),"00")&"–"&(MOD(HOUR(المدخلات!$B$4+(1-1)*المدخلات!$B$7/1440+المدخلات!$B$5/1440)-1,12)+1)&":"&TEXT(MINUTE(المدخلات!$B$4+(1-1)*المدخلات!$B$7/1440+المدخلات!$B$5/1440),"00")&" م" -> 4:00–4:15 م | C42: 1 ضد 4 | E42: =COUNTA(C42:D51) -> 14
B43: =(MOD(HOUR(المدخلات!$B$4+(2-1)*المدخلات!$B$7/1440)-1,12)+1)&":"&TEXT(MINUTE(المدخلات!$B$4+(2-1)*المدخلات!$B$7/1440),"00")&"–"&(MOD(HOUR(المدخلات!$B$4+(2-1)*المدخلات!$B$7/1440+المدخلات!$B$5/1440)-1,12)+1)&":"&TEXT(MINUTE(المدخلات!$B$4+(2-1)*المدخلات!$B$7/1440+المدخلات!$B$5/1440),"00")&" م" -> 4:15–4:30 م | C43: 3 ضد 7
B44: =(MOD(HOUR(المدخلات!$B$4+(3-1)*المدخلات!$B$7/1440)-1,12)+1)&":"&TEXT(MINUTE(المدخلات!$B$4+(3-1)*المدخلات!$B$7/1440),"00")&"–"&(MOD(HOUR(المدخلات!$B$4+(3-1)*المدخلات!$B$7/1440+المدخلات!$B$5/1440)-1,12)+1)&":"&TEXT(MINUTE(المدخلات!$B$4+(3-1)*المدخلات!$B$7/1440+المدخلات!$B$5/1440),"00")&" م" -> 4:30–4:45 م | C44: 2 ضد 5 | D44: 4 ضد 6
B45: =(MOD(HOUR(المدخلات!$B$4+(4-1)*المدخلات!$B$7/1440)-1,12)+1)&":"&TEXT(MINUTE(المدخلات!$B$4+(4-1)*المدخلات!$B$7/1440),"00")&"–"&(MOD(HOUR(المدخلات!$B$4+(4-1)*المدخلات!$B$7/1440+المدخلات!$B$5/1440)-1,12)+1)&":"&TEXT(MINUTE(المدخلات!$B$4+(4-1)*المدخلات!$B$7/1440+المدخلات!$B$5/1440),"00")&" م" -> 4:45–5:00 م | C45: 1 ضد 3
B46: =(MOD(HOUR(المدخلات!$B$4+(5-1)*المدخلات!$B$7/1440)-1,12)+1)&":"&TEXT(MINUTE(المدخلات!$B$4+(5-1)*المدخلات!$B$7/1440),"00")&"–"&(MOD(HOUR(المدخلات!$B$4+(5-1)*المدخلات!$B$7/1440+المدخلات!$B$5/1440)-1,12)+1)&":"&TEXT(MINUTE(المدخلات!$B$4+(5-1)*المدخلات!$B$7/1440+المدخلات!$B$5/1440),"00")&" م" -> 5:00–5:15 م | C46: 2 ضد 6 | D46: 5 ضد 7
B47: =(MOD(HOUR(المدخلات!$B$4+(6-1)*المدخلات!$B$7/1440)-1,12)+1)&":"&TEXT(MINUTE(المدخلات!$B$4+(6-1)*المدخلات!$B$7/1440),"00")&"–"&(MOD(HOUR(المدخلات!$B$4+(6-1)*المدخلات!$B$7/1440+المدخلات!$B$5/1440)-1,12)+1)&":"&TEXT(MINUTE(المدخلات!$B$4+(6-1)*المدخلات!$B$7/1440+المدخلات!$B$5/1440),"00")&" م" -> 5:15–5:30 م | C47: 3 ضد 4
B48: =(MOD(HOUR(المدخلات!$B$4+(7-1)*المدخلات!$B$7/1440)-1,12)+1)&":"&TEXT(MINUTE(المدخلات!$B$4+(7-1)*المدخلات!$B$7/1440),"00")&"–"&(MOD(HOUR(المدخلات!$B$4+(7-1)*المدخلات!$B$7/1440+المدخلات!$B$5/1440)-1,12)+1)&":"&TEXT(MINUTE(المدخلات!$B$4+(7-1)*المدخلات!$B$7/1440+المدخلات!$B$5/1440),"00")&" م" -> 5:30–5:45 م | C48: 2 ضد 7 | D48: 1 ضد 5
B49: =(MOD(HOUR(المدخلات!$B$4+(8-1)*المدخلات!$B$7/1440)-1,12)+1)&":"&TEXT(MINUTE(المدخلات!$B$4+(8-1)*المدخلات!$B$7/1440),"00")&"–"&(MOD(HOUR(المدخلات!$B$4+(8-1)*المدخلات!$B$7/1440+المدخلات!$B$5/1440)-1,12)+1)&":"&TEXT(MINUTE(المدخلات!$B$4+(8-1)*المدخلات!$B$7/1440+المدخلات!$B$5/1440),"00")&" م" -> 5:45–6:00 م | C49: 3 ضد 6
B50: =(MOD(HOUR(المدخلات!$B$4+(9-1)*المدخلات!$B$7/1440)-1,12)+1)&":"&TEXT(MINUTE(المدخلات!$B$4+(9-1)*المدخلات!$B$7/1440),"00")&"–"&(MOD(HOUR(المدخلات!$B$4+(9-1)*المدخلات!$B$7/1440+المدخلات!$B$5/1440)-1,12)+1)&":"&TEXT(MINUTE(المدخلات!$B$4+(9-1)*المدخلات!$B$7/1440+المدخلات!$B$5/1440),"00")&" م" -> 6:00–6:15 م | C50: 4 ضد 5 | D50: 1 ضد 2
B51: =(MOD(HOUR(المدخلات!$B$4+(10-1)*المدخلات!$B$7/1440)-1,12)+1)&":"&TEXT(MINUTE(المدخلات!$B$4+(10-1)*المدخلات!$B$7/1440),"00")&"–"&(MOD(HOUR(المدخلات!$B$4+(10-1)*المدخلات!$B$7/1440+المدخلات!$B$5/1440)-1,12)+1)&":"&TEXT(MINUTE(المدخلات!$B$4+(10-1)*المدخلات!$B$7/1440+المدخلات!$B$5/1440),"00")&" م" -> 6:15–6:30 م | C51: 6 ضد 7
A52: المهرجان 6 | B52: =(MOD(HOUR(المدخلات!$B$4+(1-1)*المدخلات!$B$7/1440)-1,12)+1)&":"&TEXT(MINUTE(المدخلات!$B$4+(1-1)*المدخلات!$B$7/1440),"00")&"–"&(MOD(HOUR(المدخلات!$B$4+(1-1)*المدخلات!$B$7/1440+المدخلات!$B$5/1440)-1,12)+1)&":"&TEXT(MINUTE(المدخلات!$B$4+(1-1)*المدخلات!$B$7/1440+المدخلات!$B$5/1440),"00")&" م" -> 4:00–4:15 م | C52: 3 ضد 5 | E52: =COUNTA(C52:D61) -> 14
B53: =(MOD(HOUR(المدخلات!$B$4+(2-1)*المدخلات!$B$7/1440)-1,12)+1)&":"&TEXT(MINUTE(المدخلات!$B$4+(2-1)*المدخلات!$B$7/1440),"00")&"–"&(MOD(HOUR(المدخلات!$B$4+(2-1)*المدخلات!$B$7/1440+المدخلات!$B$5/1440)-1,12)+1)&":"&TEXT(MINUTE(المدخلات!$B$4+(2-1)*المدخلات!$B$7/1440+المدخلات!$B$5/1440),"00")&" م" -> 4:15–4:30 م | C53: 2 ضد 6
B54: =(MOD(HOUR(المدخلات!$B$4+(3-1)*المدخلات!$B$7/1440)-1,12)+1)&":"&TEXT(MINUTE(المدخلات!$B$4+(3-1)*المدخلات!$B$7/1440),"00")&"–"&(MOD(HOUR(المدخلات!$B$4+(3-1)*المدخلات!$B$7/1440+المدخلات!$B$5/1440)-1,12)+1)&":"&TEXT(MINUTE(المدخلات!$B$4+(3-1)*المدخلات!$B$7/1440+المدخلات!$B$5/1440),"00")&" م" -> 4:30–4:45 م | C54: 4 ضد 7
B55: =(MOD(HOUR(المدخلات!$B$4+(4-1)*المدخلات!$B$7/1440)-1,12)+1)&":"&TEXT(MINUTE(المدخلات!$B$4+(4-1)*المدخلات!$B$7/1440),"00")&"–"&(MOD(HOUR(المدخلات!$B$4+(4-1)*المدخلات!$B$7/1440+المدخلات!$B$5/1440)-1,12)+1)&":"&TEXT(MINUTE(المدخلات!$B$4+(4-1)*المدخلات!$B$7/1440+المدخلات!$B$5/1440),"00")&" م" -> 4:45–5:00 م | C55: 1 ضد 3 | D55: 5 ضد 6
B56: =(MOD(HOUR(المدخلات!$B$4+(5-1)*المدخلات!$B$7/1440)-1,12)+1)&":"&TEXT(MINUTE(المدخلات!$B$4+(5-1)*المدخلات!$B$7/1440),"00")&"–"&(MOD(HOUR(المدخلات!$B$4+(5-1)*المدخلات!$B$7/1440+المدخلات!$B$5/1440)-1,12)+1)&":"&TEXT(MINUTE(المدخلات!$B$4+(5-1)*المدخلات!$B$7/1440+المدخلات!$B$5/1440),"00")&" م" -> 5:00–5:15 م | C56: 2 ضد 4
B57: =(MOD(HOUR(المدخلات!$B$4+(6-1)*المدخلات!$B$7/1440)-1,12)+1)&":"&TEXT(MINUTE(المدخلات!$B$4+(6-1)*المدخلات!$B$7/1440),"00")&"–"&(MOD(HOUR(المدخلات!$B$4+(6-1)*المدخلات!$B$7/1440+المدخلات!$B$5/1440)-1,12)+1)&":"&TEXT(MINUTE(المدخلات!$B$4+(6-1)*المدخلات!$B$7/1440+المدخلات!$B$5/1440),"00")&" م" -> 5:15–5:30 م | C57: 5 ضد 7 | D57: 1 ضد 6
B58: =(MOD(HOUR(المدخلات!$B$4+(7-1)*المدخلات!$B$7/1440)-1,12)+1)&":"&TEXT(MINUTE(المدخلات!$B$4+(7-1)*المدخلات!$B$7/1440),"00")&"–"&(MOD(HOUR(المدخلات!$B$4+(7-1)*المدخلات!$B$7/1440+المدخلات!$B$5/1440)-1,12)+1)&":"&TEXT(MINUTE(المدخلات!$B$4+(7-1)*المدخلات!$B$7/1440+المدخلات!$B$5/1440),"00")&" م" -> 5:30–5:45 م | C58: 2 ضد 3
B59: =(MOD(HOUR(المدخلات!$B$4+(8-1)*المدخلات!$B$7/1440)-1,12)+1)&":"&TEXT(MINUTE(المدخلات!$B$4+(8-1)*المدخلات!$B$7/1440),"00")&"–"&(MOD(HOUR(المدخلات!$B$4+(8-1)*المدخلات!$B$7/1440+المدخلات!$B$5/1440)-1,12)+1)&":"&TEXT(MINUTE(المدخلات!$B$4+(8-1)*المدخلات!$B$7/1440+المدخلات!$B$5/1440),"00")&" م" -> 5:45–6:00 م | C59: 4 ضد 6 | D59: 1 ضد 7
B60: =(MOD(HOUR(المدخلات!$B$4+(9-1)*المدخلات!$B$7/1440)-1,12)+1)&":"&TEXT(MINUTE(المدخلات!$B$4+(9-1)*المدخلات!$B$7/1440),"00")&"–"&(MOD(HOUR(المدخلات!$B$4+(9-1)*المدخلات!$B$7/1440+المدخلات!$B$5/1440)-1,12)+1)&":"&TEXT(MINUTE(المدخلات!$B$4+(9-1)*المدخلات!$B$7/1440+المدخلات!$B$5/1440),"00")&" م" -> 6:00–6:15 م | C60: 2 ضد 5
B61: =(MOD(HOUR(المدخلات!$B$4+(10-1)*المدخلات!$B$7/1440)-1,12)+1)&":"&TEXT(MINUTE(المدخلات!$B$4+(10-1)*المدخلات!$B$7/1440),"00")&"–"&(MOD(HOUR(المدخلات!$B$4+(10-1)*المدخلات!$B$7/1440+المدخلات!$B$5/1440)-1,12)+1)&":"&TEXT(MINUTE(المدخلات!$B$4+(10-1)*المدخلات!$B$7/1440+المدخلات!$B$5/1440),"00")&" م" -> 6:15–6:30 م | C61: 1 ضد 4 | D61: 3 ضد 7
A63: توزيع الفرق على مجموعة حائل — تحت 7 — يُعبّأ بأسماء الفرق
B64: # | C64: المجموعة أ (الفرق 1-7) | F64: التصنيف
B65: 1 | C65: الجبلين | F65: نادي
B66: 2 | C66: الريان | F66: نادي
B67: 3 | C67: الطائي | F67: نادي
B68: 4 | C68: فيد | F68: نادي
B69: 5 | C69: نادي جبة | F69: نادي
B70: 6 | C70: اكاديمية سلمى | F70: أكاديمية
B71: 7 | C71: تكتيك | F71: أكاديمية
A74: توزيع الفرق على مجموعة مركز الرفيعة — تحت 7 — يُعبّأ بأسماء الفرق
B75: # | C75: المجموعة أ (الفرق 1-7) | F75: التصنيف
B76: 1 | C76: قرية العليا | F76: أكاديمية
B77: 2 | C77: اجيال اللهابه | F77: هواة
B78: 3 | C78: النخبوي | F78: هواة
B79: 4 | C79: صقور الرفيعة | F79: هواة
B80: 5 | C80: مواهب الشيحية | F80: هواة
B81: 6 | C81: نجوم الرفاع | F81: هواة
B82: 7 | C82: نخبة الصمان | F82: هواة
A85: توزيع الفرق على مجموعة القريات — تحت 7 — يُعبّأ بأسماء الفرق
B86: # | C86: المجموعة أ (الفرق 1-7) | F86: التصنيف
B87: 1 | C87: القريات (1) | F87: نادي
B88: 2 | C88: القريات (2) | F88: نادي
B89: 3 | C89: اشبيلية بارك الرياضية (1) | F89: أكاديمية
B90: 4 | C90: اشبيلية بارك الرياضية (2) | F90: أكاديمية
B91: 5 | C91: اكاديمية المستقبل | F91: هواة
B92: 6 | C92: باريس الجوف | F92: هواة
B93: 7 | C93: وولف | F93: هواة
A96: توزيع الفرق على مجموعة مركز الرفيعة — تحت 9 — يُعبّأ بأسماء الفرق
B97: # | C97: المجموعة أ (الفرق 1-7) | F97: التصنيف
B98: 1 | C98: قرية العليا | F98: أكاديمية
B99: 2 | C99: اجيال اللهابه | F99: هواة
B100: 3 | C100: النخبوي | F100: هواة
B101: 4 | C101: صقور الرفيعة | F101: هواة
B102: 5 | C102: مواهب الشيحية | F102: هواة
B103: 6 | C103: نجوم الرفاع | F103: هواة
B104: 7 | C104: نخبة الصمان | F104: هواة
A107: توزيع الفرق على مجموعة الباحة (الباحة، بلقرن، العقيق) — تحت 9 — يُعبّأ بأسماء الفرق
B108: # | C108: المجموعة أ (الفرق 1-7) | F108: التصنيف
B109: 1 | C109: البشائر (1) | F109: نادي
...

Sheet 8 فرق
A1: جدول مباريات بطولة 8 فرق — مجموعة واحدة داخل ملعب قانوني واحد (4 ملاعب مصغّرة)
C2: الملعب القانوني 1 — المجموعة أ (الفرق 1–8)
A3: المهرجان | B3: الوقت | C3: ملعب 1 | D3: ملعب 2 | E3: ملعب 3 | F3: ملعب 4 | G3: مجموع مباريات المهرجان
A4: المهرجان 1 | B4: =(MOD(HOUR(المدخلات!$B$4+(1-1)*المدخلات!$B$7/1440)-1,12)+1)&":"&TEXT(MINUTE(المدخلات!$B$4+(1-1)*المدخلات!$B$7/1440),"00")&"–"&(MOD(HOUR(المدخلات!$B$4+(1-1)*المدخلات!$B$7/1440+المدخلات!$B$5/1440)-1,12)+1)&":"&TEXT(MINUTE(المدخلات!$B$4+(1-1)*المدخلات!$B$7/1440+المدخلات!$B$5/1440),"00")&" م" -> 4:00–4:15 م | C4: 1 ضد 5 | D4: 2 ضد 7 | E4: 3 ضد 4 | F4: 6 ضد 8 | G4: =COUNTA(C4:F10) -> 16
B5: =(MOD(HOUR(المدخلات!$B$4+(2-1)*المدخلات!$B$7/1440)-1,12)+1)&":"&TEXT(MINUTE(المدخلات!$B$4+(2-1)*المدخلات!$B$7/1440),"00")&"–"&(MOD(HOUR(المدخلات!$B$4+(2-1)*المدخلات!$B$7/1440+المدخلات!$B$5/1440)-1,12)+1)&":"&TEXT(MINUTE(المدخلات!$B$4+(2-1)*المدخلات!$B$7/1440+المدخلات!$B$5/1440),"00")&" م" -> 4:15–4:30 م
B6: =(MOD(HOUR(المدخلات!$B$4+(3-1)*المدخلات!$B$7/1440)-1,12)+1)&":"&TEXT(MINUTE(المدخلات!$B$4+(3-1)*المدخلات!$B$7/1440),"00")&"–"&(MOD(HOUR(المدخلات!$B$4+(3-1)*المدخلات!$B$7/1440+المدخلات!$B$5/1440)-1,12)+1)&":"&TEXT(MINUTE(المدخلات!$B$4+(3-1)*المدخلات!$B$7/1440+المدخلات!$B$5/1440),"00")&" م" -> 4:30–4:45 م | C6: 1 ضد 8 | D6: 2 ضد 4 | E6: 3 ضد 5 | F6: 6 ضد 7
B7: =(MOD(HOUR(المدخلات!$B$4+(4-1)*المدخلات!$B$7/1440)-1,12)+1)&":"&TEXT(MINUTE(المدخلات!$B$4+(4-1)*المدخلات!$B$7/1440),"00")&"–"&(MOD(HOUR(المدخلات!$B$4+(4-1)*المدخلات!$B$7/1440+المدخلات!$B$5/1440)-1,12)+1)&":"&TEXT(MINUTE(المدخلات!$B$4+(4-1)*المدخلات!$B$7/1440+المدخلات!$B$5/1440),"00")&" م" -> 4:45–5:00 م
B8: =(MOD(HOUR(المدخلات!$B$4+(5-1)*المدخلات!$B$7/1440)-1,12)+1)&":"&TEXT(MINUTE(المدخلات!$B$4+(5-1)*المدخلات!$B$7/1440),"00")&"–"&(MOD(HOUR(المدخلات!$B$4+(5-1)*المدخلات!$B$7/1440+المدخلات!$B$5/1440)-1,12)+1)&":"&TEXT(MINUTE(المدخلات!$B$4+(5-1)*المدخلات!$B$7/1440+المدخلات!$B$5/1440),"00")&" م" -> 5:00–5:15 م | C8: 1 ضد 7 | D8: 2 ضد 3 | E8: 4 ضد 6 | F8: 5 ضد 8
B9: =(MOD(HOUR(المدخلات!$B$4+(6-1)*المدخلات!$B$7/1440)-1,12)+1)&":"&TEXT(MINUTE(المدخلات!$B$4+(6-1)*المدخلات!$B$7/1440),"00")&"–"&(MOD(HOUR(المدخلات!$B$4+(6-1)*المدخلات!$B$7/1440+المدخلات!$B$5/1440)-1,12)+1)&":"&TEXT(MINUTE(المدخلات!$B$4+(6-1)*المدخلات!$B$7/1440+المدخلات!$B$5/1440),"00")&" م" -> 5:15–5:30 م
B10: =(MOD(HOUR(المدخلات!$B$4+(7-1)*المدخلات!$B$7/1440)-1,12)+1)&":"&TEXT(MINUTE(المدخلات!$B$4+(7-1)*المدخلات!$B$7/1440),"00")&"–"&(MOD(HOUR(المدخلات!$B$4+(7-1)*المدخلات!$B$7/1440+المدخلات!$B$5/1440)-1,12)+1)&":"&TEXT(MINUTE(المدخلات!$B$4+(7-1)*المدخلات!$B$7/1440+المدخلات!$B$5/1440),"00")&" م" -> 5:30–5:45 م | C10: 1 ضد 6 | D10: 2 ضد 5 | E10: 3 ضد 7 | F10: 4 ضد 8
A11: المهرجان 2 | B11: =(MOD(HOUR(المدخلات!$B$4+(1-1)*المدخلات!$B$7/1440)-1,12)+1)&":"&TEXT(MINUTE(المدخلات!$B$4+(1-1)*المدخلات!$B$7/1440),"00")&"–"&(MOD(HOUR(المدخلات!$B$4+(1-1)*المدخلات!$B$7/1440+المدخلات!$B$5/1440)-1,12)+1)&":"&TEXT(MINUTE(المدخلات!$B$4+(1-1)*المدخلات!$B$7/1440+المدخلات!$B$5/1440),"00")&" م" -> 4:00–4:15 م | C11: 1 ضد 3 | D11: 2 ضد 6 | E11: 4 ضد 5 | F11: 7 ضد 8 | G11: =COUNTA(C11:F17) -> 16
B12: =(MOD(HOUR(المدخلات!$B$4+(2-1)*المدخلات!$B$7/1440)-1,12)+1)&":"&TEXT(MINUTE(المدخلات!$B$4+(2-1)*المدخلات!$B$7/1440),"00")&"–"&(MOD(HOUR(المدخلات!$B$4+(2-1)*المدخلات!$B$7/1440+المدخلات!$B$5/1440)-1,12)+1)&":"&TEXT(MINUTE(المدخلات!$B$4+(2-1)*المدخلات!$B$7/1440+المدخلات!$B$5/1440),"00")&" م" -> 4:15–4:30 م
B13: =(MOD(HOUR(المدخلات!$B$4+(3-1)*المدخلات!$B$7/1440)-1,12)+1)&":"&TEXT(MINUTE(المدخلات!$B$4+(3-1)*المدخلات!$B$7/1440),"00")&"–"&(MOD(HOUR(المدخلات!$B$4+(3-1)*المدخلات!$B$7/1440+المدخلات!$B$5/1440)-1,12)+1)&":"&TEXT(MINUTE(المدخلات!$B$4+(3-1)*المدخلات!$B$7/1440+المدخلات!$B$5/1440),"00")&" م" -> 4:30–4:45 م | C13: 1 ضد 4 | D13: 2 ضد 8 | E13: 3 ضد 6 | F13: 5 ضد 7
B14: =(MOD(HOUR(المدخلات!$B$4+(4-1)*المدخلات!$B$7/1440)-1,12)+1)&":"&TEXT(MINUTE(المدخلات!$B$4+(4-1)*المدخلات!$B$7/1440),"00")&"–"&(MOD(HOUR(المدخلات!$B$4+(4-1)*المدخلات!$B$7/1440+المدخلات!$B$5/1440)-1,12)+1)&":"&TEXT(MINUTE(المدخلات!$B$4+(4-1)*المدخلات!$B$7/1440+المدخلات!$B$5/1440),"00")&" م" -> 4:45–5:00 م
B15: =(MOD(HOUR(المدخلات!$B$4+(5-1)*المدخلات!$B$7/1440)-1,12)+1)&":"&TEXT(MINUTE(المدخلات!$B$4+(5-1)*المدخلات!$B$7/1440),"00")&"–"&(MOD(HOUR(المدخلات!$B$4+(5-1)*المدخلات!$B$7/1440+المدخلات!$B$5/1440)-1,12)+1)&":"&TEXT(MINUTE(المدخلات!$B$4+(5-1)*المدخلات!$B$7/1440+المدخلات!$B$5/1440),"00")&" م" -> 5:00–5:15 م | C15: 1 ضد 2 | D15: 3 ضد 8 | E15: 4 ضد 7 | F15: 5 ضد 6
B16: =(MOD(HOUR(المدخلات!$B$4+(6-1)*المدخلات!$B$7/1440)-1,12)+1)&":"&TEXT(MINUTE(المدخلات!$B$4+(6-1)*المدخلات!$B$7/1440),"00")&"–"&(MOD(HOUR(المدخلات!$B$4+(6-1)*المدخلات!$B$7/1440+المدخلات!$B$5/1440)-1,12)+1)&":"&TEXT(MINUTE(المدخلات!$B$4+(6-1)*المدخلات!$B$7/1440+المدخلات!$B$5/1440),"00")&" م" -> 5:15–5:30 م
B17: =(MOD(HOUR(المدخلات!$B$4+(7-1)*المدخلات!$B$7/1440)-1,12)+1)&":"&TEXT(MINUTE(المدخلات!$B$4+(7-1)*المدخلات!$B$7/1440),"00")&"–"&(MOD(HOUR(المدخلات!$B$4+(7-1)*المدخلات!$B$7/1440+المدخلات!$B$5/1440)-1,12)+1)&":"&TEXT(MINUTE(المدخلات!$B$4+(7-1)*المدخلات!$B$7/1440+المدخلات!$B$5/1440),"00")&" م" -> 5:30–5:45 م | C17: 1 ضد 5 | D17: 2 ضد 3 | E17: 4 ضد 8 | F17: 6 ضد 7
A18: المهرجان 3 | B18: =(MOD(HOUR(المدخلات!$B$4+(1-1)*المدخلات!$B$7/1440)-1,12)+1)&":"&TEXT(MINUTE(المدخلات!$B$4+(1-1)*المدخلات!$B$7/1440),"00")&"–"&(MOD(HOUR(المدخلات!$B$4+(1-1)*المدخلات!$B$7/1440+المدخلات!$B$5/1440)-1,12)+1)&":"&TEXT(MINUTE(المدخلات!$B$4+(1-1)*المدخلات!$B$7/1440+المدخلات!$B$5/1440),"00")&" م" -> 4:00–4:15 م | C18: 1 ضد 7 | D18: 2 ضد 4 | E18: 3 ضد 6 | F18: 5 ضد 8 | G18: =COUNTA(C18:F24) -> 16
B19: =(MOD(HOUR(المدخلات!$B$4+(2-1)*المدخلات!$B$7/1440)-1,12)+1)&":"&TEXT(MINUTE(المدخلات!$B$4+(2-1)*المدخلات!$B$7/1440),"00")&"–"&(MOD(HOUR(المدخلات!$B$4+(2-1)*المدخلات!$B$7/1440+المدخلات!$B$5/1440)-1,12)+1)&":"&TEXT(MINUTE(المدخلات!$B$4+(2-1)*المدخلات!$B$7/1440+المدخلات!$B$5/1440),"00")&" م" -> 4:15–4:30 م
B20: =(MOD(HOUR(المدخلات!$B$4+(3-1)*المدخلات!$B$7/1440)-1,12)+1)&":"&TEXT(MINUTE(المدخلات!$B$4+(3-1)*المدخلات!$B$7/1440),"00")&"–"&(MOD(HOUR(المدخلات!$B$4+(3-1)*المدخلات!$B$7/1440+المدخلات!$B$5/1440)-1,12)+1)&":"&TEXT(MINUTE(المدخلات!$B$4+(3-1)*المدخلات!$B$7/1440+المدخلات!$B$5/1440),"00")&" م" -> 4:30–4:45 م | C20: 1 ضد 4 | D20: 2 ضد 6 | E20: 3 ضد 8 | F20: 5 ضد 7
B21: =(MOD(HOUR(المدخلات!$B$4+(4-1)*المدخلات!$B$7/1440)-1,12)+1)&":"&TEXT(MINUTE(المدخلات!$B$4+(4-1)*المدخلات!$B$7/1440),"00")&"–"&(MOD(HOUR(المدخلات!$B$4+(4-1)*المدخلات!$B$7/1440+المدخلات!$B$5/1440)-1,12)+1)&":"&TEXT(MINUTE(المدخلات!$B$4+(4-1)*المدخلات!$B$7/1440+المدخلات!$B$5/1440),"00")&" م" -> 4:45–5:00 م
B22: =(MOD(HOUR(المدخلات!$B$4+(5-1)*المدخلات!$B$7/1440)-1,12)+1)&":"&TEXT(MINUTE(المدخلات!$B$4+(5-1)*المدخلات!$B$7/1440),"00")&"–"&(MOD(HOUR(المدخلات!$B$4+(5-1)*المدخلات!$B$7/1440+المدخلات!$B$5/1440)-1,12)+1)&":"&TEXT(MINUTE(المدخلات!$B$4+(5-1)*المدخلات!$B$7/1440+المدخلات!$B$5/1440),"00")&" م" -> 5:00–5:15 م | C22: 1 ضد 2 | D22: 3 ضد 4 | E22: 5 ضد 6 | F22: 7 ضد 8
B23: =(MOD(HOUR(المدخلات!$B$4+(6-1)*المدخلات!$B$7/1440)-1,12)+1)&":"&TEXT(MINUTE(المدخلات!$B$4+(6-1)*المدخلات!$B$7/1440),"00")&"–"&(MOD(HOUR(المدخلات!$B$4+(6-1)*المدخلات!$B$7/1440+المدخلات!$B$5/1440)-1,12)+1)&":"&TEXT(MINUTE(المدخلات!$B$4+(6-1)*المدخلات!$B$7/1440+المدخلات!$B$5/1440),"00")&" م" -> 5:15–5:30 م
B24: =(MOD(HOUR(المدخلات!$B$4+(7-1)*المدخلات!$B$7/1440)-1,12)+1)&":"&TEXT(MINUTE(المدخلات!$B$4+(7-1)*المدخلات!$B$7/1440),"00")&"–"&(MOD(HOUR(المدخلات!$B$4+(7-1)*المدخلات!$B$7/1440+المدخلات!$B$5/1440)-1,12)+1)&":"&TEXT(MINUTE(المدخلات!$B$4+(7-1)*المدخلات!$B$7/1440+المدخلات!$B$5/1440),"00")&" م" -> 5:30–5:45 م | C24: 1 ضد 8 | D24: 2 ضد 5 | E24: 3 ضد 7 | F24: 4 ضد 6
A25: المهرجان 4 | B25: =(MOD(HOUR(المدخلات!$B$4+(1-1)*المدخلات!$B$7/1440)-1,12)+1)&":"&TEXT(MINUTE(المدخلات!$B$4+(1-1)*المدخلات!$B$7/1440),"00")&"–"&(MOD(HOUR(المدخلات!$B$4+(1-1)*المدخلات!$B$7/1440+المدخلات!$B$5/1440)-1,12)+1)&":"&TEXT(MINUTE(المدخلات!$B$4+(1-1)*المدخلات!$B$7/1440+المدخلات!$B$5/1440),"00")&" م" -> 4:00–4:15 م | C25: 1 ضد 3 | D25: 2 ضد 7 | E25: 4 ضد 5 | F25: 6 ضد 8 | G25: =COUNTA(C25:F31) -> 16
B26: =(MOD(HOUR(المدخلات!$B$4+(2-1)*المدخلات!$B$7/1440)-1,12)+1)&":"&TEXT(MINUTE(المدخلات!$B$4+(2-1)*المدخلات!$B$7/1440),"00")&"–"&(MOD(HOUR(المدخلات!$B$4+(2-1)*المدخلات!$B$7/1440+المدخلات!$B$5/1440)-1,12)+1)&":"&TEXT(MINUTE(المدخلات!$B$4+(2-1)*المدخلات!$B$7/1440+المدخلات!$B$5/1440),"00")&" م" -> 4:15–4:30 م
B27: =(MOD(HOUR(المدخلات!$B$4+(3-1)*المدخلات!$B$7/1440)-1,12)+1)&":"&TEXT(MINUTE(المدخلات!$B$4+(3-1)*المدخلات!$B$7/1440),"00")&"–"&(MOD(HOUR(المدخلات!$B$4+(3-1)*المدخلات!$B$7/1440+المدخلات!$B$5/1440)-1,12)+1)&":"&TEXT(MINUTE(المدخلات!$B$4+(3-1)*المدخلات!$B$7/1440+المدخلات!$B$5/1440),"00")&" م" -> 4:30–4:45 م | C27: 1 ضد 6 | D27: 2 ضد 8 | E27: 3 ضد 5 | F27: 4 ضد 7
B28: =(MOD(HOUR(المدخلات!$B$4+(4-1)*المدخلات!$B$7/1440)-1,12)+1)&":"&TEXT(MINUTE(المدخلات!$B$4+(4-1)*المدخلات!$B$7/1440),"00")&"–"&(MOD(HOUR(المدخلات!$B$4+(4-1)*المدخلات!$B$7/1440+المدخلات!$B$5/1440)-1,12)+1)&":"&TEXT(MINUTE(المدخلات!$B$4+(4-1)*المدخلات!$B$7/1440+المدخلات!$B$5/1440),"00")&" م" -> 4:45–5:00 م
B29: =(MOD(HOUR(المدخلات!$B$4+(5-1)*المدخلات!$B$7/1440)-1,12)+1)&":"&TEXT(MINUTE(المدخلات!$B$4+(5-1)*المدخلات!$B$7/1440),"00")&"–"&(MOD(HOUR(المدخلات!$B$4+(5-1)*المدخلات!$B$7/1440+المدخلات!$B$5/1440)-1,12)+1)&":"&TEXT(MINUTE(المدخلات!$B$4+(5-1)*المدخلات!$B$7/1440+المدخلات!$B$5/1440),"00")&" م" -> 5:00–5:15 م | C29: 1 ضد 8 | D29: 2 ضد 4 | E29: 3 ضد 7 | F29: 5 ضد 6
B30: =(MOD(HOUR(المدخلات!$B$4+(6-1)*المدخلات!$B$7/1440)-1,12)+1)&":"&TEXT(MINUTE(المدخلات!$B$4+(6-1)*المدخلات!$B$7/1440),"00")&"–"&(MOD(HOUR(المدخلات!$B$4+(6-1)*المدخلات!$B$7/1440+المدخلات!$B$5/1440)-1,12)+1)&":"&TEXT(MINUTE(المدخلات!$B$4+(6-1)*المدخلات!$B$7/1440+المدخلات!$B$5/1440),"00")&" م" -> 5:15–5:30 م
B31: =(MOD(HOUR(المدخلات!$B$4+(7-1)*المدخلات!$B$7/1440)-1,12)+1)&":"&TEXT(MINUTE(المدخلات!$B$4+(7-1)*المدخلات!$B$7/1440),"00")&"–"&(MOD(HOUR(المدخلات!$B$4+(7-1)*المدخلات!$B$7/1440+المدخلات!$B$5/1440)-1,12)+1)&":"&TEXT(MINUTE(المدخلات!$B$4+(7-1)*المدخلات!$B$7/1440+المدخلات!$B$5/1440),"00")&" م" -> 5:30–5:45 م | C31: 1 ضد 5 | D31: 2 ضد 6 | E31: 3 ضد 4 | F31: 7 ضد 8
A32: المهرجان 5 | B32: =(MOD(HOUR(المدخلات!$B$4+(1-1)*المدخلات!$B$7/1440)-1,12)+1)&":"&TEXT(MINUTE(المدخلات!$B$4+(1-1)*المدخلات!$B$7/1440),"00")&"–"&(MOD(HOUR(المدخلات!$B$4+(1-1)*المدخلات!$B$7/1440+المدخلات!$B$5/1440)-1,12)+1)&":"&TEXT(MINUTE(المدخلات!$B$4+(1-1)*المدخلات!$B$7/1440+المدخلات!$B$5/1440),"00")&" م" -> 4:00–4:15 م | C32: 1 ضد 2 | D32: 3 ضد 5 | E32: 4 ضد 7 | F32: 6 ضد 8 | G32: =COUNTA(C32:F38) -> 16
B33: =(MOD(HOUR(المدخلات!$B$4+(2-1)*المدخلات!$B$7/1440)-1,12)+1)&":"&TEXT(MINUTE(المدخلات!$B$4+(2-1)*المدخلات!$B$7/1440),"00")&"–"&(MOD(HOUR(المدخلات!$B$4+(2-1)*المدخلات!$B$7/1440+المدخلات!$B$5/1440)-1,12)+1)&":"&TEXT(MINUTE(المدخلات!$B$4+(2-1)*المدخلات!$B$7/1440+المدخلات!$B$5/1440),"00")&" م" -> 4:15–4:30 م
B34: =(MOD(HOUR(المدخلات!$B$4+(3-1)*المدخلات!$B$7/1440)-1,12)+1)&":"&TEXT(MINUTE(المدخلات!$B$4+(3-1)*المدخلات!$B$7/1440),"00")&"–"&(MOD(HOUR(المدخلات!$B$4+(3-1)*المدخلات!$B$7/1440+المدخلات!$B$5/1440)-1,12)+1)&":"&TEXT(MINUTE(المدخلات!$B$4+(3-1)*المدخلات!$B$7/1440+المدخلات!$B$5/1440),"00")&" م" -> 4:30–4:45 م | C34: 1 ضد 7 | D34: 2 ضد 3 | E34: 4 ضد 6 | F34: 5 ضد 8
B35: =(MOD(HOUR(المدخلات!$B$4+(4-1)*المدخلات!$B$7/1440)-1,12)+1)&":"&TEXT(MINUTE(المدخلات!$B$4+(4-1)*المدخلات!$B$7/1440),"00")&"–"&(MOD(HOUR(المدخلات!$B$4+(4-1)*المدخلات!$B$7/1440+المدخلات!$B$5/1440)-1,12)+1)&":"&TEXT(MINUTE(المدخلات!$B$4+(4-1)*المدخلات!$B$7/1440+المدخلات!$B$5/1440),"00")&" م" -> 4:45–5:00 م
B36: =(MOD(HOUR(المدخلات!$B$4+(5-1)*المدخلات!$B$7/1440)-1,12)+1)&":"&TEXT(MINUTE(المدخلات!$B$4+(5-1)*المدخلات!$B$7/1440),"00")&"–"&(MOD(HOUR(المدخلات!$B$4+(5-1)*المدخلات!$B$7/1440+المدخلات!$B$5/1440)-1,12)+1)&":"&TEXT(MINUTE(المدخلات!$B$4+(5-1)*المدخلات!$B$7/1440+المدخلات!$B$5/1440),"00")&" م" -> 5:00–5:15 م | C36: 1 ضد 6 | D36: 2 ضد 7 | E36: 3 ضد 8 | F36: 4 ضد 5
B37: =(MOD(HOUR(المدخلات!$B$4+(6-1)*المدخلات!$B$7/1440)-1,12)+1)&":"&TEXT(MINUTE(المدخلات!$B$4+(6-1)*المدخلات!$B$7/1440),"00")&"–"&(MOD(HOUR(المدخلات!$B$4+(6-1)*المدخلات!$B$7/1440+المدخلات!$B$5/1440)-1,12)+1)&":"&TEXT(MINUTE(المدخلات!$B$4+(6-1)*المدخلات!$B$7/1440+المدخلات!$B$5/1440),"00")&" م" -> 5:15–5:30 م
B38: =(MOD(HOUR(المدخلات!$B$4+(7-1)*المدخلات!$B$7/1440)-1,12)+1)&":"&TEXT(MINUTE(المدخلات!$B$4+(7-1)*المدخلات!$B$7/1440),"00")&"–"&(MOD(HOUR(المدخلات!$B$4+(7-1)*المدخلات!$B$7/1440+المدخلات!$B$5/1440)-1,12)+1)&":"&TEXT(MINUTE(المدخلات!$B$4+(7-1)*المدخلات!$B$7/1440+المدخلات!$B$5/1440),"00")&" م" -> 5:30–5:45 م | C38: 1 ضد 4 | D38: 2 ضد 8 | E38: 3 ضد 6 | F38: 5 ضد 7
A39: المهرجان 6 | B39: =(MOD(HOUR(المدخلات!$B$4+(1-1)*المدخلات!$B$7/1440)-1,12)+1)&":"&TEXT(MINUTE(المدخلات!$B$4+(1-1)*المدخلات!$B$7/1440),"00")&"–"&(MOD(HOUR(المدخلات!$B$4+(1-1)*المدخلات!$B$7/1440+المدخلات!$B$5/1440)-1,12)+1)&":"&TEXT(MINUTE(المدخلات!$B$4+(1-1)*المدخلات!$B$7/1440+المدخلات!$B$5/1440),"00")&" م" -> 4:00–4:15 م | C39: 1 ضد 3 | D39: 2 ضد 5 | E39: 4 ضد 8 | F39: 6 ضد 7 | G39: =COUNTA(C39:F45) -> 16
B40: =(MOD(HOUR(المدخلات!$B$4+(2-1)*المدخلات!$B$7/1440)-1,12)+1)&":"&TEXT(MINUTE(المدخلات!$B$4+(2-1)*المدخلات!$B$7/1440),"00")&"–"&(MOD(HOUR(المدخلات!$B$4+(2-1)*المدخلات!$B$7/1440+المدخلات!$B$5/1440)-1,12)+1)&":"&TEXT(MINUTE(المدخلات!$B$4+(2-1)*المدخلات!$B$7/1440+المدخلات!$B$5/1440),"00")&" م" -> 4:15–4:30 م
B41: =(MOD(HOUR(المدخلات!$B$4+(3-1)*المدخلات!$B$7/1440)-1,12)+1)&":"&TEXT(MINUTE(المدخلات!$B$4+(3-1)*المدخلات!$B$7/1440),"00")&"–"&(MOD(HOUR(المدخلات!$B$4+(3-1)*المدخلات!$B$7/1440+المدخلات!$B$5/1440)-1,12)+1)&":"&TEXT(MINUTE(المدخلات!$B$4+(3-1)*المدخلات!$B$7/1440+المدخلات!$B$5/1440),"00")&" م" -> 4:30–4:45 م | C41: 1 ضد 4 | D41: 2 ضد 6 | E41: 3 ضد 5 | F41: 7 ضد 8
B42: =(MOD(HOUR(المدخلات!$B$4+(4-1)*المدخلات!$B$7/1440)-1,12)+1)&":"&TEXT(MINUTE(المدخلات!$B$4+(4-1)*المدخلات!$B$7/1440),"00")&"–"&(MOD(HOUR(المدخلات!$B$4+(4-1)*المدخلات!$B$7/1440+المدخلات!$B$5/1440)-1,12)+1)&":"&TEXT(MINUTE(المدخلات!$B$4+(4-1)*المدخلات!$B$7/1440+المدخلات!$B$5/1440),"00")&" م" -> 4:45–5:00 م
B43: =(MOD(HOUR(المدخلات!$B$4+(5-1)*المدخلات!$B$7/1440)-1,12)+1)&":"&TEXT(MINUTE(المدخلات!$B$4+(5-1)*المدخلات!$B$7/1440),"00")&"–"&(MOD(HOUR(المدخلات!$B$4+(5-1)*المدخلات!$B$7/1440+المدخلات!$B$5/1440)-1,12)+1)&":"&TEXT(MINUTE(المدخلات!$B$4+(5-1)*المدخلات!$B$7/1440+المدخلات!$B$5/1440),"00")&" م" -> 5:00–5:15 م | C43: 1 ضد 7 | D43: 2 ضد 4 | E43: 3 ضد 6 | F43: 5 ضد 8
B44: =(MOD(HOUR(المدخلات!$B$4+(6-1)*المدخلات!$B$7/1440)-1,12)+1)&":"&TEXT(MINUTE(المدخلات!$B$4+(6-1)*المدخلات!$B$7/1440),"00")&"–"&(MOD(HOUR(المدخلات!$B$4+(6-1)*المدخلات!$B$7/1440+المدخلات!$B$5/1440)-1,12)+1)&":"&TEXT(MINUTE(المدخلات!$B$4+(6-1)*المدخلات!$B$7/1440+المدخلات!$B$5/1440),"00")&" م" -> 5:15–5:30 م
B45: =(MOD(HOUR(المدخلات!$B$4+(7-1)*المدخلات!$B$7/1440)-1,12)+1)&":"&TEXT(MINUTE(المدخلات!$B$4+(7-1)*المدخلات!$B$7/1440),"00")&"–"&(MOD(HOUR(المدخلات!$B$4+(7-1)*المدخلات!$B$7/1440+المدخلات!$B$5/1440)-1,12)+1)&":"&TEXT(MINUTE(المدخلات!$B$4+(7-1)*المدخلات!$B$7/1440+المدخلات!$B$5/1440),"00")&" م" -> 5:30–5:45 م | C45: 1 ضد 5 | D45: 2 ضد 3 | E45: 4 ضد 7 | F45: 6 ضد 8
A46: المهرجان 7 | B46: =(MOD(HOUR(المدخلات!$B$4+(1-1)*المدخلات!$B$7/1440)-1,12)+1)&":"&TEXT(MINUTE(المدخلات!$B$4+(1-1)*المدخلات!$B$7/1440),"00")&"–"&(MOD(HOUR(المدخلات!$B$4+(1-1)*المدخلات!$B$7/1440+المدخلات!$B$5/1440)-1,12)+1)&":"&TEXT(MINUTE(المدخلات!$B$4+(1-1)*المدخلات!$B$7/1440+المدخلات!$B$5/1440),"00")&" م" -> 4:00–4:15 م | C46: 1 ضد 3 | D46: 2 ضد 7 | E46: 4 ضد 8 | F46: 5 ضد 6 | G46: =COUNTA(C46:F52) -> 16
B47: =(MOD(HOUR(المدخلات!$B$4+(2-1)*المدخلات!$B$7/1440)-1,12)+1)&":"&TEXT(MINUTE(المدخلات!$B$4+(2-1)*المدخلات!$B$7/1440),"00")&"–"&(MOD(HOUR(المدخلات!$B$4+(2-1)*المدخلات!$B$7/1440+المدخلات!$B$5/1440)-1,12)+1)&":"&TEXT(MINUTE(المدخلات!$B$4+(2-1)*المدخلات!$B$7/1440+المدخلات!$B$5/1440),"00")&" م" -> 4:15–4:30 م
B48: =(MOD(HOUR(المدخلات!$B$4+(3-1)*المدخلات!$B$7/1440)-1,12)+1)&":"&TEXT(MINUTE(المدخلات!$B$4+(3-1)*المدخلات!$B$7/1440),"00")&"–"&(MOD(HOUR(المدخلات!$B$4+(3-1)*المدخلات!$B$7/1440+المدخلات!$B$5/1440)-1,12)+1)&":"&TEXT(MINUTE(المدخلات!$B$4+(3-1)*المدخلات!$B$7/1440+المدخلات!$B$5/1440),"00")&" م" -> 4:30–4:45 م | C48: 1 ضد 6 | D48: 2 ضد 8 | E48: 3 ضد 4 | F48: 5 ضد 7
B49: =(MOD(HOUR(المدخلات!$B$4+(4-1)*المدخلات!$B$7/1440)-1,12)+1)&":"&TEXT(MINUTE(المدخلات!$B$4+(4-1)*المدخلات!$B$7/1440),"00")&"–"&(MOD(HOUR(المدخلات!$B$4+(4-1)*المدخلات!$B$7/1440+المدخلات!$B$5/1440)-1,12)+1)&":"&TEXT(MINUTE(المدخلات!$B$4+(4-1)*المدخلات!$B$7/1440+المدخلات!$B$5/1440),"00")&" م" -> 4:45–5:00 م
B50: =(MOD(HOUR(المدخلات!$B$4+(5-1)*المدخلات!$B$7/1440)-1,12)+1)&":"&TEXT(MINUTE(المدخلات!$B$4+(5-1)*المدخلات!$B$7/1440),"00")&"–"&(MOD(HOUR(المدخلات!$B$4+(5-1)*المدخلات!$B$7/1440+المدخلات!$B$5/1440)-1,12)+1)&":"&TEXT(MINUTE(المدخلات!$B$4+(5-1)*المدخلات!$B$7/1440+المدخلات!$B$5/1440),"00")&" م" -> 5:00–5:15 م | C50: 1 ضد 2 | D50: 3 ضد 8 | E50: 4 ضد 5 | F50: 6 ضد 7
B51: =(MOD(HOUR(المدخلات!$B$4+(6-1)*المدخلات!$B$7/1440)-1,12)+1)&":"&TEXT(MINUTE(المدخلات!$B$4+(6-1)*المدخلات!$B$7/1440),"00")&"–"&(MOD(HOUR(المدخلات!$B$4+(6-1)*المدخلات!$B$7/1440+المدخلات!$B$5/1440)-1,12)+1)&":"&TEXT(MINUTE(المدخلات!$B$4+(6-1)*المدخلات!$B$7/1440+المدخلات!$B$5/1440),"00")&" م" -> 5:15–5:30 م
B52: =(MOD(HOUR(المدخلات!$B$4+(7-1)*المدخلات!$B$7/1440)-1,12)+1)&":"&TEXT(MINUTE(المدخلات!$B$4+(7-1)*المدخلات!$B$7/1440),"00")&"–"&(MOD(HOUR(المدخلات!$B$4+(7-1)*المدخلات!$B$7/1440+المدخلات!$B$5/1440)-1,12)+1)&":"&TEXT(MINUTE(المدخلات!$B$4+(7-1)*المدخلات!$B$7/1440+المدخلات!$B$5/1440),"00")&" م" -> 5:30–5:45 م | C52: 1 ضد 8 | D52: 2 ضد 5 | E52: 3 ضد 7 | F52: 4 ضد 6
A54: توزيع الفرق على مجموعة جازان (جيزان) — تحت 7 — يُعبّأ بأسماء الفرق
B55: # | C55: المجموعة أ (الفرق 1-8) | F55: التصنيف
B56: 1 | C56: ستار ون | F56: أكاديمية
B57: 2 | C57: الجاردن | F57: هواة
B58: 3 | C58: العدايا | F58: هواة
B59: 4 | C59: النجوم بجازان | F59: هواة
B60: 5 | C60: سانتوس جيزان | F60: هواة
B61: 6 | C61: سحار | F61: هواة
B62: 7 | C62: صقور الوادي | F62: هواة
B63: 8 | C63: فريق منشبة | F63: هواة
A66: توزيع الفرق على مجموعة أحد المسارحة — تحت 7 — يُعبّأ بأسماء الفرق
B67: # | C67: المجموعة أ (الفرق 1-8) | F67: التصنيف
B68: 1 | C68: احلام النورس | F68: هواة
B69: 2 | C69: السويديه | F69: هواة
B70: 3 | C70: الوحوش | F70: هواة
B71: 4 | C71: الوسام | F71: هواة
B72: 5 | C72: تعاون الشعفولية | F72: هواة
B73: 6 | C73: جحا | F73: هواة
B74: 7 | C74: ساحل الوحلة | F74: هواة
B75: 8 | C75: سمبدوريا المسارحة | F75: هواة
A78: توزيع الفرق على مجموعة الرس (البكيرية، الرس، رياض الخبراء، البدائع) — تحت 9 — يُعبّأ بأسماء الفرق
B79: # | C79: المجموعة أ (الفرق 1-8) | F79: التصنيف
B80: 1 | C80: الخلود | F80: نادي
B81: 2 | C81: الفيصلي | F81: نادي
B82: 3 | C82: القصيم | F82: نادي
B83: 4 | C83: نادي البدائع | F83: نادي
B84: 5 | C84: الشنانة | F84: أكاديمية
B85: 6 | C85: اكاديمية اربع وعشرين الرياضية | F85: هواة
B86: 7 | C86: الجواهر | F86: هواة
B87: 8 | C87: معقل المواهب | F87: هواة
A90: توزيع الفرق على مجموعة القنفذة — تحت 9 — يُعبّأ بأسماء الفرق
B91: # | C91: المجموعة أ (الفرق 1-8) | F91: التصنيف
B92: 1 | C92: القنفذة | F92: نادي
B93: 2 | C93: تضامن القنفذة بالقوز | F93: أكاديمية
B94: 3 | C94: اكاديمية X5 | F94: هواة
B95: 4 | C95: اكاديمية عز تن | F95: هواة
B96: 5 | C96: ثلاثا يبه | F96: هواة
B97: 6 | C97: زد ام سي القنفذة | F97: هواة
B98: 7 | C98: فريق بحلي | F98: هواة
B99: 8 | C99: وحدة عنيكر | F99: هواة
A102: توزيع الفرق على مجموعة أحد المسارحة — تحت 9 — يُعبّأ بأسماء الفرق
B103: # | C103: المجموعة أ (الفرق 1-8) | F103: التصنيف
B104: 1 | C104: احلام النورس | F104: هواة
B105: 2 | C105: السويديه | F105: هواة
B106: 3 | C106: الوحوش | F106: هواة
B107: 4 | C107: الوسام | F107: هواة
B108: 5 | C108: تعاون الشعفولية | F108: هواة
B109: 6 | C109: جحا | F109: هواة
...

Sheet 9 فرق
A1: جدول مباريات بطولة 9 فرق — مجموعة واحدة داخل ملعب قانوني واحد (3 ملاعب مصغّرة)
C2: الملعب القانوني 1 — المجموعة أ (الفرق 1–9)
A3: المهرجان | B3: الوقت | C3: ملعب 1 | D3: ملعب 2 | E3: ملعب 3 | F3: مجموع مباريات المهرجان
A4: المهرجان 1 | B4: =(MOD(HOUR(المدخلات!$B$4+(1-1)*المدخلات!$B$7/1440)-1,12)+1)&":"&TEXT(MINUTE(المدخلات!$B$4+(1-1)*المدخلات!$B$7/1440),"00")&"–"&(MOD(HOUR(المدخلات!$B$4+(1-1)*المدخلات!$B$7/1440+المدخلات!$B$5/1440)-1,12)+1)&":"&TEXT(MINUTE(المدخلات!$B$4+(1-1)*المدخلات!$B$7/1440+المدخلات!$B$5/1440),"00")&" م" -> 4:00–4:15 م | C4: 3 ضد 6 | D4: 7 ضد 8 | F4: =COUNTA(C4:E12) -> 18
B5: =(MOD(HOUR(المدخلات!$B$4+(2-1)*المدخلات!$B$7/1440)-1,12)+1)&":"&TEXT(MINUTE(المدخلات!$B$4+(2-1)*المدخلات!$B$7/1440),"00")&"–"&(MOD(HOUR(المدخلات!$B$4+(2-1)*المدخلات!$B$7/1440+المدخلات!$B$5/1440)-1,12)+1)&":"&TEXT(MINUTE(المدخلات!$B$4+(2-1)*المدخلات!$B$7/1440+المدخلات!$B$5/1440),"00")&" م" -> 4:15–4:30 م | C5: 1 ضد 9 | D5: 2 ضد 5
B6: =(MOD(HOUR(المدخلات!$B$4+(3-1)*المدخلات!$B$7/1440)-1,12)+1)&":"&TEXT(MINUTE(المدخلات!$B$4+(3-1)*المدخلات!$B$7/1440),"00")&"–"&(MOD(HOUR(المدخلات!$B$4+(3-1)*المدخلات!$B$7/1440+المدخلات!$B$5/1440)-1,12)+1)&":"&TEXT(MINUTE(المدخلات!$B$4+(3-1)*المدخلات!$B$7/1440+المدخلات!$B$5/1440),"00")&" م" -> 4:30–4:45 م | C6: 6 ضد 7 | D6: 4 ضد 8
B7: =(MOD(HOUR(المدخلات!$B$4+(4-1)*المدخلات!$B$7/1440)-1,12)+1)&":"&TEXT(MINUTE(المدخلات!$B$4+(4-1)*المدخلات!$B$7/1440),"00")&"–"&(MOD(HOUR(المدخلات!$B$4+(4-1)*المدخلات!$B$7/1440+المدخلات!$B$5/1440)-1,12)+1)&":"&TEXT(MINUTE(المدخلات!$B$4+(4-1)*المدخلات!$B$7/1440+المدخلات!$B$5/1440),"00")&" م" -> 4:45–5:00 م | C7: 2 ضد 3 | D7: 5 ضد 9
B8: =(MOD(HOUR(المدخلات!$B$4+(5-1)*المدخلات!$B$7/1440)-1,12)+1)&":"&TEXT(MINUTE(المدخلات!$B$4+(5-1)*المدخلات!$B$7/1440),"00")&"–"&(MOD(HOUR(المدخلات!$B$4+(5-1)*المدخلات!$B$7/1440+المدخلات!$B$5/1440)-1,12)+1)&":"&TEXT(MINUTE(المدخلات!$B$4+(5-1)*المدخلات!$B$7/1440+المدخلات!$B$5/1440),"00")&" م" -> 5:00–5:15 م | C8: 1 ضد 8 | D8: 4 ضد 6
B9: =(MOD(HOUR(المدخلات!$B$4+(6-1)*المدخلات!$B$7/1440)-1,12)+1)&":"&TEXT(MINUTE(المدخلات!$B$4+(6-1)*المدخلات!$B$7/1440),"00")&"–"&(MOD(HOUR(المدخلات!$B$4+(6-1)*المدخلات!$B$7/1440+المدخلات!$B$5/1440)-1,12)+1)&":"&TEXT(MINUTE(المدخلات!$B$4+(6-1)*المدخلات!$B$7/1440+المدخلات!$B$5/1440),"00")&" م" -> 5:15–5:30 م | C9: 2 ضد 9 | D9: 3 ضد 7
B10: =(MOD(HOUR(المدخلات!$B$4+(7-1)*المدخلات!$B$7/1440)-1,12)+1)&":"&TEXT(MINUTE(المدخلات!$B$4+(7-1)*المدخلات!$B$7/1440),"00")&"–"&(MOD(HOUR(المدخلات!$B$4+(7-1)*المدخلات!$B$7/1440+المدخلات!$B$5/1440)-1,12)+1)&":"&TEXT(MINUTE(المدخلات!$B$4+(7-1)*المدخلات!$B$7/1440+المدخلات!$B$5/1440),"00")&" م" -> 5:30–5:45 م | C10: 1 ضد 6 | D10: 4 ضد 5
B11: =(MOD(HOUR(المدخلات!$B$4+(8-1)*المدخلات!$B$7/1440)-1,12)+1)&":"&TEXT(MINUTE(المدخلات!$B$4+(8-1)*المدخلات!$B$7/1440),"00")&"–"&(MOD(HOUR(المدخلات!$B$4+(8-1)*المدخلات!$B$7/1440+المدخلات!$B$5/1440)-1,12)+1)&":"&TEXT(MINUTE(المدخلات!$B$4+(8-1)*المدخلات!$B$7/1440+المدخلات!$B$5/1440),"00")&" م" -> 5:45–6:00 م | C11: 2 ضد 8
B12: =(MOD(HOUR(المدخلات!$B$4+(9-1)*المدخلات!$B$7/1440)-1,12)+1)&":"&TEXT(MINUTE(المدخلات!$B$4+(9-1)*المدخلات!$B$7/1440),"00")&"–"&(MOD(HOUR(المدخلات!$B$4+(9-1)*المدخلات!$B$7/1440+المدخلات!$B$5/1440)-1,12)+1)&":"&TEXT(MINUTE(المدخلات!$B$4+(9-1)*المدخلات!$B$7/1440+المدخلات!$B$5/1440),"00")&" م" -> 6:00–6:15 م | C12: 3 ضد 5 | D12: 1 ضد 4 | E12: 7 ضد 9
A13: المهرجان 2 | B13: =(MOD(HOUR(المدخلات!$B$4+(1-1)*المدخلات!$B$7/1440)-1,12)+1)&":"&TEXT(MINUTE(المدخلات!$B$4+(1-1)*المدخلات!$B$7/1440),"00")&"–"&(MOD(HOUR(المدخلات!$B$4+(1-1)*المدخلات!$B$7/1440+المدخلات!$B$5/1440)-1,12)+1)&":"&TEXT(MINUTE(المدخلات!$B$4+(1-1)*المدخلات!$B$7/1440+المدخلات!$B$5/1440),"00")&" م" -> 4:00–4:15 م | C13: 1 ضد 7 | F13: =COUNTA(C13:E22) -> 18
B14: =(MOD(HOUR(المدخلات!$B$4+(2-1)*المدخلات!$B$7/1440)-1,12)+1)&":"&TEXT(MINUTE(المدخلات!$B$4+(2-1)*المدخلات!$B$7/1440),"00")&"–"&(MOD(HOUR(المدخلات!$B$4+(2-1)*المدخلات!$B$7/1440+المدخلات!$B$5/1440)-1,12)+1)&":"&TEXT(MINUTE(المدخلات!$B$4+(2-1)*المدخلات!$B$7/1440+المدخلات!$B$5/1440),"00")&" م" -> 4:15–4:30 م | C14: 5 ضد 8
B15: =(MOD(HOUR(المدخلات!$B$4+(3-1)*المدخلات!$B$7/1440)-1,12)+1)&":"&TEXT(MINUTE(المدخلات!$B$4+(3-1)*المدخلات!$B$7/1440),"00")&"–"&(MOD(HOUR(المدخلات!$B$4+(3-1)*المدخلات!$B$7/1440+المدخلات!$B$5/1440)-1,12)+1)&":"&TEXT(MINUTE(المدخلات!$B$4+(3-1)*المدخلات!$B$7/1440+المدخلات!$B$5/1440),"00")&" م" -> 4:30–4:45 م | C15: 3 ضد 4 | D15: 6 ضد 9
B16: =(MOD(HOUR(المدخلات!$B$4+(4-1)*المدخلات!$B$7/1440)-1,12)+1)&":"&TEXT(MINUTE(المدخلات!$B$4+(4-1)*المدخلات!$B$7/1440),"00")&"–"&(MOD(HOUR(المدخلات!$B$4+(4-1)*المدخلات!$B$7/1440+المدخلات!$B$5/1440)-1,12)+1)&":"&TEXT(MINUTE(المدخلات!$B$4+(4-1)*المدخلات!$B$7/1440+المدخلات!$B$5/1440),"00")&" م" -> 4:45–5:00 م | C16: 1 ضد 2 | D16: 5 ضد 7
B17: =(MOD(HOUR(المدخلات!$B$4+(5-1)*المدخلات!$B$7/1440)-1,12)+1)&":"&TEXT(MINUTE(المدخلات!$B$4+(5-1)*المدخلات!$B$7/1440),"00")&"–"&(MOD(HOUR(المدخلات!$B$4+(5-1)*المدخلات!$B$7/1440+المدخلات!$B$5/1440)-1,12)+1)&":"&TEXT(MINUTE(المدخلات!$B$4+(5-1)*المدخلات!$B$7/1440+المدخلات!$B$5/1440),"00")&" م" -> 5:00–5:15 م | C17: 4 ضد 9 | D17: 3 ضد 8
B18: =(MOD(HOUR(المدخلات!$B$4+(6-1)*المدخلات!$B$7/1440)-1,12)+1)&":"&TEXT(MINUTE(المدخلات!$B$4+(6-1)*المدخلات!$B$7/1440),"00")&"–"&(MOD(HOUR(المدخلات!$B$4+(6-1)*المدخلات!$B$7/1440+المدخلات!$B$5/1440)-1,12)+1)&":"&TEXT(MINUTE(المدخلات!$B$4+(6-1)*المدخلات!$B$7/1440+المدخلات!$B$5/1440),"00")&" م" -> 5:15–5:30 م | C18: 5 ضد 6 | D18: 2 ضد 7
B19: =(MOD(HOUR(المدخلات!$B$4+(7-1)*المدخلات!$B$7/1440)-1,12)+1)&":"&TEXT(MINUTE(المدخلات!$B$4+(7-1)*المدخلات!$B$7/1440),"00")&"–"&(MOD(HOUR(المدخلات!$B$4+(7-1)*المدخلات!$B$7/1440+المدخلات!$B$5/1440)-1,12)+1)&":"&TEXT(MINUTE(المدخلات!$B$4+(7-1)*المدخلات!$B$7/1440+المدخلات!$B$5/1440),"00")&" م" -> 5:30–5:45 م | C19: 8 ضد 9 | D19: 1 ضد 3
B20: =(MOD(HOUR(المدخلات!$B$4+(8-1)*المدخلات!$B$7/1440)-1,12)+1)&":"&TEXT(MINUTE(المدخلات!$B$4+(8-1)*المدخلات!$B$7/1440),"00")&"–"&(MOD(HOUR(المدخلات!$B$4+(8-1)*المدخلات!$B$7/1440+المدخلات!$B$5/1440)-1,12)+1)&":"&TEXT(MINUTE(المدخلات!$B$4+(8-1)*المدخلات!$B$7/1440+المدخلات!$B$5/1440),"00")&" م" -> 5:45–6:00 م | C20: 2 ضد 6 | D20: 4 ضد 7
B21: =(MOD(HOUR(المدخلات!$B$4+(9-1)*المدخلات!$B$7/1440)-1,12)+1)&":"&TEXT(MINUTE(المدخلات!$B$4+(9-1)*المدخلات!$B$7/1440),"00")&"–"&(MOD(HOUR(المدخلات!$B$4+(9-1)*المدخلات!$B$7/1440+المدخلات!$B$5/1440)-1,12)+1)&":"&TEXT(MINUTE(المدخلات!$B$4+(9-1)*المدخلات!$B$7/1440+المدخلات!$B$5/1440),"00")&" م" -> 6:00–6:15 م | C21: 1 ضد 5
B22: =(MOD(HOUR(المدخلات!$B$4+(10-1)*المدخلات!$B$7/1440)-1,12)+1)&":"&TEXT(MINUTE(المدخلات!$B$4+(10-1)*المدخلات!$B$7/1440),"00")&"–"&(MOD(HOUR(المدخلات!$B$4+(10-1)*المدخلات!$B$7/1440+المدخلات!$B$5/1440)-1,12)+1)&":"&TEXT(MINUTE(المدخلات!$B$4+(10-1)*المدخلات!$B$7/1440+المدخلات!$B$5/1440),"00")&" م" -> 6:15–6:30 م | C22: 6 ضد 8 | D22: 3 ضد 9 | E22: 2 ضد 4
A23: المهرجان 3 | B23: =(MOD(HOUR(المدخلات!$B$4+(1-1)*المدخلات!$B$7/1440)-1,12)+1)&":"&TEXT(MINUTE(المدخلات!$B$4+(1-1)*المدخلات!$B$7/1440),"00")&"–"&(MOD(HOUR(المدخلات!$B$4+(1-1)*المدخلات!$B$7/1440+المدخلات!$B$5/1440)-1,12)+1)&":"&TEXT(MINUTE(المدخلات!$B$4+(1-1)*المدخلات!$B$7/1440+المدخلات!$B$5/1440),"00")&" م" -> 4:00–4:15 م | C23: 5 ضد 8 | D23: 4 ضد 9 | F23: =COUNTA(C23:E31) -> 18
B24: =(MOD(HOUR(المدخلات!$B$4+(2-1)*المدخلات!$B$7/1440)-1,12)+1)&":"&TEXT(MINUTE(المدخلات!$B$4+(2-1)*المدخلات!$B$7/1440),"00")&"–"&(MOD(HOUR(المدخلات!$B$4+(2-1)*المدخلات!$B$7/1440+المدخلات!$B$5/1440)-1,12)+1)&":"&TEXT(MINUTE(المدخلات!$B$4+(2-1)*المدخلات!$B$7/1440+المدخلات!$B$5/1440),"00")&" م" -> 4:15–4:30 م | C24: 2 ضد 3
B25: =(MOD(HOUR(المدخلات!$B$4+(3-1)*المدخلات!$B$7/1440)-1,12)+1)&":"&TEXT(MINUTE(المدخلات!$B$4+(3-1)*المدخلات!$B$7/1440),"00")&"–"&(MOD(HOUR(المدخلات!$B$4+(3-1)*المدخلات!$B$7/1440+المدخلات!$B$5/1440)-1,12)+1)&":"&TEXT(MINUTE(المدخلات!$B$4+(3-1)*المدخلات!$B$7/1440+المدخلات!$B$5/1440),"00")&" م" -> 4:30–4:45 م | C25: 6 ضد 7 | D25: 1 ضد 8 | E25: 5 ضد 9
B26: =(MOD(HOUR(المدخلات!$B$4+(4-1)*المدخلات!$B$7/1440)-1,12)+1)&":"&TEXT(MINUTE(المدخلات!$B$4+(4-1)*المدخلات!$B$7/1440),"00")&"–"&(MOD(HOUR(المدخلات!$B$4+(4-1)*المدخلات!$B$7/1440+المدخلات!$B$5/1440)-1,12)+1)&":"&TEXT(MINUTE(المدخلات!$B$4+(4-1)*المدخلات!$B$7/1440+المدخلات!$B$5/1440),"00")&" م" -> 4:45–5:00 م | C26: 3 ضد 4
B27: =(MOD(HOUR(المدخلات!$B$4+(5-1)*المدخلات!$B$7/1440)-1,12)+1)&":"&TEXT(MINUTE(المدخلات!$B$4+(5-1)*المدخلات!$B$7/1440),"00")&"–"&(MOD(HOUR(المدخلات!$B$4+(5-1)*المدخلات!$B$7/1440+المدخلات!$B$5/1440)-1,12)+1)&":"&TEXT(MINUTE(المدخلات!$B$4+(5-1)*المدخلات!$B$7/1440+المدخلات!$B$5/1440),"00")&" م" -> 5:00–5:15 م | C27: 2 ضد 7 | D27: 5 ضد 6 | E27: 1 ضد 9
B28: =(MOD(HOUR(المدخلات!$B$4+(6-1)*المدخلات!$B$7/1440)-1,12)+1)&":"&TEXT(MINUTE(المدخلات!$B$4+(6-1)*المدخلات!$B$7/1440),"00")&"–"&(MOD(HOUR(المدخلات!$B$4+(6-1)*المدخلات!$B$7/1440+المدخلات!$B$5/1440)-1,12)+1)&":"&TEXT(MINUTE(المدخلات!$B$4+(6-1)*المدخلات!$B$7/1440+المدخلات!$B$5/1440),"00")&" م" -> 5:15–5:30 م | C28: 3 ضد 8
B29: =(MOD(HOUR(المدخلات!$B$4+(7-1)*المدخلات!$B$7/1440)-1,12)+1)&":"&TEXT(MINUTE(المدخلات!$B$4+(7-1)*المدخلات!$B$7/1440),"00")&"–"&(MOD(HOUR(المدخلات!$B$4+(7-1)*المدخلات!$B$7/1440+المدخلات!$B$5/1440)-1,12)+1)&":"&TEXT(MINUTE(المدخلات!$B$4+(7-1)*المدخلات!$B$7/1440+المدخلات!$B$5/1440),"00")&" م" -> 5:30–5:45 م | C29: 1 ضد 4 | D29: 7 ضد 9 | E29: 2 ضد 6
B30: =(MOD(HOUR(المدخلات!$B$4+(8-1)*المدخلات!$B$7/1440)-1,12)+1)&":"&TEXT(MINUTE(المدخلات!$B$4+(8-1)*المدخلات!$B$7/1440),"00")&"–"&(MOD(HOUR(المدخلات!$B$4+(8-1)*المدخلات!$B$7/1440+المدخلات!$B$5/1440)-1,12)+1)&":"&TEXT(MINUTE(المدخلات!$B$4+(8-1)*المدخلات!$B$7/1440+المدخلات!$B$5/1440),"00")&" م" -> 5:45–6:00 م | C30: 3 ضد 5
B31: =(MOD(HOUR(المدخلات!$B$4+(9-1)*المدخلات!$B$7/1440)-1,12)+1)&":"&TEXT(MINUTE(المدخلات!$B$4+(9-1)*المدخلات!$B$7/1440),"00")&"–"&(MOD(HOUR(المدخلات!$B$4+(9-1)*المدخلات!$B$7/1440+المدخلات!$B$5/1440)-1,12)+1)&":"&TEXT(MINUTE(المدخلات!$B$4+(9-1)*المدخلات!$B$7/1440+المدخلات!$B$5/1440),"00")&" م" -> 6:00–6:15 م | C31: 4 ضد 6 | D31: 2 ضد 8 | E31: 1 ضد 7
A32: المهرجان 4 | B32: =(MOD(HOUR(المدخلات!$B$4+(1-1)*المدخلات!$B$7/1440)-1,12)+1)&":"&TEXT(MINUTE(المدخلات!$B$4+(1-1)*المدخلات!$B$7/1440),"00")&"–"&(MOD(HOUR(المدخلات!$B$4+(1-1)*المدخلات!$B$7/1440+المدخلات!$B$5/1440)-1,12)+1)&":"&TEXT(MINUTE(المدخلات!$B$4+(1-1)*المدخلات!$B$7/1440+المدخلات!$B$5/1440),"00")&" م" -> 4:00–4:15 م | C32: 3 ضد 9 | D32: 2 ضد 5 | F32: =COUNTA(C32:E40) -> 18
B33: =(MOD(HOUR(المدخلات!$B$4+(2-1)*المدخلات!$B$7/1440)-1,12)+1)&":"&TEXT(MINUTE(المدخلات!$B$4+(2-1)*المدخلات!$B$7/1440),"00")&"–"&(MOD(HOUR(المدخلات!$B$4+(2-1)*المدخلات!$B$7/1440+المدخلات!$B$5/1440)-1,12)+1)&":"&TEXT(MINUTE(المدخلات!$B$4+(2-1)*المدخلات!$B$7/1440+المدخلات!$B$5/1440),"00")&" م" -> 4:15–4:30 م | C33: 1 ضد 6
B34: =(MOD(HOUR(المدخلات!$B$4+(3-1)*المدخلات!$B$7/1440)-1,12)+1)&":"&TEXT(MINUTE(المدخلات!$B$4+(3-1)*المدخلات!$B$7/1440),"00")&"–"&(MOD(HOUR(المدخلات!$B$4+(3-1)*المدخلات!$B$7/1440+المدخلات!$B$5/1440)-1,12)+1)&":"&TEXT(MINUTE(المدخلات!$B$4+(3-1)*المدخلات!$B$7/1440+المدخلات!$B$5/1440),"00")&" م" -> 4:30–4:45 م | C34: 5 ضد 7 | D34: 2 ضد 4 | E34: 8 ضد 9
B35: =(MOD(HOUR(المدخلات!$B$4+(4-1)*المدخلات!$B$7/1440)-1,12)+1)&":"&TEXT(MINUTE(المدخلات!$B$4+(4-1)*المدخلات!$B$7/1440),"00")&"–"&(MOD(HOUR(المدخلات!$B$4+(4-1)*المدخلات!$B$7/1440+المدخلات!$B$5/1440)-1,12)+1)&":"&TEXT(MINUTE(المدخلات!$B$4+(4-1)*المدخلات!$B$7/1440+المدخلات!$B$5/1440),"00")&" م" -> 4:45–5:00 م | C35: 1 ضد 3
B36: =(MOD(HOUR(المدخلات!$B$4+(5-1)*المدخلات!$B$7/1440)-1,12)+1)&":"&TEXT(MINUTE(المدخلات!$B$4+(5-1)*المدخلات!$B$7/1440),"00")&"–"&(MOD(HOUR(المدخلات!$B$4+(5-1)*المدخلات!$B$7/1440+المدخلات!$B$5/1440)-1,12)+1)&":"&TEXT(MINUTE(المدخلات!$B$4+(5-1)*المدخلات!$B$7/1440+المدخلات!$B$5/1440),"00")&" م" -> 5:00–5:15 م | C36: 6 ضد 8 | D36: 2 ضد 9 | E36: 4 ضد 7
B37: =(MOD(HOUR(المدخلات!$B$4+(6-1)*المدخلات!$B$7/1440)-1,12)+1)&":"&TEXT(MINUTE(المدخلات!$B$4+(6-1)*المدخلات!$B$7/1440),"00")&"–"&(MOD(HOUR(المدخلات!$B$4+(6-1)*المدخلات!$B$7/1440+المدخلات!$B$5/1440)-1,12)+1)&":"&TEXT(MINUTE(المدخلات!$B$4+(6-1)*المدخلات!$B$7/1440+المدخلات!$B$5/1440),"00")&" م" -> 5:15–5:30 م | C37: 1 ضد 5
B38: =(MOD(HOUR(المدخلات!$B$4+(7-1)*المدخلات!$B$7/1440)-1,12)+1)&":"&TEXT(MINUTE(المدخلات!$B$4+(7-1)*المدخلات!$B$7/1440),"00")&"–"&(MOD(HOUR(المدخلات!$B$4+(7-1)*المدخلات!$B$7/1440+المدخلات!$B$5/1440)-1,12)+1)&":"&TEXT(MINUTE(المدخلات!$B$4+(7-1)*المدخلات!$B$7/1440+المدخلات!$B$5/1440),"00")&" م" -> 5:30–5:45 م | C38: 4 ضد 8 | D38: 3 ضد 7 | E38: 6 ضد 9
B39: =(MOD(HOUR(المدخلات!$B$4+(8-1)*المدخلات!$B$7/1440)-1,12)+1)&":"&TEXT(MINUTE(المدخلات!$B$4+(8-1)*المدخلات!$B$7/1440),"00")&"–"&(MOD(HOUR(المدخلات!$B$4+(8-1)*المدخلات!$B$7/1440+المدخلات!$B$5/1440)-1,12)+1)&":"&TEXT(MINUTE(المدخلات!$B$4+(8-1)*المدخلات!$B$7/1440+المدخلات!$B$5/1440),"00")&" م" -> 5:45–6:00 م | C39: 1 ضد 2
B40: =(MOD(HOUR(المدخلات!$B$4+(9-1)*المدخلات!$B$7/1440)-1,12)+1)&":"&TEXT(MINUTE(المدخلات!$B$4+(9-1)*المدخلات!$B$7/1440),"00")&"–"&(MOD(HOUR(المدخلات!$B$4+(9-1)*المدخلات!$B$7/1440+المدخلات!$B$5/1440)-1,12)+1)&":"&TEXT(MINUTE(المدخلات!$B$4+(9-1)*المدخلات!$B$7/1440+المدخلات!$B$5/1440),"00")&" م" -> 6:00–6:15 م | C40: 3 ضد 6 | D40: 7 ضد 8 | E40: 4 ضد 5
A41: المهرجان 5 | B41: =(MOD(HOUR(المدخلات!$B$4+(1-1)*المدخلات!$B$7/1440)-1,12)+1)&":"&TEXT(MINUTE(المدخلات!$B$4+(1-1)*المدخلات!$B$7/1440),"00")&"–"&(MOD(HOUR(المدخلات!$B$4+(1-1)*المدخلات!$B$7/1440+المدخلات!$B$5/1440)-1,12)+1)&":"&TEXT(MINUTE(المدخلات!$B$4+(1-1)*المدخلات!$B$7/1440+المدخلات!$B$5/1440),"00")&" م" -> 4:00–4:15 م | C41: 5 ضد 6 | F41: =COUNTA(C41:E50) -> 18
B42: =(MOD(HOUR(المدخلات!$B$4+(2-1)*المدخلات!$B$7/1440)-1,12)+1)&":"&TEXT(MINUTE(المدخلات!$B$4+(2-1)*المدخلات!$B$7/1440),"00")&"–"&(MOD(HOUR(المدخلات!$B$4+(2-1)*المدخلات!$B$7/1440+المدخلات!$B$5/1440)-1,12)+1)&":"&TEXT(MINUTE(المدخلات!$B$4+(2-1)*المدخلات!$B$7/1440+المدخلات!$B$5/1440),"00")&" م" -> 4:15–4:30 م | C42: 1 ضد 3 | D42: 2 ضد 4
B43: =(MOD(HOUR(المدخلات!$B$4+(3-1)*المدخلات!$B$7/1440)-1,12)+1)&":"&TEXT(MINUTE(المدخلات!$B$4+(3-1)*المدخلات!$B$7/1440),"00")&"–"&(MOD(HOUR(المدخلات!$B$4+(3-1)*المدخلات!$B$7/1440+المدخلات!$B$5/1440)-1,12)+1)&":"&TEXT(MINUTE(المدخلات!$B$4+(3-1)*المدخلات!$B$7/1440+المدخلات!$B$5/1440),"00")&" م" -> 4:30–4:45 م | C43: 5 ضد 7 | D43: 8 ضد 9
B44: =(MOD(HOUR(المدخلات!$B$4+(4-1)*المدخلات!$B$7/1440)-1,12)+1)&":"&TEXT(MINUTE(المدخلات!$B$4+(4-1)*المدخلات!$B$7/1440),"00")&"–"&(MOD(HOUR(المدخلات!$B$4+(4-1)*المدخلات!$B$7/1440+المدخلات!$B$5/1440)-1,12)+1)&":"&TEXT(MINUTE(المدخلات!$B$4+(4-1)*المدخلات!$B$7/1440+المدخلات!$B$5/1440),"00")&" م" -> 4:45–5:00 م | C44: 3 ضد 6
B45: =(MOD(HOUR(المدخلات!$B$4+(5-1)*المدخلات!$B$7/1440)-1,12)+1)&":"&TEXT(MINUTE(المدخلات!$B$4+(5-1)*المدخلات!$B$7/1440),"00")&"–"&(MOD(HOUR(المدخلات!$B$4+(5-1)*المدخلات!$B$7/1440+المدخلات!$B$5/1440)-1,12)+1)&":"&TEXT(MINUTE(المدخلات!$B$4+(5-1)*المدخلات!$B$7/1440+المدخلات!$B$5/1440),"00")&" م" -> 5:00–5:15 م | C45: 4 ضد 5 | D45: 1 ضد 2 | E45: 7 ضد 8
B46: =(MOD(HOUR(المدخلات!$B$4+(6-1)*المدخلات!$B$7/1440)-1,12)+1)&":"&TEXT(MINUTE(المدخلات!$B$4+(6-1)*المدخلات!$B$7/1440),"00")&"–"&(MOD(HOUR(المدخلات!$B$4+(6-1)*المدخلات!$B$7/1440+المدخلات!$B$5/1440)-1,12)+1)&":"&TEXT(MINUTE(المدخلات!$B$4+(6-1)*المدخلات!$B$7/1440+المدخلات!$B$5/1440),"00")&" م" -> 5:15–5:30 م | C46: 6 ضد 9
B47: =(MOD(HOUR(المدخلات!$B$4+(7-1)*المدخلات!$B$7/1440)-1,12)+1)&":"&TEXT(MINUTE(المدخلات!$B$4+(7-1)*المدخلات!$B$7/1440),"00")&"–"&(MOD(HOUR(المدخلات!$B$4+(7-1)*المدخلات!$B$7/1440+المدخلات!$B$5/1440)-1,12)+1)&":"&TEXT(MINUTE(المدخلات!$B$4+(7-1)*المدخلات!$B$7/1440+المدخلات!$B$5/1440),"00")&" م" -> 5:30–5:45 م | C47: 2 ضد 3 | D47: 4 ضد 8
B48: =(MOD(HOUR(المدخلات!$B$4+(8-1)*المدخلات!$B$7/1440)-1,12)+1)&":"&TEXT(MINUTE(المدخلات!$B$4+(8-1)*المدخلات!$B$7/1440),"00")&"–"&(MOD(HOUR(المدخلات!$B$4+(8-1)*المدخلات!$B$7/1440+المدخلات!$B$5/1440)-1,12)+1)&":"&TEXT(MINUTE(المدخلات!$B$4+(8-1)*المدخلات!$B$7/1440+المدخلات!$B$5/1440),"00")&" م" -> 5:45–6:00 م | C48: 7 ضد 9 | D48: 1 ضد 5
B49: =(MOD(HOUR(المدخلات!$B$4+(9-1)*المدخلات!$B$7/1440)-1,12)+1)&":"&TEXT(MINUTE(المدخلات!$B$4+(9-1)*المدخلات!$B$7/1440),"00")&"–"&(MOD(HOUR(المدخلات!$B$4+(9-1)*المدخلات!$B$7/1440+المدخلات!$B$5/1440)-1,12)+1)&":"&TEXT(MINUTE(المدخلات!$B$4+(9-1)*المدخلات!$B$7/1440+المدخلات!$B$5/1440),"00")&" م" -> 6:00–6:15 م | C49: 3 ضد 8 | D49: 2 ضد 6
B50: =(MOD(HOUR(المدخلات!$B$4+(10-1)*المدخلات!$B$7/1440)-1,12)+1)&":"&TEXT(MINUTE(المدخلات!$B$4+(10-1)*المدخلات!$B$7/1440),"00")&"–"&(MOD(HOUR(المدخلات!$B$4+(10-1)*المدخلات!$B$7/1440+المدخلات!$B$5/1440)-1,12)+1)&":"&TEXT(MINUTE(المدخلات!$B$4+(10-1)*المدخلات!$B$7/1440+المدخلات!$B$5/1440),"00")&" م" -> 6:15–6:30 م | C50: 1 ضد 7 | D50: 4 ضد 9
A51: المهرجان 6 | B51: =(MOD(HOUR(المدخلات!$B$4+(1-1)*المدخلات!$B$7/1440)-1,12)+1)&":"&TEXT(MINUTE(المدخلات!$B$4+(1-1)*المدخلات!$B$7/1440),"00")&"–"&(MOD(HOUR(المدخلات!$B$4+(1-1)*المدخلات!$B$7/1440+المدخلات!$B$5/1440)-1,12)+1)&":"&TEXT(MINUTE(المدخلات!$B$4+(1-1)*المدخلات!$B$7/1440+المدخلات!$B$5/1440),"00")&" م" -> 4:00–4:15 م | C51: 1 ضد 9 | D51: 2 ضد 7 | E51: 4 ضد 6 | F51: =COUNTA(C51:E59) -> 18
B52: =(MOD(HOUR(المدخلات!$B$4+(2-1)*المدخلات!$B$7/1440)-1,12)+1)&":"&TEXT(MINUTE(المدخلات!$B$4+(2-1)*المدخلات!$B$7/1440),"00")&"–"&(MOD(HOUR(المدخلات!$B$4+(2-1)*المدخلات!$B$7/1440+المدخلات!$B$5/1440)-1,12)+1)&":"&TEXT(MINUTE(المدخلات!$B$4+(2-1)*المدخلات!$B$7/1440+المدخلات!$B$5/1440),"00")&" م" -> 4:15–4:30 م | C52: 3 ضد 5
B53: =(MOD(HOUR(المدخلات!$B$4+(3-1)*المدخلات!$B$7/1440)-1,12)+1)&":"&TEXT(MINUTE(المدخلات!$B$4+(3-1)*المدخلات!$B$7/1440),"00")&"–"&(MOD(HOUR(المدخلات!$B$4+(3-1)*المدخلات!$B$7/1440+المدخلات!$B$5/1440)-1,12)+1)&":"&TEXT(MINUTE(المدخلات!$B$4+(3-1)*المدخلات!$B$7/1440+المدخلات!$B$5/1440),"00")&" م" -> 4:30–4:45 م | C53: 1 ضد 8 | D53: 2 ضد 9
B54: =(MOD(HOUR(المدخلات!$B$4+(4-1)*المدخلات!$B$7/1440)-1,12)+1)&":"&TEXT(MINUTE(المدخلات!$B$4+(4-1)*المدخلات!$B$7/1440),"00")&"–"&(MOD(HOUR(المدخلات!$B$4+(4-1)*المدخلات!$B$7/1440+المدخلات!$B$5/1440)-1,12)+1)&":"&TEXT(MINUTE(المدخلات!$B$4+(4-1)*المدخلات!$B$7/1440+المدخلات!$B$5/1440),"00")&" م" -> 4:45–5:00 م | C54: 6 ضد 7 | D54: 3 ضد 4
B55: =(MOD(HOUR(المدخلات!$B$4+(5-1)*المدخلات!$B$7/1440)-1,12)+1)&":"&TEXT(MINUTE(المدخلات!$B$4+(5-1)*المدخلات!$B$7/1440),"00")&"–"&(MOD(HOUR(المدخلات!$B$4+(5-1)*المدخلات!$B$7/1440+المدخلات!$B$5/1440)-1,12)+1)&":"&TEXT(MINUTE(المدخلات!$B$4+(5-1)*المدخلات!$B$7/1440+المدخلات!$B$5/1440),"00")&" م" -> 5:00–5:15 م | C55: 2 ضد 8 | D55: 5 ضد 9
B56: =(MOD(HOUR(المدخلات!$B$4+(6-1)*المدخلات!$B$7/1440)-1,12)+1)&":"&TEXT(MINUTE(المدخلات!$B$4+(6-1)*المدخلات!$B$7/1440),"00")&"–"&(MOD(HOUR(المدخلات!$B$4+(6-1)*المدخلات!$B$7/1440+المدخلات!$B$5/1440)-1,12)+1)&":"&TEXT(MINUTE(المدخلات!$B$4+(6-1)*المدخلات!$B$7/1440+المدخلات!$B$5/1440),"00")&" م" -> 5:15–5:30 م | C56: 3 ضد 7 | D56: 1 ضد 4
B57: =(MOD(HOUR(المدخلات!$B$4+(7-1)*المدخلات!$B$7/1440)-1,12)+1)&":"&TEXT(MINUTE(المدخلات!$B$4+(7-1)*المدخلات!$B$7/1440),"00")&"–"&(MOD(HOUR(المدخلات!$B$4+(7-1)*المدخلات!$B$7/1440+المدخلات!$B$5/1440)-1,12)+1)&":"&TEXT(MINUTE(المدخلات!$B$4+(7-1)*المدخلات!$B$7/1440+المدخلات!$B$5/1440),"00")&" م" -> 5:30–5:45 م | C57: 2 ضد 5 | D57: 6 ضد 8
B58: =(MOD(HOUR(المدخلات!$B$4+(8-1)*المدخلات!$B$7/1440)-1,12)+1)&":"&TEXT(MINUTE(المدخلات!$B$4+(8-1)*المدخلات!$B$7/1440),"00")&"–"&(MOD(HOUR(المدخلات!$B$4+(8-1)*المدخلات!$B$7/1440+المدخلات!$B$5/1440)-1,12)+1)&":"&TEXT(MINUTE(المدخلات!$B$4+(8-1)*المدخلات!$B$7/1440+المدخلات!$B$5/1440),"00")&" م" -> 5:45–6:00 م | C58: 4 ضد 7 | D58: 3 ضد 9
B59: =(MOD(HOUR(المدخلات!$B$4+(9-1)*المدخلات!$B$7/1440)-1,12)+1)&":"&TEXT(MINUTE(المدخلات!$B$4+(9-1)*المدخلات!$B$7/1440),"00")&"–"&(MOD(HOUR(المدخلات!$B$4+(9-1)*المدخلات!$B$7/1440+المدخلات!$B$5/1440)-1,12)+1)&":"&TEXT(MINUTE(المدخلات!$B$4+(9-1)*المدخلات!$B$7/1440+المدخلات!$B$5/1440),"00")&" م" -> 6:00–6:15 م | C59: 5 ضد 8 | D59: 1 ضد 6
A61: توزيع الفرق على مجموعة القصيم (بريدة، عيون الجواء، المذنب، عنيزة) — تحت 7 — يُعبّأ بأسماء الفرق
B62: # | C62: المجموعة أ (الفرق 1-9) | F62: التصنيف
B63: 1 | C63: التقدم | F63: نادي
B64: 2 | C64: عيون الجواء | F64: نادي
B65: 3 | C65: نادي العربي | F65: نادي
B66: 4 | C66: اكاديمية موهبة الرياضية (1) | F66: أكاديمية
B67: 5 | C67: اكاديمية موهبة الرياضية (2) | F67: أكاديمية
B68: 6 | C68: الشنانة | F68: أكاديمية
B69: 7 | C69: تالنت | F69: أكاديمية
B70: 8 | C70: اف 10 شقة (1) | F70: هواة
B71: 9 | C71: اف 10 شقة (2) | F71: هواة
A74: توزيع الفرق على مجموعة صامطة — تحت 7 — يُعبّأ بأسماء الفرق
B75: # | C75: المجموعة أ (الفرق 1-9) | F75: التصنيف
B76: 1 | C76: الهدف الخامس | F76: أكاديمية
B77: 2 | C77: أبو حجر | F77: هواة
B78: 3 | C78: إتحاد صامطة | F78: هواة
B79: 4 | C79: التضامن | F79: هواة
B80: 5 | C80: تعاون الطرشية | F80: هواة
B81: 6 | C81: تعاون ديحمة | F81: هواة
B82: 7 | C82: زين المباركة | F82: هواة
B83: 8 | C83: سامبا الوتد | F83: هواة
B84: 9 | C84: نجوم صامطة | F84: هواة
A87: توزيع الفرق على مجموعة صامطة — تحت 9 — يُعبّأ بأسماء الفرق
B88: # | C88: المجموعة أ (الفرق 1-9) | F88: التصنيف
B89: 1 | C89: الهدف الخامس | F89: أكاديمية
B90: 2 | C90: أبو حجر | F90: هواة
B91: 3 | C91: إتحاد صامطة | F91: هواة
B92: 4 | C92: التضامن | F92: هواة
B93: 5 | C93: تعاون الطرشية | F93: هواة
B94: 6 | C94: تعاون ديحمة | F94: هواة
B95: 7 | C95: زين المباركة | F95: هواة
B96: 8 | C96: سامبا الوتد | F96: هواة
B97: 9 | C97: نجوم صامطة | F97: هواة

Sheet 10 فرق
A1: جدول مباريات بطولة 10 فرق — مجموعة واحدة داخل ملعب قانوني واحد (4 ملاعب مصغّرة)
C2: الملعب القانوني 1 — المجموعة أ (الفرق 1–10)
A3: المهرجان | B3: الوقت | C3: ملعب 1 | D3: ملعب 2 | E3: ملعب 3 | F3: ملعب 4 | G3: مجموع مباريات المهرجان
A4: المهرجان 1 | B4: =(MOD(HOUR(المدخلات!$B$4+(1-1)*المدخلات!$B$7/1440)-1,12)+1)&":"&TEXT(MINUTE(المدخلات!$B$4+(1-1)*المدخلات!$B$7/1440),"00")&"–"&(MOD(HOUR(المدخلات!$B$4+(1-1)*المدخلات!$B$7/1440+المدخلات!$B$5/1440)-1,12)+1)&":"&TEXT(MINUTE(المدخلات!$B$4+(1-1)*المدخلات!$B$7/1440+المدخلات!$B$5/1440),"00")&" م" -> 4:00–4:15 م | C4: 1 ضد 7 | D4: 3 ضد 8 | G4: =COUNTA(C4:F12) -> 20
B5: =(MOD(HOUR(المدخلات!$B$4+(2-1)*المدخلات!$B$7/1440)-1,12)+1)&":"&TEXT(MINUTE(المدخلات!$B$4+(2-1)*المدخلات!$B$7/1440),"00")&"–"&(MOD(HOUR(المدخلات!$B$4+(2-1)*المدخلات!$B$7/1440+المدخلات!$B$5/1440)-1,12)+1)&":"&TEXT(MINUTE(المدخلات!$B$4+(2-1)*المدخلات!$B$7/1440+المدخلات!$B$5/1440),"00")&" م" -> 4:15–4:30 م | C5: 9 ضد 10 | D5: 2 ضد 5 | E5: 4 ضد 6
B6: =(MOD(HOUR(المدخلات!$B$4+(3-1)*المدخلات!$B$7/1440)-1,12)+1)&":"&TEXT(MINUTE(المدخلات!$B$4+(3-1)*المدخلات!$B$7/1440),"00")&"–"&(MOD(HOUR(المدخلات!$B$4+(3-1)*المدخلات!$B$7/1440+المدخلات!$B$5/1440)-1,12)+1)&":"&TEXT(MINUTE(المدخلات!$B$4+(3-1)*المدخلات!$B$7/1440+المدخلات!$B$5/1440),"00")&" م" -> 4:30–4:45 م
B7: =(MOD(HOUR(المدخلات!$B$4+(4-1)*المدخلات!$B$7/1440)-1,12)+1)&":"&TEXT(MINUTE(المدخلات!$B$4+(4-1)*المدخلات!$B$7/1440),"00")&"–"&(MOD(HOUR(المدخلات!$B$4+(4-1)*المدخلات!$B$7/1440+المدخلات!$B$5/1440)-1,12)+1)&":"&TEXT(MINUTE(المدخلات!$B$4+(4-1)*المدخلات!$B$7/1440+المدخلات!$B$5/1440),"00")&" م" -> 4:45–5:00 م | C7: 8 ضد 10 | D7: 5 ضد 7 | E7: 1 ضد 2 | F7: 3 ضد 6
B8: =(MOD(HOUR(المدخلات!$B$4+(5-1)*المدخلات!$B$7/1440)-1,12)+1)&":"&TEXT(MINUTE(المدخلات!$B$4+(5-1)*المدخلات!$B$7/1440),"00")&"–"&(MOD(HOUR(المدخلات!$B$4+(5-1)*المدخلات!$B$7/1440+المدخلات!$B$5/1440)-1,12)+1)&":"&TEXT(MINUTE(المدخلات!$B$4+(5-1)*المدخلات!$B$7/1440+المدخلات!$B$5/1440),"00")&" م" -> 5:00–5:15 م | C8: 4 ضد 9
B9: =(MOD(HOUR(المدخلات!$B$4+(6-1)*المدخلات!$B$7/1440)-1,12)+1)&":"&TEXT(MINUTE(المدخلات!$B$4+(6-1)*المدخلات!$B$7/1440),"00")&"–"&(MOD(HOUR(المدخلات!$B$4+(6-1)*المدخلات!$B$7/1440+المدخلات!$B$5/1440)-1,12)+1)&":"&TEXT(MINUTE(المدخلات!$B$4+(6-1)*المدخلات!$B$7/1440+المدخلات!$B$5/1440),"00")&" م" -> 5:15–5:30 م | C9: 2 ضد 6 | D9: 7 ضد 8
B10: =(MOD(HOUR(المدخلات!$B$4+(7-1)*المدخلات!$B$7/1440)-1,12)+1)&":"&TEXT(MINUTE(المدخلات!$B$4+(7-1)*المدخلات!$B$7/1440),"00")&"–"&(MOD(HOUR(المدخلات!$B$4+(7-1)*المدخلات!$B$7/1440+المدخلات!$B$5/1440)-1,12)+1)&":"&TEXT(MINUTE(المدخلات!$B$4+(7-1)*المدخلات!$B$7/1440+المدخلات!$B$5/1440),"00")&" م" -> 5:30–5:45 م | C10: 4 ضد 10 | D10: 3 ضد 9 | E10: 1 ضد 5
B11: =(MOD(HOUR(المدخلات!$B$4+(8-1)*المدخلات!$B$7/1440)-1,12)+1)&":"&TEXT(MINUTE(المدخلات!$B$4+(8-1)*المدخلات!$B$7/1440),"00")&"–"&(MOD(HOUR(المدخلات!$B$4+(8-1)*المدخلات!$B$7/1440+المدخلات!$B$5/1440)-1,12)+1)&":"&TEXT(MINUTE(المدخلات!$B$4+(8-1)*المدخلات!$B$7/1440+المدخلات!$B$5/1440),"00")&" م" -> 5:45–6:00 م | C11: 6 ضد 7
B12: =(MOD(HOUR(المدخلات!$B$4+(9-1)*المدخلات!$B$7/1440)-1,12)+1)&":"&TEXT(MINUTE(المدخلات!$B$4+(9-1)*المدخلات!$B$7/1440),"00")&"–"&(MOD(HOUR(المدخلات!$B$4+(9-1)*المدخلات!$B$7/1440+المدخلات!$B$5/1440)-1,12)+1)&":"&TEXT(MINUTE(المدخلات!$B$4+(9-1)*المدخلات!$B$7/1440+المدخلات!$B$5/1440),"00")&" م" -> 6:00–6:15 م | C12: 4 ضد 5 | D12: 1 ضد 8 | E12: 2 ضد 9 | F12: 3 ضد 10
A13: المهرجان 2 | B13: =(MOD(HOUR(المدخلات!$B$4+(1-1)*المدخلات!$B$7/1440)-1,12)+1)&":"&TEXT(MINUTE(المدخلات!$B$4+(1-1)*المدخلات!$B$7/1440),"00")&"–"&(MOD(HOUR(المدخلات!$B$4+(1-1)*المدخلات!$B$7/1440+المدخلات!$B$5/1440)-1,12)+1)&":"&TEXT(MINUTE(المدخلات!$B$4+(1-1)*المدخلات!$B$7/1440+المدخلات!$B$5/1440),"00")&" م" -> 4:00–4:15 م | C13: 5 ضد 6 | D13: 4 ضد 7 | G13: =COUNTA(C13:F21) -> 20
B14: =(MOD(HOUR(المدخلات!$B$4+(2-1)*المدخلات!$B$7/1440)-1,12)+1)&":"&TEXT(MINUTE(المدخلات!$B$4+(2-1)*المدخلات!$B$7/1440),"00")&"–"&(MOD(HOUR(المدخلات!$B$4+(2-1)*المدخلات!$B$7/1440+المدخلات!$B$5/1440)-1,12)+1)&":"&TEXT(MINUTE(المدخلات!$B$4+(2-1)*المدخلات!$B$7/1440+المدخلات!$B$5/1440),"00")&" م" -> 4:15–4:30 م | C14: 8 ضد 9 | D14: 2 ضد 3 | E14: 1 ضد 10
B15: =(MOD(HOUR(المدخلات!$B$4+(3-1)*المدخلات!$B$7/1440)-1,12)+1)&":"&TEXT(MINUTE(المدخلات!$B$4+(3-1)*المدخلات!$B$7/1440),"00")&"–"&(MOD(HOUR(المدخلات!$B$4+(3-1)*المدخلات!$B$7/1440+المدخلات!$B$5/1440)-1,12)+1)&":"&TEXT(MINUTE(المدخلات!$B$4+(3-1)*المدخلات!$B$7/1440+المدخلات!$B$5/1440),"00")&" م" -> 4:30–4:45 م
B16: =(MOD(HOUR(المدخلات!$B$4+(4-1)*المدخلات!$B$7/1440)-1,12)+1)&":"&TEXT(MINUTE(المدخلات!$B$4+(4-1)*المدخلات!$B$7/1440),"00")&"–"&(MOD(HOUR(المدخلات!$B$4+(4-1)*المدخلات!$B$7/1440+المدخلات!$B$5/1440)-1,12)+1)&":"&TEXT(MINUTE(المدخلات!$B$4+(4-1)*المدخلات!$B$7/1440+المدخلات!$B$5/1440),"00")&" م" -> 4:45–5:00 م | C16: 6 ضد 8 | D16: 2 ضد 4 | E16: 3 ضد 7 | F16: 5 ضد 10
B17: =(MOD(HOUR(المدخلات!$B$4+(5-1)*المدخلات!$B$7/1440)-1,12)+1)&":"&TEXT(MINUTE(المدخلات!$B$4+(5-1)*المدخلات!$B$7/1440),"00")&"–"&(MOD(HOUR(المدخلات!$B$4+(5-1)*المدخلات!$B$7/1440+المدخلات!$B$5/1440)-1,12)+1)&":"&TEXT(MINUTE(المدخلات!$B$4+(5-1)*المدخلات!$B$7/1440+المدخلات!$B$5/1440),"00")&" م" -> 5:00–5:15 م | C17: 1 ضد 9
B18: =(MOD(HOUR(المدخلات!$B$4+(6-1)*المدخلات!$B$7/1440)-1,12)+1)&":"&TEXT(MINUTE(المدخلات!$B$4+(6-1)*المدخلات!$B$7/1440),"00")&"–"&(MOD(HOUR(المدخلات!$B$4+(6-1)*المدخلات!$B$7/1440+المدخلات!$B$5/1440)-1,12)+1)&":"&TEXT(MINUTE(المدخلات!$B$4+(6-1)*المدخلات!$B$7/1440+المدخلات!$B$5/1440),"00")&" م" -> 5:15–5:30 م | C18: 2 ضد 7 | D18: 4 ضد 8 | E18: 6 ضد 10
B19: =(MOD(HOUR(المدخلات!$B$4+(7-1)*المدخلات!$B$7/1440)-1,12)+1)&":"&TEXT(MINUTE(المدخلات!$B$4+(7-1)*المدخلات!$B$7/1440),"00")&"–"&(MOD(HOUR(المدخلات!$B$4+(7-1)*المدخلات!$B$7/1440+المدخلات!$B$5/1440)-1,12)+1)&":"&TEXT(MINUTE(المدخلات!$B$4+(7-1)*المدخلات!$B$7/1440+المدخلات!$B$5/1440),"00")&" م" -> 5:30–5:45 م | C19: 1 ضد 3 | D19: 5 ضد 9
B20: =(MOD(HOUR(المدخلات!$B$4+(8-1)*المدخلات!$B$7/1440)-1,12)+1)&":"&TEXT(MINUTE(المدخلات!$B$4+(8-1)*المدخلات!$B$7/1440),"00")&"–"&(MOD(HOUR(المدخلات!$B$4+(8-1)*المدخلات!$B$7/1440+المدخلات!$B$5/1440)-1,12)+1)&":"&TEXT(MINUTE(المدخلات!$B$4+(8-1)*المدخلات!$B$7/1440+المدخلات!$B$5/1440),"00")&" م" -> 5:45–6:00 م | C20: 7 ضد 10
B21: =(MOD(HOUR(المدخلات!$B$4+(9-1)*المدخلات!$B$7/1440)-1,12)+1)&":"&TEXT(MINUTE(المدخلات!$B$4+(9-1)*المدخلات!$B$7/1440),"00")&"–"&(MOD(HOUR(المدخلات!$B$4+(9-1)*المدخلات!$B$7/1440+المدخلات!$B$5/1440)-1,12)+1)&":"&TEXT(MINUTE(المدخلات!$B$4+(9-1)*المدخلات!$B$7/1440+المدخلات!$B$5/1440),"00")&" م" -> 6:00–6:15 م | C21: 2 ضد 8 | D21: 6 ضد 9 | E21: 1 ضد 4 | F21: 3 ضد 5
A22: المهرجان 3 | B22: =(MOD(HOUR(المدخلات!$B$4+(1-1)*المدخلات!$B$7/1440)-1,12)+1)&":"&TEXT(MINUTE(المدخلات!$B$4+(1-1)*المدخلات!$B$7/1440),"00")&"–"&(MOD(HOUR(المدخلات!$B$4+(1-1)*المدخلات!$B$7/1440+المدخلات!$B$5/1440)-1,12)+1)&":"&TEXT(MINUTE(المدخلات!$B$4+(1-1)*المدخلات!$B$7/1440+المدخلات!$B$5/1440),"00")&" م" -> 4:00–4:15 م | C22: 1 ضد 6 | D22: 5 ضد 8 | E22: 2 ضد 10 | F22: 3 ضد 4 | G22: =COUNTA(C22:F29) -> 20
B23: =(MOD(HOUR(المدخلات!$B$4+(2-1)*المدخلات!$B$7/1440)-1,12)+1)&":"&TEXT(MINUTE(المدخلات!$B$4+(2-1)*المدخلات!$B$7/1440),"00")&"–"&(MOD(HOUR(المدخلات!$B$4+(2-1)*المدخلات!$B$7/1440+المدخلات!$B$5/1440)-1,12)+1)&":"&TEXT(MINUTE(المدخلات!$B$4+(2-1)*المدخلات!$B$7/1440+المدخلات!$B$5/1440),"00")&" م" -> 4:15–4:30 م | C23: 7 ضد 9
B24: =(MOD(HOUR(المدخلات!$B$4+(3-1)*المدخلات!$B$7/1440)-1,12)+1)&":"&TEXT(MINUTE(المدخلات!$B$4+(3-1)*المدخلات!$B$7/1440),"00")&"–"&(MOD(HOUR(المدخلات!$B$4+(3-1)*المدخلات!$B$7/1440+المدخلات!$B$5/1440)-1,12)+1)&":"&TEXT(MINUTE(المدخلات!$B$4+(3-1)*المدخلات!$B$7/1440+المدخلات!$B$5/1440),"00")&" م" -> 4:30–4:45 م | C24: 1 ضد 10 | D24: 3 ضد 8 | E24: 2 ضد 5
B25: =(MOD(HOUR(المدخلات!$B$4+(4-1)*المدخلات!$B$7/1440)-1,12)+1)&":"&TEXT(MINUTE(المدخلات!$B$4+(4-1)*المدخلات!$B$7/1440),"00")&"–"&(MOD(HOUR(المدخلات!$B$4+(4-1)*المدخلات!$B$7/1440+المدخلات!$B$5/1440)-1,12)+1)&":"&TEXT(MINUTE(المدخلات!$B$4+(4-1)*المدخلات!$B$7/1440+المدخلات!$B$5/1440),"00")&" م" -> 4:45–5:00 م | C25: 4 ضد 9 | D25: 6 ضد 7
B26: =(MOD(HOUR(المدخلات!$B$4+(5-1)*المدخلات!$B$7/1440)-1,12)+1)&":"&TEXT(MINUTE(المدخلات!$B$4+(5-1)*المدخلات!$B$7/1440),"00")&"–"&(MOD(HOUR(المدخلات!$B$4+(5-1)*المدخلات!$B$7/1440+المدخلات!$B$5/1440)-1,12)+1)&":"&TEXT(MINUTE(المدخلات!$B$4+(5-1)*المدخلات!$B$7/1440+المدخلات!$B$5/1440),"00")&" م" -> 5:00–5:15 م | C26: 2 ضد 3 | D26: 1 ضد 8
B27: =(MOD(HOUR(المدخلات!$B$4+(6-1)*المدخلات!$B$7/1440)-1,12)+1)&":"&TEXT(MINUTE(المدخلات!$B$4+(6-1)*المدخلات!$B$7/1440),"00")&"–"&(MOD(HOUR(المدخلات!$B$4+(6-1)*المدخلات!$B$7/1440+المدخلات!$B$5/1440)-1,12)+1)&":"&TEXT(MINUTE(المدخلات!$B$4+(6-1)*المدخلات!$B$7/1440+المدخلات!$B$5/1440),"00")&" م" -> 5:15–5:30 م | C27: 7 ضد 10 | D27: 4 ضد 5 | E27: 6 ضد 9
B28: =(MOD(HOUR(المدخلات!$B$4+(7-1)*المدخلات!$B$7/1440)-1,12)+1)&":"&TEXT(MINUTE(المدخلات!$B$4+(7-1)*المدخلات!$B$7/1440),"00")&"–"&(MOD(HOUR(المدخلات!$B$4+(7-1)*المدخلات!$B$7/1440+المدخلات!$B$5/1440)-1,12)+1)&":"&TEXT(MINUTE(المدخلات!$B$4+(7-1)*المدخلات!$B$7/1440+المدخلات!$B$5/1440),"00")&" م" -> 5:30–5:45 م | C28: 1 ضد 3
B29: =(MOD(HOUR(المدخلات!$B$4+(8-1)*المدخلات!$B$7/1440)-1,12)+1)&":"&TEXT(MINUTE(المدخلات!$B$4+(8-1)*المدخلات!$B$7/1440),"00")&"–"&(MOD(HOUR(المدخلات!$B$4+(8-1)*المدخلات!$B$7/1440+المدخلات!$B$5/1440)-1,12)+1)&":"&TEXT(MINUTE(المدخلات!$B$4+(8-1)*المدخلات!$B$7/1440+المدخلات!$B$5/1440),"00")&" م" -> 5:45–6:00 م | C29: 4 ضد 10 | D29: 2 ضد 6 | E29: 5 ضد 9 | F29: 7 ضد 8
A30: المهرجان 4 | B30: =(MOD(HOUR(المدخلات!$B$4+(1-1)*المدخلات!$B$7/1440)-1,12)+1)&":"&TEXT(MINUTE(المدخلات!$B$4+(1-1)*المدخلات!$B$7/1440),"00")&"–"&(MOD(HOUR(المدخلات!$B$4+(1-1)*المدخلات!$B$7/1440+المدخلات!$B$5/1440)-1,12)+1)&":"&TEXT(MINUTE(المدخلات!$B$4+(1-1)*المدخلات!$B$7/1440+المدخلات!$B$5/1440),"00")&" م" -> 4:00–4:15 م | C30: 3 ضد 5 | D30: 2 ضد 10 | E30: 4 ضد 7 | F30: 1 ضد 9 | G30: =COUNTA(C30:F37) -> 20
B31: =(MOD(HOUR(المدخلات!$B$4+(2-1)*المدخلات!$B$7/1440)-1,12)+1)&":"&TEXT(MINUTE(المدخلات!$B$4+(2-1)*المدخلات!$B$7/1440),"00")&"–"&(MOD(HOUR(المدخلات!$B$4+(2-1)*المدخلات!$B$7/1440+المدخلات!$B$5/1440)-1,12)+1)&":"&TEXT(MINUTE(المدخلات!$B$4+(2-1)*المدخلات!$B$7/1440+المدخلات!$B$5/1440),"00")&" م" -> 4:15–4:30 م | C31: 6 ضد 8
B32: =(MOD(HOUR(المدخلات!$B$4+(3-1)*المدخلات!$B$7/1440)-1,12)+1)&":"&TEXT(MINUTE(المدخلات!$B$4+(3-1)*المدخلات!$B$7/1440),"00")&"–"&(MOD(HOUR(المدخلات!$B$4+(3-1)*المدخلات!$B$7/1440+المدخلات!$B$5/1440)-1,12)+1)&":"&TEXT(MINUTE(المدخلات!$B$4+(3-1)*المدخلات!$B$7/1440+المدخلات!$B$5/1440),"00")&" م" -> 4:30–4:45 م | C32: 1 ضد 2 | D32: 7 ضد 9 | E32: 3 ضد 10
B33: =(MOD(HOUR(المدخلات!$B$4+(4-1)*المدخلات!$B$7/1440)-1,12)+1)&":"&TEXT(MINUTE(المدخلات!$B$4+(4-1)*المدخلات!$B$7/1440),"00")&"–"&(MOD(HOUR(المدخلات!$B$4+(4-1)*المدخلات!$B$7/1440+المدخلات!$B$5/1440)-1,12)+1)&":"&TEXT(MINUTE(المدخلات!$B$4+(4-1)*المدخلات!$B$7/1440+المدخلات!$B$5/1440),"00")&" م" -> 4:45–5:00 م | C33: 5 ضد 8 | D33: 4 ضد 6
B34: =(MOD(HOUR(المدخلات!$B$4+(5-1)*المدخلات!$B$7/1440)-1,12)+1)&":"&TEXT(MINUTE(المدخلات!$B$4+(5-1)*المدخلات!$B$7/1440),"00")&"–"&(MOD(HOUR(المدخلات!$B$4+(5-1)*المدخلات!$B$7/1440+المدخلات!$B$5/1440)-1,12)+1)&":"&TEXT(MINUTE(المدخلات!$B$4+(5-1)*المدخلات!$B$7/1440+المدخلات!$B$5/1440),"00")&" م" -> 5:00–5:15 م | C34: 2 ضد 7 | D34: 3 ضد 9
B35: =(MOD(HOUR(المدخلات!$B$4+(6-1)*المدخلات!$B$7/1440)-1,12)+1)&":"&TEXT(MINUTE(المدخلات!$B$4+(6-1)*المدخلات!$B$7/1440),"00")&"–"&(MOD(HOUR(المدخلات!$B$4+(6-1)*المدخلات!$B$7/1440+المدخلات!$B$5/1440)-1,12)+1)&":"&TEXT(MINUTE(المدخلات!$B$4+(6-1)*المدخلات!$B$7/1440+المدخلات!$B$5/1440),"00")&" م" -> 5:15–5:30 م | C35: 1 ضد 5 | D35: 6 ضد 10 | E35: 4 ضد 8
B36: =(MOD(HOUR(المدخلات!$B$4+(7-1)*المدخلات!$B$7/1440)-1,12)+1)&":"&TEXT(MINUTE(المدخلات!$B$4+(7-1)*المدخلات!$B$7/1440),"00")&"–"&(MOD(HOUR(المدخلات!$B$4+(7-1)*المدخلات!$B$7/1440+المدخلات!$B$5/1440)-1,12)+1)&":"&TEXT(MINUTE(المدخلات!$B$4+(7-1)*المدخلات!$B$7/1440+المدخلات!$B$5/1440),"00")&" م" -> 5:30–5:45 م | C36: 2 ضد 9
B37: =(MOD(HOUR(المدخلات!$B$4+(8-1)*المدخلات!$B$7/1440)-1,12)+1)&":"&TEXT(MINUTE(المدخلات!$B$4+(8-1)*المدخلات!$B$7/1440),"00")&"–"&(MOD(HOUR(المدخلات!$B$4+(8-1)*المدخلات!$B$7/1440+المدخلات!$B$5/1440)-1,12)+1)&":"&TEXT(MINUTE(المدخلات!$B$4+(8-1)*المدخلات!$B$7/1440+المدخلات!$B$5/1440),"00")&" م" -> 5:45–6:00 م | C37: 1 ضد 6 | D37: 5 ضد 7 | E37: 8 ضد 10 | F37: 3 ضد 4
A38: المهرجان 5 | B38: =(MOD(HOUR(المدخلات!$B$4+(1-1)*المدخلات!$B$7/1440)-1,12)+1)&":"&TEXT(MINUTE(المدخلات!$B$4+(1-1)*المدخلات!$B$7/1440),"00")&"–"&(MOD(HOUR(المدخلات!$B$4+(1-1)*المدخلات!$B$7/1440+المدخلات!$B$5/1440)-1,12)+1)&":"&TEXT(MINUTE(المدخلات!$B$4+(1-1)*المدخلات!$B$7/1440+المدخلات!$B$5/1440),"00")&" م" -> 4:00–4:15 م | C38: 9 ضد 10 | D38: 5 ضد 6 | G38: =COUNTA(C38:F46) -> 20
B39: =(MOD(HOUR(المدخلات!$B$4+(2-1)*المدخلات!$B$7/1440)-1,12)+1)&":"&TEXT(MINUTE(المدخلات!$B$4+(2-1)*المدخلات!$B$7/1440),"00")&"–"&(MOD(HOUR(المدخلات!$B$4+(2-1)*المدخلات!$B$7/1440+المدخلات!$B$5/1440)-1,12)+1)&":"&TEXT(MINUTE(المدخلات!$B$4+(2-1)*المدخلات!$B$7/1440+المدخلات!$B$5/1440),"00")&" م" -> 4:15–4:30 م | C39: 3 ضد 7 | D39: 1 ضد 4 | E39: 2 ضد 8
B40: =(MOD(HOUR(المدخلات!$B$4+(3-1)*المدخلات!$B$7/1440)-1,12)+1)&":"&TEXT(MINUTE(المدخلات!$B$4+(3-1)*المدخلات!$B$7/1440),"00")&"–"&(MOD(HOUR(المدخلات!$B$4+(3-1)*المدخلات!$B$7/1440+المدخلات!$B$5/1440)-1,12)+1)&":"&TEXT(MINUTE(المدخلات!$B$4+(3-1)*المدخلات!$B$7/1440+المدخلات!$B$5/1440),"00")&" م" -> 4:30–4:45 م | C40: 5 ضد 10
B41: =(MOD(HOUR(المدخلات!$B$4+(4-1)*المدخلات!$B$7/1440)-1,12)+1)&":"&TEXT(MINUTE(المدخلات!$B$4+(4-1)*المدخلات!$B$7/1440),"00")&"–"&(MOD(HOUR(المدخلات!$B$4+(4-1)*المدخلات!$B$7/1440+المدخلات!$B$5/1440)-1,12)+1)&":"&TEXT(MINUTE(المدخلات!$B$4+(4-1)*المدخلات!$B$7/1440+المدخلات!$B$5/1440),"00")&" م" -> 4:45–5:00 م | C41: 8 ضد 9 | D41: 1 ضد 7 | E41: 3 ضد 6 | F41: 2 ضد 4
B42: =(MOD(HOUR(المدخلات!$B$4+(5-1)*المدخلات!$B$7/1440)-1,12)+1)&":"&TEXT(MINUTE(المدخلات!$B$4+(5-1)*المدخلات!$B$7/1440),"00")&"–"&(MOD(HOUR(المدخلات!$B$4+(5-1)*المدخلات!$B$7/1440+المدخلات!$B$5/1440)-1,12)+1)&":"&TEXT(MINUTE(المدخلات!$B$4+(5-1)*المدخلات!$B$7/1440+المدخلات!$B$5/1440),"00")&" م" -> 5:00–5:15 م
B43: =(MOD(HOUR(المدخلات!$B$4+(6-1)*المدخلات!$B$7/1440)-1,12)+1)&":"&TEXT(MINUTE(المدخلات!$B$4+(6-1)*المدخلات!$B$7/1440),"00")&"–"&(MOD(HOUR(المدخلات!$B$4+(6-1)*المدخلات!$B$7/1440+المدخلات!$B$5/1440)-1,12)+1)&":"&TEXT(MINUTE(المدخلات!$B$4+(6-1)*المدخلات!$B$7/1440+المدخلات!$B$5/1440),"00")&" م" -> 5:15–5:30 م | C43: 7 ضد 10 | D43: 4 ضد 9 | E43: 5 ضد 8 | F43: 2 ضد 3
B44: =(MOD(HOUR(المدخلات!$B$4+(7-1)*المدخلات!$B$7/1440)-1,12)+1)&":"&TEXT(MINUTE(المدخلات!$B$4+(7-1)*المدخلات!$B$7/1440),"00")&"–"&(MOD(HOUR(المدخلات!$B$4+(7-1)*المدخلات!$B$7/1440+المدخلات!$B$5/1440)-1,12)+1)&":"&TEXT(MINUTE(المدخلات!$B$4+(7-1)*المدخلات!$B$7/1440+المدخلات!$B$5/1440),"00")&" م" -> 5:30–5:45 م | C44: 1 ضد 6
B45: =(MOD(HOUR(المدخلات!$B$4+(8-1)*المدخلات!$B$7/1440)-1,12)+1)&":"&TEXT(MINUTE(المدخلات!$B$4+(8-1)*المدخلات!$B$7/1440),"00")&"–"&(MOD(HOUR(المدخلات!$B$4+(8-1)*المدخلات!$B$7/1440+المدخلات!$B$5/1440)-1,12)+1)&":"&TEXT(MINUTE(المدخلات!$B$4+(8-1)*المدخلات!$B$7/1440+المدخلات!$B$5/1440),"00")&" م" -> 5:45–6:00 م | C45: 4 ضد 5 | D45: 3 ضد 8
B46: =(MOD(HOUR(المدخلات!$B$4+(9-1)*المدخلات!$B$7/1440)-1,12)+1)&":"&TEXT(MINUTE(المدخلات!$B$4+(9-1)*المدخلات!$B$7/1440),"00")&"–"&(MOD(HOUR(المدخلات!$B$4+(9-1)*المدخلات!$B$7/1440+المدخلات!$B$5/1440)-1,12)+1)&":"&TEXT(MINUTE(المدخلات!$B$4+(9-1)*المدخلات!$B$7/1440+المدخلات!$B$5/1440),"00")&" م" -> 6:00–6:15 م | C46: 1 ضد 9 | D46: 6 ضد 7 | E46: 2 ضد 10
A47: المهرجان 6 | B47: =(MOD(HOUR(المدخلات!$B$4+(1-1)*المدخلات!$B$7/1440)-1,12)+1)&":"&TEXT(MINUTE(المدخلات!$B$4+(1-1)*المدخلات!$B$7/1440),"00")&"–"&(MOD(HOUR(المدخلات!$B$4+(1-1)*المدخلات!$B$7/1440+المدخلات!$B$5/1440)-1,12)+1)&":"&TEXT(MINUTE(المدخلات!$B$4+(1-1)*المدخلات!$B$7/1440+المدخلات!$B$5/1440),"00")&" م" -> 4:00–4:15 م | C47: 4 ضد 6 | D47: 2 ضد 8 | E47: 7 ضد 9 | G47: =COUNTA(C47:F54) -> 20
B48: =(MOD(HOUR(المدخلات!$B$4+(2-1)*المدخلات!$B$7/1440)-1,12)+1)&":"&TEXT(MINUTE(المدخلات!$B$4+(2-1)*المدخلات!$B$7/1440),"00")&"–"&(MOD(HOUR(المدخلات!$B$4+(2-1)*المدخلات!$B$7/1440+المدخلات!$B$5/1440)-1,12)+1)&":"&TEXT(MINUTE(المدخلات!$B$4+(2-1)*المدخلات!$B$7/1440+المدخلات!$B$5/1440),"00")&" م" -> 4:15–4:30 م | C48: 5 ضد 10 | D48: 1 ضد 3
B49: =(MOD(HOUR(المدخلات!$B$4+(3-1)*المدخلات!$B$7/1440)-1,12)+1)&":"&TEXT(MINUTE(المدخلات!$B$4+(3-1)*المدخلات!$B$7/1440),"00")&"–"&(MOD(HOUR(المدخلات!$B$4+(3-1)*المدخلات!$B$7/1440+المدخلات!$B$5/1440)-1,12)+1)&":"&TEXT(MINUTE(المدخلات!$B$4+(3-1)*المدخلات!$B$7/1440+المدخلات!$B$5/1440),"00")&" م" -> 4:30–4:45 م | C49: 7 ضد 8 | D49: 2 ضد 4 | E49: 6 ضد 9
B50: =(MOD(HOUR(المدخلات!$B$4+(4-1)*المدخلات!$B$7/1440)-1,12)+1)&":"&TEXT(MINUTE(المدخلات!$B$4+(4-1)*المدخلات!$B$7/1440),"00")&"–"&(MOD(HOUR(المدخلات!$B$4+(4-1)*المدخلات!$B$7/1440+المدخلات!$B$5/1440)-1,12)+1)&":"&TEXT(MINUTE(المدخلات!$B$4+(4-1)*المدخلات!$B$7/1440+المدخلات!$B$5/1440),"00")&" م" -> 4:45–5:00 م | C50: 1 ضد 5 | D50: 3 ضد 10
B51: =(MOD(HOUR(المدخلات!$B$4+(5-1)*المدخلات!$B$7/1440)-1,12)+1)&":"&TEXT(MINUTE(المدخلات!$B$4+(5-1)*المدخلات!$B$7/1440),"00")&"–"&(MOD(HOUR(المدخلات!$B$4+(5-1)*المدخلات!$B$7/1440+المدخلات!$B$5/1440)-1,12)+1)&":"&TEXT(MINUTE(المدخلات!$B$4+(5-1)*المدخلات!$B$7/1440+المدخلات!$B$5/1440),"00")&" م" -> 5:00–5:15 م | C51: 6 ضد 8 | D51: 2 ضد 9
B52: =(MOD(HOUR(المدخلات!$B$4+(6-1)*المدخلات!$B$7/1440)-1,12)+1)&":"&TEXT(MINUTE(المدخلات!$B$4+(6-1)*المدخلات!$B$7/1440),"00")&"–"&(MOD(HOUR(المدخلات!$B$4+(6-1)*المدخلات!$B$7/1440+المدخلات!$B$5/1440)-1,12)+1)&":"&TEXT(MINUTE(المدخلات!$B$4+(6-1)*المدخلات!$B$7/1440+المدخلات!$B$5/1440),"00")&" م" -> 5:15–5:30 م | C52: 4 ضد 10 | D52: 1 ضد 7 | E52: 3 ضد 5
B53: =(MOD(HOUR(المدخلات!$B$4+(7-1)*المدخلات!$B$7/1440)-1,12)+1)&":"&TEXT(MINUTE(المدخلات!$B$4+(7-1)*المدخلات!$B$7/1440),"00")&"–"&(MOD(HOUR(المدخلات!$B$4+(7-1)*المدخلات!$B$7/1440+المدخلات!$B$5/1440)-1,12)+1)&":"&TEXT(MINUTE(المدخلات!$B$4+(7-1)*المدخلات!$B$7/1440+المدخلات!$B$5/1440),"00")&" م" -> 5:30–5:45 م | C53: 8 ضد 9
B54: =(MOD(HOUR(المدخلات!$B$4+(8-1)*المدخلات!$B$7/1440)-1,12)+1)&":"&TEXT(MINUTE(المدخلات!$B$4+(8-1)*المدخلات!$B$7/1440),"00")&"–"&(MOD(HOUR(المدخلات!$B$4+(8-1)*المدخلات!$B$7/1440+المدخلات!$B$5/1440)-1,12)+1)&":"&TEXT(MINUTE(المدخلات!$B$4+(8-1)*المدخلات!$B$7/1440+المدخلات!$B$5/1440),"00")&" م" -> 5:45–6:00 م | C54: 3 ضد 7 | D54: 2 ضد 5 | E54: 6 ضد 10 | F54: 1 ضد 4
A55: المهرجان 7 | B55: =(MOD(HOUR(المدخلات!$B$4+(1-1)*المدخلات!$B$7/1440)-1,12)+1)&":"&TEXT(MINUTE(المدخلات!$B$4+(1-1)*المدخلات!$B$7/1440),"00")&"–"&(MOD(HOUR(المدخلات!$B$4+(1-1)*المدخلات!$B$7/1440+المدخلات!$B$5/1440)-1,12)+1)&":"&TEXT(MINUTE(المدخلات!$B$4+(1-1)*المدخلات!$B$7/1440+المدخلات!$B$5/1440),"00")&" م" -> 4:00–4:15 م | C55: 8 ضد 10 | D55: 3 ضد 9 | E55: 1 ضد 2 | G55: =COUNTA(C55:F60) -> 15
B56: =(MOD(HOUR(المدخلات!$B$4+(2-1)*المدخلات!$B$7/1440)-1,12)+1)&":"&TEXT(MINUTE(المدخلات!$B$4+(2-1)*المدخلات!$B$7/1440),"00")&"–"&(MOD(HOUR(المدخلات!$B$4+(2-1)*المدخلات!$B$7/1440+المدخلات!$B$5/1440)-1,12)+1)&":"&TEXT(MINUTE(المدخلات!$B$4+(2-1)*المدخلات!$B$7/1440+المدخلات!$B$5/1440),"00")&" م" -> 4:15–4:30 م | C56: 5 ضد 6 | D56: 4 ضد 7
B57: =(MOD(HOUR(المدخلات!$B$4+(3-1)*المدخلات!$B$7/1440)-1,12)+1)&":"&TEXT(MINUTE(المدخلات!$B$4+(3-1)*المدخلات!$B$7/1440),"00")&"–"&(MOD(HOUR(المدخلات!$B$4+(3-1)*المدخلات!$B$7/1440+المدخلات!$B$5/1440)-1,12)+1)&":"&TEXT(MINUTE(المدخلات!$B$4+(3-1)*المدخلات!$B$7/1440+المدخلات!$B$5/1440),"00")&" م" -> 4:30–4:45 م | C57: 9 ضد 10 | D57: 1 ضد 8
B58: =(MOD(HOUR(المدخلات!$B$4+(4-1)*المدخلات!$B$7/1440)-1,12)+1)&":"&TEXT(MINUTE(المدخلات!$B$4+(4-1)*المدخلات!$B$7/1440),"00")&"–"&(MOD(HOUR(المدخلات!$B$4+(4-1)*المدخلات!$B$7/1440+المدخلات!$B$5/1440)-1,12)+1)&":"&TEXT(MINUTE(المدخلات!$B$4+(4-1)*المدخلات!$B$7/1440+المدخلات!$B$5/1440),"00")&" م" -> 4:45–5:00 م | C58: 5 ضد 7 | D58: 3 ضد 4 | E58: 2 ضد 6
B59: =(MOD(HOUR(المدخلات!$B$4+(5-1)*المدخلات!$B$7/1440)-1,12)+1)&":"&TEXT(MINUTE(المدخلات!$B$4+(5-1)*المدخلات!$B$7/1440),"00")&"–"&(MOD(HOUR(المدخلات!$B$4+(5-1)*المدخلات!$B$7/1440+المدخلات!$B$5/1440)-1,12)+1)&":"&TEXT(MINUTE(المدخلات!$B$4+(5-1)*المدخلات!$B$7/1440+المدخلات!$B$5/1440),"00")&" م" -> 5:00–5:15 م | C59: 1 ضد 10
B60: =(MOD(HOUR(المدخلات!$B$4+(6-1)*المدخلات!$B$7/1440)-1,12)+1)&":"&TEXT(MINUTE(المدخلات!$B$4+(6-1)*المدخلات!$B$7/1440),"00")&"–"&(MOD(HOUR(المدخلات!$B$4+(6-1)*المدخلات!$B$7/1440+المدخلات!$B$5/1440)-1,12)+1)&":"&TEXT(MINUTE(المدخلات!$B$4+(6-1)*المدخلات!$B$7/1440+المدخلات!$B$5/1440),"00")&" م" -> 5:15–5:30 م | C60: 5 ضد 9 | D60: 2 ضد 7 | E60: 3 ضد 6 | F60: 4 ضد 8
A62: توزيع الفرق على مجموعة القطيف — تحت 7 — يُعبّأ بأسماء الفرق
B63: # | C63: المجموعة أ (الفرق 1-10) | F63: التصنيف
B64: 1 | C64: الازهر | F64: نادي
B65: 2 | C65: الترجي | F65: نادي
B66: 3 | C66: السلام | F66: نادي
B67: 4 | C67: النور | F67: نادي
B68: 5 | C68: مضر | F68: نادي
B69: 6 | C69: اتش اس سبورت | F69: أكاديمية
B70: 7 | C70: النجوم المضيئة | F70: أكاديمية
B71: 8 | C71: الولاء الرياضي | F71: أكاديمية
B72: 9 | C72: كات | F72: أكاديمية
B73: 10 | C73: مواهب الدانة | F73: أكاديمية
A76: توزيع الفرق على مجموعة أبو عريش — تحت 7 — يُعبّأ بأسماء الفرق
B77: # | C77: المجموعة أ (الفرق 1-10) | F77: التصنيف
B78: 1 | C78: أمجاد الخشابية | F78: هواة
B79: 2 | C79: احلام العبادلة | F79: هواة
B80: 3 | C80: الجوه | F80: هواة
B81: 4 | C81: الكواكب ابو عريش | F81: هواة
B82: 5 | C82: الهلال الشرقي | F82: هواة
B83: 6 | C83: شباب حاكمة ابي عريش | F83: هواة
B84: 7 | C84: صقور قامرة جازان | F84: هواة
B85: 8 | C85: فريق الخليج بأبو عريش | F85: هواة
B86: 9 | C86: مستقبل الخضراء | F86: هواة
B87: 10 | C87: هواة احلام الريان | F87: هواة
A90: توزيع الفرق على مجموعة أبو عريش — تحت 9 — يُعبّأ بأسماء الفرق
B91: # | C91: المجموعة أ (الفرق 1-10) | F91: التصنيف
B92: 1 | C92: أمجاد الخشابية | F92: هواة
B93: 2 | C93: احلام العبادلة | F93: هواة
B94: 3 | C94: الجوه | F94: هواة
B95: 4 | C95: الكواكب ابو عريش | F95: هواة
B96: 5 | C96: الهلال الشرقي | F96: هواة
B97: 6 | C97: شباب حاكمة ابي عريش | F97: هواة
B98: 7 | C98: صقور قامرة جازان | F98: هواة
B99: 8 | C99: فريق الخليج بأبو عريش | F99: هواة
B100: 9 | C100: مستقبل الخضراء | F100: هواة
B101: 10 | C101: هواة احلام الريان | F101: هواة

Sheet 11 فريق
A1: جدول مباريات بطولة 11 فريقاً — مجموعة واحدة داخل ملعب قانوني واحد (4 ملاعب مصغّرة)
C2: الملعب القانوني 1 — المجموعة أ (الفرق 1–11)
A3: المهرجان | B3: الوقت | C3: ملعب 1 | D3: ملعب 2 | E3: ملعب 3 | F3: ملعب 4 | G3: مجموع مباريات المهرجان
A4: المهرجان 1 | B4: =(MOD(HOUR(المدخلات!$B$4+(1-1)*المدخلات!$B$7/1440)-1,12)+1)&":"&TEXT(MINUTE(المدخلات!$B$4+(1-1)*المدخلات!$B$7/1440),"00")&"–"&(MOD(HOUR(المدخلات!$B$4+(1-1)*المدخلات!$B$7/1440+المدخلات!$B$5/1440)-1,12)+1)&":"&TEXT(MINUTE(المدخلات!$B$4+(1-1)*المدخلات!$B$7/1440+المدخلات!$B$5/1440),"00")&" م" -> 4:00–4:15 م | C4: 1 ضد 2 | D4: 4 ضد 8 | E4: 7 ضد 10 | G4: =COUNTA(C4:F12) -> 22
B5: =(MOD(HOUR(المدخلات!$B$4+(2-1)*المدخلات!$B$7/1440)-1,12)+1)&":"&TEXT(MINUTE(المدخلات!$B$4+(2-1)*المدخلات!$B$7/1440),"00")&"–"&(MOD(HOUR(المدخلات!$B$4+(2-1)*المدخلات!$B$7/1440+المدخلات!$B$5/1440)-1,12)+1)&":"&TEXT(MINUTE(المدخلات!$B$4+(2-1)*المدخلات!$B$7/1440+المدخلات!$B$5/1440),"00")&" م" -> 4:15–4:30 م | C5: 3 ضد 6 | D5: 5 ضد 11
B6: =(MOD(HOUR(المدخلات!$B$4+(3-1)*المدخلات!$B$7/1440)-1,12)+1)&":"&TEXT(MINUTE(المدخلات!$B$4+(3-1)*المدخلات!$B$7/1440),"00")&"–"&(MOD(HOUR(المدخلات!$B$4+(3-1)*المدخلات!$B$7/1440+المدخلات!$B$5/1440)-1,12)+1)&":"&TEXT(MINUTE(المدخلات!$B$4+(3-1)*المدخلات!$B$7/1440+المدخلات!$B$5/1440),"00")&" م" -> 4:30–4:45 م | C6: 2 ضد 9 | D6: 1 ضد 7
B7: =(MOD(HOUR(المدخلات!$B$4+(4-1)*المدخلات!$B$7/1440)-1,12)+1)&":"&TEXT(MINUTE(المدخلات!$B$4+(4-1)*المدخلات!$B$7/1440),"00")&"–"&(MOD(HOUR(المدخلات!$B$4+(4-1)*المدخلات!$B$7/1440+المدخلات!$B$5/1440)-1,12)+1)&":"&TEXT(MINUTE(المدخلات!$B$4+(4-1)*المدخلات!$B$7/1440+المدخلات!$B$5/1440),"00")&" م" -> 4:45–5:00 م | C7: 4 ضد 10 | D7: 6 ضد 8 | E7: 3 ضد 5
B8: =(MOD(HOUR(المدخلات!$B$4+(5-1)*المدخلات!$B$7/1440)-1,12)+1)&":"&TEXT(MINUTE(المدخلات!$B$4+(5-1)*المدخلات!$B$7/1440),"00")&"–"&(MOD(HOUR(المدخلات!$B$4+(5-1)*المدخلات!$B$7/1440+المدخلات!$B$5/1440)-1,12)+1)&":"&TEXT(MINUTE(المدخلات!$B$4+(5-1)*المدخلات!$B$7/1440+المدخلات!$B$5/1440),"00")&" م" -> 5:00–5:15 م | C8: 7 ضد 9 | D8: 1 ضد 11
B9: =(MOD(HOUR(المدخلات!$B$4+(6-1)*المدخلات!$B$7/1440)-1,12)+1)&":"&TEXT(MINUTE(المدخلات!$B$4+(6-1)*المدخلات!$B$7/1440),"00")&"–"&(MOD(HOUR(المدخلات!$B$4+(6-1)*المدخلات!$B$7/1440+المدخلات!$B$5/1440)-1,12)+1)&":"&TEXT(MINUTE(المدخلات!$B$4+(6-1)*المدخلات!$B$7/1440+المدخلات!$B$5/1440),"00")&" م" -> 5:15–5:30 م | C9: 2 ضد 5 | D9: 4 ضد 6
B10: =(MOD(HOUR(المدخلات!$B$4+(7-1)*المدخلات!$B$7/1440)-1,12)+1)&":"&TEXT(MINUTE(المدخلات!$B$4+(7-1)*المدخلات!$B$7/1440),"00")&"–"&(MOD(HOUR(المدخلات!$B$4+(7-1)*المدخلات!$B$7/1440+المدخلات!$B$5/1440)-1,12)+1)&":"&TEXT(MINUTE(المدخلات!$B$4+(7-1)*المدخلات!$B$7/1440+المدخلات!$B$5/1440),"00")&" م" -> 5:30–5:45 م | C10: 1 ضد 10 | D10: 9 ضد 11 | E10: 3 ضد 8
B11: =(MOD(HOUR(المدخلات!$B$4+(8-1)*المدخلات!$B$7/1440)-1,12)+1)&":"&TEXT(MINUTE(المدخلات!$B$4+(8-1)*المدخلات!$B$7/1440),"00")&"–"&(MOD(HOUR(المدخلات!$B$4+(8-1)*المدخلات!$B$7/1440+المدخلات!$B$5/1440)-1,12)+1)&":"&TEXT(MINUTE(المدخلات!$B$4+(8-1)*المدخلات!$B$7/1440+المدخلات!$B$5/1440),"00")&" م" -> 5:45–6:00 م | C11: 4 ضد 7 | D11: 5 ضد 6
B12: =(MOD(HOUR(المدخلات!$B$4+(9-1)*المدخلات!$B$7/1440)-1,12)+1)&":"&TEXT(MINUTE(المدخلات!$B$4+(9-1)*المدخلات!$B$7/1440),"00")&"–"&(MOD(HOUR(المدخلات!$B$4+(9-1)*المدخلات!$B$7/1440+المدخلات!$B$5/1440)-1,12)+1)&":"&TEXT(MINUTE(المدخلات!$B$4+(9-1)*المدخلات!$B$7/1440+المدخلات!$B$5/1440),"00")&" م" -> 6:00–6:15 م | C12: 10 ضد 11 | D12: 2 ضد 8 | E12: 3 ضد 9
A13: المهرجان 2 | B13: =(MOD(HOUR(المدخلات!$B$4+(1-1)*المدخلات!$B$7/1440)-1,12)+1)&":"&TEXT(MINUTE(المدخلات!$B$4+(1-1)*المدخلات!$B$7/1440),"00")&"–"&(MOD(HOUR(المدخلات!$B$4+(1-1)*المدخلات!$B$7/1440+المدخلات!$B$5/1440)-1,12)+1)&":"&TEXT(MINUTE(المدخلات!$B$4+(1-1)*المدخلات!$B$7/1440+المدخلات!$B$5/1440),"00")&" م" -> 4:00–4:15 م | C13: 5 ضد 9 | D13: 2 ضد 11 | G13: =COUNTA(C13:F21) -> 22
B14: =(MOD(HOUR(المدخلات!$B$4+(2-1)*المدخلات!$B$7/1440)-1,12)+1)&":"&TEXT(MINUTE(المدخلات!$B$4+(2-1)*المدخلات!$B$7/1440),"00")&"–"&(MOD(HOUR(المدخلات!$B$4+(2-1)*المدخلات!$B$7/1440+المدخلات!$B$5/1440)-1,12)+1)&":"&TEXT(MINUTE(المدخلات!$B$4+(2-1)*المدخلات!$B$7/1440+المدخلات!$B$5/1440),"00")&" م" -> 4:15–4:30 م | C14: 3 ضد 4
B15: =(MOD(HOUR(المدخلات!$B$4+(3-1)*المدخلات!$B$7/1440)-1,12)+1)&":"&TEXT(MINUTE(المدخلات!$B$4+(3-1)*المدخلات!$B$7/1440),"00")&"–"&(MOD(HOUR(المدخلات!$B$4+(3-1)*المدخلات!$B$7/1440+المدخلات!$B$5/1440)-1,12)+1)&":"&TEXT(MINUTE(المدخلات!$B$4+(3-1)*المدخلات!$B$7/1440+المدخلات!$B$5/1440),"00")&" م" -> 4:30–4:45 م | C15: 6 ضد 10 | D15: 5 ضد 7 | E15: 1 ضد 9 | F15: 8 ضد 11
B16: =(MOD(HOUR(المدخلات!$B$4+(4-1)*المدخلات!$B$7/1440)-1,12)+1)&":"&TEXT(MINUTE(المدخلات!$B$4+(4-1)*المدخلات!$B$7/1440),"00")&"–"&(MOD(HOUR(المدخلات!$B$4+(4-1)*المدخلات!$B$7/1440+المدخلات!$B$5/1440)-1,12)+1)&":"&TEXT(MINUTE(المدخلات!$B$4+(4-1)*المدخلات!$B$7/1440+المدخلات!$B$5/1440),"00")&" م" -> 4:45–5:00 م | C16: 2 ضد 4
B17: =(MOD(HOUR(المدخلات!$B$4+(5-1)*المدخلات!$B$7/1440)-1,12)+1)&":"&TEXT(MINUTE(المدخلات!$B$4+(5-1)*المدخلات!$B$7/1440),"00")&"–"&(MOD(HOUR(المدخلات!$B$4+(5-1)*المدخلات!$B$7/1440+المدخلات!$B$5/1440)-1,12)+1)&":"&TEXT(MINUTE(المدخلات!$B$4+(5-1)*المدخلات!$B$7/1440+المدخلات!$B$5/1440),"00")&" م" -> 5:00–5:15 م | C17: 1 ضد 5 | D17: 3 ضد 11 | E17: 6 ضد 7 | F17: 8 ضد 10
B18: =(MOD(HOUR(المدخلات!$B$4+(6-1)*المدخلات!$B$7/1440)-1,12)+1)&":"&TEXT(MINUTE(المدخلات!$B$4+(6-1)*المدخلات!$B$7/1440),"00")&"–"&(MOD(HOUR(المدخلات!$B$4+(6-1)*المدخلات!$B$7/1440+المدخلات!$B$5/1440)-1,12)+1)&":"&TEXT(MINUTE(المدخلات!$B$4+(6-1)*المدخلات!$B$7/1440+المدخلات!$B$5/1440),"00")&" م" -> 5:15–5:30 م | C18: 4 ضد 9
B19: =(MOD(HOUR(المدخلات!$B$4+(7-1)*المدخلات!$B$7/1440)-1,12)+1)&":"&TEXT(MINUTE(المدخلات!$B$4+(7-1)*المدخلات!$B$7/1440),"00")&"–"&(MOD(HOUR(المدخلات!$B$4+(7-1)*المدخلات!$B$7/1440+المدخلات!$B$5/1440)-1,12)+1)&":"&TEXT(MINUTE(المدخلات!$B$4+(7-1)*المدخلات!$B$7/1440+المدخلات!$B$5/1440),"00")&" م" -> 5:30–5:45 م | C19: 3 ضد 7 | D19: 1 ضد 8 | E19: 2 ضد 6 | F19: 5 ضد 10
B20: =(MOD(HOUR(المدخلات!$B$4+(8-1)*المدخلات!$B$7/1440)-1,12)+1)&":"&TEXT(MINUTE(المدخلات!$B$4+(8-1)*المدخلات!$B$7/1440),"00")&"–"&(MOD(HOUR(المدخلات!$B$4+(8-1)*المدخلات!$B$7/1440+المدخلات!$B$5/1440)-1,12)+1)&":"&TEXT(MINUTE(المدخلات!$B$4+(8-1)*المدخلات!$B$7/1440+المدخلات!$B$5/1440),"00")&" م" -> 5:45–6:00 م | C20: 4 ضد 11
B21: =(MOD(HOUR(المدخلات!$B$4+(9-1)*المدخلات!$B$7/1440)-1,12)+1)&":"&TEXT(MINUTE(المدخلات!$B$4+(9-1)*المدخلات!$B$7/1440),"00")&"–"&(MOD(HOUR(المدخلات!$B$4+(9-1)*المدخلات!$B$7/1440+المدخلات!$B$5/1440)-1,12)+1)&":"&TEXT(MINUTE(المدخلات!$B$4+(9-1)*المدخلات!$B$7/1440+المدخلات!$B$5/1440),"00")&" م" -> 6:00–6:15 م | C21: 1 ضد 3 | D21: 7 ضد 8 | E21: 6 ضد 9 | F21: 2 ضد 10
A22: المهرجان 3 | B22: =(MOD(HOUR(المدخلات!$B$4+(1-1)*المدخلات!$B$7/1440)-1,12)+1)&":"&TEXT(MINUTE(المدخلات!$B$4+(1-1)*المدخلات!$B$7/1440),"00")&"–"&(MOD(HOUR(المدخلات!$B$4+(1-1)*المدخلات!$B$7/1440+المدخلات!$B$5/1440)-1,12)+1)&":"&TEXT(MINUTE(المدخلات!$B$4+(1-1)*المدخلات!$B$7/1440+المدخلات!$B$5/1440),"00")&" م" -> 4:00–4:15 م | C22: 9 ضد 10 | D22: 1 ضد 6 | G22: =COUNTA(C22:F31) -> 22
B23: =(MOD(HOUR(المدخلات!$B$4+(2-1)*المدخلات!$B$7/1440)-1,12)+1)&":"&TEXT(MINUTE(المدخلات!$B$4+(2-1)*المدخلات!$B$7/1440),"00")&"–"&(MOD(HOUR(المدخلات!$B$4+(2-1)*المدخلات!$B$7/1440+المدخلات!$B$5/1440)-1,12)+1)&":"&TEXT(MINUTE(المدخلات!$B$4+(2-1)*المدخلات!$B$7/1440+المدخلات!$B$5/1440),"00")&" م" -> 4:15–4:30 م | C23: 5 ضد 8 | D23: 2 ضد 7
B24: =(MOD(HOUR(المدخلات!$B$4+(3-1)*المدخلات!$B$7/1440)-1,12)+1)&":"&TEXT(MINUTE(المدخلات!$B$4+(3-1)*المدخلات!$B$7/1440),"00")&"–"&(MOD(HOUR(المدخلات!$B$4+(3-1)*المدخلات!$B$7/1440+المدخلات!$B$5/1440)-1,12)+1)&":"&TEXT(MINUTE(المدخلات!$B$4+(3-1)*المدخلات!$B$7/1440+المدخلات!$B$5/1440),"00")&" م" -> 4:30–4:45 م | C24: 3 ضد 10 | D24: 6 ضد 11 | E24: 1 ضد 4
B25: =(MOD(HOUR(المدخلات!$B$4+(4-1)*المدخلات!$B$7/1440)-1,12)+1)&":"&TEXT(MINUTE(المدخلات!$B$4+(4-1)*المدخلات!$B$7/1440),"00")&"–"&(MOD(HOUR(المدخلات!$B$4+(4-1)*المدخلات!$B$7/1440+المدخلات!$B$5/1440)-1,12)+1)&":"&TEXT(MINUTE(المدخلات!$B$4+(4-1)*المدخلات!$B$7/1440+المدخلات!$B$5/1440),"00")&" م" -> 4:45–5:00 م | C25: 8 ضد 9
B26: =(MOD(HOUR(المدخلات!$B$4+(5-1)*المدخلات!$B$7/1440)-1,12)+1)&":"&TEXT(MINUTE(المدخلات!$B$4+(5-1)*المدخلات!$B$7/1440),"00")&"–"&(MOD(HOUR(المدخلات!$B$4+(5-1)*المدخلات!$B$7/1440+المدخلات!$B$5/1440)-1,12)+1)&":"&TEXT(MINUTE(المدخلات!$B$4+(5-1)*المدخلات!$B$7/1440+المدخلات!$B$5/1440),"00")&" م" -> 5:00–5:15 م | C26: 7 ضد 11 | D26: 2 ضد 3 | E26: 4 ضد 5
B27: =(MOD(HOUR(المدخلات!$B$4+(6-1)*المدخلات!$B$7/1440)-1,12)+1)&":"&TEXT(MINUTE(المدخلات!$B$4+(6-1)*المدخلات!$B$7/1440),"00")&"–"&(MOD(HOUR(المدخلات!$B$4+(6-1)*المدخلات!$B$7/1440+المدخلات!$B$5/1440)-1,12)+1)&":"&TEXT(MINUTE(المدخلات!$B$4+(6-1)*المدخلات!$B$7/1440+المدخلات!$B$5/1440),"00")&" م" -> 5:15–5:30 م | C27: 1 ضد 10 | D27: 6 ضد 8
B28: =(MOD(HOUR(المدخلات!$B$4+(7-1)*المدخلات!$B$7/1440)-1,12)+1)&":"&TEXT(MINUTE(المدخلات!$B$4+(7-1)*المدخلات!$B$7/1440),"00")&"–"&(MOD(HOUR(المدخلات!$B$4+(7-1)*المدخلات!$B$7/1440+المدخلات!$B$5/1440)-1,12)+1)&":"&TEXT(MINUTE(المدخلات!$B$4+(7-1)*المدخلات!$B$7/1440+المدخلات!$B$5/1440),"00")&" م" -> 5:30–5:45 م | C28: 5 ضد 7 | D28: 3 ضد 11 | E28: 2 ضد 9
B29: =(MOD(HOUR(المدخلات!$B$4+(8-1)*المدخلات!$B$7/1440)-1,12)+1)&":"&TEXT(MINUTE(المدخلات!$B$4+(8-1)*المدخلات!$B$7/1440),"00")&"–"&(MOD(HOUR(المدخلات!$B$4+(8-1)*المدخلات!$B$7/1440+المدخلات!$B$5/1440)-1,12)+1)&":"&TEXT(MINUTE(المدخلات!$B$4+(8-1)*المدخلات!$B$7/1440+المدخلات!$B$5/1440),"00")&" م" -> 5:45–6:00 م | C29: 4 ضد 10
B30: =(MOD(HOUR(المدخلات!$B$4+(9-1)*المدخلات!$B$7/1440)-1,12)+1)&":"&TEXT(MINUTE(المدخلات!$B$4+(9-1)*المدخلات!$B$7/1440),"00")&"–"&(MOD(HOUR(المدخلات!$B$4+(9-1)*المدخلات!$B$7/1440+المدخلات!$B$5/1440)-1,12)+1)&":"&TEXT(MINUTE(المدخلات!$B$4+(9-1)*المدخلات!$B$7/1440+المدخلات!$B$5/1440),"00")&" م" -> 6:00–6:15 م | C30: 2 ضد 6 | D30: 7 ضد 9 | E30: 3 ضد 5 | F30: 1 ضد 8
B31: =(MOD(HOUR(المدخلات!$B$4+(10-1)*المدخلات!$B$7/1440)-1,12)+1)&":"&TEXT(MINUTE(المدخلات!$B$4+(10-1)*المدخلات!$B$7/1440),"00")&"–"&(MOD(HOUR(المدخلات!$B$4+(10-1)*المدخلات!$B$7/1440+المدخلات!$B$5/1440)-1,12)+1)&":"&TEXT(MINUTE(المدخلات!$B$4+(10-1)*المدخلات!$B$7/1440+المدخلات!$B$5/1440),"00")&" م" -> 6:15–6:30 م | C31: 4 ضد 11
A32: المهرجان 4 | B32: =(MOD(HOUR(المدخلات!$B$4+(1-1)*المدخلات!$B$7/1440)-1,12)+1)&":"&TEXT(MINUTE(المدخلات!$B$4+(1-1)*المدخلات!$B$7/1440),"00")&"–"&(MOD(HOUR(المدخلات!$B$4+(1-1)*المدخلات!$B$7/1440+المدخلات!$B$5/1440)-1,12)+1)&":"&TEXT(MINUTE(المدخلات!$B$4+(1-1)*المدخلات!$B$7/1440+المدخلات!$B$5/1440),"00")&" م" -> 4:00–4:15 م | C32: 5 ضد 6 | G32: =COUNTA(C32:F41) -> 22
B33: =(MOD(HOUR(المدخلات!$B$4+(2-1)*المدخلات!$B$7/1440)-1,12)+1)&":"&TEXT(MINUTE(المدخلات!$B$4+(2-1)*المدخلات!$B$7/1440),"00")&"–"&(MOD(HOUR(المدخلات!$B$4+(2-1)*المدخلات!$B$7/1440+المدخلات!$B$5/1440)-1,12)+1)&":"&TEXT(MINUTE(المدخلات!$B$4+(2-1)*المدخلات!$B$7/1440+المدخلات!$B$5/1440),"00")&" م" -> 4:15–4:30 م | C33: 1 ضد 9 | D33: 2 ضد 8
B34: =(MOD(HOUR(المدخلات!$B$4+(3-1)*المدخلات!$B$7/1440)-1,12)+1)&":"&TEXT(MINUTE(المدخلات!$B$4+(3-1)*المدخلات!$B$7/1440),"00")&"–"&(MOD(HOUR(المدخلات!$B$4+(3-1)*المدخلات!$B$7/1440+المدخلات!$B$5/1440)-1,12)+1)&":"&TEXT(MINUTE(المدخلات!$B$4+(3-1)*المدخلات!$B$7/1440+المدخلات!$B$5/1440),"00")&" م" -> 4:30–4:45 م | C34: 3 ضد 4
B35: =(MOD(HOUR(المدخلات!$B$4+(4-1)*المدخلات!$B$7/1440)-1,12)+1)&":"&TEXT(MINUTE(المدخلات!$B$4+(4-1)*المدخلات!$B$7/1440),"00")&"–"&(MOD(HOUR(المدخلات!$B$4+(4-1)*المدخلات!$B$7/1440+المدخلات!$B$5/1440)-1,12)+1)&":"&TEXT(MINUTE(المدخلات!$B$4+(4-1)*المدخلات!$B$7/1440+المدخلات!$B$5/1440),"00")&" م" -> 4:45–5:00 م | C35: 2 ضد 11 | D35: 6 ضد 9 | E35: 5 ضد 10 | F35: 1 ضد 7
B36: =(MOD(HOUR(المدخلات!$B$4+(5-1)*المدخلات!$B$7/1440)-1,12)+1)&":"&TEXT(MINUTE(المدخلات!$B$4+(5-1)*المدخلات!$B$7/1440),"00")&"–"&(MOD(HOUR(المدخلات!$B$4+(5-1)*المدخلات!$B$7/1440+المدخلات!$B$5/1440)-1,12)+1)&":"&TEXT(MINUTE(المدخلات!$B$4+(5-1)*المدخلات!$B$7/1440+المدخلات!$B$5/1440),"00")&" م" -> 5:00–5:15 م | C36: 4 ضد 8
B37: =(MOD(HOUR(المدخلات!$B$4+(6-1)*المدخلات!$B$7/1440)-1,12)+1)&":"&TEXT(MINUTE(المدخلات!$B$4+(6-1)*المدخلات!$B$7/1440),"00")&"–"&(MOD(HOUR(المدخلات!$B$4+(6-1)*المدخلات!$B$7/1440+المدخلات!$B$5/1440)-1,12)+1)&":"&TEXT(MINUTE(المدخلات!$B$4+(6-1)*المدخلات!$B$7/1440+المدخلات!$B$5/1440),"00")&" م" -> 5:15–5:30 م | C37: 2 ضد 7 | D37: 3 ضد 10 | E37: 5 ضد 9 | F37: 1 ضد 11
B38: =(MOD(HOUR(المدخلات!$B$4+(7-1)*المدخلات!$B$7/1440)-1,12)+1)&":"&TEXT(MINUTE(المدخلات!$B$4+(7-1)*المدخلات!$B$7/1440),"00")&"–"&(MOD(HOUR(المدخلات!$B$4+(7-1)*المدخلات!$B$7/1440+المدخلات!$B$5/1440)-1,12)+1)&":"&TEXT(MINUTE(المدخلات!$B$4+(7-1)*المدخلات!$B$7/1440+المدخلات!$B$5/1440),"00")&" م" -> 5:30–5:45 م | C38: 4 ضد 6
B39: =(MOD(HOUR(المدخلات!$B$4+(8-1)*المدخلات!$B$7/1440)-1,12)+1)&":"&TEXT(MINUTE(المدخلات!$B$4+(8-1)*المدخلات!$B$7/1440),"00")&"–"&(MOD(HOUR(المدخلات!$B$4+(8-1)*المدخلات!$B$7/1440+المدخلات!$B$5/1440)-1,12)+1)&":"&TEXT(MINUTE(المدخلات!$B$4+(8-1)*المدخلات!$B$7/1440+المدخلات!$B$5/1440),"00")&" م" -> 5:45–6:00 م | C39: 7 ضد 10 | D39: 8 ضد 11 | E39: 3 ضد 9
B40: =(MOD(HOUR(المدخلات!$B$4+(9-1)*المدخلات!$B$7/1440)-1,12)+1)&":"&TEXT(MINUTE(المدخلات!$B$4+(9-1)*المدخلات!$B$7/1440),"00")&"–"&(MOD(HOUR(المدخلات!$B$4+(9-1)*المدخلات!$B$7/1440+المدخلات!$B$5/1440)-1,12)+1)&":"&TEXT(MINUTE(المدخلات!$B$4+(9-1)*المدخلات!$B$7/1440+المدخلات!$B$5/1440),"00")&" م" -> 6:00–6:15 م | C40: 1 ضد 2 | D40: 4 ضد 5
B41: =(MOD(HOUR(المدخلات!$B$4+(10-1)*المدخلات!$B$7/1440)-1,12)+1)&":"&TEXT(MINUTE(المدخلات!$B$4+(10-1)*المدخلات!$B$7/1440),"00")&"–"&(MOD(HOUR(المدخلات!$B$4+(10-1)*المدخلات!$B$7/1440+المدخلات!$B$5/1440)-1,12)+1)&":"&TEXT(MINUTE(المدخلات!$B$4+(10-1)*المدخلات!$B$7/1440+المدخلات!$B$5/1440),"00")&" م" -> 6:15–6:30 م | C41: 10 ضد 11 | D41: 3 ضد 8 | E41: 6 ضد 7
A42: المهرجان 5 | B42: =(MOD(HOUR(المدخلات!$B$4+(1-1)*المدخلات!$B$7/1440)-1,12)+1)&":"&TEXT(MINUTE(المدخلات!$B$4+(1-1)*المدخلات!$B$7/1440),"00")&"–"&(MOD(HOUR(المدخلات!$B$4+(1-1)*المدخلات!$B$7/1440+المدخلات!$B$5/1440)-1,12)+1)&":"&TEXT(MINUTE(المدخلات!$B$4+(1-1)*المدخلات!$B$7/1440+المدخلات!$B$5/1440),"00")&" م" -> 4:00–4:15 م | C42: 1 ضد 4 | G42: =COUNTA(C42:F51) -> 22
B43: =(MOD(HOUR(المدخلات!$B$4+(2-1)*المدخلات!$B$7/1440)-1,12)+1)&":"&TEXT(MINUTE(المدخلات!$B$4+(2-1)*المدخلات!$B$7/1440),"00")&"–"&(MOD(HOUR(المدخلات!$B$4+(2-1)*المدخلات!$B$7/1440+المدخلات!$B$5/1440)-1,12)+1)&":"&TEXT(MINUTE(المدخلات!$B$4+(2-1)*المدخلات!$B$7/1440+المدخلات!$B$5/1440),"00")&" م" -> 4:15–4:30 م | C43: 5 ضد 8 | D43: 3 ضد 6
B44: =(MOD(HOUR(المدخلات!$B$4+(3-1)*المدخلات!$B$7/1440)-1,12)+1)&":"&TEXT(MINUTE(المدخلات!$B$4+(3-1)*المدخلات!$B$7/1440),"00")&"–"&(MOD(HOUR(المدخلات!$B$4+(3-1)*المدخلات!$B$7/1440+المدخلات!$B$5/1440)-1,12)+1)&":"&TEXT(MINUTE(المدخلات!$B$4+(3-1)*المدخلات!$B$7/1440+المدخلات!$B$5/1440),"00")&" م" -> 4:30–4:45 م | C44: 2 ضد 10 | D44: 4 ضد 7
B45: =(MOD(HOUR(المدخلات!$B$4+(4-1)*المدخلات!$B$7/1440)-1,12)+1)&":"&TEXT(MINUTE(المدخلات!$B$4+(4-1)*المدخلات!$B$7/1440),"00")&"–"&(MOD(HOUR(المدخلات!$B$4+(4-1)*المدخلات!$B$7/1440+المدخلات!$B$5/1440)-1,12)+1)&":"&TEXT(MINUTE(المدخلات!$B$4+(4-1)*المدخلات!$B$7/1440+المدخلات!$B$5/1440),"00")&" م" -> 4:45–5:00 م | C45: 1 ضد 5 | D45: 8 ضد 9 | E45: 6 ضد 11
B46: =(MOD(HOUR(المدخلات!$B$4+(5-1)*المدخلات!$B$7/1440)-1,12)+1)&":"&TEXT(MINUTE(المدخلات!$B$4+(5-1)*المدخلات!$B$7/1440),"00")&"–"&(MOD(HOUR(المدخلات!$B$4+(5-1)*المدخلات!$B$7/1440+المدخلات!$B$5/1440)-1,12)+1)&":"&TEXT(MINUTE(المدخلات!$B$4+(5-1)*المدخلات!$B$7/1440+المدخلات!$B$5/1440),"00")&" م" -> 5:00–5:15 م | C46: 2 ضد 3
B47: =(MOD(HOUR(المدخلات!$B$4+(6-1)*المدخلات!$B$7/1440)-1,12)+1)&":"&TEXT(MINUTE(المدخلات!$B$4+(6-1)*المدخلات!$B$7/1440),"00")&"–"&(MOD(HOUR(المدخلات!$B$4+(6-1)*المدخلات!$B$7/1440+المدخلات!$B$5/1440)-1,12)+1)&":"&TEXT(MINUTE(المدخلات!$B$4+(6-1)*المدخلات!$B$7/1440+المدخلات!$B$5/1440),"00")&" م" -> 5:15–5:30 م | C47: 7 ضد 11 | D47: 4 ضد 9 | E47: 8 ضد 10 | F47: 1 ضد 6
B48: =(MOD(HOUR(المدخلات!$B$4+(7-1)*المدخلات!$B$7/1440)-1,12)+1)&":"&TEXT(MINUTE(المدخلات!$B$4+(7-1)*المدخلات!$B$7/1440),"00")&"–"&(MOD(HOUR(المدخلات!$B$4+(7-1)*المدخلات!$B$7/1440+المدخلات!$B$5/1440)-1,12)+1)&":"&TEXT(MINUTE(المدخلات!$B$4+(7-1)*المدخلات!$B$7/1440+المدخلات!$B$5/1440),"00")&" م" -> 5:30–5:45 م | C48: 2 ضد 5
B49: =(MOD(HOUR(المدخلات!$B$4+(8-1)*المدخلات!$B$7/1440)-1,12)+1)&":"&TEXT(MINUTE(المدخلات!$B$4+(8-1)*المدخلات!$B$7/1440),"00")&"–"&(MOD(HOUR(المدخلات!$B$4+(8-1)*المدخلات!$B$7/1440+المدخلات!$B$5/1440)-1,12)+1)&":"&TEXT(MINUTE(المدخلات!$B$4+(8-1)*المدخلات!$B$7/1440+المدخلات!$B$5/1440),"00")&" م" -> 5:45–6:00 م | C49: 7 ضد 8 | D49: 9 ضد 11 | E49: 6 ضد 10 | F49: 1 ضد 3
B50: =(MOD(HOUR(المدخلات!$B$4+(9-1)*المدخلات!$B$7/1440)-1,12)+1)&":"&TEXT(MINUTE(المدخلات!$B$4+(9-1)*المدخلات!$B$7/1440),"00")&"–"&(MOD(HOUR(المدخلات!$B$4+(9-1)*المدخلات!$B$7/1440+المدخلات!$B$5/1440)-1,12)+1)&":"&TEXT(MINUTE(المدخلات!$B$4+(9-1)*المدخلات!$B$7/1440+المدخلات!$B$5/1440),"00")&" م" -> 6:00–6:15 م | C50: 2 ضد 4
B51: =(MOD(HOUR(المدخلات!$B$4+(10-1)*المدخلات!$B$7/1440)-1,12)+1)&":"&TEXT(MINUTE(المدخلات!$B$4+(10-1)*المدخلات!$B$7/1440),"00")&"–"&(MOD(HOUR(المدخلات!$B$4+(10-1)*المدخلات!$B$7/1440+المدخلات!$B$5/1440)-1,12)+1)&":"&TEXT(MINUTE(المدخلات!$B$4+(10-1)*المدخلات!$B$7/1440+المدخلات!$B$5/1440),"00")&" م" -> 6:15–6:30 م | C51: 5 ضد 11 | D51: 9 ضد 10 | E51: 3 ضد 7
A52: المهرجان 6 | B52: =(MOD(HOUR(المدخلات!$B$4+(1-1)*المدخلات!$B$7/1440)-1,12)+1)&":"&TEXT(MINUTE(المدخلات!$B$4+(1-1)*المدخلات!$B$7/1440),"00")&"–"&(MOD(HOUR(المدخلات!$B$4+(1-1)*المدخلات!$B$7/1440+المدخلات!$B$5/1440)-1,12)+1)&":"&TEXT(MINUTE(المدخلات!$B$4+(1-1)*المدخلات!$B$7/1440+المدخلات!$B$5/1440),"00")&" م" -> 4:00–4:15 م | C52: 3 ضد 8 | G52: =COUNTA(C52:F61) -> 22
B53: =(MOD(HOUR(المدخلات!$B$4+(2-1)*المدخلات!$B$7/1440)-1,12)+1)&":"&TEXT(MINUTE(المدخلات!$B$4+(2-1)*المدخلات!$B$7/1440),"00")&"–"&(MOD(HOUR(المدخلات!$B$4+(2-1)*المدخلات!$B$7/1440+المدخلات!$B$5/1440)-1,12)+1)&":"&TEXT(MINUTE(المدخلات!$B$4+(2-1)*المدخلات!$B$7/1440+المدخلات!$B$5/1440),"00")&" م" -> 4:15–4:30 م | C53: 6 ضد 7 | D53: 10 ضد 11 | E53: 1 ضد 2
B54: =(MOD(HOUR(المدخلات!$B$4+(3-1)*المدخلات!$B$7/1440)-1,12)+1)&":"&TEXT(MINUTE(المدخلات!$B$4+(3-1)*المدخلات!$B$7/1440),"00")&"–"&(MOD(HOUR(المدخلات!$B$4+(3-1)*المدخلات!$B$7/1440+المدخلات!$B$5/1440)-1,12)+1)&":"&TEXT(MINUTE(المدخلات!$B$4+(3-1)*المدخلات!$B$7/1440+المدخلات!$B$5/1440),"00")&" م" -> 4:30–4:45 م | C54: 5 ضد 8
B55: =(MOD(HOUR(المدخلات!$B$4+(4-1)*المدخلات!$B$7/1440)-1,12)+1)&":"&TEXT(MINUTE(المدخلات!$B$4+(4-1)*المدخلات!$B$7/1440),"00")&"–"&(MOD(HOUR(المدخلات!$B$4+(4-1)*المدخلات!$B$7/1440+المدخلات!$B$5/1440)-1,12)+1)&":"&TEXT(MINUTE(المدخلات!$B$4+(4-1)*المدخلات!$B$7/1440+المدخلات!$B$5/1440),"00")&" م" -> 4:45–5:00 م | C55: 3 ضد 9 | D55: 2 ضد 10 | E55: 4 ضد 11 | F55: 1 ضد 6
B56: =(MOD(HOUR(المدخلات!$B$4+(5-1)*المدخلات!$B$7/1440)-1,12)+1)&":"&TEXT(MINUTE(المدخلات!$B$4+(5-1)*المدخلات!$B$7/1440),"00")&"–"&(MOD(HOUR(المدخلات!$B$4+(5-1)*المدخلات!$B$7/1440+المدخلات!$B$5/1440)-1,12)+1)&":"&TEXT(MINUTE(المدخلات!$B$4+(5-1)*المدخلات!$B$7/1440+المدخلات!$B$5/1440),"00")&" م" -> 5:00–5:15 م | C56: 7 ضد 8
B57: =(MOD(HOUR(المدخلات!$B$4+(6-1)*المدخلات!$B$7/1440)-1,12)+1)&":"&TEXT(MINUTE(المدخلات!$B$4+(6-1)*المدخلات!$B$7/1440),"00")&"–"&(MOD(HOUR(المدخلات!$B$4+(6-1)*المدخلات!$B$7/1440+المدخلات!$B$5/1440)-1,12)+1)&":"&TEXT(MINUTE(المدخلات!$B$4+(6-1)*المدخلات!$B$7/1440+المدخلات!$B$5/1440),"00")&" م" -> 5:15–5:30 م | C57: 4 ضد 9 | D57: 3 ضد 6 | E57: 5 ضد 11 | F57: 1 ضد 10
B58: =(MOD(HOUR(المدخلات!$B$4+(7-1)*المدخلات!$B$7/1440)-1,12)+1)&":"&TEXT(MINUTE(المدخلات!$B$4+(7-1)*المدخلات!$B$7/1440),"00")&"–"&(MOD(HOUR(المدخلات!$B$4+(7-1)*المدخلات!$B$7/1440+المدخلات!$B$5/1440)-1,12)+1)&":"&TEXT(MINUTE(المدخلات!$B$4+(7-1)*المدخلات!$B$7/1440+المدخلات!$B$5/1440),"00")&" م" -> 5:30–5:45 م | C58: 2 ضد 8
B59: =(MOD(HOUR(المدخلات!$B$4+(8-1)*المدخلات!$B$7/1440)-1,12)+1)&":"&TEXT(MINUTE(المدخلات!$B$4+(8-1)*المدخلات!$B$7/1440),"00")&"–"&(MOD(HOUR(المدخلات!$B$4+(8-1)*المدخلات!$B$7/1440+المدخلات!$B$5/1440)-1,12)+1)&":"&TEXT(MINUTE(المدخلات!$B$4+(8-1)*المدخلات!$B$7/1440+المدخلات!$B$5/1440),"00")&" م" -> 5:45–6:00 م | C59: 3 ضد 10 | D59: 4 ضد 5 | E59: 7 ضد 9
B60: =(MOD(HOUR(المدخلات!$B$4+(9-1)*المدخلات!$B$7/1440)-1,12)+1)&":"&TEXT(MINUTE(المدخلات!$B$4+(9-1)*المدخلات!$B$7/1440),"00")&"–"&(MOD(HOUR(المدخلات!$B$4+(9-1)*المدخلات!$B$7/1440+المدخلات!$B$5/1440)-1,12)+1)&":"&TEXT(MINUTE(المدخلات!$B$4+(9-1)*المدخلات!$B$7/1440+المدخلات!$B$5/1440),"00")&" م" -> 6:00–6:15 م | C60: 2 ضد 6 | D60: 1 ضد 11
B61: =(MOD(HOUR(المدخلات!$B$4+(10-1)*المدخلات!$B$7/1440)-1,12)+1)&":"&TEXT(MINUTE(المدخلات!$B$4+(10-1)*المدخلات!$B$7/1440),"00")&"–"&(MOD(HOUR(المدخلات!$B$4+(10-1)*المدخلات!$B$7/1440+المدخلات!$B$5/1440)-1,12)+1)&":"&TEXT(MINUTE(المدخلات!$B$4+(10-1)*المدخلات!$B$7/1440+المدخلات!$B$5/1440),"00")&" م" -> 6:15–6:30 م | C61: 4 ضد 7 | D61: 5 ضد 9
A62: المهرجان 7 | B62: =(MOD(HOUR(المدخلات!$B$4+(1-1)*المدخلات!$B$7/1440)-1,12)+1)&":"&TEXT(MINUTE(المدخلات!$B$4+(1-1)*المدخلات!$B$7/1440),"00")&"–"&(MOD(HOUR(المدخلات!$B$4+(1-1)*المدخلات!$B$7/1440+المدخلات!$B$5/1440)-1,12)+1)&":"&TEXT(MINUTE(المدخلات!$B$4+(1-1)*المدخلات!$B$7/1440+المدخلات!$B$5/1440),"00")&" م" -> 4:00–4:15 م | C62: 9 ضد 10 | G62: =COUNTA(C62:F75) -> 33
B63: =(MOD(HOUR(المدخلات!$B$4+(2-1)*المدخلات!$B$7/1440)-1,12)+1)&":"&TEXT(MINUTE(المدخلات!$B$4+(2-1)*المدخلات!$B$7/1440),"00")&"–"&(MOD(HOUR(المدخلات!$B$4+(2-1)*المدخلات!$B$7/1440+المدخلات!$B$5/1440)-1,12)+1)&":"&TEXT(MINUTE(المدخلات!$B$4+(2-1)*المدخلات!$B$7/1440+المدخلات!$B$5/1440),"00")&" م" -> 4:15–4:30 م | C63: 4 ضد 6 | D63: 1 ضد 8
B64: =(MOD(HOUR(المدخلات!$B$4+(3-1)*المدخلات!$B$7/1440)-1,12)+1)&":"&TEXT(MINUTE(المدخلات!$B$4+(3-1)*المدخلات!$B$7/1440),"00")&"–"&(MOD(HOUR(المدخلات!$B$4+(3-1)*المدخلات!$B$7/1440+المدخلات!$B$5/1440)-1,12)+1)&":"&TEXT(MINUTE(المدخلات!$B$4+(3-1)*المدخلات!$B$7/1440+المدخلات!$B$5/1440),"00")&" م" -> 4:30–4:45 م | C64: 2 ضد 3 | D64: 7 ضد 10
B65: =(MOD(HOUR(المدخلات!$B$4+(4-1)*المدخلات!$B$7/1440)-1,12)+1)&":"&TEXT(MINUTE(المدخلات!$B$4+(4-1)*المدخلات!$B$7/1440),"00")&"–"&(MOD(HOUR(المدخلات!$B$4+(4-1)*المدخلات!$B$7/1440+المدخلات!$B$5/1440)-1,12)+1)&":"&TEXT(MINUTE(المدخلات!$B$4+(4-1)*المدخلات!$B$7/1440+المدخلات!$B$5/1440),"00")&" م" -> 4:45–5:00 م | C65: 6 ضد 9 | D65: 1 ضد 5 | E65: 8 ضد 11
B66: =(MOD(HOUR(المدخلات!$B$4+(5-1)*المدخلات!$B$7/1440)-1,12)+1)&":"&TEXT(MINUTE(المدخلات!$B$4+(5-1)*المدخلات!$B$7/1440),"00")&"–"&(MOD(HOUR(المدخلات!$B$4+(5-1)*المدخلات!$B$7/1440+المدخلات!$B$5/1440)-1,12)+1)&":"&TEXT(MINUTE(المدخلات!$B$4+(5-1)*المدخلات!$B$7/1440+المدخلات!$B$5/1440),"00")&" م" -> 5:00–5:15 م | C66: 2 ضد 4
B67: =(MOD(HOUR(المدخلات!$B$4+(6-1)*المدخلات!$B$7/1440)-1,12)+1)&":"&TEXT(MINUTE(المدخلات!$B$4+(6-1)*المدخلات!$B$7/1440),"00")&"–"&(MOD(HOUR(المدخلات!$B$4+(6-1)*المدخلات!$B$7/1440+المدخلات!$B$5/1440)-1,12)+1)&":"&TEXT(MINUTE(المدخلات!$B$4+(6-1)*المدخلات!$B$7/1440+المدخلات!$B$5/1440),"00")&" م" -> 5:15–5:30 م | C67: 3 ضد 5 | D67: 9 ضد 11 | E67: 1 ضد 7 | F67: 6 ضد 10
B68: =(MOD(HOUR(المدخلات!$B$4+(7-1)*المدخلات!$B$7/1440)-1,12)+1)&":"&TEXT(MINUTE(المدخلات!$B$4+(7-1)*المدخلات!$B$7/1440),"00")&"–"&(MOD(HOUR(المدخلات!$B$4+(7-1)*المدخلات!$B$7/1440+المدخلات!$B$5/1440)-1,12)+1)&":"&TEXT(MINUTE(المدخلات!$B$4+(7-1)*المدخلات!$B$7/1440+المدخلات!$B$5/1440),"00")&" م" -> 5:30–5:45 م | C68: 4 ضد 8
B69: =(MOD(HOUR(المدخلات!$B$4+(8-1)*المدخلات!$B$7/1440)-1,12)+1)&":"&TEXT(MINUTE(المدخلات!$B$4+(8-1)*المدخلات!$B$7/1440),"00")&"–"&(MOD(HOUR(المدخلات!$B$4+(8-1)*المدخلات!$B$7/1440+المدخلات!$B$5/1440)-1,12)+1)&":"&TEXT(MINUTE(المدخلات!$B$4+(8-1)*المدخلات!$B$7/1440+المدخلات!$B$5/1440),"00")&" م" -> 5:45–6:00 م | C69: 6 ضد 11 | D69: 5 ضد 10 | E69: 1 ضد 3 | F69: 2 ضد 7
B70: =(MOD(HOUR(المدخلات!$B$4+(9-1)*المدخلات!$B$7/1440)-1,12)+1)&":"&TEXT(MINUTE(المدخلات!$B$4+(9-1)*المدخلات!$B$7/1440),"00")&"–"&(MOD(HOUR(المدخلات!$B$4+(9-1)*المدخلات!$B$7/1440+المدخلات!$B$5/1440)-1,12)+1)&":"&TEXT(MINUTE(المدخلات!$B$4+(9-1)*المدخلات!$B$7/1440+المدخلات!$B$5/1440),"00")&" م" -> 6:00–6:15 م | C70: 8 ضد 9
