Workbook
Name الحد_الأدنى: [1]المدخلات!$N$3

Sheet أسماء المجموعات
B2: تحت 14 | C2: مجموعة نجران | D2: 1 | E2: نجران | F2: 5
B3: تحت 5 | C3: مجموعة طبرجل | D3: 1 | E3: طبرجل | F3: 5
B4: تحت 7 | C4: مجموعة طبرجل | D4: 1 | E4: طبرجل | F4: 5
B5: تحت 9 | C5: مجموعة الخرج | D5: 1 | E5: الخرج | F5: 5
B6: تحت 12 | C6: مجموعة طبرجل | D6: 1 | E6: طبرجل | F6: 5
B7: تحت 14 | C7: مجموعة طبرجل | D7: 1 | E7: طبرجل | F7: 5
B8: تحت 7 | C8: مجموعة شرورة | D8: 1 | E8: شرورة | F8: 5
B9: تحت 9 | C9: مجموعة شرورة | D9: 1 | E9: شرورة | F9: 5
B10: تحت 9 | C10: مجموعة الدوادمي | D10: 1 | E10: الدوادمي | F10: 5
B11: تحت 11 | C11: مجموعة القريات | D11: 1 | E11: القريات | F11: 5
B12: تحت 12 | C12: مجموعة القريات | D12: 1 | E12: القريات | F12: 5
B13: تحت 13 | C13: مجموعة القريات | D13: 1 | E13: القريات | F13: 5
... B185: تحت 12 | C185: مجموعة جدة | D185: 1 | E185: جدة | F185: 56

Sheet المدخلات
A1: المدخلات
A3: البند | B3: القيمة
A4: وقت بداية اليوم | B4: 0.66666667
A5: مدة المباراة (دقيقة) — ثابت | B5: 15
A6: الحد الأقصى لعدد المهرجانات في الموسم — ثابت | B6: 7
A7: ملاعب مصغّرة داخل الملعب القانوني — ثابت | B7: 4
A8: مستهدف مباريات الفريق في الموسم (حد أعلى) — ثابت | B8: 28
A9: مباريات الفريق في المهرجان الواحد — ثابت | B9: 4
A10: عدد الحكام لكل ملعب مصغّر — ثابت | B10: 1

Sheet المبادئ
A1: مبادئ بناء جداول المجموعات (من 5 إلى 22 فريقاً)
A3: # | B3: المبدأ | C3: الشرح
A4: 1 | B4: لا يلعب الفريق مباراتين ورا بعض | C4: القاعدة الأهم: لا يلعب أي فريق مباراتين متتاليتين أبدًا؛ بين مباراتيه فترة راحة كاملة على الأقل (15 دقيقة)، والتتابع صفر في جميع البطولات. ولا توجد راحة 45 دقيقة (ولا أطول) في أي جدول — الصفر في كل الجداول. المجموعات الزوجية (6 و8، ومجموعتا 12 (6+6) و16 (8+8)، ومجموعة الستة في 13، ومجموعة الثمانية في 15 و17) راحتها 15 دقيقة فقط. أما المجموعات الفردية (5 و7 و9 و11، ومجموعة السبعة في 13 و15، ومجموعة التسعة في 17، ومجموعتا الأحد عشر في 22) فلا يمكن رياضيًا أن تكون راحتها كلها 15 دقيقة، لأن فريقًا واحدًا على الأقل يجلس في كل فترة؛ فتُوزَّع مباريات الفرق على فترات متناوبة، ويحصل بعض الفرق على راحة 30 دقيقة مرة واحدة أو أكثر في اليوم بدل 45 دقيقة، وهي أقل قيمة ممكنة (6 راحات من 30 دقيقة في اليوم لكل مجموعة فردية، و7 في مجموعة 5 فرق).
A5: 2 | B5: طول اليوم وعدد الفترات | C5: المجموعة ذات العدد الزوجي: 7 فترات (4 فترات لعب + 3 استراحات)، وجميع فرقها تلعب في كل فترة لعب. المجموعة ذات العدد الفردي: 9 فترات (10 فترات في مجموعة 5 فرق)، يلعب في كل فترة بعض الفرق ويجلس الباقي، ويلعب كل فريق 4 مباريات في اليوم. والمهرجان الأخير وحده يختلف طوله تبعًا لمبارياته: 9 فترات لمجموعة الستة (5 مباريات بعد دمج المباراة الزائدة) في 6 و12 و13.
A6: 3 | B6: عدالة عدد المباريات | C6: 4 مباريات لكل فريق في كل مهرجان، وكل فرق المجموعة الواحدة تلعب العدد نفسه في اليوم وفي الموسم، ولا يستريح أي فريق مهرجانًا كاملًا. وإذا بقيت مباراة واحدة للفريق في مهرجان مستقل، دُمجت مع المهرجان الذي قبله. فالمهرجان الأخير وحده قد يختلف: 5 مباريات لكل فريق في مجموعة الستة (6 و12 و13)؛ أما في 15 و17 فتلعب المجموعة الفردية (السبعة في 15، والتسعة في 17) 4 مباريات في كل مهرجان بما فيها الأخير، مثل المجموعة الزوجية معها، فيصل عدد مباريات كل فريق إلى 28 في الموسم؛ وفي المهرجان الأخير يبدأ دور جديد جزئي بعد اكتمال الأدوار الكاملة، دون تكرار أي لقاء داخل المهرجان الواحد. وعدد المهرجانات واحد لكل المجموعات داخل البطولة الواحدة.
A7: 4 | B7: عدالة المواجهات (تساوٍ تام) | C7: يُختار عدد الأدوار بأكبر قيمة يبقى معها (الأدوار × عدد الخصوم) أقل من أو يساوي 28 مباراة: 5 فرق ← 7 أدوار × 4 = 28؛ 6 فرق ← 5 أدوار × 5 = 25؛ 7 فرق ← 4 × 6 = 24؛ 8 فرق ← 4 × 7 = 28؛ 9 فرق ← 3 × 8 = 24؛ 11 فريقًا ← 2 × 10 = 20.
A8: 5 | B8: تقسيم المجموعات عند الأعداد الكبيرة | C8: لكل مجموعة ملعب قانوني واحد (4 ملاعب مصغّرة)، وعدد الملاعب القانونية في البطولة لا يزيد على عدد مجموعاتها. لذلك تُقسّم الفرق التي تحتاج مجموعتها أكثر من 4 ملاعب مصغّرة إلى مجموعات فرعية بحيث يقترب ناتج (الأدوار × عدد الخصوم) من 28 مباراة دون تجاوزها، ولا تقل المجموعة عن 6 فرق، ويُفضل العدد الزوجي لإلغاء راحة 45 دقيقة. التقسيم المعتمد: 12 = 6 + 6، و13 = 6 + 7، و15 = 7 + 8، و16 = 8 + 8، و17 = 8 + 9، و22 = 11 + 11؛ وتبقى 5 و6 و7 و8 و9 و11 مجموعة واحدة. (الأعداد الفردية لا يمكن أن تخلو من مجموعة فردية واحدة على الأقل.)
A9: 6 | B9: اكتمال الدورة قبل التكرار | C9: يلتقي كل فريق بجميع خصومه في مجموعته مرة واحدة قبل أن يتكرر أي لقاء، ولا يتكرر لقاء الزوج نفسه داخل المهرجان الواحد إطلاقًا. وهذا متحقق في جميع المجموعات، ومنها المجموعات التي لا تنتهي فيها الدورة مع نهاية المهرجان (مجموعات 7 و11 مثلًا)، فتستمر الدورة من مهرجان إلى الذي يليه دون تكرار لأي لقاء قبل اكتمالها، مع الإبقاء على 4 مباريات لكل فريق في كل مهرجان.
A10: 7 | B10: عدالة توزيع الأوقات | C10: لا يتكرّر على فريق بعينه أن يبدأ أوّل فترة كل يوم، ولا أن ينال راحة 30 دقيقة دائمًا. في المجموعات الزوجية تلعب كل الفرق في كل فترة فالعدالة تامة تلقائيًا. وفي المجموعات الفردية تُوزَّع الراحات ذات 30 دقيقة وأوقات البدء بالتناوب على الفرق قدر الإمكان، بحيث لا يزيد الفرق بين أي فريقين في عدد مرات راحة 30 دقيقة عن مرتين في الموسم (وعن مرة واحدة في مجموعة 7 فرق)، ويُعرض عدد الراحات لكل فريق في الجداول المساعدة الملحقة بكل ورقة.

Sheet ملخص البطولات
A1: ملخص جداول المجموعات
A3: عدد الفرق | B3: عدد المجموعات | C3: توزيع الفرق في المجموعات | D3: عدد الأدوار | E3: مباريات كل فريق في الموسم | F3: عدد المهرجانات | G3: توزيع مباريات الفريق على المهرجانات | H3: وقت البداية | I3: وقت النهاية | J3: مدة اليوم | K3: عدد الملاعب (5 ضد 5) | L3: عدد الملاعب القانونية | M3: عدد البطولات
A4: 5 | B4: 1 | C4: 5 | D4: =COUNTIF('5 فرق'!$C$4:$C$73,"* ضد *")*2/5/4 -> 7 | E4: =COUNTIF('5 فرق'!$C$4:$C$73,"* ضد *")*2/5 -> 28 | F4: =COUNTIF('5 فرق'!$A$4:$A$73,"اليوم *") -> 7 | G4: ='5 فرق'!E4&" مباريات في "&COUNTIF('5 فرق'!$E$4:$E$73,'5 فرق'!E4)&" مهرجانات"&IF('5 فرق'!E64='5 فرق'!E4,"","، ثم "&'5 فرق'!E64&" مباريات في المهرجان الأخير")&" (المجموع "&E4&")" -> 4 مباريات في 7 مهرجانات (المجموع 28) | H4: =المدخلات!$B$4 -> 0.66666667 | I4: =H4+J4 -> 0.77083333 | J4: =COUNTA('5 فرق'!B4:B13)*المدخلات!$B$5/1440 -> 0.10416667 | K4: =COUNTIF('5 فرق'!$C$3:$C$3,"ملعب *") -> 1 | L4: =ROUNDUP(K4/المدخلات!$B$7,0) -> 1 | M4: 1
A5: 6 | B5: 1 | C5: 6 | D5: =COUNTIF('6 فرق'!$C$4:$E$47,"* ضد *")*2/6/5 -> 5 | E5: =COUNTIF('6 فرق'!$C$4:$E$47,"* ضد *")*2/6 -> 25 | F5: =COUNTIF('6 فرق'!$A$4:$A$47,"اليوم *") -> 6 | G5: ='6 فرق'!G4&" مباريات في "&COUNTIF('6 فرق'!$G$4:$G$47,'6 فرق'!G4)&" مهرجانات"&IF('6 فرق'!G39='6 فرق'!G4,"","، ثم "&IF('6 فرق'!G39=1,"مباراة واحدة",IF('6 فرق'!G39=2,"مباراتان",'6 فرق'!G39&" مباريات"))&" في المهرجان الأخير")&" (المجموع "&E5&")" -> 4 مباريات في 5 مهرجانات، ثم 5 مباريات في المهرجان الأخير (المجموع 25) | H5: =المدخلات!$B$4 -> 0.66666667 | I5: =H5+J5 -> 0.76041667 | J5: =COUNTA('6 فرق'!B39:B47)*المدخلات!$B$5/1440 -> 0.09375 | K5: =COUNTIF('6 فرق'!$C$3:$E$3,"ملعب *") -> 3 | L5: =ROUNDUP(K5/المدخلات!$B$7,0) -> 1 | M5: 3
A6: 7 | B6: 1 | C6: 7 | D6: =COUNTIF('7 فرق'!$C$4:$D$57,"* ضد *")*2/7/6 -> 4 | E6: =COUNTIF('7 فرق'!$C$4:$D$57,"* ضد *")*2/7 -> 24 | F6: =COUNTIF('7 فرق'!$A$4:$A$57,"اليوم *") -> 6 | G6: ='7 فرق'!F4&" مباريات في "&COUNTIF('7 فرق'!$F$4:$F$57,'7 فرق'!F4)&" مهرجانات"&IF('7 فرق'!F49='7 فرق'!F4,"","، ثم "&'7 فرق'!F49&" مباريات في المهرجان الأخير")&" (المجموع "&E6&")" -> 4 مباريات في 6 مهرجانات (المجموع 24) | H6: =المدخلات!$B$4 -> 0.66666667 | I6: =H6+J6 -> 0.76041667 | J6: =COUNTA('7 فرق'!B4:B12)*المدخلات!$B$5/1440 -> 0.09375 | K6: =COUNTIF('7 فرق'!$C$3:$D$3,"ملعب *") -> 2 | L6: =ROUNDUP(K6/المدخلات!$B$7,0) -> 1 | M6: 2
A7: 8 | B7: 1 | C7: 8 | D7: =COUNTIF('8 فرق'!$C$4:$F$52,"* ضد *")*2/8/7 -> 4 | E7: =COUNTIF('8 فرق'!$C$4:$F$52,"* ضد *")*2/8 -> 28 | F7: =COUNTIF('8 فرق'!$A$4:$A$52,"اليوم *") -> 7 | G7: ='8 فرق'!H4&" مباريات في "&COUNTIF('8 فرق'!$H$4:$H$52,'8 فرق'!H4)&" مهرجانات"&IF('8 فرق'!H46='8 فرق'!H4,"","، ثم "&IF('8 فرق'!H46=1,"مباراة واحدة",IF('8 فرق'!H46=2,"مباراتان",'8 فرق'!H46&" مباريات"))&" في المهرجان الأخير")&" (المجموع "&E7&")" -> 4 مباريات في 7 مهرجانات (المجموع 28) | H7: =المدخلات!$B$4 -> 0.66666667 | I7: =H7+J7 -> 0.73958333 | J7: =COUNTA('8 فرق'!B4:B10)*المدخلات!$B$5/1440 -> 0.072916667 | K7: =COUNTIF('8 فرق'!$C$3:$F$3,"ملعب *") -> 4 | L7: =ROUNDUP(K7/المدخلات!$B$7,0) -> 1 | M7: 3
A8: 9 | B8: 1 | C8: 9 | D8: =COUNTIF('9 فرق'!$C$4:$E$57,"* ضد *")*2/9/8 -> 3 | E8: =COUNTIF('9 فرق'!$C$4:$E$57,"* ضد *")*2/9 -> 24 | F8: =COUNTIF('9 فرق'!$A$4:$A$57,"اليوم *") -> 6 | G8: ='9 فرق'!G4&" مباريات في "&COUNTIF('9 فرق'!$G$4:$G$57,'9 فرق'!G4)&" مهرجانات"&IF('9 فرق'!G49='9 فرق'!G4,"","، ثم "&'9 فرق'!G49&" مباريات في المهرجان الأخير")&" (المجموع "&E8&")" -> 4 مباريات في 6 مهرجانات (المجموع 24) | H8: =المدخلات!$B$4 -> 0.66666667 | I8: =H8+J8 -> 0.76041667 | J8: =COUNTA('9 فرق'!B4:B12)*المدخلات!$B$5/1440 -> 0.09375 | K8: =COUNTIF('9 فرق'!$C$3:$E$3,"ملعب *") -> 3 | L8: =ROUNDUP(K8/المدخلات!$B$7,0) -> 1 | M8: 3
A9: 11 | B9: 1 | C9: 11 | D9: =COUNTIF('11 فريقًا'!$C$4:$F$48,"* ضد *")*2/11/10 -> 2 | E9: =COUNTIF('11 فريقًا'!$C$4:$F$48,"* ضد *")*2/11 -> 20 | F9: =COUNTIF('11 فريقًا'!$A$4:$A$48,"اليوم *") -> 5 | G9: ='11 فريقًا'!H4&" مباريات في "&COUNTIF('11 فريقًا'!$H$4:$H$48,'11 فريقًا'!H4)&" مهرجانات"&IF('11 فريقًا'!H40='11 فريقًا'!H4,"","، ثم "&'11 فريقًا'!H40&" مباريات في المهرجان الأخير")&" (المجموع "&E9&")" -> 4 مباريات في 5 مهرجانات (المجموع 20) | H9: =المدخلات!$B$4 -> 0.66666667 | I9: =H9+J9 -> 0.76041667 | J9: =COUNTA('11 فريقًا'!B4:B12)*المدخلات!$B$5/1440 -> 0.09375 | K9: =COUNTIF('11 فريقًا'!$C$3:$F$3,"ملعب *") -> 4 | L9: =ROUNDUP(K9/المدخلات!$B$7,0) -> 1 | M9: 1
A10: 12 | B10: 2 | C10: أ: 6 | ب: 6 | D10: =COUNTIF('12 فريقًا'!$C$4:$E$57,"* ضد *")*2/6/5&_xlfn.UNICHAR(8206)&" + "&_xlfn.UNICHAR(8206)&COUNTIF('12 فريقًا'!$F$4:$H$57,"* ضد *")*2/6/5 -> 5‎ + ‎5 | E10: =COUNTIF('12 فريقًا'!$C$4:$E$57,"* ضد *")*2/6&_xlfn.UNICHAR(8206)&" + "&_xlfn.UNICHAR(8206)&COUNTIF('12 فريقًا'!$F$4:$H$57,"* ضد *")*2/6 -> 25‎ + ‎25 | F10: =COUNTIF('12 فريقًا'!$A$4:$A$57,"اليوم *") -> 6 | G10: ="أ: "&'12 فريقًا'!J4&" مباريات في "&COUNTIF('12 فريقًا'!$J$4:$J$57,'12 فريقًا'!J4)&" مهرجانات"&IF('12 فريقًا'!J49='12 فريقًا'!J4,"","، ثم "&'12 فريقًا'!J49&" مباريات في المهرجان الأخير")&" (المجموع "&SUM('12 فريقًا'!$J$4:$J$57)&")"&" | "&"ب: "&'12 فريقًا'!K4&" مباريات في "&COUNTIF('12 فريقًا'!$K$4:$K$57,'12 فريقًا'!K4)&" مهرجانات"&IF('12 فريقًا'!K49='12 فريقًا'!K4,"","، ثم "&'12 فريقًا'!K49&" مباريات في المهرجان الأخير")&" (المجموع "&SUM('12 فريقًا'!$K$4:$K$57)&")" -> أ: 4 مباريات في 5 مهرجانات، ثم 5 مباريات في المهرجان الأخير (المجموع 25) | ب: 4 مباريات في 5 مهرجانات، ثم 5 مباريات في المهرجان الأخير (المجموع 25) | H10: =المدخلات!$B$4 -> 0.66666667 | I10: =H10+J10 -> 0.76041667 | J10: =COUNTA('12 فريقًا'!B4:B12)*المدخلات!$B$5/1440 -> 0.09375 | K10: =COUNTIF('12 فريقًا'!$C$3:$H$3,"ملعب *") -> 6 | L10: =ROUNDUP(K10/المدخلات!$B$7,0) -> 2 | M10: 2
A11: 13 | B11: 2 | C11: أ: 6 | ب: 7 | D11: =COUNTIF('13 فريقًا'!$C$4:$E$57,"* ضد *")*2/6/5&_xlfn.UNICHAR(8206)&" + "&_xlfn.UNICHAR(8206)&COUNTIF('13 فريقًا'!$F$4:$G$57,"* ضد *")*2/7/6 -> 5‎ + ‎4 | E11: =COUNTIF('13 فريقًا'!$C$4:$E$57,"* ضد *")*2/6&_xlfn.UNICHAR(8206)&" + "&_xlfn.UNICHAR(8206)&COUNTIF('13 فريقًا'!$F$4:$G$57,"* ضد *")*2/7 -> 25‎ + ‎24 | F11: =COUNTIF('13 فريقًا'!$A$4:$A$57,"اليوم *") -> 6 | G11: ="أ: "&'13 فريقًا'!I4&" مباريات في "&COUNTIF('13 فريقًا'!$I$4:$I$57,'13 فريقًا'!I4)&" مهرجانات"&IF('13 فريقًا'!I49='13 فريقًا'!I4,"","، ثم "&'13 فريقًا'!I49&" مباريات في المهرجان الأخير")&" (المجموع "&SUM('13 فريقًا'!$I$4:$I$57)&")"&" | "&"ب: "&'13 فريقًا'!J4&" مباريات في "&COUNTIF('13 فريقًا'!$J$4:$J$57,'13 فريقًا'!J4)&" مهرجانات"&IF('13 فريقًا'!J49='13 فريقًا'!J4,"","، ثم "&'13 فريقًا'!J49&" مباريات في المهرجان الأخير")&" (المجموع "&SUM('13 فريقًا'!$J$4:$J$57)&")" -> أ: 4 مباريات في 5 مهرجانات، ثم 5 مباريات في المهرجان الأخير (المجموع 25) | ب: 4 مباريات في 6 مهرجانات (المجموع 24) | H11: =المدخلات!$B$4 -> 0.66666667 | I11: =H11+J11 -> 0.76041667 | J11: =COUNTA('13 فريقًا'!B4:B12)*المدخلات!$B$5/1440 -> 0.09375 | K11: =COUNTIF('13 فريقًا'!$C$3:$G$3,"ملعب *") -> 5 | L11: =ROUNDUP(K11/المدخلات!$B$7,0) -> 2 | M11: 2
A12: 15 | B12: 2 | C12: أ: 7 | ب: 8 | D12: ="أ: "&INT(COUNTIF('15 فريقًا'!$C$4:$D$66,"* ضد *")*2/7/6)&" أدوار"&IF(MOD(COUNTIF('15 فريقًا'!$C$4:$D$66,"* ضد *")*2/7,6)=0,""," + "&MOD(COUNTIF('15 فريقًا'!$C$4:$D$66,"* ضد *")*2/7,6)&" مباريات")&" | ب: "&INT(COUNTIF('15 فريقًا'!$E$4:$H$66,"* ضد *")*2/8/7)&" أدوار"&IF(MOD(COUNTIF('15 فريقًا'!$E$4:$H$66,"* ضد *")*2/8,7)=0,""," + "&MOD(COUNTIF('15 فريقًا'!$E$4:$H$66,"* ضد *")*2/8,7)&" مباريات") -> أ: 4 أدوار + 4 مباريات | ب: 4 أدوار | E12: =COUNTIF('15 فريقًا'!$C$4:$D$66,"* ضد *")*2/7&_xlfn.UNICHAR(8206)&" + "&_xlfn.UNICHAR(8206)&COUNTIF('15 فريقًا'!$E$4:$H$66,"* ضد *")*2/8 -> 28‎ + ‎28 | F12: =COUNTIF('15 فريقًا'!$A$4:$A$66,"اليوم *") -> 7 | G12: ="أ: "&'15 فريقًا'!J4&" مباريات في "&COUNTIF('15 فريقًا'!$J$4:$J$66,'15 فريقًا'!J4)&" مهرجانات"&IF('15 فريقًا'!J58='15 فريقًا'!J4,"","، ثم "&'15 فريقًا'!J58&" مباريات في المهرجان الأخير")&" (المجموع "&SUM('15 فريقًا'!$J$4:$J$66)&")"&" | "&"ب: "&'15 فريقًا'!K4&" مباريات في "&COUNTIF('15 فريقًا'!$K$4:$K$66,'15 فريقًا'!K4)&" مهرجانات"&IF('15 فريقًا'!K58='15 فريقًا'!K4,"","، ثم "&'15 فريقًا'!K58&" مباريات في المهرجان الأخير")&" (المجموع "&SUM('15 فريقًا'!$K$4:$K$66)&")" -> أ: 4 مباريات في 7 مهرجانات (المجموع 28) | ب: 4 مباريات في 7 مهرجانات (المجموع 28) | H12: =المدخلات!$B$4 -> 0.66666667 | I12: =H12+J12 -> 0.76041667 | J12: =COUNTA('15 فريقًا'!B4:B12)*المدخلات!$B$5/1440 -> 0.09375 | K12: =COUNTIF('15 فريقًا'!$C$3:$H$3,"ملعب *") -> 6 | L12: =ROUNDUP(K12/المدخلات!$B$7,0) -> 2 | M12: 1
A13: 16 | B13: 2 | C13: أ: 8 | ب: 8 | D13: =COUNTIF('16 فريقًا'!$C$4:$F$52,"* ضد *")*2/8/7&_xlfn.UNICHAR(8206)&" + "&_xlfn.UNICHAR(8206)&COUNTIF('16 فريقًا'!$G$4:$J$52,"* ضد *")*2/8/7 -> 4‎ + ‎4 | E13: =COUNTIF('16 فريقًا'!$C$4:$F$52,"* ضد *")*2/8&_xlfn.UNICHAR(8206)&" + "&_xlfn.UNICHAR(8206)&COUNTIF('16 فريقًا'!$G$4:$J$52,"* ضد *")*2/8 -> 28‎ + ‎28 | F13: =COUNTIF('16 فريقًا'!$A$4:$A$52,"اليوم *") -> 7 | G13: ="كل مجموعة: "&'16 فريقًا'!L4&" مباريات في "&COUNTIF('16 فريقًا'!$L$4:$L$52,'16 فريقًا'!L4)&" مهرجانات (المجموع "&('16 فريقًا'!L4*COUNTIF('16 فريقًا'!$L$4:$L$52,'16 فريقًا'!L4))&" لكل فريق)" -> كل مجموعة: 4 مباريات في 7 مهرجانات (المجموع 28 لكل فريق) | H13: =المدخلات!$B$4 -> 0.66666667 | I13: =H13+J13 -> 0.73958333 | J13: =COUNTA('16 فريقًا'!B4:B10)*المدخلات!$B$5/1440 -> 0.072916667 | K13: =COUNTIF('16 فريقًا'!$C$3:$J$3,"ملعب *") -> 8 | L13: =ROUNDUP(K13/المدخلات!$B$7,0) -> 2 | M13: 1
A14: 17 | B14: 2 | C14: أ: 8 | ب: 9 | D14: ="أ: "&INT(COUNTIF('17 فريقًا'!$C$4:$F$66,"* ضد *")*2/8/7)&" أدوار"&IF(MOD(COUNTIF('17 فريقًا'!$C$4:$F$66,"* ضد *")*2/8,7)=0,""," + "&MOD(COUNTIF('17 فريقًا'!$C$4:$F$66,"* ضد *")*2/8,7)&" مباريات")&" | ب: "&INT(COUNTIF('17 فريقًا'!$G$4:$J$66,"* ضد *")*2/9/8)&" أدوار"&IF(MOD(COUNTIF('17 فريقًا'!$G$4:$J$66,"* ضد *")*2/9,8)=0,""," + "&MOD(COUNTIF('17 فريقًا'!$G$4:$J$66,"* ضد *")*2/9,8)&" مباريات") -> أ: 4 أدوار | ب: 3 أدوار + 4 مباريات | E14: =COUNTIF('17 فريقًا'!$C$4:$F$66,"* ضد *")*2/8&_xlfn.UNICHAR(8206)&" + "&_xlfn.UNICHAR(8206)&COUNTIF('17 فريقًا'!$G$4:$J$66,"* ضد *")*2/9 -> 28‎ + ‎28 | F14: =COUNTIF('17 فريقًا'!$A$4:$A$66,"اليوم *") -> 7 | G14: ="أ: "&'17 فريقًا'!L4&" مباريات في "&COUNTIF('17 فريقًا'!$L$4:$L$66,'17 فريقًا'!L4)&" مهرجانات"&IF('17 فريقًا'!L58='17 فريقًا'!L4,"","، ثم "&'17 فريقًا'!L58&" مباريات في المهرجان الأخير")&" (المجموع "&SUM('17 فريقًا'!$L$4:$L$66)&")"&" | "&"ب: "&'17 فريقًا'!M4&" مباريات في "&COUNTIF('17 فريقًا'!$M$4:$M$66,'17 فريقًا'!M4)&" مهرجانات"&IF('17 فريقًا'!M58='17 فريقًا'!M4,"","، ثم "&'17 فريقًا'!M58&" مباريات في المهرجان الأخير")&" (المجموع "&SUM('17 فريقًا'!$M$4:$M$66)&")" -> أ: 4 مباريات في 7 مهرجانات (المجموع 28) | ب: 4 مباريات في 7 مهرجانات (المجموع 28) | H14: =المدخلات!$B$4 -> 0.66666667 | I14: =H14+J14 -> 0.76041667 | J14: =COUNTA('17 فريقًا'!B4:B12)*المدخلات!$B$5/1440 -> 0.09375 | K14: =COUNTIF('17 فريقًا'!$C$3:$J$3,"ملعب *") -> 8 | L14: =ROUNDUP(K14/المدخلات!$B$7,0) -> 2 | M14: 1
A15: 22 | B15: 2 | C15: أ: 11 | ب: 11 | D15: =COUNTIF('22 فريقًا'!$C$4:$F$48,"* ضد *")*2/11/10&_xlfn.UNICHAR(8206)&" + "&_xlfn.UNICHAR(8206)&COUNTIF('22 فريقًا'!$G$4:$J$48,"* ضد *")*2/11/10 -> 2‎ + ‎2 | E15: =COUNTIF('22 فريقًا'!$C$4:$F$48,"* ضد *")*2/11&_xlfn.UNICHAR(8206)&" + "&_xlfn.UNICHAR(8206)&COUNTIF('22 فريقًا'!$G$4:$J$48,"* ضد *")*2/11 -> 20‎ + ‎20 | F15: =COUNTIF('22 فريقًا'!$A$4:$A$48,"اليوم *") -> 5 | G15: ="أ: "&'22 فريقًا'!L4&" مباريات في "&COUNTIF('22 فريقًا'!$L$4:$L$48,'22 فريقًا'!L4)&" مهرجانات"&IF('22 فريقًا'!L40='22 فريقًا'!L4,"","، ثم "&'22 فريقًا'!L40&" مباريات في المهرجان الأخير")&" (المجموع "&SUM('22 فريقًا'!$L$4:$L$48)&")"&" | "&"ب: "&'22 فريقًا'!M4&" مباريات في "&COUNTIF('22 فريقًا'!$M$4:$M$48,'22 فريقًا'!M4)&" مهرجانات"&IF('22 فريقًا'!M40='22 فريقًا'!M4,"","، ثم "&'22 فريقًا'!M40&" مباريات في المهرجان الأخير")&" (المجموع "&SUM('22 فريقًا'!$M$4:$M$48)&")" -> أ: 4 مباريات في 5 مهرجانات (المجموع 20) | ب: 4 مباريات في 5 مهرجانات (المجموع 20) | H15: =المدخلات!$B$4 -> 0.66666667 | I15: =H15+J15 -> 0.76041667 | J15: =COUNTA('22 فريقًا'!B4:B12)*المدخلات!$B$5/1440 -> 0.09375 | K15: =COUNTIF('22 فريقًا'!$C$3:$J$3,"ملعب *") -> 8 | L15: =ROUNDUP(K15/المدخلات!$B$7,0) -> 2 | M15: 1
A16: إجمالي عدد البطولات | M16: =SUM(M4:M15) -> 21
A18: توزيع فترات الراحة بين مباراتي الفريق في المهرجان الواحد
A19: عدد الفرق | B19: راحة 15 دقيقة | C19: راحة 30 دقيقة | D19: راحة 45 دقيقة | E19: إجمالي فترات الراحة | F19: نسبة الراحة القصيرة
A20: 5 | B20: ='5 فرق'!L9 -> 56 | C20: ='5 فرق'!M9 -> 49 | D20: ='5 فرق'!N9 -> 0 | E20: =B20+C20+D20 -> 105 | F20: =B20/E20 -> 0.53333333
A21: 6 | B21: 114 | C21: 0 | D21: 0 | E21: =B21+C21+D21 -> 114 | F21: =B21/E21 -> 1
A22: 7 | B22: ='7 فرق'!M11 -> 90 | C22: ='7 فرق'!N11 -> 36 | D22: ='7 فرق'!O11 -> 0 | E22: =B22+C22+D22 -> 126 | F22: =B22/E22 -> 0.71428571
A23: 8 | B23: 168 | C23: 0 | D23: 0 | E23: =B23+C23+D23 -> 168 | F23: =B23/E23 -> 1
A24: 9 | B24: ='9 فرق'!N13 -> 126 | C24: ='9 فرق'!O13 -> 36 | D24: ='9 فرق'!P13 -> 0 | E24: =B24+C24+D24 -> 162 | F24: =B24/E24 -> 0.77777778
A25: 11 | B25: ='11 فريقًا'!O15 -> 135 | C25: ='11 فريقًا'!P15 -> 30 | D25: ='11 فريقًا'!Q15 -> 0 | E25: =B25+C25+D25 -> 165 | F25: =B25/E25 -> 0.81818182
A26: 12 | B26: ='12 فريقًا'!R16 -> 228 | C26: ='12 فريقًا'!S16 -> 0 | D26: ='12 فريقًا'!T16 -> 0 | E26: =B26+C26+D26 -> 228 | F26: =B26/E26 -> 1
A27: 13 | B27: ='13 فريقًا'!Q17 -> 204 | C27: ='13 فريقًا'!R17 -> 36 | D27: ='13 فريقًا'!S17 -> 0 | E27: =B27+C27+D27 -> 240 | F27: =B27/E27 -> 0.85
A28: 15 | B28: ='15 فريقًا'!R19 -> 273 | C28: ='15 فريقًا'!S19 -> 42 | D28: ='15 فريقًا'!T19 -> 0 | E28: =B28+C28+D28 -> 315 | F28: =B28/E28 -> 0.86666667
A29: 16 | B29: =(COUNTIF('16 فريقًا'!$C$4:$J$52,"* ضد *")*2/A29-F13)*A29 -> 336 | C29: 0 | D29: 0 | E29: =B29+C29+D29 -> 336 | F29: =B29/E29 -> 1
A30: 17 | B30: ='17 فريقًا'!U21 -> 307 | C30: ='17 فريقًا'!V21 -> 50 | D30: ='17 فريقًا'!W21 -> 0 | E30: =B30+C30+D30 -> 357 | F30: =B30/E30 -> 0.85994398
A31: 22 | B31: ='22 فريقًا'!T26 -> 270 | C31: ='22 فريقًا'!U26 -> 60 | D31: ='22 فريقًا'!V26 -> 0 | E31: =B31+C31+D31 -> 330 | F31: =B31/E31 -> 0.81818182
A34: عدد الملاعب اللازمة لتحت 5 (كل البطولات الـ 21)
A35: أكبر عدد ملاعب قانونية تحتاجه بطولة واحدة | F35: =MAX(L4:L15) -> 2
A36: الملاعب المصغّرة إذا أُقيمت كل البطولات في وقت واحد | F36: =SUMPRODUCT(K4:K15,M4:M15) -> 91
A37: الملاعب القانونية إذا أُقيمت كل البطولات في وقت واحد (لكل بطولة ما تحتاجه) | F37: =SUMPRODUCT(L4:L15,M4:M15) -> 29
A38: الملاعب القانونية إذا رُتّبت الملاعب المصغّرة بلا هدر | F38: =ROUNDUP(F36/المدخلات!$B$7,0) -> 23

Sheet ملخص المجموعات
A1: المجموعات المعتمدة في فئة تحت 5 — الفرق والملاعب والمباريات
A3: عدد الفرق في المجموعة | B3: مباريات كل فريق في اليوم | C3: مباريات المجموعة في اليوم | D3: إجمالي فترات اليوم (مع الاستراحات) | E3: فترات اللعب في اليوم | F3: أقل عدد ملاعب مصغّرة بحساب السعة | G3: نوع المجموعة | H3: أقصى مباريات مسموحة (فترة لعب للزوجية / فترتان متتاليتان للفردية) | I3: عدد الملاعب المصغّرة المطلوبة | J3: لماذا هذا العدد من الملاعب؟
A4: ='ملخص البطولات'!A4 -> 5 | B4: =المدخلات!$B$9 -> 4 | C4: =A4*B4/2 -> 10 | D4: =MATCH("اليوم 2",'5 فرق'!$A:$A,0)-MATCH("اليوم 1",'5 فرق'!$A:$A,0) -> 10 | E4: =IF(G4="زوجية",(D4+1)/2,D4) -> 10 | F4: =ROUNDUP(C4/E4,0) -> 1 | G4: =IF(MOD(A4,2)=0,"زوجية","فردية") -> فردية | H4: =IF(G4="زوجية",A4/2,INT(A4/2)) -> 2 | I4: ='ملخص البطولات'!K4 -> 1 | J4: =IF(G4="زوجية","كل الفرق الـ "&A4&" تلعب في كل فترة لعب ("&H4&" مباريات متزامنة، كل مباراة على ملعب) ثم تأتي فترة استراحة قبل التالية، فالمطلوب "&I4&" ملاعب.","لا يلعب فريق مباراتين متتاليتين، فمجموع المباريات في أي فترتين متتاليتين لا يزيد على "&H4&"؛ ولتوزيع مباريات اليوم ("&C4&") على "&E4&" فترات لعب يكفي حسابيًا عدد ملاعب = "&F4&IF(I4>F4,"، لكن الجدول يتناوب في بعض الأيام بين فترات فيها مباريات أكثر وأقل، فتبلغ الذروة "&I4&" ملاعب.","، وهذا ما تستخدمه المجموعة.")) -> لا يلعب فريق مباراتين متتاليتين، فمجموع المباريات في أي فترتين متتاليتين لا يزيد على 2؛ ولتوزيع مباريات اليوم (10) على 10 فترات لعب يكفي حسابيًا عدد ملاعب = 1، وهذا ما تستخدمه المجموعة.
A5: ='ملخص البطولات'!A5 -> 6 | B5: =المدخلات!$B$9 -> 4 | C5: =A5*B5/2 -> 12 | D5: =MATCH("اليوم 2",'6 فرق'!$A:$A,0)-MATCH("اليوم 1",'6 فرق'!$A:$A,0) -> 7 | E5: =IF(G5="زوجية",(D5+1)/2,D5) -> 4 | F5: =ROUNDUP(C5/E5,0) -> 3 | G5: =IF(MOD(A5,2)=0,"زوجية","فردية") -> زوجية | H5: =IF(G5="زوجية",A5/2,INT(A5/2)) -> 3 | I5: ='ملخص البطولات'!K5 -> 3 | J5: =IF(G5="زوجية","كل الفرق الـ "&A5&" تلعب في كل فترة لعب ("&H5&" مباريات متزامنة، كل مباراة على ملعب) ثم تأتي فترة استراحة قبل التالية، فالمطلوب "&I5&" ملاعب.","لا يلعب فريق مباراتين متتاليتين، فمجموع المباريات في أي فترتين متتاليتين لا يزيد على "&H5&"؛ ولتوزيع مباريات اليوم ("&C5&") على "&E5&" فترات لعب يكفي حسابيًا عدد ملاعب = "&F5&IF(I5>F5,"، لكن الجدول يتناوب في بعض الأيام بين فترات فيها مباريات أكثر وأقل، فتبلغ الذروة "&I5&" ملاعب.","، وهذا ما تستخدمه المجموعة.")) -> كل الفرق الـ 6 تلعب في كل فترة لعب (3 مباريات متزامنة، كل مباراة على ملعب) ثم تأتي فترة استراحة قبل التالية، فالمطلوب 3 ملاعب.
A6: ='ملخص البطولات'!A6 -> 7 | B6: =المدخلات!$B$9 -> 4 | C6: =A6*B6/2 -> 14 | D6: =MATCH("اليوم 2",'7 فرق'!$A:$A,0)-MATCH("اليوم 1",'7 فرق'!$A:$A,0) -> 9 | E6: =IF(G6="زوجية",(D6+1)/2,D6) -> 9 | F6: =ROUNDUP(C6/E6,0) -> 2 | G6: =IF(MOD(A6,2)=0,"زوجية","فردية") -> فردية | H6: =IF(G6="زوجية",A6/2,INT(A6/2)) -> 3 | I6: ='ملخص البطولات'!K6 -> 2 | J6: =IF(G6="زوجية","كل الفرق الـ "&A6&" تلعب في كل فترة لعب ("&H6&" مباريات متزامنة، كل مباراة على ملعب) ثم تأتي فترة استراحة قبل التالية، فالمطلوب "&I6&" ملاعب.","لا يلعب فريق مباراتين متتاليتين، فمجموع المباريات في أي فترتين متتاليتين لا يزيد على "&H6&"؛ ولتوزيع مباريات اليوم ("&C6&") على "&E6&" فترات لعب يكفي حسابيًا عدد ملاعب = "&F6&IF(I6>F6,"، لكن الجدول يتناوب في بعض الأيام بين فترات فيها مباريات أكثر وأقل، فتبلغ الذروة "&I6&" ملاعب.","، وهذا ما تستخدمه المجموعة.")) -> لا يلعب فريق مباراتين متتاليتين، فمجموع المباريات في أي فترتين متتاليتين لا يزيد على 3؛ ولتوزيع مباريات اليوم (14) على 9 فترات لعب يكفي حسابيًا عدد ملاعب = 2، وهذا ما تستخدمه المجموعة.
A7: ='ملخص البطولات'!A7 -> 8 | B7: =المدخلات!$B$9 -> 4 | C7: =A7*B7/2 -> 16 | D7: =MATCH("اليوم 2",'8 فرق'!$A:$A,0)-MATCH("اليوم 1",'8 فرق'!$A:$A,0) -> 7 | E7: =IF(G7="زوجية",(D7+1)/2,D7) -> 4 | F7: =ROUNDUP(C7/E7,0) -> 4 | G7: =IF(MOD(A7,2)=0,"زوجية","فردية") -> زوجية | H7: =IF(G7="زوجية",A7/2,INT(A7/2)) -> 4 | I7: ='ملخص البطولات'!K7 -> 4 | J7: =IF(G7="زوجية","كل الفرق الـ "&A7&" تلعب في كل فترة لعب ("&H7&" مباريات متزامنة، كل مباراة على ملعب) ثم تأتي فترة استراحة قبل التالية، فالمطلوب "&I7&" ملاعب.","لا يلعب فريق مباراتين متتاليتين، فمجموع المباريات في أي فترتين متتاليتين لا يزيد على "&H7&"؛ ولتوزيع مباريات اليوم ("&C7&") على "&E7&" فترات لعب يكفي حسابيًا عدد ملاعب = "&F7&IF(I7>F7,"، لكن الجدول يتناوب في بعض الأيام بين فترات فيها مباريات أكثر وأقل، فتبلغ الذروة "&I7&" ملاعب.","، وهذا ما تستخدمه المجموعة.")) -> كل الفرق الـ 8 تلعب في كل فترة لعب (4 مباريات متزامنة، كل مباراة على ملعب) ثم تأتي فترة استراحة قبل التالية، فالمطلوب 4 ملاعب.
A8: ='ملخص البطولات'!A8 -> 9 | B8: =المدخلات!$B$9 -> 4 | C8: =A8*B8/2 -> 18 | D8: =MATCH("اليوم 2",'9 فرق'!$A:$A,0)-MATCH("اليوم 1",'9 فرق'!$A:$A,0) -> 9 | E8: =IF(G8="زوجية",(D8+1)/2,D8) -> 9 | F8: =ROUNDUP(C8/E8,0) -> 2 | G8: =IF(MOD(A8,2)=0,"زوجية","فردية") -> فردية | H8: =IF(G8="زوجية",A8/2,INT(A8/2)) -> 4 | I8: ='ملخص البطولات'!K8 -> 3 | J8: =IF(G8="زوجية","كل الفرق الـ "&A8&" تلعب في كل فترة لعب ("&H8&" مباريات متزامنة، كل مباراة على ملعب) ثم تأتي فترة استراحة قبل التالية، فالمطلوب "&I8&" ملاعب.","لا يلعب فريق مباراتين متتاليتين، فمجموع المباريات في أي فترتين متتاليتين لا يزيد على "&H8&"؛ ولتوزيع مباريات اليوم ("&C8&") على "&E8&" فترات لعب يكفي حسابيًا عدد ملاعب = "&F8&IF(I8>F8,"، لكن الجدول يتناوب في بعض الأيام بين فترات فيها مباريات أكثر وأقل، فتبلغ الذروة "&I8&" ملاعب.","، وهذا ما تستخدمه المجموعة.")) -> لا يلعب فريق مباراتين متتاليتين، فمجموع المباريات في أي فترتين متتاليتين لا يزيد على 4؛ ولتوزيع مباريات اليوم (18) على 9 فترات لعب يكفي حسابيًا عدد ملاعب = 2، لكن الجدول يتناوب في بعض الأيام بين فترات فيها مباريات أكثر وأقل، فتبلغ الذروة 3 ملاعب.
A9: ='ملخص البطولات'!A9 -> 11 | B9: =المدخلات!$B$9 -> 4 | C9: =A9*B9/2 -> 22 | D9: =MATCH("اليوم 2",'11 فريقًا'!$A:$A,0)-MATCH("اليوم 1",'11 فريقًا'!$A:$A,0) -> 9 | E9: =IF(G9="زوجية",(D9+1)/2,D9) -> 9 | F9: =ROUNDUP(C9/E9,0) -> 3 | G9: =IF(MOD(A9,2)=0,"زوجية","فردية") -> فردية | H9: =IF(G9="زوجية",A9/2,INT(A9/2)) -> 5 | I9: ='ملخص البطولات'!K9 -> 4 | J9: =IF(G9="زوجية","كل الفرق الـ "&A9&" تلعب في كل فترة لعب ("&H9&" مباريات متزامنة، كل مباراة على ملعب) ثم تأتي فترة استراحة قبل التالية، فالمطلوب "&I9&" ملاعب.","لا يلعب فريق مباراتين متتاليتين، فمجموع المباريات في أي فترتين متتاليتين لا يزيد على "&H9&"؛ ولتوزيع مباريات اليوم ("&C9&") على "&E9&" فترات لعب يكفي حسابيًا عدد ملاعب = "&F9&IF(I9>F9,"، لكن الجدول يتناوب في بعض الأيام بين فترات فيها مباريات أكثر وأقل، فتبلغ الذروة "&I9&" ملاعب.","، وهذا ما تستخدمه المجموعة.")) -> لا يلعب فريق مباراتين متتاليتين، فمجموع المباريات في أي فترتين متتاليتين لا يزيد على 5؛ ولتوزيع مباريات اليوم (22) على 9 فترات لعب يكفي حسابيًا عدد ملاعب = 3، لكن الجدول يتناوب في بعض الأيام بين فترات فيها مباريات أكثر وأقل، فتبلغ الذروة 4 ملاعب.
A11: ملاحظة: مجموعة الستة تلعب في مهرجانها الأخير 5 مباريات لكل فريق (15 مباراة في اليوم) بنفس الملاعب الثلاثة؛ الأرقام أعلاه تخص اليوم العادي (4 مباريات لكل فريق).
A12: الملعب المصغّر = ربع الملعب القانوني (5 ضد 5)، ومدة المباراة 15 دقيقة.

Sheet 5 فرق
A1: جدول مباريات المجموعات التي فيها 5 فرق
A3: اليوم | B3: الوقت | C3: ملعب 1 | D3: مجموع مباريات اليوم | E3: مباريات كل فريق في اليوم | G3: لاعبو الفترة (عمود مساعد) | I3: الفريق | J3: عدد مبارياته | K3: مباريات متتالية | L3: راحة 15 دقيقة | M3: راحة 30 دقيقة | N3: راحة أطول من 30
A4: اليوم 1 | B4: =MOD(HOUR((المدخلات!$B$4+0*المدخلات!$B$5/1440))-1,12)+1&":"&TEXT(MINUTE((المدخلات!$B$4+0*المدخلات!$B$5/1440)),"00")&"–"&MOD(HOUR((المدخلات!$B$4+0*المدخلات!$B$5/1440+المدخلات!$B$5/1440))-1,12)+1&":"&TEXT(MINUTE((المدخلات!$B$4+0*المدخلات!$B$5/1440+المدخلات!$B$5/1440)),"00")&IF(HOUR((المدخلات!$B$4+0*المدخلات!$B$5/1440))<12," ص"," م") -> 4:00–4:15 م | C4: 3 ضد 5 | D4: =COUNTIF(C4:C13,"* ضد *") -> 10 | E4: =COUNTIF(C4:C13,"* ضد *")*2/5 -> 4 | G4: =_xlfn.TEXTJOIN(" ",TRUE,C4:C4) -> 3 ضد 5 | I4: 1 | J4: {=SUMPRODUCT(--ISNUMBER(SEARCH(" "&$I4&" "," "&G$4:G$73&" ")))} -> 28 | K4: {=SUMPRODUCT(--ISNUMBER(SEARCH(" "&$I4&" "," "&G$4:G$72&" ")),--ISNUMBER(SEARCH(" "&$I4&" "," "&G$5:G$73&" ")),--(MOD(ROW(G$4:G$72)-4,$J$10)<=$J$10-2))} -> 0 | L4: {=SUMPRODUCT(--ISNUMBER(SEARCH(" "&$I4&" "," "&G$4:G$71&" ")),--ISNUMBER(SEARCH(" "&$I4&" "," "&G$6:G$73&" ")),--(MOD(ROW(G$4:G$71)-4,$J$10)<=$J$10-3))} -> 11 | M4: {=SUMPRODUCT(--ISNUMBER(SEARCH(" "&$I4&" "," "&G$4:G$70&" ")),--ISNUMBER(SEARCH(" "&$I4&" "," "&G$7:G$73&" ")),--(MOD(ROW(G$4:G$70)-4,$J$10)<=$J$10-4))} -> 10 | N4: =J4*3/4-K4-L4-M4 -> 0
B5: =MOD(HOUR((المدخلات!$B$4+1*المدخلات!$B$5/1440))-1,12)+1&":"&TEXT(MINUTE((المدخلات!$B$4+1*المدخلات!$B$5/1440)),"00")&"–"&MOD(HOUR((المدخلات!$B$4+1*المدخلات!$B$5/1440+المدخلات!$B$5/1440))-1,12)+1&":"&TEXT(MINUTE((المدخلات!$B$4+1*المدخلات!$B$5/1440+المدخلات!$B$5/1440)),"00")&IF(HOUR((المدخلات!$B$4+1*المدخلات!$B$5/1440))<12," ص"," م") -> 4:15–4:30 م | C5: 1 ضد 2 | G5: =_xlfn.TEXTJOIN(" ",TRUE,C5:C5) -> 1 ضد 2 | I5: 2 | J5: {=SUMPRODUCT(--ISNUMBER(SEARCH(" "&$I5&" "," "&G$4:G$73&" ")))} -> 28 | K5: {=SUMPRODUCT(--ISNUMBER(SEARCH(" "&$I5&" "," "&G$4:G$72&" ")),--ISNUMBER(SEARCH(" "&$I5&" "," "&G$5:G$73&" ")),--(MOD(ROW(G$4:G$72)-4,$J$10)<=$J$10-2))} -> 0 | L5: {=SUMPRODUCT(--ISNUMBER(SEARCH(" "&$I5&" "," "&G$4:G$71&" ")),--ISNUMBER(SEARCH(" "&$I5&" "," "&G$6:G$73&" ")),--(MOD(ROW(G$4:G$71)-4,$J$10)<=$J$10-3))} -> 10 | M5: {=SUMPRODUCT(--ISNUMBER(SEARCH(" "&$I5&" "," "&G$4:G$70&" ")),--ISNUMBER(SEARCH(" "&$I5&" "," "&G$7:G$73&" ")),--(MOD(ROW(G$4:G$70)-4,$J$10)<=$J$10-4))} -> 11 | N5: =J5*3/4-K5-L5-M5 -> 0
B6: =MOD(HOUR((المدخلات!$B$4+2*المدخلات!$B$5/1440))-1,12)+1&":"&TEXT(MINUTE((المدخلات!$B$4+2*المدخلات!$B$5/1440)),"00")&"–"&MOD(HOUR((المدخلات!$B$4+2*المدخلات!$B$5/1440+المدخلات!$B$5/1440))-1,12)+1&":"&TEXT(MINUTE((المدخلات!$B$4+2*المدخلات!$B$5/1440+المدخلات!$B$5/1440)),"00")&IF(HOUR((المدخلات!$B$4+2*المدخلات!$B$5/1440))<12," ص"," م") -> 4:30–4:45 م | C6: 4 ضد 5 | G6: =_xlfn.TEXTJOIN(" ",TRUE,C6:C6) -> 4 ضد 5 | I6: 3 | J6: {=SUMPRODUCT(--ISNUMBER(SEARCH(" "&$I6&" "," "&G$4:G$73&" ")))} -> 28 | K6: {=SUMPRODUCT(--ISNUMBER(SEARCH(" "&$I6&" "," "&G$4:G$72&" ")),--ISNUMBER(SEARCH(" "&$I6&" "," "&G$5:G$73&" ")),--(MOD(ROW(G$4:G$72)-4,$J$10)<=$J$10-2))} -> 0 | L6: {=SUMPRODUCT(--ISNUMBER(SEARCH(" "&$I6&" "," "&G$4:G$71&" ")),--ISNUMBER(SEARCH(" "&$I6&" "," "&G$6:G$73&" ")),--(MOD(ROW(G$4:G$71)-4,$J$10)<=$J$10-3))} -> 12 | M6: {=SUMPRODUCT(--ISNUMBER(SEARCH(" "&$I6&" "," "&G$4:G$70&" ")),--ISNUMBER(SEARCH(" "&$I6&" "," "&G$7:G$73&" ")),--(MOD(ROW(G$4:G$70)-4,$J$10)<=$J$10-4))} -> 9 | N6: =J6*3/4-K6-L6-M6 -> 0
B7: =MOD(HOUR((المدخلات!$B$4+3*المدخلات!$B$5/1440))-1,12)+1&":"&TEXT(MINUTE((المدخلات!$B$4+3*المدخلات!$B$5/1440)),"00")&"–"&MOD(HOUR((المدخلات!$B$4+3*المدخلات!$B$5/1440+المدخلات!$B$5/1440))-1,12)+1&":"&TEXT(MINUTE((المدخلات!$B$4+3*المدخلات!$B$5/1440+المدخلات!$B$5/1440)),"00")&IF(HOUR((المدخلات!$B$4+3*المدخلات!$B$5/1440))<12," ص"," م") -> 4:45–5:00 م | C7: 2 ضد 3 | G7: =_xlfn.TEXTJOIN(" ",TRUE,C7:C7) -> 2 ضد 3 | I7: 4 | J7: {=SUMPRODUCT(--ISNUMBER(SEARCH(" "&$I7&" "," "&G$4:G$73&" ")))} -> 28 | K7: {=SUMPRODUCT(--ISNUMBER(SEARCH(" "&$I7&" "," "&G$4:G$72&" ")),--ISNUMBER(SEARCH(" "&$I7&" "," "&G$5:G$73&" ")),--(MOD(ROW(G$4:G$72)-4,$J$10)<=$J$10-2))} -> 0 | L7: {=SUMPRODUCT(--ISNUMBER(SEARCH(" "&$I7&" "," "&G$4:G$71&" ")),--ISNUMBER(SEARCH(" "&$I7&" "," "&G$6:G$73&" ")),--(MOD(ROW(G$4:G$71)-4,$J$10)<=$J$10-3))} -> 11 | M7: {=SUMPRODUCT(--ISNUMBER(SEARCH(" "&$I7&" "," "&G$4:G$70&" ")),--ISNUMBER(SEARCH(" "&$I7&" "," "&G$7:G$73&" ")),--(MOD(ROW(G$4:G$70)-4,$J$10)<=$J$10-4))} -> 10 | N7: =J7*3/4-K7-L7-M7 -> 0
B8: =MOD(HOUR((المدخلات!$B$4+4*المدخلات!$B$5/1440))-1,12)+1&":"&TEXT(MINUTE((المدخلات!$B$4+4*المدخلات!$B$5/1440)),"00")&"–"&MOD(HOUR((المدخلات!$B$4+4*المدخلات!$B$5/1440+المدخلات!$B$5/1440))-1,12)+1&":"&TEXT(MINUTE((المدخلات!$B$4+4*المدخلات!$B$5/1440+المدخلات!$B$5/1440)),"00")&IF(HOUR((المدخلات!$B$4+4*المدخلات!$B$5/1440))<12," ص"," م") -> 5:00–5:15 م | C8: 1 ضد 4 | G8: =_xlfn.TEXTJOIN(" ",TRUE,C8:C8) -> 1 ضد 4 | I8: 5 | J8: {=SUMPRODUCT(--ISNUMBER(SEARCH(" "&$I8&" "," "&G$4:G$73&" ")))} -> 28 | K8: {=SUMPRODUCT(--ISNUMBER(SEARCH(" "&$I8&" "," "&G$4:G$72&" ")),--ISNUMBER(SEARCH(" "&$I8&" "," "&G$5:G$73&" ")),--(MOD(ROW(G$4:G$72)-4,$J$10)<=$J$10-2))} -> 0 | L8: {=SUMPRODUCT(--ISNUMBER(SEARCH(" "&$I8&" "," "&G$4:G$71&" ")),--ISNUMBER(SEARCH(" "&$I8&" "," "&G$6:G$73&" ")),--(MOD(ROW(G$4:G$71)-4,$J$10)<=$J$10-3))} -> 12 | M8: {=SUMPRODUCT(--ISNUMBER(SEARCH(" "&$I8&" "," "&G$4:G$70&" ")),--ISNUMBER(SEARCH(" "&$I8&" "," "&G$7:G$73&" ")),--(MOD(ROW(G$4:G$70)-4,$J$10)<=$J$10-4))} -> 9 | N8: =J8*3/4-K8-L8-M8 -> 0
B9: =MOD(HOUR((المدخلات!$B$4+5*المدخلات!$B$5/1440))-1,12)+1&":"&TEXT(MINUTE((المدخلات!$B$4+5*المدخلات!$B$5/1440)),"00")&"–"&MOD(HOUR((المدخلات!$B$4+5*المدخلات!$B$5/1440+المدخلات!$B$5/1440))-1,12)+1&":"&TEXT(MINUTE((المدخلات!$B$4+5*المدخلات!$B$5/1440+المدخلات!$B$5/1440)),"00")&IF(HOUR((المدخلات!$B$4+5*المدخلات!$B$5/1440))<12," ص"," م") -> 5:15–5:30 م | C9: 2 ضد 5 | G9: =_xlfn.TEXTJOIN(" ",TRUE,C9:C9) -> 2 ضد 5 | I9: المجموع | J9: =SUM(J4:J8) -> 140 | K9: =SUM(K4:K8) -> 0 | L9: =SUM(L4:L8) -> 56 | M9: =SUM(M4:M8) -> 49 | N9: =SUM(N4:N8) -> 0
B10: =MOD(HOUR((المدخلات!$B$4+6*المدخلات!$B$5/1440))-1,12)+1&":"&TEXT(MINUTE((المدخلات!$B$4+6*المدخلات!$B$5/1440)),"00")&"–"&MOD(HOUR((المدخلات!$B$4+6*المدخلات!$B$5/1440+المدخلات!$B$5/1440))-1,12)+1&":"&TEXT(MINUTE((المدخلات!$B$4+6*المدخلات!$B$5/1440+المدخلات!$B$5/1440)),"00")&IF(HOUR((المدخلات!$B$4+6*المدخلات!$B$5/1440))<12," ص"," م") -> 5:30–5:45 م | C10: 3 ضد 4 | G10: =_xlfn.TEXTJOIN(" ",TRUE,C10:C10) -> 3 ضد 4 | I10: فترات اليوم | J10: =COUNTA($B$4:$B$73)/COUNTIF($A$4:$A$73,"اليوم *") -> 10
B11: =MOD(HOUR((المدخلات!$B$4+7*المدخلات!$B$5/1440))-1,12)+1&":"&TEXT(MINUTE((المدخلات!$B$4+7*المدخلات!$B$5/1440)),"00")&"–"&MOD(HOUR((المدخلات!$B$4+7*المدخلات!$B$5/1440+المدخلات!$B$5/1440))-1,12)+1&":"&TEXT(MINUTE((المدخلات!$B$4+7*المدخلات!$B$5/1440+المدخلات!$B$5/1440)),"00")&IF(HOUR((المدخلات!$B$4+7*المدخلات!$B$5/1440))<12," ص"," م") -> 5:45–6:00 م | C11: 1 ضد 5 | G11: =_xlfn.TEXTJOIN(" ",TRUE,C11:C11) -> 1 ضد 5
B12: =MOD(HOUR((المدخلات!$B$4+8*المدخلات!$B$5/1440))-1,12)+1&":"&TEXT(MINUTE((المدخلات!$B$4+8*المدخلات!$B$5/1440)),"00")&"–"&MOD(HOUR((المدخلات!$B$4+8*المدخلات!$B$5/1440+المدخلات!$B$5/1440))-1,12)+1&":"&TEXT(MINUTE((المدخلات!$B$4+8*المدخلات!$B$5/1440+المدخلات!$B$5/1440)),"00")&IF(HOUR((المدخلات!$B$4+8*المدخلات!$B$5/1440))<12," ص"," م") -> 6:00–6:15 م | C12: 2 ضد 4 | G12: =_xlfn.TEXTJOIN(" ",TRUE,C12:C12) -> 2 ضد 4
B13: =MOD(HOUR((المدخلات!$B$4+9*المدخلات!$B$5/1440))-1,12)+1&":"&TEXT(MINUTE((المدخلات!$B$4+9*المدخلات!$B$5/1440)),"00")&"–"&MOD(HOUR((المدخلات!$B$4+9*المدخلات!$B$5/1440+المدخلات!$B$5/1440))-1,12)+1&":"&TEXT(MINUTE((المدخلات!$B$4+9*المدخلات!$B$5/1440+المدخلات!$B$5/1440)),"00")&IF(HOUR((المدخلات!$B$4+9*المدخلات!$B$5/1440))<12," ص"," م") -> 6:15–6:30 م | C13: 1 ضد 3 | G13: =_xlfn.TEXTJOIN(" ",TRUE,C13:C13) -> 1 ضد 3
A14: اليوم 2 | B14: =MOD(HOUR((المدخلات!$B$4+0*المدخلات!$B$5/1440))-1,12)+1&":"&TEXT(MINUTE((المدخلات!$B$4+0*المدخلات!$B$5/1440)),"00")&"–"&MOD(HOUR((المدخلات!$B$4+0*المدخلات!$B$5/1440+المدخلات!$B$5/1440))-1,12)+1&":"&TEXT(MINUTE((المدخلات!$B$4+0*المدخلات!$B$5/1440+المدخلات!$B$5/1440)),"00")&IF(HOUR((المدخلات!$B$4+0*المدخلات!$B$5/1440))<12," ص"," م") -> 4:00–4:15 م | C14: 1 ضد 4 | D14: =COUNTIF(C14:C23,"* ضد *") -> 10 | E14: =COUNTIF(C14:C23,"* ضد *")*2/5 -> 4 | G14: =_xlfn.TEXTJOIN(" ",TRUE,C14:C14) -> 1 ضد 4
B15: =MOD(HOUR((المدخلات!$B$4+1*المدخلات!$B$5/1440))-1,12)+1&":"&TEXT(MINUTE((المدخلات!$B$4+1*المدخلات!$B$5/1440)),"00")&"–"&MOD(HOUR((المدخلات!$B$4+1*المدخلات!$B$5/1440+المدخلات!$B$5/1440))-1,12)+1&":"&TEXT(MINUTE((المدخلات!$B$4+1*المدخلات!$B$5/1440+المدخلات!$B$5/1440)),"00")&IF(HOUR((المدخلات!$B$4+1*المدخلات!$B$5/1440))<12," ص"," م") -> 4:15–4:30 م | C15: 2 ضد 5 | G15: =_xlfn.TEXTJOIN(" ",TRUE,C15:C15) -> 2 ضد 5
B16: =MOD(HOUR((المدخلات!$B$4+2*المدخلات!$B$5/1440))-1,12)+1&":"&TEXT(MINUTE((المدخلات!$B$4+2*المدخلات!$B$5/1440)),"00")&"–"&MOD(HOUR((المدخلات!$B$4+2*المدخلات!$B$5/1440+المدخلات!$B$5/1440))-1,12)+1&":"&TEXT(MINUTE((المدخلات!$B$4+2*المدخلات!$B$5/1440+المدخلات!$B$5/1440)),"00")&IF(HOUR((المدخلات!$B$4+2*المدخلات!$B$5/1440))<12," ص"," م") -> 4:30–4:45 م | C16: 1 ضد 3 | G16: =_xlfn.TEXTJOIN(" ",TRUE,C16:C16) -> 1 ضد 3
B17: =MOD(HOUR((المدخلات!$B$4+3*المدخلات!$B$5/1440))-1,12)+1&":"&TEXT(MINUTE((المدخلات!$B$4+3*المدخلات!$B$5/1440)),"00")&"–"&MOD(HOUR((المدخلات!$B$4+3*المدخلات!$B$5/1440+المدخلات!$B$5/1440))-1,12)+1&":"&TEXT(MINUTE((المدخلات!$B$4+3*المدخلات!$B$5/1440+المدخلات!$B$5/1440)),"00")&IF(HOUR((المدخلات!$B$4+3*المدخلات!$B$5/1440))<12," ص"," م") -> 4:45–5:00 م | C17: 4 ضد 5 | G17: =_xlfn.TEXTJOIN(" ",TRUE,C17:C17) -> 4 ضد 5
B18: =MOD(HOUR((المدخلات!$B$4+4*المدخلات!$B$5/1440))-1,12)+1&":"&TEXT(MINUTE((المدخلات!$B$4+4*المدخلات!$B$5/1440)),"00")&"–"&MOD(HOUR((المدخلات!$B$4+4*المدخلات!$B$5/1440+المدخلات!$B$5/1440))-1,12)+1&":"&TEXT(MINUTE((المدخلات!$B$4+4*المدخلات!$B$5/1440+المدخلات!$B$5/1440)),"00")&IF(HOUR((المدخلات!$B$4+4*المدخلات!$B$5/1440))<12," ص"," م") -> 5:00–5:15 م | C18: 2 ضد 3 | G18: =_xlfn.TEXTJOIN(" ",TRUE,C18:C18) -> 2 ضد 3
B19: =MOD(HOUR((المدخلات!$B$4+5*المدخلات!$B$5/1440))-1,12)+1&":"&TEXT(MINUTE((المدخلات!$B$4+5*المدخلات!$B$5/1440)),"00")&"–"&MOD(HOUR((المدخلات!$B$4+5*المدخلات!$B$5/1440+المدخلات!$B$5/1440))-1,12)+1&":"&TEXT(MINUTE((المدخلات!$B$4+5*المدخلات!$B$5/1440+المدخلات!$B$5/1440)),"00")&IF(HOUR((المدخلات!$B$4+5*المدخلات!$B$5/1440))<12," ص"," م") -> 5:15–5:30 م | C19: 1 ضد 5 | G19: =_xlfn.TEXTJOIN(" ",TRUE,C19:C19) -> 1 ضد 5
B20: =MOD(HOUR((المدخلات!$B$4+6*المدخلات!$B$5/1440))-1,12)+1&":"&TEXT(MINUTE((المدخلات!$B$4+6*المدخلات!$B$5/1440)),"00")&"–"&MOD(HOUR((المدخلات!$B$4+6*المدخلات!$B$5/1440+المدخلات!$B$5/1440))-1,12)+1&":"&TEXT(MINUTE((المدخلات!$B$4+6*المدخلات!$B$5/1440+المدخلات!$B$5/1440)),"00")&IF(HOUR((المدخلات!$B$4+6*المدخلات!$B$5/1440))<12," ص"," م") -> 5:30–5:45 م | C20: 3 ضد 4 | G20: =_xlfn.TEXTJOIN(" ",TRUE,C20:C20) -> 3 ضد 4
B21: =MOD(HOUR((المدخلات!$B$4+7*المدخلات!$B$5/1440))-1,12)+1&":"&TEXT(MINUTE((المدخلات!$B$4+7*المدخلات!$B$5/1440)),"00")&"–"&MOD(HOUR((المدخلات!$B$4+7*المدخلات!$B$5/1440+المدخلات!$B$5/1440))-1,12)+1&":"&TEXT(MINUTE((المدخلات!$B$4+7*المدخلات!$B$5/1440+المدخلات!$B$5/1440)),"00")&IF(HOUR((المدخلات!$B$4+7*المدخلات!$B$5/1440))<12," ص"," م") -> 5:45–6:00 م | C21: 1 ضد 2 | G21: =_xlfn.TEXTJOIN(" ",TRUE,C21:C21) -> 1 ضد 2
B22: =MOD(HOUR((المدخلات!$B$4+8*المدخلات!$B$5/1440))-1,12)+1&":"&TEXT(MINUTE((المدخلات!$B$4+8*المدخلات!$B$5/1440)),"00")&"–"&MOD(HOUR((المدخلات!$B$4+8*المدخلات!$B$5/1440+المدخلات!$B$5/1440))-1,12)+1&":"&TEXT(MINUTE((المدخلات!$B$4+8*المدخلات!$B$5/1440+المدخلات!$B$5/1440)),"00")&IF(HOUR((المدخلات!$B$4+8*المدخلات!$B$5/1440))<12," ص"," م") -> 6:00–6:15 م | C22: 3 ضد 5 | G22: =_xlfn.TEXTJOIN(" ",TRUE,C22:C22) -> 3 ضد 5
B23: =MOD(HOUR((المدخلات!$B$4+9*المدخلات!$B$5/1440))-1,12)+1&":"&TEXT(MINUTE((المدخلات!$B$4+9*المدخلات!$B$5/1440)),"00")&"–"&MOD(HOUR((المدخلات!$B$4+9*المدخلات!$B$5/1440+المدخلات!$B$5/1440))-1,12)+1&":"&TEXT(MINUTE((المدخلات!$B$4+9*المدخلات!$B$5/1440+المدخلات!$B$5/1440)),"00")&IF(HOUR((المدخلات!$B$4+9*المدخلات!$B$5/1440))<12," ص"," م") -> 6:15–6:30 م | C23: 2 ضد 4 | G23: =_xlfn.TEXTJOIN(" ",TRUE,C23:C23) -> 2 ضد 4
A24: اليوم 3 | B24: =MOD(HOUR((المدخلات!$B$4+0*المدخلات!$B$5/1440))-1,12)+1&":"&TEXT(MINUTE((المدخلات!$B$4+0*المدخلات!$B$5/1440)),"00")&"–"&MOD(HOUR((المدخلات!$B$4+0*المدخلات!$B$5/1440+المدخلات!$B$5/1440))-1,12)+1&":"&TEXT(MINUTE((المدخلات!$B$4+0*المدخلات!$B$5/1440+المدخلات!$B$5/1440)),"00")&IF(HOUR((المدخلات!$B$4+0*المدخلات!$B$5/1440))<12," ص"," م") -> 4:00–4:15 م | C24: 2 ضد 5 | D24: =COUNTIF(C24:C33,"* ضد *") -> 10 | E24: =COUNTIF(C24:C33,"* ضد *")*2/5 -> 4 | G24: =_xlfn.TEXTJOIN(" ",TRUE,C24:C24) -> 2 ضد 5
B25: =MOD(HOUR((المدخلات!$B$4+1*المدخلات!$B$5/1440))-1,12)+1&":"&TEXT(MINUTE((المدخلات!$B$4+1*المدخلات!$B$5/1440)),"00")&"–"&MOD(HOUR((المدخلات!$B$4+1*المدخلات!$B$5/1440+المدخلات!$B$5/1440))-1,12)+1&":"&TEXT(MINUTE((المدخلات!$B$4+1*المدخلات!$B$5/1440+المدخلات!$B$5/1440)),"00")&IF(HOUR((المدخلات!$B$4+1*المدخلات!$B$5/1440))<12," ص"," م") -> 4:15–4:30 م | C25: 1 ضد 4 | G25: =_xlfn.TEXTJOIN(" ",TRUE,C25:C25) -> 1 ضد 4
B26: =MOD(HOUR((المدخلات!$B$4+2*المدخلات!$B$5/1440))-1,12)+1&":"&TEXT(MINUTE((المدخلات!$B$4+2*المدخلات!$B$5/1440)),"00")&"–"&MOD(HOUR((المدخلات!$B$4+2*المدخلات!$B$5/1440+المدخلات!$B$5/1440))-1,12)+1&":"&TEXT(MINUTE((المدخلات!$B$4+2*المدخلات!$B$5/1440+المدخلات!$B$5/1440)),"00")&IF(HOUR((المدخلات!$B$4+2*المدخلات!$B$5/1440))<12," ص"," م") -> 4:30–4:45 م | C26: 2 ضد 3 | G26: =_xlfn.TEXTJOIN(" ",TRUE,C26:C26) -> 2 ضد 3
B27: =MOD(HOUR((المدخلات!$B$4+3*المدخلات!$B$5/1440))-1,12)+1&":"&TEXT(MINUTE((المدخلات!$B$4+3*المدخلات!$B$5/1440)),"00")&"–"&MOD(HOUR((المدخلات!$B$4+3*المدخلات!$B$5/1440+المدخلات!$B$5/1440))-1,12)+1&":"&TEXT(MINUTE((المدخلات!$B$4+3*المدخلات!$B$5/1440+المدخلات!$B$5/1440)),"00")&IF(HOUR((المدخلات!$B$4+3*المدخلات!$B$5/1440))<12," ص"," م") -> 4:45–5:00 م | C27: 4 ضد 5 | G27: =_xlfn.TEXTJOIN(" ",TRUE,C27:C27) -> 4 ضد 5
B28: =MOD(HOUR((المدخلات!$B$4+4*المدخلات!$B$5/1440))-1,12)+1&":"&TEXT(MINUTE((المدخلات!$B$4+4*المدخلات!$B$5/1440)),"00")&"–"&MOD(HOUR((المدخلات!$B$4+4*المدخلات!$B$5/1440+المدخلات!$B$5/1440))-1,12)+1&":"&TEXT(MINUTE((المدخلات!$B$4+4*المدخلات!$B$5/1440+المدخلات!$B$5/1440)),"00")&IF(HOUR((المدخلات!$B$4+4*المدخلات!$B$5/1440))<12," ص"," م") -> 5:00–5:15 م | C28: 1 ضد 3 | G28: =_xlfn.TEXTJOIN(" ",TRUE,C28:C28) -> 1 ضد 3
B29: =MOD(HOUR((المدخلات!$B$4+5*المدخلات!$B$5/1440))-1,12)+1&":"&TEXT(MINUTE((المدخلات!$B$4+5*المدخلات!$B$5/1440)),"00")&"–"&MOD(HOUR((المدخلات!$B$4+5*المدخلات!$B$5/1440+المدخلات!$B$5/1440))-1,12)+1&":"&TEXT(MINUTE((المدخلات!$B$4+5*المدخلات!$B$5/1440+المدخلات!$B$5/1440)),"00")&IF(HOUR((المدخلات!$B$4+5*المدخلات!$B$5/1440))<12," ص"," م") -> 5:15–5:30 م | C29: 2 ضد 4 | G29: =_xlfn.TEXTJOIN(" ",TRUE,C29:C29) -> 2 ضد 4
B30: =MOD(HOUR((المدخلات!$B$4+6*المدخلات!$B$5/1440))-1,12)+1&":"&TEXT(MINUTE((المدخلات!$B$4+6*المدخلات!$B$5/1440)),"00")&"–"&MOD(HOUR((المدخلات!$B$4+6*المدخلات!$B$5/1440+المدخلات!$B$5/1440))-1,12)+1&":"&TEXT(MINUTE((المدخلات!$B$4+6*المدخلات!$B$5/1440+المدخلات!$B$5/1440)),"00")&IF(HOUR((المدخلات!$B$4+6*المدخلات!$B$5/1440))<12," ص"," م") -> 5:30–5:45 م | C30: 3 ضد 5 | G30: =_xlfn.TEXTJOIN(" ",TRUE,C30:C30) -> 3 ضد 5
B31: =MOD(HOUR((المدخلات!$B$4+7*المدخلات!$B$5/1440))-1,12)+1&":"&TEXT(MINUTE((المدخلات!$B$4+7*المدخلات!$B$5/1440)),"00")&"–"&MOD(HOUR((المدخلات!$B$4+7*المدخلات!$B$5/1440+المدخلات!$B$5/1440))-1,12)+1&":"&TEXT(MINUTE((المدخلات!$B$4+7*المدخلات!$B$5/1440+المدخلات!$B$5/1440)),"00")&IF(HOUR((المدخلات!$B$4+7*المدخلات!$B$5/1440))<12," ص"," م") -> 5:45–6:00 م | C31: 1 ضد 2 | G31: =_xlfn.TEXTJOIN(" ",TRUE,C31:C31) -> 1 ضد 2
B32: =MOD(HOUR((المدخلات!$B$4+8*المدخلات!$B$5/1440))-1,12)+1&":"&TEXT(MINUTE((المدخلات!$B$4+8*المدخلات!$B$5/1440)),"00")&"–"&MOD(HOUR((المدخلات!$B$4+8*المدخلات!$B$5/1440+المدخلات!$B$5/1440))-1,12)+1&":"&TEXT(MINUTE((المدخلات!$B$4+8*المدخلات!$B$5/1440+المدخلات!$B$5/1440)),"00")&IF(HOUR((المدخلات!$B$4+8*المدخلات!$B$5/1440))<12," ص"," م") -> 6:00–6:15 م | C32: 3 ضد 4 | G32: =_xlfn.TEXTJOIN(" ",TRUE,C32:C32) -> 3 ضد 4
B33: =MOD(HOUR((المدخلات!$B$4+9*المدخلات!$B$5/1440))-1,12)+1&":"&TEXT(MINUTE((المدخلات!$B$4+9*المدخلات!$B$5/1440)),"00")&"–"&MOD(HOUR((المدخلات!$B$4+9*المدخلات!$B$5/1440+المدخلات!$B$5/1440))-1,12)+1&":"&TEXT(MINUTE((المدخلات!$B$4+9*المدخلات!$B$5/1440+المدخلات!$B$5/1440)),"00")&IF(HOUR((المدخلات!$B$4+9*المدخلات!$B$5/1440))<12," ص"," م") -> 6:15–6:30 م | C33: 1 ضد 5 | G33: =_xlfn.TEXTJOIN(" ",TRUE,C33:C33) -> 1 ضد 5
A34: اليوم 4 | B34: =MOD(HOUR((المدخلات!$B$4+0*المدخلات!$B$5/1440))-1,12)+1&":"&TEXT(MINUTE((المدخلات!$B$4+0*المدخلات!$B$5/1440)),"00")&"–"&MOD(HOUR((المدخلات!$B$4+0*المدخلات!$B$5/1440+المدخلات!$B$5/1440))-1,12)+1&":"&TEXT(MINUTE((المدخلات!$B$4+0*المدخلات!$B$5/1440+المدخلات!$B$5/1440)),"00")&IF(HOUR((المدخلات!$B$4+0*المدخلات!$B$5/1440))<12," ص"," م") -> 4:00–4:15 م | C34: 2 ضد 3 | D34: =COUNTIF(C34:C43,"* ضد *") -> 10 | E34: =COUNTIF(C34:C43,"* ضد *")*2/5 -> 4 | G34: =_xlfn.TEXTJOIN(" ",TRUE,C34:C34) -> 2 ضد 3
B35: =MOD(HOUR((المدخلات!$B$4+1*المدخلات!$B$5/1440))-1,12)+1&":"&TEXT(MINUTE((المدخلات!$B$4+1*المدخلات!$B$5/1440)),"00")&"–"&MOD(HOUR((المدخلات!$B$4+1*المدخلات!$B$5/1440+المدخلات!$B$5/1440))-1,12)+1&":"&TEXT(MINUTE((المدخلات!$B$4+1*المدخلات!$B$5/1440+المدخلات!$B$5/1440)),"00")&IF(HOUR((المدخلات!$B$4+1*المدخلات!$B$5/1440))<12," ص"," م") -> 4:15–4:30 م | C35: 1 ضد 4 | G35: =_xlfn.TEXTJOIN(" ",TRUE,C35:C35) -> 1 ضد 4
B36: =MOD(HOUR((المدخلات!$B$4+2*المدخلات!$B$5/1440))-1,12)+1&":"&TEXT(MINUTE((المدخلات!$B$4+2*المدخلات!$B$5/1440)),"00")&"–"&MOD(HOUR((المدخلات!$B$4+2*المدخلات!$B$5/1440+المدخلات!$B$5/1440))-1,12)+1&":"&TEXT(MINUTE((المدخلات!$B$4+2*المدخلات!$B$5/1440+المدخلات!$B$5/1440)),"00")&IF(HOUR((المدخلات!$B$4+2*المدخلات!$B$5/1440))<12," ص"," م") -> 4:30–4:45 م | C36: 2 ضد 5 | G36: =_xlfn.TEXTJOIN(" ",TRUE,C36:C36) -> 2 ضد 5
B37: =MOD(HOUR((المدخلات!$B$4+3*المدخلات!$B$5/1440))-1,12)+1&":"&TEXT(MINUTE((المدخلات!$B$4+3*المدخلات!$B$5/1440)),"00")&"–"&MOD(HOUR((المدخلات!$B$4+3*المدخلات!$B$5/1440+المدخلات!$B$5/1440))-1,12)+1&":"&TEXT(MINUTE((المدخلات!$B$4+3*المدخلات!$B$5/1440+المدخلات!$B$5/1440)),"00")&IF(HOUR((المدخلات!$B$4+3*المدخلات!$B$5/1440))<12," ص"," م") -> 4:45–5:00 م | C37: 1 ضد 3 | G37: =_xlfn.TEXTJOIN(" ",TRUE,C37:C37) -> 1 ضد 3
B38: =MOD(HOUR((المدخلات!$B$4+4*المدخلات!$B$5/1440))-1,12)+1&":"&TEXT(MINUTE((المدخلات!$B$4+4*المدخلات!$B$5/1440)),"00")&"–"&MOD(HOUR((المدخلات!$B$4+4*المدخلات!$B$5/1440+المدخلات!$B$5/1440))-1,12)+1&":"&TEXT(MINUTE((المدخلات!$B$4+4*المدخلات!$B$5/1440+المدخلات!$B$5/1440)),"00")&IF(HOUR((المدخلات!$B$4+4*المدخلات!$B$5/1440))<12," ص"," م") -> 5:00–5:15 م | C38: 4 ضد 5 | G38: =_xlfn.TEXTJOIN(" ",TRUE,C38:C38) -> 4 ضد 5
B39: =MOD(HOUR((المدخلات!$B$4+5*المدخلات!$B$5/1440))-1,12)+1&":"&TEXT(MINUTE((المدخلات!$B$4+5*المدخلات!$B$5/1440)),"00")&"–"&MOD(HOUR((المدخلات!$B$4+5*المدخلات!$B$5/1440+المدخلات!$B$5/1440))-1,12)+1&":"&TEXT(MINUTE((المدخلات!$B$4+5*المدخلات!$B$5/1440+المدخلات!$B$5/1440)),"00")&IF(HOUR((المدخلات!$B$4+5*المدخلات!$B$5/1440))<12," ص"," م") -> 5:15–5:30 م | C39: 1 ضد 2 | G39: =_xlfn.TEXTJOIN(" ",TRUE,C39:C39) -> 1 ضد 2
B40: =MOD(HOUR((المدخلات!$B$4+6*المدخلات!$B$5/1440))-1,12)+1&":"&TEXT(MINUTE((المدخلات!$B$4+6*المدخلات!$B$5/1440)),"00")&"–"&MOD(HOUR((المدخلات!$B$4+6*المدخلات!$B$5/1440+المدخلات!$B$5/1440))-1,12)+1&":"&TEXT(MINUTE((المدخلات!$B$4+6*المدخلات!$B$5/1440+المدخلات!$B$5/1440)),"00")&IF(HOUR((المدخلات!$B$4+6*المدخلات!$B$5/1440))<12," ص"," م") -> 5:30–5:45 م | C40: 3 ضد 5 | G40: =_xlfn.TEXTJOIN(" ",TRUE,C40:C40) -> 3 ضد 5
B41: =MOD(HOUR((المدخلات!$B$4+7*المدخلات!$B$5/1440))-1,12)+1&":"&TEXT(MINUTE((المدخلات!$B$4+7*المدخلات!$B$5/1440)),"00")&"–"&MOD(HOUR((المدخلات!$B$4+7*المدخلات!$B$5/1440+المدخلات!$B$5/1440))-1,12)+1&":"&TEXT(MINUTE((المدخلات!$B$4+7*المدخلات!$B$5/1440+المدخلات!$B$5/1440)),"00")&IF(HOUR((المدخلات!$B$4+7*المدخلات!$B$5/1440))<12," ص"," م") -> 5:45–6:00 م | C41: 2 ضد 4 | G41: =_xlfn.TEXTJOIN(" ",TRUE,C41:C41) -> 2 ضد 4
B42: =MOD(HOUR((المدخلات!$B$4+8*المدخلات!$B$5/1440))-1,12)+1&":"&TEXT(MINUTE((المدخلات!$B$4+8*المدخلات!$B$5/1440)),"00")&"–"&MOD(HOUR((المدخلات!$B$4+8*المدخلات!$B$5/1440+المدخلات!$B$5/1440))-1,12)+1&":"&TEXT(MINUTE((المدخلات!$B$4+8*المدخلات!$B$5/1440+المدخلات!$B$5/1440)),"00")&IF(HOUR((المدخلات!$B$4+8*المدخلات!$B$5/1440))<12," ص"," م") -> 6:00–6:15 م | C42: 1 ضد 5 | G42: =_xlfn.TEXTJOIN(" ",TRUE,C42:C42) -> 1 ضد 5
B43: =MOD(HOUR((المدخلات!$B$4+9*المدخلات!$B$5/1440))-1,12)+1&":"&TEXT(MINUTE((المدخلات!$B$4+9*المدخلات!$B$5/1440)),"00")&"–"&MOD(HOUR((المدخلات!$B$4+9*المدخلات!$B$5/1440+المدخلات!$B$5/1440))-1,12)+1&":"&TEXT(MINUTE((المدخلات!$B$4+9*المدخلات!$B$5/1440+المدخلات!$B$5/1440)),"00")&IF(HOUR((المدخلات!$B$4+9*المدخلات!$B$5/1440))<12," ص"," م") -> 6:15–6:30 م | C43: 3 ضد 4 | G43: =_xlfn.TEXTJOIN(" ",TRUE,C43:C43) -> 3 ضد 4
A44: اليوم 5 | B44: =MOD(HOUR((المدخلات!$B$4+0*المدخلات!$B$5/1440))-1,12)+1&":"&TEXT(MINUTE((المدخلات!$B$4+0*المدخلات!$B$5/1440)),"00")&"–"&MOD(HOUR((المدخلات!$B$4+0*المدخلات!$B$5/1440+المدخلات!$B$5/1440))-1,12)+1&":"&TEXT(MINUTE((المدخلات!$B$4+0*المدخلات!$B$5/1440+المدخلات!$B$5/1440)),"00")&IF(HOUR((المدخلات!$B$4+0*المدخلات!$B$5/1440))<12," ص"," م") -> 4:00–4:15 م | C44: 1 ضد 5 | D44: =COUNTIF(C44:C53,"* ضد *") -> 10 | E44: =COUNTIF(C44:C53,"* ضد *")*2/5 -> 4 | G44: =_xlfn.TEXTJOIN(" ",TRUE,C44:C44) -> 1 ضد 5
B45: =MOD(HOUR((المدخلات!$B$4+1*المدخلات!$B$5/1440))-1,12)+1&":"&TEXT(MINUTE((المدخلات!$B$4+1*المدخلات!$B$5/1440)),"00")&"–"&MOD(HOUR((المدخلات!$B$4+1*المدخلات!$B$5/1440+المدخلات!$B$5/1440))-1,12)+1&":"&TEXT(MINUTE((المدخلات!$B$4+1*المدخلات!$B$5/1440+المدخلات!$B$5/1440)),"00")&IF(HOUR((المدخلات!$B$4+1*المدخلات!$B$5/1440))<12," ص"," م") -> 4:15–4:30 م | C45: 2 ضد 4 | G45: =_xlfn.TEXTJOIN(" ",TRUE,C45:C45) -> 2 ضد 4
B46: =MOD(HOUR((المدخلات!$B$4+2*المدخلات!$B$5/1440))-1,12)+1&":"&TEXT(MINUTE((المدخلات!$B$4+2*المدخلات!$B$5/1440)),"00")&"–"&MOD(HOUR((المدخلات!$B$4+2*المدخلات!$B$5/1440+المدخلات!$B$5/1440))-1,12)+1&":"&TEXT(MINUTE((المدخلات!$B$4+2*المدخلات!$B$5/1440+المدخلات!$B$5/1440)),"00")&IF(HOUR((المدخلات!$B$4+2*المدخلات!$B$5/1440))<12," ص"," م") -> 4:30–4:45 م | C46: 1 ضد 3 | G46: =_xlfn.TEXTJOIN(" ",TRUE,C46:C46) -> 1 ضد 3
B47: =MOD(HOUR((المدخلات!$B$4+3*المدخلات!$B$5/1440))-1,12)+1&":"&TEXT(MINUTE((المدخلات!$B$4+3*المدخلات!$B$5/1440)),"00")&"–"&MOD(HOUR((المدخلات!$B$4+3*المدخلات!$B$5/1440+المدخلات!$B$5/1440))-1,12)+1&":"&TEXT(MINUTE((المدخلات!$B$4+3*المدخلات!$B$5/1440+المدخلات!$B$5/1440)),"00")&IF(HOUR((المدخلات!$B$4+3*المدخلات!$B$5/1440))<12," ص"," م") -> 4:45–5:00 م | C47: 4 ضد 5 | G47: =_xlfn.TEXTJOIN(" ",TRUE,C47:C47) -> 4 ضد 5
B48: =MOD(HOUR((المدخلات!$B$4+4*المدخلات!$B$5/1440))-1,12)+1&":"&TEXT(MINUTE((المدخلات!$B$4+4*المدخلات!$B$5/1440)),"00")&"–"&MOD(HOUR((المدخلات!$B$4+4*المدخلات!$B$5/1440+المدخلات!$B$5/1440))-1,12)+1&":"&TEXT(MINUTE((المدخلات!$B$4+4*المدخلات!$B$5/1440+المدخلات!$B$5/1440)),"00")&IF(HOUR((المدخلات!$B$4+4*المدخلات!$B$5/1440))<12," ص"," م") -> 5:00–5:15 م | C48: 2 ضد 3 | G48: =_xlfn.TEXTJOIN(" ",TRUE,C48:C48) -> 2 ضد 3
B49: =MOD(HOUR((المدخلات!$B$4+5*المدخلات!$B$5/1440))-1,12)+1&":"&TEXT(MINUTE((المدخلات!$B$4+5*المدخلات!$B$5/1440)),"00")&"–"&MOD(HOUR((المدخلات!$B$4+5*المدخلات!$B$5/1440+المدخلات!$B$5/1440))-1,12)+1&":"&TEXT(MINUTE((المدخلات!$B$4+5*المدخلات!$B$5/1440+المدخلات!$B$5/1440)),"00")&IF(HOUR((المدخلات!$B$4+5*المدخلات!$B$5/1440))<12," ص"," م") -> 5:15–5:30 م | C49: 1 ضد 4 | G49: =_xlfn.TEXTJOIN(" ",TRUE,C49:C49) -> 1 ضد 4
B50: =MOD(HOUR((المدخلات!$B$4+6*المدخلات!$B$5/1440))-1,12)+1&":"&TEXT(MINUTE((المدخلات!$B$4+6*المدخلات!$B$5/1440)),"00")&"–"&MOD(HOUR((المدخلات!$B$4+6*المدخلات!$B$5/1440+المدخلات!$B$5/1440))-1,12)+1&":"&TEXT(MINUTE((المدخلات!$B$4+6*المدخلات!$B$5/1440+المدخلات!$B$5/1440)),"00")&IF(HOUR((المدخلات!$B$4+6*المدخلات!$B$5/1440))<12," ص"," م") -> 5:30–5:45 م | C50: 3 ضد 5 | G50: =_xlfn.TEXTJOIN(" ",TRUE,C50:C50) -> 3 ضد 5
B51: =MOD(HOUR((المدخلات!$B$4+7*المدخلات!$B$5/1440))-1,12)+1&":"&TEXT(MINUTE((المدخلات!$B$4+7*المدخلات!$B$5/1440)),"00")&"–"&MOD(HOUR((المدخلات!$B$4+7*المدخلات!$B$5/1440+المدخلات!$B$5/1440))-1,12)+1&":"&TEXT(MINUTE((المدخلات!$B$4+7*المدخلات!$B$5/1440+المدخلات!$B$5/1440)),"00")&IF(HOUR((المدخلات!$B$4+7*المدخلات!$B$5/1440))<12," ص"," م") -> 5:45–6:00 م | C51: 1 ضد 2 | G51: =_xlfn.TEXTJOIN(" ",TRUE,C51:C51) -> 1 ضد 2
B52: =MOD(HOUR((المدخلات!$B$4+8*المدخلات!$B$5/1440))-1,12)+1&":"&TEXT(MINUTE((المدخلات!$B$4+8*المدخلات!$B$5/1440)),"00")&"–"&MOD(HOUR((المدخلات!$B$4+8*المدخلات!$B$5/1440+المدخلات!$B$5/1440))-1,12)+1&":"&TEXT(MINUTE((المدخلات!$B$4+8*المدخلات!$B$5/1440+المدخلات!$B$5/1440)),"00")&IF(HOUR((المدخلات!$B$4+8*المدخلات!$B$5/1440))<12," ص"," م") -> 6:00–6:15 م | C52: 3 ضد 4 | G52: =_xlfn.TEXTJOIN(" ",TRUE,C52:C52) -> 3 ضد 4
B53: =MOD(HOUR((المدخلات!$B$4+9*المدخلات!$B$5/1440))-1,12)+1&":"&TEXT(MINUTE((المدخلات!$B$4+9*المدخلات!$B$5/1440)),"00")&"–"&MOD(HOUR((المدخلات!$B$4+9*المدخلات!$B$5/1440+المدخلات!$B$5/1440))-1,12)+1&":"&TEXT(MINUTE((المدخلات!$B$4+9*المدخلات!$B$5/1440+المدخلات!$B$5/1440)),"00")&IF(HOUR((المدخلات!$B$4+9*المدخلات!$B$5/1440))<12," ص"," م") -> 6:15–6:30 م | C53: 2 ضد 5 | G53: =_xlfn.TEXTJOIN(" ",TRUE,C53:C53) -> 2 ضد 5
A54: اليوم 6 | B54: =MOD(HOUR((المدخلات!$B$4+0*المدخلات!$B$5/1440))-1,12)+1&":"&TEXT(MINUTE((المدخلات!$B$4+0*المدخلات!$B$5/1440)),"00")&"–"&MOD(HOUR((المدخلات!$B$4+0*المدخلات!$B$5/1440+المدخلات!$B$5/1440))-1,12)+1&":"&TEXT(MINUTE((المدخلات!$B$4+0*المدخلات!$B$5/1440+المدخلات!$B$5/1440)),"00")&IF(HOUR((المدخلات!$B$4+0*المدخلات!$B$5/1440))<12," ص"," م") -> 4:00–4:15 م | C54: 3 ضد 4 | D54: =COUNTIF(C54:C63,"* ضد *") -> 10 | E54: =COUNTIF(C54:C63,"* ضد *")*2/5 -> 4 | G54: =_xlfn.TEXTJOIN(" ",TRUE,C54:C54) -> 3 ضد 4
B55: =MOD(HOUR((المدخلات!$B$4+1*المدخلات!$B$5/1440))-1,12)+1&":"&TEXT(MINUTE((المدخلات!$B$4+1*المدخلات!$B$5/1440)),"00")&"–"&MOD(HOUR((المدخلات!$B$4+1*المدخلات!$B$5/1440+المدخلات!$B$5/1440))-1,12)+1&":"&TEXT(MINUTE((المدخلات!$B$4+1*المدخلات!$B$5/1440+المدخلات!$B$5/1440)),"00")&IF(HOUR((المدخلات!$B$4+1*المدخلات!$B$5/1440))<12," ص"," م") -> 4:15–4:30 م | C55: 1 ضد 2 | G55: =_xlfn.TEXTJOIN(" ",TRUE,C55:C55) -> 1 ضد 2
B56: =MOD(HOUR((المدخلات!$B$4+2*المدخلات!$B$5/1440))-1,12)+1&":"&TEXT(MINUTE((المدخلات!$B$4+2*المدخلات!$B$5/1440)),"00")&"–"&MOD(HOUR((المدخلات!$B$4+2*المدخلات!$B$5/1440+المدخلات!$B$5/1440))-1,12)+1&":"&TEXT(MINUTE((المدخلات!$B$4+2*المدخلات!$B$5/1440+المدخلات!$B$5/1440)),"00")&IF(HOUR((المدخلات!$B$4+2*المدخلات!$B$5/1440))<12," ص"," م") -> 4:30–4:45 م | C56: 4 ضد 5 | G56: =_xlfn.TEXTJOIN(" ",TRUE,C56:C56) -> 4 ضد 5
B57: =MOD(HOUR((المدخلات!$B$4+3*المدخلات!$B$5/1440))-1,12)+1&":"&TEXT(MINUTE((المدخلات!$B$4+3*المدخلات!$B$5/1440)),"00")&"–"&MOD(HOUR((المدخلات!$B$4+3*المدخلات!$B$5/1440+المدخلات!$B$5/1440))-1,12)+1&":"&TEXT(MINUTE((المدخلات!$B$4+3*المدخلات!$B$5/1440+المدخلات!$B$5/1440)),"00")&IF(HOUR((المدخلات!$B$4+3*المدخلات!$B$5/1440))<12," ص"," م") -> 4:45–5:00 م | C57: 2 ضد 3 | G57: =_xlfn.TEXTJOIN(" ",TRUE,C57:C57) -> 2 ضد 3
B58: =MOD(HOUR((المدخلات!$B$4+4*المدخلات!$B$5/1440))-1,12)+1&":"&TEXT(MINUTE((المدخلات!$B$4+4*المدخلات!$B$5/1440)),"00")&"–"&MOD(HOUR((المدخلات!$B$4+4*المدخلات!$B$5/1440+المدخلات!$B$5/1440))-1,12)+1&":"&TEXT(MINUTE((المدخلات!$B$4+4*المدخلات!$B$5/1440+المدخلات!$B$5/1440)),"00")&IF(HOUR((المدخلات!$B$4+4*المدخلات!$B$5/1440))<12," ص"," م") -> 5:00–5:15 م | C58: 1 ضد 5 | G58: =_xlfn.TEXTJOIN(" ",TRUE,C58:C58) -> 1 ضد 5
B59: =MOD(HOUR((المدخلات!$B$4+5*المدخلات!$B$5/1440))-1,12)+1&":"&TEXT(MINUTE((المدخلات!$B$4+5*المدخلات!$B$5/1440)),"00")&"–"&MOD(HOUR((المدخلات!$B$4+5*المدخلات!$B$5/1440+المدخلات!$B$5/1440))-1,12)+1&":"&TEXT(MINUTE((المدخلات!$B$4+5*المدخلات!$B$5/1440+المدخلات!$B$5/1440)),"00")&IF(HOUR((المدخلات!$B$4+5*المدخلات!$B$5/1440))<12," ص"," م") -> 5:15–5:30 م | C59: 2 ضد 4 | G59: =_xlfn.TEXTJOIN(" ",TRUE,C59:C59) -> 2 ضد 4
B60: =MOD(HOUR((المدخلات!$B$4+6*المدخلات!$B$5/1440))-1,12)+1&":"&TEXT(MINUTE((المدخلات!$B$4+6*المدخلات!$B$5/1440)),"00")&"–"&MOD(HOUR((المدخلات!$B$4+6*المدخلات!$B$5/1440+المدخلات!$B$5/1440))-1,12)+1&":"&TEXT(MINUTE((المدخلات!$B$4+6*المدخلات!$B$5/1440+المدخلات!$B$5/1440)),"00")&IF(HOUR((المدخلات!$B$4+6*المدخلات!$B$5/1440))<12," ص"," م") -> 5:30–5:45 م | C60: 3 ضد 5 | G60: =_xlfn.TEXTJOIN(" ",TRUE,C60:C60) -> 3 ضد 5
B61: =MOD(HOUR((المدخلات!$B$4+7*المدخلات!$B$5/1440))-1,12)+1&":"&TEXT(MINUTE((المدخلات!$B$4+7*المدخلات!$B$5/1440)),"00")&"–"&MOD(HOUR((المدخلات!$B$4+7*المدخلات!$B$5/1440+المدخلات!$B$5/1440))-1,12)+1&":"&TEXT(MINUTE((المدخلات!$B$4+7*المدخلات!$B$5/1440+المدخلات!$B$5/1440)),"00")&IF(HOUR((المدخلات!$B$4+7*المدخلات!$B$5/1440))<12," ص"," م") -> 5:45–6:00 م | C61: 1 ضد 4 | G61: =_xlfn.TEXTJOIN(" ",TRUE,C61:C61) -> 1 ضد 4
B62: =MOD(HOUR((المدخلات!$B$4+8*المدخلات!$B$5/1440))-1,12)+1&":"&TEXT(MINUTE((المدخلات!$B$4+8*المدخلات!$B$5/1440)),"00")&"–"&MOD(HOUR((المدخلات!$B$4+8*المدخلات!$B$5/1440+المدخلات!$B$5/1440))-1,12)+1&":"&TEXT(MINUTE((المدخلات!$B$4+8*المدخلات!$B$5/1440+المدخلات!$B$5/1440)),"00")&IF(HOUR((المدخلات!$B$4+8*المدخلات!$B$5/1440))<12," ص"," م") -> 6:00–6:15 م | C62: 2 ضد 5 | G62: =_xlfn.TEXTJOIN(" ",TRUE,C62:C62) -> 2 ضد 5
B63: =MOD(HOUR((المدخلات!$B$4+9*المدخلات!$B$5/1440))-1,12)+1&":"&TEXT(MINUTE((المدخلات!$B$4+9*المدخلات!$B$5/1440)),"00")&"–"&MOD(HOUR((المدخلات!$B$4+9*المدخلات!$B$5/1440+المدخلات!$B$5/1440))-1,12)+1&":"&TEXT(MINUTE((المدخلات!$B$4+9*المدخلات!$B$5/1440+المدخلات!$B$5/1440)),"00")&IF(HOUR((المدخلات!$B$4+9*المدخلات!$B$5/1440))<12," ص"," م") -> 6:15–6:30 م | C63: 1 ضد 3 | G63: =_xlfn.TEXTJOIN(" ",TRUE,C63:C63) -> 1 ضد 3
A64: اليوم 7 | B64: =MOD(HOUR((المدخلات!$B$4+0*المدخلات!$B$5/1440))-1,12)+1&":"&TEXT(MINUTE((المدخلات!$B$4+0*المدخلات!$B$5/1440)),"00")&"–"&MOD(HOUR((المدخلات!$B$4+0*المدخلات!$B$5/1440+المدخلات!$B$5/1440))-1,12)+1&":"&TEXT(MINUTE((المدخلات!$B$4+0*المدخلات!$B$5/1440+المدخلات!$B$5/1440)),"00")&IF(HOUR((المدخلات!$B$4+0*المدخلات!$B$5/1440))<12," ص"," م") -> 4:00–4:15 م | C64: 2 ضد 4 | D64: =COUNTIF(C64:C73,"* ضد *") -> 10 | E64: =COUNTIF(C64:C73,"* ضد *")*2/5 -> 4 | G64: =_xlfn.TEXTJOIN(" ",TRUE,C64:C64) -> 2 ضد 4
B65: =MOD(HOUR((المدخلات!$B$4+1*المدخلات!$B$5/1440))-1,12)+1&":"&TEXT(MINUTE((المدخلات!$B$4+1*المدخلات!$B$5/1440)),"00")&"–"&MOD(HOUR((المدخلات!$B$4+1*المدخلات!$B$5/1440+المدخلات!$B$5/1440))-1,12)+1&":"&TEXT(MINUTE((المدخلات!$B$4+1*المدخلات!$B$5/1440+المدخلات!$B$5/1440)),"00")&IF(HOUR((المدخلات!$B$4+1*المدخلات!$B$5/1440))<12," ص"," م") -> 4:15–4:30 م | C65: 1 ضد 3 | G65: =_xlfn.TEXTJOIN(" ",TRUE,C65:C65) -> 1 ضد 3
B66: =MOD(HOUR((المدخلات!$B$4+2*المدخلات!$B$5/1440))-1,12)+1&":"&TEXT(MINUTE((المدخلات!$B$4+2*المدخلات!$B$5/1440)),"00")&"–"&MOD(HOUR((المدخلات!$B$4+2*المدخلات!$B$5/1440+المدخلات!$B$5/1440))-1,12)+1&":"&TEXT(MINUTE((المدخلات!$B$4+2*المدخلات!$B$5/1440+المدخلات!$B$5/1440)),"00")&IF(HOUR((المدخلات!$B$4+2*المدخلات!$B$5/1440))<12," ص"," م") -> 4:30–4:45 م | C66: 4 ضد 5 | G66: =_xlfn.TEXTJOIN(" ",TRUE,C66:C66) -> 4 ضد 5
B67: =MOD(HOUR((المدخلات!$B$4+3*المدخلات!$B$5/1440))-1,12)+1&":"&TEXT(MINUTE((المدخلات!$B$4+3*المدخلات!$B$5/1440)),"00")&"–"&MOD(HOUR((المدخلات!$B$4+3*المدخلات!$B$5/1440+المدخلات!$B$5/1440))-1,12)+1&":"&TEXT(MINUTE((المدخلات!$B$4+3*المدخلات!$B$5/1440+المدخلات!$B$5/1440)),"00")&IF(HOUR((المدخلات!$B$4+3*المدخلات!$B$5/1440))<12," ص"," م") -> 4:45–5:00 م | C67: 2 ضد 3 | G67: =_xlfn.TEXTJOIN(" ",TRUE,C67:C67) -> 2 ضد 3
B68: =MOD(HOUR((المدخلات!$B$4+4*المدخلات!$B$5/1440))-1,12)+1&":"&TEXT(MINUTE((المدخلات!$B$4+4*المدخلات!$B$5/1440)),"00")&"–"&MOD(HOUR((المدخلات!$B$4+4*المدخلات!$B$5/1440+المدخلات!$B$5/1440))-1,12)+1&":"&TEXT(MINUTE((المدخلات!$B$4+4*المدخلات!$B$5/1440+المدخلات!$B$5/1440)),"00")&IF(HOUR((المدخلات!$B$4+4*المدخلات!$B$5/1440))<12," ص"," م") -> 5:00–5:15 م | C68: 1 ضد 5 | G68: =_xlfn.TEXTJOIN(" ",TRUE,C68:C68) -> 1 ضد 5
B69: =MOD(HOUR((المدخلات!$B$4+5*المدخلات!$B$5/1440))-1,12)+1&":"&TEXT(MINUTE((المدخلات!$B$4+5*المدخلات!$B$5/1440)),"00")&"–"&MOD(HOUR((المدخلات!$B$4+5*المدخلات!$B$5/1440+المدخلات!$B$5/1440))-1,12)+1&":"&TEXT(MINUTE((المدخلات!$B$4+5*المدخلات!$B$5/1440+المدخلات!$B$5/1440)),"00")&IF(HOUR((المدخلات!$B$4+5*المدخلات!$B$5/1440))<12," ص"," م") -> 5:15–5:30 م | C69: 3 ضد 4 | G69: =_xlfn.TEXTJOIN(" ",TRUE,C69:C69) -> 3 ضد 4
B70: =MOD(HOUR((المدخلات!$B$4+6*المدخلات!$B$5/1440))-1,12)+1&":"&TEXT(MINUTE((المدخلات!$B$4+6*المدخلات!$B$5/1440)),"00")&"–"&MOD(HOUR((المدخلات!$B$4+6*المدخلات!$B$5/1440+المدخلات!$B$5/1440))-1,12)+1&":"&TEXT(MINUTE((المدخلات!$B$4+6*المدخلات!$B$5/1440+المدخلات!$B$5/1440)),"00")&IF(HOUR((المدخلات!$B$4+6*المدخلات!$B$5/1440))<12," ص"," م") -> 5:30–5:45 م | C70: 1 ضد 2 | G70: =_xlfn.TEXTJOIN(" ",TRUE,C70:C70) -> 1 ضد 2
B71: =MOD(HOUR((المدخلات!$B$4+7*المدخلات!$B$5/1440))-1,12)+1&":"&TEXT(MINUTE((المدخلات!$B$4+7*المدخلات!$B$5/1440)),"00")&"–"&MOD(HOUR((المدخلات!$B$4+7*المدخلات!$B$5/1440+المدخلات!$B$5/1440))-1,12)+1&":"&TEXT(MINUTE((المدخلات!$B$4+7*المدخلات!$B$5/1440+المدخلات!$B$5/1440)),"00")&IF(HOUR((المدخلات!$B$4+7*المدخلات!$B$5/1440))<12," ص"," م") -> 5:45–6:00 م | C71: 3 ضد 5 | G71: =_xlfn.TEXTJOIN(" ",TRUE,C71:C71) -> 3 ضد 5
B72: =MOD(HOUR((المدخلات!$B$4+8*المدخلات!$B$5/1440))-1,12)+1&":"&TEXT(MINUTE((المدخلات!$B$4+8*المدخلات!$B$5/1440)),"00")&"–"&MOD(HOUR((المدخلات!$B$4+8*المدخلات!$B$5/1440+المدخلات!$B$5/1440))-1,12)+1&":"&TEXT(MINUTE((المدخلات!$B$4+8*المدخلات!$B$5/1440+المدخلات!$B$5/1440)),"00")&IF(HOUR((المدخلات!$B$4+8*المدخلات!$B$5/1440))<12," ص"," م") -> 6:00–6:15 م | C72: 1 ضد 4 | G72: =_xlfn.TEXTJOIN(" ",TRUE,C72:C72) -> 1 ضد 4
B73: =MOD(HOUR((المدخلات!$B$4+9*المدخلات!$B$5/1440))-1,12)+1&":"&TEXT(MINUTE((المدخلات!$B$4+9*المدخلات!$B$5/1440)),"00")&"–"&MOD(HOUR((المدخلات!$B$4+9*المدخلات!$B$5/1440+المدخلات!$B$5/1440))-1,12)+1&":"&TEXT(MINUTE((المدخلات!$B$4+9*المدخلات!$B$5/1440+المدخلات!$B$5/1440)),"00")&IF(HOUR((المدخلات!$B$4+9*المدخلات!$B$5/1440))<12," ص"," م") -> 6:15–6:30 م | C73: 2 ضد 5 | G73: =_xlfn.TEXTJOIN(" ",TRUE,C73:C73) -> 2 ضد 5
B76: توزيع الفرق على مجموعة طبرجل — يُعبّأ بأسماء الفرق
B77: # | C77: الفرق (1-5) | F77: التصنيف
B78: 1 | C78: طبرجل | F78: نادي
B79: 2 | C79: R20 | F79: أكاديمية
B80: 3 | C80: شمال الوادي (1) | F80: أكاديمية
B81: 4 | C81: شمال الوادي (2) | F81: أكاديمية
B82: 5 | C82: اكاديمية البندر | F82: أكاديمية

Sheet 6 فرق
A1: جدول مباريات المجموعات التي فيها 6 فرق
A3: اليوم | B3: الوقت | C3: ملعب 1 | D3: ملعب 2 | E3: ملعب 3 | F3: مجموع مباريات اليوم | G3: مباريات كل فريق في اليوم
A4: اليوم 1 | B4: =MOD(HOUR((المدخلات!$B$4+0*المدخلات!$B$5/1440))-1,12)+1&":"&TEXT(MINUTE((المدخلات!$B$4+0*المدخلات!$B$5/1440)),"00")&"–"&MOD(HOUR((المدخلات!$B$4+0*المدخلات!$B$5/1440+المدخلات!$B$5/1440))-1,12)+1&":"&TEXT(MINUTE((المدخلات!$B$4+0*المدخلات!$B$5/1440+المدخلات!$B$5/1440)),"00")&IF(HOUR((المدخلات!$B$4+0*المدخلات!$B$5/1440))<12," ص"," م") -> 4:00–4:15 م | C4: 1 ضد 6 | D4: 2 ضد 5 | E4: 3 ضد 4 | F4: =COUNTIF(C4:E10,"* ضد *") -> 12 | G4: =COUNTIF(C4:E10,"* ضد *")*2/6 -> 4
B5: =MOD(HOUR((المدخلات!$B$4+1*المدخلات!$B$5/1440))-1,12)+1&":"&TEXT(MINUTE((المدخلات!$B$4+1*المدخلات!$B$5/1440)),"00")&"–"&MOD(HOUR((المدخلات!$B$4+1*المدخلات!$B$5/1440+المدخلات!$B$5/1440))-1,12)+1&":"&TEXT(MINUTE((المدخلات!$B$4+1*المدخلات!$B$5/1440+المدخلات!$B$5/1440)),"00")&IF(HOUR((المدخلات!$B$4+1*المدخلات!$B$5/1440))<12," ص"," م") -> 4:15–4:30 م | C5: استراحة (لا توجد مباريات)
B6: =MOD(HOUR((المدخلات!$B$4+2*المدخلات!$B$5/1440))-1,12)+1&":"&TEXT(MINUTE((المدخلات!$B$4+2*المدخلات!$B$5/1440)),"00")&"–"&MOD(HOUR((المدخلات!$B$4+2*المدخلات!$B$5/1440+المدخلات!$B$5/1440))-1,12)+1&":"&TEXT(MINUTE((المدخلات!$B$4+2*المدخلات!$B$5/1440+المدخلات!$B$5/1440)),"00")&IF(HOUR((المدخلات!$B$4+2*المدخلات!$B$5/1440))<12," ص"," م") -> 4:30–4:45 م | C6: 2 ضد 3 | D6: 6 ضد 4 | E6: 1 ضد 5
B7: =MOD(HOUR((المدخلات!$B$4+3*المدخلات!$B$5/1440))-1,12)+1&":"&TEXT(MINUTE((المدخلات!$B$4+3*المدخلات!$B$5/1440)),"00")&"–"&MOD(HOUR((المدخلات!$B$4+3*المدخلات!$B$5/1440+المدخلات!$B$5/1440))-1,12)+1&":"&TEXT(MINUTE((المدخلات!$B$4+3*المدخلات!$B$5/1440+المدخلات!$B$5/1440)),"00")&IF(HOUR((المدخلات!$B$4+3*المدخلات!$B$5/1440))<12," ص"," م") -> 4:45–5:00 م | C7: استراحة (لا توجد مباريات)
B8: =MOD(HOUR((المدخلات!$B$4+4*المدخلات!$B$5/1440))-1,12)+1&":"&TEXT(MINUTE((المدخلات!$B$4+4*المدخلات!$B$5/1440)),"00")&"–"&MOD(HOUR((المدخلات!$B$4+4*المدخلات!$B$5/1440+المدخلات!$B$5/1440))-1,12)+1&":"&TEXT(MINUTE((المدخلات!$B$4+4*المدخلات!$B$5/1440+المدخلات!$B$5/1440)),"00")&IF(HOUR((المدخلات!$B$4+4*المدخلات!$B$5/1440))<12," ص"," م") -> 5:00–5:15 م | C8: 5 ضد 3 | D8: 1 ضد 4 | E8: 6 ضد 2
B9: =MOD(HOUR((المدخلات!$B$4+5*المدخلات!$B$5/1440))-1,12)+1&":"&TEXT(MINUTE((المدخلات!$B$4+5*المدخلات!$B$5/1440)),"00")&"–"&MOD(HOUR((المدخلات!$B$4+5*المدخلات!$B$5/1440+المدخلات!$B$5/1440))-1,12)+1&":"&TEXT(MINUTE((المدخلات!$B$4+5*المدخلات!$B$5/1440+المدخلات!$B$5/1440)),"00")&IF(HOUR((المدخلات!$B$4+5*المدخلات!$B$5/1440))<12," ص"," م") -> 5:15–5:30 م | C9: استراحة (لا توجد مباريات)
B10: =MOD(HOUR((المدخلات!$B$4+6*المدخلات!$B$5/1440))-1,12)+1&":"&TEXT(MINUTE((المدخلات!$B$4+6*المدخلات!$B$5/1440)),"00")&"–"&MOD(HOUR((المدخلات!$B$4+6*المدخلات!$B$5/1440+المدخلات!$B$5/1440))-1,12)+1&":"&TEXT(MINUTE((المدخلات!$B$4+6*المدخلات!$B$5/1440+المدخلات!$B$5/1440)),"00")&IF(HOUR((المدخلات!$B$4+6*المدخلات!$B$5/1440))<12," ص"," م") -> 5:30–5:45 م | C10: 4 ضد 2 | D10: 1 ضد 3 | E10: 5 ضد 6
A11: اليوم 2 | B11: =MOD(HOUR((المدخلات!$B$4+0*المدخلات!$B$5/1440))-1,12)+1&":"&TEXT(MINUTE((المدخلات!$B$4+0*المدخلات!$B$5/1440)),"00")&"–"&MOD(HOUR((المدخلات!$B$4+0*المدخلات!$B$5/1440+المدخلات!$B$5/1440))-1,12)+1&":"&TEXT(MINUTE((المدخلات!$B$4+0*المدخلات!$B$5/1440+المدخلات!$B$5/1440)),"00")&IF(HOUR((المدخلات!$B$4+0*المدخلات!$B$5/1440))<12," ص"," م") -> 4:00–4:15 م | C11: 4 ضد 5 | D11: 3 ضد 6 | E11: 1 ضد 2 | F11: =COUNTIF(C11:E17,"* ضد *") -> 12 | G11: =COUNTIF(C11:E17,"* ضد *")*2/6 -> 4
B12: =MOD(HOUR((المدخلات!$B$4+1*المدخلات!$B$5/1440))-1,12)+1&":"&TEXT(MINUTE((المدخلات!$B$4+1*المدخلات!$B$5/1440)),"00")&"–"&MOD(HOUR((المدخلات!$B$4+1*المدخلات!$B$5/1440+المدخلات!$B$5/1440))-1,12)+1&":"&TEXT(MINUTE((المدخلات!$B$4+1*المدخلات!$B$5/1440+المدخلات!$B$5/1440)),"00")&IF(HOUR((المدخلات!$B$4+1*المدخلات!$B$5/1440))<12," ص"," م") -> 4:15–4:30 م | C12: استراحة (لا توجد مباريات)
B13: =MOD(HOUR((المدخلات!$B$4+2*المدخلات!$B$5/1440))-1,12)+1&":"&TEXT(MINUTE((المدخلات!$B$4+2*المدخلات!$B$5/1440)),"00")&"–"&MOD(HOUR((المدخلات!$B$4+2*المدخلات!$B$5/1440+المدخلات!$B$5/1440))-1,12)+1&":"&TEXT(MINUTE((المدخلات!$B$4+2*المدخلات!$B$5/1440+المدخلات!$B$5/1440)),"00")&IF(HOUR((المدخلات!$B$4+2*المدخلات!$B$5/1440))<12," ص"," م") -> 4:30–4:45 م | C13: 1 ضد 6 | D13: 2 ضد 5 | E13: 3 ضد 4
B14: =MOD(HOUR((المدخلات!$B$4+3*المدخلات!$B$5/1440))-1,12)+1&":"&TEXT(MINUTE((المدخلات!$B$4+3*المدخلات!$B$5/1440)),"00")&"–"&MOD(HOUR((المدخلات!$B$4+3*المدخلات!$B$5/1440+المدخلات!$B$5/1440))-1,12)+1&":"&TEXT(MINUTE((المدخلات!$B$4+3*المدخلات!$B$5/1440+المدخلات!$B$5/1440)),"00")&IF(HOUR((المدخلات!$B$4+3*المدخلات!$B$5/1440))<12," ص"," م") -> 4:45–5:00 م | C14: استراحة (لا توجد مباريات)
B15: =MOD(HOUR((المدخلات!$B$4+4*المدخلات!$B$5/1440))-1,12)+1&":"&TEXT(MINUTE((المدخلات!$B$4+4*المدخلات!$B$5/1440)),"00")&"–"&MOD(HOUR((المدخلات!$B$4+4*المدخلات!$B$5/1440+المدخلات!$B$5/1440))-1,12)+1&":"&TEXT(MINUTE((المدخلات!$B$4+4*المدخلات!$B$5/1440+المدخلات!$B$5/1440)),"00")&IF(HOUR((المدخلات!$B$4+4*المدخلات!$B$5/1440))<12," ص"," م") -> 5:00–5:15 م | C15: 1 ضد 5 | D15: 6 ضد 4 | E15: 2 ضد 3
B16: =MOD(HOUR((المدخلات!$B$4+5*المدخلات!$B$5/1440))-1,12)+1&":"&TEXT(MINUTE((المدخلات!$B$4+5*المدخلات!$B$5/1440)),"00")&"–"&MOD(HOUR((المدخلات!$B$4+5*المدخلات!$B$5/1440+المدخلات!$B$5/1440))-1,12)+1&":"&TEXT(MINUTE((المدخلات!$B$4+5*المدخلات!$B$5/1440+المدخلات!$B$5/1440)),"00")&IF(HOUR((المدخلات!$B$4+5*المدخلات!$B$5/1440))<12," ص"," م") -> 5:15–5:30 م | C16: استراحة (لا توجد مباريات)
B17: =MOD(HOUR((المدخلات!$B$4+6*المدخلات!$B$5/1440))-1,12)+1&":"&TEXT(MINUTE((المدخلات!$B$4+6*المدخلات!$B$5/1440)),"00")&"–"&MOD(HOUR((المدخلات!$B$4+6*المدخلات!$B$5/1440+المدخلات!$B$5/1440))-1,12)+1&":"&TEXT(MINUTE((المدخلات!$B$4+6*المدخلات!$B$5/1440+المدخلات!$B$5/1440)),"00")&IF(HOUR((المدخلات!$B$4+6*المدخلات!$B$5/1440))<12," ص"," م") -> 5:30–5:45 م | C17: 6 ضد 2 | D17: 5 ضد 3 | E17: 1 ضد 4
A18: اليوم 3 | B18: =MOD(HOUR((المدخلات!$B$4+0*المدخلات!$B$5/1440))-1,12)+1&":"&TEXT(MINUTE((المدخلات!$B$4+0*المدخلات!$B$5/1440)),"00")&"–"&MOD(HOUR((المدخلات!$B$4+0*المدخلات!$B$5/1440+المدخلات!$B$5/1440))-1,12)+1&":"&TEXT(MINUTE((المدخلات!$B$4+0*المدخلات!$B$5/1440+المدخلات!$B$5/1440)),"00")&IF(HOUR((المدخلات!$B$4+0*المدخلات!$B$5/1440))<12," ص"," م") -> 4:00–4:15 م | C18: 4 ضد 2 | D18: 1 ضد 3 | E18: 5 ضد 6 | F18: =COUNTIF(C18:E24,"* ضد *") -> 12 | G18: =COUNTIF(C18:E24,"* ضد *")*2/6 -> 4
B19: =MOD(HOUR((المدخلات!$B$4+1*المدخلات!$B$5/1440))-1,12)+1&":"&TEXT(MINUTE((المدخلات!$B$4+1*المدخلات!$B$5/1440)),"00")&"–"&MOD(HOUR((المدخلات!$B$4+1*المدخلات!$B$5/1440+المدخلات!$B$5/1440))-1,12)+1&":"&TEXT(MINUTE((المدخلات!$B$4+1*المدخلات!$B$5/1440+المدخلات!$B$5/1440)),"00")&IF(HOUR((المدخلات!$B$4+1*المدخلات!$B$5/1440))<12," ص"," م") -> 4:15–4:30 م | C19: استراحة (لا توجد مباريات)
B20: =MOD(HOUR((المدخلات!$B$4+2*المدخلات!$B$5/1440))-1,12)+1&":"&TEXT(MINUTE((المدخلات!$B$4+2*المدخلات!$B$5/1440)),"00")&"–"&MOD(HOUR((المدخلات!$B$4+2*المدخلات!$B$5/1440+المدخلات!$B$5/1440))-1,12)+1&":"&TEXT(MINUTE((المدخلات!$B$4+2*المدخلات!$B$5/1440+المدخلات!$B$5/1440)),"00")&IF(HOUR((المدخلات!$B$4+2*المدخلات!$B$5/1440))<12," ص"," م") -> 4:30–4:45 م | C20: 3 ضد 6 | D20: 1 ضد 2 | E20: 4 ضد 5
B21: =MOD(HOUR((المدخلات!$B$4+3*المدخلات!$B$5/1440))-1,12)+1&":"&TEXT(MINUTE((المدخلات!$B$4+3*المدخلات!$B$5/1440)),"00")&"–"&MOD(HOUR((المدخلات!$B$4+3*المدخلات!$B$5/1440+المدخلات!$B$5/1440))-1,12)+1&":"&TEXT(MINUTE((المدخلات!$B$4+3*المدخلات!$B$5/1440+المدخلات!$B$5/1440)),"00")&IF(HOUR((المدخلات!$B$4+3*المدخلات!$B$5/1440))<12," ص"," م") -> 4:45–5:00 م | C21: استراحة (لا توجد مباريات)
B22: =MOD(HOUR((المدخلات!$B$4+4*المدخلات!$B$5/1440))-1,12)+1&":"&TEXT(MINUTE((المدخلات!$B$4+4*المدخلات!$B$5/1440)),"00")&"–"&MOD(HOUR((المدخلات!$B$4+4*المدخلات!$B$5/1440+المدخلات!$B$5/1440))-1,12)+1&":"&TEXT(MINUTE((المدخلات!$B$4+4*المدخلات!$B$5/1440+المدخلات!$B$5/1440)),"00")&IF(HOUR((المدخلات!$B$4+4*المدخلات!$B$5/1440))<12," ص"," م") -> 5:00–5:15 م | C22: 3 ضد 4 | D22: 2 ضد 5 | E22: 1 ضد 6
B23: =MOD(HOUR((المدخلات!$B$4+5*المدخلات!$B$5/1440))-1,12)+1&":"&TEXT(MINUTE((المدخلات!$B$4+5*المدخلات!$B$5/1440)),"00")&"–"&MOD(HOUR((المدخلات!$B$4+5*المدخلات!$B$5/1440+المدخلات!$B$5/1440))-1,12)+1&":"&TEXT(MINUTE((المدخلات!$B$4+5*المدخلات!$B$5/1440+المدخلات!$B$5/1440)),"00")&IF(HOUR((المدخلات!$B$4+5*المدخلات!$B$5/1440))<12," ص"," م") -> 5:15–5:30 م | C23: استراحة (لا توجد مباريات)
B24: =MOD(HOUR((المدخلات!$B$4+6*المدخلات!$B$5/1440))-1,12)+1&":"&TEXT(MINUTE((المدخلات!$B$4+6*المدخلات!$B$5/1440)),"00")&"–"&MOD(HOUR((المدخلات!$B$4+6*المدخلات!$B$5/1440+المدخلات!$B$5/1440))-1,12)+1&":"&TEXT(MINUTE((المدخلات!$B$4+6*المدخلات!$B$5/1440+المدخلات!$B$5/1440)),"00")&IF(HOUR((المدخلات!$B$4+6*المدخلات!$B$5/1440))<12," ص"," م") -> 5:30–5:45 م | C24: 1 ضد 5 | D24: 6 ضد 4 | E24: 2 ضد 3
A25: اليوم 4 | B25: =MOD(HOUR((المدخلات!$B$4+0*المدخلات!$B$5/1440))-1,12)+1&":"&TEXT(MINUTE((المدخلات!$B$4+0*المدخلات!$B$5/1440)),"00")&"–"&MOD(HOUR((المدخلات!$B$4+0*المدخلات!$B$5/1440+المدخلات!$B$5/1440))-1,12)+1&":"&TEXT(MINUTE((المدخلات!$B$4+0*المدخلات!$B$5/1440+المدخلات!$B$5/1440)),"00")&IF(HOUR((المدخلات!$B$4+0*المدخلات!$B$5/1440))<12," ص"," م") -> 4:00–4:15 م | C25: 1 ضد 4 | D25: 5 ضد 3 | E25: 6 ضد 2 | F25: =COUNTIF(C25:E31,"* ضد *") -> 12 | G25: =COUNTIF(C25:E31,"* ضد *")*2/6 -> 4
B26: =MOD(HOUR((المدخلات!$B$4+1*المدخلات!$B$5/1440))-1,12)+1&":"&TEXT(MINUTE((المدخلات!$B$4+1*المدخلات!$B$5/1440)),"00")&"–"&MOD(HOUR((المدخلات!$B$4+1*المدخلات!$B$5/1440+المدخلات!$B$5/1440))-1,12)+1&":"&TEXT(MINUTE((المدخلات!$B$4+1*المدخلات!$B$5/1440+المدخلات!$B$5/1440)),"00")&IF(HOUR((المدخلات!$B$4+1*المدخلات!$B$5/1440))<12," ص"," م") -> 4:15–4:30 م | C26: استراحة (لا توجد مباريات)
B27: =MOD(HOUR((المدخلات!$B$4+2*المدخلات!$B$5/1440))-1,12)+1&":"&TEXT(MINUTE((المدخلات!$B$4+2*المدخلات!$B$5/1440)),"00")&"–"&MOD(HOUR((المدخلات!$B$4+2*المدخلات!$B$5/1440+المدخلات!$B$5/1440))-1,12)+1&":"&TEXT(MINUTE((المدخلات!$B$4+2*المدخلات!$B$5/1440+المدخلات!$B$5/1440)),"00")&IF(HOUR((المدخلات!$B$4+2*المدخلات!$B$5/1440))<12," ص"," م") -> 4:30–4:45 م | C27: 5 ضد 6 | D27: 4 ضد 2 | E27: 1 ضد 3
B28: =MOD(HOUR((المدخلات!$B$4+3*المدخلات!$B$5/1440))-1,12)+1&":"&TEXT(MINUTE((المدخلات!$B$4+3*المدخلات!$B$5/1440)),"00")&"–"&MOD(HOUR((المدخلات!$B$4+3*المدخلات!$B$5/1440+المدخلات!$B$5/1440))-1,12)+1&":"&TEXT(MINUTE((المدخلات!$B$4+3*المدخلات!$B$5/1440+المدخلات!$B$5/1440)),"00")&IF(HOUR((المدخلات!$B$4+3*المدخلات!$B$5/1440))<12," ص"," م") -> 4:45–5:00 م | C28: استراحة (لا توجد مباريات)
B29: =MOD(HOUR((المدخلات!$B$4+4*المدخلات!$B$5/1440))-1,12)+1&":"&TEXT(MINUTE((المدخلات!$B$4+4*المدخلات!$B$5/1440)),"00")&"–"&MOD(HOUR((المدخلات!$B$4+4*المدخلات!$B$5/1440+المدخلات!$B$5/1440))-1,12)+1&":"&TEXT(MINUTE((المدخلات!$B$4+4*المدخلات!$B$5/1440+المدخلات!$B$5/1440)),"00")&IF(HOUR((المدخلات!$B$4+4*المدخلات!$B$5/1440))<12," ص"," م") -> 5:00–5:15 م | C29: 3 ضد 6 | D29: 1 ضد 2 | E29: 4 ضد 5
B30: =MOD(HOUR((المدخلات!$B$4+5*المدخلات!$B$5/1440))-1,12)+1&":"&TEXT(MINUTE((المدخلات!$B$4+5*المدخلات!$B$5/1440)),"00")&"–"&MOD(HOUR((المدخلات!$B$4+5*المدخلات!$B$5/1440+المدخلات!$B$5/1440))-1,12)+1&":"&TEXT(MINUTE((المدخلات!$B$4+5*المدخلات!$B$5/1440+المدخلات!$B$5/1440)),"00")&IF(HOUR((المدخلات!$B$4+5*المدخلات!$B$5/1440))<12," ص"," م") -> 5:15–5:30 م | C30: استراحة (لا توجد مباريات)
B31: =MOD(HOUR((المدخلات!$B$4+6*المدخلات!$B$5/1440))-1,12)+1&":"&TEXT(MINUTE((المدخلات!$B$4+6*المدخلات!$B$5/1440)),"00")&"–"&MOD(HOUR((المدخلات!$B$4+6*المدخلات!$B$5/1440+المدخلات!$B$5/1440))-1,12)+1&":"&TEXT(MINUTE((المدخلات!$B$4+6*المدخلات!$B$5/1440+المدخلات!$B$5/1440)),"00")&IF(HOUR((المدخلات!$B$4+6*المدخلات!$B$5/1440))<12," ص"," م") -> 5:30–5:45 م | C31: 2 ضد 5 | D31: 1 ضد 6 | E31: 3 ضد 4
A32: اليوم 5 | B32: =MOD(HOUR((المدخلات!$B$4+0*المدخلات!$B$5/1440))-1,12)+1&":"&TEXT(MINUTE((المدخلات!$B$4+0*المدخلات!$B$5/1440)),"00")&"–"&MOD(HOUR((المدخلات!$B$4+0*المدخلات!$B$5/1440+المدخلات!$B$5/1440))-1,12)+1&":"&TEXT(MINUTE((المدخلات!$B$4+0*المدخلات!$B$5/1440+المدخلات!$B$5/1440)),"00")&IF(HOUR((المدخلات!$B$4+0*المدخلات!$B$5/1440))<12," ص"," م") -> 4:00–4:15 م | C32: 2 ضد 3 | D32: 6 ضد 4 | E32: 1 ضد 5 | F32: =COUNTIF(C32:E38,"* ضد *") -> 12 | G32: =COUNTIF(C32:E38,"* ضد *")*2/6 -> 4
B33: =MOD(HOUR((المدخلات!$B$4+1*المدخلات!$B$5/1440))-1,12)+1&":"&TEXT(MINUTE((المدخلات!$B$4+1*المدخلات!$B$5/1440)),"00")&"–"&MOD(HOUR((المدخلات!$B$4+1*المدخلات!$B$5/1440+المدخلات!$B$5/1440))-1,12)+1&":"&TEXT(MINUTE((المدخلات!$B$4+1*المدخلات!$B$5/1440+المدخلات!$B$5/1440)),"00")&IF(HOUR((المدخلات!$B$4+1*المدخلات!$B$5/1440))<12," ص"," م") -> 4:15–4:30 م | C33: استراحة (لا توجد مباريات)
B34: =MOD(HOUR((المدخلات!$B$4+2*المدخلات!$B$5/1440))-1,12)+1&":"&TEXT(MINUTE((المدخلات!$B$4+2*المدخلات!$B$5/1440)),"00")&"–"&MOD(HOUR((المدخلات!$B$4+2*المدخلات!$B$5/1440+المدخلات!$B$5/1440))-1,12)+1&":"&TEXT(MINUTE((المدخلات!$B$4+2*المدخلات!$B$5/1440+المدخلات!$B$5/1440)),"00")&IF(HOUR((المدخلات!$B$4+2*المدخلات!$B$5/1440))<12," ص"," م") -> 4:30–4:45 م | C34: 1 ضد 4 | D34: 5 ضد 3 | E34: 6 ضد 2
B35: =MOD(HOUR((المدخلات!$B$4+3*المدخلات!$B$5/1440))-1,12)+1&":"&TEXT(MINUTE((المدخلات!$B$4+3*المدخلات!$B$5/1440)),"00")&"–"&MOD(HOUR((المدخلات!$B$4+3*المدخلات!$B$5/1440+المدخلات!$B$5/1440))-1,12)+1&":"&TEXT(MINUTE((المدخلات!$B$4+3*المدخلات!$B$5/1440+المدخلات!$B$5/1440)),"00")&IF(HOUR((المدخلات!$B$4+3*المدخلات!$B$5/1440))<12," ص"," م") -> 4:45–5:00 م | C35: استراحة (لا توجد مباريات)
B36: =MOD(HOUR((المدخلات!$B$4+4*المدخلات!$B$5/1440))-1,12)+1&":"&TEXT(MINUTE((المدخلات!$B$4+4*المدخلات!$B$5/1440)),"00")&"–"&MOD(HOUR((المدخلات!$B$4+4*المدخلات!$B$5/1440+المدخلات!$B$5/1440))-1,12)+1&":"&TEXT(MINUTE((المدخلات!$B$4+4*المدخلات!$B$5/1440+المدخلات!$B$5/1440)),"00")&IF(HOUR((المدخلات!$B$4+4*المدخلات!$B$5/1440))<12," ص"," م") -> 5:00–5:15 م | C36: 1 ضد 3 | D36: 4 ضد 2 | E36: 5 ضد 6
B37: =MOD(HOUR((المدخلات!$B$4+5*المدخلات!$B$5/1440))-1,12)+1&":"&TEXT(MINUTE((المدخلات!$B$4+5*المدخلات!$B$5/1440)),"00")&"–"&MOD(HOUR((المدخلات!$B$4+5*المدخلات!$B$5/1440+المدخلات!$B$5/1440))-1,12)+1&":"&TEXT(MINUTE((المدخلات!$B$4+5*المدخلات!$B$5/1440+المدخلات!$B$5/1440)),"00")&IF(HOUR((المدخلات!$B$4+5*المدخلات!$B$5/1440))<12," ص"," م") -> 5:15–5:30 م | C37: استراحة (لا توجد مباريات)
B38: =MOD(HOUR((المدخلات!$B$4+6*المدخلات!$B$5/1440))-1,12)+1&":"&TEXT(MINUTE((المدخلات!$B$4+6*المدخلات!$B$5/1440)),"00")&"–"&MOD(HOUR((المدخلات!$B$4+6*المدخلات!$B$5/1440+المدخلات!$B$5/1440))-1,12)+1&":"&TEXT(MINUTE((المدخلات!$B$4+6*المدخلات!$B$5/1440+المدخلات!$B$5/1440)),"00")&IF(HOUR((المدخلات!$B$4+6*المدخلات!$B$5/1440))<12," ص"," م") -> 5:30–5:45 م | C38: 4 ضد 5 | D38: 3 ضد 6 | E38: 1 ضد 2
A39: اليوم 6 | B39: =MOD(HOUR((المدخلات!$B$4+0*المدخلات!$B$5/1440))-1,12)+1&":"&TEXT(MINUTE((المدخلات!$B$4+0*المدخلات!$B$5/1440)),"00")&"–"&MOD(HOUR((المدخلات!$B$4+0*المدخلات!$B$5/1440+المدخلات!$B$5/1440))-1,12)+1&":"&TEXT(MINUTE((المدخلات!$B$4+0*المدخلات!$B$5/1440+المدخلات!$B$5/1440)),"00")&IF(HOUR((المدخلات!$B$4+0*المدخلات!$B$5/1440))<12," ص"," م") -> 4:00–4:15 م | C39: 2 ضد 5 | D39: 1 ضد 6 | E39: 3 ضد 4 | F39: =COUNTIF(C39:E47,"* ضد *") -> 15 | G39: =COUNTIF(C39:E47,"* ضد *")*2/6 -> 5
B40: =MOD(HOUR((المدخلات!$B$4+1*المدخلات!$B$5/1440))-1,12)+1&":"&TEXT(MINUTE((المدخلات!$B$4+1*المدخلات!$B$5/1440)),"00")&"–"&MOD(HOUR((المدخلات!$B$4+1*المدخلات!$B$5/1440+المدخلات!$B$5/1440))-1,12)+1&":"&TEXT(MINUTE((المدخلات!$B$4+1*المدخلات!$B$5/1440+المدخلات!$B$5/1440)),"00")&IF(HOUR((المدخلات!$B$4+1*المدخلات!$B$5/1440))<12," ص"," م") -> 4:15–4:30 م | C40: استراحة (لا توجد مباريات)
B41: =MOD(HOUR((المدخلات!$B$4+2*المدخلات!$B$5/1440))-1,12)+1&":"&TEXT(MINUTE((المدخلات!$B$4+2*المدخلات!$B$5/1440)),"00")&"–"&MOD(HOUR((المدخلات!$B$4+2*المدخلات!$B$5/1440+المدخلات!$B$5/1440))-1,12)+1&":"&TEXT(MINUTE((المدخلات!$B$4+2*المدخلات!$B$5/1440+المدخلات!$B$5/1440)),"00")&IF(HOUR((المدخلات!$B$4+2*المدخلات!$B$5/1440))<12," ص"," م") -> 4:30–4:45 م | C41: 6 ضد 4 | D41: 1 ضد 5 | E41: 2 ضد 3
B42: =MOD(HOUR((المدخلات!$B$4+3*المدخلات!$B$5/1440))-1,12)+1&":"&TEXT(MINUTE((المدخلات!$B$4+3*المدخلات!$B$5/1440)),"00")&"–"&MOD(HOUR((المدخلات!$B$4+3*المدخلات!$B$5/1440+المدخلات!$B$5/1440))-1,12)+1&":"&TEXT(MINUTE((المدخلات!$B$4+3*المدخلات!$B$5/1440+المدخلات!$B$5/1440)),"00")&IF(HOUR((المدخلات!$B$4+3*المدخلات!$B$5/1440))<12," ص"," م") -> 4:45–5:00 م | C42: استراحة (لا توجد مباريات)
B43: =MOD(HOUR((المدخلات!$B$4+4*المدخلات!$B$5/1440))-1,12)+1&":"&TEXT(MINUTE((المدخلات!$B$4+4*المدخلات!$B$5/1440)),"00")&"–"&MOD(HOUR((المدخلات!$B$4+4*المدخلات!$B$5/1440+المدخلات!$B$5/1440))-1,12)+1&":"&TEXT(MINUTE((المدخلات!$B$4+4*المدخلات!$B$5/1440+المدخلات!$B$5/1440)),"00")&IF(HOUR((المدخلات!$B$4+4*المدخلات!$B$5/1440))<12," ص"," م") -> 5:00–5:15 م | C43: 6 ضد 2 | D43: 5 ضد 3 | E43: 1 ضد 4
B44: =MOD(HOUR((المدخلات!$B$4+5*المدخلات!$B$5/1440))-1,12)+1&":"&TEXT(MINUTE((المدخلات!$B$4+5*المدخلات!$B$5/1440)),"00")&"–"&MOD(HOUR((المدخلات!$B$4+5*المدخلات!$B$5/1440+المدخلات!$B$5/1440))-1,12)+1&":"&TEXT(MINUTE((المدخلات!$B$4+5*المدخلات!$B$5/1440+المدخلات!$B$5/1440)),"00")&IF(HOUR((المدخلات!$B$4+5*المدخلات!$B$5/1440))<12," ص"," م") -> 5:15–5:30 م | C44: استراحة (لا توجد مباريات)
B45: =MOD(HOUR((المدخلات!$B$4+6*المدخلات!$B$5/1440))-1,12)+1&":"&TEXT(MINUTE((المدخلات!$B$4+6*المدخلات!$B$5/1440)),"00")&"–"&MOD(HOUR((المدخلات!$B$4+6*المدخلات!$B$5/1440+المدخلات!$B$5/1440))-1,12)+1&":"&TEXT(MINUTE((المدخلات!$B$4+6*المدخلات!$B$5/1440+المدخلات!$B$5/1440)),"00")&IF(HOUR((المدخلات!$B$4+6*المدخلات!$B$5/1440))<12," ص"," م") -> 5:30–5:45 م | C45: 1 ضد 3 | D45: 4 ضد 2 | E45: 5 ضد 6
B46: =MOD(HOUR((المدخلات!$B$4+7*المدخلات!$B$5/1440))-1,12)+1&":"&TEXT(MINUTE((المدخلات!$B$4+7*المدخلات!$B$5/1440)),"00")&"–"&MOD(HOUR((المدخلات!$B$4+7*المدخلات!$B$5/1440+المدخلات!$B$5/1440))-1,12)+1&":"&TEXT(MINUTE((المدخلات!$B$4+7*المدخلات!$B$5/1440+المدخلات!$B$5/1440)),"00")&IF(HOUR((المدخلات!$B$4+7*المدخلات!$B$5/1440))<12," ص"," م") -> 5:45–6:00 م | C46: استراحة (لا توجد مباريات)
B47: =MOD(HOUR((المدخلات!$B$4+8*المدخلات!$B$5/1440))-1,12)+1&":"&TEXT(MINUTE((المدخلات!$B$4+8*المدخلات!$B$5/1440)),"00")&"–"&MOD(HOUR((المدخلات!$B$4+8*المدخلات!$B$5/1440+المدخلات!$B$5/1440))-1,12)+1&":"&TEXT(MINUTE((المدخلات!$B$4+8*المدخلات!$B$5/1440+المدخلات!$B$5/1440)),"00")&IF(HOUR((المدخلات!$B$4+8*المدخلات!$B$5/1440))<12," ص"," م") -> 6:00–6:15 م | C47: 1 ضد 2 | D47: 3 ضد 6 | E47: 4 ضد 5
B50: توزيع الفرق على مجموعة حائل — يُعبّأ بأسماء الفرق
B51: # | C51: الفرق (1-6) | F51: التصنيف
B52: 1 | C52: الطائي | F52: نادي
B53: 2 | C53: الجبلين | F53: نادي
B54: 3 | C54: الريان | F54: نادي
B55: 4 | C55: نادي جبة | F55: نادي
B56: 5 | C56: فيد | F56: نادي
B57: 6 | C57: تكتيك | F57: أكاديمية
B60: توزيع الفرق على مجموعة القريات — يُعبّأ بأسماء الفرق
B61: # | C61: الفرق (1-6) | F61: التصنيف
B62: 1 | C62: القريات (1) | F62: نادي
B63: 2 | C63: القريات (2) | F63: نادي
B64: 3 | C64: اشبيلية بارك الرياضية (1) | F64: أكاديمية
B65: 4 | C65: اشبيلية بارك الرياضية (2) | F65: أكاديمية
B66: 5 | C66: وولف | F66: هواة
B67: 6 | C67: باريس الجوف | F67: هواة
B70: توزيع الفرق على مجموعة شرورة — يُعبّأ بأسماء الفرق
B71: # | C71: الفرق (1-6) | F71: التصنيف
B72: 1 | C72: الصحاري | F72: نادي
B73: 2 | C73: جوهرة المستقبل (1) | F73: أكاديمية
B74: 3 | C74: جوهرة المستقبل (2) | F74: أكاديمية
B75: 4 | C75: جوهرة المستقبل (3) | F75: أكاديمية
B76: 5 | C76: جوهرة المستقبل (4) | F76: أكاديمية
B77: 6 | C77: نادي السهام | F77: هواة

Sheet 7 فرق
A1: جدول مباريات المجموعات التي فيها 7 فريقًا
A3: اليوم | B3: الوقت | C3: ملعب 1 | D3: ملعب 2 | E3: مجموع مباريات اليوم | F3: مباريات كل فريق في اليوم | H3: لاعبو الفترة (عمود مساعد) | J3: الفريق | K3: عدد مبارياته | L3: مباريات متتالية | M3: راحة 15 دقيقة | N3: راحة 30 دقيقة | O3: راحة أطول من 30
A4: اليوم 1 | B4: =MOD(HOUR((المدخلات!$B$4+0*المدخلات!$B$5/1440))-1,12)+1&":"&TEXT(MINUTE((المدخلات!$B$4+0*المدخلات!$B$5/1440)),"00")&"–"&MOD(HOUR((المدخلات!$B$4+0*المدخلات!$B$5/1440+المدخلات!$B$5/1440))-1,12)+1&":"&TEXT(MINUTE((المدخلات!$B$4+0*المدخلات!$B$5/1440+المدخلات!$B$5/1440)),"00")&IF(HOUR((المدخلات!$B$4+0*المدخلات!$B$5/1440))<12," ص"," م") -> 4:00–4:15 م | C4: 1 ضد 5 | D4: 3 ضد 6 | E4: =COUNTIF(C4:D12,"* ضد *") -> 14 | F4: =COUNTIF(C4:D12,"* ضد *")*2/7 -> 4 | H4: =_xlfn.TEXTJOIN(" ",TRUE,C4:D4) -> 1 ضد 5 3 ضد 6 | J4: 1 | K4: {=SUMPRODUCT(--ISNUMBER(SEARCH(" "&$J4&" "," "&H$4:H$57&" ")))} -> 24 | L4: {=SUMPRODUCT(--ISNUMBER(SEARCH(" "&$J4&" "," "&H$4:H$56&" ")),--ISNUMBER(SEARCH(" "&$J4&" "," "&H$5:H$57&" ")),--(MOD(ROW(H$4:H$56)-4,$K$12)<=$K$12-2))} -> 0 | M4: {=SUMPRODUCT(--ISNUMBER(SEARCH(" "&$J4&" "," "&H$4:H$55&" ")),--ISNUMBER(SEARCH(" "&$J4&" "," "&H$6:H$57&" ")),--(MOD(ROW(H$4:H$55)-4,$K$12)<=$K$12-3))} -> 12 | N4: {=SUMPRODUCT(--ISNUMBER(SEARCH(" "&$J4&" "," "&H$4:H$54&" ")),--ISNUMBER(SEARCH(" "&$J4&" "," "&H$7:H$57&" ")),--(MOD(ROW(H$4:H$54)-4,$K$12)<=$K$12-4))} -> 6 | O4: =K4*3/4-L4-M4-N4 -> 0
B5: =MOD(HOUR((المدخلات!$B$4+1*المدخلات!$B$5/1440))-1,12)+1&":"&TEXT(MINUTE((المدخلات!$B$4+1*المدخلات!$B$5/1440)),"00")&"–"&MOD(HOUR((المدخلات!$B$4+1*المدخلات!$B$5/1440+المدخلات!$B$5/1440))-1,12)+1&":"&TEXT(MINUTE((المدخلات!$B$4+1*المدخلات!$B$5/1440+المدخلات!$B$5/1440)),"00")&IF(HOUR((المدخلات!$B$4+1*المدخلات!$B$5/1440))<12," ص"," م") -> 4:15–4:30 م | C5: 2 ضد 7 | H5: =_xlfn.TEXTJOIN(" ",TRUE,C5:D5) -> 2 ضد 7 | J5: 2 | K5: {=SUMPRODUCT(--ISNUMBER(SEARCH(" "&$J5&" "," "&H$4:H$57&" ")))} -> 24 | L5: {=SUMPRODUCT(--ISNUMBER(SEARCH(" "&$J5&" "," "&H$4:H$56&" ")),--ISNUMBER(SEARCH(" "&$J5&" "," "&H$5:H$57&" ")),--(MOD(ROW(H$4:H$56)-4,$K$12)<=$K$12-2))} -> 0 | M5: {=SUMPRODUCT(--ISNUMBER(SEARCH(" "&$J5&" "," "&H$4:H$55&" ")),--ISNUMBER(SEARCH(" "&$J5&" "," "&H$6:H$57&" ")),--(MOD(ROW(H$4:H$55)-4,$K$12)<=$K$12-3))} -> 13 | N5: {=SUMPRODUCT(--ISNUMBER(SEARCH(" "&$J5&" "," "&H$4:H$54&" ")),--ISNUMBER(SEARCH(" "&$J5&" "," "&H$7:H$57&" ")),--(MOD(ROW(H$4:H$54)-4,$K$12)<=$K$12-4))} -> 5 | O5: =K5*3/4-L5-M5-N5 -> 0
B6: =MOD(HOUR((المدخلات!$B$4+2*المدخلات!$B$5/1440))-1,12)+1&":"&TEXT(MINUTE((المدخلات!$B$4+2*المدخلات!$B$5/1440)),"00")&"–"&MOD(HOUR((المدخلات!$B$4+2*المدخلات!$B$5/1440+المدخلات!$B$5/1440))-1,12)+1&":"&TEXT(MINUTE((المدخلات!$B$4+2*المدخلات!$B$5/1440+المدخلات!$B$5/1440)),"00")&IF(HOUR((المدخلات!$B$4+2*المدخلات!$B$5/1440))<12," ص"," م") -> 4:30–4:45 م | C6: 1 ضد 4 | D6: 3 ضد 5 | H6: =_xlfn.TEXTJOIN(" ",TRUE,C6:D6) -> 1 ضد 4 3 ضد 5 | J6: 3 | K6: {=SUMPRODUCT(--ISNUMBER(SEARCH(" "&$J6&" "," "&H$4:H$57&" ")))} -> 24 | L6: {=SUMPRODUCT(--ISNUMBER(SEARCH(" "&$J6&" "," "&H$4:H$56&" ")),--ISNUMBER(SEARCH(" "&$J6&" "," "&H$5:H$57&" ")),--(MOD(ROW(H$4:H$56)-4,$K$12)<=$K$12-2))} -> 0 | M6: {=SUMPRODUCT(--ISNUMBER(SEARCH(" "&$J6&" "," "&H$4:H$55&" ")),--ISNUMBER(SEARCH(" "&$J6&" "," "&H$6:H$57&" ")),--(MOD(ROW(H$4:H$55)-4,$K$12)<=$K$12-3))} -> 13 | N6: {=SUMPRODUCT(--ISNUMBER(SEARCH(" "&$J6&" "," "&H$4:H$54&" ")),--ISNUMBER(SEARCH(" "&$J6&" "," "&H$7:H$57&" ")),--(MOD(ROW(H$4:H$54)-4,$K$12)<=$K$12-4))} -> 5 | O6: =K6*3/4-L6-M6-N6 -> 0
B7: =MOD(HOUR((المدخلات!$B$4+3*المدخلات!$B$5/1440))-1,12)+1&":"&TEXT(MINUTE((المدخلات!$B$4+3*المدخلات!$B$5/1440)),"00")&"–"&MOD(HOUR((المدخلات!$B$4+3*المدخلات!$B$5/1440+المدخلات!$B$5/1440))-1,12)+1&":"&TEXT(MINUTE((المدخلات!$B$4+3*المدخلات!$B$5/1440+المدخلات!$B$5/1440)),"00")&IF(HOUR((المدخلات!$B$4+3*المدخلات!$B$5/1440))<12," ص"," م") -> 4:45–5:00 م | C7: 2 ضد 6 | H7: =_xlfn.TEXTJOIN(" ",TRUE,C7:D7) -> 2 ضد 6 | J7: 4 | K7: {=SUMPRODUCT(--ISNUMBER(SEARCH(" "&$J7&" "," "&H$4:H$57&" ")))} -> 24 | L7: {=SUMPRODUCT(--ISNUMBER(SEARCH(" "&$J7&" "," "&H$4:H$56&" ")),--ISNUMBER(SEARCH(" "&$J7&" "," "&H$5:H$57&" ")),--(MOD(ROW(H$4:H$56)-4,$K$12)<=$K$12-2))} -> 0 | M7: {=SUMPRODUCT(--ISNUMBER(SEARCH(" "&$J7&" "," "&H$4:H$55&" ")),--ISNUMBER(SEARCH(" "&$J7&" "," "&H$6:H$57&" ")),--(MOD(ROW(H$4:H$55)-4,$K$12)<=$K$12-3))} -> 13 | N7: {=SUMPRODUCT(--ISNUMBER(SEARCH(" "&$J7&" "," "&H$4:H$54&" ")),--ISNUMBER(SEARCH(" "&$J7&" "," "&H$7:H$57&" ")),--(MOD(ROW(H$4:H$54)-4,$K$12)<=$K$12-4))} -> 5 | O7: =K7*3/4-L7-M7-N7 -> 0
B8: =MOD(HOUR((المدخلات!$B$4+4*المدخلات!$B$5/1440))-1,12)+1&":"&TEXT(MINUTE((المدخلات!$B$4+4*المدخلات!$B$5/1440)),"00")&"–"&MOD(HOUR((المدخلات!$B$4+4*المدخلات!$B$5/1440+المدخلات!$B$5/1440))-1,12)+1&":"&TEXT(MINUTE((المدخلات!$B$4+4*المدخلات!$B$5/1440+المدخلات!$B$5/1440)),"00")&IF(HOUR((المدخلات!$B$4+4*المدخلات!$B$5/1440))<12," ص"," م") -> 5:00–5:15 م | C8: 3 ضد 4 | D8: 5 ضد 7 | H8: =_xlfn.TEXTJOIN(" ",TRUE,C8:D8) -> 3 ضد 4 5 ضد 7 | J8: 5 | K8: {=SUMPRODUCT(--ISNUMBER(SEARCH(" "&$J8&" "," "&H$4:H$57&" ")))} -> 24 | L8: {=SUMPRODUCT(--ISNUMBER(SEARCH(" "&$J8&" "," "&H$4:H$56&" ")),--ISNUMBER(SEARCH(" "&$J8&" "," "&H$5:H$57&" ")),--(MOD(ROW(H$4:H$56)-4,$K$12)<=$K$12-2))} -> 0 | M8: {=SUMPRODUCT(--ISNUMBER(SEARCH(" "&$J8&" "," "&H$4:H$55&" ")),--ISNUMBER(SEARCH(" "&$J8&" "," "&H$6:H$57&" ")),--(MOD(ROW(H$4:H$55)-4,$K$12)<=$K$12-3))} -> 13 | N8: {=SUMPRODUCT(--ISNUMBER(SEARCH(" "&$J8&" "," "&H$4:H$54&" ")),--ISNUMBER(SEARCH(" "&$J8&" "," "&H$7:H$57&" ")),--(MOD(ROW(H$4:H$54)-4,$K$12)<=$K$12-4))} -> 5 | O8: =K8*3/4-L8-M8-N8 -> 0
B9: =MOD(HOUR((المدخلات!$B$4+5*المدخلات!$B$5/1440))-1,12)+1&":"&TEXT(MINUTE((المدخلات!$B$4+5*المدخلات!$B$5/1440)),"00")&"–"&MOD(HOUR((المدخلات!$B$4+5*المدخلات!$B$5/1440+المدخلات!$B$5/1440))-1,12)+1&":"&TEXT(MINUTE((المدخلات!$B$4+5*المدخلات!$B$5/1440+المدخلات!$B$5/1440)),"00")&IF(HOUR((المدخلات!$B$4+5*المدخلات!$B$5/1440))<12," ص"," م") -> 5:15–5:30 م | C9: 1 ضد 6 | H9: =_xlfn.TEXTJOIN(" ",TRUE,C9:D9) -> 1 ضد 6 | J9: 6 | K9: {=SUMPRODUCT(--ISNUMBER(SEARCH(" "&$J9&" "," "&H$4:H$57&" ")))} -> 24 | L9: {=SUMPRODUCT(--ISNUMBER(SEARCH(" "&$J9&" "," "&H$4:H$56&" ")),--ISNUMBER(SEARCH(" "&$J9&" "," "&H$5:H$57&" ")),--(MOD(ROW(H$4:H$56)-4,$K$12)<=$K$12-2))} -> 0 | M9: {=SUMPRODUCT(--ISNUMBER(SEARCH(" "&$J9&" "," "&H$4:H$55&" ")),--ISNUMBER(SEARCH(" "&$J9&" "," "&H$6:H$57&" ")),--(MOD(ROW(H$4:H$55)-4,$K$12)<=$K$12-3))} -> 13 | N9: {=SUMPRODUCT(--ISNUMBER(SEARCH(" "&$J9&" "," "&H$4:H$54&" ")),--ISNUMBER(SEARCH(" "&$J9&" "," "&H$7:H$57&" ")),--(MOD(ROW(H$4:H$54)-4,$K$12)<=$K$12-4))} -> 5 | O9: =K9*3/4-L9-M9-N9 -> 0
B10: =MOD(HOUR((المدخلات!$B$4+6*المدخلات!$B$5/1440))-1,12)+1&":"&TEXT(MINUTE((المدخلات!$B$4+6*المدخلات!$B$5/1440)),"00")&"–"&MOD(HOUR((المدخلات!$B$4+6*المدخلات!$B$5/1440+المدخلات!$B$5/1440))-1,12)+1&":"&TEXT(MINUTE((المدخلات!$B$4+6*المدخلات!$B$5/1440+المدخلات!$B$5/1440)),"00")&IF(HOUR((المدخلات!$B$4+6*المدخلات!$B$5/1440))<12," ص"," م") -> 5:30–5:45 م | C10: 2 ضد 3 | D10: 4 ضد 7 | H10: =_xlfn.TEXTJOIN(" ",TRUE,C10:D10) -> 2 ضد 3 4 ضد 7 | J10: 7 | K10: {=SUMPRODUCT(--ISNUMBER(SEARCH(" "&$J10&" "," "&H$4:H$57&" ")))} -> 24 | L10: {=SUMPRODUCT(--ISNUMBER(SEARCH(" "&$J10&" "," "&H$4:H$56&" ")),--ISNUMBER(SEARCH(" "&$J10&" "," "&H$5:H$57&" ")),--(MOD(ROW(H$4:H$56)-4,$K$12)<=$K$12-2))} -> 0 | M10: {=SUMPRODUCT(--ISNUMBER(SEARCH(" "&$J10&" "," "&H$4:H$55&" ")),--ISNUMBER(SEARCH(" "&$J10&" "," "&H$6:H$57&" ")),--(MOD(ROW(H$4:H$55)-4,$K$12)<=$K$12-3))} -> 13 | N10: {=SUMPRODUCT(--ISNUMBER(SEARCH(" "&$J10&" "," "&H$4:H$54&" ")),--ISNUMBER(SEARCH(" "&$J10&" "," "&H$7:H$57&" ")),--(MOD(ROW(H$4:H$54)-4,$K$12)<=$K$12-4))} -> 5 | O10: =K10*3/4-L10-M10-N10 -> 0
B11: =MOD(HOUR((المدخلات!$B$4+7*المدخلات!$B$5/1440))-1,12)+1&":"&TEXT(MINUTE((المدخلات!$B$4+7*المدخلات!$B$5/1440)),"00")&"–"&MOD(HOUR((المدخلات!$B$4+7*المدخلات!$B$5/1440+المدخلات!$B$5/1440))-1,12)+1&":"&TEXT(MINUTE((المدخلات!$B$4+7*المدخلات!$B$5/1440+المدخلات!$B$5/1440)),"00")&IF(HOUR((المدخلات!$B$4+7*المدخلات!$B$5/1440))<12," ص"," م") -> 5:45–6:00 م | C11: 5 ضد 6 | H11: =_xlfn.TEXTJOIN(" ",TRUE,C11:D11) -> 5 ضد 6 | J11: المجموع | K11: =SUM(K4:K10) -> 168 | L11: =SUM(L4:L10) -> 0 | M11: =SUM(M4:M10) -> 90 | N11: =SUM(N4:N10) -> 36 | O11: =SUM(O4:O10) -> 0
B12: =MOD(HOUR((المدخلات!$B$4+8*المدخلات!$B$5/1440))-1,12)+1&":"&TEXT(MINUTE((المدخلات!$B$4+8*المدخلات!$B$5/1440)),"00")&"–"&MOD(HOUR((المدخلات!$B$4+8*المدخلات!$B$5/1440+المدخلات!$B$5/1440))-1,12)+1&":"&TEXT(MINUTE((المدخلات!$B$4+8*المدخلات!$B$5/1440+المدخلات!$B$5/1440)),"00")&IF(HOUR((المدخلات!$B$4+8*المدخلات!$B$5/1440))<12," ص"," م") -> 6:00–6:15 م | C12: 4 ضد 2 | D12: 1 ضد 7 | H12: =_xlfn.TEXTJOIN(" ",TRUE,C12:D12) -> 4 ضد 2 1 ضد 7 | J12: فترات اليوم | K12: =COUNTA($B$4:$B$57)/COUNTIF($A$4:$A$57,"اليوم *") -> 9
A13: اليوم 2 | B13: =MOD(HOUR((المدخلات!$B$4+0*المدخلات!$B$5/1440))-1,12)+1&":"&TEXT(MINUTE((المدخلات!$B$4+0*المدخلات!$B$5/1440)),"00")&"–"&MOD(HOUR((المدخلات!$B$4+0*المدخلات!$B$5/1440+المدخلات!$B$5/1440))-1,12)+1&":"&TEXT(MINUTE((المدخلات!$B$4+0*المدخلات!$B$5/1440+المدخلات!$B$5/1440)),"00")&IF(HOUR((المدخلات!$B$4+0*المدخلات!$B$5/1440))<12," ص"," م") -> 4:00–4:15 م | C13: 2 ضد 5 | D13: 4 ضد 6 | E13: =COUNTIF(C13:D21,"* ضد *") -> 14 | F13: =COUNTIF(C13:D21,"* ضد *")*2/7 -> 4 | H13: =_xlfn.TEXTJOIN(" ",TRUE,C13:D13) -> 2 ضد 5 4 ضد 6
B14: =MOD(HOUR((المدخلات!$B$4+1*المدخلات!$B$5/1440))-1,12)+1&":"&TEXT(MINUTE((المدخلات!$B$4+1*المدخلات!$B$5/1440)),"00")&"–"&MOD(HOUR((المدخلات!$B$4+1*المدخلات!$B$5/1440+المدخلات!$B$5/1440))-1,12)+1&":"&TEXT(MINUTE((المدخلات!$B$4+1*المدخلات!$B$5/1440+المدخلات!$B$5/1440)),"00")&IF(HOUR((المدخلات!$B$4+1*المدخلات!$B$5/1440))<12," ص"," م") -> 4:15–4:30 م | C14: 3 ضد 7 | H14: =_xlfn.TEXTJOIN(" ",TRUE,C14:D14) -> 3 ضد 7
B15: =MOD(HOUR((المدخلات!$B$4+2*المدخلات!$B$5/1440))-1,12)+1&":"&TEXT(MINUTE((المدخلات!$B$4+2*المدخلات!$B$5/1440)),"00")&"–"&MOD(HOUR((المدخلات!$B$4+2*المدخلات!$B$5/1440+المدخلات!$B$5/1440))-1,12)+1&":"&TEXT(MINUTE((المدخلات!$B$4+2*المدخلات!$B$5/1440+المدخلات!$B$5/1440)),"00")&IF(HOUR((المدخلات!$B$4+2*المدخلات!$B$5/1440))<12," ص"," م") -> 4:30–4:45 م | C15: 1 ضد 2 | D15: 4 ضد 5 | H15: =_xlfn.TEXTJOIN(" ",TRUE,C15:D15) -> 1 ضد 2 4 ضد 5
B16: =MOD(HOUR((المدخلات!$B$4+3*المدخلات!$B$5/1440))-1,12)+1&":"&TEXT(MINUTE((المدخلات!$B$4+3*المدخلات!$B$5/1440)),"00")&"–"&MOD(HOUR((المدخلات!$B$4+3*المدخلات!$B$5/1440+المدخلات!$B$5/1440))-1,12)+1&":"&TEXT(MINUTE((المدخلات!$B$4+3*المدخلات!$B$5/1440+المدخلات!$B$5/1440)),"00")&IF(HOUR((المدخلات!$B$4+3*المدخلات!$B$5/1440))<12," ص"," م") -> 4:45–5:00 م | C16: 6 ضد 7 | H16: =_xlfn.TEXTJOIN(" ",TRUE,C16:D16) -> 6 ضد 7
B17: =MOD(HOUR((المدخلات!$B$4+4*المدخلات!$B$5/1440))-1,12)+1&":"&TEXT(MINUTE((المدخلات!$B$4+4*المدخلات!$B$5/1440)),"00")&"–"&MOD(HOUR((المدخلات!$B$4+4*المدخلات!$B$5/1440+المدخلات!$B$5/1440))-1,12)+1&":"&TEXT(MINUTE((المدخلات!$B$4+4*المدخلات!$B$5/1440+المدخلات!$B$5/1440)),"00")&IF(HOUR((المدخلات!$B$4+4*المدخلات!$B$5/1440))<12," ص"," م") -> 5:00–5:15 م | C17: 1 ضد 3 | D17: 2 ضد 4 | H17: =_xlfn.TEXTJOIN(" ",TRUE,C17:D17) -> 1 ضد 3 2 ضد 4
B18: =MOD(HOUR((المدخلات!$B$4+5*المدخلات!$B$5/1440))-1,12)+1&":"&TEXT(MINUTE((المدخلات!$B$4+5*المدخلات!$B$5/1440)),"00")&"–"&MOD(HOUR((المدخلات!$B$4+5*المدخلات!$B$5/1440+المدخلات!$B$5/1440))-1,12)+1&":"&TEXT(MINUTE((المدخلات!$B$4+5*المدخلات!$B$5/1440+المدخلات!$B$5/1440)),"00")&IF(HOUR((المدخلات!$B$4+5*المدخلات!$B$5/1440))<12," ص"," م") -> 5:15–5:30 م | C18: 5 ضد 7 | H18: =_xlfn.TEXTJOIN(" ",TRUE,C18:D18) -> 5 ضد 7
B19: =MOD(HOUR((المدخلات!$B$4+6*المدخلات!$B$5/1440))-1,12)+1&":"&TEXT(MINUTE((المدخلات!$B$4+6*المدخلات!$B$5/1440)),"00")&"–"&MOD(HOUR((المدخلات!$B$4+6*المدخلات!$B$5/1440+المدخلات!$B$5/1440))-1,12)+1&":"&TEXT(MINUTE((المدخلات!$B$4+6*المدخلات!$B$5/1440+المدخلات!$B$5/1440)),"00")&IF(HOUR((المدخلات!$B$4+6*المدخلات!$B$5/1440))<12," ص"," م") -> 5:30–5:45 م | C19: 1 ضد 6 | D19: 2 ضد 3 | H19: =_xlfn.TEXTJOIN(" ",TRUE,C19:D19) -> 1 ضد 6 2 ضد 3
B20: =MOD(HOUR((المدخلات!$B$4+7*المدخلات!$B$5/1440))-1,12)+1&":"&TEXT(MINUTE((المدخلات!$B$4+7*المدخلات!$B$5/1440)),"00")&"–"&MOD(HOUR((المدخلات!$B$4+7*المدخلات!$B$5/1440+المدخلات!$B$5/1440))-1,12)+1&":"&TEXT(MINUTE((المدخلات!$B$4+7*المدخلات!$B$5/1440+المدخلات!$B$5/1440)),"00")&IF(HOUR((المدخلات!$B$4+7*المدخلات!$B$5/1440))<12," ص"," م") -> 5:45–6:00 م | C20: 4 ضد 7 | H20: =_xlfn.TEXTJOIN(" ",TRUE,C20:D20) -> 4 ضد 7
B21: =MOD(HOUR((المدخلات!$B$4+8*المدخلات!$B$5/1440))-1,12)+1&":"&TEXT(MINUTE((المدخلات!$B$4+8*المدخلات!$B$5/1440)),"00")&"–"&MOD(HOUR((المدخلات!$B$4+8*المدخلات!$B$5/1440+المدخلات!$B$5/1440))-1,12)+1&":"&TEXT(MINUTE((المدخلات!$B$4+8*المدخلات!$B$5/1440+المدخلات!$B$5/1440)),"00")&IF(HOUR((المدخلات!$B$4+8*المدخلات!$B$5/1440))<12," ص"," م") -> 6:00–6:15 م | C21: 1 ضد 5 | D21: 3 ضد 6 | H21: =_xlfn.TEXTJOIN(" ",TRUE,C21:D21) -> 1 ضد 5 3 ضد 6
A22: اليوم 3 | B22: =MOD(HOUR((المدخلات!$B$4+0*المدخلات!$B$5/1440))-1,12)+1&":"&TEXT(MINUTE((المدخلات!$B$4+0*المدخلات!$B$5/1440)),"00")&"–"&MOD(HOUR((المدخلات!$B$4+0*المدخلات!$B$5/1440+المدخلات!$B$5/1440))-1,12)+1&":"&TEXT(MINUTE((المدخلات!$B$4+0*المدخلات!$B$5/1440+المدخلات!$B$5/1440)),"00")&IF(HOUR((المدخلات!$B$4+0*المدخلات!$B$5/1440))<12," ص"," م") -> 4:00–4:15 م | C22: 4 ضد 6 | D22: 2 ضد 7 | E22: =COUNTIF(C22:D30,"* ضد *") -> 14 | F22: =COUNTIF(C22:D30,"* ضد *")*2/7 -> 4 | H22: =_xlfn.TEXTJOIN(" ",TRUE,C22:D22) -> 4 ضد 6 2 ضد 7
B23: =MOD(HOUR((المدخلات!$B$4+1*المدخلات!$B$5/1440))-1,12)+1&":"&TEXT(MINUTE((المدخلات!$B$4+1*المدخلات!$B$5/1440)),"00")&"–"&MOD(HOUR((المدخلات!$B$4+1*المدخلات!$B$5/1440+المدخلات!$B$5/1440))-1,12)+1&":"&TEXT(MINUTE((المدخلات!$B$4+1*المدخلات!$B$5/1440+المدخلات!$B$5/1440)),"00")&IF(HOUR((المدخلات!$B$4+1*المدخلات!$B$5/1440))<12," ص"," م") -> 4:15–4:30 م | C23: 1 ضد 3 | H23: =_xlfn.TEXTJOIN(" ",TRUE,C23:D23) -> 1 ضد 3
B24: =MOD(HOUR((المدخلات!$B$4+2*المدخلات!$B$5/1440))-1,12)+1&":"&TEXT(MINUTE((المدخلات!$B$4+2*المدخلات!$B$5/1440)),"00")&"–"&MOD(HOUR((المدخلات!$B$4+2*المدخلات!$B$5/1440+المدخلات!$B$5/1440))-1,12)+1&":"&TEXT(MINUTE((المدخلات!$B$4+2*المدخلات!$B$5/1440+المدخلات!$B$5/1440)),"00")&IF(HOUR((المدخلات!$B$4+2*المدخلات!$B$5/1440))<12," ص"," م") -> 4:30–4:45 م | C24: 4 ضد 5 | D24: 6 ضد 7 | H24: =_xlfn.TEXTJOIN(" ",TRUE,C24:D24) -> 4 ضد 5 6 ضد 7
B25: =MOD(HOUR((المدخلات!$B$4+3*المدخلات!$B$5/1440))-1,12)+1&":"&TEXT(MINUTE((المدخلات!$B$4+3*المدخلات!$B$5/1440)),"00")&"–"&MOD(HOUR((المدخلات!$B$4+3*المدخلات!$B$5/1440+المدخلات!$B$5/1440))-1,12)+1&":"&TEXT(MINUTE((المدخلات!$B$4+3*المدخلات!$B$5/1440+المدخلات!$B$5/1440)),"00")&IF(HOUR((المدخلات!$B$4+3*المدخلات!$B$5/1440))<12," ص"," م") -> 4:45–5:00 م | C25: 1 ضد 2 | H25: =_xlfn.TEXTJOIN(" ",TRUE,C25:D25) -> 1 ضد 2
B26: =MOD(HOUR((المدخلات!$B$4+4*المدخلات!$B$5/1440))-1,12)+1&":"&TEXT(MINUTE((المدخلات!$B$4+4*المدخلات!$B$5/1440)),"00")&"–"&MOD(HOUR((المدخلات!$B$4+4*المدخلات!$B$5/1440+المدخلات!$B$5/1440))-1,12)+1&":"&TEXT(MINUTE((المدخلات!$B$4+4*المدخلات!$B$5/1440+المدخلات!$B$5/1440)),"00")&IF(HOUR((المدخلات!$B$4+4*المدخلات!$B$5/1440))<12," ص"," م") -> 5:00–5:15 م | C26: 6 ضد 5 | D26: 3 ضد 7 | H26: =_xlfn.TEXTJOIN(" ",TRUE,C26:D26) -> 6 ضد 5 3 ضد 7
B27: =MOD(HOUR((المدخلات!$B$4+5*المدخلات!$B$5/1440))-1,12)+1&":"&TEXT(MINUTE((المدخلات!$B$4+5*المدخلات!$B$5/1440)),"00")&"–"&MOD(HOUR((المدخلات!$B$4+5*المدخلات!$B$5/1440+المدخلات!$B$5/1440))-1,12)+1&":"&TEXT(MINUTE((المدخلات!$B$4+5*المدخلات!$B$5/1440+المدخلات!$B$5/1440)),"00")&IF(HOUR((المدخلات!$B$4+5*المدخلات!$B$5/1440))<12," ص"," م") -> 5:15–5:30 م | C27: 1 ضد 4 | H27: =_xlfn.TEXTJOIN(" ",TRUE,C27:D27) -> 1 ضد 4
B28: =MOD(HOUR((المدخلات!$B$4+6*المدخلات!$B$5/1440))-1,12)+1&":"&TEXT(MINUTE((المدخلات!$B$4+6*المدخلات!$B$5/1440)),"00")&"–"&MOD(HOUR((المدخلات!$B$4+6*المدخلات!$B$5/1440+المدخلات!$B$5/1440))-1,12)+1&":"&TEXT(MINUTE((المدخلات!$B$4+6*المدخلات!$B$5/1440+المدخلات!$B$5/1440)),"00")&IF(HOUR((المدخلات!$B$4+6*المدخلات!$B$5/1440))<12," ص"," م") -> 5:30–5:45 م | C28: 3 ضد 5 | D28: 2 ضد 6 | H28: =_xlfn.TEXTJOIN(" ",TRUE,C28:D28) -> 3 ضد 5 2 ضد 6
B29: =MOD(HOUR((المدخلات!$B$4+7*المدخلات!$B$5/1440))-1,12)+1&":"&TEXT(MINUTE((المدخلات!$B$4+7*المدخلات!$B$5/1440)),"00")&"–"&MOD(HOUR((المدخلات!$B$4+7*المدخلات!$B$5/1440+المدخلات!$B$5/1440))-1,12)+1&":"&TEXT(MINUTE((المدخلات!$B$4+7*المدخلات!$B$5/1440+المدخلات!$B$5/1440)),"00")&IF(HOUR((المدخلات!$B$4+7*المدخلات!$B$5/1440))<12," ص"," م") -> 5:45–6:00 م | C29: 1 ضد 7 | H29: =_xlfn.TEXTJOIN(" ",TRUE,C29:D29) -> 1 ضد 7
B30: =MOD(HOUR((المدخلات!$B$4+8*المدخلات!$B$5/1440))-1,12)+1&":"&TEXT(MINUTE((المدخلات!$B$4+8*المدخلات!$B$5/1440)),"00")&"–"&MOD(HOUR((المدخلات!$B$4+8*المدخلات!$B$5/1440+المدخلات!$B$5/1440))-1,12)+1&":"&TEXT(MINUTE((المدخلات!$B$4+8*المدخلات!$B$5/1440+المدخلات!$B$5/1440)),"00")&IF(HOUR((المدخلات!$B$4+8*المدخلات!$B$5/1440))<12," ص"," م") -> 6:00–6:15 م | C30: 2 ضد 5 | D30: 3 ضد 4 | H30: =_xlfn.TEXTJOIN(" ",TRUE,C30:D30) -> 2 ضد 5 3 ضد 4
A31: اليوم 4 | B31: =MOD(HOUR((المدخلات!$B$4+0*المدخلات!$B$5/1440))-1,12)+1&":"&TEXT(MINUTE((المدخلات!$B$4+0*المدخلات!$B$5/1440)),"00")&"–"&MOD(HOUR((المدخلات!$B$4+0*المدخلات!$B$5/1440+المدخلات!$B$5/1440))-1,12)+1&":"&TEXT(MINUTE((المدخلات!$B$4+0*المدخلات!$B$5/1440+المدخلات!$B$5/1440)),"00")&IF(HOUR((المدخلات!$B$4+0*المدخلات!$B$5/1440))<12," ص"," م") -> 4:00–4:15 م | C31: 1 ضد 5 | D31: 3 ضد 7 | E31: =COUNTIF(C31:D39,"* ضد *") -> 14 | F31: =COUNTIF(C31:D39,"* ضد *")*2/7 -> 4 | H31: =_xlfn.TEXTJOIN(" ",TRUE,C31:D31) -> 1 ضد 5 3 ضد 7
B32: =MOD(HOUR((المدخلات!$B$4+1*المدخلات!$B$5/1440))-1,12)+1&":"&TEXT(MINUTE((المدخلات!$B$4+1*المدخلات!$B$5/1440)),"00")&"–"&MOD(HOUR((المدخلات!$B$4+1*المدخلات!$B$5/1440+المدخلات!$B$5/1440))-1,12)+1&":"&TEXT(MINUTE((المدخلات!$B$4+1*المدخلات!$B$5/1440+المدخلات!$B$5/1440)),"00")&IF(HOUR((المدخلات!$B$4+1*المدخلات!$B$5/1440))<12," ص"," م") -> 4:15–4:30 م | C32: 4 ضد 6 | H32: =_xlfn.TEXTJOIN(" ",TRUE,C32:D32) -> 4 ضد 6
B33: =MOD(HOUR((المدخلات!$B$4+2*المدخلات!$B$5/1440))-1,12)+1&":"&TEXT(MINUTE((المدخلات!$B$4+2*المدخلات!$B$5/1440)),"00")&"–"&MOD(HOUR((المدخلات!$B$4+2*المدخلات!$B$5/1440+المدخلات!$B$5/1440))-1,12)+1&":"&TEXT(MINUTE((المدخلات!$B$4+2*المدخلات!$B$5/1440+المدخلات!$B$5/1440)),"00")&IF(HOUR((المدخلات!$B$4+2*المدخلات!$B$5/1440))<12," ص"," م") -> 4:30–4:45 م | C33: 1 ضد 2 | D33: 3 ضد 5 | H33: =_xlfn.TEXTJOIN(" ",TRUE,C33:D33) -> 1 ضد 2 3 ضد 5
B34: =MOD(HOUR((المدخلات!$B$4+3*المدخلات!$B$5/1440))-1,12)+1&":"&TEXT(MINUTE((المدخلات!$B$4+3*المدخلات!$B$5/1440)),"00")&"–"&MOD(HOUR((المدخلات!$B$4+3*المدخلات!$B$5/1440+المدخلات!$B$5/1440))-1,12)+1&":"&TEXT(MINUTE((المدخلات!$B$4+3*المدخلات!$B$5/1440+المدخلات!$B$5/1440)),"00")&IF(HOUR((المدخلات!$B$4+3*المدخلات!$B$5/1440))<12," ص"," م") -> 4:45–5:00 م | C34: 6 ضد 7 | H34: =_xlfn.TEXTJOIN(" ",TRUE,C34:D34) -> 6 ضد 7
B35: =MOD(HOUR((المدخلات!$B$4+4*المدخلات!$B$5/1440))-1,12)+1&":"&TEXT(MINUTE((المدخلات!$B$4+4*المدخلات!$B$5/1440)),"00")&"–"&MOD(HOUR((المدخلات!$B$4+4*المدخلات!$B$5/1440+المدخلات!$B$5/1440))-1,12)+1&":"&TEXT(MINUTE((المدخلات!$B$4+4*المدخلات!$B$5/1440+المدخلات!$B$5/1440)),"00")&IF(HOUR((المدخلات!$B$4+4*المدخلات!$B$5/1440))<12," ص"," م") -> 5:00–5:15 م | C35: 3 ضد 4 | D35: 2 ضد 5 | H35: =_xlfn.TEXTJOIN(" ",TRUE,C35:D35) -> 3 ضد 4 2 ضد 5
B36: =MOD(HOUR((المدخلات!$B$4+5*المدخلات!$B$5/1440))-1,12)+1&":"&TEXT(MINUTE((المدخلات!$B$4+5*المدخلات!$B$5/1440)),"00")&"–"&MOD(HOUR((المدخلات!$B$4+5*المدخلات!$B$5/1440+المدخلات!$B$5/1440))-1,12)+1&":"&TEXT(MINUTE((المدخلات!$B$4+5*المدخلات!$B$5/1440+المدخلات!$B$5/1440)),"00")&IF(HOUR((المدخلات!$B$4+5*المدخلات!$B$5/1440))<12," ص"," م") -> 5:15–5:30 م | C36: 1 ضد 7 | H36: =_xlfn.TEXTJOIN(" ",TRUE,C36:D36) -> 1 ضد 7
B37: =MOD(HOUR((المدخلات!$B$4+6*المدخلات!$B$5/1440))-1,12)+1&":"&TEXT(MINUTE((المدخلات!$B$4+6*المدخلات!$B$5/1440)),"00")&"–"&MOD(HOUR((المدخلات!$B$4+6*المدخلات!$B$5/1440+المدخلات!$B$5/1440))-1,12)+1&":"&TEXT(MINUTE((المدخلات!$B$4+6*المدخلات!$B$5/1440+المدخلات!$B$5/1440)),"00")&IF(HOUR((المدخلات!$B$4+6*المدخلات!$B$5/1440))<12," ص"," م") -> 5:30–5:45 م | C37: 2 ضد 4 | D37: 5 ضد 6 | H37: =_xlfn.TEXTJOIN(" ",TRUE,C37:D37) -> 2 ضد 4 5 ضد 6
B38: =MOD(HOUR((المدخلات!$B$4+7*المدخلات!$B$5/1440))-1,12)+1&":"&TEXT(MINUTE((المدخلات!$B$4+7*المدخلات!$B$5/1440)),"00")&"–"&MOD(HOUR((المدخلات!$B$4+7*المدخلات!$B$5/1440+المدخلات!$B$5/1440))-1,12)+1&":"&TEXT(MINUTE((المدخلات!$B$4+7*المدخلات!$B$5/1440+المدخلات!$B$5/1440)),"00")&IF(HOUR((المدخلات!$B$4+7*المدخلات!$B$5/1440))<12," ص"," م") -> 5:45–6:00 م | C38: 1 ضد 3 | H38: =_xlfn.TEXTJOIN(" ",TRUE,C38:D38) -> 1 ضد 3
B39: =MOD(HOUR((المدخلات!$B$4+8*المدخلات!$B$5/1440))-1,12)+1&":"&TEXT(MINUTE((المدخلات!$B$4+8*المدخلات!$B$5/1440)),"00")&"–"&MOD(HOUR((المدخلات!$B$4+8*المدخلات!$B$5/1440+المدخلات!$B$5/1440))-1,12)+1&":"&TEXT(MINUTE((المدخلات!$B$4+8*المدخلات!$B$5/1440+المدخلات!$B$5/1440)),"00")&IF(HOUR((المدخلات!$B$4+8*المدخلات!$B$5/1440))<12," ص"," م") -> 6:00–6:15 م | C39: 4 ضد 7 | D39: 2 ضد 6 | H39: =_xlfn.TEXTJOIN(" ",TRUE,C39:D39) -> 4 ضد 7 2 ضد 6
A40: اليوم 5 | B40: =MOD(HOUR((المدخلات!$B$4+0*المدخلات!$B$5/1440))-1,12)+1&":"&TEXT(MINUTE((المدخلات!$B$4+0*المدخلات!$B$5/1440)),"00")&"–"&MOD(HOUR((المدخلات!$B$4+0*المدخلات!$B$5/1440+المدخلات!$B$5/1440))-1,12)+1&":"&TEXT(MINUTE((المدخلات!$B$4+0*المدخلات!$B$5/1440+المدخلات!$B$5/1440)),"00")&IF(HOUR((المدخلات!$B$4+0*المدخلات!$B$5/1440))<12," ص"," م") -> 4:00–4:15 م | C40: 5 ضد 4 | D40: 1 ضد 6 | E40: =COUNTIF(C40:D48,"* ضد *") -> 14 | F40: =COUNTIF(C40:D48,"* ضد *")*2/7 -> 4 | H40: =_xlfn.TEXTJOIN(" ",TRUE,C40:D40) -> 5 ضد 4 1 ضد 6
B41: =MOD(HOUR((المدخلات!$B$4+1*المدخلات!$B$5/1440))-1,12)+1&":"&TEXT(MINUTE((المدخلات!$B$4+1*المدخلات!$B$5/1440)),"00")&"–"&MOD(HOUR((المدخلات!$B$4+1*المدخلات!$B$5/1440+المدخلات!$B$5/1440))-1,12)+1&":"&TEXT(MINUTE((المدخلات!$B$4+1*المدخلات!$B$5/1440+المدخلات!$B$5/1440)),"00")&IF(HOUR((المدخلات!$B$4+1*المدخلات!$B$5/1440))<12," ص"," م") -> 4:15–4:30 م | C41: 2 ضد 7 | H41: =_xlfn.TEXTJOIN(" ",TRUE,C41:D41) -> 2 ضد 7
B42: =MOD(HOUR((المدخلات!$B$4+2*المدخلات!$B$5/1440))-1,12)+1&":"&TEXT(MINUTE((المدخلات!$B$4+2*المدخلات!$B$5/1440)),"00")&"–"&MOD(HOUR((المدخلات!$B$4+2*المدخلات!$B$5/1440+المدخلات!$B$5/1440))-1,12)+1&":"&TEXT(MINUTE((المدخلات!$B$4+2*المدخلات!$B$5/1440+المدخلات!$B$5/1440)),"00")&IF(HOUR((المدخلات!$B$4+2*المدخلات!$B$5/1440))<12," ص"," م") -> 4:30–4:45 م | C42: 1 ضد 4 | D42: 3 ضد 6 | H42: =_xlfn.TEXTJOIN(" ",TRUE,C42:D42) -> 1 ضد 4 3 ضد 6
B43: =MOD(HOUR((المدخلات!$B$4+3*المدخلات!$B$5/1440))-1,12)+1&":"&TEXT(MINUTE((المدخلات!$B$4+3*المدخلات!$B$5/1440)),"00")&"–"&MOD(HOUR((المدخلات!$B$4+3*المدخلات!$B$5/1440+المدخلات!$B$5/1440))-1,12)+1&":"&TEXT(MINUTE((المدخلات!$B$4+3*المدخلات!$B$5/1440+المدخلات!$B$5/1440)),"00")&IF(HOUR((المدخلات!$B$4+3*المدخلات!$B$5/1440))<12," ص"," م") -> 4:45–5:00 م | C43: 5 ضد 7 | H43: =_xlfn.TEXTJOIN(" ",TRUE,C43:D43) -> 5 ضد 7
B44: =MOD(HOUR((المدخلات!$B$4+4*المدخلات!$B$5/1440))-1,12)+1&":"&TEXT(MINUTE((المدخلات!$B$4+4*المدخلات!$B$5/1440)),"00")&"–"&MOD(HOUR((المدخلات!$B$4+4*المدخلات!$B$5/1440+المدخلات!$B$5/1440))-1,12)+1&":"&TEXT(MINUTE((المدخلات!$B$4+4*المدخلات!$B$5/1440+المدخلات!$B$5/1440)),"00")&IF(HOUR((المدخلات!$B$4+4*المدخلات!$B$5/1440))<12," ص"," م") -> 5:00–5:15 م | C44: 2 ضد 3 | D44: 4 ضد 6 | H44: =_xlfn.TEXTJOIN(" ",TRUE,C44:D44) -> 2 ضد 3 4 ضد 6
B45: =MOD(HOUR((المدخلات!$B$4+5*المدخلات!$B$5/1440))-1,12)+1&":"&TEXT(MINUTE((المدخلات!$B$4+5*المدخلات!$B$5/1440)),"00")&"–"&MOD(HOUR((المدخلات!$B$4+5*المدخلات!$B$5/1440+المدخلات!$B$5/1440))-1,12)+1&":"&TEXT(MINUTE((المدخلات!$B$4+5*المدخلات!$B$5/1440+المدخلات!$B$5/1440)),"00")&IF(HOUR((المدخلات!$B$4+5*المدخلات!$B$5/1440))<12," ص"," م") -> 5:15–5:30 م | C45: 1 ضد 7 | H45: =_xlfn.TEXTJOIN(" ",TRUE,C45:D45) -> 1 ضد 7
B46: =MOD(HOUR((المدخلات!$B$4+6*المدخلات!$B$5/1440))-1,12)+1&":"&TEXT(MINUTE((المدخلات!$B$4+6*المدخلات!$B$5/1440)),"00")&"–"&MOD(HOUR((المدخلات!$B$4+6*المدخلات!$B$5/1440+المدخلات!$B$5/1440))-1,12)+1&":"&TEXT(MINUTE((المدخلات!$B$4+6*المدخلات!$B$5/1440+المدخلات!$B$5/1440)),"00")&IF(HOUR((المدخلات!$B$4+6*المدخلات!$B$5/1440))<12," ص"," م") -> 5:30–5:45 م | C46: 3 ضد 5 | D46: 2 ضد 6 | H46: =_xlfn.TEXTJOIN(" ",TRUE,C46:D46) -> 3 ضد 5 2 ضد 6
B47: =MOD(HOUR((المدخلات!$B$4+7*المدخلات!$B$5/1440))-1,12)+1&":"&TEXT(MINUTE((المدخلات!$B$4+7*المدخلات!$B$5/1440)),"00")&"–"&MOD(HOUR((المدخلات!$B$4+7*المدخلات!$B$5/1440+المدخلات!$B$5/1440))-1,12)+1&":"&TEXT(MINUTE((المدخلات!$B$4+7*المدخلات!$B$5/1440+المدخلات!$B$5/1440)),"00")&IF(HOUR((المدخلات!$B$4+7*المدخلات!$B$5/1440))<12," ص"," م") -> 5:45–6:00 م | C47: 4 ضد 7 | H47: =_xlfn.TEXTJOIN(" ",TRUE,C47:D47) -> 4 ضد 7
B48: =MOD(HOUR((المدخلات!$B$4+8*المدخلات!$B$5/1440))-1,12)+1&":"&TEXT(MINUTE((المدخلات!$B$4+8*المدخلات!$B$5/1440)),"00")&"–"&MOD(HOUR((المدخلات!$B$4+8*المدخلات!$B$5/1440+المدخلات!$B$5/1440))-1,12)+1&":"&TEXT(MINUTE((المدخلات!$B$4+8*المدخلات!$B$5/1440+المدخلات!$B$5/1440)),"00")&IF(HOUR((المدخلات!$B$4+8*المدخلات!$B$5/1440))<12," ص"," م") -> 6:00–6:15 م | C48: 3 ضد 1 | D48: 2 ضد 5 | H48: =_xlfn.TEXTJOIN(" ",TRUE,C48:D48) -> 3 ضد 1 2 ضد 5
A49: اليوم 6 | B49: =MOD(HOUR((المدخلات!$B$4+0*المدخلات!$B$5/1440))-1,12)+1&":"&TEXT(MINUTE((المدخلات!$B$4+0*المدخلات!$B$5/1440)),"00")&"–"&MOD(HOUR((المدخلات!$B$4+0*المدخلات!$B$5/1440+المدخلات!$B$5/1440))-1,12)+1&":"&TEXT(MINUTE((المدخلات!$B$4+0*المدخلات!$B$5/1440+المدخلات!$B$5/1440)),"00")&IF(HOUR((المدخلات!$B$4+0*المدخلات!$B$5/1440))<12," ص"," م") -> 4:00–4:15 م | C49: 4 ضد 2 | D49: 3 ضد 7 | E49: =COUNTIF(C49:D57,"* ضد *") -> 14 | F49: =COUNTIF(C49:D57,"* ضد *")*2/7 -> 4 | H49: =_xlfn.TEXTJOIN(" ",TRUE,C49:D49) -> 4 ضد 2 3 ضد 7
B50: =MOD(HOUR((المدخلات!$B$4+1*المدخلات!$B$5/1440))-1,12)+1&":"&TEXT(MINUTE((المدخلات!$B$4+1*المدخلات!$B$5/1440)),"00")&"–"&MOD(HOUR((المدخلات!$B$4+1*المدخلات!$B$5/1440+المدخلات!$B$5/1440))-1,12)+1&":"&TEXT(MINUTE((المدخلات!$B$4+1*المدخلات!$B$5/1440+المدخلات!$B$5/1440)),"00")&IF(HOUR((المدخلات!$B$4+1*المدخلات!$B$5/1440))<12," ص"," م") -> 4:15–4:30 م | C50: 1 ضد 6 | H50: =_xlfn.TEXTJOIN(" ",TRUE,C50:D50) -> 1 ضد 6
B51: =MOD(HOUR((المدخلات!$B$4+2*المدخلات!$B$5/1440))-1,12)+1&":"&TEXT(MINUTE((المدخلات!$B$4+2*المدخلات!$B$5/1440)),"00")&"–"&MOD(HOUR((المدخلات!$B$4+2*المدخلات!$B$5/1440+المدخلات!$B$5/1440))-1,12)+1&":"&TEXT(MINUTE((المدخلات!$B$4+2*المدخلات!$B$5/1440+المدخلات!$B$5/1440)),"00")&IF(HOUR((المدخلات!$B$4+2*المدخلات!$B$5/1440))<12," ص"," م") -> 4:30–4:45 م | C51: 3 ضد 4 | D51: 5 ضد 7 | H51: =_xlfn.TEXTJOIN(" ",TRUE,C51:D51) -> 3 ضد 4 5 ضد 7
B52: =MOD(HOUR((المدخلات!$B$4+3*المدخلات!$B$5/1440))-1,12)+1&":"&TEXT(MINUTE((المدخلات!$B$4+3*المدخلات!$B$5/1440)),"00")&"–"&MOD(HOUR((المدخلات!$B$4+3*المدخلات!$B$5/1440+المدخلات!$B$5/1440))-1,12)+1&":"&TEXT(MINUTE((المدخلات!$B$4+3*المدخلات!$B$5/1440+المدخلات!$B$5/1440)),"00")&IF(HOUR((المدخلات!$B$4+3*المدخلات!$B$5/1440))<12," ص"," م") -> 4:45–5:00 م | C52: 1 ضد 2 | H52: =_xlfn.TEXTJOIN(" ",TRUE,C52:D52) -> 1 ضد 2
B53: =MOD(HOUR((المدخلات!$B$4+4*المدخلات!$B$5/1440))-1,12)+1&":"&TEXT(MINUTE((المدخلات!$B$4+4*المدخلات!$B$5/1440)),"00")&"–"&MOD(HOUR((المدخلات!$B$4+4*المدخلات!$B$5/1440+المدخلات!$B$5/1440))-1,12)+1&":"&TEXT(MINUTE((المدخلات!$B$4+4*المدخلات!$B$5/1440+المدخلات!$B$5/1440)),"00")&IF(HOUR((المدخلات!$B$4+4*المدخلات!$B$5/1440))<12," ص"," م") -> 5:00–5:15 م | C53: 4 ضد 5 | D53: 6 ضد 7 | H53: =_xlfn.TEXTJOIN(" ",TRUE,C53:D53) -> 4 ضد 5 6 ضد 7
B54: =MOD(HOUR((المدخلات!$B$4+5*المدخلات!$B$5/1440))-1,12)+1&":"&TEXT(MINUTE((المدخلات!$B$4+5*المدخلات!$B$5/1440)),"00")&"–"&MOD(HOUR((المدخلات!$B$4+5*المدخلات!$B$5/1440+المدخلات!$B$5/1440))-1,12)+1&":"&TEXT(MINUTE((المدخلات!$B$4+5*المدخلات!$B$5/1440+المدخلات!$B$5/1440)),"00")&IF(HOUR((المدخلات!$B$4+5*المدخلات!$B$5/1440))<12," ص"," م") -> 5:15–5:30 م | C54: 2 ضد 3 | H54: =_xlfn.TEXTJOIN(" ",TRUE,C54:D54) -> 2 ضد 3
B55: =MOD(HOUR((المدخلات!$B$4+6*المدخلات!$B$5/1440))-1,12)+1&":"&TEXT(MINUTE((المدخلات!$B$4+6*المدخلات!$B$5/1440)),"00")&"–"&MOD(HOUR((المدخلات!$B$4+6*المدخلات!$B$5/1440+المدخلات!$B$5/1440))-1,12)+1&":"&TEXT(MINUTE((المدخلات!$B$4+6*المدخلات!$B$5/1440+المدخلات!$B$5/1440)),"00")&IF(HOUR((المدخلات!$B$4+6*المدخلات!$B$5/1440))<12," ص"," م") -> 5:30–5:45 م | C55: 4 ضد 1 | D55: 5 ضد 6 | H55: =_xlfn.TEXTJOIN(" ",TRUE,C55:D55) -> 4 ضد 1 5 ضد 6
B56: =MOD(HOUR((المدخلات!$B$4+7*المدخلات!$B$5/1440))-1,12)+1&":"&TEXT(MINUTE((المدخلات!$B$4+7*المدخلات!$B$5/1440)),"00")&"–"&MOD(HOUR((المدخلات!$B$4+7*المدخلات!$B$5/1440+المدخلات!$B$5/1440))-1,12)+1&":"&TEXT(MINUTE((المدخلات!$B$4+7*المدخلات!$B$5/1440+المدخلات!$B$5/1440)),"00")&IF(HOUR((المدخلات!$B$4+7*المدخلات!$B$5/1440))<12," ص"," م") -> 5:45–6:00 م | C56: 2 ضد 7 | H56: =_xlfn.TEXTJOIN(" ",TRUE,C56:D56) -> 2 ضد 7
B57: =MOD(HOUR((المدخلات!$B$4+8*المدخلات!$B$5/1440))-1,12)+1&":"&TEXT(MINUTE((المدخلات!$B$4+8*المدخلات!$B$5/1440)),"00")&"–"&MOD(HOUR((المدخلات!$B$4+8*المدخلات!$B$5/1440+المدخلات!$B$5/1440))-1,12)+1&":"&TEXT(MINUTE((المدخلات!$B$4+8*المدخلات!$B$5/1440+المدخلات!$B$5/1440)),"00")&IF(HOUR((المدخلات!$B$4+8*المدخلات!$B$5/1440))<12," ص"," م") -> 6:00–6:15 م | C57: 1 ضد 5 | D57: 3 ضد 6 | H57: =_xlfn.TEXTJOIN(" ",TRUE,C57:D57) -> 1 ضد 5 3 ضد 6
B60: توزيع الفرق على مجموعة مركز الرفيعة — يُعبّأ بأسماء الفرق
B61: # | C61: الفرق (1-7) | F61: التصنيف
B62: 1 | C62: قرية العليا | F62: أكاديمية
B63: 2 | C63: نخبة الصمان | F63: هواة
B64: 3 | C64: النخبوي | F64: هواة
B65: 4 | C65: اجيال اللهابه | F65: هواة
B66: 5 | C66: نجوم الرفاع | F66: هواة
B67: 6 | C67: مواهب الشيحية | F67: هواة
B68: 7 | C68: صقور الرفيعة | F68: هواة
B71: توزيع الفرق على مجموعة القطيف — يُعبّأ بأسماء الفرق
B72: # | C72: الفرق (1-7) | F72: التصنيف
B73: 1 | C73: الترجي | F73: نادي
B74: 2 | C74: مضر | F74: نادي
B75: 3 | C75: النور | F75: نادي
B76: 4 | C76: كات | F76: أكاديمية
B77: 5 | C77: مواهب الدانة | F77: أكاديمية
B78: 6 | C78: النجوم المضيئة | F78: أكاديمية
B79: 7 | C79: اتش اس سبورت | F79: أكاديمية

Sheet 8 فرق
A1: جدول مباريات المجموعات التي فيها 8 فرق
A3: اليوم | B3: الوقت | C3: ملعب 1 | D3: ملعب 2 | E3: ملعب 3 | F3: ملعب 4 | G3: مجموع مباريات اليوم | H3: مباريات كل فريق في اليوم
A4: اليوم 1 | B4: =MOD(HOUR((المدخلات!$B$4+0*المدخلات!$B$5/1440))-1,12)+1&":"&TEXT(MINUTE((المدخلات!$B$4+0*المدخلات!$B$5/1440)),"00")&"–"&MOD(HOUR((المدخلات!$B$4+0*المدخلات!$B$5/1440+المدخلات!$B$5/1440))-1,12)+1&":"&TEXT(MINUTE((المدخلات!$B$4+0*المدخلات!$B$5/1440+المدخلات!$B$5/1440)),"00")&IF(HOUR((المدخلات!$B$4+0*المدخلات!$B$5/1440))<12," ص"," م") -> 4:00–4:15 م | C4: 1 ضد 8 | D4: 2 ضد 7 | E4: 3 ضد 6 | F4: 4 ضد 5 | G4: =COUNTIF(C4:F10,"* ضد *") -> 16 | H4: =COUNTIF(C4:F10,"* ضد *")*2/8 -> 4
B5: =MOD(HOUR((المدخلات!$B$4+1*المدخلات!$B$5/1440))-1,12)+1&":"&TEXT(MINUTE((المدخلات!$B$4+1*المدخلات!$B$5/1440)),"00")&"–"&MOD(HOUR((المدخلات!$B$4+1*المدخلات!$B$5/1440+المدخلات!$B$5/1440))-1,12)+1&":"&TEXT(MINUTE((المدخلات!$B$4+1*المدخلات!$B$5/1440+المدخلات!$B$5/1440)),"00")&IF(HOUR((المدخلات!$B$4+1*المدخلات!$B$5/1440))<12," ص"," م") -> 4:15–4:30 م | C5: استراحة (لا توجد مباريات)
B6: =MOD(HOUR((المدخلات!$B$4+2*المدخلات!$B$5/1440))-1,12)+1&":"&TEXT(MINUTE((المدخلات!$B$4+2*المدخلات!$B$5/1440)),"00")&"–"&MOD(HOUR((المدخلات!$B$4+2*المدخلات!$B$5/1440+المدخلات!$B$5/1440))-1,12)+1&":"&TEXT(MINUTE((المدخلات!$B$4+2*المدخلات!$B$5/1440+المدخلات!$B$5/1440)),"00")&IF(HOUR((المدخلات!$B$4+2*المدخلات!$B$5/1440))<12," ص"," م") -> 4:30–4:45 م | C6: 3 ضد 4 | D6: 8 ضد 6 | E6: 2 ضد 5 | F6: 1 ضد 7
B7: =MOD(HOUR((المدخلات!$B$4+3*المدخلات!$B$5/1440))-1,12)+1&":"&TEXT(MINUTE((المدخلات!$B$4+3*المدخلات!$B$5/1440)),"00")&"–"&MOD(HOUR((المدخلات!$B$4+3*المدخلات!$B$5/1440+المدخلات!$B$5/1440))-1,12)+1&":"&TEXT(MINUTE((المدخلات!$B$4+3*المدخلات!$B$5/1440+المدخلات!$B$5/1440)),"00")&IF(HOUR((المدخلات!$B$4+3*المدخلات!$B$5/1440))<12," ص"," م") -> 4:45–5:00 م | C7: استراحة (لا توجد مباريات)
B8: =MOD(HOUR((المدخلات!$B$4+4*المدخلات!$B$5/1440))-1,12)+1&":"&TEXT(MINUTE((المدخلات!$B$4+4*المدخلات!$B$5/1440)),"00")&"–"&MOD(HOUR((المدخلات!$B$4+4*المدخلات!$B$5/1440+المدخلات!$B$5/1440))-1,12)+1&":"&TEXT(MINUTE((المدخلات!$B$4+4*المدخلات!$B$5/1440+المدخلات!$B$5/1440)),"00")&IF(HOUR((المدخلات!$B$4+4*المدخلات!$B$5/1440))<12," ص"," م") -> 5:00–5:15 م | C8: 7 ضد 5 | D8: 1 ضد 6 | E8: 8 ضد 4 | F8: 2 ضد 3
B9: =MOD(HOUR((المدخلات!$B$4+5*المدخلات!$B$5/1440))-1,12)+1&":"&TEXT(MINUTE((المدخلات!$B$4+5*المدخلات!$B$5/1440)),"00")&"–"&MOD(HOUR((المدخلات!$B$4+5*المدخلات!$B$5/1440+المدخلات!$B$5/1440))-1,12)+1&":"&TEXT(MINUTE((المدخلات!$B$4+5*المدخلات!$B$5/1440+المدخلات!$B$5/1440)),"00")&IF(HOUR((المدخلات!$B$4+5*المدخلات!$B$5/1440))<12," ص"," م") -> 5:15–5:30 م | C9: استراحة (لا توجد مباريات)
B10: =MOD(HOUR((المدخلات!$B$4+6*المدخلات!$B$5/1440))-1,12)+1&":"&TEXT(MINUTE((المدخلات!$B$4+6*المدخلات!$B$5/1440)),"00")&"–"&MOD(HOUR((المدخلات!$B$4+6*المدخلات!$B$5/1440+المدخلات!$B$5/1440))-1,12)+1&":"&TEXT(MINUTE((المدخلات!$B$4+6*المدخلات!$B$5/1440+المدخلات!$B$5/1440)),"00")&IF(HOUR((المدخلات!$B$4+6*المدخلات!$B$5/1440))<12," ص"," م") -> 5:30–5:45 م | C10: 6 ضد 4 | D10: 7 ضد 3 | E10: 1 ضد 5 | F10: 8 ضد 2
A11: اليوم 2 | B11: =MOD(HOUR((المدخلات!$B$4+0*المدخلات!$B$5/1440))-1,12)+1&":"&TEXT(MINUTE((المدخلات!$B$4+0*المدخلات!$B$5/1440)),"00")&"–"&MOD(HOUR((المدخلات!$B$4+0*المدخلات!$B$5/1440+المدخلات!$B$5/1440))-1,12)+1&":"&TEXT(MINUTE((المدخلات!$B$4+0*المدخلات!$B$5/1440+المدخلات!$B$5/1440)),"00")&IF(HOUR((المدخلات!$B$4+0*المدخلات!$B$5/1440))<12," ص"," م") -> 4:00–4:15 م | C11: 6 ضد 2 | D11: 1 ضد 4 | E11: 7 ضد 8 | F11: 5 ضد 3 | G11: =COUNTIF(C11:F17,"* ضد *") -> 16 | H11: =COUNTIF(C11:F17,"* ضد *")*2/8 -> 4
B12: =MOD(HOUR((المدخلات!$B$4+1*المدخلات!$B$5/1440))-1,12)+1&":"&TEXT(MINUTE((المدخلات!$B$4+1*المدخلات!$B$5/1440)),"00")&"–"&MOD(HOUR((المدخلات!$B$4+1*المدخلات!$B$5/1440+المدخلات!$B$5/1440))-1,12)+1&":"&TEXT(MINUTE((المدخلات!$B$4+1*المدخلات!$B$5/1440+المدخلات!$B$5/1440)),"00")&IF(HOUR((المدخلات!$B$4+1*المدخلات!$B$5/1440))<12," ص"," م") -> 4:15–4:30 م | C12: استراحة (لا توجد مباريات)
B13: =MOD(HOUR((المدخلات!$B$4+2*المدخلات!$B$5/1440))-1,12)+1&":"&TEXT(MINUTE((المدخلات!$B$4+2*المدخلات!$B$5/1440)),"00")&"–"&MOD(HOUR((المدخلات!$B$4+2*المدخلات!$B$5/1440+المدخلات!$B$5/1440))-1,12)+1&":"&TEXT(MINUTE((المدخلات!$B$4+2*المدخلات!$B$5/1440+المدخلات!$B$5/1440)),"00")&IF(HOUR((المدخلات!$B$4+2*المدخلات!$B$5/1440))<12," ص"," م") -> 4:30–4:45 م | C13: 1 ضد 3 | D13: 5 ضد 8 | E13: 4 ضد 2 | F13: 6 ضد 7
B14: =MOD(HOUR((المدخلات!$B$4+3*المدخلات!$B$5/1440))-1,12)+1&":"&TEXT(MINUTE((المدخلات!$B$4+3*المدخلات!$B$5/1440)),"00")&"–"&MOD(HOUR((المدخلات!$B$4+3*المدخلات!$B$5/1440+المدخلات!$B$5/1440))-1,12)+1&":"&TEXT(MINUTE((المدخلات!$B$4+3*المدخلات!$B$5/1440+المدخلات!$B$5/1440)),"00")&IF(HOUR((المدخلات!$B$4+3*المدخلات!$B$5/1440))<12," ص"," م") -> 4:45–5:00 م | C14: استراحة (لا توجد مباريات)
B15: =MOD(HOUR((المدخلات!$B$4+4*المدخلات!$B$5/1440))-1,12)+1&":"&TEXT(MINUTE((المدخلات!$B$4+4*المدخلات!$B$5/1440)),"00")&"–"&MOD(HOUR((المدخلات!$B$4+4*المدخلات!$B$5/1440+المدخلات!$B$5/1440))-1,12)+1&":"&TEXT(MINUTE((المدخلات!$B$4+4*المدخلات!$B$5/1440+المدخلات!$B$5/1440)),"00")&IF(HOUR((المدخلات!$B$4+4*المدخلات!$B$5/1440))<12," ص"," م") -> 5:00–5:15 م | C15: 4 ضد 7 | D15: 5 ضد 6 | E15: 1 ضد 2 | F15: 3 ضد 8
B16: =MOD(HOUR((المدخلات!$B$4+5*المدخلات!$B$5/1440))-1,12)+1&":"&TEXT(MINUTE((المدخلات!$B$4+5*المدخلات!$B$5/1440)),"00")&"–"&MOD(HOUR((المدخلات!$B$4+5*المدخلات!$B$5/1440+المدخلات!$B$5/1440))-1,12)+1&":"&TEXT(MINUTE((المدخلات!$B$4+5*المدخلات!$B$5/1440+المدخلات!$B$5/1440)),"00")&IF(HOUR((المدخلات!$B$4+5*المدخلات!$B$5/1440))<12," ص"," م") -> 5:15–5:30 م | C16: استراحة (لا توجد مباريات)
B17: =MOD(HOUR((المدخلات!$B$4+6*المدخلات!$B$5/1440))-1,12)+1&":"&TEXT(MINUTE((المدخلات!$B$4+6*المدخلات!$B$5/1440)),"00")&"–"&MOD(HOUR((المدخلات!$B$4+6*المدخلات!$B$5/1440+المدخلات!$B$5/1440))-1,12)+1&":"&TEXT(MINUTE((المدخلات!$B$4+6*المدخلات!$B$5/1440+المدخلات!$B$5/1440)),"00")&IF(HOUR((المدخلات!$B$4+6*المدخلات!$B$5/1440))<12," ص"," م") -> 5:30–5:45 م | C17: 2 ضد 7 | D17: 4 ضد 5 | E17: 3 ضد 6 | F17: 1 ضد 8
A18: اليوم 3 | B18: =MOD(HOUR((المدخلات!$B$4+0*المدخلات!$B$5/1440))-1,12)+1&":"&TEXT(MINUTE((المدخلات!$B$4+0*المدخلات!$B$5/1440)),"00")&"–"&MOD(HOUR((المدخلات!$B$4+0*المدخلات!$B$5/1440+المدخلات!$B$5/1440))-1,12)+1&":"&TEXT(MINUTE((المدخلات!$B$4+0*المدخلات!$B$5/1440+المدخلات!$B$5/1440)),"00")&IF(HOUR((المدخلات!$B$4+0*المدخلات!$B$5/1440))<12," ص"," م") -> 4:00–4:15 م | C18: 8 ضد 6 | D18: 3 ضد 4 | E18: 1 ضد 7 | F18: 2 ضد 5 | G18: =COUNTIF(C18:F24,"* ضد *") -> 16 | H18: =COUNTIF(C18:F24,"* ضد *")*2/8 -> 4
B19: =MOD(HOUR((المدخلات!$B$4+1*المدخلات!$B$5/1440))-1,12)+1&":"&TEXT(MINUTE((المدخلات!$B$4+1*المدخلات!$B$5/1440)),"00")&"–"&MOD(HOUR((المدخلات!$B$4+1*المدخلات!$B$5/1440+المدخلات!$B$5/1440))-1,12)+1&":"&TEXT(MINUTE((المدخلات!$B$4+1*المدخلات!$B$5/1440+المدخلات!$B$5/1440)),"00")&IF(HOUR((المدخلات!$B$4+1*المدخلات!$B$5/1440))<12," ص"," م") -> 4:15–4:30 م | C19: استراحة (لا توجد مباريات)
B20: =MOD(HOUR((المدخلات!$B$4+2*المدخلات!$B$5/1440))-1,12)+1&":"&TEXT(MINUTE((المدخلات!$B$4+2*المدخلات!$B$5/1440)),"00")&"–"&MOD(HOUR((المدخلات!$B$4+2*المدخلات!$B$5/1440+المدخلات!$B$5/1440))-1,12)+1&":"&TEXT(MINUTE((المدخلات!$B$4+2*المدخلات!$B$5/1440+المدخلات!$B$5/1440)),"00")&IF(HOUR((المدخلات!$B$4+2*المدخلات!$B$5/1440))<12," ص"," م") -> 4:30–4:45 م | C20: 7 ضد 5 | D20: 2 ضد 3 | E20: 8 ضد 4 | F20: 1 ضد 6
B21: =MOD(HOUR((المدخلات!$B$4+3*المدخلات!$B$5/1440))-1,12)+1&":"&TEXT(MINUTE((المدخلات!$B$4+3*المدخلات!$B$5/1440)),"00")&"–"&MOD(HOUR((المدخلات!$B$4+3*المدخلات!$B$5/1440+المدخلات!$B$5/1440))-1,12)+1&":"&TEXT(MINUTE((المدخلات!$B$4+3*المدخلات!$B$5/1440+المدخلات!$B$5/1440)),"00")&IF(HOUR((المدخلات!$B$4+3*المدخلات!$B$5/1440))<12," ص"," م") -> 4:45–5:00 م | C21: استراحة (لا توجد مباريات)
B22: =MOD(HOUR((المدخلات!$B$4+4*المدخلات!$B$5/1440))-1,12)+1&":"&TEXT(MINUTE((المدخلات!$B$4+4*المدخلات!$B$5/1440)),"00")&"–"&MOD(HOUR((المدخلات!$B$4+4*المدخلات!$B$5/1440+المدخلات!$B$5/1440))-1,12)+1&":"&TEXT(MINUTE((المدخلات!$B$4+4*المدخلات!$B$5/1440+المدخلات!$B$5/1440)),"00")&IF(HOUR((المدخلات!$B$4+4*المدخلات!$B$5/1440))<12," ص"," م") -> 5:00–5:15 م | C22: 1 ضد 5 | D22: 8 ضد 2 | E22: 7 ضد 3 | F22: 6 ضد 4
B23: =MOD(HOUR((المدخلات!$B$4+5*المدخلات!$B$5/1440))-1,12)+1&":"&TEXT(MINUTE((المدخلات!$B$4+5*المدخلات!$B$5/1440)),"00")&"–"&MOD(HOUR((المدخلات!$B$4+5*المدخلات!$B$5/1440+المدخلات!$B$5/1440))-1,12)+1&":"&TEXT(MINUTE((المدخلات!$B$4+5*المدخلات!$B$5/1440+المدخلات!$B$5/1440)),"00")&IF(HOUR((المدخلات!$B$4+5*المدخلات!$B$5/1440))<12," ص"," م") -> 5:15–5:30 م | C23: استراحة (لا توجد مباريات)
B24: =MOD(HOUR((المدخلات!$B$4+6*المدخلات!$B$5/1440))-1,12)+1&":"&TEXT(MINUTE((المدخلات!$B$4+6*المدخلات!$B$5/1440)),"00")&"–"&MOD(HOUR((المدخلات!$B$4+6*المدخلات!$B$5/1440+المدخلات!$B$5/1440))-1,12)+1&":"&TEXT(MINUTE((المدخلات!$B$4+6*المدخلات!$B$5/1440+المدخلات!$B$5/1440)),"00")&IF(HOUR((المدخلات!$B$4+6*المدخلات!$B$5/1440))<12," ص"," م") -> 5:30–5:45 م | C24: 5 ضد 3 | D24: 7 ضد 8 | E24: 6 ضد 2 | F24: 1 ضد 4
A25: اليوم 4 | B25: =MOD(HOUR((المدخلات!$B$4+0*المدخلات!$B$5/1440))-1,12)+1&":"&TEXT(MINUTE((المدخلات!$B$4+0*المدخلات!$B$5/1440)),"00")&"–"&MOD(HOUR((المدخلات!$B$4+0*المدخلات!$B$5/1440+المدخلات!$B$5/1440))-1,12)+1&":"&TEXT(MINUTE((المدخلات!$B$4+0*المدخلات!$B$5/1440+المدخلات!$B$5/1440)),"00")&IF(HOUR((المدخلات!$B$4+0*المدخلات!$B$5/1440))<12," ص"," م") -> 4:00–4:15 م | C25: 4 ضد 2 | D25: 1 ضد 3 | E25: 5 ضد 8 | F25: 6 ضد 7 | G25: =COUNTIF(C25:F31,"* ضد *") -> 16 | H25: =COUNTIF(C25:F31,"* ضد *")*2/8 -> 4
B26: =MOD(HOUR((المدخلات!$B$4+1*المدخلات!$B$5/1440))-1,12)+1&":"&TEXT(MINUTE((المدخلات!$B$4+1*المدخلات!$B$5/1440)),"00")&"–"&MOD(HOUR((المدخلات!$B$4+1*المدخلات!$B$5/1440+المدخلات!$B$5/1440))-1,12)+1&":"&TEXT(MINUTE((المدخلات!$B$4+1*المدخلات!$B$5/1440+المدخلات!$B$5/1440)),"00")&IF(HOUR((المدخلات!$B$4+1*المدخلات!$B$5/1440))<12," ص"," م") -> 4:15–4:30 م | C26: استراحة (لا توجد مباريات)
B27: =MOD(HOUR((المدخلات!$B$4+2*المدخلات!$B$5/1440))-1,12)+1&":"&TEXT(MINUTE((المدخلات!$B$4+2*المدخلات!$B$5/1440)),"00")&"–"&MOD(HOUR((المدخلات!$B$4+2*المدخلات!$B$5/1440+المدخلات!$B$5/1440))-1,12)+1&":"&TEXT(MINUTE((المدخلات!$B$4+2*المدخلات!$B$5/1440+المدخلات!$B$5/1440)),"00")&IF(HOUR((المدخلات!$B$4+2*المدخلات!$B$5/1440))<12," ص"," م") -> 4:30–4:45 م | C27: 3 ضد 8 | D27: 1 ضد 2 | E27: 5 ضد 6 | F27: 4 ضد 7
B28: =MOD(HOUR((المدخلات!$B$4+3*المدخلات!$B$5/1440))-1,12)+1&":"&TEXT(MINUTE((المدخلات!$B$4+3*المدخلات!$B$5/1440)),"00")&"–"&MOD(HOUR((المدخلات!$B$4+3*المدخلات!$B$5/1440+المدخلات!$B$5/1440))-1,12)+1&":"&TEXT(MINUTE((المدخلات!$B$4+3*المدخلات!$B$5/1440+المدخلات!$B$5/1440)),"00")&IF(HOUR((المدخلات!$B$4+3*المدخلات!$B$5/1440))<12," ص"," م") -> 4:45–5:00 م | C28: استراحة (لا توجد مباريات)
B29: =MOD(HOUR((المدخلات!$B$4+4*المدخلات!$B$5/1440))-1,12)+1&":"&TEXT(MINUTE((المدخلات!$B$4+4*المدخلات!$B$5/1440)),"00")&"–"&MOD(HOUR((المدخلات!$B$4+4*المدخلات!$B$5/1440+المدخلات!$B$5/1440))-1,12)+1&":"&TEXT(MINUTE((المدخلات!$B$4+4*المدخلات!$B$5/1440+المدخلات!$B$5/1440)),"00")&IF(HOUR((المدخلات!$B$4+4*المدخلات!$B$5/1440))<12," ص"," م") -> 5:00–5:15 م | C29: 1 ضد 8 | D29: 4 ضد 5 | E29: 3 ضد 6 | F29: 2 ضد 7
B30: =MOD(HOUR((المدخلات!$B$4+5*المدخلات!$B$5/1440))-1,12)+1&":"&TEXT(MINUTE((المدخلات!$B$4+5*المدخلات!$B$5/1440)),"00")&"–"&MOD(HOUR((المدخلات!$B$4+5*المدخلات!$B$5/1440+المدخلات!$B$5/1440))-1,12)+1&":"&TEXT(MINUTE((المدخلات!$B$4+5*المدخلات!$B$5/1440+المدخلات!$B$5/1440)),"00")&IF(HOUR((المدخلات!$B$4+5*المدخلات!$B$5/1440))<12," ص"," م") -> 5:15–5:30 م | C30: استراحة (لا توجد مباريات)
B31: =MOD(HOUR((المدخلات!$B$4+6*المدخلات!$B$5/1440))-1,12)+1&":"&TEXT(MINUTE((المدخلات!$B$4+6*المدخلات!$B$5/1440)),"00")&"–"&MOD(HOUR((المدخلات!$B$4+6*المدخلات!$B$5/1440+المدخلات!$B$5/1440))-1,12)+1&":"&TEXT(MINUTE((المدخلات!$B$4+6*المدخلات!$B$5/1440+المدخلات!$B$5/1440)),"00")&IF(HOUR((المدخلات!$B$4+6*المدخلات!$B$5/1440))<12," ص"," م") -> 5:30–5:45 م | C31: 2 ضد 5 | D31: 8 ضد 6 | E31: 1 ضد 7 | F31: 3 ضد 4
A32: اليوم 5 | B32: =MOD(HOUR((المدخلات!$B$4+0*المدخلات!$B$5/1440))-1,12)+1&":"&TEXT(MINUTE((المدخلات!$B$4+0*المدخلات!$B$5/1440)),"00")&"–"&MOD(HOUR((المدخلات!$B$4+0*المدخلات!$B$5/1440+المدخلات!$B$5/1440))-1,12)+1&":"&TEXT(MINUTE((المدخلات!$B$4+0*المدخلات!$B$5/1440+المدخلات!$B$5/1440)),"00")&IF(HOUR((المدخلات!$B$4+0*المدخلات!$B$5/1440))<12," ص"," م") -> 4:00–4:15 م | C32: 1 ضد 6 | D32: 7 ضد 5 | E32: 8 ضد 4 | F32: 2 ضد 3 | G32: =COUNTIF(C32:F38,"* ضد *") -> 16 | H32: =COUNTIF(C32:F38,"* ضد *")*2/8 -> 4
B33: =MOD(HOUR((المدخلات!$B$4+1*المدخلات!$B$5/1440))-1,12)+1&":"&TEXT(MINUTE((المدخلات!$B$4+1*المدخلات!$B$5/1440)),"00")&"–"&MOD(HOUR((المدخلات!$B$4+1*المدخلات!$B$5/1440+المدخلات!$B$5/1440))-1,12)+1&":"&TEXT(MINUTE((المدخلات!$B$4+1*المدخلات!$B$5/1440+المدخلات!$B$5/1440)),"00")&IF(HOUR((المدخلات!$B$4+1*المدخلات!$B$5/1440))<12," ص"," م") -> 4:15–4:30 م | C33: استراحة (لا توجد مباريات)
B34: =MOD(HOUR((المدخلات!$B$4+2*المدخلات!$B$5/1440))-1,12)+1&":"&TEXT(MINUTE((المدخلات!$B$4+2*المدخلات!$B$5/1440)),"00")&"–"&MOD(HOUR((المدخلات!$B$4+2*المدخلات!$B$5/1440+المدخلات!$B$5/1440))-1,12)+1&":"&TEXT(MINUTE((المدخلات!$B$4+2*المدخلات!$B$5/1440+المدخلات!$B$5/1440)),"00")&IF(HOUR((المدخلات!$B$4+2*المدخلات!$B$5/1440))<12," ص"," م") -> 4:30–4:45 م | C34: 8 ضد 2 | D34: 6 ضد 4 | E34: 7 ضد 3 | F34: 1 ضد 5
B35: =MOD(HOUR((المدخلات!$B$4+3*المدخلات!$B$5/1440))-1,12)+1&":"&TEXT(MINUTE((المدخلات!$B$4+3*المدخلات!$B$5/1440)),"00")&"–"&MOD(HOUR((المدخلات!$B$4+3*المدخلات!$B$5/1440+المدخلات!$B$5/1440))-1,12)+1&":"&TEXT(MINUTE((المدخلات!$B$4+3*المدخلات!$B$5/1440+المدخلات!$B$5/1440)),"00")&IF(HOUR((المدخلات!$B$4+3*المدخلات!$B$5/1440))<12," ص"," م") -> 4:45–5:00 م | C35: استراحة (لا توجد مباريات)
B36: =MOD(HOUR((المدخلات!$B$4+4*المدخلات!$B$5/1440))-1,12)+1&":"&TEXT(MINUTE((المدخلات!$B$4+4*المدخلات!$B$5/1440)),"00")&"–"&MOD(HOUR((المدخلات!$B$4+4*المدخلات!$B$5/1440+المدخلات!$B$5/1440))-1,12)+1&":"&TEXT(MINUTE((المدخلات!$B$4+4*المدخلات!$B$5/1440+المدخلات!$B$5/1440)),"00")&IF(HOUR((المدخلات!$B$4+4*المدخلات!$B$5/1440))<12," ص"," م") -> 5:00–5:15 م | C36: 6 ضد 2 | D36: 5 ضد 3 | E36: 1 ضد 4 | F36: 7 ضد 8
B37: =MOD(HOUR((المدخلات!$B$4+5*المدخلات!$B$5/1440))-1,12)+1&":"&TEXT(MINUTE((المدخلات!$B$4+5*المدخلات!$B$5/1440)),"00")&"–"&MOD(HOUR((المدخلات!$B$4+5*المدخلات!$B$5/1440+المدخلات!$B$5/1440))-1,12)+1&":"&TEXT(MINUTE((المدخلات!$B$4+5*المدخلات!$B$5/1440+المدخلات!$B$5/1440)),"00")&IF(HOUR((المدخلات!$B$4+5*المدخلات!$B$5/1440))<12," ص"," م") -> 5:15–5:30 م | C37: استراحة (لا توجد مباريات)
B38: =MOD(HOUR((المدخلات!$B$4+6*المدخلات!$B$5/1440))-1,12)+1&":"&TEXT(MINUTE((المدخلات!$B$4+6*المدخلات!$B$5/1440)),"00")&"–"&MOD(HOUR((المدخلات!$B$4+6*المدخلات!$B$5/1440+المدخلات!$B$5/1440))-1,12)+1&":"&TEXT(MINUTE((المدخلات!$B$4+6*المدخلات!$B$5/1440+المدخلات!$B$5/1440)),"00")&IF(HOUR((المدخلات!$B$4+6*المدخلات!$B$5/1440))<12," ص"," م") -> 5:30–5:45 م | C38: 6 ضد 7 | D38: 1 ضد 3 | E38: 4 ضد 2 | F38: 5 ضد 8
A39: اليوم 6 | B39: =MOD(HOUR((المدخلات!$B$4+0*المدخلات!$B$5/1440))-1,12)+1&":"&TEXT(MINUTE((المدخلات!$B$4+0*المدخلات!$B$5/1440)),"00")&"–"&MOD(HOUR((المدخلات!$B$4+0*المدخلات!$B$5/1440+المدخلات!$B$5/1440))-1,12)+1&":"&TEXT(MINUTE((المدخلات!$B$4+0*المدخلات!$B$5/1440+المدخلات!$B$5/1440)),"00")&IF(HOUR((المدخلات!$B$4+0*المدخلات!$B$5/1440))<12," ص"," م") -> 4:00–4:15 م | C39: 4 ضد 7 | D39: 1 ضد 2 | E39: 3 ضد 8 | F39: 5 ضد 6 | G39: =COUNTIF(C39:F45,"* ضد *") -> 16 | H39: =COUNTIF(C39:F45,"* ضد *")*2/8 -> 4
B40: =MOD(HOUR((المدخلات!$B$4+1*المدخلات!$B$5/1440))-1,12)+1&":"&TEXT(MINUTE((المدخلات!$B$4+1*المدخلات!$B$5/1440)),"00")&"–"&MOD(HOUR((المدخلات!$B$4+1*المدخلات!$B$5/1440+المدخلات!$B$5/1440))-1,12)+1&":"&TEXT(MINUTE((المدخلات!$B$4+1*المدخلات!$B$5/1440+المدخلات!$B$5/1440)),"00")&IF(HOUR((المدخلات!$B$4+1*المدخلات!$B$5/1440))<12," ص"," م") -> 4:15–4:30 م | C40: استراحة (لا توجد مباريات)
B41: =MOD(HOUR((المدخلات!$B$4+2*المدخلات!$B$5/1440))-1,12)+1&":"&TEXT(MINUTE((المدخلات!$B$4+2*المدخلات!$B$5/1440)),"00")&"–"&MOD(HOUR((المدخلات!$B$4+2*المدخلات!$B$5/1440+المدخلات!$B$5/1440))-1,12)+1&":"&TEXT(MINUTE((المدخلات!$B$4+2*المدخلات!$B$5/1440+المدخلات!$B$5/1440)),"00")&IF(HOUR((المدخلات!$B$4+2*المدخلات!$B$5/1440))<12," ص"," م") -> 4:30–4:45 م | C41: 1 ضد 8 | D41: 2 ضد 7 | E41: 4 ضد 5 | F41: 3 ضد 6
B42: =MOD(HOUR((المدخلات!$B$4+3*المدخلات!$B$5/1440))-1,12)+1&":"&TEXT(MINUTE((المدخلات!$B$4+3*المدخلات!$B$5/1440)),"00")&"–"&MOD(HOUR((المدخلات!$B$4+3*المدخلات!$B$5/1440+المدخلات!$B$5/1440))-1,12)+1&":"&TEXT(MINUTE((المدخلات!$B$4+3*المدخلات!$B$5/1440+المدخلات!$B$5/1440)),"00")&IF(HOUR((المدخلات!$B$4+3*المدخلات!$B$5/1440))<12," ص"," م") -> 4:45–5:00 م | C42: استراحة (لا توجد مباريات)
B43: =MOD(HOUR((المدخلات!$B$4+4*المدخلات!$B$5/1440))-1,12)+1&":"&TEXT(MINUTE((المدخلات!$B$4+4*المدخلات!$B$5/1440)),"00")&"–"&MOD(HOUR((المدخلات!$B$4+4*المدخلات!$B$5/1440+المدخلات!$B$5/1440))-1,12)+1&":"&TEXT(MINUTE((المدخلات!$B$4+4*المدخلات!$B$5/1440+المدخلات!$B$5/1440)),"00")&IF(HOUR((المدخلات!$B$4+4*المدخلات!$B$5/1440))<12," ص"," م") -> 5:00–5:15 م | C43: 3 ضد 4 | D43: 8 ضد 6 | E43: 2 ضد 5 | F43: 1 ضد 7
B44: =MOD(HOUR((المدخلات!$B$4+5*المدخلات!$B$5/1440))-1,12)+1&":"&TEXT(MINUTE((المدخلات!$B$4+5*المدخلات!$B$5/1440)),"00")&"–"&MOD(HOUR((المدخلات!$B$4+5*المدخلات!$B$5/1440+المدخلات!$B$5/1440))-1,12)+1&":"&TEXT(MINUTE((المدخلات!$B$4+5*المدخلات!$B$5/1440+المدخلات!$B$5/1440)),"00")&IF(HOUR((المدخلات!$B$4+5*المدخلات!$B$5/1440))<12," ص"," م") -> 5:15–5:30 م | C44: استراحة (لا توجد مباريات)
B45: =MOD(HOUR((المدخلات!$B$4+6*المدخلات!$B$5/1440))-1,12)+1&":"&TEXT(MINUTE((المدخلات!$B$4+6*المدخلات!$B$5/1440)),"00")&"–"&MOD(HOUR((المدخلات!$B$4+6*المدخلات!$B$5/1440+المدخلات!$B$5/1440))-1,12)+1&":"&TEXT(MINUTE((المدخلات!$B$4+6*المدخلات!$B$5/1440+المدخلات!$B$5/1440)),"00")&IF(HOUR((المدخلات!$B$4+6*المدخلات!$B$5/1440))<12," ص"," م") -> 5:30–5:45 م | C45: 2 ضد 3 | D45: 7 ضد 5 | E45: 1 ضد 6 | F45: 8 ضد 4
A46: اليوم 7 | B46: =MOD(HOUR((المدخلات!$B$4+0*المدخلات!$B$5/1440))-1,12)+1&":"&TEXT(MINUTE((المدخلات!$B$4+0*المدخلات!$B$5/1440)),"00")&"–"&MOD(HOUR((المدخلات!$B$4+0*المدخلات!$B$5/1440+المدخلات!$B$5/1440))-1,12)+1&":"&TEXT(MINUTE((المدخلات!$B$4+0*المدخلات!$B$5/1440+المدخلات!$B$5/1440)),"00")&IF(HOUR((المدخلات!$B$4+0*المدخلات!$B$5/1440))<12," ص"," م") -> 4:00–4:15 م | C46: 1 ضد 5 | D46: 6 ضد 4 | E46: 7 ضد 3 | F46: 8 ضد 2 | G46: =COUNTIF(C46:F52,"* ضد *") -> 16 | H46: =COUNTIF(C46:F52,"* ضد *")*2/8 -> 4
B47: =MOD(HOUR((المدخلات!$B$4+1*المدخلات!$B$5/1440))-1,12)+1&":"&TEXT(MINUTE((المدخلات!$B$4+1*المدخلات!$B$5/1440)),"00")&"–"&MOD(HOUR((المدخلات!$B$4+1*المدخلات!$B$5/1440+المدخلات!$B$5/1440))-1,12)+1&":"&TEXT(MINUTE((المدخلات!$B$4+1*المدخلات!$B$5/1440+المدخلات!$B$5/1440)),"00")&IF(HOUR((المدخلات!$B$4+1*المدخلات!$B$5/1440))<12," ص"," م") -> 4:15–4:30 م | C47: استراحة (لا توجد مباريات)
B48: =MOD(HOUR((المدخلات!$B$4+2*المدخلات!$B$5/1440))-1,12)+1&":"&TEXT(MINUTE((المدخلات!$B$4+2*المدخلات!$B$5/1440)),"00")&"–"&MOD(HOUR((المدخلات!$B$4+2*المدخلات!$B$5/1440+المدخلات!$B$5/1440))-1,12)+1&":"&TEXT(MINUTE((المدخلات!$B$4+2*المدخلات!$B$5/1440+المدخلات!$B$5/1440)),"00")&IF(HOUR((المدخلات!$B$4+2*المدخلات!$B$5/1440))<12," ص"," م") -> 4:30–4:45 م | C48: 7 ضد 8 | D48: 1 ضد 4 | E48: 6 ضد 2 | F48: 5 ضد 3
B49: =MOD(HOUR((المدخلات!$B$4+3*المدخلات!$B$5/1440))-1,12)+1&":"&TEXT(MINUTE((المدخلات!$B$4+3*المدخلات!$B$5/1440)),"00")&"–"&MOD(HOUR((المدخلات!$B$4+3*المدخلات!$B$5/1440+المدخلات!$B$5/1440))-1,12)+1&":"&TEXT(MINUTE((المدخلات!$B$4+3*المدخلات!$B$5/1440+المدخلات!$B$5/1440)),"00")&IF(HOUR((المدخلات!$B$4+3*المدخلات!$B$5/1440))<12," ص"," م") -> 4:45–5:00 م | C49: استراحة (لا توجد مباريات)
B50: =MOD(HOUR((المدخلات!$B$4+4*المدخلات!$B$5/1440))-1,12)+1&":"&TEXT(MINUTE((المدخلات!$B$4+4*المدخلات!$B$5/1440)),"00")&"–"&MOD(HOUR((المدخلات!$B$4+4*المدخلات!$B$5/1440+المدخلات!$B$5/1440))-1,12)+1&":"&TEXT(MINUTE((المدخلات!$B$4+4*المدخلات!$B$5/1440+المدخلات!$B$5/1440)),"00")&IF(HOUR((المدخلات!$B$4+4*المدخلات!$B$5/1440))<12," ص"," م") -> 5:00–5:15 م | C50: 6 ضد 7 | D50: 1 ضد 3 | E50: 5 ضد 8 | F50: 4 ضد 2
B51: =MOD(HOUR((المدخلات!$B$4+5*المدخلات!$B$5/1440))-1,12)+1&":"&TEXT(MINUTE((المدخلات!$B$4+5*المدخلات!$B$5/1440)),"00")&"–"&MOD(HOUR((المدخلات!$B$4+5*المدخلات!$B$5/1440+المدخلات!$B$5/1440))-1,12)+1&":"&TEXT(MINUTE((المدخلات!$B$4+5*المدخلات!$B$5/1440+المدخلات!$B$5/1440)),"00")&IF(HOUR((المدخلات!$B$4+5*المدخلات!$B$5/1440))<12," ص"," م") -> 5:15–5:30 م | C51: استراحة (لا توجد مباريات)
B52: =MOD(HOUR((المدخلات!$B$4+6*المدخلات!$B$5/1440))-1,12)+1&":"&TEXT(MINUTE((المدخلات!$B$4+6*المدخلات!$B$5/1440)),"00")&"–"&MOD(HOUR((المدخلات!$B$4+6*المدخلات!$B$5/1440+المدخلات!$B$5/1440))-1,12)+1&":"&TEXT(MINUTE((المدخلات!$B$4+6*المدخلات!$B$5/1440+المدخلات!$B$5/1440)),"00")&IF(HOUR((المدخلات!$B$4+6*المدخلات!$B$5/1440))<12," ص"," م") -> 5:30–5:45 م | C52: 3 ضد 8 | D52: 4 ضد 7 | E52: 1 ضد 2 | F52: 5 ضد 6
B55: توزيع الفرق على مجموعة الدمام (الخبر، الدمام، سيهات) — يُعبّأ بأسماء الفرق
B56: # | C56: الفرق (1-8) | F56: التصنيف
B57: 1 | C57: وينرز (1) | F57: نادي
B58: 2 | C58: وينرز (2) | F58: نادي
B59: 3 | C59: الخليج | F59: نادي
B60: 4 | C60: الثقبة | F60: نادي
B61: 5 | C61: قادسية الخبر | F61: أكاديمية
B62: 6 | C62: اكاديمية اجيال التفوق | F62: أكاديمية
B63: 7 | C63: اكاديمية رايت (1) | F63: أكاديمية
B64: 8 | C64: اكاديمية رايت (2) | F64: أكاديمية
B67: توزيع الفرق على مجموعة أحد المسارحة — يُعبّأ بأسماء الفرق
B68: # | C68: الفرق (1-8) | F68: التصنيف
B69: 1 | C69: الوسام | F69: هواة
B70: 2 | C70: الوحوش | F70: هواة
B71: 3 | C71: تعاون الشعفولية | F71: هواة
B72: 4 | C72: السويديه | F72: هواة
B73: 5 | C73: احلام النورس | F73: هواة
B74: 6 | C74: ساحل الوحلة | F74: هواة
B75: 7 | C75: جحا | F75: هواة
B76: 8 | C76: سمبدوريا المسارحة | F76: هواة
B79: توزيع الفرق على مجموعة صامطة — يُعبّأ بأسماء الفرق
B80: # | C80: الفرق (1-8) | F80: التصنيف
B81: 1 | C81: إتحاد صامطة | F81: هواة
B82: 2 | C82: التضامن | F82: هواة
B83: 3 | C83: تعاون ديحمة | F83: هواة
B84: 4 | C84: تعاون الطرشية | F84: هواة
B85: 5 | C85: زين المباركة | F85: هواة
B86: 6 | C86: سامبا الوتد | F86: هواة
B87: 7 | C87: أبو حجر | F87: هواة
B88: 8 | C88: نجوم صامطة | F88: هواة

Sheet 9 فرق
A1: جدول مباريات المجموعات التي فيها 9 فريقًا
A3: اليوم | B3: الوقت | C3: ملعب 1 | D3: ملعب 2 | E3: ملعب 3 | F3: مجموع مباريات اليوم | G3: مباريات كل فريق في اليوم | I3: لاعبو الفترة (عمود مساعد) | K3: الفريق | L3: عدد مبارياته | M3: مباريات متتالية | N3: راحة 15 دقيقة | O3: راحة 30 دقيقة | P3: راحة أطول من 30
A4: اليوم 1 | B4: =MOD(HOUR((المدخلات!$B$4+0*المدخلات!$B$5/1440))-1,12)+1&":"&TEXT(MINUTE((المدخلات!$B$4+0*المدخلات!$B$5/1440)),"00")&"–"&MOD(HOUR((المدخلات!$B$4+0*المدخلات!$B$5/1440+المدخلات!$B$5/1440))-1,12)+1&":"&TEXT(MINUTE((المدخلات!$B$4+0*المدخلات!$B$5/1440+المدخلات!$B$5/1440)),"00")&IF(HOUR((المدخلات!$B$4+0*المدخلات!$B$5/1440))<12," ص"," م") -> 4:00–4:15 م | C4: 1 ضد 8 | D4: 5 ضد 9 | F4: =COUNTIF(C4:E12,"* ضد *") -> 18 | G4: =COUNTIF(C4:E12,"* ضد *")*2/9 -> 4 | I4: =_xlfn.TEXTJOIN(" ",TRUE,C4:E4) -> 1 ضد 8 5 ضد 9 | K4: 1 | L4: {=SUMPRODUCT(--ISNUMBER(SEARCH(" "&$K4&" "," "&I$4:I$57&" ")))} -> 24 | M4: {=SUMPRODUCT(--ISNUMBER(SEARCH(" "&$K4&" "," "&I$4:I$56&" ")),--ISNUMBER(SEARCH(" "&$K4&" "," "&I$5:I$57&" ")),--(MOD(ROW(I$4:I$56)-4,$L$14)<=$L$14-2))} -> 0 | N4: {=SUMPRODUCT(--ISNUMBER(SEARCH(" "&$K4&" "," "&I$4:I$55&" ")),--ISNUMBER(SEARCH(" "&$K4&" "," "&I$6:I$57&" ")),--(MOD(ROW(I$4:I$55)-4,$L$14)<=$L$14-3))} -> 15 | O4: {=SUMPRODUCT(--ISNUMBER(SEARCH(" "&$K4&" "," "&I$4:I$54&" ")),--ISNUMBER(SEARCH(" "&$K4&" "," "&I$7:I$57&" ")),--(MOD(ROW(I$4:I$54)-4,$L$14)<=$L$14-4))} -> 3 | P4: =L4*3/4-M4-N4-O4 -> 0
B5: =MOD(HOUR((المدخلات!$B$4+1*المدخلات!$B$5/1440))-1,12)+1&":"&TEXT(MINUTE((المدخلات!$B$4+1*المدخلات!$B$5/1440)),"00")&"–"&MOD(HOUR((المدخلات!$B$4+1*المدخلات!$B$5/1440+المدخلات!$B$5/1440))-1,12)+1&":"&TEXT(MINUTE((المدخلات!$B$4+1*المدخلات!$B$5/1440+المدخلات!$B$5/1440)),"00")&IF(HOUR((المدخلات!$B$4+1*المدخلات!$B$5/1440))<12," ص"," م") -> 4:15–4:30 م | C5: 3 ضد 6 | D5: 4 ضد 7 | I5: =_xlfn.TEXTJOIN(" ",TRUE,C5:E5) -> 3 ضد 6 4 ضد 7 | K5: 2 | L5: {=SUMPRODUCT(--ISNUMBER(SEARCH(" "&$K5&" "," "&I$4:I$57&" ")))} -> 24 | M5: {=SUMPRODUCT(--ISNUMBER(SEARCH(" "&$K5&" "," "&I$4:I$56&" ")),--ISNUMBER(SEARCH(" "&$K5&" "," "&I$5:I$57&" ")),--(MOD(ROW(I$4:I$56)-4,$L$14)<=$L$14-2))} -> 0 | N5: {=SUMPRODUCT(--ISNUMBER(SEARCH(" "&$K5&" "," "&I$4:I$55&" ")),--ISNUMBER(SEARCH(" "&$K5&" "," "&I$6:I$57&" ")),--(MOD(ROW(I$4:I$55)-4,$L$14)<=$L$14-3))} -> 14 | O5: {=SUMPRODUCT(--ISNUMBER(SEARCH(" "&$K5&" "," "&I$4:I$54&" ")),--ISNUMBER(SEARCH(" "&$K5&" "," "&I$7:I$57&" ")),--(MOD(ROW(I$4:I$54)-4,$L$14)<=$L$14-4))} -> 4 | P5: =L5*3/4-M5-N5-O5 -> 0
B6: =MOD(HOUR((المدخلات!$B$4+2*المدخلات!$B$5/1440))-1,12)+1&":"&TEXT(MINUTE((المدخلات!$B$4+2*المدخلات!$B$5/1440)),"00")&"–"&MOD(HOUR((المدخلات!$B$4+2*المدخلات!$B$5/1440+المدخلات!$B$5/1440))-1,12)+1&":"&TEXT(MINUTE((المدخلات!$B$4+2*المدخلات!$B$5/1440+المدخلات!$B$5/1440)),"00")&IF(HOUR((المدخلات!$B$4+2*المدخلات!$B$5/1440))<12," ص"," م") -> 4:30–4:45 م | C6: 1 ضد 9 | D6: 2 ضد 8 | I6: =_xlfn.TEXTJOIN(" ",TRUE,C6:E6) -> 1 ضد 9 2 ضد 8 | K6: 3 | L6: {=SUMPRODUCT(--ISNUMBER(SEARCH(" "&$K6&" "," "&I$4:I$57&" ")))} -> 24 | M6: {=SUMPRODUCT(--ISNUMBER(SEARCH(" "&$K6&" "," "&I$4:I$56&" ")),--ISNUMBER(SEARCH(" "&$K6&" "," "&I$5:I$57&" ")),--(MOD(ROW(I$4:I$56)-4,$L$14)<=$L$14-2))} -> 0 | N6: {=SUMPRODUCT(--ISNUMBER(SEARCH(" "&$K6&" "," "&I$4:I$55&" ")),--ISNUMBER(SEARCH(" "&$K6&" "," "&I$6:I$57&" ")),--(MOD(ROW(I$4:I$55)-4,$L$14)<=$L$14-3))} -> 14 | O6: {=SUMPRODUCT(--ISNUMBER(SEARCH(" "&$K6&" "," "&I$4:I$54&" ")),--ISNUMBER(SEARCH(" "&$K6&" "," "&I$7:I$57&" ")),--(MOD(ROW(I$4:I$54)-4,$L$14)<=$L$14-4))} -> 4 | P6: =L6*3/4-M6-N6-O6 -> 0
B7: =MOD(HOUR((المدخلات!$B$4+3*المدخلات!$B$5/1440))-1,12)+1&":"&TEXT(MINUTE((المدخلات!$B$4+3*المدخلات!$B$5/1440)),"00")&"–"&MOD(HOUR((المدخلات!$B$4+3*المدخلات!$B$5/1440+المدخلات!$B$5/1440))-1,12)+1&":"&TEXT(MINUTE((المدخلات!$B$4+3*المدخلات!$B$5/1440+المدخلات!$B$5/1440)),"00")&IF(HOUR((المدخلات!$B$4+3*المدخلات!$B$5/1440))<12," ص"," م") -> 4:45–5:00 م | C7: 3 ضد 5 | D7: 6 ضد 7 | I7: =_xlfn.TEXTJOIN(" ",TRUE,C7:E7) -> 3 ضد 5 6 ضد 7 | K7: 4 | L7: {=SUMPRODUCT(--ISNUMBER(SEARCH(" "&$K7&" "," "&I$4:I$57&" ")))} -> 24 | M7: {=SUMPRODUCT(--ISNUMBER(SEARCH(" "&$K7&" "," "&I$4:I$56&" ")),--ISNUMBER(SEARCH(" "&$K7&" "," "&I$5:I$57&" ")),--(MOD(ROW(I$4:I$56)-4,$L$14)<=$L$14-2))} -> 0 | N7: {=SUMPRODUCT(--ISNUMBER(SEARCH(" "&$K7&" "," "&I$4:I$55&" ")),--ISNUMBER(SEARCH(" "&$K7&" "," "&I$6:I$57&" ")),--(MOD(ROW(I$4:I$55)-4,$L$14)<=$L$14-3))} -> 14 | O7: {=SUMPRODUCT(--ISNUMBER(SEARCH(" "&$K7&" "," "&I$4:I$54&" ")),--ISNUMBER(SEARCH(" "&$K7&" "," "&I$7:I$57&" ")),--(MOD(ROW(I$4:I$54)-4,$L$14)<=$L$14-4))} -> 4 | P7: =L7*3/4-M7-N7-O7 -> 0
B8: =MOD(HOUR((المدخلات!$B$4+4*المدخلات!$B$5/1440))-1,12)+1&":"&TEXT(MINUTE((المدخلات!$B$4+4*المدخلات!$B$5/1440)),"00")&"–"&MOD(HOUR((المدخلات!$B$4+4*المدخلات!$B$5/1440+المدخلات!$B$5/1440))-1,12)+1&":"&TEXT(MINUTE((المدخلات!$B$4+4*المدخلات!$B$5/1440+المدخلات!$B$5/1440)),"00")&IF(HOUR((المدخلات!$B$4+4*المدخلات!$B$5/1440))<12," ص"," م") -> 5:00–5:15 م | C8: 8 ضد 4 | D8: 1 ضد 2 | I8: =_xlfn.TEXTJOIN(" ",TRUE,C8:E8) -> 8 ضد 4 1 ضد 2 | K8: 5 | L8: {=SUMPRODUCT(--ISNUMBER(SEARCH(" "&$K8&" "," "&I$4:I$57&" ")))} -> 24 | M8: {=SUMPRODUCT(--ISNUMBER(SEARCH(" "&$K8&" "," "&I$4:I$56&" ")),--ISNUMBER(SEARCH(" "&$K8&" "," "&I$5:I$57&" ")),--(MOD(ROW(I$4:I$56)-4,$L$14)<=$L$14-2))} -> 0 | N8: {=SUMPRODUCT(--ISNUMBER(SEARCH(" "&$K8&" "," "&I$4:I$55&" ")),--ISNUMBER(SEARCH(" "&$K8&" "," "&I$6:I$57&" ")),--(MOD(ROW(I$4:I$55)-4,$L$14)<=$L$14-3))} -> 14 | O8: {=SUMPRODUCT(--ISNUMBER(SEARCH(" "&$K8&" "," "&I$4:I$54&" ")),--ISNUMBER(SEARCH(" "&$K8&" "," "&I$7:I$57&" ")),--(MOD(ROW(I$4:I$54)-4,$L$14)<=$L$14-4))} -> 4 | P8: =L8*3/4-M8-N8-O8 -> 0
B9: =MOD(HOUR((المدخلات!$B$4+5*المدخلات!$B$5/1440))-1,12)+1&":"&TEXT(MINUTE((المدخلات!$B$4+5*المدخلات!$B$5/1440)),"00")&"–"&MOD(HOUR((المدخلات!$B$4+5*المدخلات!$B$5/1440+المدخلات!$B$5/1440))-1,12)+1&":"&TEXT(MINUTE((المدخلات!$B$4+5*المدخلات!$B$5/1440+المدخلات!$B$5/1440)),"00")&IF(HOUR((المدخلات!$B$4+5*المدخلات!$B$5/1440))<12," ص"," م") -> 5:15–5:30 م | C9: 3 ضد 9 | D9: 5 ضد 6 | I9: =_xlfn.TEXTJOIN(" ",TRUE,C9:E9) -> 3 ضد 9 5 ضد 6 | K9: 6 | L9: {=SUMPRODUCT(--ISNUMBER(SEARCH(" "&$K9&" "," "&I$4:I$57&" ")))} -> 24 | M9: {=SUMPRODUCT(--ISNUMBER(SEARCH(" "&$K9&" "," "&I$4:I$56&" ")),--ISNUMBER(SEARCH(" "&$K9&" "," "&I$5:I$57&" ")),--(MOD(ROW(I$4:I$56)-4,$L$14)<=$L$14-2))} -> 0 | N9: {=SUMPRODUCT(--ISNUMBER(SEARCH(" "&$K9&" "," "&I$4:I$55&" ")),--ISNUMBER(SEARCH(" "&$K9&" "," "&I$6:I$57&" ")),--(MOD(ROW(I$4:I$55)-4,$L$14)<=$L$14-3))} -> 15 | O9: {=SUMPRODUCT(--ISNUMBER(SEARCH(" "&$K9&" "," "&I$4:I$54&" ")),--ISNUMBER(SEARCH(" "&$K9&" "," "&I$7:I$57&" ")),--(MOD(ROW(I$4:I$54)-4,$L$14)<=$L$14-4))} -> 3 | P9: =L9*3/4-M9-N9-O9 -> 0
B10: =MOD(HOUR((المدخلات!$B$4+6*المدخلات!$B$5/1440))-1,12)+1&":"&TEXT(MINUTE((المدخلات!$B$4+6*المدخلات!$B$5/1440)),"00")&"–"&MOD(HOUR((المدخلات!$B$4+6*المدخلات!$B$5/1440+المدخلات!$B$5/1440))-1,12)+1&":"&TEXT(MINUTE((المدخلات!$B$4+6*المدخلات!$B$5/1440+المدخلات!$B$5/1440)),"00")&IF(HOUR((المدخلات!$B$4+6*المدخلات!$B$5/1440))<12," ص"," م") -> 5:30–5:45 م | C10: 4 ضد 2 | D10: 7 ضد 8 | I10: =_xlfn.TEXTJOIN(" ",TRUE,C10:E10) -> 4 ضد 2 7 ضد 8 | K10: 7 | L10: {=SUMPRODUCT(--ISNUMBER(SEARCH(" "&$K10&" "," "&I$4:I$57&" ")))} -> 24 | M10: {=SUMPRODUCT(--ISNUMBER(SEARCH(" "&$K10&" "," "&I$4:I$56&" ")),--ISNUMBER(SEARCH(" "&$K10&" "," "&I$5:I$57&" ")),--(MOD(ROW(I$4:I$56)-4,$L$14)<=$L$14-2))} -> 0 | N10: {=SUMPRODUCT(--ISNUMBER(SEARCH(" "&$K10&" "," "&I$4:I$55&" ")),--ISNUMBER(SEARCH(" "&$K10&" "," "&I$6:I$57&" ")),--(MOD(ROW(I$4:I$55)-4,$L$14)<=$L$14-3))} -> 13 | O10: {=SUMPRODUCT(--ISNUMBER(SEARCH(" "&$K10&" "," "&I$4:I$54&" ")),--ISNUMBER(SEARCH(" "&$K10&" "," "&I$7:I$57&" ")),--(MOD(ROW(I$4:I$54)-4,$L$14)<=$L$14-4))} -> 5 | P10: =L10*3/4-M10-N10-O10 -> 0
B11: =MOD(HOUR((المدخلات!$B$4+7*المدخلات!$B$5/1440))-1,12)+1&":"&TEXT(MINUTE((المدخلات!$B$4+7*المدخلات!$B$5/1440)),"00")&"–"&MOD(HOUR((المدخلات!$B$4+7*المدخلات!$B$5/1440+المدخلات!$B$5/1440))-1,12)+1&":"&TEXT(MINUTE((المدخلات!$B$4+7*المدخلات!$B$5/1440+المدخلات!$B$5/1440)),"00")&IF(HOUR((المدخلات!$B$4+7*المدخلات!$B$5/1440))<12," ص"," م") -> 5:45–6:00 م | C11: 5 ضد 1 | D11: 6 ضد 9 | I11: =_xlfn.TEXTJOIN(" ",TRUE,C11:E11) -> 5 ضد 1 6 ضد 9 | K11: 8 | L11: {=SUMPRODUCT(--ISNUMBER(SEARCH(" "&$K11&" "," "&I$4:I$57&" ")))} -> 24 | M11: {=SUMPRODUCT(--ISNUMBER(SEARCH(" "&$K11&" "," "&I$4:I$56&" ")),--ISNUMBER(SEARCH(" "&$K11&" "," "&I$5:I$57&" ")),--(MOD(ROW(I$4:I$56)-4,$L$14)<=$L$14-2))} -> 0 | N11: {=SUMPRODUCT(--ISNUMBER(SEARCH(" "&$K11&" "," "&I$4:I$55&" ")),--ISNUMBER(SEARCH(" "&$K11&" "," "&I$6:I$57&" ")),--(MOD(ROW(I$4:I$55)-4,$L$14)<=$L$14-3))} -> 13 | O11: {=SUMPRODUCT(--ISNUMBER(SEARCH(" "&$K11&" "," "&I$4:I$54&" ")),--ISNUMBER(SEARCH(" "&$K11&" "," "&I$7:I$57&" ")),--(MOD(ROW(I$4:I$54)-4,$L$14)<=$L$14-4))} -> 5 | P11: =L11*3/4-M11-N11-O11 -> 0
B12: =MOD(HOUR((المدخلات!$B$4+8*المدخلات!$B$5/1440))-1,12)+1&":"&TEXT(MINUTE((المدخلات!$B$4+8*المدخلات!$B$5/1440)),"00")&"–"&MOD(HOUR((المدخلات!$B$4+8*المدخلات!$B$5/1440+المدخلات!$B$5/1440))-1,12)+1&":"&TEXT(MINUTE((المدخلات!$B$4+8*المدخلات!$B$5/1440+المدخلات!$B$5/1440)),"00")&IF(HOUR((المدخلات!$B$4+8*المدخلات!$B$5/1440))<12," ص"," م") -> 6:00–6:15 م | C12: 4 ضد 3 | D12: 2 ضد 7 | I12: =_xlfn.TEXTJOIN(" ",TRUE,C12:E12) -> 4 ضد 3 2 ضد 7 | K12: 9 | L12: {=SUMPRODUCT(--ISNUMBER(SEARCH(" "&$K12&" "," "&I$4:I$57&" ")))} -> 24 | M12: {=SUMPRODUCT(--ISNUMBER(SEARCH(" "&$K12&" "," "&I$4:I$56&" ")),--ISNUMBER(SEARCH(" "&$K12&" "," "&I$5:I$57&" ")),--(MOD(ROW(I$4:I$56)-4,$L$14)<=$L$14-2))} -> 0 | N12: {=SUMPRODUCT(--ISNUMBER(SEARCH(" "&$K12&" "," "&I$4:I$55&" ")),--ISNUMBER(SEARCH(" "&$K12&" "," "&I$6:I$57&" ")),--(MOD(ROW(I$4:I$55)-4,$L$14)<=$L$14-3))} -> 14 | O12: {=SUMPRODUCT(--ISNUMBER(SEARCH(" "&$K12&" "," "&I$4:I$54&" ")),--ISNUMBER(SEARCH(" "&$K12&" "," "&I$7:I$57&" ")),--(MOD(ROW(I$4:I$54)-4,$L$14)<=$L$14-4))} -> 4 | P12: =L12*3/4-M12-N12-O12 -> 0
A13: اليوم 2 | B13: =MOD(HOUR((المدخلات!$B$4+0*المدخلات!$B$5/1440))-1,12)+1&":"&TEXT(MINUTE((المدخلات!$B$4+0*المدخلات!$B$5/1440)),"00")&"–"&MOD(HOUR((المدخلات!$B$4+0*المدخلات!$B$5/1440+المدخلات!$B$5/1440))-1,12)+1&":"&TEXT(MINUTE((المدخلات!$B$4+0*المدخلات!$B$5/1440+المدخلات!$B$5/1440)),"00")&IF(HOUR((المدخلات!$B$4+0*المدخلات!$B$5/1440))<12," ص"," م") -> 4:00–4:15 م | C13: 6 ضد 4 | D13: 2 ضد 5 | E13: 7 ضد 9 | F13: =COUNTIF(C13:E21,"* ضد *") -> 18 | G13: =COUNTIF(C13:E21,"* ضد *")*2/9 -> 4 | I13: =_xlfn.TEXTJOIN(" ",TRUE,C13:E13) -> 6 ضد 4 2 ضد 5 7 ضد 9 | K13: المجموع | L13: =SUM(L4:L12) -> 216 | M13: =SUM(M4:M12) -> 0 | N13: =SUM(N4:N12) -> 126 | O13: =SUM(O4:O12) -> 36 | P13: =SUM(P4:P12) -> 0
B14: =MOD(HOUR((المدخلات!$B$4+1*المدخلات!$B$5/1440))-1,12)+1&":"&TEXT(MINUTE((المدخلات!$B$4+1*المدخلات!$B$5/1440)),"00")&"–"&MOD(HOUR((المدخلات!$B$4+1*المدخلات!$B$5/1440+المدخلات!$B$5/1440))-1,12)+1&":"&TEXT(MINUTE((المدخلات!$B$4+1*المدخلات!$B$5/1440+المدخلات!$B$5/1440)),"00")&IF(HOUR((المدخلات!$B$4+1*المدخلات!$B$5/1440))<12," ص"," م") -> 4:15–4:30 م | C14: 3 ضد 8 | I14: =_xlfn.TEXTJOIN(" ",TRUE,C14:E14) -> 3 ضد 8 | K14: فترات اليوم | L14: =COUNTA($B$4:$B$57)/COUNTIF($A$4:$A$57,"اليوم *") -> 9
B15: =MOD(HOUR((المدخلات!$B$4+2*المدخلات!$B$5/1440))-1,12)+1&":"&TEXT(MINUTE((المدخلات!$B$4+2*المدخلات!$B$5/1440)),"00")&"–"&MOD(HOUR((المدخلات!$B$4+2*المدخلات!$B$5/1440+المدخلات!$B$5/1440))-1,12)+1&":"&TEXT(MINUTE((المدخلات!$B$4+2*المدخلات!$B$5/1440+المدخلات!$B$5/1440)),"00")&IF(HOUR((المدخلات!$B$4+2*المدخلات!$B$5/1440))<12," ص"," م") -> 4:30–4:45 م | C15: 6 ضد 1 | D15: 7 ضد 5 | E15: 4 ضد 9 | I15: =_xlfn.TEXTJOIN(" ",TRUE,C15:E15) -> 6 ضد 1 7 ضد 5 4 ضد 9
B16: =MOD(HOUR((المدخلات!$B$4+3*المدخلات!$B$5/1440))-1,12)+1&":"&TEXT(MINUTE((المدخلات!$B$4+3*المدخلات!$B$5/1440)),"00")&"–"&MOD(HOUR((المدخلات!$B$4+3*المدخلات!$B$5/1440+المدخلات!$B$5/1440))-1,12)+1&":"&TEXT(MINUTE((المدخلات!$B$4+3*المدخلات!$B$5/1440+المدخلات!$B$5/1440)),"00")&IF(HOUR((المدخلات!$B$4+3*المدخلات!$B$5/1440))<12," ص"," م") -> 4:45–5:00 م | C16: 2 ضد 3 | I16: =_xlfn.TEXTJOIN(" ",TRUE,C16:E16) -> 2 ضد 3
B17: =MOD(HOUR((المدخلات!$B$4+4*المدخلات!$B$5/1440))-1,12)+1&":"&TEXT(MINUTE((المدخلات!$B$4+4*المدخلات!$B$5/1440)),"00")&"–"&MOD(HOUR((المدخلات!$B$4+4*المدخلات!$B$5/1440+المدخلات!$B$5/1440))-1,12)+1&":"&TEXT(MINUTE((المدخلات!$B$4+4*المدخلات!$B$5/1440+المدخلات!$B$5/1440)),"00")&IF(HOUR((المدخلات!$B$4+4*المدخلات!$B$5/1440))<12," ص"," م") -> 5:00–5:15 م | C17: 7 ضد 1 | D17: 4 ضد 5 | E17: 8 ضد 9 | I17: =_xlfn.TEXTJOIN(" ",TRUE,C17:E17) -> 7 ضد 1 4 ضد 5 8 ضد 9
B18: =MOD(HOUR((المدخلات!$B$4+5*المدخلات!$B$5/1440))-1,12)+1&":"&TEXT(MINUTE((المدخلات!$B$4+5*المدخلات!$B$5/1440)),"00")&"–"&MOD(HOUR((المدخلات!$B$4+5*المدخلات!$B$5/1440+المدخلات!$B$5/1440))-1,12)+1&":"&TEXT(MINUTE((المدخلات!$B$4+5*المدخلات!$B$5/1440+المدخلات!$B$5/1440)),"00")&IF(HOUR((المدخلات!$B$4+5*المدخلات!$B$5/1440))<12," ص"," م") -> 5:15–5:30 م | C18: 2 ضد 6 | I18: =_xlfn.TEXTJOIN(" ",TRUE,C18:E18) -> 2 ضد 6
B19: =MOD(HOUR((المدخلات!$B$4+6*المدخلات!$B$5/1440))-1,12)+1&":"&TEXT(MINUTE((المدخلات!$B$4+6*المدخلات!$B$5/1440)),"00")&"–"&MOD(HOUR((المدخلات!$B$4+6*المدخلات!$B$5/1440+المدخلات!$B$5/1440))-1,12)+1&":"&TEXT(MINUTE((المدخلات!$B$4+6*المدخلات!$B$5/1440+المدخلات!$B$5/1440)),"00")&IF(HOUR((المدخلات!$B$4+6*المدخلات!$B$5/1440))<12," ص"," م") -> 5:30–5:45 م | C19: 4 ضد 1 | D19: 3 ضد 7 | E19: 5 ضد 8 | I19: =_xlfn.TEXTJOIN(" ",TRUE,C19:E19) -> 4 ضد 1 3 ضد 7 5 ضد 8
B20: =MOD(HOUR((المدخلات!$B$4+7*المدخلات!$B$5/1440))-1,12)+1&":"&TEXT(MINUTE((المدخلات!$B$4+7*المدخلات!$B$5/1440)),"00")&"–"&MOD(HOUR((المدخلات!$B$4+7*المدخلات!$B$5/1440+المدخلات!$B$5/1440))-1,12)+1&":"&TEXT(MINUTE((المدخلات!$B$4+7*المدخلات!$B$5/1440+المدخلات!$B$5/1440)),"00")&IF(HOUR((المدخلات!$B$4+7*المدخلات!$B$5/1440))<12," ص"," م") -> 5:45–6:00 م | C20: 2 ضد 9 | I20: =_xlfn.TEXTJOIN(" ",TRUE,C20:E20) -> 2 ضد 9
B21: =MOD(HOUR((المدخلات!$B$4+8*المدخلات!$B$5/1440))-1,12)+1&":"&TEXT(MINUTE((المدخلات!$B$4+8*المدخلات!$B$5/1440)),"00")&"–"&MOD(HOUR((المدخلات!$B$4+8*المدخلات!$B$5/1440+المدخلات!$B$5/1440))-1,12)+1&":"&TEXT(MINUTE((المدخلات!$B$4+8*المدخلات!$B$5/1440+المدخلات!$B$5/1440)),"00")&IF(HOUR((المدخلات!$B$4+8*المدخلات!$B$5/1440))<12," ص"," م") -> 6:00–6:15 م | C21: 1 ضد 3 | D21: 6 ضد 8 | I21: =_xlfn.TEXTJOIN(" ",TRUE,C21:E21) -> 1 ضد 3 6 ضد 8
A22: اليوم 3 | B22: =MOD(HOUR((المدخلات!$B$4+0*المدخلات!$B$5/1440))-1,12)+1&":"&TEXT(MINUTE((المدخلات!$B$4+0*المدخلات!$B$5/1440)),"00")&"–"&MOD(HOUR((المدخلات!$B$4+0*المدخلات!$B$5/1440+المدخلات!$B$5/1440))-1,12)+1&":"&TEXT(MINUTE((المدخلات!$B$4+0*المدخلات!$B$5/1440+المدخلات!$B$5/1440)),"00")&IF(HOUR((المدخلات!$B$4+0*المدخلات!$B$5/1440))<12," ص"," م") -> 4:00–4:15 م | C22: 2 ضد 3 | D22: 7 ضد 8 | F22: =COUNTIF(C22:E30,"* ضد *") -> 18 | G22: =COUNTIF(C22:E30,"* ضد *")*2/9 -> 4 | I22: =_xlfn.TEXTJOIN(" ",TRUE,C22:E22) -> 2 ضد 3 7 ضد 8
B23: =MOD(HOUR((المدخلات!$B$4+1*المدخلات!$B$5/1440))-1,12)+1&":"&TEXT(MINUTE((المدخلات!$B$4+1*المدخلات!$B$5/1440)),"00")&"–"&MOD(HOUR((المدخلات!$B$4+1*المدخلات!$B$5/1440+المدخلات!$B$5/1440))-1,12)+1&":"&TEXT(MINUTE((المدخلات!$B$4+1*المدخلات!$B$5/1440+المدخلات!$B$5/1440)),"00")&IF(HOUR((المدخلات!$B$4+1*المدخلات!$B$5/1440))<12," ص"," م") -> 4:15–4:30 م | C23: 1 ضد 4 | D23: 5 ضد 9 | I23: =_xlfn.TEXTJOIN(" ",TRUE,C23:E23) -> 1 ضد 4 5 ضد 9
B24: =MOD(HOUR((المدخلات!$B$4+2*المدخلات!$B$5/1440))-1,12)+1&":"&TEXT(MINUTE((المدخلات!$B$4+2*المدخلات!$B$5/1440)),"00")&"–"&MOD(HOUR((المدخلات!$B$4+2*المدخلات!$B$5/1440+المدخلات!$B$5/1440))-1,12)+1&":"&TEXT(MINUTE((المدخلات!$B$4+2*المدخلات!$B$5/1440+المدخلات!$B$5/1440)),"00")&IF(HOUR((المدخلات!$B$4+2*المدخلات!$B$5/1440))<12," ص"," م") -> 4:30–4:45 م | C24: 2 ضد 6 | D24: 3 ضد 8 | I24: =_xlfn.TEXTJOIN(" ",TRUE,C24:E24) -> 2 ضد 6 3 ضد 8
B25: =MOD(HOUR((المدخلات!$B$4+3*المدخلات!$B$5/1440))-1,12)+1&":"&TEXT(MINUTE((المدخلات!$B$4+3*المدخلات!$B$5/1440)),"00")&"–"&MOD(HOUR((المدخلات!$B$4+3*المدخلات!$B$5/1440+المدخلات!$B$5/1440))-1,12)+1&":"&TEXT(MINUTE((المدخلات!$B$4+3*المدخلات!$B$5/1440+المدخلات!$B$5/1440)),"00")&IF(HOUR((المدخلات!$B$4+3*المدخلات!$B$5/1440))<12," ص"," م") -> 4:45–5:00 م | C25: 1 ضد 7 | D25: 4 ضد 9 | I25: =_xlfn.TEXTJOIN(" ",TRUE,C25:E25) -> 1 ضد 7 4 ضد 9
B26: =MOD(HOUR((المدخلات!$B$4+4*المدخلات!$B$5/1440))-1,12)+1&":"&TEXT(MINUTE((المدخلات!$B$4+4*المدخلات!$B$5/1440)),"00")&"–"&MOD(HOUR((المدخلات!$B$4+4*المدخلات!$B$5/1440+المدخلات!$B$5/1440))-1,12)+1&":"&TEXT(MINUTE((المدخلات!$B$4+4*المدخلات!$B$5/1440+المدخلات!$B$5/1440)),"00")&IF(HOUR((المدخلات!$B$4+4*المدخلات!$B$5/1440))<12," ص"," م") -> 5:00–5:15 م | C26: 3 ضد 5 | D26: 6 ضد 8 | I26: =_xlfn.TEXTJOIN(" ",TRUE,C26:E26) -> 3 ضد 5 6 ضد 8
B27: =MOD(HOUR((المدخلات!$B$4+5*المدخلات!$B$5/1440))-1,12)+1&":"&TEXT(MINUTE((المدخلات!$B$4+5*المدخلات!$B$5/1440)),"00")&"–"&MOD(HOUR((المدخلات!$B$4+5*المدخلات!$B$5/1440+المدخلات!$B$5/1440))-1,12)+1&":"&TEXT(MINUTE((المدخلات!$B$4+5*المدخلات!$B$5/1440+المدخلات!$B$5/1440)),"00")&IF(HOUR((المدخلات!$B$4+5*المدخلات!$B$5/1440))<12," ص"," م") -> 5:15–5:30 م | C27: 4 ضد 7 | D27: 2 ضد 9 | I27: =_xlfn.TEXTJOIN(" ",TRUE,C27:E27) -> 4 ضد 7 2 ضد 9
B28: =MOD(HOUR((المدخلات!$B$4+6*المدخلات!$B$5/1440))-1,12)+1&":"&TEXT(MINUTE((المدخلات!$B$4+6*المدخلات!$B$5/1440)),"00")&"–"&MOD(HOUR((المدخلات!$B$4+6*المدخلات!$B$5/1440+المدخلات!$B$5/1440))-1,12)+1&":"&TEXT(MINUTE((المدخلات!$B$4+6*المدخلات!$B$5/1440+المدخلات!$B$5/1440)),"00")&IF(HOUR((المدخلات!$B$4+6*المدخلات!$B$5/1440))<12," ص"," م") -> 5:30–5:45 م | C28: 3 ضد 1 | D28: 5 ضد 6 | I28: =_xlfn.TEXTJOIN(" ",TRUE,C28:E28) -> 3 ضد 1 5 ضد 6
B29: =MOD(HOUR((المدخلات!$B$4+7*المدخلات!$B$5/1440))-1,12)+1&":"&TEXT(MINUTE((المدخلات!$B$4+7*المدخلات!$B$5/1440)),"00")&"–"&MOD(HOUR((المدخلات!$B$4+7*المدخلات!$B$5/1440+المدخلات!$B$5/1440))-1,12)+1&":"&TEXT(MINUTE((المدخلات!$B$4+7*المدخلات!$B$5/1440+المدخلات!$B$5/1440)),"00")&IF(HOUR((المدخلات!$B$4+7*المدخلات!$B$5/1440))<12," ص"," م") -> 5:45–6:00 م | C29: 2 ضد 7 | D29: 8 ضد 9 | I29: =_xlfn.TEXTJOIN(" ",TRUE,C29:E29) -> 2 ضد 7 8 ضد 9
B30: =MOD(HOUR((المدخلات!$B$4+8*المدخلات!$B$5/1440))-1,12)+1&":"&TEXT(MINUTE((المدخلات!$B$4+8*المدخلات!$B$5/1440)),"00")&"–"&MOD(HOUR((المدخلات!$B$4+8*المدخلات!$B$5/1440+المدخلات!$B$5/1440))-1,12)+1&":"&TEXT(MINUTE((المدخلات!$B$4+8*المدخلات!$B$5/1440+المدخلات!$B$5/1440)),"00")&IF(HOUR((المدخلات!$B$4+8*المدخلات!$B$5/1440))<12," ص"," م") -> 6:00–6:15 م | C30: 1 ضد 5 | D30: 4 ضد 6 | I30: =_xlfn.TEXTJOIN(" ",TRUE,C30:E30) -> 1 ضد 5 4 ضد 6
A31: اليوم 4 | B31: =MOD(HOUR((المدخلات!$B$4+0*المدخلات!$B$5/1440))-1,12)+1&":"&TEXT(MINUTE((المدخلات!$B$4+0*المدخلات!$B$5/1440)),"00")&"–"&MOD(HOUR((المدخلات!$B$4+0*المدخلات!$B$5/1440+المدخلات!$B$5/1440))-1,12)+1&":"&TEXT(MINUTE((المدخلات!$B$4+0*المدخلات!$B$5/1440+المدخلات!$B$5/1440)),"00")&IF(HOUR((المدخلات!$B$4+0*المدخلات!$B$5/1440))<12," ص"," م") -> 4:00–4:15 م | C31: 6 ضد 3 | D31: 7 ضد 5 | E31: 4 ضد 8 | F31: =COUNTIF(C31:E39,"* ضد *") -> 18 | G31: =COUNTIF(C31:E39,"* ضد *")*2/9 -> 4 | I31: =_xlfn.TEXTJOIN(" ",TRUE,C31:E31) -> 6 ضد 3 7 ضد 5 4 ضد 8
B32: =MOD(HOUR((المدخلات!$B$4+1*المدخلات!$B$5/1440))-1,12)+1&":"&TEXT(MINUTE((المدخلات!$B$4+1*المدخلات!$B$5/1440)),"00")&"–"&MOD(HOUR((المدخلات!$B$4+1*المدخلات!$B$5/1440+المدخلات!$B$5/1440))-1,12)+1&":"&TEXT(MINUTE((المدخلات!$B$4+1*المدخلات!$B$5/1440+المدخلات!$B$5/1440)),"00")&IF(HOUR((المدخلات!$B$4+1*المدخلات!$B$5/1440))<12," ص"," م") -> 4:15–4:30 م | C32: 1 ضد 9 | I32: =_xlfn.TEXTJOIN(" ",TRUE,C32:E32) -> 1 ضد 9
B33: =MOD(HOUR((المدخلات!$B$4+2*المدخلات!$B$5/1440))-1,12)+1&":"&TEXT(MINUTE((المدخلات!$B$4+2*المدخلات!$B$5/1440)),"00")&"–"&MOD(HOUR((المدخلات!$B$4+2*المدخلات!$B$5/1440+المدخلات!$B$5/1440))-1,12)+1&":"&TEXT(MINUTE((المدخلات!$B$4+2*المدخلات!$B$5/1440+المدخلات!$B$5/1440)),"00")&IF(HOUR((المدخلات!$B$4+2*المدخلات!$B$5/1440))<12," ص"," م") -> 4:30–4:45 م | C33: 6 ضد 7 | D33: 4 ضد 5 | E33: 2 ضد 8 | I33: =_xlfn.TEXTJOIN(" ",TRUE,C33:E33) -> 6 ضد 7 4 ضد 5 2 ضد 8
B34: =MOD(HOUR((المدخلات!$B$4+3*المدخلات!$B$5/1440))-1,12)+1&":"&TEXT(MINUTE((المدخلات!$B$4+3*المدخلات!$B$5/1440)),"00")&"–"&MOD(HOUR((المدخلات!$B$4+3*المدخلات!$B$5/1440+المدخلات!$B$5/1440))-1,12)+1&":"&TEXT(MINUTE((المدخلات!$B$4+3*المدخلات!$B$5/1440+المدخلات!$B$5/1440)),"00")&IF(HOUR((المدخلات!$B$4+3*المدخلات!$B$5/1440))<12," ص"," م") -> 4:45–5:00 م | C34: 3 ضد 9 | I34: =_xlfn.TEXTJOIN(" ",TRUE,C34:E34) -> 3 ضد 9
B35: =MOD(HOUR((المدخلات!$B$4+4*المدخلات!$B$5/1440))-1,12)+1&":"&TEXT(MINUTE((المدخلات!$B$4+4*المدخلات!$B$5/1440)),"00")&"–"&MOD(HOUR((المدخلات!$B$4+4*المدخلات!$B$5/1440+المدخلات!$B$5/1440))-1,12)+1&":"&TEXT(MINUTE((المدخلات!$B$4+4*المدخلات!$B$5/1440+المدخلات!$B$5/1440)),"00")&IF(HOUR((المدخلات!$B$4+4*المدخلات!$B$5/1440))<12," ص"," م") -> 5:00–5:15 م | C35: 4 ضد 2 | D35: 5 ضد 8 | E35: 1 ضد 6 | I35: =_xlfn.TEXTJOIN(" ",TRUE,C35:E35) -> 4 ضد 2 5 ضد 8 1 ضد 6
B36: =MOD(HOUR((المدخلات!$B$4+5*المدخلات!$B$5/1440))-1,12)+1&":"&TEXT(MINUTE((المدخلات!$B$4+5*المدخلات!$B$5/1440)),"00")&"–"&MOD(HOUR((المدخلات!$B$4+5*المدخلات!$B$5/1440+المدخلات!$B$5/1440))-1,12)+1&":"&TEXT(MINUTE((المدخلات!$B$4+5*المدخلات!$B$5/1440+المدخلات!$B$5/1440)),"00")&IF(HOUR((المدخلات!$B$4+5*المدخلات!$B$5/1440))<12," ص"," م") -> 5:15–5:30 م | C36: 3 ضد 7 | I36: =_xlfn.TEXTJOIN(" ",TRUE,C36:E36) -> 3 ضد 7
B37: =MOD(HOUR((المدخلات!$B$4+6*المدخلات!$B$5/1440))-1,12)+1&":"&TEXT(MINUTE((المدخلات!$B$4+6*المدخلات!$B$5/1440)),"00")&"–"&MOD(HOUR((المدخلات!$B$4+6*المدخلات!$B$5/1440+المدخلات!$B$5/1440))-1,12)+1&":"&TEXT(MINUTE((المدخلات!$B$4+6*المدخلات!$B$5/1440+المدخلات!$B$5/1440)),"00")&IF(HOUR((المدخلات!$B$4+6*المدخلات!$B$5/1440))<12," ص"," م") -> 5:30–5:45 م | C37: 5 ضد 2 | D37: 1 ضد 8 | E37: 6 ضد 9 | I37: =_xlfn.TEXTJOIN(" ",TRUE,C37:E37) -> 5 ضد 2 1 ضد 8 6 ضد 9
B38: =MOD(HOUR((المدخلات!$B$4+7*المدخلات!$B$5/1440))-1,12)+1&":"&TEXT(MINUTE((المدخلات!$B$4+7*المدخلات!$B$5/1440)),"00")&"–"&MOD(HOUR((المدخلات!$B$4+7*المدخلات!$B$5/1440+المدخلات!$B$5/1440))-1,12)+1&":"&TEXT(MINUTE((المدخلات!$B$4+7*المدخلات!$B$5/1440+المدخلات!$B$5/1440)),"00")&IF(HOUR((المدخلات!$B$4+7*المدخلات!$B$5/1440))<12," ص"," م") -> 5:45–6:00 م | C38: 3 ضد 4 | I38: =_xlfn.TEXTJOIN(" ",TRUE,C38:E38) -> 3 ضد 4
B39: =MOD(HOUR((المدخلات!$B$4+8*المدخلات!$B$5/1440))-1,12)+1&":"&TEXT(MINUTE((المدخلات!$B$4+8*المدخلات!$B$5/1440)),"00")&"–"&MOD(HOUR((المدخلات!$B$4+8*المدخلات!$B$5/1440+المدخلات!$B$5/1440))-1,12)+1&":"&TEXT(MINUTE((المدخلات!$B$4+8*المدخلات!$B$5/1440+المدخلات!$B$5/1440)),"00")&IF(HOUR((المدخلات!$B$4+8*المدخلات!$B$5/1440))<12," ص"," م") -> 6:00–6:15 م | C39: 1 ضد 2 | D39: 7 ضد 9 | I39: =_xlfn.TEXTJOIN(" ",TRUE,C39:E39) -> 1 ضد 2 7 ضد 9
A40: اليوم 5 | B40: =MOD(HOUR((المدخلات!$B$4+0*المدخلات!$B$5/1440))-1,12)+1&":"&TEXT(MINUTE((المدخلات!$B$4+0*المدخلات!$B$5/1440)),"00")&"–"&MOD(HOUR((المدخلات!$B$4+0*المدخلات!$B$5/1440+المدخلات!$B$5/1440))-1,12)+1&":"&TEXT(MINUTE((المدخلات!$B$4+0*المدخلات!$B$5/1440+المدخلات!$B$5/1440)),"00")&IF(HOUR((المدخلات!$B$4+0*المدخلات!$B$5/1440))<12," ص"," م") -> 4:00–4:15 م | C40: 1 ضد 6 | D40: 2 ضد 9 | F40: =COUNTIF(C40:E48,"* ضد *") -> 18 | G40: =COUNTIF(C40:E48,"* ضد *")*2/9 -> 4 | I40: =_xlfn.TEXTJOIN(" ",TRUE,C40:E40) -> 1 ضد 6 2 ضد 9
B41: =MOD(HOUR((المدخلات!$B$4+1*المدخلات!$B$5/1440))-1,12)+1&":"&TEXT(MINUTE((المدخلات!$B$4+1*المدخلات!$B$5/1440)),"00")&"–"&MOD(HOUR((المدخلات!$B$4+1*المدخلات!$B$5/1440+المدخلات!$B$5/1440))-1,12)+1&":"&TEXT(MINUTE((المدخلات!$B$4+1*المدخلات!$B$5/1440+المدخلات!$B$5/1440)),"00")&IF(HOUR((المدخلات!$B$4+1*المدخلات!$B$5/1440))<12," ص"," م") -> 4:15–4:30 م | C41: 3 ضد 5 | D41: 7 ضد 8 | I41: =_xlfn.TEXTJOIN(" ",TRUE,C41:E41) -> 3 ضد 5 7 ضد 8
B42: =MOD(HOUR((المدخلات!$B$4+2*المدخلات!$B$5/1440))-1,12)+1&":"&TEXT(MINUTE((المدخلات!$B$4+2*المدخلات!$B$5/1440)),"00")&"–"&MOD(HOUR((المدخلات!$B$4+2*المدخلات!$B$5/1440+المدخلات!$B$5/1440))-1,12)+1&":"&TEXT(MINUTE((المدخلات!$B$4+2*المدخلات!$B$5/1440+المدخلات!$B$5/1440)),"00")&IF(HOUR((المدخلات!$B$4+2*المدخلات!$B$5/1440))<12," ص"," م") -> 4:30–4:45 م | C42: 1 ضد 4 | D42: 2 ضد 6 | I42: =_xlfn.TEXTJOIN(" ",TRUE,C42:E42) -> 1 ضد 4 2 ضد 6
B43: =MOD(HOUR((المدخلات!$B$4+3*المدخلات!$B$5/1440))-1,12)+1&":"&TEXT(MINUTE((المدخلات!$B$4+3*المدخلات!$B$5/1440)),"00")&"–"&MOD(HOUR((المدخلات!$B$4+3*المدخلات!$B$5/1440+المدخلات!$B$5/1440))-1,12)+1&":"&TEXT(MINUTE((المدخلات!$B$4+3*المدخلات!$B$5/1440+المدخلات!$B$5/1440)),"00")&IF(HOUR((المدخلات!$B$4+3*المدخلات!$B$5/1440))<12," ص"," م") -> 4:45–5:00 م | C43: 7 ضد 5 | D43: 8 ضد 9 | I43: =_xlfn.TEXTJOIN(" ",TRUE,C43:E43) -> 7 ضد 5 8 ضد 9
B44: =MOD(HOUR((المدخلات!$B$4+4*المدخلات!$B$5/1440))-1,12)+1&":"&TEXT(MINUTE((المدخلات!$B$4+4*المدخلات!$B$5/1440)),"00")&"–"&MOD(HOUR((المدخلات!$B$4+4*المدخلات!$B$5/1440+المدخلات!$B$5/1440))-1,12)+1&":"&TEXT(MINUTE((المدخلات!$B$4+4*المدخلات!$B$5/1440+المدخلات!$B$5/1440)),"00")&IF(HOUR((المدخلات!$B$4+4*المدخلات!$B$5/1440))<12," ص"," م") -> 5:00–5:15 م | C44: 1 ضد 3 | D44: 2 ضد 4 | I44: =_xlfn.TEXTJOIN(" ",TRUE,C44:E44) -> 1 ضد 3 2 ضد 4
B45: =MOD(HOUR((المدخلات!$B$4+5*المدخلات!$B$5/1440))-1,12)+1&":"&TEXT(MINUTE((المدخلات!$B$4+5*المدخلات!$B$5/1440)),"00")&"–"&MOD(HOUR((المدخلات!$B$4+5*المدخلات!$B$5/1440+المدخلات!$B$5/1440))-1,12)+1&":"&TEXT(MINUTE((المدخلات!$B$4+5*المدخلات!$B$5/1440+المدخلات!$B$5/1440)),"00")&IF(HOUR((المدخلات!$B$4+5*المدخلات!$B$5/1440))<12," ص"," م") -> 5:15–5:30 م | C45: 8 ضد 6 | D45: 7 ضد 9 | I45: =_xlfn.TEXTJOIN(" ",TRUE,C45:E45) -> 8 ضد 6 7 ضد 9
B46: =MOD(HOUR((المدخلات!$B$4+6*المدخلات!$B$5/1440))-1,12)+1&":"&TEXT(MINUTE((المدخلات!$B$4+6*المدخلات!$B$5/1440)),"00")&"–"&MOD(HOUR((المدخلات!$B$4+6*المدخلات!$B$5/1440+المدخلات!$B$5/1440))-1,12)+1&":"&TEXT(MINUTE((المدخلات!$B$4+6*المدخلات!$B$5/1440+المدخلات!$B$5/1440)),"00")&IF(HOUR((المدخلات!$B$4+6*المدخلات!$B$5/1440))<12," ص"," م") -> 5:30–5:45 م | C46: 1 ضد 5 | D46: 3 ضد 4 | I46: =_xlfn.TEXTJOIN(" ",TRUE,C46:E46) -> 1 ضد 5 3 ضد 4
B47: =MOD(HOUR((المدخلات!$B$4+7*المدخلات!$B$5/1440))-1,12)+1&":"&TEXT(MINUTE((المدخلات!$B$4+7*المدخلات!$B$5/1440)),"00")&"–"&MOD(HOUR((المدخلات!$B$4+7*المدخلات!$B$5/1440+المدخلات!$B$5/1440))-1,12)+1&":"&TEXT(MINUTE((المدخلات!$B$4+7*المدخلات!$B$5/1440+المدخلات!$B$5/1440)),"00")&IF(HOUR((المدخلات!$B$4+7*المدخلات!$B$5/1440))<12," ص"," م") -> 5:45–6:00 م | C47: 2 ضد 7 | D47: 6 ضد 9 | I47: =_xlfn.TEXTJOIN(" ",TRUE,C47:E47) -> 2 ضد 7 6 ضد 9
B48: =MOD(HOUR((المدخلات!$B$4+8*المدخلات!$B$5/1440))-1,12)+1&":"&TEXT(MINUTE((المدخلات!$B$4+8*المدخلات!$B$5/1440)),"00")&"–"&MOD(HOUR((المدخلات!$B$4+8*المدخلات!$B$5/1440+المدخلات!$B$5/1440))-1,12)+1&":"&TEXT(MINUTE((المدخلات!$B$4+8*المدخلات!$B$5/1440+المدخلات!$B$5/1440)),"00")&IF(HOUR((المدخلات!$B$4+8*المدخلات!$B$5/1440))<12," ص"," م") -> 6:00–6:15 م | C48: 3 ضد 8 | D48: 4 ضد 5 | I48: =_xlfn.TEXTJOIN(" ",TRUE,C48:E48) -> 3 ضد 8 4 ضد 5
A49: اليوم 6 | B49: =MOD(HOUR((المدخلات!$B$4+0*المدخلات!$B$5/1440))-1,12)+1&":"&TEXT(MINUTE((المدخلات!$B$4+0*المدخلات!$B$5/1440)),"00")&"–"&MOD(HOUR((المدخلات!$B$4+0*المدخلات!$B$5/1440+المدخلات!$B$5/1440))-1,12)+1&":"&TEXT(MINUTE((المدخلات!$B$4+0*المدخلات!$B$5/1440+المدخلات!$B$5/1440)),"00")&IF(HOUR((المدخلات!$B$4+0*المدخلات!$B$5/1440))<12," ص"," م") -> 4:00–4:15 م | C49: 1 ضد 8 | D49: 3 ضد 7 | E49: 4 ضد 6 | F49: =COUNTIF(C49:E57,"* ضد *") -> 18 | G49: =COUNTIF(C49:E57,"* ضد *")*2/9 -> 4 | I49: =_xlfn.TEXTJOIN(" ",TRUE,C49:E49) -> 1 ضد 8 3 ضد 7 4 ضد 6
B50: =MOD(HOUR((المدخلات!$B$4+1*المدخلات!$B$5/1440))-1,12)+1&":"&TEXT(MINUTE((المدخلات!$B$4+1*المدخلات!$B$5/1440)),"00")&"–"&MOD(HOUR((المدخلات!$B$4+1*المدخلات!$B$5/1440+المدخلات!$B$5/1440))-1,12)+1&":"&TEXT(MINUTE((المدخلات!$B$4+1*المدخلات!$B$5/1440+المدخلات!$B$5/1440)),"00")&IF(HOUR((المدخلات!$B$4+1*المدخلات!$B$5/1440))<12," ص"," م") -> 4:15–4:30 م | C50: 2 ضد 5 | I50: =_xlfn.TEXTJOIN(" ",TRUE,C50:E50) -> 2 ضد 5
B51: =MOD(HOUR((المدخلات!$B$4+2*المدخلات!$B$5/1440))-1,12)+1&":"&TEXT(MINUTE((المدخلات!$B$4+2*المدخلات!$B$5/1440)),"00")&"–"&MOD(HOUR((المدخلات!$B$4+2*المدخلات!$B$5/1440+المدخلات!$B$5/1440))-1,12)+1&":"&TEXT(MINUTE((المدخلات!$B$4+2*المدخلات!$B$5/1440+المدخلات!$B$5/1440)),"00")&IF(HOUR((المدخلات!$B$4+2*المدخلات!$B$5/1440))<12," ص"," م") -> 4:30–4:45 م | C51: 1 ضد 7 | D51: 4 ضد 9 | E51: 3 ضد 6 | I51: =_xlfn.TEXTJOIN(" ",TRUE,C51:E51) -> 1 ضد 7 4 ضد 9 3 ضد 6
B52: =MOD(HOUR((المدخلات!$B$4+3*المدخلات!$B$5/1440))-1,12)+1&":"&TEXT(MINUTE((المدخلات!$B$4+3*المدخلات!$B$5/1440)),"00")&"–"&MOD(HOUR((المدخلات!$B$4+3*المدخلات!$B$5/1440+المدخلات!$B$5/1440))-1,12)+1&":"&TEXT(MINUTE((المدخلات!$B$4+3*المدخلات!$B$5/1440+المدخلات!$B$5/1440)),"00")&IF(HOUR((المدخلات!$B$4+3*المدخلات!$B$5/1440))<12," ص"," م") -> 4:45–5:00 م | C52: 5 ضد 8 | I52: =_xlfn.TEXTJOIN(" ",TRUE,C52:E52) -> 5 ضد 8
B53: =MOD(HOUR((المدخلات!$B$4+4*المدخلات!$B$5/1440))-1,12)+1&":"&TEXT(MINUTE((المدخلات!$B$4+4*المدخلات!$B$5/1440)),"00")&"–"&MOD(HOUR((المدخلات!$B$4+4*المدخلات!$B$5/1440+المدخلات!$B$5/1440))-1,12)+1&":"&TEXT(MINUTE((المدخلات!$B$4+4*المدخلات!$B$5/1440+المدخلات!$B$5/1440)),"00")&IF(HOUR((المدخلات!$B$4+4*المدخلات!$B$5/1440))<12," ص"," م") -> 5:00–5:15 م | C53: 6 ضد 7 | D53: 1 ضد 2 | E53: 3 ضد 9 | I53: =_xlfn.TEXTJOIN(" ",TRUE,C53:E53) -> 6 ضد 7 1 ضد 2 3 ضد 9
B54: =MOD(HOUR((المدخلات!$B$4+5*المدخلات!$B$5/1440))-1,12)+1&":"&TEXT(MINUTE((المدخلات!$B$4+5*المدخلات!$B$5/1440)),"00")&"–"&MOD(HOUR((المدخلات!$B$4+5*المدخلات!$B$5/1440+المدخلات!$B$5/1440))-1,12)+1&":"&TEXT(MINUTE((المدخلات!$B$4+5*المدخلات!$B$5/1440+المدخلات!$B$5/1440)),"00")&IF(HOUR((المدخلات!$B$4+5*المدخلات!$B$5/1440))<12," ص"," م") -> 5:15–5:30 م | C54: 4 ضد 8 | I54: =_xlfn.TEXTJOIN(" ",TRUE,C54:E54) -> 4 ضد 8
B55: =MOD(HOUR((المدخلات!$B$4+6*المدخلات!$B$5/1440))-1,12)+1&":"&TEXT(MINUTE((المدخلات!$B$4+6*المدخلات!$B$5/1440)),"00")&"–"&MOD(HOUR((المدخلات!$B$4+6*المدخلات!$B$5/1440+المدخلات!$B$5/1440))-1,12)+1&":"&TEXT(MINUTE((المدخلات!$B$4+6*المدخلات!$B$5/1440+المدخلات!$B$5/1440)),"00")&IF(HOUR((المدخلات!$B$4+6*المدخلات!$B$5/1440))<12," ص"," م") -> 5:30–5:45 م | C55: 1 ضد 9 | D55: 2 ضد 3 | E55: 5 ضد 6 | I55: =_xlfn.TEXTJOIN(" ",TRUE,C55:E55) -> 1 ضد 9 2 ضد 3 5 ضد 6
B56: =MOD(HOUR((المدخلات!$B$4+7*المدخلات!$B$5/1440))-1,12)+1&":"&TEXT(MINUTE((المدخلات!$B$4+7*المدخلات!$B$5/1440)),"00")&"–"&MOD(HOUR((المدخلات!$B$4+7*المدخلات!$B$5/1440+المدخلات!$B$5/1440))-1,12)+1&":"&TEXT(MINUTE((المدخلات!$B$4+7*المدخلات!$B$5/1440+المدخلات!$B$5/1440)),"00")&IF(HOUR((المدخلات!$B$4+7*المدخلات!$B$5/1440))<12," ص"," م") -> 5:45–6:00 م | C56: 4 ضد 7 | I56: =_xlfn.TEXTJOIN(" ",TRUE,C56:E56) -> 4 ضد 7
B57: =MOD(HOUR((المدخلات!$B$4+8*المدخلات!$B$5/1440))-1,12)+1&":"&TEXT(MINUTE((المدخلات!$B$4+8*المدخلات!$B$5/1440)),"00")&"–"&MOD(HOUR((المدخلات!$B$4+8*المدخلات!$B$5/1440+المدخلات!$B$5/1440))-1,12)+1&":"&TEXT(MINUTE((المدخلات!$B$4+8*المدخلات!$B$5/1440+المدخلات!$B$5/1440)),"00")&IF(HOUR((المدخلات!$B$4+8*المدخلات!$B$5/1440))<12," ص"," م") -> 6:00–6:15 م | C57: 2 ضد 8 | D57: 5 ضد 9 | I57: =_xlfn.TEXTJOIN(" ",TRUE,C57:E57) -> 2 ضد 8 5 ضد 9
B60: توزيع الفرق على مجموعة المدينة المنورة — يُعبّأ بأسماء الفرق
B61: # | C61: الفرق (1-9) | F61: التصنيف
B62: 1 | C62: الانصار (1) | F62: نادي
B63: 2 | C63: الانصار (2) | F63: نادي
B64: 3 | C64: الانصار (3) | F64: نادي
B65: 4 | C65: الانصار (4) | F65: نادي
B66: 5 | C66: أحد | F66: نادي
B67: 6 | C67: الكالتشيو | F67: أكاديمية
B68: 7 | C68: واعي | F68: أكاديمية
B69: 8 | C69: اكاديمية الليجا الرياضية | F69: هواة
B70: 9 | C70: اكاديمية نجوم الدعيثة | F70: هواة
B73: توزيع الفرق على مجموعة جازان (جيزان) — يُعبّأ بأسماء الفرق
B74: # | C74: الفرق (1-9) | F74: التصنيف
B75: 1 | C75: ستار ون | F75: أكاديمية
B76: 2 | C76: اكاديمية الزعيم | F76: أكاديمية
B77: 3 | C77: سحار | F77: هواة
B78: 4 | C78: الجاردن | F78: هواة
B79: 5 | C79: العدايا | F79: هواة
B80: 6 | C80: النجوم بجازان | F80: هواة
B81: 7 | C81: سانتوس جيزان | F81: هواة
B82: 8 | C82: صقور الوادي | F82: هواة
B83: 9 | C83: فريق منشبة | F83: هواة
B86: توزيع الفرق على مجموعة أبو عريش — يُعبّأ بأسماء الفرق
B87: # | C87: الفرق (1-9) | F87: التصنيف
B88: 1 | C88: أمجاد الخشابية | F88: هواة
B89: 2 | C89: الكواكب ابو عريش | F89: هواة
B90: 3 | C90: مستقبل الخضراء | F90: هواة
B91: 4 | C91: شباب حاكمة ابي عريش | F91: هواة
B92: 5 | C92: الجوه | F92: هواة
B93: 6 | C93: احلام العبادلة | F93: هواة
B94: 7 | C94: صقور قامرة جازان | F94: هواة
B95: 8 | C95: الهلال الشرقي | F95: هواة
B96: 9 | C96: فريق الخليج بأبو عريش | F96: هواة

Sheet 11 فريقًا
A1: جدول مباريات المجموعات التي فيها 11 فريقًا
A3: اليوم | B3: الوقت | C3: ملعب 1 | D3: ملعب 2 | E3: ملعب 3 | F3: ملعب 4 | G3: مجموع مباريات اليوم | H3: مباريات كل فريق في اليوم | J3: لاعبو الفترة (عمود مساعد) | L3: الفريق | M3: عدد مبارياته | N3: مباريات متتالية | O3: راحة 15 دقيقة | P3: راحة 30 دقيقة | Q3: راحة أطول من 30
A4: اليوم 1 | B4: =MOD(HOUR((المدخلات!$B$4+0*المدخلات!$B$5/1440))-1,12)+1&":"&TEXT(MINUTE((المدخلات!$B$4+0*المدخلات!$B$5/1440)),"00")&"–"&MOD(HOUR((المدخلات!$B$4+0*المدخلات!$B$5/1440+المدخلات!$B$5/1440))-1,12)+1&":"&TEXT(MINUTE((المدخلات!$B$4+0*المدخلات!$B$5/1440+المدخلات!$B$5/1440)),"00")&IF(HOUR((المدخلات!$B$4+0*المدخلات!$B$5/1440))<12," ص"," م") -> 4:00–4:15 م | C4: 6 ضد 7 | D4: 8 ضد 9 | G4: =COUNTIF(C4:F12,"* ضد *") -> 22 | H4: =COUNTIF(C4:F12,"* ضد *")*2/11 -> 4 | J4: =_xlfn.TEXTJOIN(" ",TRUE,C4:F4) -> 6 ضد 7 8 ضد 9 | L4: 1 | M4: {=SUMPRODUCT(--ISNUMBER(SEARCH(" "&$L4&" "," "&J$4:J$48&" ")))} -> 20 | N4: {=SUMPRODUCT(--ISNUMBER(SEARCH(" "&$L4&" "," "&J$4:J$47&" ")),--ISNUMBER(SEARCH(" "&$L4&" "," "&J$5:J$48&" ")),--(MOD(ROW(J$4:J$47)-4,$M$16)<=$M$16-2))} -> 0 | O4: {=SUMPRODUCT(--ISNUMBER(SEARCH(" "&$L4&" "," "&J$4:J$46&" ")),--ISNUMBER(SEARCH(" "&$L4&" "," "&J$6:J$48&" ")),--(MOD(ROW(J$4:J$46)-4,$M$16)<=$M$16-3))} -> 13 | P4: {=SUMPRODUCT(--ISNUMBER(SEARCH(" "&$L4&" "," "&J$4:J$45&" ")),--ISNUMBER(SEARCH(" "&$L4&" "," "&J$7:J$48&" ")),--(MOD(ROW(J$4:J$45)-4,$M$16)<=$M$16-4))} -> 2 | Q4: =M4*3/4-N4-O4-P4 -> 0
B5: =MOD(HOUR((المدخلات!$B$4+1*المدخلات!$B$5/1440))-1,12)+1&":"&TEXT(MINUTE((المدخلات!$B$4+1*المدخلات!$B$5/1440)),"00")&"–"&MOD(HOUR((المدخلات!$B$4+1*المدخلات!$B$5/1440+المدخلات!$B$5/1440))-1,12)+1&":"&TEXT(MINUTE((المدخلات!$B$4+1*المدخلات!$B$5/1440+المدخلات!$B$5/1440)),"00")&IF(HOUR((المدخلات!$B$4+1*المدخلات!$B$5/1440))<12," ص"," م") -> 4:15–4:30 م | C5: 1 ضد 3 | D5: 2 ضد 10 | E5: 5 ضد 11 | J5: =_xlfn.TEXTJOIN(" ",TRUE,C5:F5) -> 1 ضد 3 2 ضد 10 5 ضد 11 | L5: 2 | M5: {=SUMPRODUCT(--ISNUMBER(SEARCH(" "&$L5&" "," "&J$4:J$48&" ")))} -> 20 | N5: {=SUMPRODUCT(--ISNUMBER(SEARCH(" "&$L5&" "," "&J$4:J$47&" ")),--ISNUMBER(SEARCH(" "&$L5&" "," "&J$5:J$48&" ")),--(MOD(ROW(J$4:J$47)-4,$M$16)<=$M$16-2))} -> 0 | O5: {=SUMPRODUCT(--ISNUMBER(SEARCH(" "&$L5&" "," "&J$4:J$46&" ")),--ISNUMBER(SEARCH(" "&$L5&" "," "&J$6:J$48&" ")),--(MOD(ROW(J$4:J$46)-4,$M$16)<=$M$16-3))} -> 12 | P5: {=SUMPRODUCT(--ISNUMBER(SEARCH(" "&$L5&" "," "&J$4:J$45&" ")),--ISNUMBER(SEARCH(" "&$L5&" "," "&J$7:J$48&" ")),--(MOD(ROW(J$4:J$45)-4,$M$16)<=$M$16-4))} -> 3 | Q5: =M5*3/4-N5-O5-P5 -> 0
B6: =MOD(HOUR((المدخلات!$B$4+2*المدخلات!$B$5/1440))-1,12)+1&":"&TEXT(MINUTE((المدخلات!$B$4+2*المدخلات!$B$5/1440)),"00")&"–"&MOD(HOUR((المدخلات!$B$4+2*المدخلات!$B$5/1440+المدخلات!$B$5/1440))-1,12)+1&":"&TEXT(MINUTE((المدخلات!$B$4+2*المدخلات!$B$5/1440+المدخلات!$B$5/1440)),"00")&IF(HOUR((المدخلات!$B$4+2*المدخلات!$B$5/1440))<12," ص"," م") -> 4:30–4:45 م | C6: 8 ضد 7 | D6: 4 ضد 9 | J6: =_xlfn.TEXTJOIN(" ",TRUE,C6:F6) -> 8 ضد 7 4 ضد 9 | L6: 3 | M6: {=SUMPRODUCT(--ISNUMBER(SEARCH(" "&$L6&" "," "&J$4:J$48&" ")))} -> 20 | N6: {=SUMPRODUCT(--ISNUMBER(SEARCH(" "&$L6&" "," "&J$4:J$47&" ")),--ISNUMBER(SEARCH(" "&$L6&" "," "&J$5:J$48&" ")),--(MOD(ROW(J$4:J$47)-4,$M$16)<=$M$16-2))} -> 0 | O6: {=SUMPRODUCT(--ISNUMBER(SEARCH(" "&$L6&" "," "&J$4:J$46&" ")),--ISNUMBER(SEARCH(" "&$L6&" "," "&J$6:J$48&" ")),--(MOD(ROW(J$4:J$46)-4,$M$16)<=$M$16-3))} -> 12 | P6: {=SUMPRODUCT(--ISNUMBER(SEARCH(" "&$L6&" "," "&J$4:J$45&" ")),--ISNUMBER(SEARCH(" "&$L6&" "," "&J$7:J$48&" ")),--(MOD(ROW(J$4:J$45)-4,$M$16)<=$M$16-4))} -> 3 | Q6: =M6*3/4-N6-O6-P6 -> 0
B7: =MOD(HOUR((المدخلات!$B$4+3*المدخلات!$B$5/1440))-1,12)+1&":"&TEXT(MINUTE((المدخلات!$B$4+3*المدخلات!$B$5/1440)),"00")&"–"&MOD(HOUR((المدخلات!$B$4+3*المدخلات!$B$5/1440+المدخلات!$B$5/1440))-1,12)+1&":"&TEXT(MINUTE((المدخلات!$B$4+3*المدخلات!$B$5/1440+المدخلات!$B$5/1440)),"00")&IF(HOUR((المدخلات!$B$4+3*المدخلات!$B$5/1440))<12," ص"," م") -> 4:45–5:00 م | C7: 2 ضد 11 | D7: 3 ضد 6 | E7: 5 ضد 10 | J7: =_xlfn.TEXTJOIN(" ",TRUE,C7:F7) -> 2 ضد 11 3 ضد 6 5 ضد 10 | L7: 4 | M7: {=SUMPRODUCT(--ISNUMBER(SEARCH(" "&$L7&" "," "&J$4:J$48&" ")))} -> 20 | N7: {=SUMPRODUCT(--ISNUMBER(SEARCH(" "&$L7&" "," "&J$4:J$47&" ")),--ISNUMBER(SEARCH(" "&$L7&" "," "&J$5:J$48&" ")),--(MOD(ROW(J$4:J$47)-4,$M$16)<=$M$16-2))} -> 0 | O7: {=SUMPRODUCT(--ISNUMBER(SEARCH(" "&$L7&" "," "&J$4:J$46&" ")),--ISNUMBER(SEARCH(" "&$L7&" "," "&J$6:J$48&" ")),--(MOD(ROW(J$4:J$46)-4,$M$16)<=$M$16-3))} -> 13 | P7: {=SUMPRODUCT(--ISNUMBER(SEARCH(" "&$L7&" "," "&J$4:J$45&" ")),--ISNUMBER(SEARCH(" "&$L7&" "," "&J$7:J$48&" ")),--(MOD(ROW(J$4:J$45)-4,$M$16)<=$M$16-4))} -> 2 | Q7: =M7*3/4-N7-O7-P7 -> 0
B8: =MOD(HOUR((المدخلات!$B$4+4*المدخلات!$B$5/1440))-1,12)+1&":"&TEXT(MINUTE((المدخلات!$B$4+4*المدخلات!$B$5/1440)),"00")&"–"&MOD(HOUR((المدخلات!$B$4+4*المدخلات!$B$5/1440+المدخلات!$B$5/1440))-1,12)+1&":"&TEXT(MINUTE((المدخلات!$B$4+4*المدخلات!$B$5/1440+المدخلات!$B$5/1440)),"00")&IF(HOUR((المدخلات!$B$4+4*المدخلات!$B$5/1440))<12," ص"," م") -> 5:00–5:15 م | C8: 7 ضد 1 | D8: 4 ضد 8 | J8: =_xlfn.TEXTJOIN(" ",TRUE,C8:F8) -> 7 ضد 1 4 ضد 8 | L8: 5 | M8: {=SUMPRODUCT(--ISNUMBER(SEARCH(" "&$L8&" "," "&J$4:J$48&" ")))} -> 20 | N8: {=SUMPRODUCT(--ISNUMBER(SEARCH(" "&$L8&" "," "&J$4:J$47&" ")),--ISNUMBER(SEARCH(" "&$L8&" "," "&J$5:J$48&" ")),--(MOD(ROW(J$4:J$47)-4,$M$16)<=$M$16-2))} -> 0 | O8: {=SUMPRODUCT(--ISNUMBER(SEARCH(" "&$L8&" "," "&J$4:J$46&" ")),--ISNUMBER(SEARCH(" "&$L8&" "," "&J$6:J$48&" ")),--(MOD(ROW(J$4:J$46)-4,$M$16)<=$M$16-3))} -> 11 | P8: {=SUMPRODUCT(--ISNUMBER(SEARCH(" "&$L8&" "," "&J$4:J$45&" ")),--ISNUMBER(SEARCH(" "&$L8&" "," "&J$7:J$48&" ")),--(MOD(ROW(J$4:J$45)-4,$M$16)<=$M$16-4))} -> 4 | Q8: =M8*3/4-N8-O8-P8 -> 0
B9: =MOD(HOUR((المدخلات!$B$4+5*المدخلات!$B$5/1440))-1,12)+1&":"&TEXT(MINUTE((المدخلات!$B$4+5*المدخلات!$B$5/1440)),"00")&"–"&MOD(HOUR((المدخلات!$B$4+5*المدخلات!$B$5/1440+المدخلات!$B$5/1440))-1,12)+1&":"&TEXT(MINUTE((المدخلات!$B$4+5*المدخلات!$B$5/1440+المدخلات!$B$5/1440)),"00")&IF(HOUR((المدخلات!$B$4+5*المدخلات!$B$5/1440))<12," ص"," م") -> 5:15–5:30 م | C9: 11 ضد 3 | D9: 2 ضد 9 | E9: 5 ضد 6 | J9: =_xlfn.TEXTJOIN(" ",TRUE,C9:F9) -> 11 ضد 3 2 ضد 9 5 ضد 6 | L9: 6 | M9: {=SUMPRODUCT(--ISNUMBER(SEARCH(" "&$L9&" "," "&J$4:J$48&" ")))} -> 20 | N9: {=SUMPRODUCT(--ISNUMBER(SEARCH(" "&$L9&" "," "&J$4:J$47&" ")),--ISNUMBER(SEARCH(" "&$L9&" "," "&J$5:J$48&" ")),--(MOD(ROW(J$4:J$47)-4,$M$16)<=$M$16-2))} -> 0 | O9: {=SUMPRODUCT(--ISNUMBER(SEARCH(" "&$L9&" "," "&J$4:J$46&" ")),--ISNUMBER(SEARCH(" "&$L9&" "," "&J$6:J$48&" ")),--(MOD(ROW(J$4:J$46)-4,$M$16)<=$M$16-3))} -> 13 | P9: {=SUMPRODUCT(--ISNUMBER(SEARCH(" "&$L9&" "," "&J$4:J$45&" ")),--ISNUMBER(SEARCH(" "&$L9&" "," "&J$7:J$48&" ")),--(MOD(ROW(J$4:J$45)-4,$M$16)<=$M$16-4))} -> 2 | Q9: =M9*3/4-N9-O9-P9 -> 0
B10: =MOD(HOUR((المدخلات!$B$4+6*المدخلات!$B$5/1440))-1,12)+1&":"&TEXT(MINUTE((المدخلات!$B$4+6*المدخلات!$B$5/1440)),"00")&"–"&MOD(HOUR((المدخلات!$B$4+6*المدخلات!$B$5/1440+المدخلات!$B$5/1440))-1,12)+1&":"&TEXT(MINUTE((المدخلات!$B$4+6*المدخلات!$B$5/1440+المدخلات!$B$5/1440)),"00")&IF(HOUR((المدخلات!$B$4+6*المدخلات!$B$5/1440))<12," ص"," م") -> 5:30–5:45 م | C10: 4 ضد 1 | D10: 8 ضد 10 | J10: =_xlfn.TEXTJOIN(" ",TRUE,C10:F10) -> 4 ضد 1 8 ضد 10 | L10: 7 | M10: {=SUMPRODUCT(--ISNUMBER(SEARCH(" "&$L10&" "," "&J$4:J$48&" ")))} -> 20 | N10: {=SUMPRODUCT(--ISNUMBER(SEARCH(" "&$L10&" "," "&J$4:J$47&" ")),--ISNUMBER(SEARCH(" "&$L10&" "," "&J$5:J$48&" ")),--(MOD(ROW(J$4:J$47)-4,$M$16)<=$M$16-2))} -> 0 | O10: {=SUMPRODUCT(--ISNUMBER(SEARCH(" "&$L10&" "," "&J$4:J$46&" ")),--ISNUMBER(SEARCH(" "&$L10&" "," "&J$6:J$48&" ")),--(MOD(ROW(J$4:J$46)-4,$M$16)<=$M$16-3))} -> 12 | P10: {=SUMPRODUCT(--ISNUMBER(SEARCH(" "&$L10&" "," "&J$4:J$45&" ")),--ISNUMBER(SEARCH(" "&$L10&" "," "&J$7:J$48&" ")),--(MOD(ROW(J$4:J$45)-4,$M$16)<=$M$16-4))} -> 3 | Q10: =M10*3/4-N10-O10-P10 -> 0
B11: =MOD(HOUR((المدخلات!$B$4+7*المدخلات!$B$5/1440))-1,12)+1&":"&TEXT(MINUTE((المدخلات!$B$4+7*المدخلات!$B$5/1440)),"00")&"–"&MOD(HOUR((المدخلات!$B$4+7*المدخلات!$B$5/1440+المدخلات!$B$5/1440))-1,12)+1&":"&TEXT(MINUTE((المدخلات!$B$4+7*المدخلات!$B$5/1440+المدخلات!$B$5/1440)),"00")&IF(HOUR((المدخلات!$B$4+7*المدخلات!$B$5/1440))<12," ص"," م") -> 5:45–6:00 م | C11: 2 ضد 3 | D11: 6 ضد 9 | E11: 7 ضد 11 | J11: =_xlfn.TEXTJOIN(" ",TRUE,C11:F11) -> 2 ضد 3 6 ضد 9 7 ضد 11 | L11: 8 | M11: {=SUMPRODUCT(--ISNUMBER(SEARCH(" "&$L11&" "," "&J$4:J$48&" ")))} -> 20 | N11: {=SUMPRODUCT(--ISNUMBER(SEARCH(" "&$L11&" "," "&J$4:J$47&" ")),--ISNUMBER(SEARCH(" "&$L11&" "," "&J$5:J$48&" ")),--(MOD(ROW(J$4:J$47)-4,$M$16)<=$M$16-2))} -> 0 | O11: {=SUMPRODUCT(--ISNUMBER(SEARCH(" "&$L11&" "," "&J$4:J$46&" ")),--ISNUMBER(SEARCH(" "&$L11&" "," "&J$6:J$48&" ")),--(MOD(ROW(J$4:J$46)-4,$M$16)<=$M$16-3))} -> 13 | P11: {=SUMPRODUCT(--ISNUMBER(SEARCH(" "&$L11&" "," "&J$4:J$45&" ")),--ISNUMBER(SEARCH(" "&$L11&" "," "&J$7:J$48&" ")),--(MOD(ROW(J$4:J$45)-4,$M$16)<=$M$16-4))} -> 2 | Q11: =M11*3/4-N11-O11-P11 -> 0
B12: =MOD(HOUR((المدخلات!$B$4+8*المدخلات!$B$5/1440))-1,12)+1&":"&TEXT(MINUTE((المدخلات!$B$4+8*المدخلات!$B$5/1440)),"00")&"–"&MOD(HOUR((المدخلات!$B$4+8*المدخلات!$B$5/1440+المدخلات!$B$5/1440))-1,12)+1&":"&TEXT(MINUTE((المدخلات!$B$4+8*المدخلات!$B$5/1440+المدخلات!$B$5/1440)),"00")&IF(HOUR((المدخلات!$B$4+8*المدخلات!$B$5/1440))<12," ص"," م") -> 6:00–6:15 م | C12: 1 ضد 5 | D12: 4 ضد 10 | J12: =_xlfn.TEXTJOIN(" ",TRUE,C12:F12) -> 1 ضد 5 4 ضد 10 | L12: 9 | M12: {=SUMPRODUCT(--ISNUMBER(SEARCH(" "&$L12&" "," "&J$4:J$48&" ")))} -> 20 | N12: {=SUMPRODUCT(--ISNUMBER(SEARCH(" "&$L12&" "," "&J$4:J$47&" ")),--ISNUMBER(SEARCH(" "&$L12&" "," "&J$5:J$48&" ")),--(MOD(ROW(J$4:J$47)-4,$M$16)<=$M$16-2))} -> 0 | O12: {=SUMPRODUCT(--ISNUMBER(SEARCH(" "&$L12&" "," "&J$4:J$46&" ")),--ISNUMBER(SEARCH(" "&$L12&" "," "&J$6:J$48&" ")),--(MOD(ROW(J$4:J$46)-4,$M$16)<=$M$16-3))} -> 13 | P12: {=SUMPRODUCT(--ISNUMBER(SEARCH(" "&$L12&" "," "&J$4:J$45&" ")),--ISNUMBER(SEARCH(" "&$L12&" "," "&J$7:J$48&" ")),--(MOD(ROW(J$4:J$45)-4,$M$16)<=$M$16-4))} -> 2 | Q12: =M12*3/4-N12-O12-P12 -> 0
A13: اليوم 2 | B13: =MOD(HOUR((المدخلات!$B$4+0*المدخلات!$B$5/1440))-1,12)+1&":"&TEXT(MINUTE((المدخلات!$B$4+0*المدخلات!$B$5/1440)),"00")&"–"&MOD(HOUR((المدخلات!$B$4+0*المدخلات!$B$5/1440+المدخلات!$B$5/1440))-1,12)+1&":"&TEXT(MINUTE((المدخلات!$B$4+0*المدخلات!$B$5/1440+المدخلات!$B$5/1440)),"00")&IF(HOUR((المدخلات!$B$4+0*المدخلات!$B$5/1440))<12," ص"," م") -> 4:00–4:15 م | C13: 3 ضد 4 | D13: 6 ضد 10 | G13: =COUNTIF(C13:F21,"* ضد *") -> 22 | H13: =COUNTIF(C13:F21,"* ضد *")*2/11 -> 4 | J13: =_xlfn.TEXTJOIN(" ",TRUE,C13:F13) -> 3 ضد 4 6 ضد 10 | L13: 10 | M13: {=SUMPRODUCT(--ISNUMBER(SEARCH(" "&$L13&" "," "&J$4:J$48&" ")))} -> 20 | N13: {=SUMPRODUCT(--ISNUMBER(SEARCH(" "&$L13&" "," "&J$4:J$47&" ")),--ISNUMBER(SEARCH(" "&$L13&" "," "&J$5:J$48&" ")),--(MOD(ROW(J$4:J$47)-4,$M$16)<=$M$16-2))} -> 0 | O13: {=SUMPRODUCT(--ISNUMBER(SEARCH(" "&$L13&" "," "&J$4:J$46&" ")),--ISNUMBER(SEARCH(" "&$L13&" "," "&J$6:J$48&" ")),--(MOD(ROW(J$4:J$46)-4,$M$16)<=$M$16-3))} -> 12 | P13: {=SUMPRODUCT(--ISNUMBER(SEARCH(" "&$L13&" "," "&J$4:J$45&" ")),--ISNUMBER(SEARCH(" "&$L13&" "," "&J$7:J$48&" ")),--(MOD(ROW(J$4:J$45)-4,$M$16)<=$M$16-4))} -> 3 | Q13: =M13*3/4-N13-O13-P13 -> 0
B14: =MOD(HOUR((المدخلات!$B$4+1*المدخلات!$B$5/1440))-1,12)+1&":"&TEXT(MINUTE((المدخلات!$B$4+1*المدخلات!$B$5/1440)),"00")&"–"&MOD(HOUR((المدخلات!$B$4+1*المدخلات!$B$5/1440+المدخلات!$B$5/1440))-1,12)+1&":"&TEXT(MINUTE((المدخلات!$B$4+1*المدخلات!$B$5/1440+المدخلات!$B$5/1440)),"00")&IF(HOUR((المدخلات!$B$4+1*المدخلات!$B$5/1440))<12," ص"," م") -> 4:15–4:30 م | C14: 11 ضد 8 | D14: 2 ضد 7 | E14: 5 ضد 9 | J14: =_xlfn.TEXTJOIN(" ",TRUE,C14:F14) -> 11 ضد 8 2 ضد 7 5 ضد 9 | L14: 11 | M14: {=SUMPRODUCT(--ISNUMBER(SEARCH(" "&$L14&" "," "&J$4:J$48&" ")))} -> 20 | N14: {=SUMPRODUCT(--ISNUMBER(SEARCH(" "&$L14&" "," "&J$4:J$47&" ")),--ISNUMBER(SEARCH(" "&$L14&" "," "&J$5:J$48&" ")),--(MOD(ROW(J$4:J$47)-4,$M$16)<=$M$16-2))} -> 0 | O14: {=SUMPRODUCT(--ISNUMBER(SEARCH(" "&$L14&" "," "&J$4:J$46&" ")),--ISNUMBER(SEARCH(" "&$L14&" "," "&J$6:J$48&" ")),--(MOD(ROW(J$4:J$46)-4,$M$16)<=$M$16-3))} -> 11 | P14: {=SUMPRODUCT(--ISNUMBER(SEARCH(" "&$L14&" "," "&J$4:J$45&" ")),--ISNUMBER(SEARCH(" "&$L14&" "," "&J$7:J$48&" ")),--(MOD(ROW(J$4:J$45)-4,$M$16)<=$M$16-4))} -> 4 | Q14: =M14*3/4-N14-O14-P14 -> 0
B15: =MOD(HOUR((المدخلات!$B$4+2*المدخلات!$B$5/1440))-1,12)+1&":"&TEXT(MINUTE((المدخلات!$B$4+2*المدخلات!$B$5/1440)),"00")&"–"&MOD(HOUR((المدخلات!$B$4+2*المدخلات!$B$5/1440+المدخلات!$B$5/1440))-1,12)+1&":"&TEXT(MINUTE((المدخلات!$B$4+2*المدخلات!$B$5/1440+المدخلات!$B$5/1440)),"00")&IF(HOUR((المدخلات!$B$4+2*المدخلات!$B$5/1440))<12," ص"," م") -> 4:30–4:45 م | C15: 4 ضد 6 | D15: 1 ضد 10 | J15: =_xlfn.TEXTJOIN(" ",TRUE,C15:F15) -> 4 ضد 6 1 ضد 10 | L15: المجموع | M15: =SUM(M4:M14) -> 220 | N15: =SUM(N4:N14) -> 0 | O15: =SUM(O4:O14) -> 135 | P15: =SUM(P4:P14) -> 30 | Q15: =SUM(Q4:Q14) -> 0
B16: =MOD(HOUR((المدخلات!$B$4+3*المدخلات!$B$5/1440))-1,12)+1&":"&TEXT(MINUTE((المدخلات!$B$4+3*المدخلات!$B$5/1440)),"00")&"–"&MOD(HOUR((المدخلات!$B$4+3*المدخلات!$B$5/1440+المدخلات!$B$5/1440))-1,12)+1&":"&TEXT(MINUTE((المدخلات!$B$4+3*المدخلات!$B$5/1440+المدخلات!$B$5/1440)),"00")&IF(HOUR((المدخلات!$B$4+3*المدخلات!$B$5/1440))<12," ص"," م") -> 4:45–5:00 م | C16: 2 ضد 8 | D16: 5 ضد 7 | E16: 3 ضد 9 | J16: =_xlfn.TEXTJOIN(" ",TRUE,C16:F16) -> 2 ضد 8 5 ضد 7 3 ضد 9 | L16: فترات اليوم | M16: =COUNTA($B$4:$B$48)/COUNTIF($A$4:$A$48,"اليوم *") -> 9
B17: =MOD(HOUR((المدخلات!$B$4+4*المدخلات!$B$5/1440))-1,12)+1&":"&TEXT(MINUTE((المدخلات!$B$4+4*المدخلات!$B$5/1440)),"00")&"–"&MOD(HOUR((المدخلات!$B$4+4*المدخلات!$B$5/1440+المدخلات!$B$5/1440))-1,12)+1&":"&TEXT(MINUTE((المدخلات!$B$4+4*المدخلات!$B$5/1440+المدخلات!$B$5/1440)),"00")&IF(HOUR((المدخلات!$B$4+4*المدخلات!$B$5/1440))<12," ص"," م") -> 5:00–5:15 م | C17: 4 ضد 11 | D17: 1 ضد 6 | J17: =_xlfn.TEXTJOIN(" ",TRUE,C17:F17) -> 4 ضد 11 1 ضد 6
B18: =MOD(HOUR((المدخلات!$B$4+5*المدخلات!$B$5/1440))-1,12)+1&":"&TEXT(MINUTE((المدخلات!$B$4+5*المدخلات!$B$5/1440)),"00")&"–"&MOD(HOUR((المدخلات!$B$4+5*المدخلات!$B$5/1440+المدخلات!$B$5/1440))-1,12)+1&":"&TEXT(MINUTE((المدخلات!$B$4+5*المدخلات!$B$5/1440+المدخلات!$B$5/1440)),"00")&IF(HOUR((المدخلات!$B$4+5*المدخلات!$B$5/1440))<12," ص"," م") -> 5:15–5:30 م | C18: 5 ضد 8 | D18: 3 ضد 10 | E18: 7 ضد 9 | J18: =_xlfn.TEXTJOIN(" ",TRUE,C18:F18) -> 5 ضد 8 3 ضد 10 7 ضد 9
B19: =MOD(HOUR((المدخلات!$B$4+6*المدخلات!$B$5/1440))-1,12)+1&":"&TEXT(MINUTE((المدخلات!$B$4+6*المدخلات!$B$5/1440)),"00")&"–"&MOD(HOUR((المدخلات!$B$4+6*المدخلات!$B$5/1440+المدخلات!$B$5/1440))-1,12)+1&":"&TEXT(MINUTE((المدخلات!$B$4+6*المدخلات!$B$5/1440+المدخلات!$B$5/1440)),"00")&IF(HOUR((المدخلات!$B$4+6*المدخلات!$B$5/1440))<12," ص"," م") -> 5:30–5:45 م | C19: 1 ضد 2 | D19: 6 ضد 11 | J19: =_xlfn.TEXTJOIN(" ",TRUE,C19:F19) -> 1 ضد 2 6 ضد 11
B20: =MOD(HOUR((المدخلات!$B$4+7*المدخلات!$B$5/1440))-1,12)+1&":"&TEXT(MINUTE((المدخلات!$B$4+7*المدخلات!$B$5/1440)),"00")&"–"&MOD(HOUR((المدخلات!$B$4+7*المدخلات!$B$5/1440+المدخلات!$B$5/1440))-1,12)+1&":"&TEXT(MINUTE((المدخلات!$B$4+7*المدخلات!$B$5/1440+المدخلات!$B$5/1440)),"00")&IF(HOUR((المدخلات!$B$4+7*المدخلات!$B$5/1440))<12," ص"," م") -> 5:45–6:00 م | C20: 4 ضد 7 | D20: 3 ضد 8 | E20: 9 ضد 10 | J20: =_xlfn.TEXTJOIN(" ",TRUE,C20:F20) -> 4 ضد 7 3 ضد 8 9 ضد 10
B21: =MOD(HOUR((المدخلات!$B$4+8*المدخلات!$B$5/1440))-1,12)+1&":"&TEXT(MINUTE((المدخلات!$B$4+8*المدخلات!$B$5/1440)),"00")&"–"&MOD(HOUR((المدخلات!$B$4+8*المدخلات!$B$5/1440+المدخلات!$B$5/1440))-1,12)+1&":"&TEXT(MINUTE((المدخلات!$B$4+8*المدخلات!$B$5/1440+المدخلات!$B$5/1440)),"00")&IF(HOUR((المدخلات!$B$4+8*المدخلات!$B$5/1440))<12," ص"," م") -> 6:00–6:15 م | C21: 1 ضد 11 | D21: 2 ضد 5 | J21: =_xlfn.TEXTJOIN(" ",TRUE,C21:F21) -> 1 ضد 11 2 ضد 5
A22: اليوم 3 | B22: =MOD(HOUR((المدخلات!$B$4+0*المدخلات!$B$5/1440))-1,12)+1&":"&TEXT(MINUTE((المدخلات!$B$4+0*المدخلات!$B$5/1440)),"00")&"–"&MOD(HOUR((المدخلات!$B$4+0*المدخلات!$B$5/1440+المدخلات!$B$5/1440))-1,12)+1&":"&TEXT(MINUTE((المدخلات!$B$4+0*المدخلات!$B$5/1440+المدخلات!$B$5/1440)),"00")&IF(HOUR((المدخلات!$B$4+0*المدخلات!$B$5/1440))<12," ص"," م") -> 4:00–4:15 م | C22: 2 ضد 4 | D22: 5 ضد 3 | E22: 7 ضد 10 | G22: =COUNTIF(C22:F30,"* ضد *") -> 22 | H22: =COUNTIF(C22:F30,"* ضد *")*2/11 -> 4 | J22: =_xlfn.TEXTJOIN(" ",TRUE,C22:F22) -> 2 ضد 4 5 ضد 3 7 ضد 10
B23: =MOD(HOUR((المدخلات!$B$4+1*المدخلات!$B$5/1440))-1,12)+1&":"&TEXT(MINUTE((المدخلات!$B$4+1*المدخلات!$B$5/1440)),"00")&"–"&MOD(HOUR((المدخلات!$B$4+1*المدخلات!$B$5/1440+المدخلات!$B$5/1440))-1,12)+1&":"&TEXT(MINUTE((المدخلات!$B$4+1*المدخلات!$B$5/1440+المدخلات!$B$5/1440)),"00")&IF(HOUR((المدخلات!$B$4+1*المدخلات!$B$5/1440))<12," ص"," م") -> 4:15–4:30 م | C23: 8 ضد 1 | D23: 9 ضد 11 | J23: =_xlfn.TEXTJOIN(" ",TRUE,C23:F23) -> 8 ضد 1 9 ضد 11
B24: =MOD(HOUR((المدخلات!$B$4+2*المدخلات!$B$5/1440))-1,12)+1&":"&TEXT(MINUTE((المدخلات!$B$4+2*المدخلات!$B$5/1440)),"00")&"–"&MOD(HOUR((المدخلات!$B$4+2*المدخلات!$B$5/1440+المدخلات!$B$5/1440))-1,12)+1&":"&TEXT(MINUTE((المدخلات!$B$4+2*المدخلات!$B$5/1440+المدخلات!$B$5/1440)),"00")&IF(HOUR((المدخلات!$B$4+2*المدخلات!$B$5/1440))<12," ص"," م") -> 4:30–4:45 م | C24: 2 ضد 6 | D24: 3 ضد 7 | E24: 4 ضد 5 | J24: =_xlfn.TEXTJOIN(" ",TRUE,C24:F24) -> 2 ضد 6 3 ضد 7 4 ضد 5
B25: =MOD(HOUR((المدخلات!$B$4+3*المدخلات!$B$5/1440))-1,12)+1&":"&TEXT(MINUTE((المدخلات!$B$4+3*المدخلات!$B$5/1440)),"00")&"–"&MOD(HOUR((المدخلات!$B$4+3*المدخلات!$B$5/1440+المدخلات!$B$5/1440))-1,12)+1&":"&TEXT(MINUTE((المدخلات!$B$4+3*المدخلات!$B$5/1440+المدخلات!$B$5/1440)),"00")&IF(HOUR((المدخلات!$B$4+3*المدخلات!$B$5/1440))<12," ص"," م") -> 4:45–5:00 م | C25: 1 ضد 9 | D25: 10 ضد 11 | J25: =_xlfn.TEXTJOIN(" ",TRUE,C25:F25) -> 1 ضد 9 10 ضد 11
B26: =MOD(HOUR((المدخلات!$B$4+4*المدخلات!$B$5/1440))-1,12)+1&":"&TEXT(MINUTE((المدخلات!$B$4+4*المدخلات!$B$5/1440)),"00")&"–"&MOD(HOUR((المدخلات!$B$4+4*المدخلات!$B$5/1440+المدخلات!$B$5/1440))-1,12)+1&":"&TEXT(MINUTE((المدخلات!$B$4+4*المدخلات!$B$5/1440+المدخلات!$B$5/1440)),"00")&IF(HOUR((المدخلات!$B$4+4*المدخلات!$B$5/1440))<12," ص"," م") -> 5:00–5:15 م | C26: 6 ضد 8 | D26: 2 ضد 7 | E26: 3 ضد 4 | J26: =_xlfn.TEXTJOIN(" ",TRUE,C26:F26) -> 6 ضد 8 2 ضد 7 3 ضد 4
B27: =MOD(HOUR((المدخلات!$B$4+5*المدخلات!$B$5/1440))-1,12)+1&":"&TEXT(MINUTE((المدخلات!$B$4+5*المدخلات!$B$5/1440)),"00")&"–"&MOD(HOUR((المدخلات!$B$4+5*المدخلات!$B$5/1440+المدخلات!$B$5/1440))-1,12)+1&":"&TEXT(MINUTE((المدخلات!$B$4+5*المدخلات!$B$5/1440+المدخلات!$B$5/1440)),"00")&IF(HOUR((المدخلات!$B$4+5*المدخلات!$B$5/1440))<12," ص"," م") -> 5:15–5:30 م | C27: 10 ضد 5 | D27: 1 ضد 11 | J27: =_xlfn.TEXTJOIN(" ",TRUE,C27:F27) -> 10 ضد 5 1 ضد 11
B28: =MOD(HOUR((المدخلات!$B$4+6*المدخلات!$B$5/1440))-1,12)+1&":"&TEXT(MINUTE((المدخلات!$B$4+6*المدخلات!$B$5/1440)),"00")&"–"&MOD(HOUR((المدخلات!$B$4+6*المدخلات!$B$5/1440+المدخلات!$B$5/1440))-1,12)+1&":"&TEXT(MINUTE((المدخلات!$B$4+6*المدخلات!$B$5/1440+المدخلات!$B$5/1440)),"00")&IF(HOUR((المدخلات!$B$4+6*المدخلات!$B$5/1440))<12," ص"," م") -> 5:30–5:45 م | C28: 3 ضد 6 | D28: 4 ضد 8 | E28: 7 ضد 9 | J28: =_xlfn.TEXTJOIN(" ",TRUE,C28:F28) -> 3 ضد 6 4 ضد 8 7 ضد 9
B29: =MOD(HOUR((المدخلات!$B$4+7*المدخلات!$B$5/1440))-1,12)+1&":"&TEXT(MINUTE((المدخلات!$B$4+7*المدخلات!$B$5/1440)),"00")&"–"&MOD(HOUR((المدخلات!$B$4+7*المدخلات!$B$5/1440+المدخلات!$B$5/1440))-1,12)+1&":"&TEXT(MINUTE((المدخلات!$B$4+7*المدخلات!$B$5/1440+المدخلات!$B$5/1440)),"00")&IF(HOUR((المدخلات!$B$4+7*المدخلات!$B$5/1440))<12," ص"," م") -> 5:45–6:00 م | C29: 5 ضد 2 | D29: 1 ضد 10 | J29: =_xlfn.TEXTJOIN(" ",TRUE,C29:F29) -> 5 ضد 2 1 ضد 10
B30: =MOD(HOUR((المدخلات!$B$4+8*المدخلات!$B$5/1440))-1,12)+1&":"&TEXT(MINUTE((المدخلات!$B$4+8*المدخلات!$B$5/1440)),"00")&"–"&MOD(HOUR((المدخلات!$B$4+8*المدخلات!$B$5/1440+المدخلات!$B$5/1440))-1,12)+1&":"&TEXT(MINUTE((المدخلات!$B$4+8*المدخلات!$B$5/1440+المدخلات!$B$5/1440)),"00")&IF(HOUR((المدخلات!$B$4+8*المدخلات!$B$5/1440))<12," ص"," م") -> 6:00–6:15 م | C30: 6 ضد 9 | D30: 8 ضد 11 | J30: =_xlfn.TEXTJOIN(" ",TRUE,C30:F30) -> 6 ضد 9 8 ضد 11
A31: اليوم 4 | B31: =MOD(HOUR((المدخلات!$B$4+0*المدخلات!$B$5/1440))-1,12)+1&":"&TEXT(MINUTE((المدخلات!$B$4+0*المدخلات!$B$5/1440)),"00")&"–"&MOD(HOUR((المدخلات!$B$4+0*المدخلات!$B$5/1440+المدخلات!$B$5/1440))-1,12)+1&":"&TEXT(MINUTE((المدخلات!$B$4+0*المدخلات!$B$5/1440+المدخلات!$B$5/1440)),"00")&IF(HOUR((المدخلات!$B$4+0*المدخلات!$B$5/1440))<12," ص"," م") -> 4:00–4:15 م | C31: 1 ضد 9 | D31: 2 ضد 8 | G31: =COUNTIF(C31:F39,"* ضد *") -> 22 | H31: =COUNTIF(C31:F39,"* ضد *")*2/11 -> 4 | J31: =_xlfn.TEXTJOIN(" ",TRUE,C31:F31) -> 1 ضد 9 2 ضد 8
B32: =MOD(HOUR((المدخلات!$B$4+1*المدخلات!$B$5/1440))-1,12)+1&":"&TEXT(MINUTE((المدخلات!$B$4+1*المدخلات!$B$5/1440)),"00")&"–"&MOD(HOUR((المدخلات!$B$4+1*المدخلات!$B$5/1440+المدخلات!$B$5/1440))-1,12)+1&":"&TEXT(MINUTE((المدخلات!$B$4+1*المدخلات!$B$5/1440+المدخلات!$B$5/1440)),"00")&IF(HOUR((المدخلات!$B$4+1*المدخلات!$B$5/1440))<12," ص"," م") -> 4:15–4:30 م | C32: 3 ضد 10 | D32: 4 ضد 7 | E32: 6 ضد 11 | J32: =_xlfn.TEXTJOIN(" ",TRUE,C32:F32) -> 3 ضد 10 4 ضد 7 6 ضد 11
B33: =MOD(HOUR((المدخلات!$B$4+2*المدخلات!$B$5/1440))-1,12)+1&":"&TEXT(MINUTE((المدخلات!$B$4+2*المدخلات!$B$5/1440)),"00")&"–"&MOD(HOUR((المدخلات!$B$4+2*المدخلات!$B$5/1440+المدخلات!$B$5/1440))-1,12)+1&":"&TEXT(MINUTE((المدخلات!$B$4+2*المدخلات!$B$5/1440+المدخلات!$B$5/1440)),"00")&IF(HOUR((المدخلات!$B$4+2*المدخلات!$B$5/1440))<12," ص"," م") -> 4:30–4:45 م | C33: 2 ضد 9 | D33: 5 ضد 8 | J33: =_xlfn.TEXTJOIN(" ",TRUE,C33:F33) -> 2 ضد 9 5 ضد 8
B34: =MOD(HOUR((المدخلات!$B$4+3*المدخلات!$B$5/1440))-1,12)+1&":"&TEXT(MINUTE((المدخلات!$B$4+3*المدخلات!$B$5/1440)),"00")&"–"&MOD(HOUR((المدخلات!$B$4+3*المدخلات!$B$5/1440+المدخلات!$B$5/1440))-1,12)+1&":"&TEXT(MINUTE((المدخلات!$B$4+3*المدخلات!$B$5/1440+المدخلات!$B$5/1440)),"00")&IF(HOUR((المدخلات!$B$4+3*المدخلات!$B$5/1440))<12," ص"," م") -> 4:45–5:00 م | C34: 1 ضد 7 | D34: 6 ضد 10 | E34: 4 ضد 11 | J34: =_xlfn.TEXTJOIN(" ",TRUE,C34:F34) -> 1 ضد 7 6 ضد 10 4 ضد 11
B35: =MOD(HOUR((المدخلات!$B$4+4*المدخلات!$B$5/1440))-1,12)+1&":"&TEXT(MINUTE((المدخلات!$B$4+4*المدخلات!$B$5/1440)),"00")&"–"&MOD(HOUR((المدخلات!$B$4+4*المدخلات!$B$5/1440+المدخلات!$B$5/1440))-1,12)+1&":"&TEXT(MINUTE((المدخلات!$B$4+4*المدخلات!$B$5/1440+المدخلات!$B$5/1440)),"00")&IF(HOUR((المدخلات!$B$4+4*المدخلات!$B$5/1440))<12," ص"," م") -> 5:00–5:15 م | C35: 2 ضد 3 | D35: 5 ضد 9 | J35: =_xlfn.TEXTJOIN(" ",TRUE,C35:F35) -> 2 ضد 3 5 ضد 9
B36: =MOD(HOUR((المدخلات!$B$4+5*المدخلات!$B$5/1440))-1,12)+1&":"&TEXT(MINUTE((المدخلات!$B$4+5*المدخلات!$B$5/1440)),"00")&"–"&MOD(HOUR((المدخلات!$B$4+5*المدخلات!$B$5/1440+المدخلات!$B$5/1440))-1,12)+1&":"&TEXT(MINUTE((المدخلات!$B$4+5*المدخلات!$B$5/1440+المدخلات!$B$5/1440)),"00")&IF(HOUR((المدخلات!$B$4+5*المدخلات!$B$5/1440))<12," ص"," م") -> 5:15–5:30 م | C36: 11 ضد 10 | D36: 4 ضد 6 | E36: 1 ضد 8 | J36: =_xlfn.TEXTJOIN(" ",TRUE,C36:F36) -> 11 ضد 10 4 ضد 6 1 ضد 8
B37: =MOD(HOUR((المدخلات!$B$4+6*المدخلات!$B$5/1440))-1,12)+1&":"&TEXT(MINUTE((المدخلات!$B$4+6*المدخلات!$B$5/1440)),"00")&"–"&MOD(HOUR((المدخلات!$B$4+6*المدخلات!$B$5/1440+المدخلات!$B$5/1440))-1,12)+1&":"&TEXT(MINUTE((المدخلات!$B$4+6*المدخلات!$B$5/1440+المدخلات!$B$5/1440)),"00")&IF(HOUR((المدخلات!$B$4+6*المدخلات!$B$5/1440))<12," ص"," م") -> 5:30–5:45 م | C37: 9 ضد 3 | D37: 5 ضد 7 | J37: =_xlfn.TEXTJOIN(" ",TRUE,C37:F37) -> 9 ضد 3 5 ضد 7
B38: =MOD(HOUR((المدخلات!$B$4+7*المدخلات!$B$5/1440))-1,12)+1&":"&TEXT(MINUTE((المدخلات!$B$4+7*المدخلات!$B$5/1440)),"00")&"–"&MOD(HOUR((المدخلات!$B$4+7*المدخلات!$B$5/1440+المدخلات!$B$5/1440))-1,12)+1&":"&TEXT(MINUTE((المدخلات!$B$4+7*المدخلات!$B$5/1440+المدخلات!$B$5/1440)),"00")&IF(HOUR((المدخلات!$B$4+7*المدخلات!$B$5/1440))<12," ص"," م") -> 5:45–6:00 م | C38: 11 ضد 2 | D38: 1 ضد 6 | E38: 8 ضد 10 | J38: =_xlfn.TEXTJOIN(" ",TRUE,C38:F38) -> 11 ضد 2 1 ضد 6 8 ضد 10
B39: =MOD(HOUR((المدخلات!$B$4+8*المدخلات!$B$5/1440))-1,12)+1&":"&TEXT(MINUTE((المدخلات!$B$4+8*المدخلات!$B$5/1440)),"00")&"–"&MOD(HOUR((المدخلات!$B$4+8*المدخلات!$B$5/1440+المدخلات!$B$5/1440))-1,12)+1&":"&TEXT(MINUTE((المدخلات!$B$4+8*المدخلات!$B$5/1440+المدخلات!$B$5/1440)),"00")&IF(HOUR((المدخلات!$B$4+8*المدخلات!$B$5/1440))<12," ص"," م") -> 6:00–6:15 م | C39: 4 ضد 5 | D39: 3 ضد 7 | J39: =_xlfn.TEXTJOIN(" ",TRUE,C39:F39) -> 4 ضد 5 3 ضد 7
A40: اليوم 5 | B40: =MOD(HOUR((المدخلات!$B$4+0*المدخلات!$B$5/1440))-1,12)+1&":"&TEXT(MINUTE((المدخلات!$B$4+0*المدخلات!$B$5/1440)),"00")&"–"&MOD(HOUR((المدخلات!$B$4+0*المدخلات!$B$5/1440+المدخلات!$B$5/1440))-1,12)+1&":"&TEXT(MINUTE((المدخلات!$B$4+0*المدخلات!$B$5/1440+المدخلات!$B$5/1440)),"00")&IF(HOUR((المدخلات!$B$4+0*المدخلات!$B$5/1440))<12," ص"," م") -> 4:00–4:15 م | C40: 1 ضد 3 | D40: 5 ضد 11 | G40: =COUNTIF(C40:F48,"* ضد *") -> 22 | H40: =COUNTIF(C40:F48,"* ضد *")*2/11 -> 4 | J40: =_xlfn.TEXTJOIN(" ",TRUE,C40:F40) -> 1 ضد 3 5 ضد 11
B41: =MOD(HOUR((المدخلات!$B$4+1*المدخلات!$B$5/1440))-1,12)+1&":"&TEXT(MINUTE((المدخلات!$B$4+1*المدخلات!$B$5/1440)),"00")&"–"&MOD(HOUR((المدخلات!$B$4+1*المدخلات!$B$5/1440+المدخلات!$B$5/1440))-1,12)+1&":"&TEXT(MINUTE((المدخلات!$B$4+1*المدخلات!$B$5/1440+المدخلات!$B$5/1440)),"00")&IF(HOUR((المدخلات!$B$4+1*المدخلات!$B$5/1440))<12," ص"," م") -> 4:15–4:30 م | C41: 6 ضد 7 | J41: =_xlfn.TEXTJOIN(" ",TRUE,C41:F41) -> 6 ضد 7
B42: =MOD(HOUR((المدخلات!$B$4+2*المدخلات!$B$5/1440))-1,12)+1&":"&TEXT(MINUTE((المدخلات!$B$4+2*المدخلات!$B$5/1440)),"00")&"–"&MOD(HOUR((المدخلات!$B$4+2*المدخلات!$B$5/1440+المدخلات!$B$5/1440))-1,12)+1&":"&TEXT(MINUTE((المدخلات!$B$4+2*المدخلات!$B$5/1440+المدخلات!$B$5/1440)),"00")&IF(HOUR((المدخلات!$B$4+2*المدخلات!$B$5/1440))<12," ص"," م") -> 4:30–4:45 م | C42: 3 ضد 8 | D42: 5 ضد 1 | E42: 2 ضد 10 | F42: 4 ضد 9 | J42: =_xlfn.TEXTJOIN(" ",TRUE,C42:F42) -> 3 ضد 8 5 ضد 1 2 ضد 10 4 ضد 9
B43: =MOD(HOUR((المدخلات!$B$4+3*المدخلات!$B$5/1440))-1,12)+1&":"&TEXT(MINUTE((المدخلات!$B$4+3*المدخلات!$B$5/1440)),"00")&"–"&MOD(HOUR((المدخلات!$B$4+3*المدخلات!$B$5/1440+المدخلات!$B$5/1440))-1,12)+1&":"&TEXT(MINUTE((المدخلات!$B$4+3*المدخلات!$B$5/1440+المدخلات!$B$5/1440)),"00")&IF(HOUR((المدخلات!$B$4+3*المدخلات!$B$5/1440))<12," ص"," م") -> 4:45–5:00 م | C43: 7 ضد 11 | J43: =_xlfn.TEXTJOIN(" ",TRUE,C43:F43) -> 7 ضد 11
B44: =MOD(HOUR((المدخلات!$B$4+4*المدخلات!$B$5/1440))-1,12)+1&":"&TEXT(MINUTE((المدخلات!$B$4+4*المدخلات!$B$5/1440)),"00")&"–"&MOD(HOUR((المدخلات!$B$4+4*المدخلات!$B$5/1440+المدخلات!$B$5/1440))-1,12)+1&":"&TEXT(MINUTE((المدخلات!$B$4+4*المدخلات!$B$5/1440+المدخلات!$B$5/1440)),"00")&IF(HOUR((المدخلات!$B$4+4*المدخلات!$B$5/1440))<12," ص"," م") -> 5:00–5:15 م | C44: 5 ضد 6 | D44: 8 ضد 9 | E44: 10 ضد 4 | F44: 1 ضد 2 | J44: =_xlfn.TEXTJOIN(" ",TRUE,C44:F44) -> 5 ضد 6 8 ضد 9 10 ضد 4 1 ضد 2
B45: =MOD(HOUR((المدخلات!$B$4+5*المدخلات!$B$5/1440))-1,12)+1&":"&TEXT(MINUTE((المدخلات!$B$4+5*المدخلات!$B$5/1440)),"00")&"–"&MOD(HOUR((المدخلات!$B$4+5*المدخلات!$B$5/1440+المدخلات!$B$5/1440))-1,12)+1&":"&TEXT(MINUTE((المدخلات!$B$4+5*المدخلات!$B$5/1440+المدخلات!$B$5/1440)),"00")&IF(HOUR((المدخلات!$B$4+5*المدخلات!$B$5/1440))<12," ص"," م") -> 5:15–5:30 م | C45: 3 ضد 11 | J45: =_xlfn.TEXTJOIN(" ",TRUE,C45:F45) -> 3 ضد 11
B46: =MOD(HOUR((المدخلات!$B$4+6*المدخلات!$B$5/1440))-1,12)+1&":"&TEXT(MINUTE((المدخلات!$B$4+6*المدخلات!$B$5/1440)),"00")&"–"&MOD(HOUR((المدخلات!$B$4+6*المدخلات!$B$5/1440+المدخلات!$B$5/1440))-1,12)+1&":"&TEXT(MINUTE((المدخلات!$B$4+6*المدخلات!$B$5/1440+المدخلات!$B$5/1440)),"00")&IF(HOUR((المدخلات!$B$4+6*المدخلات!$B$5/1440))<12," ص"," م") -> 5:30–5:45 م | C46: 1 ضد 4 | D46: 2 ضد 6 | E46: 8 ضد 7 | F46: 9 ضد 10 | J46: =_xlfn.TEXTJOIN(" ",TRUE,C46:F46) -> 1 ضد 4 2 ضد 6 8 ضد 7 9 ضد 10
B47: =MOD(HOUR((المدخلات!$B$4+7*المدخلات!$B$5/1440))-1,12)+1&":"&TEXT(MINUTE((المدخلات!$B$4+7*المدخلات!$B$5/1440)),"00")&"–"&MOD(HOUR((المدخلات!$B$4+7*المدخلات!$B$5/1440+المدخلات!$B$5/1440))-1,12)+1&":"&TEXT(MINUTE((المدخلات!$B$4+7*المدخلات!$B$5/1440+المدخلات!$B$5/1440)),"00")&IF(HOUR((المدخلات!$B$4+7*المدخلات!$B$5/1440))<12," ص"," م") -> 5:45–6:00 م | C47: 3 ضد 5 | J47: =_xlfn.TEXTJOIN(" ",TRUE,C47:F47) -> 3 ضد 5
B48: =MOD(HOUR((المدخلات!$B$4+8*المدخلات!$B$5/1440))-1,12)+1&":"&TEXT(MINUTE((المدخلات!$B$4+8*المدخلات!$B$5/1440)),"00")&"–"&MOD(HOUR((المدخلات!$B$4+8*المدخلات!$B$5/1440+المدخلات!$B$5/1440))-1,12)+1&":"&TEXT(MINUTE((المدخلات!$B$4+8*المدخلات!$B$5/1440+المدخلات!$B$5/1440)),"00")&IF(HOUR((المدخلات!$B$4+8*المدخلات!$B$5/1440))<12," ص"," م") -> 6:00–6:15 م | C48: 2 ضد 4 | D48: 6 ضد 8 | E48: 7 ضد 10 | F48: 9 ضد 11 | J48: =_xlfn.TEXTJOIN(" ",TRUE,C48:F48) -> 2 ضد 4 6 ضد 8 7 ضد 10 9 ضد 11
B51: توزيع الفرق على مجموعة الطائف — يُعبّأ بأسماء الفرق
B52: # | C52: الفرق (1-11) | F52: التصنيف
B53: 1 | C53: عكاظ | F53: نادي
B54: 2 | C54: الوداد الطائفي | F54: نادي
B55: 3 | C55: الأغر | F55: نادي
B56: 4 | C56: نجوم مجد | F56: أكاديمية
B57: 5 | C57: فالكون | F57: أكاديمية
B58: 6 | C58: نخبة بالطايف | F58: أكاديمية
B59: 7 | C59: اكاديمية نجم الفرق | F59: أكاديمية
B60: 8 | C60: اكاديمة السامبا | F60: هواة
B61: 9 | C61: سر النجوم | F61: هواة
B62: 10 | C62: برشا الشطبة | F62: هواة
B63: 11 | C63: اكاديمية الرواد بالطائف | F63: هواة

Sheet 12 فريقًا
A1: جدول مباريات المجموعات التي فيها 12 فريقًا — أ: 6 فرق (1-6) | ب: 6 فرق (7-12)
A3: اليوم | B3: الوقت | C3: ملعب 1 (أ) | D3: ملعب 2 (أ) | E3: ملعب 3 (أ) | F3: ملعب 4 (ب) | G3: ملعب 5 (ب) | H3: ملعب 6 (ب) | I3: مجموع مباريات اليوم | J3: مباريات كل فريق (أ) | K3: مباريات كل فريق (ب) | M3: لاعبو الفترة (عمود مساعد) | O3: الفريق | P3: عدد مبارياته | Q3: مباريات متتالية | R3: راحة 15 دقيقة | S3: راحة 30 دقيقة | T3: راحة أطول من 30
A4: اليوم 1 | B4: =MOD(HOUR((المدخلات!$B$4+0*المدخلات!$B$5/1440))-1,12)+1&":"&TEXT(MINUTE((المدخلات!$B$4+0*المدخلات!$B$5/1440)),"00")&"–"&MOD(HOUR((المدخلات!$B$4+0*المدخلات!$B$5/1440+المدخلات!$B$5/1440))-1,12)+1&":"&TEXT(MINUTE((المدخلات!$B$4+0*المدخلات!$B$5/1440+المدخلات!$B$5/1440)),"00")&IF(HOUR((المدخلات!$B$4+0*المدخلات!$B$5/1440))<12," ص"," م") -> 4:00–4:15 م | C4: 1 ضد 6 | D4: 2 ضد 5 | E4: 3 ضد 4 | F4: 7 ضد 12 | G4: 8 ضد 11 | H4: 9 ضد 10 | I4: =COUNTIF(C4:H12,"* ضد *") -> 24 | J4: =COUNTIF(C4:E12,"* ضد *")*2/6 -> 4 | K4: =COUNTIF(F4:H12,"* ضد *")*2/6 -> 4 | M4: =_xlfn.TEXTJOIN(" ",TRUE,C4:H4) -> 1 ضد 6 2 ضد 5 3 ضد 4 7 ضد 12 8 ضد 11 9 ضد 10 | O4: 1 | P4: {=SUMPRODUCT(--ISNUMBER(SEARCH(" "&$O4&" "," "&M$4:M$57&" ")))} -> 25 | Q4: {=SUMPRODUCT(--ISNUMBER(SEARCH(" "&$O4&" "," "&M$4:M$56&" ")),--ISNUMBER(SEARCH(" "&$O4&" "," "&M$5:M$57&" ")),--(MOD(ROW(M$4:M$56)-4,$P$17)<=$P$17-2))} -> 0 | R4: {=SUMPRODUCT(--ISNUMBER(SEARCH(" "&$O4&" "," "&M$4:M$55&" ")),--ISNUMBER(SEARCH(" "&$O4&" "," "&M$6:M$57&" ")),--(MOD(ROW(M$4:M$55)-4,$P$17)<=$P$17-3))} -> 19 | S4: {=SUMPRODUCT(--ISNUMBER(SEARCH(" "&$O4&" "," "&M$4:M$54&" ")),--ISNUMBER(SEARCH(" "&$O4&" "," "&M$7:M$57&" ")),--(MOD(ROW(M$4:M$54)-4,$P$17)<=$P$17-4))} -> 0 | T4: =P4-COUNTIF($A$4:$A$57,"اليوم *")-Q4-R4-S4 -> 0
B5: =MOD(HOUR((المدخلات!$B$4+1*المدخلات!$B$5/1440))-1,12)+1&":"&TEXT(MINUTE((المدخلات!$B$4+1*المدخلات!$B$5/1440)),"00")&"–"&MOD(HOUR((المدخلات!$B$4+1*المدخلات!$B$5/1440+المدخلات!$B$5/1440))-1,12)+1&":"&TEXT(MINUTE((المدخلات!$B$4+1*المدخلات!$B$5/1440+المدخلات!$B$5/1440)),"00")&IF(HOUR((المدخلات!$B$4+1*المدخلات!$B$5/1440))<12," ص"," م") -> 4:15–4:30 م | C5: استراحة (لا توجد مباريات) | F5: استراحة (لا توجد مباريات) | M5: =_xlfn.TEXTJOIN(" ",TRUE,C5:H5) -> استراحة (لا توجد مباريات) استراحة (لا توجد مباريات) | O5: 2 | P5: {=SUMPRODUCT(--ISNUMBER(SEARCH(" "&$O5&" "," "&M$4:M$57&" ")))} -> 25 | Q5: {=SUMPRODUCT(--ISNUMBER(SEARCH(" "&$O5&" "," "&M$4:M$56&" ")),--ISNUMBER(SEARCH(" "&$O5&" "," "&M$5:M$57&" ")),--(MOD(ROW(M$4:M$56)-4,$P$17)<=$P$17-2))} -> 0 | R5: {=SUMPRODUCT(--ISNUMBER(SEARCH(" "&$O5&" "," "&M$4:M$55&" ")),--ISNUMBER(SEARCH(" "&$O5&" "," "&M$6:M$57&" ")),--(MOD(ROW(M$4:M$55)-4,$P$17)<=$P$17-3))} -> 19 | S5: {=SUMPRODUCT(--ISNUMBER(SEARCH(" "&$O5&" "," "&M$4:M$54&" ")),--ISNUMBER(SEARCH(" "&$O5&" "," "&M$7:M$57&" ")),--(MOD(ROW(M$4:M$54)-4,$P$17)<=$P$17-4))} -> 0 | T5: =P5-COUNTIF($A$4:$A$57,"اليوم *")-Q5-R5-S5 -> 0
B6: =MOD(HOUR((المدخلات!$B$4+2*المدخلات!$B$5/1440))-1,12)+1&":"&TEXT(MINUTE((المدخلات!$B$4+2*المدخلات!$B$5/1440)),"00")&"–"&MOD(HOUR((المدخلات!$B$4+2*المدخلات!$B$5/1440+المدخلات!$B$5/1440))-1,12)+1&":"&TEXT(MINUTE((المدخلات!$B$4+2*المدخلات!$B$5/1440+المدخلات!$B$5/1440)),"00")&IF(HOUR((المدخلات!$B$4+2*المدخلات!$B$5/1440))<12," ص"," م") -> 4:30–4:45 م | C6: 2 ضد 3 | D6: 6 ضد 4 | E6: 1 ضد 5 | F6: 8 ضد 9 | G6: 12 ضد 10 | H6: 7 ضد 11 | M6: =_xlfn.TEXTJOIN(" ",TRUE,C6:H6) -> 2 ضد 3 6 ضد 4 1 ضد 5 8 ضد 9 12 ضد 10 7 ضد 11 | O6: 3 | P6: {=SUMPRODUCT(--ISNUMBER(SEARCH(" "&$O6&" "," "&M$4:M$57&" ")))} -> 25 | Q6: {=SUMPRODUCT(--ISNUMBER(SEARCH(" "&$O6&" "," "&M$4:M$56&" ")),--ISNUMBER(SEARCH(" "&$O6&" "," "&M$5:M$57&" ")),--(MOD(ROW(M$4:M$56)-4,$P$17)<=$P$17-2))} -> 0 | R6: {=SUMPRODUCT(--ISNUMBER(SEARCH(" "&$O6&" "," "&M$4:M$55&" ")),--ISNUMBER(SEARCH(" "&$O6&" "," "&M$6:M$57&" ")),--(MOD(ROW(M$4:M$55)-4,$P$17)<=$P$17-3))} -> 19 | S6: {=SUMPRODUCT(--ISNUMBER(SEARCH(" "&$O6&" "," "&M$4:M$54&" ")),--ISNUMBER(SEARCH(" "&$O6&" "," "&M$7:M$57&" ")),--(MOD(ROW(M$4:M$54)-4,$P$17)<=$P$17-4))} -> 0 | T6: =P6-COUNTIF($A$4:$A$57,"اليوم *")-Q6-R6-S6 -> 0
B7: =MOD(HOUR((المدخلات!$B$4+3*المدخلات!$B$5/1440))-1,12)+1&":"&TEXT(MINUTE((المدخلات!$B$4+3*المدخلات!$B$5/1440)),"00")&"–"&MOD(HOUR((المدخلات!$B$4+3*المدخلات!$B$5/1440+المدخلات!$B$5/1440))-1,12)+1&":"&TEXT(MINUTE((المدخلات!$B$4+3*المدخلات!$B$5/1440+المدخلات!$B$5/1440)),"00")&IF(HOUR((المدخلات!$B$4+3*المدخلات!$B$5/1440))<12," ص"," م") -> 4:45–5:00 م | C7: استراحة (لا توجد مباريات) | F7: استراحة (لا توجد مباريات) | M7: =_xlfn.TEXTJOIN(" ",TRUE,C7:H7) -> استراحة (لا توجد مباريات) استراحة (لا توجد مباريات) | O7: 4 | P7: {=SUMPRODUCT(--ISNUMBER(SEARCH(" "&$O7&" "," "&M$4:M$57&" ")))} -> 25 | Q7: {=SUMPRODUCT(--ISNUMBER(SEARCH(" "&$O7&" "," "&M$4:M$56&" ")),--ISNUMBER(SEARCH(" "&$O7&" "," "&M$5:M$57&" ")),--(MOD(ROW(M$4:M$56)-4,$P$17)<=$P$17-2))} -> 0 | R7: {=SUMPRODUCT(--ISNUMBER(SEARCH(" "&$O7&" "," "&M$4:M$55&" ")),--ISNUMBER(SEARCH(" "&$O7&" "," "&M$6:M$57&" ")),--(MOD(ROW(M$4:M$55)-4,$P$17)<=$P$17-3))} -> 19 | S7: {=SUMPRODUCT(--ISNUMBER(SEARCH(" "&$O7&" "," "&M$4:M$54&" ")),--ISNUMBER(SEARCH(" "&$O7&" "," "&M$7:M$57&" ")),--(MOD(ROW(M$4:M$54)-4,$P$17)<=$P$17-4))} -> 0 | T7: =P7-COUNTIF($A$4:$A$57,"اليوم *")-Q7-R7-S7 -> 0
B8: =MOD(HOUR((المدخلات!$B$4+4*المدخلات!$B$5/1440))-1,12)+1&":"&TEXT(MINUTE((المدخلات!$B$4+4*المدخلات!$B$5/1440)),"00")&"–"&MOD(HOUR((المدخلات!$B$4+4*المدخلات!$B$5/1440+المدخلات!$B$5/1440))-1,12)+1&":"&TEXT(MINUTE((المدخلات!$B$4+4*المدخلات!$B$5/1440+المدخلات!$B$5/1440)),"00")&IF(HOUR((المدخلات!$B$4+4*المدخلات!$B$5/1440))<12," ص"," م") -> 5:00–5:15 م | C8: 5 ضد 3 | D8: 1 ضد 4 | E8: 6 ضد 2 | F8: 11 ضد 9 | G8: 7 ضد 10 | H8: 12 ضد 8 | M8: =_xlfn.TEXTJOIN(" ",TRUE,C8:H8) -> 5 ضد 3 1 ضد 4 6 ضد 2 11 ضد 9 7 ضد 10 12 ضد 8 | O8: 5 | P8: {=SUMPRODUCT(--ISNUMBER(SEARCH(" "&$O8&" "," "&M$4:M$57&" ")))} -> 25 | Q8: {=SUMPRODUCT(--ISNUMBER(SEARCH(" "&$O8&" "," "&M$4:M$56&" ")),--ISNUMBER(SEARCH(" "&$O8&" "," "&M$5:M$57&" ")),--(MOD(ROW(M$4:M$56)-4,$P$17)<=$P$17-2))} -> 0 | R8: {=SUMPRODUCT(--ISNUMBER(SEARCH(" "&$O8&" "," "&M$4:M$55&" ")),--ISNUMBER(SEARCH(" "&$O8&" "," "&M$6:M$57&" ")),--(MOD(ROW(M$4:M$55)-4,$P$17)<=$P$17-3))} -> 19 | S8: {=SUMPRODUCT(--ISNUMBER(SEARCH(" "&$O8&" "," "&M$4:M$54&" ")),--ISNUMBER(SEARCH(" "&$O8&" "," "&M$7:M$57&" ")),--(MOD(ROW(M$4:M$54)-4,$P$17)<=$P$17-4))} -> 0 | T8: =P8-COUNTIF($A$4:$A$57,"اليوم *")-Q8-R8-S8 -> 0
B9: =MOD(HOUR((المدخلات!$B$4+5*المدخلات!$B$5/1440))-1,12)+1&":"&TEXT(MINUTE((المدخلات!$B$4+5*المدخلات!$B$5/1440)),"00")&"–"&MOD(HOUR((المدخلات!$B$4+5*المدخلات!$B$5/1440+المدخلات!$B$5/1440))-1,12)+1&":"&TEXT(MINUTE((المدخلات!$B$4+5*المدخلات!$B$5/1440+المدخلات!$B$5/1440)),"00")&IF(HOUR((المدخلات!$B$4+5*المدخلات!$B$5/1440))<12," ص"," م") -> 5:15–5:30 م | C9: استراحة (لا توجد مباريات) | F9: استراحة (لا توجد مباريات) | M9: =_xlfn.TEXTJOIN(" ",TRUE,C9:H9) -> استراحة (لا توجد مباريات) استراحة (لا توجد مباريات) | O9: 6 | P9: {=SUMPRODUCT(--ISNUMBER(SEARCH(" "&$O9&" "," "&M$4:M$57&" ")))} -> 25 | Q9: {=SUMPRODUCT(--ISNUMBER(SEARCH(" "&$O9&" "," "&M$4:M$56&" ")),--ISNUMBER(SEARCH(" "&$O9&" "," "&M$5:M$57&" ")),--(MOD(ROW(M$4:M$56)-4,$P$17)<=$P$17-2))} -> 0 | R9: {=SUMPRODUCT(--ISNUMBER(SEARCH(" "&$O9&" "," "&M$4:M$55&" ")),--ISNUMBER(SEARCH(" "&$O9&" "," "&M$6:M$57&" ")),--(MOD(ROW(M$4:M$55)-4,$P$17)<=$P$17-3))} -> 19 | S9: {=SUMPRODUCT(--ISNUMBER(SEARCH(" "&$O9&" "," "&M$4:M$54&" ")),--ISNUMBER(SEARCH(" "&$O9&" "," "&M$7:M$57&" ")),--(MOD(ROW(M$4:M$54)-4,$P$17)<=$P$17-4))} -> 0 | T9: =P9-COUNTIF($A$4:$A$57,"اليوم *")-Q9-R9-S9 -> 0
B10: =MOD(HOUR((المدخلات!$B$4+6*المدخلات!$B$5/1440))-1,12)+1&":"&TEXT(MINUTE((المدخلات!$B$4+6*المدخلات!$B$5/1440)),"00")&"–"&MOD(HOUR((المدخلات!$B$4+6*المدخلات!$B$5/1440+المدخلات!$B$5/1440))-1,12)+1&":"&TEXT(MINUTE((المدخلات!$B$4+6*المدخلات!$B$5/1440+المدخلات!$B$5/1440)),"00")&IF(HOUR((المدخلات!$B$4+6*المدخلات!$B$5/1440))<12," ص"," م") -> 5:30–5:45 م | C10: 4 ضد 2 | D10: 1 ضد 3 | E10: 5 ضد 6 | F10: 10 ضد 8 | G10: 7 ضد 9 | H10: 11 ضد 12 | M10: =_xlfn.TEXTJOIN(" ",TRUE,C10:H10) -> 4 ضد 2 1 ضد 3 5 ضد 6 10 ضد 8 7 ضد 9 11 ضد 12 | O10: 7 | P10: {=SUMPRODUCT(--ISNUMBER(SEARCH(" "&$O10&" "," "&M$4:M$57&" ")))} -> 25 | Q10: {=SUMPRODUCT(--ISNUMBER(SEARCH(" "&$O10&" "," "&M$4:M$56&" ")),--ISNUMBER(SEARCH(" "&$O10&" "," "&M$5:M$57&" ")),--(MOD(ROW(M$4:M$56)-4,$P$17)<=$P$17-2))} -> 0 | R10: {=SUMPRODUCT(--ISNUMBER(SEARCH(" "&$O10&" "," "&M$4:M$55&" ")),--ISNUMBER(SEARCH(" "&$O10&" "," "&M$6:M$57&" ")),--(MOD(ROW(M$4:M$55)-4,$P$17)<=$P$17-3))} -> 19 | S10: {=SUMPRODUCT(--ISNUMBER(SEARCH(" "&$O10&" "," "&M$4:M$54&" ")),--ISNUMBER(SEARCH(" "&$O10&" "," "&M$7:M$57&" ")),--(MOD(ROW(M$4:M$54)-4,$P$17)<=$P$17-4))} -> 0 | T10: =P10-COUNTIF($A$4:$A$57,"اليوم *")-Q10-R10-S10 -> 0
B11: =MOD(HOUR((المدخلات!$B$4+7*المدخلات!$B$5/1440))-1,12)+1&":"&TEXT(MINUTE((المدخلات!$B$4+7*المدخلات!$B$5/1440)),"00")&"–"&MOD(HOUR((المدخلات!$B$4+7*المدخلات!$B$5/1440+المدخلات!$B$5/1440))-1,12)+1&":"&TEXT(MINUTE((المدخلات!$B$4+7*المدخلات!$B$5/1440+المدخلات!$B$5/1440)),"00")&IF(HOUR((المدخلات!$B$4+7*المدخلات!$B$5/1440))<12," ص"," م") -> 5:45–6:00 م | M11: =_xlfn.TEXTJOIN(" ",TRUE,C11:H11) | O11: 8 | P11: {=SUMPRODUCT(--ISNUMBER(SEARCH(" "&$O11&" "," "&M$4:M$57&" ")))} -> 25 | Q11: {=SUMPRODUCT(--ISNUMBER(SEARCH(" "&$O11&" "," "&M$4:M$56&" ")),--ISNUMBER(SEARCH(" "&$O11&" "," "&M$5:M$57&" ")),--(MOD(ROW(M$4:M$56)-4,$P$17)<=$P$17-2))} -> 0 | R11: {=SUMPRODUCT(--ISNUMBER(SEARCH(" "&$O11&" "," "&M$4:M$55&" ")),--ISNUMBER(SEARCH(" "&$O11&" "," "&M$6:M$57&" ")),--(MOD(ROW(M$4:M$55)-4,$P$17)<=$P$17-3))} -> 19 | S11: {=SUMPRODUCT(--ISNUMBER(SEARCH(" "&$O11&" "," "&M$4:M$54&" ")),--ISNUMBER(SEARCH(" "&$O11&" "," "&M$7:M$57&" ")),--(MOD(ROW(M$4:M$54)-4,$P$17)<=$P$17-4))} -> 0 | T11: =P11-COUNTIF($A$4:$A$57,"اليوم *")-Q11-R11-S11 -> 0
