Workbook
Name الحد_الأدنى: [1]المدخلات!$N$3

Sheet Sheet1
G1: عدد الملاعب (تحت 14) | I1: إجمالي الملاعب المطلوبة | J1: =SUM(G2:G185) -> 68
B2: تحت 14 | C2: مجموعة نجران | D2: 1 | E2: نجران | F2: 5 | G2: =IF($B2=$J$4,_xlfn.XLOOKUP($F2,الملخص!$A$4:$A$20,الملخص!$L$4:$L$20,"غير موجود"),"") -> 1 | I2: عدد المجموعات | J2: =COUNTIF(B2:B185,J4) -> 28
B3: تحت 5 | C3: مجموعة طبرجل | D3: 1 | E3: طبرجل | F3: 5 | G3: =IF($B3=$J$4,_xlfn.XLOOKUP($F3,الملخص!$A$4:$A$20,الملخص!$L$4:$L$20,"غير موجود"),"") | I3: أكبر عدد ملاعب لمجموعة واحدة | J3: =MAX(G2:G185) -> 7
B4: تحت 7 | C4: مجموعة طبرجل | D4: 1 | E4: طبرجل | F4: 5 | G4: =IF($B4=$J$4,_xlfn.XLOOKUP($F4,الملخص!$A$4:$A$20,الملخص!$L$4:$L$20,"غير موجود"),"") | I4: الفئة | J4: تحت 14
B5: تحت 9 | C5: مجموعة الخرج | D5: 1 | E5: الخرج | F5: 5 | G5: =IF($B5=$J$4,_xlfn.XLOOKUP($F5,الملخص!$A$4:$A$20,الملخص!$L$4:$L$20,"غير موجود"),"")
B6: تحت 12 | C6: مجموعة طبرجل | D6: 1 | E6: طبرجل | F6: 5 | G6: =IF($B6=$J$4,_xlfn.XLOOKUP($F6,الملخص!$A$4:$A$20,الملخص!$L$4:$L$20,"غير موجود"),"")
B7: تحت 14 | C7: مجموعة طبرجل | D7: 1 | E7: طبرجل | F7: 5 | G7: =IF($B7=$J$4,_xlfn.XLOOKUP($F7,الملخص!$A$4:$A$20,الملخص!$L$4:$L$20,"غير موجود"),"") -> 1
B8: تحت 7 | C8: مجموعة شرورة | D8: 1 | E8: شرورة | F8: 5 | G8: =IF($B8=$J$4,_xlfn.XLOOKUP($F8,الملخص!$A$4:$A$20,الملخص!$L$4:$L$20,"غير موجود"),"")
B9: تحت 9 | C9: مجموعة شرورة | D9: 1 | E9: شرورة | F9: 5 | G9: =IF($B9=$J$4,_xlfn.XLOOKUP($F9,الملخص!$A$4:$A$20,الملخص!$L$4:$L$20,"غير موجود"),"")
B10: تحت 9 | C10: مجموعة الدوادمي | D10: 1 | E10: الدوادمي | F10: 5 | G10: =IF($B10=$J$4,_xlfn.XLOOKUP($F10,الملخص!$A$4:$A$20,الملخص!$L$4:$L$20,"غير موجود"),"")
B11: تحت 11 | C11: مجموعة القريات | D11: 1 | E11: القريات | F11: 5 | G11: =IF($B11=$J$4,_xlfn.XLOOKUP($F11,الملخص!$A$4:$A$20,الملخص!$L$4:$L$20,"غير موجود"),"")
B12: تحت 12 | C12: مجموعة القريات | D12: 1 | E12: القريات | F12: 5 | G12: =IF($B12=$J$4,_xlfn.XLOOKUP($F12,الملخص!$A$4:$A$20,الملخص!$L$4:$L$20,"غير موجود"),"")
B13: تحت 13 | C13: مجموعة القريات | D13: 1 | E13: القريات | F13: 5 | G13: =IF($B13=$J$4,_xlfn.XLOOKUP($F13,الملخص!$A$4:$A$20,الملخص!$L$4:$L$20,"غير موجود"),"")
B14: تحت 14 | C14: مجموعة القريات | D14: 1 | E14: القريات | F14: 5 | G14: =IF($B14=$J$4,_xlfn.XLOOKUP($F14,الملخص!$A$4:$A$20,الملخص!$L$4:$L$20,"غير موجود"),"") -> 1
B15: تحت 12 | C15: مجموعة الباحة | D15: 2 | E15: الباحة، العقيق | F15: 6 | G15: =IF($B15=$J$4,_xlfn.XLOOKUP($F15,الملخص!$A$4:$A$20,الملخص!$L$4:$L$20,"غير موجود"),"")
B16: تحت 13 | C16: مجموعة نجران | D16: 1 | E16: نجران | F16: 6 | G16: =IF($B16=$J$4,_xlfn.XLOOKUP($F16,الملخص!$A$4:$A$20,الملخص!$L$4:$L$20,"غير موجود"),"")
... B185: تحت 12 | C185: مجموعة جدة | D185: 1 | E185: جدة | F185: 56 | G185: =IF($B185=$J$4,_xlfn.XLOOKUP($F185,الملخص!$A$4:$A$20,الملخص!$L$4:$L$20,"غير موجود"),"")

Sheet المدخلات
A1: مدخلات جداول تحت 14 | E1: جدول الفترات
A3: البند | B3: القيمة | C3: ملاحظة | E3: الفترة | F3: التوقيت | H3: الفئة | I3: المجموعة | J3: عدد المدن | K3: المدن | L3: مجموع الفرق
E4: 1 | F4: =MOD(HOUR($B$5+0*$B$8/1440)-1,12)+1&":"&TEXT(MINUTE($B$5+0*$B$8/1440),"00")&"–"&MOD(HOUR($B$5+0*$B$8/1440+$B$6/1440)-1,12)+1&":"&TEXT(MINUTE($B$5+0*$B$8/1440+$B$6/1440),"00")&IF(HOUR($B$5+0*$B$8/1440)<12," ص"," م") -> 4:00–5:30 م | H4: تحت 14 | I4: مجموعة 1 | J4: {=INDEX(_xlfn._xlws.FILTER(Sheet1!$D$2:$D$185,Sheet1!$B$2:$B$185=Sheet1!$J$4),ROWS(J$4:J4))} -> 1 | K4: {=INDEX(_xlfn._xlws.FILTER(Sheet1!$E$2:$E$185,Sheet1!$B$2:$B$185=Sheet1!$J$4),ROWS(K$4:K4))} -> نجران | L4: 5
A5: وقت بداية اليوم | B5: 0.6666667 | C5: قابل للتعديل | E5: 2 | F5: =MOD(HOUR($B$5+1*$B$8/1440)-1,12)+1&":"&TEXT(MINUTE($B$5+1*$B$8/1440),"00")&"–"&MOD(HOUR($B$5+1*$B$8/1440+$B$6/1440)-1,12)+1&":"&TEXT(MINUTE($B$5+1*$B$8/1440+$B$6/1440),"00")&IF(HOUR($B$5+1*$B$8/1440)<12," ص"," م") -> 5:40–7:10 م | H5: تحت 14 | I5: مجموعة 2 | J5: {=INDEX(_xlfn._xlws.FILTER(Sheet1!$D$2:$D$185,Sheet1!$B$2:$B$185=Sheet1!$J$4),ROWS(J$4:J5))} -> 1 | K5: {=INDEX(_xlfn._xlws.FILTER(Sheet1!$E$2:$E$185,Sheet1!$B$2:$B$185=Sheet1!$J$4),ROWS(K$4:K5))} -> طبرجل | L5: 5
A6: مدة المباراة (دقيقة) | B6: 90 | C6: قابل للتعديل | E6: 3 | F6: =MOD(HOUR($B$5+2*$B$8/1440)-1,12)+1&":"&TEXT(MINUTE($B$5+2*$B$8/1440),"00")&"–"&MOD(HOUR($B$5+2*$B$8/1440+$B$6/1440)-1,12)+1&":"&TEXT(MINUTE($B$5+2*$B$8/1440+$B$6/1440),"00")&IF(HOUR($B$5+2*$B$8/1440)<12," ص"," م") -> 7:20–8:50 م | H6: تحت 14 | I6: مجموعة 3 | J6: {=INDEX(_xlfn._xlws.FILTER(Sheet1!$D$2:$D$185,Sheet1!$B$2:$B$185=Sheet1!$J$4),ROWS(J$4:J6))} -> 1 | K6: {=INDEX(_xlfn._xlws.FILTER(Sheet1!$E$2:$E$185,Sheet1!$B$2:$B$185=Sheet1!$J$4),ROWS(K$4:K6))} -> القريات | L6: 5
A7: الفاصل / ترتيب الملعب (دقيقة) | B7: 10 | C7: قابل للتعديل | H7: تحت 14 | I7: مجموعة 4 | J7: {=INDEX(_xlfn._xlws.FILTER(Sheet1!$D$2:$D$185,Sheet1!$B$2:$B$185=Sheet1!$J$4),ROWS(J$4:J7))} -> 1 | K7: {=INDEX(_xlfn._xlws.FILTER(Sheet1!$E$2:$E$185,Sheet1!$B$2:$B$185=Sheet1!$J$4),ROWS(K$4:K7))} -> الباحة | L7: 6
A8: طول الفترة الكاملة (دقيقة) | B8: =B6+B7 -> 100 | C8: محسوبة تلقائياً | H8: تحت 14 | I8: مجموعة 5 | J8: {=INDEX(_xlfn._xlws.FILTER(Sheet1!$D$2:$D$185,Sheet1!$B$2:$B$185=Sheet1!$J$4),ROWS(J$4:J8))} -> 1 | K8: {=INDEX(_xlfn._xlws.FILTER(Sheet1!$E$2:$E$185,Sheet1!$B$2:$B$185=Sheet1!$J$4),ROWS(K$4:K8))} -> حائل | L8: 7
A9: أقصى عدد فترات في اليوم | B9: 3 | C9: قابل للتعديل | H9: تحت 14 | I9: مجموعة 6 | J9: {=INDEX(_xlfn._xlws.FILTER(Sheet1!$D$2:$D$185,Sheet1!$B$2:$B$185=Sheet1!$J$4),ROWS(J$4:J9))} -> 2 | K9: {=INDEX(_xlfn._xlws.FILTER(Sheet1!$E$2:$E$185,Sheet1!$B$2:$B$185=Sheet1!$J$4),ROWS(K$4:K9))} -> الخرج، الدلم | L9: 7
A10: أقل عدد مباريات للفريق | B10: 16 | C10: لا تقل مباريات أي فريق عن هذا العدد (مقدّم على سقف الأيام) | H10: تحت 14 | I10: مجموعة 7 | J10: {=INDEX(_xlfn._xlws.FILTER(Sheet1!$D$2:$D$185,Sheet1!$B$2:$B$185=Sheet1!$J$4),ROWS(J$4:J10))} -> 1 | K10: {=INDEX(_xlfn._xlws.FILTER(Sheet1!$E$2:$E$185,Sheet1!$B$2:$B$185=Sheet1!$J$4),ROWS(K$4:K10))} -> مركز الرفيعة | L10: 8
A11: سقف أيام البطولة | B11: 22 | C11: يشمل أيام الدوري والإقصاء معاً | H11: تحت 14 | I11: مجموعة 8 | J11: {=INDEX(_xlfn._xlws.FILTER(Sheet1!$D$2:$D$185,Sheet1!$B$2:$B$185=Sheet1!$J$4),ROWS(J$4:J11))} -> 4 | K11: {=INDEX(_xlfn._xlws.FILTER(Sheet1!$E$2:$E$185,Sheet1!$B$2:$B$185=Sheet1!$J$4),ROWS(K$4:K11))} -> البكيرية، الرس، رياض الخبراء، البدائع | L11: 8
H12: تحت 14 | I12: مجموعة 9 | J12: {=INDEX(_xlfn._xlws.FILTER(Sheet1!$D$2:$D$185,Sheet1!$B$2:$B$185=Sheet1!$J$4),ROWS(J$4:J12))} -> 1 | K12: {=INDEX(_xlfn._xlws.FILTER(Sheet1!$E$2:$E$185,Sheet1!$B$2:$B$185=Sheet1!$J$4),ROWS(K$4:K12))} -> جيزان | L12: 8
H13: تحت 14 | I13: مجموعة 10 | J13: {=INDEX(_xlfn._xlws.FILTER(Sheet1!$D$2:$D$185,Sheet1!$B$2:$B$185=Sheet1!$J$4),ROWS(J$4:J13))} -> 1 | K13: {=INDEX(_xlfn._xlws.FILTER(Sheet1!$E$2:$E$185,Sheet1!$B$2:$B$185=Sheet1!$J$4),ROWS(K$4:K13))} -> أحد المسارحة | L13: 8
H14: تحت 14 | I14: مجموعة 11 | J14: {=INDEX(_xlfn._xlws.FILTER(Sheet1!$D$2:$D$185,Sheet1!$B$2:$B$185=Sheet1!$J$4),ROWS(J$4:J14))} -> 1 | K14: {=INDEX(_xlfn._xlws.FILTER(Sheet1!$E$2:$E$185,Sheet1!$B$2:$B$185=Sheet1!$J$4),ROWS(K$4:K14))} -> تبوك | L14: 9
H15: تحت 14 | I15: مجموعة 12 | J15: {=INDEX(_xlfn._xlws.FILTER(Sheet1!$D$2:$D$185,Sheet1!$B$2:$B$185=Sheet1!$J$4),ROWS(J$4:J15))} -> 2 | K15: {=INDEX(_xlfn._xlws.FILTER(Sheet1!$E$2:$E$185,Sheet1!$B$2:$B$185=Sheet1!$J$4),ROWS(K$4:K15))} -> القطيف، الجبيل | L15: 10
H16: تحت 14 | I16: مجموعة 13 | J16: {=INDEX(_xlfn._xlws.FILTER(Sheet1!$D$2:$D$185,Sheet1!$B$2:$B$185=Sheet1!$J$4),ROWS(J$4:J16))} -> 1 | K16: {=INDEX(_xlfn._xlws.FILTER(Sheet1!$E$2:$E$185,Sheet1!$B$2:$B$185=Sheet1!$J$4),ROWS(K$4:K16))} -> صامطة | L16: 10
H17: تحت 14 | I17: مجموعة 14 | J17: {=INDEX(_xlfn._xlws.FILTER(Sheet1!$D$2:$D$185,Sheet1!$B$2:$B$185=Sheet1!$J$4),ROWS(J$4:J17))} -> 1 | K17: {=INDEX(_xlfn._xlws.FILTER(Sheet1!$E$2:$E$185,Sheet1!$B$2:$B$185=Sheet1!$J$4),ROWS(K$4:K17))} -> أبو عريش | L17: 10
H18: تحت 14 | I18: مجموعة 15 | J18: {=INDEX(_xlfn._xlws.FILTER(Sheet1!$D$2:$D$185,Sheet1!$B$2:$B$185=Sheet1!$J$4),ROWS(J$4:J18))} -> 2 | K18: {=INDEX(_xlfn._xlws.FILTER(Sheet1!$E$2:$E$185,Sheet1!$B$2:$B$185=Sheet1!$J$4),ROWS(K$4:K18))} -> سكاكا، دومة الجندل | L18: 11
H19: تحت 14 | I19: مجموعة 16 | J19: {=INDEX(_xlfn._xlws.FILTER(Sheet1!$D$2:$D$185,Sheet1!$B$2:$B$185=Sheet1!$J$4),ROWS(J$4:J19))} -> 1 | K19: {=INDEX(_xlfn._xlws.FILTER(Sheet1!$E$2:$E$185,Sheet1!$B$2:$B$185=Sheet1!$J$4),ROWS(K$4:K19))} -> القنفذة | L19: 11
H20: تحت 14 | I20: مجموعة 17 | J20: {=INDEX(_xlfn._xlws.FILTER(Sheet1!$D$2:$D$185,Sheet1!$B$2:$B$185=Sheet1!$J$4),ROWS(J$4:J20))} -> 4 | K20: {=INDEX(_xlfn._xlws.FILTER(Sheet1!$E$2:$E$185,Sheet1!$B$2:$B$185=Sheet1!$J$4),ROWS(K$4:K20))} -> بريدة، عيون الجواء، المذنب، عنيزة | L20: 12
H21: تحت 14 | I21: مجموعة 18 | J21: {=INDEX(_xlfn._xlws.FILTER(Sheet1!$D$2:$D$185,Sheet1!$B$2:$B$185=Sheet1!$J$4),ROWS(J$4:J21))} -> 4 | K21: {=INDEX(_xlfn._xlws.FILTER(Sheet1!$E$2:$E$185,Sheet1!$B$2:$B$185=Sheet1!$J$4),ROWS(K$4:K21))} -> الظهران، الخبر، الدمام، سيهات | L21: 12
H22: تحت 14 | I22: مجموعة 19 | J22: {=INDEX(_xlfn._xlws.FILTER(Sheet1!$D$2:$D$185,Sheet1!$B$2:$B$185=Sheet1!$J$4),ROWS(J$4:J22))} -> 2 | K22: {=INDEX(_xlfn._xlws.FILTER(Sheet1!$E$2:$E$185,Sheet1!$B$2:$B$185=Sheet1!$J$4),ROWS(K$4:K22))} -> صبيا، ضمد | L22: 14
H23: تحت 14 | I23: مجموعة 20 | J23: {=INDEX(_xlfn._xlws.FILTER(Sheet1!$D$2:$D$185,Sheet1!$B$2:$B$185=Sheet1!$J$4),ROWS(J$4:J23))} -> 2 | K23: {=INDEX(_xlfn._xlws.FILTER(Sheet1!$E$2:$E$185,Sheet1!$B$2:$B$185=Sheet1!$J$4),ROWS(K$4:K23))} -> أبها، خميس مشيط | L23: 15
... H31: تحت 14 | I31: مجموعة 28 | J31: {=INDEX(_xlfn._xlws.FILTER(Sheet1!$D$2:$D$185,Sheet1!$B$2:$B$185=Sheet1!$J$4),ROWS(J$4:J31))} -> 1 | K31: {=INDEX(_xlfn._xlws.FILTER(Sheet1!$E$2:$E$185,Sheet1!$B$2:$B$185=Sheet1!$J$4),ROWS(K$4:K31))} -> جدة | L31: 39

Sheet المبادئ
A1: مبادئ بناء جداول تحت 14 (من 5 إلى 39 فريقًا) — وحالة الالتزام الفعلية
A3: # | B3: المبدأ | C3: الشرح | D3: الحالة | E3: الاستثناءات والملاحظات
A4: 1 | B4: لا يلعب الفريق مباراتين ورا بعض | C4: القاعدة الأهم في التصميم: يحصل كل فريق على فترة راحة كاملة (15 دقيقة على الأقل، وفعلياً فترة 100 دقيقة كاملة) بين مباراتيه. ويُحقَّق ذلك إما بحجز فترات استراحة كاملة في الأعداد الصغيرة، أو بتوزيع الفرق على فترات وملاعب أكثر في الأعداد الكبيرة. | D4: ✔ مطبق بالكامل | E4: فحص الـ17 ورقة: صفر حالة تتابع. بل أقوى من ذلك — لا يلعب أي فريق مباراتين في اليوم الواحد إطلاقاً (مباراة واحدة كحد أقصى لكل فريق في اليوم).
A5: 2 | B5: لا يوجد تتابع إطلاقاً | C5: إذا ضاقت الفترات عن عدد المباريات المطلوبة، يُزاد عدد الملاعب أو تُزاد الأيام، ولا يُضحّى براحة اللاعبين بأي حال. | D5: ✔ مطبق بالكامل | E5: لم يُسجَّل أي تتابع في أي ورقة. عند ضيق الفترات زيد عدد الملاعب (حتى 7 ملاعب في 39 فريقًا) أو عدد الأيام، ولم تُضغط راحة أي فريق.
A6: 3 | B6: عدالة عدد المباريات | C6: كل الفرق تلعب العدد نفسه في اليوم الواحد وفي البطولة ككل — لا فريق يلعب أكثر من آخر. | D6: ✔ مطبق بالكامل | E6: داخل كل مجموعة تفاوت صفر: 5→16، 6→20، 7→18، 8→21، 9→16، 10→18، 11→20، 12→22، 14→18/18، 15→18/21، 16→21/21، 17→16، 19→18، 26→20/20/18/18، 28→18/18/18/18، 38→18/18، 39→18/19. ولا تقل عن 16 (المدخلات B10).
A7: 4 | B7: عدالة المواجهات | C7: تُوزَّع فرص اللقاء على الجميع بدل أن تتكرر بين فرق معيّنة: يُقسم إجمالي المباريات على عدد الأزواج الممكنة، ويُسمح بمستويين فقط فرقهما مباراة واحدة. | D7: ✔ مطبق بالكامل | E7: كل زوج داخل المجموعة يلتقي العدد نفسه بالضبط (تفاوت صفر)، ولا تبدأ دورة جديدة إلا بعد اكتمال كل مواجهات الدورة السابقة — في كل الأوراق. عدد الدورات (1–4) صحيح لكل مجموعة فرعية.
A8: 5 | B8: تقسيم المجموعات عند الأعداد الكبيرة | C8: إذا كبر عدد الفرق حتى لم تكفِ مباريات الموسم للقاء الجميع، يُقسم العدد إلى مجموعات متساوية تلعب كل منها على ملاعبها الخاصة في نفس الوقت. | D8: ✔ مطبق بالكامل | E8: التقسيم الفعلي: 14→7+7، 15→7+8، 16→8+8، 26→6+6+7+7، 28→7+7+7+7، 38→19+19، 39→19+20. والأعداد 5، 6، 7، 8، 9، 10، 11، 12، 17، 19 مجموعة واحدة.
A9: 6 | B9: أقصى 3 فترات في اليوم | C9: اليوم يبدأ 4:00 م وينتهي 8:50 م بثلاث فترات فقط (مباراة 90 دقيقة + 10 دقائق ترتيب الملعب)، ولا يُطال اليوم أكثر من ذلك. | D9: ✔ مطبق بالكامل | E9: كل الأوراق تستخدم ثلاث فترات فقط (4:00 / 5:40 / 7:20) وينتهي اليوم 8:50 م — لا استثناء.
A10: 7 | B10: الحد الأقصى لأيام الدوري = 21 يوماً | C10: ميزانية أيام الدوري = 22 ناقص أيام الإقصاء (22 لمجموعة واحدة، 21 لمجموعتين، 20 لثلاث/أربع، 19 لخمس فأكثر). | D10: ⚠ مطبق باستثناءين | E10: كل الأعداد ≤ 21 يوم دوري، ما عدا 11 و12 فريقًا = 22 يوم دوري (مجموعة واحدة بلا إقصاء، ضمن ميزانية الـ22). أقلها 17 يومًا (17 فريقًا) و18 يومًا (9 و10 فرق).
A11: 8 | B11: إجمالي أيام البطولة لا يتجاوز 22 يوماً | C11: أيام الدوري + الإقصاء في سقف واحد، إلا إذا تعارض السقف مع شرط الحد الأدنى 16 مباراة فيُقدّم الشرط. | D11: ⚠ مطبق باستثناءين | E11: إجمالي الأيام 17–22 لكل الأعداد، ما عدا 26 و28 فريقًا = 23 يومًا؛ لا يوجد تقسيم إلى مجموعات متساوية بأدوار كاملة موحّدة يحقق حد الـ16 مباراة داخل 22 يومًا. عمودا التحقق M وN في الملخص يُظهران التجاوز.
A12: 9 | B12: الإقصاء فقط عند تعدد المجموعات | C12: المجموعة الواحدة تحسم بالدوري بدون إقصاء، وعند تعدد المجموعات يتأهل متصدر كل مجموعة لدور إقصائي بحجم عدد المجموعات. | D12: ✔ مطبق بالكامل | E12: بدون إقصاء (مجموعة واحدة): 5، 6، 7، 8، 9، 10، 11، 12، 17، 19. نهائي مباشر (يوم واحد): 14، 15، 16، 38، 39. نصف + نهائي (يومان): 26، 28.
A13: 10 | B13: أقل عدد ممكن من الملاعب | C13: لا يُفتح ملعب إضافي إلا إذا لم تكفِ الفترات الثلاث وأيام السقف 21 يوماً لتغطية المباريات. | D13: ✔ مطبق بالكامل | E13: ملعب واحد: 5، 6، 7. ملعبان: 8، 9، 10، 11، 12، 14. ثلاثة: 15، 16، 17، 19. أربعة: 26، 28. ستة: 38. سبعة: 39.
A14: 11 | B14: كل المجموعات تلعب في نفس الوقت | C14: المجموعات لا تتناوب على الأيام؛ كل المجموعات تلعب في نفس المهرجان ونفس الأيام، وتُوزَّع مبارياتها على الملاعب والفترات المتاحة في اليوم نفسه. | D14: ✔ مطبق بالكامل | E14: متحقق في جميع الأوراق متعددة المجموعات: كل المجموعات تلعب في نفس الأيام. الملاعب غير مثبّتة لكل مجموعة بل تُوزَّع بالتناوب لتحقيق عدالة الفترات (مبدأ 13).
A15: 12 | B15: وقت موحد لكل البطولات | C15: كل جداول تحت 14 تبدأ 4:00 م وتستخدم نفس الفترات المعرفة في ورقة المدخلات، وأي تعديل في المدخلات ينعكس تلقائياً على كل الأوراق. | D15: ✔ مطبق بالكامل | E15: كل الأوراق تبدأ 4:00 م وتستخدم الفترات المعرفة في ورقة المدخلات نفسها، وأي تعديل في المدخلات ينعكس على الجميع.
A16: 13 | B16: عدالة توزيع الفترات | C16: لا يُثبَّت فريق أو مجموعة على فترة واحدة طول الموسم؛ تتدوّر فترات المباريات (4:00 / 5:40 / 7:20) بين كل الفرق بالتساوي داخل كل مجموعة. | D16: ✔ مطبق بالكامل | E16: لا يوجد فريق مثبّت على فترة واحدة ولا فريق يبدأ أول مباراة كل يوم. الفرق بين أكثر وأقل فريق في عدد مرات الفترة الأولى داخل المجموعة الواحدة لا يتجاوز 3 مباريات (الأغلب 1–2).

Sheet الملخص
A1: ملخص بطولات تحت 14 — الأعداد المطلوبة
A3: عدد الفرق | B3: عدد المجموعات | C3: توزيع الفرق في المجموعات | D3: عدد الأدوار | E3: مباريات كل فريق في الموسم | F3: نظام الإقصاء | G3: أيام الدوري | H3: أيام الإقصاء | I3: إجمالي الأيام | J3: وقت البداية | K3: وقت النهاية | L3: عدد الملاعب القانونية | M3: أقل مباريات للفريق (تحقق ≥ 16) | N3: تحقق سقف الأيام (≤ 22) | O3: عدد مباريات البطولة الواحدة
A4: 5 | B4: {=ROUND(SUMPRODUCT(1/COUNTIF('بيانات الفرق'!$B$3:$B$7,'بيانات الفرق'!$B$3:$B$7)),0)} -> 1 | C4: {=_xlfn.TEXTJOIN(" + ",TRUE,_xlfn._xlws.SORT(COUNTIF('بيانات الفرق'!$B$3:$B$7,"المجموعة "&_xlfn.SEQUENCE(B4))))} -> 5 | D4: {=_xlfn.LET(_xlpm.gs,_xlfn.SEQUENCE(B4),_xlpm.ln,_xlfn.MAXIFS('بيانات الفرق'!$D$3:$D$7,'بيانات الفرق'!$B$3:$B$7,"المجموعة "&_xlpm.gs),_xlpm.mn,_xlfn.MINIFS('بيانات الفرق'!$C$3:$C$7,'بيانات الفرق'!$B$3:$B$7,"المجموعة "&_xlpm.gs),_xlpm.mx,_xlfn.MAXIFS('بيانات الفرق'!$C$3:$C$7,'بيانات الفرق'!$B$3:$B$7,"المجموعة "&_xlpm.gs),_xlpm.lo,FLOOR(_xlpm.mn/_xlpm.ln,1),_xlpm.hi,CEILING(_xlpm.mx/_xlpm.ln,1),_xlpm.t,IF(_xlpm.lo=_xlpm.hi,_xlpm.lo&"",_xlpm.lo&"–"&_xlpm.hi),_xlfn.TEXTJOIN(" + ",TRUE,_xlfn.SORTBY(_xlpm.t,_xlpm.ln,1)))} -> 4 | E4: {=_xlfn.LET(_xlpm.gs,_xlfn.SEQUENCE(B4),_xlpm.ln,_xlfn.MAXIFS('بيانات الفرق'!$D$3:$D$7,'بيانات الفرق'!$B$3:$B$7,"المجموعة "&_xlpm.gs),_xlpm.mn,_xlfn.MINIFS('بيانات الفرق'!$C$3:$C$7,'بيانات الفرق'!$B$3:$B$7,"المجموعة "&_xlpm.gs),_xlpm.mx,_xlfn.MAXIFS('بيانات الفرق'!$C$3:$C$7,'بيانات الفرق'!$B$3:$B$7,"المجموعة "&_xlpm.gs),_xlpm.t,IF(_xlpm.mn=_xlpm.mx,_xlpm.mn&"",_xlpm.mn&"–"&_xlpm.mx),_xlfn.TEXTJOIN(" + ",TRUE,_xlfn.SORTBY(_xlpm.t,_xlpm.ln,1)))} -> 16 | F4: ="—" -> — | G4: =MAX('5 فرق'!$A$4:$A$600) -> 20 | H4: =MAX('5 فرق'!$A$4:$A$600)-G4 -> 0 | I4: =MAX('5 فرق'!$A$4:$A$600) -> 20 | J4: =MOD(HOUR(المدخلات!$B$5)-1,12)+1&":"&TEXT(MINUTE(المدخلات!$B$5),"00")&IF(HOUR(المدخلات!$B$5)<12," ص"," م") -> 4:00 م | K4: {=MOD(HOUR(المدخلات!$B$5+((SUMPRODUCT(--(COUNTIF('5 فرق'!$B$4:$B$600,المدخلات!$F$4:$F$6)>0))-1)*المدخلات!$B$8+المدخلات!$B$6)/1440)-1,12)+1&":"&TEXT(MINUTE(المدخلات!$B$5+((SUMPRODUCT(--(COUNTIF('5 فرق'!$B$4:$B$600,المدخلات!$F$4:$F$6)>0))-1)*المدخلات!$B$8+المدخلات!$B$6)/1440),"00")&IF(HOUR(المدخلات!$B$5+((SUMPRODUCT(--(COUNTIF('5 فرق'!$B$4:$B$600,المدخلات!$F$4:$F$6)>0))-1)*المدخلات!$B$8+المدخلات!$B$6)/1440)<12," ص"," م")} -> 8:50 م | L4: =MAX('5 فرق'!$C$4:$C$600) -> 1 | M4: =IF(MIN('بيانات الفرق'!$C$3:$C$7)>=المدخلات!$B$10,"✔ "&MIN('بيانات الفرق'!$C$3:$C$7),"⚠ "&MIN('بيانات الفرق'!$C$3:$C$7)) -> ✔ 16 | N4: =IF(I4<=المدخلات!$B$11,"✔ "&I4,"⚠ تجاوز "&(I4-المدخلات!$B$11)&" يوم") -> ✔ 20 | O4: =COUNT('5 فرق'!$A$4:$A$600) -> 55
A5: 6 | B5: {=ROUND(SUMPRODUCT(1/COUNTIF('بيانات الفرق'!$G$3:$G$8,'بيانات الفرق'!$G$3:$G$8)),0)} -> 1 | C5: {=_xlfn.TEXTJOIN(" + ",TRUE,_xlfn._xlws.SORT(COUNTIF('بيانات الفرق'!$G$3:$G$8,"المجموعة "&_xlfn.SEQUENCE(B5))))} -> 6 | D5: {=_xlfn.LET(_xlpm.gs,_xlfn.SEQUENCE(B5),_xlpm.ln,_xlfn.MAXIFS('بيانات الفرق'!$I$3:$I$8,'بيانات الفرق'!$G$3:$G$8,"المجموعة "&_xlpm.gs),_xlpm.mn,_xlfn.MINIFS('بيانات الفرق'!$H$3:$H$8,'بيانات الفرق'!$G$3:$G$8,"المجموعة "&_xlpm.gs),_xlpm.mx,_xlfn.MAXIFS('بيانات الفرق'!$H$3:$H$8,'بيانات الفرق'!$G$3:$G$8,"المجموعة "&_xlpm.gs),_xlpm.lo,FLOOR(_xlpm.mn/_xlpm.ln,1),_xlpm.hi,CEILING(_xlpm.mx/_xlpm.ln,1),_xlpm.t,IF(_xlpm.lo=_xlpm.hi,_xlpm.lo&"",_xlpm.lo&"–"&_xlpm.hi),_xlfn.TEXTJOIN(" + ",TRUE,_xlfn.SORTBY(_xlpm.t,_xlpm.ln,1)))} -> 4 | E5: {=_xlfn.LET(_xlpm.gs,_xlfn.SEQUENCE(B5),_xlpm.ln,_xlfn.MAXIFS('بيانات الفرق'!$I$3:$I$8,'بيانات الفرق'!$G$3:$G$8,"المجموعة "&_xlpm.gs),_xlpm.mn,_xlfn.MINIFS('بيانات الفرق'!$H$3:$H$8,'بيانات الفرق'!$G$3:$G$8,"المجموعة "&_xlpm.gs),_xlpm.mx,_xlfn.MAXIFS('بيانات الفرق'!$H$3:$H$8,'بيانات الفرق'!$G$3:$G$8,"المجموعة "&_xlpm.gs),_xlpm.t,IF(_xlpm.mn=_xlpm.mx,_xlpm.mn&"",_xlpm.mn&"–"&_xlpm.mx),_xlfn.TEXTJOIN(" + ",TRUE,_xlfn.SORTBY(_xlpm.t,_xlpm.ln,1)))} -> 20 | F5: ="—" -> — | G5: =MAX('6 فرق'!$A$4:$A$600) -> 20 | H5: =MAX('6 فرق'!$A$4:$A$600)-G5 -> 0 | I5: =MAX('6 فرق'!$A$4:$A$600) -> 20 | J5: =MOD(HOUR(المدخلات!$B$5)-1,12)+1&":"&TEXT(MINUTE(المدخلات!$B$5),"00")&IF(HOUR(المدخلات!$B$5)<12," ص"," م") -> 4:00 م | K5: {=MOD(HOUR(المدخلات!$B$5+((SUMPRODUCT(--(COUNTIF('6 فرق'!$B$4:$B$600,المدخلات!$F$4:$F$6)>0))-1)*المدخلات!$B$8+المدخلات!$B$6)/1440)-1,12)+1&":"&TEXT(MINUTE(المدخلات!$B$5+((SUMPRODUCT(--(COUNTIF('6 فرق'!$B$4:$B$600,المدخلات!$F$4:$F$6)>0))-1)*المدخلات!$B$8+المدخلات!$B$6)/1440),"00")&IF(HOUR(المدخلات!$B$5+((SUMPRODUCT(--(COUNTIF('6 فرق'!$B$4:$B$600,المدخلات!$F$4:$F$6)>0))-1)*المدخلات!$B$8+المدخلات!$B$6)/1440)<12," ص"," م")} -> 8:50 م | L5: =MAX('6 فرق'!$C$4:$C$600) -> 1 | M5: =IF(MIN('بيانات الفرق'!$H$3:$H$8)>=المدخلات!$B$10,"✔ "&MIN('بيانات الفرق'!$H$3:$H$8),"⚠ "&MIN('بيانات الفرق'!$H$3:$H$8)) -> ✔ 20 | N5: =IF(I5<=المدخلات!$B$11,"✔ "&I5,"⚠ تجاوز "&(I5-المدخلات!$B$11)&" يوم") -> ✔ 20 | O5: =COUNT('6 فرق'!$A$4:$A$600) -> 66
A6: 7 | B6: {=ROUND(SUMPRODUCT(1/COUNTIF('بيانات الفرق'!$L$3:$L$9,'بيانات الفرق'!$L$3:$L$9)),0)} -> 1 | C6: {=_xlfn.TEXTJOIN(" + ",TRUE,_xlfn._xlws.SORT(COUNTIF('بيانات الفرق'!$L$3:$L$9,"المجموعة "&_xlfn.SEQUENCE(B6))))} -> 7 | D6: {=_xlfn.LET(_xlpm.gs,_xlfn.SEQUENCE(B6),_xlpm.ln,_xlfn.MAXIFS('بيانات الفرق'!$N$3:$N$9,'بيانات الفرق'!$L$3:$L$9,"المجموعة "&_xlpm.gs),_xlpm.mn,_xlfn.MINIFS('بيانات الفرق'!$M$3:$M$9,'بيانات الفرق'!$L$3:$L$9,"المجموعة "&_xlpm.gs),_xlpm.mx,_xlfn.MAXIFS('بيانات الفرق'!$M$3:$M$9,'بيانات الفرق'!$L$3:$L$9,"المجموعة "&_xlpm.gs),_xlpm.lo,FLOOR(_xlpm.mn/_xlpm.ln,1),_xlpm.hi,CEILING(_xlpm.mx/_xlpm.ln,1),_xlpm.t,IF(_xlpm.lo=_xlpm.hi,_xlpm.lo&"",_xlpm.lo&"–"&_xlpm.hi),_xlfn.TEXTJOIN(" + ",TRUE,_xlfn.SORTBY(_xlpm.t,_xlpm.ln,1)))} -> 3 | E6: {=_xlfn.LET(_xlpm.gs,_xlfn.SEQUENCE(B6),_xlpm.ln,_xlfn.MAXIFS('بيانات الفرق'!$N$3:$N$9,'بيانات الفرق'!$L$3:$L$9,"المجموعة "&_xlpm.gs),_xlpm.mn,_xlfn.MINIFS('بيانات الفرق'!$M$3:$M$9,'بيانات الفرق'!$L$3:$L$9,"المجموعة "&_xlpm.gs),_xlpm.mx,_xlfn.MAXIFS('بيانات الفرق'!$M$3:$M$9,'بيانات الفرق'!$L$3:$L$9,"المجموعة "&_xlpm.gs),_xlpm.t,IF(_xlpm.mn=_xlpm.mx,_xlpm.mn&"",_xlpm.mn&"–"&_xlpm.mx),_xlfn.TEXTJOIN(" + ",TRUE,_xlfn.SORTBY(_xlpm.t,_xlpm.ln,1)))} -> 18 | F6: ="—" -> — | G6: =MAX('7 فرق'!$A$4:$A$600) -> 21 | H6: =MAX('7 فرق'!$A$4:$A$600)-G6 -> 0 | I6: =MAX('7 فرق'!$A$4:$A$600) -> 21 | J6: =MOD(HOUR(المدخلات!$B$5)-1,12)+1&":"&TEXT(MINUTE(المدخلات!$B$5),"00")&IF(HOUR(المدخلات!$B$5)<12," ص"," م") -> 4:00 م | K6: {=MOD(HOUR(المدخلات!$B$5+((SUMPRODUCT(--(COUNTIF('7 فرق'!$B$4:$B$600,المدخلات!$F$4:$F$6)>0))-1)*المدخلات!$B$8+المدخلات!$B$6)/1440)-1,12)+1&":"&TEXT(MINUTE(المدخلات!$B$5+((SUMPRODUCT(--(COUNTIF('7 فرق'!$B$4:$B$600,المدخلات!$F$4:$F$6)>0))-1)*المدخلات!$B$8+المدخلات!$B$6)/1440),"00")&IF(HOUR(المدخلات!$B$5+((SUMPRODUCT(--(COUNTIF('7 فرق'!$B$4:$B$600,المدخلات!$F$4:$F$6)>0))-1)*المدخلات!$B$8+المدخلات!$B$6)/1440)<12," ص"," م")} -> 8:50 م | L6: =MAX('7 فرق'!$C$4:$C$600) -> 1 | M6: =IF(MIN('بيانات الفرق'!$M$3:$M$9)>=المدخلات!$B$10,"✔ "&MIN('بيانات الفرق'!$M$3:$M$9),"⚠ "&MIN('بيانات الفرق'!$M$3:$M$9)) -> ✔ 18 | N6: =IF(I6<=المدخلات!$B$11,"✔ "&I6,"⚠ تجاوز "&(I6-المدخلات!$B$11)&" يوم") -> ✔ 21 | O6: =COUNT('7 فرق'!$A$4:$A$600) -> 77
A7: 8 | B7: {=ROUND(SUMPRODUCT(1/COUNTIF('بيانات الفرق'!$Q$3:$Q$10,'بيانات الفرق'!$Q$3:$Q$10)),0)} -> 1 | C7: {=_xlfn.TEXTJOIN(" + ",TRUE,_xlfn._xlws.SORT(COUNTIF('بيانات الفرق'!$Q$3:$Q$10,"المجموعة "&_xlfn.SEQUENCE(B7))))} -> 8 | D7: {=_xlfn.LET(_xlpm.gs,_xlfn.SEQUENCE(B7),_xlpm.ln,_xlfn.MAXIFS('بيانات الفرق'!$S$3:$S$10,'بيانات الفرق'!$Q$3:$Q$10,"المجموعة "&_xlpm.gs),_xlpm.mn,_xlfn.MINIFS('بيانات الفرق'!$R$3:$R$10,'بيانات الفرق'!$Q$3:$Q$10,"المجموعة "&_xlpm.gs),_xlpm.mx,_xlfn.MAXIFS('بيانات الفرق'!$R$3:$R$10,'بيانات الفرق'!$Q$3:$Q$10,"المجموعة "&_xlpm.gs),_xlpm.lo,FLOOR(_xlpm.mn/_xlpm.ln,1),_xlpm.hi,CEILING(_xlpm.mx/_xlpm.ln,1),_xlpm.t,IF(_xlpm.lo=_xlpm.hi,_xlpm.lo&"",_xlpm.lo&"–"&_xlpm.hi),_xlfn.TEXTJOIN(" + ",TRUE,_xlfn.SORTBY(_xlpm.t,_xlpm.ln,1)))} -> 3 | E7: {=_xlfn.LET(_xlpm.gs,_xlfn.SEQUENCE(B7),_xlpm.ln,_xlfn.MAXIFS('بيانات الفرق'!$S$3:$S$10,'بيانات الفرق'!$Q$3:$Q$10,"المجموعة "&_xlpm.gs),_xlpm.mn,_xlfn.MINIFS('بيانات الفرق'!$R$3:$R$10,'بيانات الفرق'!$Q$3:$Q$10,"المجموعة "&_xlpm.gs),_xlpm.mx,_xlfn.MAXIFS('بيانات الفرق'!$R$3:$R$10,'بيانات الفرق'!$Q$3:$Q$10,"المجموعة "&_xlpm.gs),_xlpm.t,IF(_xlpm.mn=_xlpm.mx,_xlpm.mn&"",_xlpm.mn&"–"&_xlpm.mx),_xlfn.TEXTJOIN(" + ",TRUE,_xlfn.SORTBY(_xlpm.t,_xlpm.ln,1)))} -> 21 | F7: ="—" -> — | G7: =MAX('8 فرق'!$A$4:$A$600) -> 21 | H7: =MAX('8 فرق'!$A$4:$A$600)-G7 -> 0 | I7: =MAX('8 فرق'!$A$4:$A$600) -> 21 | J7: =MOD(HOUR(المدخلات!$B$5)-1,12)+1&":"&TEXT(MINUTE(المدخلات!$B$5),"00")&IF(HOUR(المدخلات!$B$5)<12," ص"," م") -> 4:00 م | K7: {=MOD(HOUR(المدخلات!$B$5+((SUMPRODUCT(--(COUNTIF('8 فرق'!$B$4:$B$600,المدخلات!$F$4:$F$6)>0))-1)*المدخلات!$B$8+المدخلات!$B$6)/1440)-1,12)+1&":"&TEXT(MINUTE(المدخلات!$B$5+((SUMPRODUCT(--(COUNTIF('8 فرق'!$B$4:$B$600,المدخلات!$F$4:$F$6)>0))-1)*المدخلات!$B$8+المدخلات!$B$6)/1440),"00")&IF(HOUR(المدخلات!$B$5+((SUMPRODUCT(--(COUNTIF('8 فرق'!$B$4:$B$600,المدخلات!$F$4:$F$6)>0))-1)*المدخلات!$B$8+المدخلات!$B$6)/1440)<12," ص"," م")} -> 8:50 م | L7: =MAX('8 فرق'!$C$4:$C$600) -> 2 | M7: =IF(MIN('بيانات الفرق'!$R$3:$R$10)>=المدخلات!$B$10,"✔ "&MIN('بيانات الفرق'!$R$3:$R$10),"⚠ "&MIN('بيانات الفرق'!$R$3:$R$10)) -> ✔ 21 | N7: =IF(I7<=المدخلات!$B$11,"✔ "&I7,"⚠ تجاوز "&(I7-المدخلات!$B$11)&" يوم") -> ✔ 21 | O7: =COUNT('8 فرق'!$A$4:$A$600) -> 116
A8: 9 | B8: {=ROUND(SUMPRODUCT(1/COUNTIF('بيانات الفرق'!$V$3:$V$11,'بيانات الفرق'!$V$3:$V$11)),0)} -> 1 | C8: {=_xlfn.TEXTJOIN(" + ",TRUE,_xlfn._xlws.SORT(COUNTIF('بيانات الفرق'!$V$3:$V$11,"المجموعة "&_xlfn.SEQUENCE(B8))))} -> 9 | D8: {=_xlfn.LET(_xlpm.gs,_xlfn.SEQUENCE(B8),_xlpm.ln,_xlfn.MAXIFS('بيانات الفرق'!$X$3:$X$11,'بيانات الفرق'!$V$3:$V$11,"المجموعة "&_xlpm.gs),_xlpm.mn,_xlfn.MINIFS('بيانات الفرق'!$W$3:$W$11,'بيانات الفرق'!$V$3:$V$11,"المجموعة "&_xlpm.gs),_xlpm.mx,_xlfn.MAXIFS('بيانات الفرق'!$W$3:$W$11,'بيانات الفرق'!$V$3:$V$11,"المجموعة "&_xlpm.gs),_xlpm.lo,FLOOR(_xlpm.mn/_xlpm.ln,1),_xlpm.hi,CEILING(_xlpm.mx/_xlpm.ln,1),_xlpm.t,IF(_xlpm.lo=_xlpm.hi,_xlpm.lo&"",_xlpm.lo&"–"&_xlpm.hi),_xlfn.TEXTJOIN(" + ",TRUE,_xlfn.SORTBY(_xlpm.t,_xlpm.ln,1)))} -> 2 | E8: {=_xlfn.LET(_xlpm.gs,_xlfn.SEQUENCE(B8),_xlpm.ln,_xlfn.MAXIFS('بيانات الفرق'!$X$3:$X$11,'بيانات الفرق'!$V$3:$V$11,"المجموعة "&_xlpm.gs),_xlpm.mn,_xlfn.MINIFS('بيانات الفرق'!$W$3:$W$11,'بيانات الفرق'!$V$3:$V$11,"المجموعة "&_xlpm.gs),_xlpm.mx,_xlfn.MAXIFS('بيانات الفرق'!$W$3:$W$11,'بيانات الفرق'!$V$3:$V$11,"المجموعة "&_xlpm.gs),_xlpm.t,IF(_xlpm.mn=_xlpm.mx,_xlpm.mn&"",_xlpm.mn&"–"&_xlpm.mx),_xlfn.TEXTJOIN(" + ",TRUE,_xlfn.SORTBY(_xlpm.t,_xlpm.ln,1)))} -> 16 | F8: ="—" -> — | G8: =MAX('9 فرق'!$A$4:$A$600) -> 18 | H8: =MAX('9 فرق'!$A$4:$A$600)-G8 -> 0 | I8: =MAX('9 فرق'!$A$4:$A$600) -> 18 | J8: =MOD(HOUR(المدخلات!$B$5)-1,12)+1&":"&TEXT(MINUTE(المدخلات!$B$5),"00")&IF(HOUR(المدخلات!$B$5)<12," ص"," م") -> 4:00 م | K8: {=MOD(HOUR(المدخلات!$B$5+((SUMPRODUCT(--(COUNTIF('9 فرق'!$B$4:$B$600,المدخلات!$F$4:$F$6)>0))-1)*المدخلات!$B$8+المدخلات!$B$6)/1440)-1,12)+1&":"&TEXT(MINUTE(المدخلات!$B$5+((SUMPRODUCT(--(COUNTIF('9 فرق'!$B$4:$B$600,المدخلات!$F$4:$F$6)>0))-1)*المدخلات!$B$8+المدخلات!$B$6)/1440),"00")&IF(HOUR(المدخلات!$B$5+((SUMPRODUCT(--(COUNTIF('9 فرق'!$B$4:$B$600,المدخلات!$F$4:$F$6)>0))-1)*المدخلات!$B$8+المدخلات!$B$6)/1440)<12," ص"," م")} -> 8:50 م | L8: =MAX('9 فرق'!$C$4:$C$600) -> 2 | M8: =IF(MIN('بيانات الفرق'!$W$3:$W$11)>=المدخلات!$B$10,"✔ "&MIN('بيانات الفرق'!$W$3:$W$11),"⚠ "&MIN('بيانات الفرق'!$W$3:$W$11)) -> ✔ 16 | N8: =IF(I8<=المدخلات!$B$11,"✔ "&I8,"⚠ تجاوز "&(I8-المدخلات!$B$11)&" يوم") -> ✔ 18 | O8: =COUNT('9 فرق'!$A$4:$A$600) -> 81
A9: 10 | B9: {=ROUND(SUMPRODUCT(1/COUNTIF('بيانات الفرق'!$AA$3:$AA$12,'بيانات الفرق'!$AA$3:$AA$12)),0)} -> 1 | C9: {=_xlfn.TEXTJOIN(" + ",TRUE,_xlfn._xlws.SORT(COUNTIF('بيانات الفرق'!$AA$3:$AA$12,"المجموعة "&_xlfn.SEQUENCE(B9))))} -> 10 | D9: {=_xlfn.LET(_xlpm.gs,_xlfn.SEQUENCE(B9),_xlpm.ln,_xlfn.MAXIFS('بيانات الفرق'!$AC$3:$AC$12,'بيانات الفرق'!$AA$3:$AA$12,"المجموعة "&_xlpm.gs),_xlpm.mn,_xlfn.MINIFS('بيانات الفرق'!$AB$3:$AB$12,'بيانات الفرق'!$AA$3:$AA$12,"المجموعة "&_xlpm.gs),_xlpm.mx,_xlfn.MAXIFS('بيانات الفرق'!$AB$3:$AB$12,'بيانات الفرق'!$AA$3:$AA$12,"المجموعة "&_xlpm.gs),_xlpm.lo,FLOOR(_xlpm.mn/_xlpm.ln,1),_xlpm.hi,CEILING(_xlpm.mx/_xlpm.ln,1),_xlpm.t,IF(_xlpm.lo=_xlpm.hi,_xlpm.lo&"",_xlpm.lo&"–"&_xlpm.hi),_xlfn.TEXTJOIN(" + ",TRUE,_xlfn.SORTBY(_xlpm.t,_xlpm.ln,1)))} -> 2 | E9: {=_xlfn.LET(_xlpm.gs,_xlfn.SEQUENCE(B9),_xlpm.ln,_xlfn.MAXIFS('بيانات الفرق'!$AC$3:$AC$12,'بيانات الفرق'!$AA$3:$AA$12,"المجموعة "&_xlpm.gs),_xlpm.mn,_xlfn.MINIFS('بيانات الفرق'!$AB$3:$AB$12,'بيانات الفرق'!$AA$3:$AA$12,"المجموعة "&_xlpm.gs),_xlpm.mx,_xlfn.MAXIFS('بيانات الفرق'!$AB$3:$AB$12,'بيانات الفرق'!$AA$3:$AA$12,"المجموعة "&_xlpm.gs),_xlpm.t,IF(_xlpm.mn=_xlpm.mx,_xlpm.mn&"",_xlpm.mn&"–"&_xlpm.mx),_xlfn.TEXTJOIN(" + ",TRUE,_xlfn.SORTBY(_xlpm.t,_xlpm.ln,1)))} -> 18 | F9: ="—" -> — | G9: =MAX('10 فرق'!$A$4:$A$600) -> 18 | H9: =MAX('10 فرق'!$A$4:$A$600)-G9 -> 0 | I9: =MAX('10 فرق'!$A$4:$A$600) -> 18 | J9: =MOD(HOUR(المدخلات!$B$5)-1,12)+1&":"&TEXT(MINUTE(المدخلات!$B$5),"00")&IF(HOUR(المدخلات!$B$5)<12," ص"," م") -> 4:00 م | K9: {=MOD(HOUR(المدخلات!$B$5+((SUMPRODUCT(--(COUNTIF('10 فرق'!$B$4:$B$600,المدخلات!$F$4:$F$6)>0))-1)*المدخلات!$B$8+المدخلات!$B$6)/1440)-1,12)+1&":"&TEXT(MINUTE(المدخلات!$B$5+((SUMPRODUCT(--(COUNTIF('10 فرق'!$B$4:$B$600,المدخلات!$F$4:$F$6)>0))-1)*المدخلات!$B$8+المدخلات!$B$6)/1440),"00")&IF(HOUR(المدخلات!$B$5+((SUMPRODUCT(--(COUNTIF('10 فرق'!$B$4:$B$600,المدخلات!$F$4:$F$6)>0))-1)*المدخلات!$B$8+المدخلات!$B$6)/1440)<12," ص"," م")} -> 8:50 م | L9: =MAX('10 فرق'!$C$4:$C$600) -> 2 | M9: =IF(MIN('بيانات الفرق'!$AB$3:$AB$12)>=المدخلات!$B$10,"✔ "&MIN('بيانات الفرق'!$AB$3:$AB$12),"⚠ "&MIN('بيانات الفرق'!$AB$3:$AB$12)) -> ✔ 18 | N9: =IF(I9<=المدخلات!$B$11,"✔ "&I9,"⚠ تجاوز "&(I9-المدخلات!$B$11)&" يوم") -> ✔ 18 | O9: =COUNT('10 فرق'!$A$4:$A$600) -> 120
A10: 11 | B10: {=ROUND(SUMPRODUCT(1/COUNTIF('بيانات الفرق'!$AF$3:$AF$13,'بيانات الفرق'!$AF$3:$AF$13)),0)} -> 1 | C10: {=_xlfn.TEXTJOIN(" + ",TRUE,_xlfn._xlws.SORT(COUNTIF('بيانات الفرق'!$AF$3:$AF$13,"المجموعة "&_xlfn.SEQUENCE(B10))))} -> 11 | D10: {=_xlfn.LET(_xlpm.gs,_xlfn.SEQUENCE(B10),_xlpm.ln,_xlfn.MAXIFS('بيانات الفرق'!$AH$3:$AH$13,'بيانات الفرق'!$AF$3:$AF$13,"المجموعة "&_xlpm.gs),_xlpm.mn,_xlfn.MINIFS('بيانات الفرق'!$AG$3:$AG$13,'بيانات الفرق'!$AF$3:$AF$13,"المجموعة "&_xlpm.gs),_xlpm.mx,_xlfn.MAXIFS('بيانات الفرق'!$AG$3:$AG$13,'بيانات الفرق'!$AF$3:$AF$13,"المجموعة "&_xlpm.gs),_xlpm.lo,FLOOR(_xlpm.mn/_xlpm.ln,1),_xlpm.hi,CEILING(_xlpm.mx/_xlpm.ln,1),_xlpm.t,IF(_xlpm.lo=_xlpm.hi,_xlpm.lo&"",_xlpm.lo&"–"&_xlpm.hi),_xlfn.TEXTJOIN(" + ",TRUE,_xlfn.SORTBY(_xlpm.t,_xlpm.ln,1)))} -> 2 | E10: {=_xlfn.LET(_xlpm.gs,_xlfn.SEQUENCE(B10),_xlpm.ln,_xlfn.MAXIFS('بيانات الفرق'!$AH$3:$AH$13,'بيانات الفرق'!$AF$3:$AF$13,"المجموعة "&_xlpm.gs),_xlpm.mn,_xlfn.MINIFS('بيانات الفرق'!$AG$3:$AG$13,'بيانات الفرق'!$AF$3:$AF$13,"المجموعة "&_xlpm.gs),_xlpm.mx,_xlfn.MAXIFS('بيانات الفرق'!$AG$3:$AG$13,'بيانات الفرق'!$AF$3:$AF$13,"المجموعة "&_xlpm.gs),_xlpm.t,IF(_xlpm.mn=_xlpm.mx,_xlpm.mn&"",_xlpm.mn&"–"&_xlpm.mx),_xlfn.TEXTJOIN(" + ",TRUE,_xlfn.SORTBY(_xlpm.t,_xlpm.ln,1)))} -> 20 | F10: =IF(COUNTIF('11 فريقًا'!$D$4:$D$600,"نهائي")=0,"—",IF(COUNTIF('11 فريقًا'!$D$4:$D$600,"ربع نهائي")>0,"ربع نهائي ثم نصف نهائي ثم نهائي",IF(COUNTIF('11 فريقًا'!$D$4:$D$600,"نصف نهائي")>0,"نصف نهائي ثم نهائي","نهائي مباشر"))) -> — | G10: =_xlfn.MAXIFS('11 فريقًا'!$A$4:$A$600,'11 فريقًا'!$D$4:$D$600,"المجموعة*") -> 22 | H10: =MAX('11 فريقًا'!$A$4:$A$600)-G10 -> 0 | I10: =MAX('11 فريقًا'!$A$4:$A$600) -> 22 | J10: =MOD(HOUR(المدخلات!$B$5)-1,12)+1&":"&TEXT(MINUTE(المدخلات!$B$5),"00")&IF(HOUR(المدخلات!$B$5)<12," ص"," م") -> 4:00 م | K10: {=MOD(HOUR(المدخلات!$B$5+((SUMPRODUCT(--(COUNTIF('11 فريقًا'!$B$4:$B$600,المدخلات!$F$4:$F$6)>0))-1)*المدخلات!$B$8+المدخلات!$B$6)/1440)-1,12)+1&":"&TEXT(MINUTE(المدخلات!$B$5+((SUMPRODUCT(--(COUNTIF('11 فريقًا'!$B$4:$B$600,المدخلات!$F$4:$F$6)>0))-1)*المدخلات!$B$8+المدخلات!$B$6)/1440),"00")&IF(HOUR(المدخلات!$B$5+((SUMPRODUCT(--(COUNTIF('11 فريقًا'!$B$4:$B$600,المدخلات!$F$4:$F$6)>0))-1)*المدخلات!$B$8+المدخلات!$B$6)/1440)<12," ص"," م")} -> 8:50 م | L10: =MAX('11 فريقًا'!$C$4:$C$600) -> 2 | M10: =IF(MIN('بيانات الفرق'!$AG$3:$AG$13)>=المدخلات!$B$10,"✔ "&MIN('بيانات الفرق'!$AG$3:$AG$13),"⚠ "&MIN('بيانات الفرق'!$AG$3:$AG$13)) -> ✔ 20 | N10: =IF(I10<=المدخلات!$B$11,"✔ "&I10,"⚠ تجاوز "&(I10-المدخلات!$B$11)&" يوم") -> ✔ 22 | O10: =COUNT('11 فريقًا'!$A$4:$A$600) -> 132
A11: 12 | B11: {=ROUND(SUMPRODUCT(1/COUNTIF('بيانات الفرق'!$AK$3:$AK$14,'بيانات الفرق'!$AK$3:$AK$14)),0)} -> 1 | C11: {=_xlfn.TEXTJOIN(" + ",TRUE,_xlfn._xlws.SORT(COUNTIF('بيانات الفرق'!$AK$3:$AK$14,"المجموعة "&_xlfn.SEQUENCE(B11))))} -> 12 | D11: {=_xlfn.LET(_xlpm.gs,_xlfn.SEQUENCE(B11),_xlpm.ln,_xlfn.MAXIFS('بيانات الفرق'!$AM$3:$AM$14,'بيانات الفرق'!$AK$3:$AK$14,"المجموعة "&_xlpm.gs),_xlpm.mn,_xlfn.MINIFS('بيانات الفرق'!$AL$3:$AL$14,'بيانات الفرق'!$AK$3:$AK$14,"المجموعة "&_xlpm.gs),_xlpm.mx,_xlfn.MAXIFS('بيانات الفرق'!$AL$3:$AL$14,'بيانات الفرق'!$AK$3:$AK$14,"المجموعة "&_xlpm.gs),_xlpm.lo,FLOOR(_xlpm.mn/_xlpm.ln,1),_xlpm.hi,CEILING(_xlpm.mx/_xlpm.ln,1),_xlpm.t,IF(_xlpm.lo=_xlpm.hi,_xlpm.lo&"",_xlpm.lo&"–"&_xlpm.hi),_xlfn.TEXTJOIN(" + ",TRUE,_xlfn.SORTBY(_xlpm.t,_xlpm.ln,1)))} -> 2 | E11: {=_xlfn.LET(_xlpm.gs,_xlfn.SEQUENCE(B11),_xlpm.ln,_xlfn.MAXIFS('بيانات الفرق'!$AM$3:$AM$14,'بيانات الفرق'!$AK$3:$AK$14,"المجموعة "&_xlpm.gs),_xlpm.mn,_xlfn.MINIFS('بيانات الفرق'!$AL$3:$AL$14,'بيانات الفرق'!$AK$3:$AK$14,"المجموعة "&_xlpm.gs),_xlpm.mx,_xlfn.MAXIFS('بيانات الفرق'!$AL$3:$AL$14,'بيانات الفرق'!$AK$3:$AK$14,"المجموعة "&_xlpm.gs),_xlpm.t,IF(_xlpm.mn=_xlpm.mx,_xlpm.mn&"",_xlpm.mn&"–"&_xlpm.mx),_xlfn.TEXTJOIN(" + ",TRUE,_xlfn.SORTBY(_xlpm.t,_xlpm.ln,1)))} -> 22 | F11: =IF(COUNTIF('12 فريقًا'!$D$4:$D$600,"نهائي")=0,"—",IF(COUNTIF('12 فريقًا'!$D$4:$D$600,"ربع نهائي")>0,"ربع نهائي ثم نصف نهائي ثم نهائي",IF(COUNTIF('12 فريقًا'!$D$4:$D$600,"نصف نهائي")>0,"نصف نهائي ثم نهائي","نهائي مباشر"))) -> — | G11: =_xlfn.MAXIFS('12 فريقًا'!$A$4:$A$600,'12 فريقًا'!$D$4:$D$600,"المجموعة*") -> 22 | H11: =MAX('12 فريقًا'!$A$4:$A$600)-G11 -> 0 | I11: =MAX('12 فريقًا'!$A$4:$A$600) -> 22 | J11: =MOD(HOUR(المدخلات!$B$5)-1,12)+1&":"&TEXT(MINUTE(المدخلات!$B$5),"00")&IF(HOUR(المدخلات!$B$5)<12," ص"," م") -> 4:00 م | K11: {=MOD(HOUR(المدخلات!$B$5+((SUMPRODUCT(--(COUNTIF('12 فريقًا'!$B$4:$B$600,المدخلات!$F$4:$F$6)>0))-1)*المدخلات!$B$8+المدخلات!$B$6)/1440)-1,12)+1&":"&TEXT(MINUTE(المدخلات!$B$5+((SUMPRODUCT(--(COUNTIF('12 فريقًا'!$B$4:$B$600,المدخلات!$F$4:$F$6)>0))-1)*المدخلات!$B$8+المدخلات!$B$6)/1440),"00")&IF(HOUR(المدخلات!$B$5+((SUMPRODUCT(--(COUNTIF('12 فريقًا'!$B$4:$B$600,المدخلات!$F$4:$F$6)>0))-1)*المدخلات!$B$8+المدخلات!$B$6)/1440)<12," ص"," م")} -> 8:50 م | L11: =MAX('12 فريقًا'!$C$4:$C$600) -> 2 | M11: =IF(MIN('بيانات الفرق'!$AL$3:$AL$14)>=المدخلات!$B$10,"✔ "&MIN('بيانات الفرق'!$AL$3:$AL$14),"⚠ "&MIN('بيانات الفرق'!$AL$3:$AL$14)) -> ✔ 22 | N11: =IF(I11<=المدخلات!$B$11,"✔ "&I11,"⚠ تجاوز "&(I11-المدخلات!$B$11)&" يوم") -> ✔ 22 | O11: =COUNT('12 فريقًا'!$A$4:$A$600) -> 156
A12: 14 | B12: {=ROUND(SUMPRODUCT(1/COUNTIF('بيانات الفرق'!$AP$3:$AP$16,'بيانات الفرق'!$AP$3:$AP$16)),0)} -> 2 | C12: {=_xlfn.TEXTJOIN(" + ",TRUE,_xlfn._xlws.SORT(COUNTIF('بيانات الفرق'!$AP$3:$AP$16,"المجموعة "&_xlfn.SEQUENCE(B12))))} -> 7 + 7 | D12: {=_xlfn.LET(_xlpm.gs,_xlfn.SEQUENCE(B12),_xlpm.ln,_xlfn.MAXIFS('بيانات الفرق'!$AR$3:$AR$16,'بيانات الفرق'!$AP$3:$AP$16,"المجموعة "&_xlpm.gs),_xlpm.mn,_xlfn.MINIFS('بيانات الفرق'!$AQ$3:$AQ$16,'بيانات الفرق'!$AP$3:$AP$16,"المجموعة "&_xlpm.gs),_xlpm.mx,_xlfn.MAXIFS('بيانات الفرق'!$AQ$3:$AQ$16,'بيانات الفرق'!$AP$3:$AP$16,"المجموعة "&_xlpm.gs),_xlpm.lo,FLOOR(_xlpm.mn/_xlpm.ln,1),_xlpm.hi,CEILING(_xlpm.mx/_xlpm.ln,1),_xlpm.t,IF(_xlpm.lo=_xlpm.hi,_xlpm.lo&"",_xlpm.lo&"–"&_xlpm.hi),_xlfn.TEXTJOIN(" + ",TRUE,_xlfn.SORTBY(_xlpm.t,_xlpm.ln,1)))} -> 3 + 3 | E12: {=_xlfn.LET(_xlpm.gs,_xlfn.SEQUENCE(B12),_xlpm.ln,_xlfn.MAXIFS('بيانات الفرق'!$AR$3:$AR$16,'بيانات الفرق'!$AP$3:$AP$16,"المجموعة "&_xlpm.gs),_xlpm.mn,_xlfn.MINIFS('بيانات الفرق'!$AQ$3:$AQ$16,'بيانات الفرق'!$AP$3:$AP$16,"المجموعة "&_xlpm.gs),_xlpm.mx,_xlfn.MAXIFS('بيانات الفرق'!$AQ$3:$AQ$16,'بيانات الفرق'!$AP$3:$AP$16,"المجموعة "&_xlpm.gs),_xlpm.t,IF(_xlpm.mn=_xlpm.mx,_xlpm.mn&"",_xlpm.mn&"–"&_xlpm.mx),_xlfn.TEXTJOIN(" + ",TRUE,_xlfn.SORTBY(_xlpm.t,_xlpm.ln,1)))} -> 18 + 18 | F12: =IF(COUNTIF('14 فريقًا'!$D$4:$D$600,"نهائي")=0,"—",IF(COUNTIF('14 فريقًا'!$D$4:$D$600,"ربع نهائي")>0,"ربع نهائي ثم نصف نهائي ثم نهائي",IF(COUNTIF('14 فريقًا'!$D$4:$D$600,"نصف نهائي")>0,"نصف نهائي ثم نهائي","نهائي مباشر"))) -> نهائي مباشر | G12: =_xlfn.MAXIFS('14 فريقًا'!$A$4:$A$600,'14 فريقًا'!$D$4:$D$600,"المجموعة*") -> 21 | H12: =MAX('14 فريقًا'!$A$4:$A$600)-G12 -> 1 | I12: =MAX('14 فريقًا'!$A$4:$A$600) -> 22 | J12: =MOD(HOUR(المدخلات!$B$5)-1,12)+1&":"&TEXT(MINUTE(المدخلات!$B$5),"00")&IF(HOUR(المدخلات!$B$5)<12," ص"," م") -> 4:00 م | K12: {=MOD(HOUR(المدخلات!$B$5+((SUMPRODUCT(--(COUNTIF('14 فريقًا'!$B$4:$B$600,المدخلات!$F$4:$F$6)>0))-1)*المدخلات!$B$8+المدخلات!$B$6)/1440)-1,12)+1&":"&TEXT(MINUTE(المدخلات!$B$5+((SUMPRODUCT(--(COUNTIF('14 فريقًا'!$B$4:$B$600,المدخلات!$F$4:$F$6)>0))-1)*المدخلات!$B$8+المدخلات!$B$6)/1440),"00")&IF(HOUR(المدخلات!$B$5+((SUMPRODUCT(--(COUNTIF('14 فريقًا'!$B$4:$B$600,المدخلات!$F$4:$F$6)>0))-1)*المدخلات!$B$8+المدخلات!$B$6)/1440)<12," ص"," م")} -> 8:50 م | L12: =MAX('14 فريقًا'!$C$4:$C$600) -> 2 | M12: =IF(MIN('بيانات الفرق'!$AQ$3:$AQ$16)>=المدخلات!$B$10,"✔ "&MIN('بيانات الفرق'!$AQ$3:$AQ$16),"⚠ "&MIN('بيانات الفرق'!$AQ$3:$AQ$16)) -> ✔ 18 | N12: =IF(I12<=المدخلات!$B$11,"✔ "&I12,"⚠ تجاوز "&(I12-المدخلات!$B$11)&" يوم") -> ✔ 22 | O12: =COUNT('14 فريقًا'!$A$4:$A$600) -> 141
A13: 15 | B13: {=ROUND(SUMPRODUCT(1/COUNTIF('بيانات الفرق'!$AU$3:$AU$17,'بيانات الفرق'!$AU$3:$AU$17)),0)} -> 2 | C13: {=_xlfn.TEXTJOIN(" + ",TRUE,_xlfn._xlws.SORT(COUNTIF('بيانات الفرق'!$AU$3:$AU$17,"المجموعة "&_xlfn.SEQUENCE(B13))))} -> 7 + 8 | D13: {=_xlfn.LET(_xlpm.gs,_xlfn.SEQUENCE(B13),_xlpm.ln,_xlfn.MAXIFS('بيانات الفرق'!$AW$3:$AW$17,'بيانات الفرق'!$AU$3:$AU$17,"المجموعة "&_xlpm.gs),_xlpm.mn,_xlfn.MINIFS('بيانات الفرق'!$AV$3:$AV$17,'بيانات الفرق'!$AU$3:$AU$17,"المجموعة "&_xlpm.gs),_xlpm.mx,_xlfn.MAXIFS('بيانات الفرق'!$AV$3:$AV$17,'بيانات الفرق'!$AU$3:$AU$17,"المجموعة "&_xlpm.gs),_xlpm.lo,FLOOR(_xlpm.mn/_xlpm.ln,1),_xlpm.hi,CEILING(_xlpm.mx/_xlpm.ln,1),_xlpm.t,IF(_xlpm.lo=_xlpm.hi,_xlpm.lo&"",_xlpm.lo&"–"&_xlpm.hi),_xlfn.TEXTJOIN(" + ",TRUE,_xlfn.SORTBY(_xlpm.t,_xlpm.ln,1)))} -> 3 + 3 | E13: {=_xlfn.LET(_xlpm.gs,_xlfn.SEQUENCE(B13),_xlpm.ln,_xlfn.MAXIFS('بيانات الفرق'!$AW$3:$AW$17,'بيانات الفرق'!$AU$3:$AU$17,"المجموعة "&_xlpm.gs),_xlpm.mn,_xlfn.MINIFS('بيانات الفرق'!$AV$3:$AV$17,'بيانات الفرق'!$AU$3:$AU$17,"المجموعة "&_xlpm.gs),_xlpm.mx,_xlfn.MAXIFS('بيانات الفرق'!$AV$3:$AV$17,'بيانات الفرق'!$AU$3:$AU$17,"المجموعة "&_xlpm.gs),_xlpm.t,IF(_xlpm.mn=_xlpm.mx,_xlpm.mn&"",_xlpm.mn&"–"&_xlpm.mx),_xlfn.TEXTJOIN(" + ",TRUE,_xlfn.SORTBY(_xlpm.t,_xlpm.ln,1)))} -> 18 + 21 | F13: =IF(COUNTIF('15 فريقًا'!$D$4:$D$600,"نهائي")=0,"—",IF(COUNTIF('15 فريقًا'!$D$4:$D$600,"ربع نهائي")>0,"ربع نهائي ثم نصف نهائي ثم نهائي",IF(COUNTIF('15 فريقًا'!$D$4:$D$600,"نصف نهائي")>0,"نصف نهائي ثم نهائي","نهائي مباشر"))) -> نهائي مباشر | G13: =_xlfn.MAXIFS('15 فريقًا'!$A$4:$A$600,'15 فريقًا'!$D$4:$D$600,"المجموعة*") -> 21 | H13: =MAX('15 فريقًا'!$A$4:$A$600)-G13 -> 1 | I13: =MAX('15 فريقًا'!$A$4:$A$600) -> 22 | J13: =MOD(HOUR(المدخلات!$B$5)-1,12)+1&":"&TEXT(MINUTE(المدخلات!$B$5),"00")&IF(HOUR(المدخلات!$B$5)<12," ص"," م") -> 4:00 م | K13: {=MOD(HOUR(المدخلات!$B$5+((SUMPRODUCT(--(COUNTIF('15 فريقًا'!$B$4:$B$600,المدخلات!$F$4:$F$6)>0))-1)*المدخلات!$B$8+المدخلات!$B$6)/1440)-1,12)+1&":"&TEXT(MINUTE(المدخلات!$B$5+((SUMPRODUCT(--(COUNTIF('15 فريقًا'!$B$4:$B$600,المدخلات!$F$4:$F$6)>0))-1)*المدخلات!$B$8+المدخلات!$B$6)/1440),"00")&IF(HOUR(المدخلات!$B$5+((SUMPRODUCT(--(COUNTIF('15 فريقًا'!$B$4:$B$600,المدخلات!$F$4:$F$6)>0))-1)*المدخلات!$B$8+المدخلات!$B$6)/1440)<12," ص"," م")} -> 8:50 م | L13: =MAX('15 فريقًا'!$C$4:$C$600) -> 3 | M13: =IF(MIN('بيانات الفرق'!$AV$3:$AV$17)>=المدخلات!$B$10,"✔ "&MIN('بيانات الفرق'!$AV$3:$AV$17),"⚠ "&MIN('بيانات الفرق'!$AV$3:$AV$17)) -> ✔ 18 | N13: =IF(I13<=المدخلات!$B$11,"✔ "&I13,"⚠ تجاوز "&(I13-المدخلات!$B$11)&" يوم") -> ✔ 22 | O13: =COUNT('15 فريقًا'!$A$4:$A$600) -> 178
A14: 16 | B14: {=ROUND(SUMPRODUCT(1/COUNTIF('بيانات الفرق'!$AZ$3:$AZ$18,'بيانات الفرق'!$AZ$3:$AZ$18)),0)} -> 2 | C14: {=_xlfn.TEXTJOIN(" + ",TRUE,_xlfn._xlws.SORT(COUNTIF('بيانات الفرق'!$AZ$3:$AZ$18,"المجموعة "&_xlfn.SEQUENCE(B14))))} -> 8 + 8 | D14: {=_xlfn.LET(_xlpm.gs,_xlfn.SEQUENCE(B14),_xlpm.ln,_xlfn.MAXIFS('بيانات الفرق'!$BB$3:$BB$18,'بيانات الفرق'!$AZ$3:$AZ$18,"المجموعة "&_xlpm.gs),_xlpm.mn,_xlfn.MINIFS('بيانات الفرق'!$BA$3:$BA$18,'بيانات الفرق'!$AZ$3:$AZ$18,"المجموعة "&_xlpm.gs),_xlpm.mx,_xlfn.MAXIFS('بيانات الفرق'!$BA$3:$BA$18,'بيانات الفرق'!$AZ$3:$AZ$18,"المجموعة "&_xlpm.gs),_xlpm.lo,FLOOR(_xlpm.mn/_xlpm.ln,1),_xlpm.hi,CEILING(_xlpm.mx/_xlpm.ln,1),_xlpm.t,IF(_xlpm.lo=_xlpm.hi,_xlpm.lo&"",_xlpm.lo&"–"&_xlpm.hi),_xlfn.TEXTJOIN(" + ",TRUE,_xlfn.SORTBY(_xlpm.t,_xlpm.ln,1)))} -> 3 + 3 | E14: {=_xlfn.LET(_xlpm.gs,_xlfn.SEQUENCE(B14),_xlpm.ln,_xlfn.MAXIFS('بيانات الفرق'!$BB$3:$BB$18,'بيانات الفرق'!$AZ$3:$AZ$18,"المجموعة "&_xlpm.gs),_xlpm.mn,_xlfn.MINIFS('بيانات الفرق'!$BA$3:$BA$18,'بيانات الفرق'!$AZ$3:$AZ$18,"المجموعة "&_xlpm.gs),_xlpm.mx,_xlfn.MAXIFS('بيانات الفرق'!$BA$3:$BA$18,'بيانات الفرق'!$AZ$3:$AZ$18,"المجموعة "&_xlpm.gs),_xlpm.t,IF(_xlpm.mn=_xlpm.mx,_xlpm.mn&"",_xlpm.mn&"–"&_xlpm.mx),_xlfn.TEXTJOIN(" + ",TRUE,_xlfn.SORTBY(_xlpm.t,_xlpm.ln,1)))} -> 21 + 21 | F14: =IF(COUNTIF('16 فريقًا'!$D$4:$D$600,"نهائي")=0,"—",IF(COUNTIF('16 فريقًا'!$D$4:$D$600,"ربع نهائي")>0,"ربع نهائي ثم نصف نهائي ثم نهائي",IF(COUNTIF('16 فريقًا'!$D$4:$D$600,"نصف نهائي")>0,"نصف نهائي ثم نهائي","نهائي مباشر"))) -> نهائي مباشر | G14: =_xlfn.MAXIFS('16 فريقًا'!$A$4:$A$600,'16 فريقًا'!$D$4:$D$600,"المجموعة*") -> 21 | H14: =MAX('16 فريقًا'!$A$4:$A$600)-G14 -> 1 | I14: =MAX('16 فريقًا'!$A$4:$A$600) -> 22 | J14: =MOD(HOUR(المدخلات!$B$5)-1,12)+1&":"&TEXT(MINUTE(المدخلات!$B$5),"00")&IF(HOUR(المدخلات!$B$5)<12," ص"," م") -> 4:00 م | K14: {=MOD(HOUR(المدخلات!$B$5+((SUMPRODUCT(--(COUNTIF('16 فريقًا'!$B$4:$B$600,المدخلات!$F$4:$F$6)>0))-1)*المدخلات!$B$8+المدخلات!$B$6)/1440)-1,12)+1&":"&TEXT(MINUTE(المدخلات!$B$5+((SUMPRODUCT(--(COUNTIF('16 فريقًا'!$B$4:$B$600,المدخلات!$F$4:$F$6)>0))-1)*المدخلات!$B$8+المدخلات!$B$6)/1440),"00")&IF(HOUR(المدخلات!$B$5+((SUMPRODUCT(--(COUNTIF('16 فريقًا'!$B$4:$B$600,المدخلات!$F$4:$F$6)>0))-1)*المدخلات!$B$8+المدخلات!$B$6)/1440)<12," ص"," م")} -> 8:50 م | L14: =MAX('16 فريقًا'!$C$4:$C$600) -> 3 | M14: =IF(MIN('بيانات الفرق'!$BA$3:$BA$18)>=المدخلات!$B$10,"✔ "&MIN('بيانات الفرق'!$BA$3:$BA$18),"⚠ "&MIN('بيانات الفرق'!$BA$3:$BA$18)) -> ✔ 21 | N14: =IF(I14<=المدخلات!$B$11,"✔ "&I14,"⚠ تجاوز "&(I14-المدخلات!$B$11)&" يوم") -> ✔ 22 | O14: =COUNT('16 فريقًا'!$A$4:$A$600) -> 185
A15: 17 | B15: {=ROUND(SUMPRODUCT(1/COUNTIF('بيانات الفرق'!$BE$3:$BE$19,'بيانات الفرق'!$BE$3:$BE$19)),0)} -> 1 | C15: {=_xlfn.TEXTJOIN(" + ",TRUE,_xlfn._xlws.SORT(COUNTIF('بيانات الفرق'!$BE$3:$BE$19,"المجموعة "&_xlfn.SEQUENCE(B15))))} -> 17 | D15: {=_xlfn.LET(_xlpm.gs,_xlfn.SEQUENCE(B15),_xlpm.ln,_xlfn.MAXIFS('بيانات الفرق'!$BG$3:$BG$19,'بيانات الفرق'!$BE$3:$BE$19,"المجموعة "&_xlpm.gs),_xlpm.mn,_xlfn.MINIFS('بيانات الفرق'!$BF$3:$BF$19,'بيانات الفرق'!$BE$3:$BE$19,"المجموعة "&_xlpm.gs),_xlpm.mx,_xlfn.MAXIFS('بيانات الفرق'!$BF$3:$BF$19,'بيانات الفرق'!$BE$3:$BE$19,"المجموعة "&_xlpm.gs),_xlpm.lo,FLOOR(_xlpm.mn/_xlpm.ln,1),_xlpm.hi,CEILING(_xlpm.mx/_xlpm.ln,1),_xlpm.t,IF(_xlpm.lo=_xlpm.hi,_xlpm.lo&"",_xlpm.lo&"–"&_xlpm.hi),_xlfn.TEXTJOIN(" + ",TRUE,_xlfn.SORTBY(_xlpm.t,_xlpm.ln,1)))} -> 1 | E15: {=_xlfn.LET(_xlpm.gs,_xlfn.SEQUENCE(B15),_xlpm.ln,_xlfn.MAXIFS('بيانات الفرق'!$BG$3:$BG$19,'بيانات الفرق'!$BE$3:$BE$19,"المجموعة "&_xlpm.gs),_xlpm.mn,_xlfn.MINIFS('بيانات الفرق'!$BF$3:$BF$19,'بيانات الفرق'!$BE$3:$BE$19,"المجموعة "&_xlpm.gs),_xlpm.mx,_xlfn.MAXIFS('بيانات الفرق'!$BF$3:$BF$19,'بيانات الفرق'!$BE$3:$BE$19,"المجموعة "&_xlpm.gs),_xlpm.t,IF(_xlpm.mn=_xlpm.mx,_xlpm.mn&"",_xlpm.mn&"–"&_xlpm.mx),_xlfn.TEXTJOIN(" + ",TRUE,_xlfn.SORTBY(_xlpm.t,_xlpm.ln,1)))} -> 16 | F15: =IF(COUNTIF('17 فريقًا'!$D$4:$D$600,"نهائي")=0,"—",IF(COUNTIF('17 فريقًا'!$D$4:$D$600,"ربع نهائي")>0,"ربع نهائي ثم نصف نهائي ثم نهائي",IF(COUNTIF('17 فريقًا'!$D$4:$D$600,"نصف نهائي")>0,"نصف نهائي ثم نهائي","نهائي مباشر"))) -> — | G15: =_xlfn.MAXIFS('17 فريقًا'!$A$4:$A$600,'17 فريقًا'!$D$4:$D$600,"المجموعة*") -> 17 | H15: =MAX('17 فريقًا'!$A$4:$A$600)-G15 -> 0 | I15: =MAX('17 فريقًا'!$A$4:$A$600) -> 17 | J15: =MOD(HOUR(المدخلات!$B$5)-1,12)+1&":"&TEXT(MINUTE(المدخلات!$B$5),"00")&IF(HOUR(المدخلات!$B$5)<12," ص"," م") -> 4:00 م | K15: {=MOD(HOUR(المدخلات!$B$5+((SUMPRODUCT(--(COUNTIF('17 فريقًا'!$B$4:$B$600,المدخلات!$F$4:$F$6)>0))-1)*المدخلات!$B$8+المدخلات!$B$6)/1440)-1,12)+1&":"&TEXT(MINUTE(المدخلات!$B$5+((SUMPRODUCT(--(COUNTIF('17 فريقًا'!$B$4:$B$600,المدخلات!$F$4:$F$6)>0))-1)*المدخلات!$B$8+المدخلات!$B$6)/1440),"00")&IF(HOUR(المدخلات!$B$5+((SUMPRODUCT(--(COUNTIF('17 فريقًا'!$B$4:$B$600,المدخلات!$F$4:$F$6)>0))-1)*المدخلات!$B$8+المدخلات!$B$6)/1440)<12," ص"," م")} -> 8:50 م | L15: =MAX('17 فريقًا'!$C$4:$C$600) -> 3 | M15: =IF(MIN('بيانات الفرق'!$BF$3:$BF$19)>=المدخلات!$B$10,"✔ "&MIN('بيانات الفرق'!$BF$3:$BF$19),"⚠ "&MIN('بيانات الفرق'!$BF$3:$BF$19)) -> ✔ 16 | N15: =IF(I15<=المدخلات!$B$11,"✔ "&I15,"⚠ تجاوز "&(I15-المدخلات!$B$11)&" يوم") -> ✔ 17 | O15: =COUNT('17 فريقًا'!$A$4:$A$600) -> 153
A16: 19 | B16: {=ROUND(SUMPRODUCT(1/COUNTIF('بيانات الفرق'!$BJ$3:$BJ$21,'بيانات الفرق'!$BJ$3:$BJ$21)),0)} -> 1 | C16: {=_xlfn.TEXTJOIN(" + ",TRUE,_xlfn._xlws.SORT(COUNTIF('بيانات الفرق'!$BJ$3:$BJ$21,"المجموعة "&_xlfn.SEQUENCE(B16))))} -> 19 | D16: {=_xlfn.LET(_xlpm.gs,_xlfn.SEQUENCE(B16),_xlpm.ln,_xlfn.MAXIFS('بيانات الفرق'!$BL$3:$BL$21,'بيانات الفرق'!$BJ$3:$BJ$21,"المجموعة "&_xlpm.gs),_xlpm.mn,_xlfn.MINIFS('بيانات الفرق'!$BK$3:$BK$21,'بيانات الفرق'!$BJ$3:$BJ$21,"المجموعة "&_xlpm.gs),_xlpm.mx,_xlfn.MAXIFS('بيانات الفرق'!$BK$3:$BK$21,'بيانات الفرق'!$BJ$3:$BJ$21,"المجموعة "&_xlpm.gs),_xlpm.lo,FLOOR(_xlpm.mn/_xlpm.ln,1),_xlpm.hi,CEILING(_xlpm.mx/_xlpm.ln,1),_xlpm.t,IF(_xlpm.lo=_xlpm.hi,_xlpm.lo&"",_xlpm.lo&"–"&_xlpm.hi),_xlfn.TEXTJOIN(" + ",TRUE,_xlfn.SORTBY(_xlpm.t,_xlpm.ln,1)))} -> 1 | E16: {=_xlfn.LET(_xlpm.gs,_xlfn.SEQUENCE(B16),_xlpm.ln,_xlfn.MAXIFS('بيانات الفرق'!$BL$3:$BL$21,'بيانات الفرق'!$BJ$3:$BJ$21,"المجموعة "&_xlpm.gs),_xlpm.mn,_xlfn.MINIFS('بيانات الفرق'!$BK$3:$BK$21,'بيانات الفرق'!$BJ$3:$BJ$21,"المجموعة "&_xlpm.gs),_xlpm.mx,_xlfn.MAXIFS('بيانات الفرق'!$BK$3:$BK$21,'بيانات الفرق'!$BJ$3:$BJ$21,"المجموعة "&_xlpm.gs),_xlpm.t,IF(_xlpm.mn=_xlpm.mx,_xlpm.mn&"",_xlpm.mn&"–"&_xlpm.mx),_xlfn.TEXTJOIN(" + ",TRUE,_xlfn.SORTBY(_xlpm.t,_xlpm.ln,1)))} -> 18 | F16: =IF(COUNTIF('19 فريقًا'!$D$4:$D$600,"نهائي")=0,"—",IF(COUNTIF('19 فريقًا'!$D$4:$D$600,"ربع نهائي")>0,"ربع نهائي ثم نصف نهائي ثم نهائي",IF(COUNTIF('19 فريقًا'!$D$4:$D$600,"نصف نهائي")>0,"نصف نهائي ثم نهائي","نهائي مباشر"))) -> — | G16: =_xlfn.MAXIFS('19 فريقًا'!$A$4:$A$600,'19 فريقًا'!$D$4:$D$600,"المجموعة*") -> 19 | H16: =MAX('19 فريقًا'!$A$4:$A$600)-G16 -> 0 | I16: =MAX('19 فريقًا'!$A$4:$A$600) -> 19 | J16: =MOD(HOUR(المدخلات!$B$5)-1,12)+1&":"&TEXT(MINUTE(المدخلات!$B$5),"00")&IF(HOUR(المدخلات!$B$5)<12," ص"," م") -> 4:00 م | K16: {=MOD(HOUR(المدخلات!$B$5+((SUMPRODUCT(--(COUNTIF('19 فريقًا'!$B$4:$B$600,المدخلات!$F$4:$F$6)>0))-1)*المدخلات!$B$8+المدخلات!$B$6)/1440)-1,12)+1&":"&TEXT(MINUTE(المدخلات!$B$5+((SUMPRODUCT(--(COUNTIF('19 فريقًا'!$B$4:$B$600,المدخلات!$F$4:$F$6)>0))-1)*المدخلات!$B$8+المدخلات!$B$6)/1440),"00")&IF(HOUR(المدخلات!$B$5+((SUMPRODUCT(--(COUNTIF('19 فريقًا'!$B$4:$B$600,المدخلات!$F$4:$F$6)>0))-1)*المدخلات!$B$8+المدخلات!$B$6)/1440)<12," ص"," م")} -> 8:50 م | L16: =MAX('19 فريقًا'!$C$4:$C$600) -> 3 | M16: =IF(MIN('بيانات الفرق'!$BK$3:$BK$21)>=المدخلات!$B$10,"✔ "&MIN('بيانات الفرق'!$BK$3:$BK$21),"⚠ "&MIN('بيانات الفرق'!$BK$3:$BK$21)) -> ✔ 18 | N16: =IF(I16<=المدخلات!$B$11,"✔ "&I16,"⚠ تجاوز "&(I16-المدخلات!$B$11)&" يوم") -> ✔ 19 | O16: =COUNT('19 فريقًا'!$A$4:$A$600) -> 190
A17: 26 | B17: {=ROUND(SUMPRODUCT(1/COUNTIF('بيانات الفرق'!$BO$3:$BO$28,'بيانات الفرق'!$BO$3:$BO$28)),0)} -> 4 | C17: {=_xlfn.TEXTJOIN(" + ",TRUE,_xlfn._xlws.SORT(COUNTIF('بيانات الفرق'!$BO$3:$BO$28,"المجموعة "&_xlfn.SEQUENCE(B17))))} -> 6 + 6 + 7 + 7 | D17: {=_xlfn.LET(_xlpm.gs,_xlfn.SEQUENCE(B17),_xlpm.ln,_xlfn.MAXIFS('بيانات الفرق'!$BQ$3:$BQ$28,'بيانات الفرق'!$BO$3:$BO$28,"المجموعة "&_xlpm.gs),_xlpm.mn,_xlfn.MINIFS('بيانات الفرق'!$BP$3:$BP$28,'بيانات الفرق'!$BO$3:$BO$28,"المجموعة "&_xlpm.gs),_xlpm.mx,_xlfn.MAXIFS('بيانات الفرق'!$BP$3:$BP$28,'بيانات الفرق'!$BO$3:$BO$28,"المجموعة "&_xlpm.gs),_xlpm.lo,FLOOR(_xlpm.mn/_xlpm.ln,1),_xlpm.hi,CEILING(_xlpm.mx/_xlpm.ln,1),_xlpm.t,IF(_xlpm.lo=_xlpm.hi,_xlpm.lo&"",_xlpm.lo&"–"&_xlpm.hi),_xlfn.TEXTJOIN(" + ",TRUE,_xlfn.SORTBY(_xlpm.t,_xlpm.ln,1)))} -> 4 + 4 + 3 + 3 | E17: {=_xlfn.LET(_xlpm.gs,_xlfn.SEQUENCE(B17),_xlpm.ln,_xlfn.MAXIFS('بيانات الفرق'!$BQ$3:$BQ$28,'بيانات الفرق'!$BO$3:$BO$28,"المجموعة "&_xlpm.gs),_xlpm.mn,_xlfn.MINIFS('بيانات الفرق'!$BP$3:$BP$28,'بيانات الفرق'!$BO$3:$BO$28,"المجموعة "&_xlpm.gs),_xlpm.mx,_xlfn.MAXIFS('بيانات الفرق'!$BP$3:$BP$28,'بيانات الفرق'!$BO$3:$BO$28,"المجموعة "&_xlpm.gs),_xlpm.t,IF(_xlpm.mn=_xlpm.mx,_xlpm.mn&"",_xlpm.mn&"–"&_xlpm.mx),_xlfn.TEXTJOIN(" + ",TRUE,_xlfn.SORTBY(_xlpm.t,_xlpm.ln,1)))} -> 20 + 20 + 18 + 18 | F17: =IF(COUNTIF('26 فريقًا'!$D$4:$D$600,"نهائي")=0,"—",IF(COUNTIF('26 فريقًا'!$D$4:$D$600,"ربع نهائي")>0,"ربع نهائي ثم نصف نهائي ثم نهائي",IF(COUNTIF('26 فريقًا'!$D$4:$D$600,"نصف نهائي")>0,"نصف نهائي ثم نهائي","نهائي مباشر"))) -> نصف نهائي ثم نهائي | G17: =_xlfn.MAXIFS('26 فريقًا'!$A$4:$A$600,'26 فريقًا'!$D$4:$D$600,"المجموعة*") -> 21 | H17: =MAX('26 فريقًا'!$A$4:$A$600)-G17 -> 5 | I17: =MAX('26 فريقًا'!$A$4:$A$600) -> 26 | J17: =MOD(HOUR(المدخلات!$B$5)-1,12)+1&":"&TEXT(MINUTE(المدخلات!$B$5),"00")&IF(HOUR(المدخلات!$B$5)<12," ص"," م") -> 4:00 م | K17: {=MOD(HOUR(المدخلات!$B$5+((SUMPRODUCT(--(COUNTIF('26 فريقًا'!$B$4:$B$600,المدخلات!$F$4:$F$6)>0))-1)*المدخلات!$B$8+المدخلات!$B$6)/1440)-1,12)+1&":"&TEXT(MINUTE(المدخلات!$B$5+((SUMPRODUCT(--(COUNTIF('26 فريقًا'!$B$4:$B$600,المدخلات!$F$4:$F$6)>0))-1)*المدخلات!$B$8+المدخلات!$B$6)/1440),"00")&IF(HOUR(المدخلات!$B$5+((SUMPRODUCT(--(COUNTIF('26 فريقًا'!$B$4:$B$600,المدخلات!$F$4:$F$6)>0))-1)*المدخلات!$B$8+المدخلات!$B$6)/1440)<12," ص"," م")} -> 8:50 م | L17: =MAX('26 فريقًا'!$C$4:$C$600) -> 4 | M17: =IF(MIN('بيانات الفرق'!$BP$3:$BP$28)>=المدخلات!$B$10,"✔ "&MIN('بيانات الفرق'!$BP$3:$BP$28),"⚠ "&MIN('بيانات الفرق'!$BP$3:$BP$28)) -> ✔ 18 | N17: =IF(I17<=المدخلات!$B$11,"✔ "&I17,"⚠ تجاوز "&(I17-المدخلات!$B$11)&" يوم") -> ⚠ تجاوز 4 يوم | O17: =COUNT('26 فريقًا'!$A$4:$A$600) -> 275
A18: 28 | B18: {=ROUND(SUMPRODUCT(1/COUNTIF('بيانات الفرق'!$BT$3:$BT$30,'بيانات الفرق'!$BT$3:$BT$30)),0)} -> 4 | C18: {=_xlfn.TEXTJOIN(" + ",TRUE,_xlfn._xlws.SORT(COUNTIF('بيانات الفرق'!$BT$3:$BT$30,"المجموعة "&_xlfn.SEQUENCE(B18))))} -> 7 + 7 + 7 + 7 | D18: {=_xlfn.LET(_xlpm.gs,_xlfn.SEQUENCE(B18),_xlpm.ln,_xlfn.MAXIFS('بيانات الفرق'!$BV$3:$BV$30,'بيانات الفرق'!$BT$3:$BT$30,"المجموعة "&_xlpm.gs),_xlpm.mn,_xlfn.MINIFS('بيانات الفرق'!$BU$3:$BU$30,'بيانات الفرق'!$BT$3:$BT$30,"المجموعة "&_xlpm.gs),_xlpm.mx,_xlfn.MAXIFS('بيانات الفرق'!$BU$3:$BU$30,'بيانات الفرق'!$BT$3:$BT$30,"المجموعة "&_xlpm.gs),_xlpm.lo,FLOOR(_xlpm.mn/_xlpm.ln,1),_xlpm.hi,CEILING(_xlpm.mx/_xlpm.ln,1),_xlpm.t,IF(_xlpm.lo=_xlpm.hi,_xlpm.lo&"",_xlpm.lo&"–"&_xlpm.hi),_xlfn.TEXTJOIN(" + ",TRUE,_xlfn.SORTBY(_xlpm.t,_xlpm.ln,1)))} -> 3 + 3 + 3 + 3 | E18: {=_xlfn.LET(_xlpm.gs,_xlfn.SEQUENCE(B18),_xlpm.ln,_xlfn.MAXIFS('بيانات الفرق'!$BV$3:$BV$30,'بيانات الفرق'!$BT$3:$BT$30,"المجموعة "&_xlpm.gs),_xlpm.mn,_xlfn.MINIFS('بيانات الفرق'!$BU$3:$BU$30,'بيانات الفرق'!$BT$3:$BT$30,"المجموعة "&_xlpm.gs),_xlpm.mx,_xlfn.MAXIFS('بيانات الفرق'!$BU$3:$BU$30,'بيانات الفرق'!$BT$3:$BT$30,"المجموعة "&_xlpm.gs),_xlpm.t,IF(_xlpm.mn=_xlpm.mx,_xlpm.mn&"",_xlpm.mn&"–"&_xlpm.mx),_xlfn.TEXTJOIN(" + ",TRUE,_xlfn.SORTBY(_xlpm.t,_xlpm.ln,1)))} -> 18 + 18 + 18 + 18 | F18: =IF(COUNTIF('28 فريقًا'!$D$4:$D$600,"نهائي")=0,"—",IF(COUNTIF('28 فريقًا'!$D$4:$D$600,"ربع نهائي")>0,"ربع نهائي ثم نصف نهائي ثم نهائي",IF(COUNTIF('28 فريقًا'!$D$4:$D$600,"نصف نهائي")>0,"نصف نهائي ثم نهائي","نهائي مباشر"))) -> نصف نهائي ثم نهائي | G18: =_xlfn.MAXIFS('28 فريقًا'!$A$4:$A$600,'28 فريقًا'!$D$4:$D$600,"المجموعة*") -> 21 | H18: =MAX('28 فريقًا'!$A$4:$A$600)-G18 -> 7 | I18: =MAX('28 فريقًا'!$A$4:$A$600) -> 28 | J18: =MOD(HOUR(المدخلات!$B$5)-1,12)+1&":"&TEXT(MINUTE(المدخلات!$B$5),"00")&IF(HOUR(المدخلات!$B$5)<12," ص"," م") -> 4:00 م | K18: {=MOD(HOUR(المدخلات!$B$5+((SUMPRODUCT(--(COUNTIF('28 فريقًا'!$B$4:$B$600,المدخلات!$F$4:$F$6)>0))-1)*المدخلات!$B$8+المدخلات!$B$6)/1440)-1,12)+1&":"&TEXT(MINUTE(المدخلات!$B$5+((SUMPRODUCT(--(COUNTIF('28 فريقًا'!$B$4:$B$600,المدخلات!$F$4:$F$6)>0))-1)*المدخلات!$B$8+المدخلات!$B$6)/1440),"00")&IF(HOUR(المدخلات!$B$5+((SUMPRODUCT(--(COUNTIF('28 فريقًا'!$B$4:$B$600,المدخلات!$F$4:$F$6)>0))-1)*المدخلات!$B$8+المدخلات!$B$6)/1440)<12," ص"," م")} -> 8:50 م | L18: =MAX('28 فريقًا'!$C$4:$C$600) -> 4 | M18: =IF(MIN('بيانات الفرق'!$BU$3:$BU$30)>=المدخلات!$B$10,"✔ "&MIN('بيانات الفرق'!$BU$3:$BU$30),"⚠ "&MIN('بيانات الفرق'!$BU$3:$BU$30)) -> ✔ 18 | N18: =IF(I18<=المدخلات!$B$11,"✔ "&I18,"⚠ تجاوز "&(I18-المدخلات!$B$11)&" يوم") -> ⚠ تجاوز 6 يوم | O18: =COUNT('28 فريقًا'!$A$4:$A$600) -> 283
A19: 38 | B19: {=ROUND(SUMPRODUCT(1/COUNTIF('بيانات الفرق'!$BY$3:$BY$40,'بيانات الفرق'!$BY$3:$BY$40)),0)} -> 2 | C19: {=_xlfn.TEXTJOIN(" + ",TRUE,_xlfn._xlws.SORT(COUNTIF('بيانات الفرق'!$BY$3:$BY$40,"المجموعة "&_xlfn.SEQUENCE(B19))))} -> 19 + 19 | D19: {=_xlfn.LET(_xlpm.gs,_xlfn.SEQUENCE(B19),_xlpm.ln,_xlfn.MAXIFS('بيانات الفرق'!$CA$3:$CA$40,'بيانات الفرق'!$BY$3:$BY$40,"المجموعة "&_xlpm.gs),_xlpm.mn,_xlfn.MINIFS('بيانات الفرق'!$BZ$3:$BZ$40,'بيانات الفرق'!$BY$3:$BY$40,"المجموعة "&_xlpm.gs),_xlpm.mx,_xlfn.MAXIFS('بيانات الفرق'!$BZ$3:$BZ$40,'بيانات الفرق'!$BY$3:$BY$40,"المجموعة "&_xlpm.gs),_xlpm.lo,FLOOR(_xlpm.mn/_xlpm.ln,1),_xlpm.hi,CEILING(_xlpm.mx/_xlpm.ln,1),_xlpm.t,IF(_xlpm.lo=_xlpm.hi,_xlpm.lo&"",_xlpm.lo&"–"&_xlpm.hi),_xlfn.TEXTJOIN(" + ",TRUE,_xlfn.SORTBY(_xlpm.t,_xlpm.ln,1)))} -> 1 + 1 | E19: {=_xlfn.LET(_xlpm.gs,_xlfn.SEQUENCE(B19),_xlpm.ln,_xlfn.MAXIFS('بيانات الفرق'!$CA$3:$CA$40,'بيانات الفرق'!$BY$3:$BY$40,"المجموعة "&_xlpm.gs),_xlpm.mn,_xlfn.MINIFS('بيانات الفرق'!$BZ$3:$BZ$40,'بيانات الفرق'!$BY$3:$BY$40,"المجموعة "&_xlpm.gs),_xlpm.mx,_xlfn.MAXIFS('بيانات الفرق'!$BZ$3:$BZ$40,'بيانات الفرق'!$BY$3:$BY$40,"المجموعة "&_xlpm.gs),_xlpm.t,IF(_xlpm.mn=_xlpm.mx,_xlpm.mn&"",_xlpm.mn&"–"&_xlpm.mx),_xlfn.TEXTJOIN(" + ",TRUE,_xlfn.SORTBY(_xlpm.t,_xlpm.ln,1)))} -> 18 + 18 | F19: =IF(COUNTIF('38 فريقًا'!$D$4:$D$600,"نهائي")=0,"—",IF(COUNTIF('38 فريقًا'!$D$4:$D$600,"ربع نهائي")>0,"ربع نهائي ثم نصف نهائي ثم نهائي",IF(COUNTIF('38 فريقًا'!$D$4:$D$600,"نصف نهائي")>0,"نصف نهائي ثم نهائي","نهائي مباشر"))) -> نهائي مباشر | G19: =_xlfn.MAXIFS('38 فريقًا'!$A$4:$A$600,'38 فريقًا'!$D$4:$D$600,"المجموعة*") -> 19 | H19: =MAX('38 فريقًا'!$A$4:$A$600)-G19 -> 19 | I19: =MAX('38 فريقًا'!$A$4:$A$600) -> 38 | J19: =MOD(HOUR(المدخلات!$B$5)-1,12)+1&":"&TEXT(MINUTE(المدخلات!$B$5),"00")&IF(HOUR(المدخلات!$B$5)<12," ص"," م") -> 4:00 م | K19: {=MOD(HOUR(المدخلات!$B$5+((SUMPRODUCT(--(COUNTIF('38 فريقًا'!$B$4:$B$600,المدخلات!$F$4:$F$6)>0))-1)*المدخلات!$B$8+المدخلات!$B$6)/1440)-1,12)+1&":"&TEXT(MINUTE(المدخلات!$B$5+((SUMPRODUCT(--(COUNTIF('38 فريقًا'!$B$4:$B$600,المدخلات!$F$4:$F$6)>0))-1)*المدخلات!$B$8+المدخلات!$B$6)/1440),"00")&IF(HOUR(المدخلات!$B$5+((SUMPRODUCT(--(COUNTIF('38 فريقًا'!$B$4:$B$600,المدخلات!$F$4:$F$6)>0))-1)*المدخلات!$B$8+المدخلات!$B$6)/1440)<12," ص"," م")} -> 8:50 م | L19: =MAX('38 فريقًا'!$C$4:$C$600) -> 6 | M19: =IF(MIN('بيانات الفرق'!$BZ$3:$BZ$40)>=المدخلات!$B$10,"✔ "&MIN('بيانات الفرق'!$BZ$3:$BZ$40),"⚠ "&MIN('بيانات الفرق'!$BZ$3:$BZ$40)) -> ✔ 18 | N19: =IF(I19<=المدخلات!$B$11,"✔ "&I19,"⚠ تجاوز "&(I19-المدخلات!$B$11)&" يوم") -> ⚠ تجاوز 16 يوم | O19: =COUNT('38 فريقًا'!$A$4:$A$600) -> 381
A20: 39 | B20: {=ROUND(SUMPRODUCT(1/COUNTIF('بيانات الفرق'!$CD$3:$CD$41,'بيانات الفرق'!$CD$3:$CD$41)),0)} -> 2 | C20: {=_xlfn.TEXTJOIN(" + ",TRUE,_xlfn._xlws.SORT(COUNTIF('بيانات الفرق'!$CD$3:$CD$41,"المجموعة "&_xlfn.SEQUENCE(B20))))} -> 19 + 20 | D20: {=_xlfn.LET(_xlpm.gs,_xlfn.SEQUENCE(B20),_xlpm.ln,_xlfn.MAXIFS('بيانات الفرق'!$CF$3:$CF$41,'بيانات الفرق'!$CD$3:$CD$41,"المجموعة "&_xlpm.gs),_xlpm.mn,_xlfn.MINIFS('بيانات الفرق'!$CE$3:$CE$41,'بيانات الفرق'!$CD$3:$CD$41,"المجموعة "&_xlpm.gs),_xlpm.mx,_xlfn.MAXIFS('بيانات الفرق'!$CE$3:$CE$41,'بيانات الفرق'!$CD$3:$CD$41,"المجموعة "&_xlpm.gs),_xlpm.lo,FLOOR(_xlpm.mn/_xlpm.ln,1),_xlpm.hi,CEILING(_xlpm.mx/_xlpm.ln,1),_xlpm.t,IF(_xlpm.lo=_xlpm.hi,_xlpm.lo&"",_xlpm.lo&"–"&_xlpm.hi),_xlfn.TEXTJOIN(" + ",TRUE,_xlfn.SORTBY(_xlpm.t,_xlpm.ln,1)))} -> 1 + 1 | E20: {=_xlfn.LET(_xlpm.gs,_xlfn.SEQUENCE(B20),_xlpm.ln,_xlfn.MAXIFS('بيانات الفرق'!$CF$3:$CF$41,'بيانات الفرق'!$CD$3:$CD$41,"المجموعة "&_xlpm.gs),_xlpm.mn,_xlfn.MINIFS('بيانات الفرق'!$CE$3:$CE$41,'بيانات الفرق'!$CD$3:$CD$41,"المجموعة "&_xlpm.gs),_xlpm.mx,_xlfn.MAXIFS('بيانات الفرق'!$CE$3:$CE$41,'بيانات الفرق'!$CD$3:$CD$41,"المجموعة "&_xlpm.gs),_xlpm.t,IF(_xlpm.mn=_xlpm.mx,_xlpm.mn&"",_xlpm.mn&"–"&_xlpm.mx),_xlfn.TEXTJOIN(" + ",TRUE,_xlfn.SORTBY(_xlpm.t,_xlpm.ln,1)))} -> 18 + 19 | F20: =IF(COUNTIF('39 فريقًا'!$D$4:$D$600,"نهائي")=0,"—",IF(COUNTIF('39 فريقًا'!$D$4:$D$600,"ربع نهائي")>0,"ربع نهائي ثم نصف نهائي ثم نهائي",IF(COUNTIF('39 فريقًا'!$D$4:$D$600,"نصف نهائي")>0,"نصف نهائي ثم نهائي","نهائي مباشر"))) -> نهائي مباشر | G20: =_xlfn.MAXIFS('39 فريقًا'!$A$4:$A$600,'39 فريقًا'!$D$4:$D$600,"المجموعة*") -> 19 | H20: =MAX('39 فريقًا'!$A$4:$A$600)-G20 -> 20 | I20: =MAX('39 فريقًا'!$A$4:$A$600) -> 39 | J20: =MOD(HOUR(المدخلات!$B$5)-1,12)+1&":"&TEXT(MINUTE(المدخلات!$B$5),"00")&IF(HOUR(المدخلات!$B$5)<12," ص"," م") -> 4:00 م | K20: {=MOD(HOUR(المدخلات!$B$5+((SUMPRODUCT(--(COUNTIF('39 فريقًا'!$B$4:$B$600,المدخلات!$F$4:$F$6)>0))-1)*المدخلات!$B$8+المدخلات!$B$6)/1440)-1,12)+1&":"&TEXT(MINUTE(المدخلات!$B$5+((SUMPRODUCT(--(COUNTIF('39 فريقًا'!$B$4:$B$600,المدخلات!$F$4:$F$6)>0))-1)*المدخلات!$B$8+المدخلات!$B$6)/1440),"00")&IF(HOUR(المدخلات!$B$5+((SUMPRODUCT(--(COUNTIF('39 فريقًا'!$B$4:$B$600,المدخلات!$F$4:$F$6)>0))-1)*المدخلات!$B$8+المدخلات!$B$6)/1440)<12," ص"," م")} -> 8:50 م | L20: =MAX('39 فريقًا'!$C$4:$C$600) -> 7 | M20: =IF(MIN('بيانات الفرق'!$CE$3:$CE$41)>=المدخلات!$B$10,"✔ "&MIN('بيانات الفرق'!$CE$3:$CE$41),"⚠ "&MIN('بيانات الفرق'!$CE$3:$CE$41)) -> ✔ 18 | N20: =IF(I20<=المدخلات!$B$11,"✔ "&I20,"⚠ تجاوز "&(I20-المدخلات!$B$11)&" يوم") -> ⚠ تجاوز 17 يوم | O20: =COUNT('39 فريقًا'!$A$4:$A$600) -> 401
A22: إجمالي عدد المباريات (جميع المجموعات) | B22: {=SUMPRODUCT(COUNTIF(المدخلات!$L$4:$L$33,$A$4:$A$20),$O$4:$O$20)} -> 4231

Sheet 5 فرق
A1: بطولة 5 فرق – تحت 14
A3: اليوم | B3: الوقت | C3: الملعب | D3: المباراة
A4: 1 | B4: =المدخلات!$F$4 -> 4:00–5:30 م | C4: 1 | D4: 5 ضد 2
A5: 1 | B5: =المدخلات!$F$5 -> 5:40–7:10 م | C5: 1 | D5: 3 ضد 4
A6: 2 | B6: =المدخلات!$F$4 -> 4:00–5:30 م | C6: 1 | D6: 3 ضد 2
A7: 2 | B7: =المدخلات!$F$6 -> 7:20–8:50 م | C7: 1 | D7: 5 ضد 1
A8: 3 | B8: =المدخلات!$F$4 -> 4:00–5:30 م | C8: 1 | D8: 1 ضد 4
A9: 3 | B9: =المدخلات!$F$5 -> 5:40–7:10 م | C9: 1 | D9: 3 ضد 5
A10: 4 | B10: =المدخلات!$F$5 -> 5:40–7:10 م | C10: 1 | D10: 4 ضد 2
A11: 4 | B11: =المدخلات!$F$6 -> 7:20–8:50 م | C11: 1 | D11: 3 ضد 1
A12: 5 | B12: =المدخلات!$F$5 -> 5:40–7:10 م | C12: 1 | D12: 1 ضد 2
A13: 5 | B13: =المدخلات!$F$6 -> 7:20–8:50 م | C13: 1 | D13: 4 ضد 5
A14: 6 | B14: =المدخلات!$F$4 -> 4:00–5:30 م | C14: 1 | D14: 3 ضد 1
A15: 6 | B15: =المدخلات!$F$6 -> 7:20–8:50 م | C15: 1 | D15: 4 ضد 2
A16: 7 | B16: =المدخلات!$F$4 -> 4:00–5:30 م | C16: 1 | D16: 4 ضد 5
A17: 7 | B17: =المدخلات!$F$5 -> 5:40–7:10 م | C17: 1 | D17: 1 ضد 2
A18: 8 | B18: =المدخلات!$F$5 -> 5:40–7:10 م | C18: 1 | D18: 3 ضد 4
A19: 8 | B19: =المدخلات!$F$6 -> 7:20–8:50 م | C19: 1 | D19: 5 ضد 2
A20: 9 | B20: =المدخلات!$F$5 -> 5:40–7:10 م | C20: 1 | D20: 5 ضد 1
A21: 9 | B21: =المدخلات!$F$6 -> 7:20–8:50 م | C21: 1 | D21: 3 ضد 2
A22: 10 | B22: =المدخلات!$F$4 -> 4:00–5:30 م | C22: 1 | D22: 1 ضد 4
A23: 10 | B23: =المدخلات!$F$5 -> 5:40–7:10 م | C23: 1 | D23: 3 ضد 5
A24: 11 | B24: =المدخلات!$F$4 -> 4:00–5:30 م | C24: 1 | D24: 3 ضد 2
A25: 11 | B25: =المدخلات!$F$6 -> 7:20–8:50 م | C25: 1 | D25: 5 ضد 1
A26: 12 | B26: =المدخلات!$F$4 -> 4:00–5:30 م | C26: 1 | D26: 3 ضد 5
A27: 12 | B27: =المدخلات!$F$6 -> 7:20–8:50 م | C27: 1 | D27: 1 ضد 4
A28: 13 | B28: =المدخلات!$F$4 -> 4:00–5:30 م | C28: 1 | D28: 4 ضد 2
A29: 13 | B29: =المدخلات!$F$6 -> 7:20–8:50 م | C29: 1 | D29: 3 ضد 1
A30: 14 | B30: =المدخلات!$F$4 -> 4:00–5:30 م | C30: 1 | D30: 1 ضد 2
A31: 14 | B31: =المدخلات!$F$5 -> 5:40–7:10 م | C31: 1 | D31: 4 ضد 5
A32: 15 | B32: =المدخلات!$F$5 -> 5:40–7:10 م | C32: 1 | D32: 3 ضد 4
A33: 15 | B33: =المدخلات!$F$6 -> 7:20–8:50 م | C33: 1 | D33: 5 ضد 2
A34: 16 | B34: =المدخلات!$F$4 -> 4:00–5:30 م | C34: 1 | D34: 4 ضد 5
A35: 16 | B35: =المدخلات!$F$5 -> 5:40–7:10 م | C35: 1 | D35: 1 ضد 2
A36: 17 | B36: =المدخلات!$F$5 -> 5:40–7:10 م | C36: 1 | D36: 5 ضد 2
A37: 17 | B37: =المدخلات!$F$6 -> 7:20–8:50 م | C37: 1 | D37: 3 ضد 4
A38: 18 | B38: =المدخلات!$F$4 -> 4:00–5:30 م | C38: 1 | D38: 5 ضد 1
A39: 18 | B39: =المدخلات!$F$6 -> 7:20–8:50 م | C39: 1 | D39: 3 ضد 2
A40: 19 | B40: =المدخلات!$F$4 -> 4:00–5:30 م | C40: 1 | D40: 3 ضد 5
A41: 19 | B41: =المدخلات!$F$6 -> 7:20–8:50 م | C41: 1 | D41: 1 ضد 4
A42: 20 | B42: =المدخلات!$F$4 -> 4:00–5:30 م | C42: 1 | D42: 4 ضد 2
A43: 20 | B43: =المدخلات!$F$5 -> 5:40–7:10 م | C43: 1 | D43: 3 ضد 1
A46: توزيع الفرق على مجموعة نجران — تحت 14 — يُعبّأ بأسماء الفرق
A47: # | B47: الاسم | E47: التصنيف
A48: 1 | B48: إيزوف | E48: أكاديمية
A49: 2 | B49: اكاديمية سهيل | E49: أكاديمية
A50: 3 | B50: الملعب الذهبي | E50: أكاديمية
A51: 4 | B51: الوداد الشرقي | E51: أكاديمية
A52: 5 | B52: نجوم لوسيل | E52: أكاديمية
A55: توزيع الفرق على مجموعة طبرجل — تحت 14 — يُعبّأ بأسماء الفرق
A56: # | B56: الاسم | E56: التصنيف
A57: 1 | B57: طبرجل | E57: نادي
A58: 2 | B58: R20 | E58: أكاديمية
A59: 3 | B59: اكاديمية البندر | E59: أكاديمية
A60: 4 | B60: شمال الوادي | E60: أكاديمية
A61: 5 | B61: نخبة طبرجل | E61: أكاديمية
A64: توزيع الفرق على مجموعة القريات — تحت 14 — يُعبّأ بأسماء الفرق
A65: # | B65: الاسم | E65: التصنيف
A66: 1 | B66: القريات | E66: نادي
A67: 2 | B67: اشبيلية بارك الرياضية | E67: أكاديمية
A68: 3 | B68: مجد العلوم | E68: أكاديمية
A69: 4 | B69: باريس الجوف | E69: هواة
A70: 5 | B70: وولف | E70: هواة

Sheet 6 فرق
A1: بطولة 6 فرق – تحت 14
A3: اليوم | B3: الوقت | C3: الملعب | D3: المباراة
A4: 1 | B4: =المدخلات!$F$4 -> 4:00–5:30 م | C4: 1 | D4: 1 ضد 6
A5: 1 | B5: =المدخلات!$F$5 -> 5:40–7:10 م | C5: 1 | D5: 2 ضد 5
A6: 1 | B6: =المدخلات!$F$6 -> 7:20–8:50 م | C6: 1 | D6: 3 ضد 4
A7: 2 | B7: =المدخلات!$F$4 -> 4:00–5:30 م | C7: 1 | D7: 2 ضد 3
A8: 2 | B8: =المدخلات!$F$5 -> 5:40–7:10 م | C8: 1 | D8: 6 ضد 4
A9: 2 | B9: =المدخلات!$F$6 -> 7:20–8:50 م | C9: 1 | D9: 1 ضد 5
A10: 3 | B10: =المدخلات!$F$4 -> 4:00–5:30 م | C10: 1 | D10: 1 ضد 4
A11: 3 | B11: =المدخلات!$F$5 -> 5:40–7:10 م | C11: 1 | D11: 5 ضد 3
A12: 3 | B12: =المدخلات!$F$6 -> 7:20–8:50 م | C12: 1 | D12: 6 ضد 2
A13: 4 | B13: =المدخلات!$F$4 -> 4:00–5:30 م | C13: 1 | D13: 5 ضد 6
A14: 4 | B14: =المدخلات!$F$5 -> 5:40–7:10 م | C14: 1 | D14: 1 ضد 3
A15: 4 | B15: =المدخلات!$F$6 -> 7:20–8:50 م | C15: 1 | D15: 4 ضد 2
A16: 5 | B16: =المدخلات!$F$4 -> 4:00–5:30 م | C16: 1 | D16: 4 ضد 5
A17: 5 | B17: =المدخلات!$F$5 -> 5:40–7:10 م | C17: 1 | D17: 1 ضد 2
A18: 5 | B18: =المدخلات!$F$6 -> 7:20–8:50 م | C18: 1 | D18: 3 ضد 6
A19: 6 | B19: =المدخلات!$F$4 -> 4:00–5:30 م | C19: 1 | D19: 5 ضد 2
A20: 6 | B20: =المدخلات!$F$5 -> 5:40–7:10 م | C20: 1 | D20: 4 ضد 3
A21: 6 | B21: =المدخلات!$F$6 -> 7:20–8:50 م | C21: 1 | D21: 6 ضد 1
A22: 7 | B22: =المدخلات!$F$4 -> 4:00–5:30 م | C22: 1 | D22: 3 ضد 2
A23: 7 | B23: =المدخلات!$F$5 -> 5:40–7:10 م | C23: 1 | D23: 4 ضد 6
A24: 7 | B24: =المدخلات!$F$6 -> 7:20–8:50 م | C24: 1 | D24: 5 ضد 1
A25: 8 | B25: =المدخلات!$F$4 -> 4:00–5:30 م | C25: 1 | D25: 4 ضد 1
A26: 8 | B26: =المدخلات!$F$5 -> 5:40–7:10 م | C26: 1 | D26: 2 ضد 6
A27: 8 | B27: =المدخلات!$F$6 -> 7:20–8:50 م | C27: 1 | D27: 3 ضد 5
A28: 9 | B28: =المدخلات!$F$4 -> 4:00–5:30 م | C28: 1 | D28: 3 ضد 1
A29: 9 | B29: =المدخلات!$F$5 -> 5:40–7:10 م | C29: 1 | D29: 6 ضد 5
A30: 9 | B30: =المدخلات!$F$6 -> 7:20–8:50 م | C30: 1 | D30: 2 ضد 4
A31: 10 | B31: =المدخلات!$F$4 -> 4:00–5:30 م | C31: 1 | D31: 6 ضد 3
A32: 10 | B32: =المدخلات!$F$5 -> 5:40–7:10 م | C32: 1 | D32: 2 ضد 1
A33: 10 | B33: =المدخلات!$F$6 -> 7:20–8:50 م | C33: 1 | D33: 5 ضد 4
A34: 11 | B34: =المدخلات!$F$4 -> 4:00–5:30 م | C34: 1 | D34: 2 ضد 5
A35: 11 | B35: =المدخلات!$F$5 -> 5:40–7:10 م | C35: 1 | D35: 3 ضد 4
A36: 11 | B36: =المدخلات!$F$6 -> 7:20–8:50 م | C36: 1 | D36: 1 ضد 6
A37: 12 | B37: =المدخلات!$F$4 -> 4:00–5:30 م | C37: 1 | D37: 6 ضد 4
A38: 12 | B38: =المدخلات!$F$5 -> 5:40–7:10 م | C38: 1 | D38: 1 ضد 5
A39: 12 | B39: =المدخلات!$F$6 -> 7:20–8:50 م | C39: 1 | D39: 2 ضد 3
A40: 13 | B40: =المدخلات!$F$4 -> 4:00–5:30 م | C40: 1 | D40: 1 ضد 4
A41: 13 | B41: =المدخلات!$F$5 -> 5:40–7:10 م | C41: 1 | D41: 5 ضد 3
A42: 13 | B42: =المدخلات!$F$6 -> 7:20–8:50 م | C42: 1 | D42: 6 ضد 2
A43: 14 | B43: =المدخلات!$F$4 -> 4:00–5:30 م | C43: 1 | D43: 5 ضد 6
A44: 14 | B44: =المدخلات!$F$5 -> 5:40–7:10 م | C44: 1 | D44: 4 ضد 2
A45: 14 | B45: =المدخلات!$F$6 -> 7:20–8:50 م | C45: 1 | D45: 1 ضد 3
A46: 15 | B46: =المدخلات!$F$4 -> 4:00–5:30 م | C46: 1 | D46: 1 ضد 2
A47: 15 | B47: =المدخلات!$F$5 -> 5:40–7:10 م | C47: 1 | D47: 3 ضد 6
A48: 15 | B48: =المدخلات!$F$6 -> 7:20–8:50 م | C48: 1 | D48: 4 ضد 5
A49: 16 | B49: =المدخلات!$F$4 -> 4:00–5:30 م | C49: 1 | D49: 4 ضد 3
A50: 16 | B50: =المدخلات!$F$5 -> 5:40–7:10 م | C50: 1 | D50: 6 ضد 1
A51: 16 | B51: =المدخلات!$F$6 -> 7:20–8:50 م | C51: 1 | D51: 5 ضد 2
A52: 17 | B52: =المدخلات!$F$4 -> 4:00–5:30 م | C52: 1 | D52: 3 ضد 2
A53: 17 | B53: =المدخلات!$F$5 -> 5:40–7:10 م | C53: 1 | D53: 5 ضد 1
A54: 17 | B54: =المدخلات!$F$6 -> 7:20–8:50 م | C54: 1 | D54: 4 ضد 6
A55: 18 | B55: =المدخلات!$F$4 -> 4:00–5:30 م | C55: 1 | D55: 3 ضد 5
A56: 18 | B56: =المدخلات!$F$5 -> 5:40–7:10 م | C56: 1 | D56: 2 ضد 6
A57: 18 | B57: =المدخلات!$F$6 -> 7:20–8:50 م | C57: 1 | D57: 4 ضد 1
A58: 19 | B58: =المدخلات!$F$4 -> 4:00–5:30 م | C58: 1 | D58: 6 ضد 5
A59: 19 | B59: =المدخلات!$F$5 -> 5:40–7:10 م | C59: 1 | D59: 2 ضد 4
A60: 19 | B60: =المدخلات!$F$6 -> 7:20–8:50 م | C60: 1 | D60: 3 ضد 1
A61: 20 | B61: =المدخلات!$F$4 -> 4:00–5:30 م | C61: 1 | D61: 2 ضد 1
A62: 20 | B62: =المدخلات!$F$5 -> 5:40–7:10 م | C62: 1 | D62: 5 ضد 4
A63: 20 | B63: =المدخلات!$F$6 -> 7:20–8:50 م | C63: 1 | D63: 6 ضد 3
A66: توزيع الفرق على مجموعة الباحة — تحت 14 — يُعبّأ بأسماء الفرق
A67: # | B67: الاسم | E67: التصنيف
A68: 1 | B68: الحجاز | E68: نادي
A69: 2 | B69: اكاديمية مواهب الباحة | E69: أكاديمية
A70: 3 | B70: اكاديمية مواهب بيشة | E70: أكاديمية
A71: 4 | B71: اكاديمية نجوم الباحة | E71: أكاديمية
A72: 5 | B72: تيم قول | E72: أكاديمية
A73: 6 | B73: اكاديمية اس اف | E73: هواة

Sheet 7 فرق
A1: بطولة 7 فرق – تحت 14
A3: اليوم | B3: الوقت | C3: الملعب | D3: المباراة
A4: 1 | B4: =المدخلات!$F$4 -> 4:00–5:30 م | C4: 1 | D4: 2 ضد 7
A5: 1 | B5: =المدخلات!$F$5 -> 5:40–7:10 م | C5: 1 | D5: 3 ضد 6
A6: 1 | B6: =المدخلات!$F$6 -> 7:20–8:50 م | C6: 1 | D6: 4 ضد 5
A7: 2 | B7: =المدخلات!$F$4 -> 4:00–5:30 م | C7: 1 | D7: 3 ضد 4
A8: 2 | B8: =المدخلات!$F$5 -> 5:40–7:10 م | C8: 1 | D8: 1 ضد 7
A9: 2 | B9: =المدخلات!$F$6 -> 7:20–8:50 م | C9: 1 | D9: 2 ضد 5
A10: 3 | B10: =المدخلات!$F$4 -> 4:00–5:30 م | C10: 1 | D10: 7 ضد 5
A11: 3 | B11: =المدخلات!$F$5 -> 5:40–7:10 م | C11: 1 | D11: 2 ضد 3
A12: 3 | B12: =المدخلات!$F$6 -> 7:20–8:50 م | C12: 1 | D12: 1 ضد 6
A13: 4 | B13: =المدخلات!$F$4 -> 4:00–5:30 م | C13: 1 | D13: 1 ضد 5
A14: 4 | B14: =المدخلات!$F$5 -> 5:40–7:10 م | C14: 1 | D14: 6 ضد 4
A15: 4 | B15: =المدخلات!$F$6 -> 7:20–8:50 م | C15: 1 | D15: 7 ضد 3
A16: 5 | B16: =المدخلات!$F$4 -> 4:00–5:30 م | C16: 1 | D16: 5 ضد 3
A17: 5 | B17: =المدخلات!$F$5 -> 5:40–7:10 م | C17: 1 | D17: 1 ضد 4
A18: 5 | B18: =المدخلات!$F$6 -> 7:20–8:50 م | C18: 1 | D18: 6 ضد 2
A19: 6 | B19: =المدخلات!$F$4 -> 4:00–5:30 م | C19: 1 | D19: 4 ضد 2
A20: 6 | B20: =المدخلات!$F$5 -> 5:40–7:10 م | C20: 1 | D20: 6 ضد 7
A21: 6 | B21: =المدخلات!$F$6 -> 7:20–8:50 م | C21: 1 | D21: 1 ضد 3
A22: 7 | B22: =المدخلات!$F$4 -> 4:00–5:30 م | C22: 1 | D22: 1 ضد 2
A23: 7 | B23: =المدخلات!$F$5 -> 5:40–7:10 م | C23: 1 | D23: 5 ضد 6
A24: 7 | B24: =المدخلات!$F$6 -> 7:20–8:50 م | C24: 1 | D24: 4 ضد 7
A25: 8 | B25: =المدخلات!$F$4 -> 4:00–5:30 م | C25: 1 | D25: 5 ضد 4
A26: 8 | B26: =المدخلات!$F$5 -> 5:40–7:10 م | C26: 1 | D26: 7 ضد 2
A27: 8 | B27: =المدخلات!$F$6 -> 7:20–8:50 م | C27: 1 | D27: 6 ضد 3
A28: 9 | B28: =المدخلات!$F$4 -> 4:00–5:30 م | C28: 1 | D28: 4 ضد 3
A29: 9 | B29: =المدخلات!$F$5 -> 5:40–7:10 م | C29: 1 | D29: 5 ضد 2
A30: 9 | B30: =المدخلات!$F$6 -> 7:20–8:50 م | C30: 1 | D30: 7 ضد 1
A31: 10 | B31: =المدخلات!$F$4 -> 4:00–5:30 م | C31: 1 | D31: 6 ضد 1
A32: 10 | B32: =المدخلات!$F$5 -> 5:40–7:10 م | C32: 1 | D32: 5 ضد 7
A33: 10 | B33: =المدخلات!$F$6 -> 7:20–8:50 م | C33: 1 | D33: 3 ضد 2
A34: 11 | B34: =المدخلات!$F$4 -> 4:00–5:30 م | C34: 1 | D34: 3 ضد 7
A35: 11 | B35: =المدخلات!$F$5 -> 5:40–7:10 م | C35: 1 | D35: 5 ضد 1
A36: 11 | B36: =المدخلات!$F$6 -> 7:20–8:50 م | C36: 1 | D36: 4 ضد 6
A37: 12 | B37: =المدخلات!$F$4 -> 4:00–5:30 م | C37: 1 | D37: 2 ضد 6
A38: 12 | B38: =المدخلات!$F$5 -> 5:40–7:10 م | C38: 1 | D38: 3 ضد 5
A39: 12 | B39: =المدخلات!$F$6 -> 7:20–8:50 م | C39: 1 | D39: 4 ضد 1
A40: 13 | B40: =المدخلات!$F$4 -> 4:00–5:30 م | C40: 1 | D40: 7 ضد 6
A41: 13 | B41: =المدخلات!$F$5 -> 5:40–7:10 م | C41: 1 | D41: 2 ضد 4
A42: 13 | B42: =المدخلات!$F$6 -> 7:20–8:50 م | C42: 1 | D42: 3 ضد 1
A43: 14 | B43: =المدخلات!$F$4 -> 4:00–5:30 م | C43: 1 | D43: 7 ضد 4
A44: 14 | B44: =المدخلات!$F$5 -> 5:40–7:10 م | C44: 1 | D44: 2 ضد 1
A45: 14 | B45: =المدخلات!$F$6 -> 7:20–8:50 م | C45: 1 | D45: 6 ضد 5
A46: 15 | B46: =المدخلات!$F$4 -> 4:00–5:30 م | C46: 1 | D46: 3 ضد 6
A47: 15 | B47: =المدخلات!$F$5 -> 5:40–7:10 م | C47: 1 | D47: 4 ضد 5
A48: 15 | B48: =المدخلات!$F$6 -> 7:20–8:50 م | C48: 1 | D48: 2 ضد 7
A49: 16 | B49: =المدخلات!$F$4 -> 4:00–5:30 م | C49: 1 | D49: 1 ضد 7
A50: 16 | B50: =المدخلات!$F$5 -> 5:40–7:10 م | C50: 1 | D50: 3 ضد 4
A51: 16 | B51: =المدخلات!$F$6 -> 7:20–8:50 م | C51: 1 | D51: 2 ضد 5
A52: 17 | B52: =المدخلات!$F$4 -> 4:00–5:30 م | C52: 1 | D52: 2 ضد 3
A53: 17 | B53: =المدخلات!$F$5 -> 5:40–7:10 م | C53: 1 | D53: 1 ضد 6
A54: 17 | B54: =المدخلات!$F$6 -> 7:20–8:50 م | C54: 1 | D54: 7 ضد 5
A55: 18 | B55: =المدخلات!$F$4 -> 4:00–5:30 م | C55: 1 | D55: 1 ضد 5
A56: 18 | B56: =المدخلات!$F$5 -> 5:40–7:10 م | C56: 1 | D56: 7 ضد 3
A57: 18 | B57: =المدخلات!$F$6 -> 7:20–8:50 م | C57: 1 | D57: 6 ضد 4
A58: 19 | B58: =المدخلات!$F$4 -> 4:00–5:30 م | C58: 1 | D58: 6 ضد 2
A59: 19 | B59: =المدخلات!$F$5 -> 5:40–7:10 م | C59: 1 | D59: 1 ضد 4
A60: 19 | B60: =المدخلات!$F$6 -> 7:20–8:50 م | C60: 1 | D60: 5 ضد 3
A61: 20 | B61: =المدخلات!$F$4 -> 4:00–5:30 م | C61: 1 | D61: 1 ضد 3
A62: 20 | B62: =المدخلات!$F$5 -> 5:40–7:10 م | C62: 1 | D62: 6 ضد 7
A63: 20 | B63: =المدخلات!$F$6 -> 7:20–8:50 م | C63: 1 | D63: 4 ضد 2
A64: 21 | B64: =المدخلات!$F$4 -> 4:00–5:30 م | C64: 1 | D64: 5 ضد 6
A65: 21 | B65: =المدخلات!$F$5 -> 5:40–7:10 م | C65: 1 | D65: 4 ضد 7
A66: 21 | B66: =المدخلات!$F$6 -> 7:20–8:50 م | C66: 1 | D66: 1 ضد 2
A69: توزيع الفرق على مجموعة حائل — تحت 14 — يُعبّأ بأسماء الفرق
A70: # | B70: الاسم | E70: التصنيف
A71: 1 | B71: الجبلين | E71: نادي
A72: 2 | B72: الريان | E72: نادي
A73: 3 | B73: الطائي | E73: نادي
A74: 4 | B74: فيد | E74: نادي
A75: 5 | B75: نادي جبة | E75: نادي
A76: 6 | B76: تكتيك | E76: أكاديمية
A77: 7 | B77: مستقبل النخبة | E77: أكاديمية
A80: توزيع الفرق على مجموعة الخرج — تحت 14 — يُعبّأ بأسماء الفرق
A81: # | B81: الاسم | E81: التصنيف
A82: 1 | B82: الشعلة | E82: نادي
A83: 2 | B83: نادي الشرق | E83: نادي
A84: 3 | B84: اكاديمية ارتس فوتبول | E84: أكاديمية
A85: 4 | B85: اكاديمية الكأس الرياضية | E85: أكاديمية
A86: 5 | B86: سبورت اكس | E86: أكاديمية
A87: 6 | B87: نادي بدي هيلث الرياضي | E87: أكاديمية
A88: 7 | B88: مدارس الجامعة | E88: هواة

Sheet 8 فرق
A1: بطولة 8 فرق – تحت 14
A3: اليوم | B3: الوقت | C3: الملعب | D3: المباراة
A4: 1 | B4: =المدخلات!$F$4 -> 4:00–5:30 م | C4: 1 | D4: 1 ضد 8
A5: 1 | B5: =المدخلات!$F$4 -> 4:00–5:30 م | C5: 2 | D5: 2 ضد 7
A6: 1 | B6: =المدخلات!$F$5 -> 5:40–7:10 م | C6: 1 | D6: 3 ضد 6
A7: 1 | B7: =المدخلات!$F$6 -> 7:20–8:50 م | C7: 1 | D7: 4 ضد 5
A8: 2 | B8: =المدخلات!$F$4 -> 4:00–5:30 م | C8: 1 | D8: 3 ضد 4
A9: 2 | B9: =المدخلات!$F$5 -> 5:40–7:10 م | C9: 1 | D9: 1 ضد 7
A10: 2 | B10: =المدخلات!$F$5 -> 5:40–7:10 م | C10: 2 | D10: 2 ضد 5
A11: 2 | B11: =المدخلات!$F$6 -> 7:20–8:50 م | C11: 1 | D11: 8 ضد 6
A12: 3 | B12: =المدخلات!$F$4 -> 4:00–5:30 م | C12: 1 | D12: 7 ضد 5
A13: 3 | B13: =المدخلات!$F$5 -> 5:40–7:10 م | C13: 1 | D13: 8 ضد 4
A14: 3 | B14: =المدخلات!$F$6 -> 7:20–8:50 م | C14: 1 | D14: 2 ضد 3
A15: 3 | B15: =المدخلات!$F$6 -> 7:20–8:50 م | C15: 2 | D15: 1 ضد 6
A16: 4 | B16: =المدخلات!$F$4 -> 4:00–5:30 م | C16: 1 | D16: 6 ضد 4
A17: 4 | B17: =المدخلات!$F$4 -> 4:00–5:30 م | C17: 2 | D17: 1 ضد 5
A18: 4 | B18: =المدخلات!$F$5 -> 5:40–7:10 م | C18: 1 | D18: 7 ضد 3
A19: 4 | B19: =المدخلات!$F$6 -> 7:20–8:50 م | C19: 1 | D19: 8 ضد 2
A20: 5 | B20: =المدخلات!$F$4 -> 4:00–5:30 م | C20: 1 | D20: 7 ضد 8
A21: 5 | B21: =المدخلات!$F$5 -> 5:40–7:10 م | C21: 1 | D21: 1 ضد 4
A22: 5 | B22: =المدخلات!$F$5 -> 5:40–7:10 م | C22: 2 | D22: 6 ضد 2
A23: 5 | B23: =المدخلات!$F$6 -> 7:20–8:50 م | C23: 1 | D23: 5 ضد 3
A24: 6 | B24: =المدخلات!$F$4 -> 4:00–5:30 م | C24: 1 | D24: 4 ضد 2
A25: 6 | B25: =المدخلات!$F$5 -> 5:40–7:10 م | C25: 1 | D25: 5 ضد 8
A26: 6 | B26: =المدخلات!$F$6 -> 7:20–8:50 م | C26: 1 | D26: 6 ضد 7
A27: 6 | B27: =المدخلات!$F$6 -> 7:20–8:50 م | C27: 2 | D27: 1 ضد 3
A28: 7 | B28: =المدخلات!$F$4 -> 4:00–5:30 م | C28: 1 | D28: 3 ضد 8
A29: 7 | B29: =المدخلات!$F$4 -> 4:00–5:30 م | C29: 2 | D29: 5 ضد 6
A30: 7 | B30: =المدخلات!$F$5 -> 5:40–7:10 م | C30: 1 | D30: 1 ضد 2
A31: 7 | B31: =المدخلات!$F$6 -> 7:20–8:50 م | C31: 1 | D31: 4 ضد 7
A32: 8 | B32: =المدخلات!$F$4 -> 4:00–5:30 م | C32: 1 | D32: 7 ضد 2
A33: 8 | B33: =المدخلات!$F$5 -> 5:40–7:10 م | C33: 1 | D33: 6 ضد 3
A34: 8 | B34: =المدخلات!$F$5 -> 5:40–7:10 م | C34: 2 | D34: 5 ضد 4
A35: 8 | B35: =المدخلات!$F$6 -> 7:20–8:50 م | C35: 1 | D35: 8 ضد 1
A36: 9 | B36: =المدخلات!$F$4 -> 4:00–5:30 م | C36: 1 | D36: 6 ضد 8
A37: 9 | B37: =المدخلات!$F$5 -> 5:40–7:10 م | C37: 1 | D37: 4 ضد 3
A38: 9 | B38: =المدخلات!$F$6 -> 7:20–8:50 م | C38: 1 | D38: 5 ضد 2
A39: 9 | B39: =المدخلات!$F$6 -> 7:20–8:50 م | C39: 2 | D39: 7 ضد 1
A40: 10 | B40: =المدخلات!$F$4 -> 4:00–5:30 م | C40: 1 | D40: 6 ضد 1
A41: 10 | B41: =المدخلات!$F$4 -> 4:00–5:30 م | C41: 2 | D41: 3 ضد 2
A42: 10 | B42: =المدخلات!$F$5 -> 5:40–7:10 م | C42: 1 | D42: 5 ضد 7
A43: 10 | B43: =المدخلات!$F$6 -> 7:20–8:50 م | C43: 1 | D43: 4 ضد 8
A44: 11 | B44: =المدخلات!$F$4 -> 4:00–5:30 م | C44: 1 | D44: 3 ضد 7
A45: 11 | B45: =المدخلات!$F$5 -> 5:40–7:10 م | C45: 1 | D45: 2 ضد 8
A46: 11 | B46: =المدخلات!$F$5 -> 5:40–7:10 م | C46: 2 | D46: 5 ضد 1
A47: 11 | B47: =المدخلات!$F$6 -> 7:20–8:50 م | C47: 1 | D47: 4 ضد 6
A48: 12 | B48: =المدخلات!$F$4 -> 4:00–5:30 م | C48: 1 | D48: 4 ضد 1
A49: 12 | B49: =المدخلات!$F$5 -> 5:40–7:10 م | C49: 1 | D49: 8 ضد 7
A50: 12 | B50: =المدخلات!$F$6 -> 7:20–8:50 م | C50: 1 | D50: 3 ضد 5
A51: 12 | B51: =المدخلات!$F$6 -> 7:20–8:50 م | C51: 2 | D51: 2 ضد 6
A52: 13 | B52: =المدخلات!$F$4 -> 4:00–5:30 م | C52: 1 | D52: 8 ضد 5
A53: 13 | B53: =المدخلات!$F$4 -> 4:00–5:30 م | C53: 2 | D53: 3 ضد 1
A54: 13 | B54: =المدخلات!$F$5 -> 5:40–7:10 م | C54: 1 | D54: 7 ضد 6
A55: 13 | B55: =المدخلات!$F$6 -> 7:20–8:50 م | C55: 1 | D55: 2 ضد 4
A56: 14 | B56: =المدخلات!$F$4 -> 4:00–5:30 م | C56: 1 | D56: 6 ضد 5
A57: 14 | B57: =المدخلات!$F$5 -> 5:40–7:10 م | C57: 1 | D57: 2 ضد 1
A58: 14 | B58: =المدخلات!$F$5 -> 5:40–7:10 م | C58: 2 | D58: 8 ضد 3
A59: 14 | B59: =المدخلات!$F$6 -> 7:20–8:50 م | C59: 1 | D59: 7 ضد 4
A60: 15 | B60: =المدخلات!$F$4 -> 4:00–5:30 م | C60: 1 | D60: 4 ضد 5
A61: 15 | B61: =المدخلات!$F$5 -> 5:40–7:10 م | C61: 1 | D61: 3 ضد 6
A62: 15 | B62: =المدخلات!$F$6 -> 7:20–8:50 م | C62: 1 | D62: 1 ضد 8
A63: 15 | B63: =المدخلات!$F$6 -> 7:20–8:50 م | C63: 2 | D63: 2 ضد 7
A64: 16 | B64: =المدخلات!$F$4 -> 4:00–5:30 م | C64: 1 | D64: 1 ضد 7
A65: 16 | B65: =المدخلات!$F$4 -> 4:00–5:30 م | C65: 2 | D65: 8 ضد 6
A66: 16 | B66: =المدخلات!$F$5 -> 5:40–7:10 م | C66: 1 | D66: 2 ضد 5
A67: 16 | B67: =المدخلات!$F$6 -> 7:20–8:50 م | C67: 1 | D67: 3 ضد 4
A68: 17 | B68: =المدخلات!$F$4 -> 4:00–5:30 م | C68: 1 | D68: 2 ضد 3
A69: 17 | B69: =المدخلات!$F$5 -> 5:40–7:10 م | C69: 1 | D69: 8 ضد 4
A70: 17 | B70: =المدخلات!$F$5 -> 5:40–7:10 م | C70: 2 | D70: 1 ضد 6
A71: 17 | B71: =المدخلات!$F$6 -> 7:20–8:50 م | C71: 1 | D71: 7 ضد 5
A72: 18 | B72: =المدخلات!$F$4 -> 4:00–5:30 م | C72: 1 | D72: 6 ضد 4
A73: 18 | B73: =المدخلات!$F$5 -> 5:40–7:10 م | C73: 1 | D73: 8 ضد 2
A74: 18 | B74: =المدخلات!$F$6 -> 7:20–8:50 م | C74: 1 | D74: 1 ضد 5
A75: 18 | B75: =المدخلات!$F$6 -> 7:20–8:50 م | C75: 2 | D75: 7 ضد 3
A76: 19 | B76: =المدخلات!$F$4 -> 4:00–5:30 م | C76: 1 | D76: 1 ضد 4
A77: 19 | B77: =المدخلات!$F$4 -> 4:00–5:30 م | C77: 2 | D77: 5 ضد 3
A78: 19 | B78: =المدخلات!$F$5 -> 5:40–7:10 م | C78: 1 | D78: 7 ضد 8
A79: 19 | B79: =المدخلات!$F$6 -> 7:20–8:50 م | C79: 1 | D79: 6 ضد 2
A80: 20 | B80: =المدخلات!$F$4 -> 4:00–5:30 م | C80: 1 | D80: 6 ضد 7
A81: 20 | B81: =المدخلات!$F$5 -> 5:40–7:10 م | C81: 1 | D81: 1 ضد 3
A82: 20 | B82: =المدخلات!$F$5 -> 5:40–7:10 م | C82: 2 | D82: 4 ضد 2
A83: 20 | B83: =المدخلات!$F$6 -> 7:20–8:50 م | C83: 1 | D83: 5 ضد 8
A84: 21 | B84: =المدخلات!$F$4 -> 4:00–5:30 م | C84: 1 | D84: 4 ضد 7
A85: 21 | B85: =المدخلات!$F$5 -> 5:40–7:10 م | C85: 1 | D85: 5 ضد 6
A86: 21 | B86: =المدخلات!$F$6 -> 7:20–8:50 م | C86: 1 | D86: 3 ضد 8
A87: 21 | B87: =المدخلات!$F$6 -> 7:20–8:50 م | C87: 2 | D87: 1 ضد 2
A90: توزيع الفرق على مجموعة مركز الرفيعة — تحت 14 — يُعبّأ بأسماء الفرق
A91: # | B91: الاسم | E91: التصنيف
A92: 1 | B92: قرية العليا | E92: أكاديمية
A93: 2 | B93: اجيال اللهابه | E93: هواة
A94: 3 | B94: النخبوي | E94: هواة
A95: 4 | B95: شباب السعيره | E95: هواة
A96: 5 | B96: صقور الرفيعة | E96: هواة
A97: 6 | B97: مواهب الشيحية | E97: هواة
A98: 7 | B98: نجوم الرفاع | E98: هواة
A99: 8 | B99: نخبة الصمان | E99: هواة
A102: توزيع الفرق على مجموعة الرس — تحت 14 — يُعبّأ بأسماء الفرق
A103: # | B103: الاسم | E103: التصنيف
A104: 1 | B104: البكيرية | E104: نادي
A105: 2 | B105: الخلود | E105: نادي
...

Sheet 9 فرق
A1: بطولة 9 فرق – تحت 14
A3: اليوم | B3: الوقت | C3: الملعب | D3: المباراة
A4: 1 | B4: =المدخلات!$F$5 -> 5:40–7:10 م | C4: 1 | D4: 5 ضد 6
A5: 1 | B5: =المدخلات!$F$5 -> 5:40–7:10 م | C5: 2 | D5: 7 ضد 4
A6: 1 | B6: =المدخلات!$F$6 -> 7:20–8:50 م | C6: 1 | D6: 3 ضد 8
A7: 1 | B7: =المدخلات!$F$6 -> 7:20–8:50 م | C7: 2 | D7: 9 ضد 2
A8: 2 | B8: =المدخلات!$F$4 -> 4:00–5:30 م | C8: 1 | D8: 3 ضد 6
A9: 2 | B9: =المدخلات!$F$4 -> 4:00–5:30 م | C9: 2 | D9: 7 ضد 2
A10: 2 | B10: =المدخلات!$F$5 -> 5:40–7:10 م | C10: 1 | D10: 9 ضد 1
A11: 2 | B11: =المدخلات!$F$6 -> 7:20–8:50 م | C11: 1 | D11: 5 ضد 4
A12: 3 | B12: =المدخلات!$F$4 -> 4:00–5:30 م | C12: 1 | D12: 7 ضد 9
A13: 3 | B13: =المدخلات!$F$4 -> 4:00–5:30 م | C13: 2 | D13: 5 ضد 2
A14: 3 | B14: =المدخلات!$F$5 -> 5:40–7:10 م | C14: 1 | D14: 3 ضد 4
A15: 3 | B15: =المدخلات!$F$6 -> 7:20–8:50 م | C15: 1 | D15: 1 ضد 8
A16: 4 | B16: =المدخلات!$F$5 -> 5:40–7:10 م | C16: 1 | D16: 8 ضد 6
A17: 4 | B17: =المدخلات!$F$5 -> 5:40–7:10 م | C17: 2 | D17: 5 ضد 9
A18: 4 | B18: =المدخلات!$F$6 -> 7:20–8:50 م | C18: 1 | D18: 3 ضد 2
A19: 4 | B19: =المدخلات!$F$6 -> 7:20–8:50 م | C19: 2 | D19: 7 ضد 1
A20: 5 | B20: =المدخلات!$F$4 -> 4:00–5:30 م | C20: 1 | D20: 1 ضد 6
A21: 5 | B21: =المدخلات!$F$4 -> 4:00–5:30 م | C21: 2 | D21: 3 ضد 9
A22: 5 | B22: =المدخلات!$F$6 -> 7:20–8:50 م | C22: 1 | D22: 8 ضد 4
A23: 5 | B23: =المدخلات!$F$6 -> 7:20–8:50 م | C23: 2 | D23: 5 ضد 7
A24: 6 | B24: =المدخلات!$F$4 -> 4:00–5:30 م | C24: 1 | D24: 5 ضد 1
A25: 6 | B25: =المدخلات!$F$5 -> 5:40–7:10 م | C25: 1 | D25: 3 ضد 7
A26: 6 | B26: =المدخلات!$F$5 -> 5:40–7:10 م | C26: 2 | D26: 8 ضد 2
A27: 6 | B27: =المدخلات!$F$6 -> 7:20–8:50 م | C27: 1 | D27: 6 ضد 4
A28: 7 | B28: =المدخلات!$F$4 -> 4:00–5:30 م | C28: 1 | D28: 8 ضد 9
A29: 7 | B29: =المدخلات!$F$4 -> 4:00–5:30 م | C29: 2 | D29: 1 ضد 4
A30: 7 | B30: =المدخلات!$F$5 -> 5:40–7:10 م | C30: 1 | D30: 3 ضد 5
A31: 7 | B31: =المدخلات!$F$5 -> 5:40–7:10 م | C31: 2 | D31: 6 ضد 2
A32: 8 | B32: =المدخلات!$F$4 -> 4:00–5:30 م | C32: 1 | D32: 4 ضد 2
A33: 8 | B33: =المدخلات!$F$4 -> 4:00–5:30 م | C33: 2 | D33: 8 ضد 7
A34: 8 | B34: =المدخلات!$F$5 -> 5:40–7:10 م | C34: 1 | D34: 3 ضد 1
A35: 8 | B35: =المدخلات!$F$6 -> 7:20–8:50 م | C35: 1 | D35: 6 ضد 9
A36: 9 | B36: =المدخلات!$F$4 -> 4:00–5:30 م | C36: 1 | D36: 8 ضد 5
A37: 9 | B37: =المدخلات!$F$5 -> 5:40–7:10 م | C37: 1 | D37: 4 ضد 9
A38: 9 | B38: =المدخلات!$F$6 -> 7:20–8:50 م | C38: 1 | D38: 6 ضد 7
A39: 9 | B39: =المدخلات!$F$6 -> 7:20–8:50 م | C39: 2 | D39: 1 ضد 2
A40: 10 | B40: =المدخلات!$F$4 -> 4:00–5:30 م | C40: 1 | D40: 8 ضد 6
A41: 10 | B41: =المدخلات!$F$5 -> 5:40–7:10 م | C41: 1 | D41: 7 ضد 1
A42: 10 | B42: =المدخلات!$F$6 -> 7:20–8:50 م | C42: 1 | D42: 5 ضد 9
A43: 10 | B43: =المدخلات!$F$6 -> 7:20–8:50 م | C43: 2 | D43: 3 ضد 2
A44: 11 | B44: =المدخلات!$F$4 -> 4:00–5:30 م | C44: 1 | D44: 3 ضد 9
A45: 11 | B45: =المدخلات!$F$5 -> 5:40–7:10 م | C45: 1 | D45: 8 ضد 4
A46: 11 | B46: =المدخلات!$F$5 -> 5:40–7:10 م | C46: 2 | D46: 5 ضد 7
A47: 11 | B47: =المدخلات!$F$6 -> 7:20–8:50 م | C47: 1 | D47: 1 ضد 6
A48: 12 | B48: =المدخلات!$F$4 -> 4:00–5:30 م | C48: 1 | D48: 5 ضد 1
A49: 12 | B49: =المدخلات!$F$4 -> 4:00–5:30 م | C49: 2 | D49: 6 ضد 4
A50: 12 | B50: =المدخلات!$F$5 -> 5:40–7:10 م | C50: 1 | D50: 8 ضد 2
A51: 12 | B51: =المدخلات!$F$6 -> 7:20–8:50 م | C51: 1 | D51: 3 ضد 7
A52: 13 | B52: =المدخلات!$F$5 -> 5:40–7:10 م | C52: 1 | D52: 1 ضد 4
A53: 13 | B53: =المدخلات!$F$5 -> 5:40–7:10 م | C53: 2 | D53: 6 ضد 2
A54: 13 | B54: =المدخلات!$F$6 -> 7:20–8:50 م | C54: 1 | D54: 8 ضد 9
A55: 13 | B55: =المدخلات!$F$6 -> 7:20–8:50 م | C55: 2 | D55: 3 ضد 5
A56: 14 | B56: =المدخلات!$F$4 -> 4:00–5:30 م | C56: 1 | D56: 3 ضد 1
A57: 14 | B57: =المدخلات!$F$4 -> 4:00–5:30 م | C57: 2 | D57: 8 ضد 7
A58: 14 | B58: =المدخلات!$F$5 -> 5:40–7:10 م | C58: 1 | D58: 6 ضد 9
A59: 14 | B59: =المدخلات!$F$6 -> 7:20–8:50 م | C59: 1 | D59: 4 ضد 2
A60: 15 | B60: =المدخلات!$F$4 -> 4:00–5:30 م | C60: 1 | D60: 4 ضد 9
A61: 15 | B61: =المدخلات!$F$4 -> 4:00–5:30 م | C61: 2 | D61: 6 ضد 7
A62: 15 | B62: =المدخلات!$F$5 -> 5:40–7:10 م | C62: 1 | D62: 1 ضد 2
A63: 15 | B63: =المدخلات!$F$6 -> 7:20–8:50 م | C63: 1 | D63: 8 ضد 5
A64: 16 | B64: =المدخلات!$F$4 -> 4:00–5:30 م | C64: 1 | D64: 9 ضد 2
A65: 16 | B65: =المدخلات!$F$5 -> 5:40–7:10 م | C65: 1 | D65: 3 ضد 8
A66: 16 | B66: =المدخلات!$F$6 -> 7:20–8:50 م | C66: 1 | D66: 5 ضد 6
A67: 16 | B67: =المدخلات!$F$6 -> 7:20–8:50 م | C67: 2 | D67: 7 ضد 4
A68: 17 | B68: =المدخلات!$F$4 -> 4:00–5:30 م | C68: 1 | D68: 7 ضد 2
A69: 17 | B69: =المدخلات!$F$4 -> 4:00–5:30 م | C69: 2 | D69: 3 ضد 6
A70: 17 | B70: =المدخلات!$F$5 -> 5:40–7:10 م | C70: 1 | D70: 5 ضد 4
A71: 17 | B71: =المدخلات!$F$6 -> 7:20–8:50 م | C71: 1 | D71: 9 ضد 1
A72: 18 | B72: =المدخلات!$F$4 -> 4:00–5:30 م | C72: 1 | D72: 5 ضد 2
A73: 18 | B73: =المدخلات!$F$4 -> 4:00–5:30 م | C73: 2 | D73: 3 ضد 4
A74: 18 | B74: =المدخلات!$F$5 -> 5:40–7:10 م | C74: 1 | D74: 7 ضد 9
A75: 18 | B75: =المدخلات!$F$6 -> 7:20–8:50 م | C75: 1 | D75: 1 ضد 8
A78: توزيع الفرق على مجموعة تبوك — تحت 14 — يُعبّأ بأسماء الفرق
A79: # | B79: الاسم | E79: التصنيف
A80: 1 | B80: الحوراء | E80: نادي
A81: 2 | B81: ضباء | E81: نادي
A82: 3 | B82: نيوم | E82: نادي
A83: 4 | B83: الكاسر | E83: أكاديمية
A84: 5 | B84: اكاديمية الامبراطور تبوك | E84: هواة
A85: 6 | B85: اكاديمية بيتيس تبوك | E85: هواة
A86: 7 | B86: اكاديمية سمارت تبوك | E86: هواة
A87: 8 | B87: نمور تبوك | E87: هواة
A88: 9 | B88: هواة تبوك | E88: هواة

Sheet 10 فرق
A1: بطولة 10 فرق – تحت 14
A3: اليوم | B3: الوقت | C3: الملعب | D3: المباراة
A4: 1 | B4: =المدخلات!$F$4 -> 4:00–5:30 م | C4: 1 | D4: 1 ضد 10
A5: 1 | B5: =المدخلات!$F$4 -> 4:00–5:30 م | C5: 2 | D5: 2 ضد 9
A6: 1 | B6: =المدخلات!$F$5 -> 5:40–7:10 م | C6: 1 | D6: 3 ضد 8
A7: 1 | B7: =المدخلات!$F$5 -> 5:40–7:10 م | C7: 2 | D7: 4 ضد 7
A8: 1 | B8: =المدخلات!$F$6 -> 7:20–8:50 م | C8: 1 | D8: 5 ضد 6
A9: 2 | B9: =المدخلات!$F$4 -> 4:00–5:30 م | C9: 1 | D9: 4 ضد 5
A10: 2 | B10: =المدخلات!$F$5 -> 5:40–7:10 م | C10: 1 | D10: 1 ضد 9
A11: 2 | B11: =المدخلات!$F$5 -> 5:40–7:10 م | C11: 2 | D11: 10 ضد 8
A12: 2 | B12: =المدخلات!$F$6 -> 7:20–8:50 م | C12: 1 | D12: 2 ضد 7
A13: 2 | B13: =المدخلات!$F$6 -> 7:20–8:50 م | C13: 2 | D13: 3 ضد 6
A14: 3 | B14: =المدخلات!$F$4 -> 4:00–5:30 م | C14: 1 | D14: 10 ضد 6
A15: 3 | B15: =المدخلات!$F$4 -> 4:00–5:30 م | C15: 2 | D15: 3 ضد 4
A16: 3 | B16: =المدخلات!$F$5 -> 5:40–7:10 م | C16: 1 | D16: 2 ضد 5
A17: 3 | B17: =المدخلات!$F$6 -> 7:20–8:50 م | C17: 1 | D17: 1 ضد 8
A18: 3 | B18: =المدخلات!$F$6 -> 7:20–8:50 م | C18: 2 | D18: 9 ضد 7
A19: 4 | B19: =المدخلات!$F$4 -> 4:00–5:30 م | C19: 1 | D19: 1 ضد 7
A20: 4 | B20: =المدخلات!$F$4 -> 4:00–5:30 م | C20: 2 | D20: 8 ضد 6
A21: 4 | B21: =المدخلات!$F$5 -> 5:40–7:10 م | C21: 1 | D21: 9 ضد 5
A22: 4 | B22: =المدخلات!$F$5 -> 5:40–7:10 م | C22: 2 | D22: 10 ضد 4
A23: 4 | B23: =المدخلات!$F$6 -> 7:20–8:50 م | C23: 1 | D23: 2 ضد 3
A24: 5 | B24: =المدخلات!$F$4 -> 4:00–5:30 م | C24: 1 | D24: 9 ضد 3
A25: 5 | B25: =المدخلات!$F$5 -> 5:40–7:10 م | C25: 1 | D25: 1 ضد 6
A26: 5 | B26: =المدخلات!$F$5 -> 5:40–7:10 م | C26: 2 | D26: 7 ضد 5
A27: 5 | B27: =المدخلات!$F$6 -> 7:20–8:50 م | C27: 1 | D27: 8 ضد 4
A28: 5 | B28: =المدخلات!$F$6 -> 7:20–8:50 م | C28: 2 | D28: 10 ضد 2
A29: 6 | B29: =المدخلات!$F$4 -> 4:00–5:30 م | C29: 1 | D29: 8 ضد 2
A30: 6 | B30: =المدخلات!$F$4 -> 4:00–5:30 م | C30: 2 | D30: 7 ضد 3
A31: 6 | B31: =المدخلات!$F$5 -> 5:40–7:10 م | C31: 1 | D31: 6 ضد 4
A32: 6 | B32: =المدخلات!$F$6 -> 7:20–8:50 م | C32: 1 | D32: 1 ضد 5
A33: 6 | B33: =المدخلات!$F$6 -> 7:20–8:50 م | C33: 2 | D33: 9 ضد 10
A34: 7 | B34: =المدخلات!$F$4 -> 4:00–5:30 م | C34: 1 | D34: 1 ضد 4
A35: 7 | B35: =المدخلات!$F$4 -> 4:00–5:30 م | C35: 2 | D35: 5 ضد 3
A36: 7 | B36: =المدخلات!$F$5 -> 5:40–7:10 م | C36: 1 | D36: 6 ضد 2
A37: 7 | B37: =المدخلات!$F$5 -> 5:40–7:10 م | C37: 2 | D37: 7 ضد 10
A38: 7 | B38: =المدخلات!$F$6 -> 7:20–8:50 م | C38: 1 | D38: 8 ضد 9
A39: 8 | B39: =المدخلات!$F$4 -> 4:00–5:30 م | C39: 1 | D39: 7 ضد 8
A40: 8 | B40: =المدخلات!$F$5 -> 5:40–7:10 م | C40: 1 | D40: 1 ضد 3
A41: 8 | B41: =المدخلات!$F$5 -> 5:40–7:10 م | C41: 2 | D41: 4 ضد 2
A42: 8 | B42: =المدخلات!$F$6 -> 7:20–8:50 م | C42: 1 | D42: 5 ضد 10
A43: 8 | B43: =المدخلات!$F$6 -> 7:20–8:50 م | C43: 2 | D43: 6 ضد 9
A44: 9 | B44: =المدخلات!$F$4 -> 4:00–5:30 م | C44: 1 | D44: 4 ضد 9
A45: 9 | B45: =المدخلات!$F$4 -> 4:00–5:30 م | C45: 2 | D45: 5 ضد 8
A46: 9 | B46: =المدخلات!$F$5 -> 5:40–7:10 م | C46: 1 | D46: 6 ضد 7
A47: 9 | B47: =المدخلات!$F$6 -> 7:20–8:50 م | C47: 1 | D47: 1 ضد 2
A48: 9 | B48: =المدخلات!$F$6 -> 7:20–8:50 م | C48: 2 | D48: 3 ضد 10
A49: 10 | B49: =المدخلات!$F$4 -> 4:00–5:30 م | C49: 1 | D49: 10 ضد 1
A50: 10 | B50: =المدخلات!$F$4 -> 4:00–5:30 م | C50: 2 | D50: 9 ضد 2
A51: 10 | B51: =المدخلات!$F$5 -> 5:40–7:10 م | C51: 1 | D51: 8 ضد 3
A52: 10 | B52: =المدخلات!$F$5 -> 5:40–7:10 م | C52: 2 | D52: 6 ضد 5
A53: 10 | B53: =المدخلات!$F$6 -> 7:20–8:50 م | C53: 1 | D53: 7 ضد 4
A54: 11 | B54: =المدخلات!$F$4 -> 4:00–5:30 م | C54: 1 | D54: 7 ضد 2
A55: 11 | B55: =المدخلات!$F$5 -> 5:40–7:10 م | C55: 1 | D55: 9 ضد 1
A56: 11 | B56: =المدخلات!$F$5 -> 5:40–7:10 م | C56: 2 | D56: 8 ضد 10
A57: 11 | B57: =المدخلات!$F$6 -> 7:20–8:50 م | C57: 1 | D57: 5 ضد 4
A58: 11 | B58: =المدخلات!$F$6 -> 7:20–8:50 م | C58: 2 | D58: 6 ضد 3
A59: 12 | B59: =المدخلات!$F$4 -> 4:00–5:30 م | C59: 1 | D59: 6 ضد 10
A60: 12 | B60: =المدخلات!$F$4 -> 4:00–5:30 م | C60: 2 | D60: 5 ضد 2
A61: 12 | B61: =المدخلات!$F$5 -> 5:40–7:10 م | C61: 1 | D61: 4 ضد 3
A62: 12 | B62: =المدخلات!$F$6 -> 7:20–8:50 م | C62: 1 | D62: 8 ضد 1
A63: 12 | B63: =المدخلات!$F$6 -> 7:20–8:50 م | C63: 2 | D63: 7 ضد 9
A64: 13 | B64: =المدخلات!$F$4 -> 4:00–5:30 م | C64: 1 | D64: 6 ضد 8
A65: 13 | B65: =المدخلات!$F$4 -> 4:00–5:30 م | C65: 2 | D65: 7 ضد 1
A66: 13 | B66: =المدخلات!$F$5 -> 5:40–7:10 م | C66: 1 | D66: 5 ضد 9
A67: 13 | B67: =المدخلات!$F$5 -> 5:40–7:10 م | C67: 2 | D67: 3 ضد 2
A68: 13 | B68: =المدخلات!$F$6 -> 7:20–8:50 م | C68: 1 | D68: 4 ضد 10
A69: 14 | B69: =المدخلات!$F$4 -> 4:00–5:30 م | C69: 1 | D69: 3 ضد 9
A70: 14 | B70: =المدخلات!$F$5 -> 5:40–7:10 م | C70: 1 | D70: 2 ضد 10
A71: 14 | B71: =المدخلات!$F$5 -> 5:40–7:10 م | C71: 2 | D71: 6 ضد 1
A72: 14 | B72: =المدخلات!$F$6 -> 7:20–8:50 م | C72: 1 | D72: 5 ضد 7
A73: 14 | B73: =المدخلات!$F$6 -> 7:20–8:50 م | C73: 2 | D73: 4 ضد 8
A74: 15 | B74: =المدخلات!$F$4 -> 4:00–5:30 م | C74: 1 | D74: 10 ضد 9
A75: 15 | B75: =المدخلات!$F$4 -> 4:00–5:30 م | C75: 2 | D75: 3 ضد 7
A76: 15 | B76: =المدخلات!$F$5 -> 5:40–7:10 م | C76: 1 | D76: 2 ضد 8
A77: 15 | B77: =المدخلات!$F$6 -> 7:20–8:50 م | C77: 1 | D77: 5 ضد 1
A78: 15 | B78: =المدخلات!$F$6 -> 7:20–8:50 م | C78: 2 | D78: 4 ضد 6
A79: 16 | B79: =المدخلات!$F$4 -> 4:00–5:30 م | C79: 1 | D79: 4 ضد 1
A80: 16 | B80: =المدخلات!$F$4 -> 4:00–5:30 م | C80: 2 | D80: 2 ضد 6
A81: 16 | B81: =المدخلات!$F$5 -> 5:40–7:10 م | C81: 1 | D81: 10 ضد 7
A82: 16 | B82: =المدخلات!$F$5 -> 5:40–7:10 م | C82: 2 | D82: 9 ضد 8
A83: 16 | B83: =المدخلات!$F$6 -> 7:20–8:50 م | C83: 1 | D83: 3 ضد 5
A84: 17 | B84: =المدخلات!$F$4 -> 4:00–5:30 م | C84: 1 | D84: 10 ضد 5
A85: 17 | B85: =المدخلات!$F$5 -> 5:40–7:10 م | C85: 1 | D85: 3 ضد 1
A86: 17 | B86: =المدخلات!$F$5 -> 5:40–7:10 م | C86: 2 | D86: 2 ضد 4
A87: 17 | B87: =المدخلات!$F$6 -> 7:20–8:50 م | C87: 1 | D87: 9 ضد 6
A88: 17 | B88: =المدخلات!$F$6 -> 7:20–8:50 م | C88: 2 | D88: 8 ضد 7
A89: 18 | B89: =المدخلات!$F$4 -> 4:00–5:30 م | C89: 1 | D89: 8 ضد 5
A90: 18 | B90: =المدخلات!$F$4 -> 4:00–5:30 م | C90: 2 | D90: 9 ضد 4
A91: 18 | B91: =المدخلات!$F$5 -> 5:40–7:10 م | C91: 1 | D91: 7 ضد 6
A92: 18 | B92: =المدخلات!$F$6 -> 7:20–8:50 م | C92: 1 | D92: 2 ضد 1
A93: 18 | B93: =المدخلات!$F$6 -> 7:20–8:50 م | C93: 2 | D93: 10 ضد 3
A96: توزيع الفرق على مجموعة القطيف — تحت 14 — يُعبّأ بأسماء الفرق
A97: # | B97: الاسم | E97: التصنيف
A98: 1 | B98: الابتسام | E98: نادي
A99: 2 | B99: الترجي | E99: نادي
A100: 3 | B100: السلام | E100: نادي
A101: 4 | B101: النور | E101: نادي
A102: 5 | B102: الهدى | E102: نادي
A103: 6 | B103: مضر | E103: نادي
...

Sheet 11 فريقًا
A1: بطولة 11 فريقًا – تحت 14
A3: اليوم | B3: الوقت | C3: الملعب | D3: المجموعة / الدور | E3: المباراة
A4: 1 | B4: =المدخلات!$F$4 -> 4:00–5:30 م | C4: 1 | D4: المجموعة 1 | E4: 11 ضد 2
A5: 1 | B5: =المدخلات!$F$4 -> 4:00–5:30 م | C5: 2 | D5: المجموعة 1 | E5: 3 ضد 10
A6: 1 | B6: =المدخلات!$F$5 -> 5:40–7:10 م | C6: 1 | D6: المجموعة 1 | E6: 5 ضد 8
A7: 1 | B7: =المدخلات!$F$6 -> 7:20–8:50 م | C7: 1 | D7: المجموعة 1 | E7: 7 ضد 6
A8: 1 | B8: =المدخلات!$F$6 -> 7:20–8:50 م | C8: 2 | D8: المجموعة 1 | E8: 9 ضد 4
A9: 2 | B9: =المدخلات!$F$4 -> 4:00–5:30 م | C9: 1 | D9: المجموعة 1 | E9: 5 ضد 6
A10: 2 | B10: =المدخلات!$F$5 -> 5:40–7:10 م | C10: 1 | D10: المجموعة 1 | E10: 9 ضد 2
A11: 2 | B11: =المدخلات!$F$5 -> 5:40–7:10 م | C11: 2 | D11: المجموعة 1 | E11: 7 ضد 4
A12: 2 | B12: =المدخلات!$F$6 -> 7:20–8:50 م | C12: 1 | D12: المجموعة 1 | E12: 11 ضد 1
A13: 2 | B13: =المدخلات!$F$6 -> 7:20–8:50 م | C13: 2 | D13: المجموعة 1 | E13: 3 ضد 8
A14: 3 | B14: =المدخلات!$F$4 -> 4:00–5:30 م | C14: 1 | D14: المجموعة 1 | E14: 7 ضد 2
A15: 3 | B15: =المدخلات!$F$5 -> 5:40–7:10 م | C15: 1 | D15: المجموعة 1 | E15: 3 ضد 6
A16: 3 | B16: =المدخلات!$F$5 -> 5:40–7:10 م | C16: 2 | D16: المجموعة 1 | E16: 9 ضد 11
A17: 3 | B17: =المدخلات!$F$6 -> 7:20–8:50 م | C17: 1 | D17: المجموعة 1 | E17: 5 ضد 4
A18: 3 | B18: =المدخلات!$F$6 -> 7:20–8:50 م | C18: 2 | D18: المجموعة 1 | E18: 1 ضد 10
A19: 4 | B19: =المدخلات!$F$4 -> 4:00–5:30 م | C19: 1 | D19: المجموعة 1 | E19: 9 ضد 1
A20: 4 | B20: =المدخلات!$F$4 -> 4:00–5:30 م | C20: 2 | D20: المجموعة 1 | E20: 7 ضد 11
A21: 4 | B21: =المدخلات!$F$5 -> 5:40–7:10 م | C21: 1 | D21: المجموعة 1 | E21: 3 ضد 4
A22: 4 | B22: =المدخلات!$F$5 -> 5:40–7:10 م | C22: 2 | D22: المجموعة 1 | E22: 10 ضد 8
A23: 4 | B23: =المدخلات!$F$6 -> 7:20–8:50 م | C23: 1 | D23: المجموعة 1 | E23: 5 ضد 2
A24: 5 | B24: =المدخلات!$F$4 -> 4:00–5:30 م | C24: 1 | D24: المجموعة 1 | E24: 10 ضد 6
A25: 5 | B25: =المدخلات!$F$4 -> 4:00–5:30 م | C25: 2 | D25: المجموعة 1 | E25: 1 ضد 8
A26: 5 | B26: =المدخلات!$F$5 -> 5:40–7:10 م | C26: 1 | D26: المجموعة 1 | E26: 5 ضد 11
A27: 5 | B27: =المدخلات!$F$6 -> 7:20–8:50 م | C27: 1 | D27: المجموعة 1 | E27: 3 ضد 2
A28: 5 | B28: =المدخلات!$F$6 -> 7:20–8:50 م | C28: 2 | D28: المجموعة 1 | E28: 7 ضد 9
A29: 6 | B29: =المدخلات!$F$4 -> 4:00–5:30 م | C29: 1 | D29: المجموعة 1 | E29: 3 ضد 11
A30: 6 | B30: =المدخلات!$F$4 -> 4:00–5:30 م | C30: 2 | D30: المجموعة 1 | E30: 10 ضد 4
A31: 6 | B31: =المدخلات!$F$5 -> 5:40–7:10 م | C31: 1 | D31: المجموعة 1 | E31: 5 ضد 9
A32: 6 | B32: =المدخلات!$F$5 -> 5:40–7:10 م | C32: 2 | D32: المجموعة 1 | E32: 7 ضد 1
A33: 6 | B33: =المدخلات!$F$6 -> 7:20–8:50 م | C33: 1 | D33: المجموعة 1 | E33: 8 ضد 6
A34: 7 | B34: =المدخلات!$F$4 -> 4:00–5:30 م | C34: 1 | D34: المجموعة 1 | E34: 5 ضد 7
A35: 7 | B35: =المدخلات!$F$4 -> 4:00–5:30 م | C35: 2 | D35: المجموعة 1 | E35: 3 ضد 9
A36: 7 | B36: =المدخلات!$F$5 -> 5:40–7:10 م | C36: 1 | D36: المجموعة 1 | E36: 1 ضد 6
A37: 7 | B37: =المدخلات!$F$5 -> 5:40–7:10 م | C37: 2 | D37: المجموعة 1 | E37: 10 ضد 2
A38: 7 | B38: =المدخلات!$F$6 -> 7:20–8:50 م | C38: 1 | D38: المجموعة 1 | E38: 8 ضد 4
A39: 8 | B39: =المدخلات!$F$4 -> 4:00–5:30 م | C39: 1 | D39: المجموعة 1 | E39: 5 ضد 1
A40: 8 | B40: =المدخلات!$F$4 -> 4:00–5:30 م | C40: 2 | D40: المجموعة 1 | E40: 8 ضد 2
A41: 8 | B41: =المدخلات!$F$5 -> 5:40–7:10 م | C41: 1 | D41: المجموعة 1 | E41: 6 ضد 4
A42: 8 | B42: =المدخلات!$F$6 -> 7:20–8:50 م | C42: 1 | D42: المجموعة 1 | E42: 10 ضد 11
A43: 8 | B43: =المدخلات!$F$6 -> 7:20–8:50 م | C43: 2 | D43: المجموعة 1 | E43: 3 ضد 7
A44: 9 | B44: =المدخلات!$F$4 -> 4:00–5:30 م | C44: 1 | D44: المجموعة 1 | E44: 1 ضد 4
A45: 9 | B45: =المدخلات!$F$5 -> 5:40–7:10 م | C45: 1 | D45: المجموعة 1 | E45: 3 ضد 5
A46: 9 | B46: =المدخلات!$F$5 -> 5:40–7:10 م | C46: 2 | D46: المجموعة 1 | E46: 8 ضد 11
A47: 9 | B47: =المدخلات!$F$6 -> 7:20–8:50 م | C47: 1 | D47: المجموعة 1 | E47: 6 ضد 2
A48: 9 | B48: =المدخلات!$F$6 -> 7:20–8:50 م | C48: 2 | D48: المجموعة 1 | E48: 10 ضد 9
A49: 10 | B49: =المدخلات!$F$4 -> 4:00–5:30 م | C49: 1 | D49: المجموعة 1 | E49: 8 ضد 9
A50: 10 | B50: =المدخلات!$F$5 -> 5:40–7:10 م | C50: 1 | D50: المجموعة 1 | E50: 10 ضد 7
A51: 10 | B51: =المدخلات!$F$5 -> 5:40–7:10 م | C51: 2 | D51: المجموعة 1 | E51: 4 ضد 2
A52: 10 | B52: =المدخلات!$F$6 -> 7:20–8:50 م | C52: 1 | D52: المجموعة 1 | E52: 3 ضد 1
A53: 10 | B53: =المدخلات!$F$6 -> 7:20–8:50 م | C53: 2 | D53: المجموعة 1 | E53: 6 ضد 11
A54: 11 | B54: =المدخلات!$F$4 -> 4:00–5:30 م | C54: 1 | D54: المجموعة 1 | E54: 6 ضد 9
A55: 11 | B55: =المدخلات!$F$4 -> 4:00–5:30 م | C55: 2 | D55: المجموعة 1 | E55: 4 ضد 11
A56: 11 | B56: =المدخلات!$F$5 -> 5:40–7:10 م | C56: 1 | D56: المجموعة 1 | E56: 1 ضد 2
A57: 11 | B57: =المدخلات!$F$5 -> 5:40–7:10 م | C57: 2 | D57: المجموعة 1 | E57: 8 ضد 7
A58: 11 | B58: =المدخلات!$F$6 -> 7:20–8:50 م | C58: 1 | D58: المجموعة 1 | E58: 10 ضد 5
A59: 12 | B59: =المدخلات!$F$4 -> 4:00–5:30 م | C59: 1 | D59: المجموعة 1 | E59: 3 ضد 4
A60: 12 | B60: =المدخلات!$F$4 -> 4:00–5:30 م | C60: 2 | D60: المجموعة 1 | E60: 5 ضد 2
A61: 12 | B61: =المدخلات!$F$5 -> 5:40–7:10 م | C61: 1 | D61: المجموعة 1 | E61: 10 ضد 8
A62: 12 | B62: =المدخلات!$F$6 -> 7:20–8:50 م | C62: 1 | D62: المجموعة 1 | E62: 9 ضد 1
A63: 12 | B63: =المدخلات!$F$6 -> 7:20–8:50 م | C63: 2 | D63: المجموعة 1 | E63: 7 ضد 11
A64: 13 | B64: =المدخلات!$F$4 -> 4:00–5:30 م | C64: 1 | D64: المجموعة 1 | E64: 1 ضد 8
A65: 13 | B65: =المدخلات!$F$4 -> 4:00–5:30 م | C65: 2 | D65: المجموعة 1 | E65: 10 ضد 6
A66: 13 | B66: =المدخلات!$F$5 -> 5:40–7:10 م | C66: 1 | D66: المجموعة 1 | E66: 5 ضد 11
A67: 13 | B67: =المدخلات!$F$5 -> 5:40–7:10 م | C67: 2 | D67: المجموعة 1 | E67: 7 ضد 9
A68: 13 | B68: =المدخلات!$F$6 -> 7:20–8:50 م | C68: 1 | D68: المجموعة 1 | E68: 3 ضد 2
A69: 14 | B69: =المدخلات!$F$4 -> 4:00–5:30 م | C69: 1 | D69: المجموعة 1 | E69: 5 ضد 9
A70: 14 | B70: =المدخلات!$F$4 -> 4:00–5:30 م | C70: 2 | D70: المجموعة 1 | E70: 7 ضد 1
A71: 14 | B71: =المدخلات!$F$5 -> 5:40–7:10 م | C71: 1 | D71: المجموعة 1 | E71: 3 ضد 11
A72: 14 | B72: =المدخلات!$F$6 -> 7:20–8:50 م | C72: 1 | D72: المجموعة 1 | E72: 10 ضد 4
A73: 14 | B73: =المدخلات!$F$6 -> 7:20–8:50 م | C73: 2 | D73: المجموعة 1 | E73: 8 ضد 6
A74: 15 | B74: =المدخلات!$F$4 -> 4:00–5:30 م | C74: 1 | D74: المجموعة 1 | E74: 10 ضد 2
A75: 15 | B75: =المدخلات!$F$4 -> 4:00–5:30 م | C75: 2 | D75: المجموعة 1 | E75: 8 ضد 4
A76: 15 | B76: =المدخلات!$F$5 -> 5:40–7:10 م | C76: 1 | D76: المجموعة 1 | E76: 3 ضد 9
A77: 15 | B77: =المدخلات!$F$5 -> 5:40–7:10 م | C77: 2 | D77: المجموعة 1 | E77: 1 ضد 6
A78: 15 | B78: =المدخلات!$F$6 -> 7:20–8:50 م | C78: 1 | D78: المجموعة 1 | E78: 5 ضد 7
A79: 16 | B79: =المدخلات!$F$4 -> 4:00–5:30 م | C79: 1 | D79: المجموعة 1 | E79: 3 ضد 7
A80: 16 | B80: =المدخلات!$F$5 -> 5:40–7:10 م | C80: 1 | D80: المجموعة 1 | E80: 6 ضد 4
A81: 16 | B81: =المدخلات!$F$5 -> 5:40–7:10 م | C81: 2 | D81: المجموعة 1 | E81: 10 ضد 11
A82: 16 | B82: =المدخلات!$F$6 -> 7:20–8:50 م | C82: 1 | D82: المجموعة 1 | E82: 8 ضد 2
A83: 16 | B83: =المدخلات!$F$6 -> 7:20–8:50 م | C83: 2 | D83: المجموعة 1 | E83: 5 ضد 1
A84: 17 | B84: =المدخلات!$F$4 -> 4:00–5:30 م | C84: 1 | D84: المجموعة 1 | E84: 6 ضد 2
A85: 17 | B85: =المدخلات!$F$4 -> 4:00–5:30 م | C85: 2 | D85: المجموعة 1 | E85: 3 ضد 5
A86: 17 | B86: =المدخلات!$F$5 -> 5:40–7:10 م | C86: 1 | D86: المجموعة 1 | E86: 8 ضد 11
A87: 17 | B87: =المدخلات!$F$6 -> 7:20–8:50 م | C87: 1 | D87: المجموعة 1 | E87: 10 ضد 9
A88: 17 | B88: =المدخلات!$F$6 -> 7:20–8:50 م | C88: 2 | D88: المجموعة 1 | E88: 1 ضد 4
A89: 18 | B89: =المدخلات!$F$4 -> 4:00–5:30 م | C89: 1 | D89: المجموعة 1 | E89: 10 ضد 7
A90: 18 | B90: =المدخلات!$F$5 -> 5:40–7:10 م | C90: 1 | D90: المجموعة 1 | E90: 3 ضد 1
A91: 18 | B91: =المدخلات!$F$5 -> 5:40–7:10 م | C91: 2 | D91: المجموعة 1 | E91: 4 ضد 2
A92: 18 | B92: =المدخلات!$F$6 -> 7:20–8:50 م | C92: 1 | D92: المجموعة 1 | E92: 8 ضد 9
A93: 18 | B93: =المدخلات!$F$6 -> 7:20–8:50 م | C93: 2 | D93: المجموعة 1 | E93: 6 ضد 11
A94: 19 | B94: =المدخلات!$F$4 -> 4:00–5:30 م | C94: 1 | D94: المجموعة 1 | E94: 6 ضد 9
A95: 19 | B95: =المدخلات!$F$4 -> 4:00–5:30 م | C95: 2 | D95: المجموعة 1 | E95: 8 ضد 7
A96: 19 | B96: =المدخلات!$F$5 -> 5:40–7:10 م | C96: 1 | D96: المجموعة 1 | E96: 10 ضد 5
A97: 19 | B97: =المدخلات!$F$5 -> 5:40–7:10 م | C97: 2 | D97: المجموعة 1 | E97: 1 ضد 2
A98: 19 | B98: =المدخلات!$F$6 -> 7:20–8:50 م | C98: 1 | D98: المجموعة 1 | E98: 4 ضد 11
A99: 20 | B99: =المدخلات!$F$4 -> 4:00–5:30 م | C99: 1 | D99: المجموعة 1 | E99: 11 ضد 2
A100: 20 | B100: =المدخلات!$F$5 -> 5:40–7:10 م | C100: 1 | D100: المجموعة 1 | E100: 9 ضد 4
A101: 20 | B101: =المدخلات!$F$5 -> 5:40–7:10 م | C101: 2 | D101: المجموعة 1 | E101: 7 ضد 6
...

Sheet 12 فريقًا
A1: بطولة 12 فريقًا – تحت 14
A3: اليوم | B3: الوقت | C3: الملعب | D3: المجموعة / الدور | E3: المباراة
A4: 1 | B4: =المدخلات!$F$4 -> 4:00–5:30 م | C4: 1 | D4: المجموعة 1 | E4: 5 ضد 8
A5: 1 | B5: =المدخلات!$F$4 -> 4:00–5:30 م | C5: 2 | D5: المجموعة 1 | E5: 9 ضد 4
A6: 1 | B6: =المدخلات!$F$5 -> 5:40–7:10 م | C6: 1 | D6: المجموعة 1 | E6: 3 ضد 10
A7: 1 | B7: =المدخلات!$F$5 -> 5:40–7:10 م | C7: 2 | D7: المجموعة 1 | E7: 11 ضد 2
A8: 1 | B8: =المدخلات!$F$6 -> 7:20–8:50 م | C8: 1 | D8: المجموعة 1 | E8: 7 ضد 6
A9: 1 | B9: =المدخلات!$F$6 -> 7:20–8:50 م | C9: 2 | D9: المجموعة 1 | E9: 1 ضد 12
A10: 2 | B10: =المدخلات!$F$4 -> 4:00–5:30 م | C10: 1 | D10: المجموعة 1 | E10: 11 ضد 1
A11: 2 | B11: =المدخلات!$F$4 -> 4:00–5:30 م | C11: 2 | D11: المجموعة 1 | E11: 12 ضد 10
A12: 2 | B12: =المدخلات!$F$5 -> 5:40–7:10 م | C12: 1 | D12: المجموعة 1 | E12: 5 ضد 6
A13: 2 | B13: =المدخلات!$F$5 -> 5:40–7:10 م | C13: 2 | D13: المجموعة 1 | E13: 7 ضد 4
A14: 2 | B14: =المدخلات!$F$6 -> 7:20–8:50 م | C14: 1 | D14: المجموعة 1 | E14: 3 ضد 8
A15: 2 | B15: =المدخلات!$F$6 -> 7:20–8:50 م | C15: 2 | D15: المجموعة 1 | E15: 9 ضد 2
A16: 3 | B16: =المدخلات!$F$4 -> 4:00–5:30 م | C16: 1 | D16: المجموعة 1 | E16: 7 ضد 2
A17: 3 | B17: =المدخلات!$F$4 -> 4:00–5:30 م | C17: 2 | D17: المجموعة 1 | E17: 3 ضد 6
A18: 3 | B18: =المدخلات!$F$5 -> 5:40–7:10 م | C18: 1 | D18: المجموعة 1 | E18: 12 ضد 8
A19: 3 | B19: =المدخلات!$F$5 -> 5:40–7:10 م | C19: 2 | D19: المجموعة 1 | E19: 9 ضد 11
A20: 3 | B20: =المدخلات!$F$6 -> 7:20–8:50 م | C20: 1 | D20: المجموعة 1 | E20: 5 ضد 4
A21: 3 | B21: =المدخلات!$F$6 -> 7:20–8:50 م | C21: 2 | D21: المجموعة 1 | E21: 1 ضد 10
A22: 4 | B22: =المدخلات!$F$4 -> 4:00–5:30 م | C22: 1 | D22: المجموعة 1 | E22: 5 ضد 2
A23: 4 | B23: =المدخلات!$F$4 -> 4:00–5:30 م | C23: 2 | D23: المجموعة 1 | E23: 10 ضد 8
A24: 4 | B24: =المدخلات!$F$5 -> 5:40–7:10 م | C24: 1 | D24: المجموعة 1 | E24: 9 ضد 1
A25: 4 | B25: =المدخلات!$F$5 -> 5:40–7:10 م | C25: 2 | D25: المجموعة 1 | E25: 3 ضد 4
A26: 4 | B26: =المدخلات!$F$6 -> 7:20–8:50 م | C26: 1 | D26: المجموعة 1 | E26: 7 ضد 11
A27: 4 | B27: =المدخلات!$F$6 -> 7:20–8:50 م | C27: 2 | D27: المجموعة 1 | E27: 12 ضد 6
A28: 5 | B28: =المدخلات!$F$4 -> 4:00–5:30 م | C28: 1 | D28: المجموعة 1 | E28: 7 ضد 9
A29: 5 | B29: =المدخلات!$F$4 -> 4:00–5:30 م | C29: 2 | D29: المجموعة 1 | E29: 12 ضد 4
A30: 5 | B30: =المدخلات!$F$5 -> 5:40–7:10 م | C30: 1 | D30: المجموعة 1 | E30: 1 ضد 8
A31: 5 | B31: =المدخلات!$F$5 -> 5:40–7:10 م | C31: 2 | D31: المجموعة 1 | E31: 10 ضد 6
A32: 5 | B32: =المدخلات!$F$6 -> 7:20–8:50 م | C32: 1 | D32: المجموعة 1 | E32: 5 ضد 11
A33: 5 | B33: =المدخلات!$F$6 -> 7:20–8:50 م | C33: 2 | D33: المجموعة 1 | E33: 3 ضد 2
A34: 6 | B34: =المدخلات!$F$4 -> 4:00–5:30 م | C34: 1 | D34: المجموعة 1 | E34: 8 ضد 6
A35: 6 | B35: =المدخلات!$F$4 -> 4:00–5:30 م | C35: 2 | D35: المجموعة 1 | E35: 3 ضد 11
A36: 6 | B36: =المدخلات!$F$5 -> 5:40–7:10 م | C36: 1 | D36: المجموعة 1 | E36: 7 ضد 1
A37: 6 | B37: =المدخلات!$F$5 -> 5:40–7:10 م | C37: 2 | D37: المجموعة 1 | E37: 12 ضد 2
A38: 6 | B38: =المدخلات!$F$6 -> 7:20–8:50 م | C38: 1 | D38: المجموعة 1 | E38: 10 ضد 4
A39: 6 | B39: =المدخلات!$F$6 -> 7:20–8:50 م | C39: 2 | D39: المجموعة 1 | E39: 5 ضد 9
A40: 7 | B40: =المدخلات!$F$4 -> 4:00–5:30 م | C40: 1 | D40: المجموعة 1 | E40: 12 ضد 11
A41: 7 | B41: =المدخلات!$F$4 -> 4:00–5:30 م | C41: 2 | D41: المجموعة 1 | E41: 10 ضد 2
A42: 7 | B42: =المدخلات!$F$5 -> 5:40–7:10 م | C42: 1 | D42: المجموعة 1 | E42: 3 ضد 9
A43: 7 | B43: =المدخلات!$F$5 -> 5:40–7:10 م | C43: 2 | D43: المجموعة 1 | E43: 5 ضد 7
A44: 7 | B44: =المدخلات!$F$6 -> 7:20–8:50 م | C44: 1 | D44: المجموعة 1 | E44: 8 ضد 4
A45: 7 | B45: =المدخلات!$F$6 -> 7:20–8:50 م | C45: 2 | D45: المجموعة 1 | E45: 1 ضد 6
A46: 8 | B46: =المدخلات!$F$4 -> 4:00–5:30 م | C46: 1 | D46: المجموعة 1 | E46: 3 ضد 7
A47: 8 | B47: =المدخلات!$F$4 -> 4:00–5:30 م | C47: 2 | D47: المجموعة 1 | E47: 5 ضد 1
A48: 8 | B48: =المدخلات!$F$5 -> 5:40–7:10 م | C48: 1 | D48: المجموعة 1 | E48: 6 ضد 4
A49: 8 | B49: =المدخلات!$F$5 -> 5:40–7:10 م | C49: 2 | D49: المجموعة 1 | E49: 8 ضد 2
A50: 8 | B50: =المدخلات!$F$6 -> 7:20–8:50 م | C50: 1 | D50: المجموعة 1 | E50: 12 ضد 9
A51: 8 | B51: =المدخلات!$F$6 -> 7:20–8:50 م | C51: 2 | D51: المجموعة 1 | E51: 10 ضد 11
A52: 9 | B52: =المدخلات!$F$4 -> 4:00–5:30 م | C52: 1 | D52: المجموعة 1 | E52: 1 ضد 4
A53: 9 | B53: =المدخلات!$F$4 -> 4:00–5:30 م | C53: 2 | D53: المجموعة 1 | E53: 6 ضد 2
A54: 9 | B54: =المدخلات!$F$5 -> 5:40–7:10 م | C54: 1 | D54: المجموعة 1 | E54: 10 ضد 9
A55: 9 | B55: =المدخلات!$F$5 -> 5:40–7:10 م | C55: 2 | D55: المجموعة 1 | E55: 8 ضد 11
A56: 9 | B56: =المدخلات!$F$6 -> 7:20–8:50 م | C56: 1 | D56: المجموعة 1 | E56: 3 ضد 5
A57: 9 | B57: =المدخلات!$F$6 -> 7:20–8:50 م | C57: 2 | D57: المجموعة 1 | E57: 12 ضد 7
A58: 10 | B58: =المدخلات!$F$4 -> 4:00–5:30 م | C58: 1 | D58: المجموعة 1 | E58: 8 ضد 9
A59: 10 | B59: =المدخلات!$F$4 -> 4:00–5:30 م | C59: 2 | D59: المجموعة 1 | E59: 6 ضد 11
A60: 10 | B60: =المدخلات!$F$5 -> 5:40–7:10 م | C60: 1 | D60: المجموعة 1 | E60: 12 ضد 5
A61: 10 | B61: =المدخلات!$F$5 -> 5:40–7:10 م | C61: 2 | D61: المجموعة 1 | E61: 10 ضد 7
A62: 10 | B62: =المدخلات!$F$6 -> 7:20–8:50 م | C62: 1 | D62: المجموعة 1 | E62: 3 ضد 1
A63: 10 | B63: =المدخلات!$F$6 -> 7:20–8:50 م | C63: 2 | D63: المجموعة 1 | E63: 4 ضد 2
A64: 11 | B64: =المدخلات!$F$4 -> 4:00–5:30 م | C64: 1 | D64: المجموعة 1 | E64: 10 ضد 5
A65: 11 | B65: =المدخلات!$F$4 -> 4:00–5:30 م | C65: 2 | D65: المجموعة 1 | E65: 12 ضد 3
A66: 11 | B66: =المدخلات!$F$5 -> 5:40–7:10 م | C66: 1 | D66: المجموعة 1 | E66: 1 ضد 2
A67: 11 | B67: =المدخلات!$F$5 -> 5:40–7:10 م | C67: 2 | D67: المجموعة 1 | E67: 4 ضد 11
A68: 11 | B68: =المدخلات!$F$6 -> 7:20–8:50 م | C68: 1 | D68: المجموعة 1 | E68: 8 ضد 7
A69: 11 | B69: =المدخلات!$F$6 -> 7:20–8:50 م | C69: 2 | D69: المجموعة 1 | E69: 6 ضد 9
A70: 12 | B70: =المدخلات!$F$4 -> 4:00–5:30 م | C70: 1 | D70: المجموعة 1 | E70: 9 ضد 1
A71: 12 | B71: =المدخلات!$F$4 -> 4:00–5:30 م | C71: 2 | D71: المجموعة 1 | E71: 3 ضد 4
A72: 12 | B72: =المدخلات!$F$5 -> 5:40–7:10 م | C72: 1 | D72: المجموعة 1 | E72: 12 ضد 6
A73: 12 | B73: =المدخلات!$F$5 -> 5:40–7:10 م | C73: 2 | D73: المجموعة 1 | E73: 5 ضد 2
A74: 12 | B74: =المدخلات!$F$6 -> 7:20–8:50 م | C74: 1 | D74: المجموعة 1 | E74: 10 ضد 8
A75: 12 | B75: =المدخلات!$F$6 -> 7:20–8:50 م | C75: 2 | D75: المجموعة 1 | E75: 7 ضد 11
A76: 13 | B76: =المدخلات!$F$4 -> 4:00–5:30 م | C76: 1 | D76: المجموعة 1 | E76: 5 ضد 11
A77: 13 | B77: =المدخلات!$F$4 -> 4:00–5:30 م | C77: 2 | D77: المجموعة 1 | E77: 7 ضد 9
A78: 13 | B78: =المدخلات!$F$5 -> 5:40–7:10 م | C78: 1 | D78: المجموعة 1 | E78: 12 ضد 4
A79: 13 | B79: =المدخلات!$F$5 -> 5:40–7:10 م | C79: 2 | D79: المجموعة 1 | E79: 10 ضد 6
A80: 13 | B80: =المدخلات!$F$6 -> 7:20–8:50 م | C80: 1 | D80: المجموعة 1 | E80: 3 ضد 2
A81: 13 | B81: =المدخلات!$F$6 -> 7:20–8:50 م | C81: 2 | D81: المجموعة 1 | E81: 1 ضد 8
A82: 14 | B82: =المدخلات!$F$4 -> 4:00–5:30 م | C82: 1 | D82: المجموعة 1 | E82: 10 ضد 4
A83: 14 | B83: =المدخلات!$F$4 -> 4:00–5:30 م | C83: 2 | D83: المجموعة 1 | E83: 12 ضد 2
A84: 14 | B84: =المدخلات!$F$5 -> 5:40–7:10 م | C84: 1 | D84: المجموعة 1 | E84: 8 ضد 6
A85: 14 | B85: =المدخلات!$F$5 -> 5:40–7:10 م | C85: 2 | D85: المجموعة 1 | E85: 3 ضد 11
A86: 14 | B86: =المدخلات!$F$6 -> 7:20–8:50 م | C86: 1 | D86: المجموعة 1 | E86: 7 ضد 1
A87: 14 | B87: =المدخلات!$F$6 -> 7:20–8:50 م | C87: 2 | D87: المجموعة 1 | E87: 5 ضد 9
A88: 15 | B88: =المدخلات!$F$4 -> 4:00–5:30 م | C88: 1 | D88: المجموعة 1 | E88: 8 ضد 4
A89: 15 | B89: =المدخلات!$F$4 -> 4:00–5:30 م | C89: 2 | D89: المجموعة 1 | E89: 1 ضد 6
A90: 15 | B90: =المدخلات!$F$5 -> 5:40–7:10 م | C90: 1 | D90: المجموعة 1 | E90: 5 ضد 7
A91: 15 | B91: =المدخلات!$F$5 -> 5:40–7:10 م | C91: 2 | D91: المجموعة 1 | E91: 3 ضد 9
A92: 15 | B92: =المدخلات!$F$6 -> 7:20–8:50 م | C92: 1 | D92: المجموعة 1 | E92: 12 ضد 11
A93: 15 | B93: =المدخلات!$F$6 -> 7:20–8:50 م | C93: 2 | D93: المجموعة 1 | E93: 10 ضد 2
A94: 16 | B94: =المدخلات!$F$4 -> 4:00–5:30 م | C94: 1 | D94: المجموعة 1 | E94: 10 ضد 11
A95: 16 | B95: =المدخلات!$F$4 -> 4:00–5:30 م | C95: 2 | D95: المجموعة 1 | E95: 3 ضد 7
A96: 16 | B96: =المدخلات!$F$5 -> 5:40–7:10 م | C96: 1 | D96: المجموعة 1 | E96: 12 ضد 9
A97: 16 | B97: =المدخلات!$F$5 -> 5:40–7:10 م | C97: 2 | D97: المجموعة 1 | E97: 5 ضد 1
A98: 16 | B98: =المدخلات!$F$6 -> 7:20–8:50 م | C98: 1 | D98: المجموعة 1 | E98: 8 ضد 2
A99: 16 | B99: =المدخلات!$F$6 -> 7:20–8:50 م | C99: 2 | D99: المجموعة 1 | E99: 6 ضد 4
A100: 17 | B100: =المدخلات!$F$4 -> 4:00–5:30 م | C100: 1 | D100: المجموعة 1 | E100: 6 ضد 2
A101: 17 | B101: =المدخلات!$F$4 -> 4:00–5:30 م | C101: 2 | D101: المجموعة 1 | E101: 12 ضد 7
...

Sheet 14 فريقًا
A1: بطولة 14 فريقًا – تحت 14
A3: اليوم | B3: الوقت | C3: الملعب | D3: المجموعة / الدور | E3: المباراة
A4: 1 | B4: =المدخلات!$F$4 -> 4:00–5:30 م | C4: 1 | D4: المجموعة 2 | E4: 10 ضد 13
A5: 1 | B5: =المدخلات!$F$4 -> 4:00–5:30 م | C5: 2 | D5: المجموعة 2 | E5: 11 ضد 12
A6: 1 | B6: =المدخلات!$F$5 -> 5:40–7:10 م | C6: 1 | D6: المجموعة 1 | E6: 2 ضد 7
A7: 1 | B7: =المدخلات!$F$5 -> 5:40–7:10 م | C7: 2 | D7: المجموعة 1 | E7: 3 ضد 6
A8: 1 | B8: =المدخلات!$F$6 -> 7:20–8:50 م | C8: 1 | D8: المجموعة 1 | E8: 4 ضد 5
A9: 1 | B9: =المدخلات!$F$6 -> 7:20–8:50 م | C9: 2 | D9: المجموعة 2 | E9: 9 ضد 14
A10: 2 | B10: =المدخلات!$F$4 -> 4:00–5:30 م | C10: 1 | D10: المجموعة 1 | E10: 2 ضد 5
A11: 2 | B11: =المدخلات!$F$4 -> 4:00–5:30 م | C11: 2 | D11: المجموعة 1 | E11: 3 ضد 4
A12: 2 | B12: =المدخلات!$F$5 -> 5:40–7:10 م | C12: 1 | D12: المجموعة 2 | E12: 10 ضد 11
A13: 2 | B13: =المدخلات!$F$5 -> 5:40–7:10 م | C13: 2 | D13: المجموعة 2 | E13: 8 ضد 14
A14: 2 | B14: =المدخلات!$F$6 -> 7:20–8:50 م | C14: 1 | D14: المجموعة 1 | E14: 1 ضد 7
A15: 2 | B15: =المدخلات!$F$6 -> 7:20–8:50 م | C15: 2 | D15: المجموعة 2 | E15: 9 ضد 12
A16: 3 | B16: =المدخلات!$F$4 -> 4:00–5:30 م | C16: 1 | D16: المجموعة 1 | E16: 1 ضد 6
A17: 3 | B17: =المدخلات!$F$4 -> 4:00–5:30 م | C17: 2 | D17: المجموعة 2 | E17: 9 ضد 10
A18: 3 | B18: =المدخلات!$F$5 -> 5:40–7:10 م | C18: 1 | D18: المجموعة 1 | E18: 7 ضد 5
A19: 3 | B19: =المدخلات!$F$5 -> 5:40–7:10 م | C19: 2 | D19: المجموعة 2 | E19: 14 ضد 12
A20: 3 | B20: =المدخلات!$F$6 -> 7:20–8:50 م | C20: 1 | D20: المجموعة 1 | E20: 2 ضد 3
A21: 3 | B21: =المدخلات!$F$6 -> 7:20–8:50 م | C21: 2 | D21: المجموعة 2 | E21: 8 ضد 13
A22: 4 | B22: =المدخلات!$F$4 -> 4:00–5:30 م | C22: 1 | D22: المجموعة 1 | E22: 7 ضد 3
A23: 4 | B23: =المدخلات!$F$4 -> 4:00–5:30 م | C23: 2 | D23: المجموعة 2 | E23: 8 ضد 12
A24: 4 | B24: =المدخلات!$F$5 -> 5:40–7:10 م | C24: 1 | D24: المجموعة 1 | E24: 1 ضد 5
A25: 4 | B25: =المدخلات!$F$5 -> 5:40–7:10 م | C25: 2 | D25: المجموعة 1 | E25: 6 ضد 4
A26: 4 | B26: =المدخلات!$F$6 -> 7:20–8:50 م | C26: 1 | D26: المجموعة 2 | E26: 14 ضد 10
A27: 4 | B27: =المدخلات!$F$6 -> 7:20–8:50 م | C27: 2 | D27: المجموعة 2 | E27: 13 ضد 11
A28: 5 | B28: =المدخلات!$F$4 -> 4:00–5:30 م | C28: 1 | D28: المجموعة 1 | E28: 1 ضد 4
A29: 5 | B29: =المدخلات!$F$4 -> 4:00–5:30 م | C29: 2 | D29: المجموعة 2 | E29: 8 ضد 11
A30: 5 | B30: =المدخلات!$F$5 -> 5:40–7:10 م | C30: 1 | D30: المجموعة 2 | E30: 13 ضد 9
A31: 5 | B31: =المدخلات!$F$5 -> 5:40–7:10 م | C31: 2 | D31: المجموعة 2 | E31: 12 ضد 10
A32: 5 | B32: =المدخلات!$F$6 -> 7:20–8:50 م | C32: 1 | D32: المجموعة 1 | E32: 6 ضد 2
A33: 5 | B33: =المدخلات!$F$6 -> 7:20–8:50 م | C33: 2 | D33: المجموعة 1 | E33: 5 ضد 3
A34: 6 | B34: =المدخلات!$F$4 -> 4:00–5:30 م | C34: 1 | D34: المجموعة 2 | E34: 13 ضد 14
A35: 6 | B35: =المدخلات!$F$4 -> 4:00–5:30 م | C35: 2 | D35: المجموعة 2 | E35: 11 ضد 9
A36: 6 | B36: =المدخلات!$F$5 -> 5:40–7:10 م | C36: 1 | D36: المجموعة 1 | E36: 1 ضد 3
A37: 6 | B37: =المدخلات!$F$5 -> 5:40–7:10 م | C37: 2 | D37: المجموعة 1 | E37: 4 ضد 2
A38: 6 | B38: =المدخلات!$F$6 -> 7:20–8:50 م | C38: 1 | D38: المجموعة 1 | E38: 6 ضد 7
A39: 6 | B39: =المدخلات!$F$6 -> 7:20–8:50 م | C39: 2 | D39: المجموعة 2 | E39: 8 ضد 10
A40: 7 | B40: =المدخلات!$F$4 -> 4:00–5:30 م | C40: 1 | D40: المجموعة 1 | E40: 5 ضد 6
A41: 7 | B41: =المدخلات!$F$4 -> 4:00–5:30 م | C41: 2 | D41: المجموعة 2 | E41: 12 ضد 13
A42: 7 | B42: =المدخلات!$F$5 -> 5:40–7:10 م | C42: 1 | D42: المجموعة 2 | E42: 8 ضد 9
A43: 7 | B43: =المدخلات!$F$5 -> 5:40–7:10 م | C43: 2 | D43: المجموعة 2 | E43: 11 ضد 14
A44: 7 | B44: =المدخلات!$F$6 -> 7:20–8:50 م | C44: 1 | D44: المجموعة 1 | E44: 1 ضد 2
A45: 7 | B45: =المدخلات!$F$6 -> 7:20–8:50 م | C45: 2 | D45: المجموعة 1 | E45: 4 ضد 7
A46: 8 | B46: =المدخلات!$F$4 -> 4:00–5:30 م | C46: 1 | D46: المجموعة 1 | E46: 7 ضد 2
A47: 8 | B47: =المدخلات!$F$4 -> 4:00–5:30 م | C47: 2 | D47: المجموعة 2 | E47: 14 ضد 9
A48: 8 | B48: =المدخلات!$F$5 -> 5:40–7:10 م | C48: 1 | D48: المجموعة 2 | E48: 13 ضد 10
A49: 8 | B49: =المدخلات!$F$5 -> 5:40–7:10 م | C49: 2 | D49: المجموعة 1 | E49: 6 ضد 3
A50: 8 | B50: =المدخلات!$F$6 -> 7:20–8:50 م | C50: 1 | D50: المجموعة 2 | E50: 12 ضد 11
A51: 8 | B51: =المدخلات!$F$6 -> 7:20–8:50 م | C51: 2 | D51: المجموعة 1 | E51: 5 ضد 4
A52: 9 | B52: =المدخلات!$F$4 -> 4:00–5:30 م | C52: 1 | D52: المجموعة 1 | E52: 7 ضد 1
A53: 9 | B53: =المدخلات!$F$4 -> 4:00–5:30 م | C53: 2 | D53: المجموعة 1 | E53: 4 ضد 3
A54: 9 | B54: =المدخلات!$F$5 -> 5:40–7:10 م | C54: 1 | D54: المجموعة 1 | E54: 5 ضد 2
A55: 9 | B55: =المدخلات!$F$5 -> 5:40–7:10 م | C55: 2 | D55: المجموعة 2 | E55: 12 ضد 9
A56: 9 | B56: =المدخلات!$F$6 -> 7:20–8:50 م | C56: 1 | D56: المجموعة 2 | E56: 14 ضد 8
A57: 9 | B57: =المدخلات!$F$6 -> 7:20–8:50 م | C57: 2 | D57: المجموعة 2 | E57: 11 ضد 10
A58: 10 | B58: =المدخلات!$F$4 -> 4:00–5:30 م | C58: 1 | D58: المجموعة 2 | E58: 12 ضد 14
A59: 10 | B59: =المدخلات!$F$4 -> 4:00–5:30 م | C59: 2 | D59: المجموعة 2 | E59: 10 ضد 9
A60: 10 | B60: =المدخلات!$F$5 -> 5:40–7:10 م | C60: 1 | D60: المجموعة 1 | E60: 5 ضد 7
A61: 10 | B61: =المدخلات!$F$5 -> 5:40–7:10 م | C61: 2 | D61: المجموعة 2 | E61: 13 ضد 8
A62: 10 | B62: =المدخلات!$F$6 -> 7:20–8:50 م | C62: 1 | D62: المجموعة 1 | E62: 6 ضد 1
A63: 10 | B63: =المدخلات!$F$6 -> 7:20–8:50 م | C63: 2 | D63: المجموعة 1 | E63: 3 ضد 2
A64: 11 | B64: =المدخلات!$F$4 -> 4:00–5:30 م | C64: 1 | D64: المجموعة 1 | E64: 5 ضد 1
A65: 11 | B65: =المدخلات!$F$4 -> 4:00–5:30 م | C65: 2 | D65: المجموعة 2 | E65: 10 ضد 14
A66: 11 | B66: =المدخلات!$F$5 -> 5:40–7:10 م | C66: 1 | D66: المجموعة 1 | E66: 4 ضد 6
A67: 11 | B67: =المدخلات!$F$5 -> 5:40–7:10 م | C67: 2 | D67: المجموعة 2 | E67: 11 ضد 13
A68: 11 | B68: =المدخلات!$F$6 -> 7:20–8:50 م | C68: 1 | D68: المجموعة 2 | E68: 12 ضد 8
A69: 11 | B69: =المدخلات!$F$6 -> 7:20–8:50 م | C69: 2 | D69: المجموعة 1 | E69: 3 ضد 7
A70: 12 | B70: =المدخلات!$F$4 -> 4:00–5:30 م | C70: 1 | D70: المجموعة 1 | E70: 2 ضد 6
A71: 12 | B71: =المدخلات!$F$4 -> 4:00–5:30 م | C71: 2 | D71: المجموعة 2 | E71: 11 ضد 8
A72: 12 | B72: =المدخلات!$F$5 -> 5:40–7:10 م | C72: 1 | D72: المجموعة 1 | E72: 4 ضد 1
A73: 12 | B73: =المدخلات!$F$5 -> 5:40–7:10 م | C73: 2 | D73: المجموعة 2 | E73: 10 ضد 12
A74: 12 | B74: =المدخلات!$F$6 -> 7:20–8:50 م | C74: 1 | D74: المجموعة 2 | E74: 9 ضد 13
A75: 12 | B75: =المدخلات!$F$6 -> 7:20–8:50 م | C75: 2 | D75: المجموعة 1 | E75: 3 ضد 5
A76: 13 | B76: =المدخلات!$F$4 -> 4:00–5:30 م | C76: 1 | D76: المجموعة 1 | E76: 2 ضد 4
A77: 13 | B77: =المدخلات!$F$4 -> 4:00–5:30 م | C77: 2 | D77: المجموعة 1 | E77: 7 ضد 6
A78: 13 | B78: =المدخلات!$F$5 -> 5:40–7:10 م | C78: 1 | D78: المجموعة 1 | E78: 3 ضد 1
A79: 13 | B79: =المدخلات!$F$5 -> 5:40–7:10 م | C79: 2 | D79: المجموعة 2 | E79: 9 ضد 11
A80: 13 | B80: =المدخلات!$F$6 -> 7:20–8:50 م | C80: 1 | D80: المجموعة 2 | E80: 14 ضد 13
A81: 13 | B81: =المدخلات!$F$6 -> 7:20–8:50 م | C81: 2 | D81: المجموعة 2 | E81: 10 ضد 8
A82: 14 | B82: =المدخلات!$F$4 -> 4:00–5:30 م | C82: 1 | D82: المجموعة 2 | E82: 9 ضد 8
A83: 14 | B83: =المدخلات!$F$4 -> 4:00–5:30 م | C83: 2 | D83: المجموعة 2 | E83: 13 ضد 12
A84: 14 | B84: =المدخلات!$F$5 -> 5:40–7:10 م | C84: 1 | D84: المجموعة 1 | E84: 2 ضد 1
A85: 14 | B85: =المدخلات!$F$5 -> 5:40–7:10 م | C85: 2 | D85: المجموعة 1 | E85: 7 ضد 4
A86: 14 | B86: =المدخلات!$F$6 -> 7:20–8:50 م | C86: 1 | D86: المجموعة 1 | E86: 6 ضد 5
A87: 14 | B87: =المدخلات!$F$6 -> 7:20–8:50 م | C87: 2 | D87: المجموعة 2 | E87: 14 ضد 11
A88: 15 | B88: =المدخلات!$F$4 -> 4:00–5:30 م | C88: 1 | D88: المجموعة 1 | E88: 3 ضد 6
A89: 15 | B89: =المدخلات!$F$4 -> 4:00–5:30 م | C89: 2 | D89: المجموعة 1 | E89: 4 ضد 5
A90: 15 | B90: =المدخلات!$F$5 -> 5:40–7:10 م | C90: 1 | D90: المجموعة 2 | E90: 9 ضد 14
A91: 15 | B91: =المدخلات!$F$5 -> 5:40–7:10 م | C91: 2 | D91: المجموعة 1 | E91: 2 ضد 7
A92: 15 | B92: =المدخلات!$F$6 -> 7:20–8:50 م | C92: 1 | D92: المجموعة 2 | E92: 11 ضد 12
A93: 15 | B93: =المدخلات!$F$6 -> 7:20–8:50 م | C93: 2 | D93: المجموعة 2 | E93: 10 ضد 13
A94: 16 | B94: =المدخلات!$F$4 -> 4:00–5:30 م | C94: 1 | D94: المجموعة 1 | E94: 2 ضد 5
A95: 16 | B95: =المدخلات!$F$4 -> 4:00–5:30 م | C95: 2 | D95: المجموعة 1 | E95: 3 ضد 4
A96: 16 | B96: =المدخلات!$F$5 -> 5:40–7:10 م | C96: 1 | D96: المجموعة 2 | E96: 8 ضد 14
A97: 16 | B97: =المدخلات!$F$5 -> 5:40–7:10 م | C97: 2 | D97: المجموعة 2 | E97: 10 ضد 11
A98: 16 | B98: =المدخلات!$F$6 -> 7:20–8:50 م | C98: 1 | D98: المجموعة 1 | E98: 1 ضد 7
A99: 16 | B99: =المدخلات!$F$6 -> 7:20–8:50 م | C99: 2 | D99: المجموعة 2 | E99: 9 ضد 12
A100: 17 | B100: =المدخلات!$F$4 -> 4:00–5:30 م | C100: 1 | D100: المجموعة 2 | E100: 14 ضد 12
A101: 17 | B101: =المدخلات!$F$4 -> 4:00–5:30 م | C101: 2 | D101: المجموعة 2 | E101: 9 ضد 10
...

Sheet 15 فريقًا
A1: بطولة 15 فريقًا – تحت 14
A3: اليوم | B3: الوقت | C3: الملعب | D3: المجموعة / الدور | E3: المباراة
A4: 1 | B4: =المدخلات!$F$4 -> 4:00–5:30 م | C4: 1 | D4: المجموعة 1 | E4: 2 ضد 7
A5: 1 | B5: =المدخلات!$F$4 -> 4:00–5:30 م | C5: 2 | D5: المجموعة 1 | E5: 3 ضد 6
A6: 1 | B6: =المدخلات!$F$4 -> 4:00–5:30 م | C6: 3 | D6: المجموعة 1 | E6: 4 ضد 5
A7: 1 | B7: =المدخلات!$F$5 -> 5:40–7:10 م | C7: 1 | D7: المجموعة 2 | E7: 8 ضد 15
A8: 1 | B8: =المدخلات!$F$5 -> 5:40–7:10 م | C8: 2 | D8: المجموعة 2 | E8: 9 ضد 14
A9: 1 | B9: =المدخلات!$F$6 -> 7:20–8:50 م | C9: 1 | D9: المجموعة 2 | E9: 10 ضد 13
A10: 1 | B10: =المدخلات!$F$6 -> 7:20–8:50 م | C10: 2 | D10: المجموعة 2 | E10: 11 ضد 12
A11: 2 | B11: =المدخلات!$F$4 -> 4:00–5:30 م | C11: 1 | D11: المجموعة 2 | E11: 9 ضد 12
A12: 2 | B12: =المدخلات!$F$4 -> 4:00–5:30 م | C12: 2 | D12: المجموعة 2 | E12: 10 ضد 11
A13: 2 | B13: =المدخلات!$F$5 -> 5:40–7:10 م | C13: 1 | D13: المجموعة 1 | E13: 1 ضد 7
A14: 2 | B14: =المدخلات!$F$5 -> 5:40–7:10 م | C14: 2 | D14: المجموعة 1 | E14: 2 ضد 5
A15: 2 | B15: =المدخلات!$F$5 -> 5:40–7:10 م | C15: 3 | D15: المجموعة 1 | E15: 3 ضد 4
A16: 2 | B16: =المدخلات!$F$6 -> 7:20–8:50 م | C16: 1 | D16: المجموعة 2 | E16: 8 ضد 14
A17: 2 | B17: =المدخلات!$F$6 -> 7:20–8:50 م | C17: 2 | D17: المجموعة 2 | E17: 15 ضد 13
A18: 3 | B18: =المدخلات!$F$4 -> 4:00–5:30 م | C18: 1 | D18: المجموعة 2 | E18: 8 ضد 13
A19: 3 | B19: =المدخلات!$F$4 -> 4:00–5:30 م | C19: 2 | D19: المجموعة 2 | E19: 14 ضد 12
A20: 3 | B20: =المدخلات!$F$5 -> 5:40–7:10 م | C20: 1 | D20: المجموعة 2 | E20: 15 ضد 11
A21: 3 | B21: =المدخلات!$F$5 -> 5:40–7:10 م | C21: 2 | D21: المجموعة 2 | E21: 9 ضد 10
A22: 3 | B22: =المدخلات!$F$6 -> 7:20–8:50 م | C22: 1 | D22: المجموعة 1 | E22: 1 ضد 6
A23: 3 | B23: =المدخلات!$F$6 -> 7:20–8:50 م | C23: 2 | D23: المجموعة 1 | E23: 7 ضد 5
A24: 3 | B24: =المدخلات!$F$6 -> 7:20–8:50 م | C24: 3 | D24: المجموعة 1 | E24: 2 ضد 3
A25: 4 | B25: =المدخلات!$F$4 -> 4:00–5:30 م | C25: 1 | D25: المجموعة 1 | E25: 1 ضد 5
A26: 4 | B26: =المدخلات!$F$4 -> 4:00–5:30 م | C26: 2 | D26: المجموعة 2 | E26: 15 ضد 9
A27: 4 | B27: =المدخلات!$F$4 -> 4:00–5:30 م | C27: 3 | D27: المجموعة 1 | E27: 6 ضد 4
A28: 4 | B28: =المدخلات!$F$5 -> 5:40–7:10 م | C28: 1 | D28: المجموعة 2 | E28: 8 ضد 12
A29: 4 | B29: =المدخلات!$F$5 -> 5:40–7:10 م | C29: 2 | D29: المجموعة 2 | E29: 13 ضد 11
A30: 4 | B30: =المدخلات!$F$6 -> 7:20–8:50 م | C30: 1 | D30: المجموعة 1 | E30: 7 ضد 3
A31: 4 | B31: =المدخلات!$F$6 -> 7:20–8:50 م | C31: 2 | D31: المجموعة 2 | E31: 14 ضد 10
A32: 5 | B32: =المدخلات!$F$4 -> 4:00–5:30 م | C32: 1 | D32: المجموعة 2 | E32: 14 ضد 15
A33: 5 | B33: =المدخلات!$F$4 -> 4:00–5:30 م | C33: 2 | D33: المجموعة 2 | E33: 12 ضد 10
A34: 5 | B34: =المدخلات!$F$5 -> 5:40–7:10 م | C34: 1 | D34: المجموعة 1 | E34: 6 ضد 2
A35: 5 | B35: =المدخلات!$F$5 -> 5:40–7:10 م | C35: 2 | D35: المجموعة 1 | E35: 1 ضد 4
A36: 5 | B36: =المدخلات!$F$5 -> 5:40–7:10 م | C36: 3 | D36: المجموعة 1 | E36: 5 ضد 3
A37: 5 | B37: =المدخلات!$F$6 -> 7:20–8:50 م | C37: 1 | D37: المجموعة 2 | E37: 8 ضد 11
A38: 5 | B38: =المدخلات!$F$6 -> 7:20–8:50 م | C38: 2 | D38: المجموعة 2 | E38: 13 ضد 9
A39: 6 | B39: =المدخلات!$F$4 -> 4:00–5:30 م | C39: 1 | D39: المجموعة 1 | E39: 6 ضد 7
A40: 6 | B40: =المدخلات!$F$4 -> 4:00–5:30 م | C40: 2 | D40: المجموعة 2 | E40: 8 ضد 10
A41: 6 | B41: =المدخلات!$F$5 -> 5:40–7:10 م | C41: 1 | D41: المجموعة 2 | E41: 13 ضد 14
A42: 6 | B42: =المدخلات!$F$5 -> 5:40–7:10 م | C42: 2 | D42: المجموعة 2 | E42: 11 ضد 9
A43: 6 | B43: =المدخلات!$F$6 -> 7:20–8:50 م | C43: 1 | D43: المجموعة 1 | E43: 4 ضد 2
A44: 6 | B44: =المدخلات!$F$6 -> 7:20–8:50 م | C44: 2 | D44: المجموعة 2 | E44: 12 ضد 15
A45: 6 | B45: =المدخلات!$F$6 -> 7:20–8:50 م | C45: 3 | D45: المجموعة 1 | E45: 1 ضد 3
A46: 7 | B46: =المدخلات!$F$4 -> 4:00–5:30 م | C46: 1 | D46: المجموعة 1 | E46: 1 ضد 2
A47: 7 | B47: =المدخلات!$F$4 -> 4:00–5:30 م | C47: 2 | D47: المجموعة 2 | E47: 11 ضد 14
A48: 7 | B48: =المدخلات!$F$4 -> 4:00–5:30 م | C48: 3 | D48: المجموعة 1 | E48: 4 ضد 7
A49: 7 | B49: =المدخلات!$F$5 -> 5:40–7:10 م | C49: 1 | D49: المجموعة 1 | E49: 5 ضد 6
A50: 7 | B50: =المدخلات!$F$5 -> 5:40–7:10 م | C50: 2 | D50: المجموعة 2 | E50: 10 ضد 15
A51: 7 | B51: =المدخلات!$F$6 -> 7:20–8:50 م | C51: 1 | D51: المجموعة 2 | E51: 8 ضد 9
A52: 7 | B52: =المدخلات!$F$6 -> 7:20–8:50 م | C52: 2 | D52: المجموعة 2 | E52: 12 ضد 13
A53: 8 | B53: =المدخلات!$F$4 -> 4:00–5:30 م | C53: 1 | D53: المجموعة 2 | E53: 15 ضد 8
A54: 8 | B54: =المدخلات!$F$4 -> 4:00–5:30 م | C54: 2 | D54: المجموعة 2 | E54: 12 ضد 11
A55: 8 | B55: =المدخلات!$F$5 -> 5:40–7:10 م | C55: 1 | D55: المجموعة 1 | E55: 7 ضد 2
A56: 8 | B56: =المدخلات!$F$5 -> 5:40–7:10 م | C56: 2 | D56: المجموعة 1 | E56: 6 ضد 3
A57: 8 | B57: =المدخلات!$F$5 -> 5:40–7:10 م | C57: 3 | D57: المجموعة 2 | E57: 13 ضد 10
A58: 8 | B58: =المدخلات!$F$6 -> 7:20–8:50 م | C58: 1 | D58: المجموعة 1 | E58: 5 ضد 4
A59: 8 | B59: =المدخلات!$F$6 -> 7:20–8:50 م | C59: 2 | D59: المجموعة 2 | E59: 14 ضد 9
A60: 9 | B60: =المدخلات!$F$4 -> 4:00–5:30 م | C60: 1 | D60: المجموعة 1 | E60: 4 ضد 3
A61: 9 | B61: =المدخلات!$F$4 -> 4:00–5:30 م | C61: 2 | D61: المجموعة 2 | E61: 13 ضد 15
A62: 9 | B62: =المدخلات!$F$5 -> 5:40–7:10 م | C62: 1 | D62: المجموعة 2 | E62: 14 ضد 8
A63: 9 | B63: =المدخلات!$F$5 -> 5:40–7:10 م | C63: 2 | D63: المجموعة 2 | E63: 12 ضد 9
A64: 9 | B64: =المدخلات!$F$6 -> 7:20–8:50 م | C64: 1 | D64: المجموعة 1 | E64: 7 ضد 1
A65: 9 | B65: =المدخلات!$F$6 -> 7:20–8:50 م | C65: 2 | D65: المجموعة 1 | E65: 5 ضد 2
A66: 9 | B66: =المدخلات!$F$6 -> 7:20–8:50 م | C66: 3 | D66: المجموعة 2 | E66: 11 ضد 10
A67: 10 | B67: =المدخلات!$F$4 -> 4:00–5:30 م | C67: 1 | D67: المجموعة 1 | E67: 3 ضد 2
A68: 10 | B68: =المدخلات!$F$4 -> 4:00–5:30 م | C68: 2 | D68: المجموعة 1 | E68: 6 ضد 1
A69: 10 | B69: =المدخلات!$F$4 -> 4:00–5:30 م | C69: 3 | D69: المجموعة 1 | E69: 5 ضد 7
A70: 10 | B70: =المدخلات!$F$5 -> 5:40–7:10 م | C70: 1 | D70: المجموعة 2 | E70: 12 ضد 14
A71: 10 | B71: =المدخلات!$F$5 -> 5:40–7:10 م | C71: 2 | D71: المجموعة 2 | E71: 13 ضد 8
A72: 10 | B72: =المدخلات!$F$6 -> 7:20–8:50 م | C72: 1 | D72: المجموعة 2 | E72: 11 ضد 15
A73: 10 | B73: =المدخلات!$F$6 -> 7:20–8:50 م | C73: 2 | D73: المجموعة 2 | E73: 10 ضد 9
A74: 11 | B74: =المدخلات!$F$4 -> 4:00–5:30 م | C74: 1 | D74: المجموعة 2 | E74: 11 ضد 13
A75: 11 | B75: =المدخلات!$F$4 -> 4:00–5:30 م | C75: 2 | D75: المجموعة 2 | E75: 9 ضد 15
A76: 11 | B76: =المدخلات!$F$5 -> 5:40–7:10 م | C76: 1 | D76: المجموعة 1 | E76: 5 ضد 1
A77: 11 | B77: =المدخلات!$F$5 -> 5:40–7:10 م | C77: 2 | D77: المجموعة 1 | E77: 4 ضد 6
A78: 11 | B78: =المدخلات!$F$5 -> 5:40–7:10 م | C78: 3 | D78: المجموعة 1 | E78: 3 ضد 7
A79: 11 | B79: =المدخلات!$F$6 -> 7:20–8:50 م | C79: 1 | D79: المجموعة 2 | E79: 12 ضد 8
A80: 11 | B80: =المدخلات!$F$6 -> 7:20–8:50 م | C80: 2 | D80: المجموعة 2 | E80: 10 ضد 14
A81: 12 | B81: =المدخلات!$F$4 -> 4:00–5:30 م | C81: 1 | D81: المجموعة 2 | E81: 9 ضد 13
A82: 12 | B82: =المدخلات!$F$4 -> 4:00–5:30 م | C82: 2 | D82: المجموعة 2 | E82: 11 ضد 8
A83: 12 | B83: =المدخلات!$F$5 -> 5:40–7:10 م | C83: 1 | D83: المجموعة 2 | E83: 10 ضد 12
A84: 12 | B84: =المدخلات!$F$5 -> 5:40–7:10 م | C84: 2 | D84: المجموعة 2 | E84: 15 ضد 14
A85: 12 | B85: =المدخلات!$F$6 -> 7:20–8:50 م | C85: 1 | D85: المجموعة 1 | E85: 2 ضد 6
A86: 12 | B86: =المدخلات!$F$6 -> 7:20–8:50 م | C86: 2 | D86: المجموعة 1 | E86: 4 ضد 1
A87: 12 | B87: =المدخلات!$F$6 -> 7:20–8:50 م | C87: 3 | D87: المجموعة 1 | E87: 3 ضد 5
A88: 13 | B88: =المدخلات!$F$4 -> 4:00–5:30 م | C88: 1 | D88: المجموعة 1 | E88: 3 ضد 1
A89: 13 | B89: =المدخلات!$F$4 -> 4:00–5:30 م | C89: 2 | D89: المجموعة 1 | E89: 2 ضد 4
A90: 13 | B90: =المدخلات!$F$4 -> 4:00–5:30 م | C90: 3 | D90: المجموعة 2 | E90: 10 ضد 8
A91: 13 | B91: =المدخلات!$F$5 -> 5:40–7:10 م | C91: 1 | D91: المجموعة 1 | E91: 7 ضد 6
A92: 13 | B92: =المدخلات!$F$5 -> 5:40–7:10 م | C92: 2 | D92: المجموعة 2 | E92: 9 ضد 11
A93: 13 | B93: =المدخلات!$F$6 -> 7:20–8:50 م | C93: 1 | D93: المجموعة 2 | E93: 15 ضد 12
A94: 13 | B94: =المدخلات!$F$6 -> 7:20–8:50 م | C94: 2 | D94: المجموعة 2 | E94: 14 ضد 13
A95: 14 | B95: =المدخلات!$F$4 -> 4:00–5:30 م | C95: 1 | D95: المجموعة 2 | E95: 14 ضد 11
A96: 14 | B96: =المدخلات!$F$4 -> 4:00–5:30 م | C96: 2 | D96: المجموعة 2 | E96: 13 ضد 12
A97: 14 | B97: =المدخلات!$F$5 -> 5:40–7:10 م | C97: 1 | D97: المجموعة 1 | E97: 2 ضد 1
A98: 14 | B98: =المدخلات!$F$5 -> 5:40–7:10 م | C98: 2 | D98: المجموعة 1 | E98: 7 ضد 4
A99: 14 | B99: =المدخلات!$F$5 -> 5:40–7:10 م | C99: 3 | D99: المجموعة 2 | E99: 15 ضد 10
A100: 14 | B100: =المدخلات!$F$6 -> 7:20–8:50 م | C100: 1 | D100: المجموعة 1 | E100: 6 ضد 5
A101: 14 | B101: =المدخلات!$F$6 -> 7:20–8:50 م | C101: 2 | D101: المجموعة 2 | E101: 9 ضد 8
...

Sheet 16 فريقًا
A1: بطولة 16 فريقًا – تحت 14
A3: اليوم | B3: الوقت | C3: الملعب | D3: المجموعة / الدور | E3: المباراة
A4: 1 | B4: =المدخلات!$F$4 -> 4:00–5:30 م | C4: 1 | D4: المجموعة 1 | E4: 1 ضد 8
A5: 1 | B5: =المدخلات!$F$4 -> 4:00–5:30 م | C5: 2 | D5: المجموعة 1 | E5: 2 ضد 7
A6: 1 | B6: =المدخلات!$F$4 -> 4:00–5:30 م | C6: 3 | D6: المجموعة 1 | E6: 3 ضد 6
A7: 1 | B7: =المدخلات!$F$5 -> 5:40–7:10 م | C7: 1 | D7: المجموعة 1 | E7: 4 ضد 5
A8: 1 | B8: =المدخلات!$F$5 -> 5:40–7:10 م | C8: 2 | D8: المجموعة 2 | E8: 9 ضد 16
A9: 1 | B9: =المدخلات!$F$5 -> 5:40–7:10 م | C9: 3 | D9: المجموعة 2 | E9: 10 ضد 15
A10: 1 | B10: =المدخلات!$F$6 -> 7:20–8:50 م | C10: 1 | D10: المجموعة 2 | E10: 11 ضد 14
A11: 1 | B11: =المدخلات!$F$6 -> 7:20–8:50 م | C11: 2 | D11: المجموعة 2 | E11: 12 ضد 13
A12: 2 | B12: =المدخلات!$F$4 -> 4:00–5:30 م | C12: 1 | D12: المجموعة 2 | E12: 16 ضد 14
A13: 2 | B13: =المدخلات!$F$4 -> 4:00–5:30 م | C13: 2 | D13: المجموعة 2 | E13: 10 ضد 13
A14: 2 | B14: =المدخلات!$F$5 -> 5:40–7:10 م | C14: 1 | D14: المجموعة 1 | E14: 1 ضد 7
A15: 2 | B15: =المدخلات!$F$5 -> 5:40–7:10 م | C15: 2 | D15: المجموعة 1 | E15: 8 ضد 6
A16: 2 | B16: =المدخلات!$F$5 -> 5:40–7:10 م | C16: 3 | D16: المجموعة 2 | E16: 11 ضد 12
A17: 2 | B17: =المدخلات!$F$6 -> 7:20–8:50 م | C17: 1 | D17: المجموعة 1 | E17: 2 ضد 5
A18: 2 | B18: =المدخلات!$F$6 -> 7:20–8:50 م | C18: 2 | D18: المجموعة 1 | E18: 3 ضد 4
A19: 2 | B19: =المدخلات!$F$6 -> 7:20–8:50 م | C19: 3 | D19: المجموعة 2 | E19: 9 ضد 15
A20: 3 | B20: =المدخلات!$F$4 -> 4:00–5:30 م | C20: 1 | D20: المجموعة 2 | E20: 9 ضد 14
A21: 3 | B21: =المدخلات!$F$4 -> 4:00–5:30 م | C21: 2 | D21: المجموعة 2 | E21: 15 ضد 13
A22: 3 | B22: =المدخلات!$F$4 -> 4:00–5:30 م | C22: 3 | D22: المجموعة 2 | E22: 16 ضد 12
A23: 3 | B23: =المدخلات!$F$5 -> 5:40–7:10 م | C23: 1 | D23: المجموعة 1 | E23: 2 ضد 3
A24: 3 | B24: =المدخلات!$F$5 -> 5:40–7:10 م | C24: 2 | D24: المجموعة 2 | E24: 10 ضد 11
A25: 3 | B25: =المدخلات!$F$6 -> 7:20–8:50 م | C25: 1 | D25: المجموعة 1 | E25: 1 ضد 6
A26: 3 | B26: =المدخلات!$F$6 -> 7:20–8:50 م | C26: 2 | D26: المجموعة 1 | E26: 7 ضد 5
A27: 3 | B27: =المدخلات!$F$6 -> 7:20–8:50 م | C27: 3 | D27: المجموعة 1 | E27: 8 ضد 4
A28: 4 | B28: =المدخلات!$F$4 -> 4:00–5:30 م | C28: 1 | D28: المجموعة 1 | E28: 1 ضد 5
A29: 4 | B29: =المدخلات!$F$4 -> 4:00–5:30 م | C29: 2 | D29: المجموعة 1 | E29: 6 ضد 4
A30: 4 | B30: =المدخلات!$F$4 -> 4:00–5:30 م | C30: 3 | D30: المجموعة 2 | E30: 15 ضد 11
A31: 4 | B31: =المدخلات!$F$5 -> 5:40–7:10 م | C31: 1 | D31: المجموعة 2 | E31: 9 ضد 13
A32: 4 | B32: =المدخلات!$F$5 -> 5:40–7:10 م | C32: 2 | D32: المجموعة 2 | E32: 14 ضد 12
A33: 4 | B33: =المدخلات!$F$5 -> 5:40–7:10 م | C33: 3 | D33: المجموعة 1 | E33: 7 ضد 3
A34: 4 | B34: =المدخلات!$F$6 -> 7:20–8:50 م | C34: 1 | D34: المجموعة 2 | E34: 16 ضد 10
A35: 4 | B35: =المدخلات!$F$6 -> 7:20–8:50 م | C35: 2 | D35: المجموعة 1 | E35: 8 ضد 2
A36: 5 | B36: =المدخلات!$F$4 -> 4:00–5:30 م | C36: 1 | D36: المجموعة 1 | E36: 5 ضد 3
A37: 5 | B37: =المدخلات!$F$4 -> 4:00–5:30 م | C37: 2 | D37: المجموعة 1 | E37: 7 ضد 8
A38: 5 | B38: =المدخلات!$F$5 -> 5:40–7:10 م | C38: 1 | D38: المجموعة 1 | E38: 1 ضد 4
A39: 5 | B39: =المدخلات!$F$5 -> 5:40–7:10 م | C39: 2 | D39: المجموعة 1 | E39: 6 ضد 2
A40: 5 | B40: =المدخلات!$F$5 -> 5:40–7:10 م | C40: 3 | D40: المجموعة 2 | E40: 15 ضد 16
A41: 5 | B41: =المدخلات!$F$6 -> 7:20–8:50 م | C41: 1 | D41: المجموعة 2 | E41: 9 ضد 12
A42: 5 | B42: =المدخلات!$F$6 -> 7:20–8:50 م | C42: 2 | D42: المجموعة 2 | E42: 13 ضد 11
A43: 5 | B43: =المدخلات!$F$6 -> 7:20–8:50 م | C43: 3 | D43: المجموعة 2 | E43: 14 ضد 10
A44: 6 | B44: =المدخلات!$F$4 -> 4:00–5:30 م | C44: 1 | D44: المجموعة 1 | E44: 4 ضد 2
A45: 6 | B45: =المدخلات!$F$4 -> 4:00–5:30 م | C45: 2 | D45: المجموعة 2 | E45: 9 ضد 11
A46: 6 | B46: =المدخلات!$F$4 -> 4:00–5:30 م | C46: 3 | D46: المجموعة 2 | E46: 12 ضد 10
A47: 6 | B47: =المدخلات!$F$5 -> 5:40–7:10 م | C47: 1 | D47: المجموعة 1 | E47: 5 ضد 8
A48: 6 | B48: =المدخلات!$F$5 -> 5:40–7:10 م | C48: 2 | D48: المجموعة 2 | E48: 14 ضد 15
A49: 6 | B49: =المدخلات!$F$6 -> 7:20–8:50 م | C49: 1 | D49: المجموعة 1 | E49: 1 ضد 3
A50: 6 | B50: =المدخلات!$F$6 -> 7:20–8:50 م | C50: 2 | D50: المجموعة 1 | E50: 6 ضد 7
A51: 6 | B51: =المدخلات!$F$6 -> 7:20–8:50 م | C51: 3 | D51: المجموعة 2 | E51: 13 ضد 16
A52: 7 | B52: =المدخلات!$F$4 -> 4:00–5:30 م | C52: 1 | D52: المجموعة 1 | E52: 1 ضد 2
A53: 7 | B53: =المدخلات!$F$4 -> 4:00–5:30 م | C53: 2 | D53: المجموعة 1 | E53: 3 ضد 8
A54: 7 | B54: =المدخلات!$F$4 -> 4:00–5:30 م | C54: 3 | D54: المجموعة 1 | E54: 4 ضد 7
A55: 7 | B55: =المدخلات!$F$5 -> 5:40–7:10 م | C55: 1 | D55: المجموعة 2 | E55: 13 ضد 14
A56: 7 | B56: =المدخلات!$F$5 -> 5:40–7:10 م | C56: 2 | D56: المجموعة 1 | E56: 5 ضد 6
A57: 7 | B57: =المدخلات!$F$5 -> 5:40–7:10 م | C57: 3 | D57: المجموعة 2 | E57: 9 ضد 10
A58: 7 | B58: =المدخلات!$F$6 -> 7:20–8:50 م | C58: 1 | D58: المجموعة 2 | E58: 12 ضد 15
A59: 7 | B59: =المدخلات!$F$6 -> 7:20–8:50 م | C59: 2 | D59: المجموعة 2 | E59: 11 ضد 16
A60: 8 | B60: =المدخلات!$F$4 -> 4:00–5:30 م | C60: 1 | D60: المجموعة 2 | E60: 16 ضد 9
A61: 8 | B61: =المدخلات!$F$4 -> 4:00–5:30 م | C61: 2 | D61: المجموعة 2 | E61: 14 ضد 11
A62: 8 | B62: =المدخلات!$F$5 -> 5:40–7:10 م | C62: 1 | D62: المجموعة 1 | E62: 8 ضد 1
A63: 8 | B63: =المدخلات!$F$5 -> 5:40–7:10 م | C63: 2 | D63: المجموعة 1 | E63: 7 ضد 2
A64: 8 | B64: =المدخلات!$F$5 -> 5:40–7:10 م | C64: 3 | D64: المجموعة 2 | E64: 13 ضد 12
A65: 8 | B65: =المدخلات!$F$6 -> 7:20–8:50 م | C65: 1 | D65: المجموعة 1 | E65: 6 ضد 3
A66: 8 | B66: =المدخلات!$F$6 -> 7:20–8:50 م | C66: 2 | D66: المجموعة 1 | E66: 5 ضد 4
A67: 8 | B67: =المدخلات!$F$6 -> 7:20–8:50 م | C67: 3 | D67: المجموعة 2 | E67: 15 ضد 10
A68: 9 | B68: =المدخلات!$F$4 -> 4:00–5:30 م | C68: 1 | D68: المجموعة 2 | E68: 13 ضد 10
A69: 9 | B69: =المدخلات!$F$4 -> 4:00–5:30 م | C69: 2 | D69: المجموعة 2 | E69: 15 ضد 9
A70: 9 | B70: =المدخلات!$F$4 -> 4:00–5:30 م | C70: 3 | D70: المجموعة 2 | E70: 12 ضد 11
A71: 9 | B71: =المدخلات!$F$5 -> 5:40–7:10 م | C71: 1 | D71: المجموعة 1 | E71: 4 ضد 3
A72: 9 | B72: =المدخلات!$F$5 -> 5:40–7:10 م | C72: 2 | D72: المجموعة 2 | E72: 14 ضد 16
A73: 9 | B73: =المدخلات!$F$6 -> 7:20–8:50 م | C73: 1 | D73: المجموعة 1 | E73: 7 ضد 1
A74: 9 | B74: =المدخلات!$F$6 -> 7:20–8:50 م | C74: 2 | D74: المجموعة 1 | E74: 6 ضد 8
A75: 9 | B75: =المدخلات!$F$6 -> 7:20–8:50 م | C75: 3 | D75: المجموعة 1 | E75: 5 ضد 2
A76: 10 | B76: =المدخلات!$F$4 -> 4:00–5:30 م | C76: 1 | D76: المجموعة 1 | E76: 6 ضد 1
A77: 10 | B77: =المدخلات!$F$4 -> 4:00–5:30 م | C77: 2 | D77: المجموعة 1 | E77: 5 ضد 7
A78: 10 | B78: =المدخلات!$F$4 -> 4:00–5:30 م | C78: 3 | D78: المجموعة 1 | E78: 4 ضد 8
A79: 10 | B79: =المدخلات!$F$5 -> 5:40–7:10 م | C79: 1 | D79: المجموعة 2 | E79: 11 ضد 10
A80: 10 | B80: =المدخلات!$F$5 -> 5:40–7:10 م | C80: 2 | D80: المجموعة 1 | E80: 3 ضد 2
A81: 10 | B81: =المدخلات!$F$5 -> 5:40–7:10 م | C81: 3 | D81: المجموعة 2 | E81: 13 ضد 15
A82: 10 | B82: =المدخلات!$F$6 -> 7:20–8:50 م | C82: 1 | D82: المجموعة 2 | E82: 14 ضد 9
A83: 10 | B83: =المدخلات!$F$6 -> 7:20–8:50 م | C83: 2 | D83: المجموعة 2 | E83: 12 ضد 16
A84: 11 | B84: =المدخلات!$F$4 -> 4:00–5:30 م | C84: 1 | D84: المجموعة 2 | E84: 12 ضد 14
A85: 11 | B85: =المدخلات!$F$4 -> 4:00–5:30 م | C85: 2 | D85: المجموعة 2 | E85: 10 ضد 16
A86: 11 | B86: =المدخلات!$F$5 -> 5:40–7:10 م | C86: 1 | D86: المجموعة 1 | E86: 5 ضد 1
A87: 11 | B87: =المدخلات!$F$5 -> 5:40–7:10 م | C87: 2 | D87: المجموعة 1 | E87: 4 ضد 6
A88: 11 | B88: =المدخلات!$F$5 -> 5:40–7:10 م | C88: 3 | D88: المجموعة 1 | E88: 3 ضد 7
A89: 11 | B89: =المدخلات!$F$6 -> 7:20–8:50 م | C89: 1 | D89: المجموعة 1 | E89: 2 ضد 8
A90: 11 | B90: =المدخلات!$F$6 -> 7:20–8:50 م | C90: 2 | D90: المجموعة 2 | E90: 13 ضد 9
A91: 11 | B91: =المدخلات!$F$6 -> 7:20–8:50 م | C91: 3 | D91: المجموعة 2 | E91: 11 ضد 15
A92: 12 | B92: =المدخلات!$F$4 -> 4:00–5:30 م | C92: 1 | D92: المجموعة 1 | E92: 2 ضد 6
A93: 12 | B93: =المدخلات!$F$4 -> 4:00–5:30 م | C93: 2 | D93: المجموعة 2 | E93: 11 ضد 13
A94: 12 | B94: =المدخلات!$F$4 -> 4:00–5:30 م | C94: 3 | D94: المجموعة 2 | E94: 16 ضد 15
A95: 12 | B95: =المدخلات!$F$5 -> 5:40–7:10 م | C95: 1 | D95: المجموعة 2 | E95: 12 ضد 9
A96: 12 | B96: =المدخلات!$F$5 -> 5:40–7:10 م | C96: 2 | D96: المجموعة 1 | E96: 8 ضد 7
A97: 12 | B97: =المدخلات!$F$6 -> 7:20–8:50 م | C97: 1 | D97: المجموعة 1 | E97: 4 ضد 1
A98: 12 | B98: =المدخلات!$F$6 -> 7:20–8:50 م | C98: 2 | D98: المجموعة 2 | E98: 10 ضد 14
A99: 12 | B99: =المدخلات!$F$6 -> 7:20–8:50 م | C99: 3 | D99: المجموعة 1 | E99: 3 ضد 5
A100: 13 | B100: =المدخلات!$F$4 -> 4:00–5:30 م | C100: 1 | D100: المجموعة 1 | E100: 3 ضد 1
A101: 13 | B101: =المدخلات!$F$4 -> 4:00–5:30 م | C101: 2 | D101: المجموعة 1 | E101: 8 ضد 5
...

Sheet 17 فريقًا
A1: بطولة 17 فريقًا – تحت 14
A3: اليوم | B3: الوقت | C3: الملعب | D3: المجموعة / الدور | E3: المباراة
A4: 1 | B4: =المدخلات!$F$4 -> 4:00–5:30 م | C4: 1 | D4: المجموعة 1 | E4: 13 ضد 6
A5: 1 | B5: =المدخلات!$F$4 -> 4:00–5:30 م | C5: 2 | D5: المجموعة 1 | E5: 9 ضد 10
A6: 1 | B6: =المدخلات!$F$4 -> 4:00–5:30 م | C6: 3 | D6: المجموعة 1 | E6: 7 ضد 12
A7: 1 | B7: =المدخلات!$F$5 -> 5:40–7:10 م | C7: 1 | D7: المجموعة 1 | E7: 11 ضد 8
A8: 1 | B8: =المدخلات!$F$5 -> 5:40–7:10 م | C8: 2 | D8: المجموعة 1 | E8: 17 ضد 2
A9: 1 | B9: =المدخلات!$F$6 -> 7:20–8:50 م | C9: 1 | D9: المجموعة 1 | E9: 5 ضد 14
A10: 1 | B10: =المدخلات!$F$6 -> 7:20–8:50 م | C10: 2 | D10: المجموعة 1 | E10: 3 ضد 16
A11: 1 | B11: =المدخلات!$F$6 -> 7:20–8:50 م | C11: 3 | D11: المجموعة 1 | E11: 15 ضد 4
A12: 2 | B12: =المدخلات!$F$4 -> 4:00–5:30 م | C12: 1 | D12: المجموعة 1 | E12: 15 ضد 2
A13: 2 | B13: =المدخلات!$F$4 -> 4:00–5:30 م | C13: 2 | D13: المجموعة 1 | E13: 3 ضد 14
A14: 2 | B14: =المدخلات!$F$4 -> 4:00–5:30 م | C14: 3 | D14: المجموعة 1 | E14: 17 ضد 1
A15: 2 | B15: =المدخلات!$F$5 -> 5:40–7:10 م | C15: 1 | D15: المجموعة 1 | E15: 5 ضد 12
A16: 2 | B16: =المدخلات!$F$5 -> 5:40–7:10 م | C16: 2 | D16: المجموعة 1 | E16: 13 ضد 4
A17: 2 | B17: =المدخلات!$F$6 -> 7:20–8:50 م | C17: 1 | D17: المجموعة 1 | E17: 9 ضد 8
A18: 2 | B18: =المدخلات!$F$6 -> 7:20–8:50 م | C18: 2 | D18: المجموعة 1 | E18: 11 ضد 6
A19: 2 | B19: =المدخلات!$F$6 -> 7:20–8:50 م | C19: 3 | D19: المجموعة 1 | E19: 7 ضد 10
A20: 3 | B20: =المدخلات!$F$4 -> 4:00–5:30 م | C20: 1 | D20: المجموعة 1 | E20: 11 ضد 4
A21: 3 | B21: =المدخلات!$F$4 -> 4:00–5:30 م | C21: 2 | D21: المجموعة 1 | E21: 5 ضد 10
A22: 3 | B22: =المدخلات!$F$4 -> 4:00–5:30 م | C22: 3 | D22: المجموعة 1 | E22: 7 ضد 8
A23: 3 | B23: =المدخلات!$F$5 -> 5:40–7:10 م | C23: 1 | D23: المجموعة 1 | E23: 1 ضد 16
A24: 3 | B24: =المدخلات!$F$5 -> 5:40–7:10 م | C24: 2 | D24: المجموعة 1 | E24: 9 ضد 6
A25: 3 | B25: =المدخلات!$F$5 -> 5:40–7:10 م | C25: 3 | D25: المجموعة 1 | E25: 3 ضد 12
A26: 3 | B26: =المدخلات!$F$6 -> 7:20–8:50 م | C26: 1 | D26: المجموعة 1 | E26: 13 ضد 2
A27: 3 | B27: =المدخلات!$F$6 -> 7:20–8:50 م | C27: 2 | D27: المجموعة 1 | E27: 15 ضد 17
A28: 4 | B28: =المدخلات!$F$4 -> 4:00–5:30 م | C28: 1 | D28: المجموعة 1 | E28: 16 ضد 14
A29: 4 | B29: =المدخلات!$F$4 -> 4:00–5:30 م | C29: 2 | D29: المجموعة 1 | E29: 13 ضد 17
A30: 4 | B30: =المدخلات!$F$5 -> 5:40–7:10 م | C30: 1 | D30: المجموعة 1 | E30: 9 ضد 4
A31: 4 | B31: =المدخلات!$F$5 -> 5:40–7:10 م | C31: 2 | D31: المجموعة 1 | E31: 11 ضد 2
A32: 4 | B32: =المدخلات!$F$5 -> 5:40–7:10 م | C32: 3 | D32: المجموعة 1 | E32: 15 ضد 1
A33: 4 | B33: =المدخلات!$F$6 -> 7:20–8:50 م | C33: 1 | D33: المجموعة 1 | E33: 3 ضد 10
A34: 4 | B34: =المدخلات!$F$6 -> 7:20–8:50 م | C34: 2 | D34: المجموعة 1 | E34: 7 ضد 6
A35: 4 | B35: =المدخلات!$F$6 -> 7:20–8:50 م | C35: 3 | D35: المجموعة 1 | E35: 5 ضد 8
A36: 5 | B36: =المدخلات!$F$4 -> 4:00–5:30 م | C36: 1 | D36: المجموعة 1 | E36: 7 ضد 4
A37: 5 | B37: =المدخلات!$F$4 -> 4:00–5:30 م | C37: 2 | D37: المجموعة 1 | E37: 9 ضد 2
A38: 5 | B38: =المدخلات!$F$5 -> 5:40–7:10 م | C38: 1 | D38: المجموعة 1 | E38: 13 ضد 15
A39: 5 | B39: =المدخلات!$F$5 -> 5:40–7:10 م | C39: 2 | D39: المجموعة 1 | E39: 5 ضد 6
A40: 5 | B40: =المدخلات!$F$5 -> 5:40–7:10 م | C40: 3 | D40: المجموعة 1 | E40: 3 ضد 8
A41: 5 | B41: =المدخلات!$F$6 -> 7:20–8:50 م | C41: 1 | D41: المجموعة 1 | E41: 1 ضد 14
A42: 5 | B42: =المدخلات!$F$6 -> 7:20–8:50 م | C42: 2 | D42: المجموعة 1 | E42: 11 ضد 17
A43: 5 | B43: =المدخلات!$F$6 -> 7:20–8:50 م | C43: 3 | D43: المجموعة 1 | E43: 16 ضد 12
A44: 6 | B44: =المدخلات!$F$4 -> 4:00–5:30 م | C44: 1 | D44: المجموعة 1 | E44: 3 ضد 6
A45: 6 | B45: =المدخلات!$F$4 -> 4:00–5:30 م | C45: 2 | D45: المجموعة 1 | E45: 11 ضد 15
A46: 6 | B46: =المدخلات!$F$5 -> 5:40–7:10 م | C46: 1 | D46: المجموعة 1 | E46: 16 ضد 10
A47: 6 | B47: =المدخلات!$F$5 -> 5:40–7:10 م | C47: 2 | D47: المجموعة 1 | E47: 7 ضد 2
A48: 6 | B48: =المدخلات!$F$5 -> 5:40–7:10 م | C48: 3 | D48: المجموعة 1 | E48: 14 ضد 12
A49: 6 | B49: =المدخلات!$F$6 -> 7:20–8:50 م | C49: 1 | D49: المجموعة 1 | E49: 9 ضد 17
A50: 6 | B50: =المدخلات!$F$6 -> 7:20–8:50 م | C50: 2 | D50: المجموعة 1 | E50: 13 ضد 1
A51: 6 | B51: =المدخلات!$F$6 -> 7:20–8:50 م | C51: 3 | D51: المجموعة 1 | E51: 5 ضد 4
A52: 7 | B52: =المدخلات!$F$4 -> 4:00–5:30 م | C52: 1 | D52: المجموعة 1 | E52: 16 ضد 8
A53: 7 | B53: =المدخلات!$F$4 -> 4:00–5:30 م | C53: 2 | D53: المجموعة 1 | E53: 5 ضد 2
A54: 7 | B54: =المدخلات!$F$4 -> 4:00–5:30 م | C54: 3 | D54: المجموعة 1 | E54: 1 ضد 12
A55: 7 | B55: =المدخلات!$F$5 -> 5:40–7:10 م | C55: 1 | D55: المجموعة 1 | E55: 9 ضد 15
A56: 7 | B56: =المدخلات!$F$5 -> 5:40–7:10 م | C56: 2 | D56: المجموعة 1 | E56: 14 ضد 10
A57: 7 | B57: =المدخلات!$F$5 -> 5:40–7:10 م | C57: 3 | D57: المجموعة 1 | E57: 11 ضد 13
A58: 7 | B58: =المدخلات!$F$6 -> 7:20–8:50 م | C58: 1 | D58: المجموعة 1 | E58: 3 ضد 4
A59: 7 | B59: =المدخلات!$F$6 -> 7:20–8:50 م | C59: 2 | D59: المجموعة 1 | E59: 7 ضد 17
A60: 8 | B60: =المدخلات!$F$4 -> 4:00–5:30 م | C60: 1 | D60: المجموعة 1 | E60: 9 ضد 13
A61: 8 | B61: =المدخلات!$F$4 -> 4:00–5:30 م | C61: 2 | D61: المجموعة 1 | E61: 16 ضد 6
A62: 8 | B62: =المدخلات!$F$4 -> 4:00–5:30 م | C62: 3 | D62: المجموعة 1 | E62: 11 ضد 1
A63: 8 | B63: =المدخلات!$F$5 -> 5:40–7:10 م | C63: 1 | D63: المجموعة 1 | E63: 5 ضد 17
A64: 8 | B64: =المدخلات!$F$5 -> 5:40–7:10 م | C64: 2 | D64: المجموعة 1 | E64: 7 ضد 15
A65: 8 | B65: =المدخلات!$F$6 -> 7:20–8:50 م | C65: 1 | D65: المجموعة 1 | E65: 3 ضد 2
A66: 8 | B66: =المدخلات!$F$6 -> 7:20–8:50 م | C66: 2 | D66: المجموعة 1 | E66: 12 ضد 10
A67: 8 | B67: =المدخلات!$F$6 -> 7:20–8:50 م | C67: 3 | D67: المجموعة 1 | E67: 14 ضد 8
A68: 9 | B68: =المدخلات!$F$4 -> 4:00–5:30 م | C68: 1 | D68: المجموعة 1 | E68: 12 ضد 8
A69: 9 | B69: =المدخلات!$F$4 -> 4:00–5:30 م | C69: 2 | D69: المجموعة 1 | E69: 5 ضد 15
A70: 9 | B70: =المدخلات!$F$4 -> 4:00–5:30 م | C70: 3 | D70: المجموعة 1 | E70: 3 ضد 17
A71: 9 | B71: =المدخلات!$F$5 -> 5:40–7:10 م | C71: 1 | D71: المجموعة 1 | E71: 7 ضد 13
A72: 9 | B72: =المدخلات!$F$5 -> 5:40–7:10 م | C72: 2 | D72: المجموعة 1 | E72: 16 ضد 4
A73: 9 | B73: =المدخلات!$F$5 -> 5:40–7:10 م | C73: 3 | D73: المجموعة 1 | E73: 14 ضد 6
A74: 9 | B74: =المدخلات!$F$6 -> 7:20–8:50 م | C74: 1 | D74: المجموعة 1 | E74: 9 ضد 11
A75: 9 | B75: =المدخلات!$F$6 -> 7:20–8:50 م | C75: 2 | D75: المجموعة 1 | E75: 1 ضد 10
A76: 10 | B76: =المدخلات!$F$4 -> 4:00–5:30 م | C76: 1 | D76: المجموعة 1 | E76: 14 ضد 4
A77: 10 | B77: =المدخلات!$F$4 -> 4:00–5:30 م | C77: 2 | D77: المجموعة 1 | E77: 7 ضد 11
A78: 10 | B78: =المدخلات!$F$5 -> 5:40–7:10 م | C78: 1 | D78: المجموعة 1 | E78: 9 ضد 1
A79: 10 | B79: =المدخلات!$F$5 -> 5:40–7:10 م | C79: 2 | D79: المجموعة 1 | E79: 10 ضد 8
A80: 10 | B80: =المدخلات!$F$5 -> 5:40–7:10 م | C80: 3 | D80: المجموعة 1 | E80: 12 ضد 6
A81: 10 | B81: =المدخلات!$F$6 -> 7:20–8:50 م | C81: 1 | D81: المجموعة 1 | E81: 5 ضد 13
A82: 10 | B82: =المدخلات!$F$6 -> 7:20–8:50 م | C82: 2 | D82: المجموعة 1 | E82: 16 ضد 2
A83: 10 | B83: =المدخلات!$F$6 -> 7:20–8:50 م | C83: 3 | D83: المجموعة 1 | E83: 3 ضد 15
A84: 11 | B84: =المدخلات!$F$4 -> 4:00–5:30 م | C84: 1 | D84: المجموعة 1 | E84: 1 ضد 8
A85: 11 | B85: =المدخلات!$F$4 -> 4:00–5:30 م | C85: 2 | D85: المجموعة 1 | E85: 10 ضد 6
A86: 11 | B86: =المدخلات!$F$5 -> 5:40–7:10 م | C86: 1 | D86: المجموعة 1 | E86: 16 ضد 17
A87: 11 | B87: =المدخلات!$F$5 -> 5:40–7:10 م | C87: 2 | D87: المجموعة 1 | E87: 14 ضد 2
A88: 11 | B88: =المدخلات!$F$5 -> 5:40–7:10 م | C88: 3 | D88: المجموعة 1 | E88: 3 ضد 13
A89: 11 | B89: =المدخلات!$F$6 -> 7:20–8:50 م | C89: 1 | D89: المجموعة 1 | E89: 12 ضد 4
A90: 11 | B90: =المدخلات!$F$6 -> 7:20–8:50 م | C90: 2 | D90: المجموعة 1 | E90: 5 ضد 11
A91: 11 | B91: =المدخلات!$F$6 -> 7:20–8:50 م | C91: 3 | D91: المجموعة 1 | E91: 7 ضد 9
A92: 12 | B92: =المدخلات!$F$4 -> 4:00–5:30 م | C92: 1 | D92: المجموعة 1 | E92: 12 ضد 2
A93: 12 | B93: =المدخلات!$F$4 -> 4:00–5:30 م | C93: 2 | D93: المجموعة 1 | E93: 5 ضد 9
A94: 12 | B94: =المدخلات!$F$4 -> 4:00–5:30 م | C94: 3 | D94: المجموعة 1 | E94: 14 ضد 17
A95: 12 | B95: =المدخلات!$F$5 -> 5:40–7:10 م | C95: 1 | D95: المجموعة 1 | E95: 3 ضد 11
A96: 12 | B96: =المدخلات!$F$5 -> 5:40–7:10 م | C96: 2 | D96: المجموعة 1 | E96: 10 ضد 4
A97: 12 | B97: =المدخلات!$F$5 -> 5:40–7:10 م | C97: 3 | D97: المجموعة 1 | E97: 7 ضد 1
A98: 12 | B98: =المدخلات!$F$6 -> 7:20–8:50 م | C98: 1 | D98: المجموعة 1 | E98: 8 ضد 6
A99: 12 | B99: =المدخلات!$F$6 -> 7:20–8:50 م | C99: 2 | D99: المجموعة 1 | E99: 16 ضد 15
A100: 13 | B100: =المدخلات!$F$4 -> 4:00–5:30 م | C100: 1 | D100: المجموعة 1 | E100: 14 ضد 15
A101: 13 | B101: =المدخلات!$F$4 -> 4:00–5:30 م | C101: 2 | D101: المجموعة 1 | E101: 3 ضد 9
...

Sheet 19 فريقًا
A1: بطولة 19 فريقًا – تحت 14
A3: اليوم | B3: الوقت | C3: الملعب | D3: المجموعة / الدور | E3: المباراة
A4: 1 | B4: =المدخلات!$F$4 -> 4:00–5:30 م | C4: 1 | D4: المجموعة 1 | E4: 8 ضد 13
A5: 1 | B5: =المدخلات!$F$4 -> 4:00–5:30 م | C5: 2 | D5: المجموعة 1 | E5: 9 ضد 12
A6: 1 | B6: =المدخلات!$F$4 -> 4:00–5:30 م | C6: 3 | D6: المجموعة 1 | E6: 10 ضد 11
A7: 1 | B7: =المدخلات!$F$5 -> 5:40–7:10 م | C7: 1 | D7: المجموعة 1 | E7: 2 ضد 19
A8: 1 | B8: =المدخلات!$F$5 -> 5:40–7:10 م | C8: 2 | D8: المجموعة 1 | E8: 3 ضد 18
A9: 1 | B9: =المدخلات!$F$5 -> 5:40–7:10 م | C9: 3 | D9: المجموعة 1 | E9: 4 ضد 17
A10: 1 | B10: =المدخلات!$F$6 -> 7:20–8:50 م | C10: 1 | D10: المجموعة 1 | E10: 5 ضد 16
A11: 1 | B11: =المدخلات!$F$6 -> 7:20–8:50 م | C11: 2 | D11: المجموعة 1 | E11: 6 ضد 15
A12: 1 | B12: =المدخلات!$F$6 -> 7:20–8:50 م | C12: 3 | D12: المجموعة 1 | E12: 7 ضد 14
A13: 2 | B13: =المدخلات!$F$4 -> 4:00–5:30 م | C13: 1 | D13: المجموعة 1 | E13: 3 ضد 16
A14: 2 | B14: =المدخلات!$F$4 -> 4:00–5:30 م | C14: 2 | D14: المجموعة 1 | E14: 4 ضد 15
A15: 2 | B15: =المدخلات!$F$4 -> 4:00–5:30 م | C15: 3 | D15: المجموعة 1 | E15: 7 ضد 12
A16: 2 | B16: =المدخلات!$F$5 -> 5:40–7:10 م | C16: 1 | D16: المجموعة 1 | E16: 5 ضد 14
A17: 2 | B17: =المدخلات!$F$5 -> 5:40–7:10 م | C17: 2 | D17: المجموعة 1 | E17: 8 ضد 11
A18: 2 | B18: =المدخلات!$F$5 -> 5:40–7:10 م | C18: 3 | D18: المجموعة 1 | E18: 9 ضد 10
A19: 2 | B19: =المدخلات!$F$6 -> 7:20–8:50 م | C19: 1 | D19: المجموعة 1 | E19: 2 ضد 17
A20: 2 | B20: =المدخلات!$F$6 -> 7:20–8:50 م | C20: 2 | D20: المجموعة 1 | E20: 1 ضد 19
A21: 2 | B21: =المدخلات!$F$6 -> 7:20–8:50 م | C21: 3 | D21: المجموعة 1 | E21: 6 ضد 13
A22: 3 | B22: =المدخلات!$F$4 -> 4:00–5:30 م | C22: 1 | D22: المجموعة 1 | E22: 19 ضد 17
A23: 3 | B23: =المدخلات!$F$4 -> 4:00–5:30 م | C23: 2 | D23: المجموعة 1 | E23: 1 ضد 18
A24: 3 | B24: =المدخلات!$F$4 -> 4:00–5:30 م | C24: 3 | D24: المجموعة 1 | E24: 6 ضد 11
A25: 3 | B25: =المدخلات!$F$5 -> 5:40–7:10 م | C25: 1 | D25: المجموعة 1 | E25: 2 ضد 15
A26: 3 | B26: =المدخلات!$F$5 -> 5:40–7:10 م | C26: 2 | D26: المجموعة 1 | E26: 4 ضد 13
A27: 3 | B27: =المدخلات!$F$5 -> 5:40–7:10 م | C27: 3 | D27: المجموعة 1 | E27: 5 ضد 12
A28: 3 | B28: =المدخلات!$F$6 -> 7:20–8:50 م | C28: 1 | D28: المجموعة 1 | E28: 8 ضد 9
A29: 3 | B29: =المدخلات!$F$6 -> 7:20–8:50 م | C29: 2 | D29: المجموعة 1 | E29: 3 ضد 14
A30: 3 | B30: =المدخلات!$F$6 -> 7:20–8:50 م | C30: 3 | D30: المجموعة 1 | E30: 7 ضد 10
A31: 4 | B31: =المدخلات!$F$4 -> 4:00–5:30 م | C31: 1 | D31: المجموعة 1 | E31: 2 ضد 13
A32: 4 | B32: =المدخلات!$F$4 -> 4:00–5:30 م | C32: 2 | D32: المجموعة 1 | E32: 5 ضد 10
A33: 4 | B33: =المدخلات!$F$4 -> 4:00–5:30 م | C33: 3 | D33: المجموعة 1 | E33: 19 ضد 15
A34: 4 | B34: =المدخلات!$F$5 -> 5:40–7:10 م | C34: 1 | D34: المجموعة 1 | E34: 6 ضد 9
A35: 4 | B35: =المدخلات!$F$5 -> 5:40–7:10 م | C35: 2 | D35: المجموعة 1 | E35: 7 ضد 8
A36: 4 | B36: =المدخلات!$F$5 -> 5:40–7:10 م | C36: 3 | D36: المجموعة 1 | E36: 1 ضد 17
A37: 4 | B37: =المدخلات!$F$6 -> 7:20–8:50 م | C37: 1 | D37: المجموعة 1 | E37: 4 ضد 11
A38: 4 | B38: =المدخلات!$F$6 -> 7:20–8:50 م | C38: 2 | D38: المجموعة 1 | E38: 3 ضد 12
A39: 4 | B39: =المدخلات!$F$6 -> 7:20–8:50 م | C39: 3 | D39: المجموعة 1 | E39: 18 ضد 16
A40: 5 | B40: =المدخلات!$F$4 -> 4:00–5:30 م | C40: 1 | D40: المجموعة 1 | E40: 18 ضد 14
A41: 5 | B41: =المدخلات!$F$4 -> 4:00–5:30 م | C41: 2 | D41: المجموعة 1 | E41: 2 ضد 11
A42: 5 | B42: =المدخلات!$F$4 -> 4:00–5:30 م | C42: 3 | D42: المجموعة 1 | E42: 3 ضد 10
A43: 5 | B43: =المدخلات!$F$5 -> 5:40–7:10 م | C43: 1 | D43: المجموعة 1 | E43: 1 ضد 16
A44: 5 | B44: =المدخلات!$F$5 -> 5:40–7:10 م | C44: 2 | D44: المجموعة 1 | E44: 19 ضد 13
A45: 5 | B45: =المدخلات!$F$5 -> 5:40–7:10 م | C45: 3 | D45: المجموعة 1 | E45: 6 ضد 7
A46: 5 | B46: =المدخلات!$F$6 -> 7:20–8:50 م | C46: 1 | D46: المجموعة 1 | E46: 4 ضد 9
A47: 5 | B47: =المدخلات!$F$6 -> 7:20–8:50 م | C47: 2 | D47: المجموعة 1 | E47: 5 ضد 8
A48: 5 | B48: =المدخلات!$F$6 -> 7:20–8:50 م | C48: 3 | D48: المجموعة 1 | E48: 17 ضد 15
A49: 6 | B49: =المدخلات!$F$4 -> 4:00–5:30 م | C49: 1 | D49: المجموعة 1 | E49: 4 ضد 7
A50: 6 | B50: =المدخلات!$F$4 -> 4:00–5:30 م | C50: 2 | D50: المجموعة 1 | E50: 5 ضد 6
A51: 6 | B51: =المدخلات!$F$4 -> 4:00–5:30 م | C51: 3 | D51: المجموعة 1 | E51: 1 ضد 15
A52: 6 | B52: =المدخلات!$F$5 -> 5:40–7:10 م | C52: 1 | D52: المجموعة 1 | E52: 16 ضد 14
A53: 6 | B53: =المدخلات!$F$5 -> 5:40–7:10 م | C53: 2 | D53: المجموعة 1 | E53: 18 ضد 12
A54: 6 | B54: =المدخلات!$F$5 -> 5:40–7:10 م | C54: 3 | D54: المجموعة 1 | E54: 3 ضد 8
A55: 6 | B55: =المدخلات!$F$6 -> 7:20–8:50 م | C55: 1 | D55: المجموعة 1 | E55: 19 ضد 11
A56: 6 | B56: =المدخلات!$F$6 -> 7:20–8:50 م | C56: 2 | D56: المجموعة 1 | E56: 17 ضد 13
A57: 6 | B57: =المدخلات!$F$6 -> 7:20–8:50 م | C57: 3 | D57: المجموعة 1 | E57: 2 ضد 9
A58: 7 | B58: =المدخلات!$F$4 -> 4:00–5:30 م | C58: 1 | D58: المجموعة 1 | E58: 19 ضد 9
A59: 7 | B59: =المدخلات!$F$4 -> 4:00–5:30 م | C59: 2 | D59: المجموعة 1 | E59: 3 ضد 6
A60: 7 | B60: =المدخلات!$F$4 -> 4:00–5:30 م | C60: 3 | D60: المجموعة 1 | E60: 4 ضد 5
A61: 7 | B61: =المدخلات!$F$5 -> 5:40–7:10 م | C61: 1 | D61: المجموعة 1 | E61: 15 ضد 13
A62: 7 | B62: =المدخلات!$F$5 -> 5:40–7:10 م | C62: 2 | D62: المجموعة 1 | E62: 17 ضد 11
A63: 7 | B63: =المدخلات!$F$5 -> 5:40–7:10 م | C63: 3 | D63: المجموعة 1 | E63: 2 ضد 7
A64: 7 | B64: =المدخلات!$F$6 -> 7:20–8:50 م | C64: 1 | D64: المجموعة 1 | E64: 18 ضد 10
A65: 7 | B65: =المدخلات!$F$6 -> 7:20–8:50 م | C65: 2 | D65: المجموعة 1 | E65: 1 ضد 14
A66: 7 | B66: =المدخلات!$F$6 -> 7:20–8:50 م | C66: 3 | D66: المجموعة 1 | E66: 16 ضد 12
A67: 8 | B67: =المدخلات!$F$4 -> 4:00–5:30 م | C67: 1 | D67: المجموعة 1 | E67: 17 ضد 9
A68: 8 | B68: =المدخلات!$F$4 -> 4:00–5:30 م | C68: 2 | D68: المجموعة 1 | E68: 14 ضد 12
A69: 8 | B69: =المدخلات!$F$4 -> 4:00–5:30 م | C69: 3 | D69: المجموعة 1 | E69: 18 ضد 8
A70: 8 | B70: =المدخلات!$F$5 -> 5:40–7:10 م | C70: 1 | D70: المجموعة 1 | E70: 15 ضد 11
A71: 8 | B71: =المدخلات!$F$5 -> 5:40–7:10 م | C71: 2 | D71: المجموعة 1 | E71: 16 ضد 10
A72: 8 | B72: =المدخلات!$F$5 -> 5:40–7:10 م | C72: 3 | D72: المجموعة 1 | E72: 3 ضد 4
A73: 8 | B73: =المدخلات!$F$6 -> 7:20–8:50 م | C73: 1 | D73: المجموعة 1 | E73: 1 ضد 13
A74: 8 | B74: =المدخلات!$F$6 -> 7:20–8:50 م | C74: 2 | D74: المجموعة 1 | E74: 19 ضد 7
A75: 8 | B75: =المدخلات!$F$6 -> 7:20–8:50 م | C75: 3 | D75: المجموعة 1 | E75: 2 ضد 5
A76: 9 | B76: =المدخلات!$F$4 -> 4:00–5:30 م | C76: 1 | D76: المجموعة 1 | E76: 16 ضد 8
A77: 9 | B77: =المدخلات!$F$4 -> 4:00–5:30 م | C77: 2 | D77: المجموعة 1 | E77: 17 ضد 7
A78: 9 | B78: =المدخلات!$F$4 -> 4:00–5:30 م | C78: 3 | D78: المجموعة 1 | E78: 2 ضد 3
A79: 9 | B79: =المدخلات!$F$5 -> 5:40–7:10 م | C79: 1 | D79: المجموعة 1 | E79: 18 ضد 6
A80: 9 | B80: =المدخلات!$F$5 -> 5:40–7:10 م | C80: 2 | D80: المجموعة 1 | E80: 19 ضد 5
A81: 9 | B81: =المدخلات!$F$5 -> 5:40–7:10 م | C81: 3 | D81: المجموعة 1 | E81: 1 ضد 12
A82: 9 | B82: =المدخلات!$F$6 -> 7:20–8:50 م | C82: 1 | D82: المجموعة 1 | E82: 13 ضد 11
A83: 9 | B83: =المدخلات!$F$6 -> 7:20–8:50 م | C83: 2 | D83: المجموعة 1 | E83: 14 ضد 10
A84: 9 | B84: =المدخلات!$F$6 -> 7:20–8:50 م | C84: 3 | D84: المجموعة 1 | E84: 15 ضد 9
A85: 10 | B85: =المدخلات!$F$4 -> 4:00–5:30 م | C85: 1 | D85: المجموعة 1 | E85: 1 ضد 11
A86: 10 | B86: =المدخلات!$F$4 -> 4:00–5:30 م | C86: 2 | D86: المجموعة 1 | E86: 15 ضد 7
A87: 10 | B87: =المدخلات!$F$4 -> 4:00–5:30 م | C87: 3 | D87: المجموعة 1 | E87: 17 ضد 5
A88: 10 | B88: =المدخلات!$F$5 -> 5:40–7:10 م | C88: 1 | D88: المجموعة 1 | E88: 13 ضد 9
A89: 10 | B89: =المدخلات!$F$5 -> 5:40–7:10 م | C89: 2 | D89: المجموعة 1 | E89: 12 ضد 10
A90: 10 | B90: =المدخلات!$F$5 -> 5:40–7:10 م | C90: 3 | D90: المجموعة 1 | E90: 14 ضد 8
A91: 10 | B91: =المدخلات!$F$6 -> 7:20–8:50 م | C91: 1 | D91: المجموعة 1 | E91: 18 ضد 4
A92: 10 | B92: =المدخلات!$F$6 -> 7:20–8:50 م | C92: 2 | D92: المجموعة 1 | E92: 19 ضد 3
A93: 10 | B93: =المدخلات!$F$6 -> 7:20–8:50 م | C93: 3 | D93: المجموعة 1 | E93: 16 ضد 6
A94: 11 | B94: =المدخلات!$F$4 -> 4:00–5:30 م | C94: 1 | D94: المجموعة 1 | E94: 14 ضد 6
A95: 11 | B95: =المدخلات!$F$4 -> 4:00–5:30 م | C95: 2 | D95: المجموعة 1 | E95: 16 ضد 4
A96: 11 | B96: =المدخلات!$F$4 -> 4:00–5:30 م | C96: 3 | D96: المجموعة 1 | E96: 13 ضد 7
A97: 11 | B97: =المدخلات!$F$5 -> 5:40–7:10 م | C97: 1 | D97: المجموعة 1 | E97: 15 ضد 5
A98: 11 | B98: =المدخلات!$F$5 -> 5:40–7:10 م | C98: 2 | D98: المجموعة 1 | E98: 17 ضد 3
A99: 11 | B99: =المدخلات!$F$5 -> 5:40–7:10 م | C99: 3 | D99: المجموعة 1 | E99: 11 ضد 9
A100: 11 | B100: =المدخلات!$F$6 -> 7:20–8:50 م | C100: 1 | D100: المجموعة 1 | E100: 12 ضد 8
A101: 11 | B101: =المدخلات!$F$6 -> 7:20–8:50 م | C101: 2 | D101: المجموعة 1 | E101: 1 ضد 10
...

Sheet 26 فريقًا
A1: بطولة 26 فريقًا – تحت 14
A3: اليوم | B3: الوقت | C3: الملعب | D3: المجموعة / الدور | E3: المباراة
A4: 1 | B4: =المدخلات!$F$4 -> 4:00–5:30 م | C4: 1 | D4: المجموعة 1 | E4: 1 ضد 6
A5: 1 | B5: =المدخلات!$F$4 -> 4:00–5:30 م | C5: 2 | D5: المجموعة 3 | E5: 15 ضد 18
A6: 1 | B6: =المدخلات!$F$4 -> 4:00–5:30 م | C6: 3 | D6: المجموعة 4 | E6: 24 ضد 23
A7: 1 | B7: =المدخلات!$F$4 -> 4:00–5:30 م | C7: 4 | D7: المجموعة 3 | E7: 17 ضد 16
A8: 1 | B8: =المدخلات!$F$5 -> 5:40–7:10 م | C8: 1 | D8: المجموعة 1 | E8: 5 ضد 2
A9: 1 | B9: =المدخلات!$F$5 -> 5:40–7:10 م | C9: 2 | D9: المجموعة 2 | E9: 9 ضد 10
A10: 1 | B10: =المدخلات!$F$5 -> 5:40–7:10 م | C10: 3 | D10: المجموعة 2 | E10: 7 ضد 12
A11: 1 | B11: =المدخلات!$F$5 -> 5:40–7:10 م | C11: 4 | D11: المجموعة 4 | E11: 22 ضد 25
A12: 1 | B12: =المدخلات!$F$6 -> 7:20–8:50 م | C12: 1 | D12: المجموعة 1 | E12: 3 ضد 4
A13: 1 | B13: =المدخلات!$F$6 -> 7:20–8:50 م | C13: 2 | D13: المجموعة 3 | E13: 19 ضد 14
A14: 1 | B14: =المدخلات!$F$6 -> 7:20–8:50 م | C14: 3 | D14: المجموعة 2 | E14: 11 ضد 8
A15: 1 | B15: =المدخلات!$F$6 -> 7:20–8:50 م | C15: 4 | D15: المجموعة 4 | E15: 26 ضد 21
A16: 2 | B16: =المدخلات!$F$4 -> 4:00–5:30 م | C16: 1 | D16: المجموعة 2 | E16: 9 ضد 8
A17: 2 | B17: =المدخلات!$F$4 -> 4:00–5:30 م | C17: 2 | D17: المجموعة 1 | E17: 3 ضد 2
A18: 2 | B18: =المدخلات!$F$4 -> 4:00–5:30 م | C18: 3 | D18: المجموعة 3 | E18: 19 ضد 13
A19: 2 | B19: =المدخلات!$F$4 -> 4:00–5:30 م | C19: 4 | D19: المجموعة 4 | E19: 26 ضد 20
A20: 2 | B20: =المدخلات!$F$5 -> 5:40–7:10 م | C20: 1 | D20: المجموعة 4 | E20: 24 ضد 21
A21: 2 | B21: =المدخلات!$F$5 -> 5:40–7:10 م | C21: 2 | D21: المجموعة 3 | E21: 17 ضد 14
A22: 2 | B22: =المدخلات!$F$5 -> 5:40–7:10 م | C22: 3 | D22: المجموعة 1 | E22: 6 ضد 4
A23: 2 | B23: =المدخلات!$F$5 -> 5:40–7:10 م | C23: 4 | D23: المجموعة 2 | E23: 11 ضد 7
A24: 2 | B24: =المدخلات!$F$6 -> 7:20–8:50 م | C24: 1 | D24: المجموعة 2 | E24: 12 ضد 10
A25: 2 | B25: =المدخلات!$F$6 -> 7:20–8:50 م | C25: 2 | D25: المجموعة 4 | E25: 22 ضد 23
A26: 2 | B26: =المدخلات!$F$6 -> 7:20–8:50 م | C26: 3 | D26: المجموعة 1 | E26: 5 ضد 1
A27: 2 | B27: =المدخلات!$F$6 -> 7:20–8:50 م | C27: 4 | D27: المجموعة 3 | E27: 15 ضد 16
A28: 3 | B28: =المدخلات!$F$4 -> 4:00–5:30 م | C28: 1 | D28: المجموعة 3 | E28: 15 ضد 14
A29: 3 | B29: =المدخلات!$F$4 -> 4:00–5:30 م | C29: 2 | D29: المجموعة 1 | E29: 3 ضد 5
A30: 3 | B30: =المدخلات!$F$4 -> 4:00–5:30 م | C30: 3 | D30: المجموعة 2 | E30: 12 ضد 8
A31: 3 | B31: =المدخلات!$F$4 -> 4:00–5:30 م | C31: 4 | D31: المجموعة 4 | E31: 22 ضد 21
A32: 3 | B32: =المدخلات!$F$5 -> 5:40–7:10 م | C32: 1 | D32: المجموعة 1 | E32: 1 ضد 4
A33: 3 | B33: =المدخلات!$F$5 -> 5:40–7:10 م | C33: 2 | D33: المجموعة 3 | E33: 17 ضد 19
A34: 3 | B34: =المدخلات!$F$5 -> 5:40–7:10 م | C34: 3 | D34: المجموعة 4 | E34: 24 ضد 26
A35: 3 | B35: =المدخلات!$F$5 -> 5:40–7:10 م | C35: 4 | D35: المجموعة 3 | E35: 13 ضد 18
A36: 3 | B36: =المدخلات!$F$6 -> 7:20–8:50 م | C36: 1 | D36: المجموعة 4 | E36: 20 ضد 25
A37: 3 | B37: =المدخلات!$F$6 -> 7:20–8:50 م | C37: 2 | D37: المجموعة 2 | E37: 7 ضد 10
A38: 3 | B38: =المدخلات!$F$6 -> 7:20–8:50 م | C38: 3 | D38: المجموعة 2 | E38: 9 ضد 11
A39: 3 | B39: =المدخلات!$F$6 -> 7:20–8:50 م | C39: 4 | D39: المجموعة 1 | E39: 6 ضد 2
A40: 4 | B40: =المدخلات!$F$4 -> 4:00–5:30 م | C40: 1 | D40: المجموعة 2 | E40: 12 ضد 11
A41: 4 | B41: =المدخلات!$F$4 -> 4:00–5:30 م | C41: 2 | D41: المجموعة 2 | E41: 9 ضد 7
A42: 4 | B42: =المدخلات!$F$4 -> 4:00–5:30 م | C42: 3 | D42: المجموعة 1 | E42: 4 ضد 2
A43: 4 | B43: =المدخلات!$F$4 -> 4:00–5:30 م | C43: 4 | D43: المجموعة 4 | E43: 25 ضد 23
A44: 4 | B44: =المدخلات!$F$5 -> 5:40–7:10 م | C44: 1 | D44: المجموعة 2 | E44: 10 ضد 8
A45: 4 | B45: =المدخلات!$F$5 -> 5:40–7:10 م | C45: 2 | D45: المجموعة 4 | E45: 24 ضد 20
A46: 4 | B46: =المدخلات!$F$5 -> 5:40–7:10 م | C46: 3 | D46: المجموعة 3 | E46: 15 ضد 19
A47: 4 | B47: =المدخلات!$F$5 -> 5:40–7:10 م | C47: 4 | D47: المجموعة 1 | E47: 3 ضد 1
A48: 4 | B48: =المدخلات!$F$6 -> 7:20–8:50 م | C48: 1 | D48: المجموعة 4 | E48: 22 ضد 26
A49: 4 | B49: =المدخلات!$F$6 -> 7:20–8:50 م | C49: 2 | D49: المجموعة 3 | E49: 17 ضد 13
A50: 4 | B50: =المدخلات!$F$6 -> 7:20–8:50 م | C50: 3 | D50: المجموعة 1 | E50: 6 ضد 5
A51: 4 | B51: =المدخلات!$F$6 -> 7:20–8:50 م | C51: 4 | D51: المجموعة 3 | E51: 18 ضد 16
A52: 5 | B52: =المدخلات!$F$4 -> 4:00–5:30 م | C52: 1 | D52: المجموعة 4 | E52: 25 ضد 21
A53: 5 | B53: =المدخلات!$F$4 -> 4:00–5:30 م | C53: 2 | D53: المجموعة 1 | E53: 4 ضد 5
A54: 5 | B54: =المدخلات!$F$4 -> 4:00–5:30 م | C54: 3 | D54: المجموعة 4 | E54: 22 ضد 24
A55: 5 | B55: =المدخلات!$F$4 -> 4:00–5:30 م | C55: 4 | D55: المجموعة 2 | E55: 10 ضد 11
A56: 5 | B56: =المدخلات!$F$5 -> 5:40–7:10 م | C56: 1 | D56: المجموعة 3 | E56: 13 ضد 16
A57: 5 | B57: =المدخلات!$F$5 -> 5:40–7:10 م | C57: 2 | D57: المجموعة 2 | E57: 12 ضد 9
A58: 5 | B58: =المدخلات!$F$5 -> 5:40–7:10 م | C58: 3 | D58: المجموعة 4 | E58: 20 ضد 23
A59: 5 | B59: =المدخلات!$F$5 -> 5:40–7:10 م | C59: 4 | D59: المجموعة 1 | E59: 6 ضد 3
A60: 5 | B60: =المدخلات!$F$6 -> 7:20–8:50 م | C60: 1 | D60: المجموعة 1 | E60: 1 ضد 2
A61: 5 | B61: =المدخلات!$F$6 -> 7:20–8:50 م | C61: 2 | D61: المجموعة 2 | E61: 7 ضد 8
A62: 5 | B62: =المدخلات!$F$6 -> 7:20–8:50 م | C62: 3 | D62: المجموعة 3 | E62: 15 ضد 17
A63: 5 | B63: =المدخلات!$F$6 -> 7:20–8:50 م | C63: 4 | D63: المجموعة 3 | E63: 18 ضد 14
A64: 6 | B64: =المدخلات!$F$4 -> 4:00–5:30 م | C64: 1 | D64: المجموعة 2 | E64: 10 ضد 8
A65: 6 | B65: =المدخلات!$F$4 -> 4:00–5:30 م | C65: 2 | D65: المجموعة 1 | E65: 6 ضد 5
A66: 6 | B66: =المدخلات!$F$4 -> 4:00–5:30 م | C66: 3 | D66: المجموعة 3 | E66: 18 ضد 19
A67: 6 | B67: =المدخلات!$F$4 -> 4:00–5:30 م | C67: 4 | D67: المجموعة 4 | E67: 22 ضد 20
A68: 6 | B68: =المدخلات!$F$5 -> 5:40–7:10 م | C68: 1 | D68: المجموعة 4 | E68: 25 ضد 26
A69: 6 | B69: =المدخلات!$F$5 -> 5:40–7:10 م | C69: 2 | D69: المجموعة 4 | E69: 23 ضد 21
A70: 6 | B70: =المدخلات!$F$5 -> 5:40–7:10 م | C70: 3 | D70: المجموعة 2 | E70: 12 ضد 11
A71: 6 | B71: =المدخلات!$F$5 -> 5:40–7:10 م | C71: 4 | D71: المجموعة 3 | E71: 16 ضد 14
A72: 6 | B72: =المدخلات!$F$6 -> 7:20–8:50 م | C72: 1 | D72: المجموعة 1 | E72: 3 ضد 1
A73: 6 | B73: =المدخلات!$F$6 -> 7:20–8:50 م | C73: 2 | D73: المجموعة 3 | E73: 15 ضد 13
A74: 6 | B74: =المدخلات!$F$6 -> 7:20–8:50 م | C74: 3 | D74: المجموعة 1 | E74: 4 ضد 2
A75: 6 | B75: =المدخلات!$F$6 -> 7:20–8:50 م | C75: 4 | D75: المجموعة 2 | E75: 9 ضد 7
A76: 7 | B76: =المدخلات!$F$4 -> 4:00–5:30 م | C76: 1 | D76: المجموعة 2 | E76: 12 ضد 9
A77: 7 | B77: =المدخلات!$F$4 -> 4:00–5:30 م | C77: 2 | D77: المجموعة 1 | E77: 6 ضد 3
A78: 7 | B78: =المدخلات!$F$4 -> 4:00–5:30 م | C78: 3 | D78: المجموعة 3 | E78: 13 ضد 14
A79: 7 | B79: =المدخلات!$F$4 -> 4:00–5:30 م | C79: 4 | D79: المجموعة 3 | E79: 18 ضد 17
A80: 7 | B80: =المدخلات!$F$5 -> 5:40–7:10 م | C80: 1 | D80: المجموعة 2 | E80: 7 ضد 8
A81: 7 | B81: =المدخلات!$F$5 -> 5:40–7:10 م | C81: 2 | D81: المجموعة 1 | E81: 1 ضد 2
A82: 7 | B82: =المدخلات!$F$5 -> 5:40–7:10 م | C82: 3 | D82: المجموعة 1 | E82: 4 ضد 5
A83: 7 | B83: =المدخلات!$F$5 -> 5:40–7:10 م | C83: 4 | D83: المجموعة 2 | E83: 10 ضد 11
A84: 7 | B84: =المدخلات!$F$6 -> 7:20–8:50 م | C84: 1 | D84: المجموعة 4 | E84: 23 ضد 26
A85: 7 | B85: =المدخلات!$F$6 -> 7:20–8:50 م | C85: 2 | D85: المجموعة 4 | E85: 25 ضد 24
A86: 7 | B86: =المدخلات!$F$6 -> 7:20–8:50 م | C86: 3 | D86: المجموعة 3 | E86: 16 ضد 19
A87: 7 | B87: =المدخلات!$F$6 -> 7:20–8:50 م | C87: 4 | D87: المجموعة 4 | E87: 20 ضد 21
A88: 8 | B88: =المدخلات!$F$4 -> 4:00–5:30 م | C88: 1 | D88: المجموعة 1 | E88: 1 ضد 6
A89: 8 | B89: =المدخلات!$F$4 -> 4:00–5:30 م | C89: 2 | D89: المجموعة 2 | E89: 7 ضد 12
A90: 8 | B90: =المدخلات!$F$4 -> 4:00–5:30 م | C90: 3 | D90: المجموعة 4 | E90: 25 ضد 23
A91: 8 | B91: =المدخلات!$F$4 -> 4:00–5:30 م | C91: 4 | D91: المجموعة 3 | E91: 17 ضد 13
A92: 8 | B92: =المدخلات!$F$5 -> 5:40–7:10 م | C92: 1 | D92: المجموعة 1 | E92: 5 ضد 2
A93: 8 | B93: =المدخلات!$F$5 -> 5:40–7:10 م | C93: 2 | D93: المجموعة 3 | E93: 15 ضد 19
A94: 8 | B94: =المدخلات!$F$5 -> 5:40–7:10 م | C94: 3 | D94: المجموعة 3 | E94: 18 ضد 16
A95: 8 | B95: =المدخلات!$F$5 -> 5:40–7:10 م | C95: 4 | D95: المجموعة 4 | E95: 22 ضد 26
A96: 8 | B96: =المدخلات!$F$6 -> 7:20–8:50 م | C96: 1 | D96: المجموعة 1 | E96: 3 ضد 4
A97: 8 | B97: =المدخلات!$F$6 -> 7:20–8:50 م | C97: 2 | D97: المجموعة 2 | E97: 9 ضد 10
A98: 8 | B98: =المدخلات!$F$6 -> 7:20–8:50 م | C98: 3 | D98: المجموعة 4 | E98: 24 ضد 20
A99: 8 | B99: =المدخلات!$F$6 -> 7:20–8:50 م | C99: 4 | D99: المجموعة 2 | E99: 11 ضد 8
A100: 9 | B100: =المدخلات!$F$4 -> 4:00–5:30 م | C100: 1 | D100: المجموعة 2 | E100: 11 ضد 7
A101: 9 | B101: =المدخلات!$F$4 -> 4:00–5:30 م | C101: 2 | D101: المجموعة 4 | E101: 20 ضد 23
...

Sheet 28 فريقًا
A1: بطولة 28 فريقًا – تحت 14
A3: اليوم | B3: الوقت | C3: الملعب | D3: المجموعة / الدور | E3: المباراة
A4: 1 | B4: =المدخلات!$F$4 -> 4:00–5:30 م | C4: 1 | D4: المجموعة 1 | E4: 3 ضد 6
A5: 1 | B5: =المدخلات!$F$4 -> 4:00–5:30 م | C5: 2 | D5: المجموعة 3 | E5: 19 ضد 18
A6: 1 | B6: =المدخلات!$F$4 -> 4:00–5:30 م | C6: 3 | D6: المجموعة 4 | E6: 26 ضد 25
A7: 1 | B7: =المدخلات!$F$4 -> 4:00–5:30 م | C7: 4 | D7: المجموعة 1 | E7: 5 ضد 4
A8: 1 | B8: =المدخلات!$F$5 -> 5:40–7:10 م | C8: 1 | D8: المجموعة 4 | E8: 28 ضد 23
A9: 1 | B9: =المدخلات!$F$5 -> 5:40–7:10 م | C9: 2 | D9: المجموعة 2 | E9: 14 ضد 9
A10: 1 | B10: =المدخلات!$F$5 -> 5:40–7:10 م | C10: 3 | D10: المجموعة 2 | E10: 10 ضد 13
A11: 1 | B11: =المدخلات!$F$5 -> 5:40–7:10 م | C11: 4 | D11: المجموعة 1 | E11: 7 ضد 2
A12: 1 | B12: =المدخلات!$F$6 -> 7:20–8:50 م | C12: 1 | D12: المجموعة 4 | E12: 24 ضد 27
A13: 1 | B13: =المدخلات!$F$6 -> 7:20–8:50 م | C13: 2 | D13: المجموعة 3 | E13: 21 ضد 16
A14: 1 | B14: =المدخلات!$F$6 -> 7:20–8:50 م | C14: 3 | D14: المجموعة 2 | E14: 12 ضد 11
A15: 1 | B15: =المدخلات!$F$6 -> 7:20–8:50 م | C15: 4 | D15: المجموعة 3 | E15: 17 ضد 20
A16: 2 | B16: =المدخلات!$F$4 -> 4:00–5:30 م | C16: 1 | D16: المجموعة 2 | E16: 10 ضد 11
A17: 2 | B17: =المدخلات!$F$4 -> 4:00–5:30 م | C17: 2 | D17: المجموعة 2 | E17: 12 ضد 9
A18: 2 | B18: =المدخلات!$F$4 -> 4:00–5:30 م | C18: 3 | D18: المجموعة 1 | E18: 3 ضد 4
A19: 2 | B19: =المدخلات!$F$4 -> 4:00–5:30 م | C19: 4 | D19: المجموعة 1 | E19: 7 ضد 1
A20: 2 | B20: =المدخلات!$F$5 -> 5:40–7:10 م | C20: 1 | D20: المجموعة 4 | E20: 24 ضد 25
A21: 2 | B21: =المدخلات!$F$5 -> 5:40–7:10 م | C21: 2 | D21: المجموعة 3 | E21: 21 ضد 15
A22: 2 | B22: =المدخلات!$F$5 -> 5:40–7:10 م | C22: 3 | D22: المجموعة 3 | E22: 17 ضد 18
A23: 2 | B23: =المدخلات!$F$5 -> 5:40–7:10 م | C23: 4 | D23: المجموعة 3 | E23: 19 ضد 16
A24: 2 | B24: =المدخلات!$F$6 -> 7:20–8:50 م | C24: 1 | D24: المجموعة 1 | E24: 5 ضد 2
A25: 2 | B25: =المدخلات!$F$6 -> 7:20–8:50 م | C25: 2 | D25: المجموعة 4 | E25: 26 ضد 23
A26: 2 | B26: =المدخلات!$F$6 -> 7:20–8:50 م | C26: 3 | D26: المجموعة 2 | E26: 14 ضد 8
A27: 2 | B27: =المدخلات!$F$6 -> 7:20–8:50 م | C27: 4 | D27: المجموعة 4 | E27: 28 ضد 22
A28: 3 | B28: =المدخلات!$F$4 -> 4:00–5:30 م | C28: 1 | D28: المجموعة 4 | E28: 26 ضد 28
A29: 3 | B29: =المدخلات!$F$4 -> 4:00–5:30 م | C29: 2 | D29: المجموعة 3 | E29: 15 ضد 20
A30: 3 | B30: =المدخلات!$F$4 -> 4:00–5:30 م | C30: 3 | D30: المجموعة 4 | E30: 24 ضد 23
A31: 3 | B31: =المدخلات!$F$4 -> 4:00–5:30 م | C31: 4 | D31: المجموعة 3 | E31: 17 ضد 16
A32: 3 | B32: =المدخلات!$F$5 -> 5:40–7:10 م | C32: 1 | D32: المجموعة 2 | E32: 8 ضد 13
A33: 3 | B33: =المدخلات!$F$5 -> 5:40–7:10 م | C33: 2 | D33: المجموعة 4 | E33: 22 ضد 27
A34: 3 | B34: =المدخلات!$F$5 -> 5:40–7:10 م | C34: 3 | D34: المجموعة 2 | E34: 12 ضد 14
A35: 3 | B35: =المدخلات!$F$5 -> 5:40–7:10 م | C35: 4 | D35: المجموعة 1 | E35: 3 ضد 2
A36: 3 | B36: =المدخلات!$F$6 -> 7:20–8:50 م | C36: 1 | D36: المجموعة 3 | E36: 19 ضد 21
A37: 3 | B37: =المدخلات!$F$6 -> 7:20–8:50 م | C37: 2 | D37: المجموعة 2 | E37: 10 ضد 9
A38: 3 | B38: =المدخلات!$F$6 -> 7:20–8:50 م | C38: 3 | D38: المجموعة 1 | E38: 1 ضد 6
A39: 3 | B39: =المدخلات!$F$6 -> 7:20–8:50 م | C39: 4 | D39: المجموعة 1 | E39: 5 ضد 7
A40: 4 | B40: =المدخلات!$F$4 -> 4:00–5:30 م | C40: 1 | D40: المجموعة 3 | E40: 17 ضد 21
A41: 4 | B41: =المدخلات!$F$4 -> 4:00–5:30 م | C41: 2 | D41: المجموعة 2 | E41: 10 ضد 14
A42: 4 | B42: =المدخلات!$F$4 -> 4:00–5:30 م | C42: 3 | D42: المجموعة 2 | E42: 12 ضد 8
A43: 4 | B43: =المدخلات!$F$4 -> 4:00–5:30 م | C43: 4 | D43: المجموعة 4 | E43: 27 ضد 25
A44: 4 | B44: =المدخلات!$F$5 -> 5:40–7:10 م | C44: 1 | D44: المجموعة 4 | E44: 26 ضد 22
A45: 4 | B45: =المدخلات!$F$5 -> 5:40–7:10 م | C45: 2 | D45: المجموعة 1 | E45: 6 ضد 4
A46: 4 | B46: =المدخلات!$F$5 -> 5:40–7:10 م | C46: 3 | D46: المجموعة 1 | E46: 5 ضد 1
A47: 4 | B47: =المدخلات!$F$5 -> 5:40–7:10 م | C47: 4 | D47: المجموعة 4 | E47: 24 ضد 28
A48: 4 | B48: =المدخلات!$F$6 -> 7:20–8:50 م | C48: 1 | D48: المجموعة 3 | E48: 20 ضد 18
A49: 4 | B49: =المدخلات!$F$6 -> 7:20–8:50 م | C49: 2 | D49: المجموعة 1 | E49: 3 ضد 7
A50: 4 | B50: =المدخلات!$F$6 -> 7:20–8:50 م | C50: 3 | D50: المجموعة 2 | E50: 13 ضد 11
A51: 4 | B51: =المدخلات!$F$6 -> 7:20–8:50 م | C51: 4 | D51: المجموعة 3 | E51: 19 ضد 15
A52: 5 | B52: =المدخلات!$F$4 -> 4:00–5:30 م | C52: 1 | D52: المجموعة 1 | E52: 6 ضد 2
A53: 5 | B53: =المدخلات!$F$4 -> 4:00–5:30 م | C53: 2 | D53: المجموعة 2 | E53: 13 ضد 9
A54: 5 | B54: =المدخلات!$F$4 -> 4:00–5:30 م | C54: 3 | D54: المجموعة 4 | E54: 22 ضد 25
A55: 5 | B55: =المدخلات!$F$4 -> 4:00–5:30 م | C55: 4 | D55: المجموعة 3 | E55: 15 ضد 18
A56: 5 | B56: =المدخلات!$F$5 -> 5:40–7:10 م | C56: 1 | D56: المجموعة 2 | E56: 8 ضد 11
A57: 5 | B57: =المدخلات!$F$5 -> 5:40–7:10 م | C57: 2 | D57: المجموعة 3 | E57: 17 ضد 19
A58: 5 | B58: =المدخلات!$F$5 -> 5:40–7:10 م | C58: 3 | D58: المجموعة 3 | E58: 20 ضد 16
A59: 5 | B59: =المدخلات!$F$5 -> 5:40–7:10 م | C59: 4 | D59: المجموعة 1 | E59: 3 ضد 5
A60: 5 | B60: =المدخلات!$F$6 -> 7:20–8:50 م | C60: 1 | D60: المجموعة 1 | E60: 1 ضد 4
A61: 5 | B61: =المدخلات!$F$6 -> 7:20–8:50 م | C61: 2 | D61: المجموعة 4 | E61: 27 ضد 23
A62: 5 | B62: =المدخلات!$F$6 -> 7:20–8:50 م | C62: 3 | D62: المجموعة 4 | E62: 24 ضد 26
A63: 5 | B63: =المدخلات!$F$6 -> 7:20–8:50 م | C63: 4 | D63: المجموعة 2 | E63: 10 ضد 12
A64: 6 | B64: =المدخلات!$F$4 -> 4:00–5:30 م | C64: 1 | D64: المجموعة 4 | E64: 24 ضد 22
A65: 6 | B65: =المدخلات!$F$4 -> 4:00–5:30 م | C65: 2 | D65: المجموعة 2 | E65: 13 ضد 14
A66: 6 | B66: =المدخلات!$F$4 -> 4:00–5:30 م | C66: 3 | D66: المجموعة 3 | E66: 20 ضد 21
A67: 6 | B67: =المدخلات!$F$4 -> 4:00–5:30 م | C67: 4 | D67: المجموعة 4 | E67: 27 ضد 28
A68: 6 | B68: =المدخلات!$F$5 -> 5:40–7:10 م | C68: 1 | D68: المجموعة 2 | E68: 11 ضد 9
A69: 6 | B69: =المدخلات!$F$5 -> 5:40–7:10 م | C69: 2 | D69: المجموعة 3 | E69: 18 ضد 16
A70: 6 | B70: =المدخلات!$F$5 -> 5:40–7:10 م | C70: 3 | D70: المجموعة 1 | E70: 3 ضد 1
A71: 6 | B71: =المدخلات!$F$5 -> 5:40–7:10 م | C71: 4 | D71: المجموعة 1 | E71: 6 ضد 7
A72: 6 | B72: =المدخلات!$F$6 -> 7:20–8:50 م | C72: 1 | D72: المجموعة 4 | E72: 25 ضد 23
A73: 6 | B73: =المدخلات!$F$6 -> 7:20–8:50 م | C73: 2 | D73: المجموعة 1 | E73: 4 ضد 2
A74: 6 | B74: =المدخلات!$F$6 -> 7:20–8:50 م | C74: 3 | D74: المجموعة 2 | E74: 10 ضد 8
A75: 6 | B75: =المدخلات!$F$6 -> 7:20–8:50 م | C75: 4 | D75: المجموعة 3 | E75: 17 ضد 15
A76: 7 | B76: =المدخلات!$F$4 -> 4:00–5:30 م | C76: 1 | D76: المجموعة 2 | E76: 8 ضد 9
A77: 7 | B77: =المدخلات!$F$4 -> 4:00–5:30 م | C77: 2 | D77: المجموعة 3 | E77: 15 ضد 16
A78: 7 | B78: =المدخلات!$F$4 -> 4:00–5:30 م | C78: 3 | D78: المجموعة 1 | E78: 1 ضد 2
A79: 7 | B79: =المدخلات!$F$4 -> 4:00–5:30 م | C79: 4 | D79: المجموعة 1 | E79: 4 ضد 7
A80: 7 | B80: =المدخلات!$F$5 -> 5:40–7:10 م | C80: 1 | D80: المجموعة 4 | E80: 27 ضد 26
A81: 7 | B81: =المدخلات!$F$5 -> 5:40–7:10 م | C81: 2 | D81: المجموعة 4 | E81: 22 ضد 23
A82: 7 | B82: =المدخلات!$F$5 -> 5:40–7:10 م | C82: 3 | D82: المجموعة 2 | E82: 13 ضد 12
A83: 7 | B83: =المدخلات!$F$5 -> 5:40–7:10 م | C83: 4 | D83: المجموعة 3 | E83: 18 ضد 21
A84: 7 | B84: =المدخلات!$F$6 -> 7:20–8:50 م | C84: 1 | D84: المجموعة 1 | E84: 6 ضد 5
A85: 7 | B85: =المدخلات!$F$6 -> 7:20–8:50 م | C85: 2 | D85: المجموعة 2 | E85: 11 ضد 14
A86: 7 | B86: =المدخلات!$F$6 -> 7:20–8:50 م | C86: 3 | D86: المجموعة 3 | E86: 20 ضد 19
A87: 7 | B87: =المدخلات!$F$6 -> 7:20–8:50 م | C87: 4 | D87: المجموعة 4 | E87: 25 ضد 28
A88: 8 | B88: =المدخلات!$F$4 -> 4:00–5:30 م | C88: 1 | D88: المجموعة 3 | E88: 20 ضد 18
A89: 8 | B89: =المدخلات!$F$4 -> 4:00–5:30 م | C89: 2 | D89: المجموعة 3 | E89: 19 ضد 15
A90: 8 | B90: =المدخلات!$F$4 -> 4:00–5:30 م | C90: 3 | D90: المجموعة 2 | E90: 13 ضد 11
A91: 8 | B91: =المدخلات!$F$4 -> 4:00–5:30 م | C91: 4 | D91: المجموعة 1 | E91: 5 ضد 1
A92: 8 | B92: =المدخلات!$F$5 -> 5:40–7:10 م | C92: 1 | D92: المجموعة 2 | E92: 10 ضد 14
A93: 8 | B93: =المدخلات!$F$5 -> 5:40–7:10 م | C93: 2 | D93: المجموعة 3 | E93: 17 ضد 21
A94: 8 | B94: =المدخلات!$F$5 -> 5:40–7:10 م | C94: 3 | D94: المجموعة 4 | E94: 24 ضد 28
A95: 8 | B95: =المدخلات!$F$5 -> 5:40–7:10 م | C95: 4 | D95: المجموعة 1 | E95: 6 ضد 4
A96: 8 | B96: =المدخلات!$F$6 -> 7:20–8:50 م | C96: 1 | D96: المجموعة 1 | E96: 3 ضد 7
A97: 8 | B97: =المدخلات!$F$6 -> 7:20–8:50 م | C97: 2 | D97: المجموعة 4 | E97: 26 ضد 22
A98: 8 | B98: =المدخلات!$F$6 -> 7:20–8:50 م | C98: 3 | D98: المجموعة 2 | E98: 12 ضد 8
A99: 8 | B99: =المدخلات!$F$6 -> 7:20–8:50 م | C99: 4 | D99: المجموعة 4 | E99: 27 ضد 25
A100: 9 | B100: =المدخلات!$F$4 -> 4:00–5:30 م | C100: 1 | D100: المجموعة 1 | E100: 6 ضد 2
A101: 9 | B101: =المدخلات!$F$4 -> 4:00–5:30 م | C101: 2 | D101: المجموعة 4 | E101: 27 ضد 23
...

Sheet 38 فريقًا
A1: بطولة 38 فريقًا – تحت 14
A3: اليوم | B3: الوقت | C3: الملعب | D3: المجموعة / الدور | E3: المباراة
A4: 1 | B4: =المدخلات!$F$4 -> 4:00–5:30 م | C4: 1 | D4: المجموعة 2 | E4: 24 ضد 35
A5: 1 | B5: =المدخلات!$F$4 -> 4:00–5:30 م | C5: 2 | D5: المجموعة 2 | E5: 34 ضد 25
A6: 1 | B6: =المدخلات!$F$4 -> 4:00–5:30 م | C6: 3 | D6: المجموعة 2 | E6: 36 ضد 23
A7: 1 | B7: =المدخلات!$F$4 -> 4:00–5:30 م | C7: 4 | D7: المجموعة 1 | E7: 7 ضد 14
A8: 1 | B8: =المدخلات!$F$4 -> 4:00–5:30 م | C8: 5 | D8: المجموعة 1 | E8: 15 ضد 6
A9: 1 | B9: =المدخلات!$F$4 -> 4:00–5:30 م | C9: 6 | D9: المجموعة 1 | E9: 19 ضد 2
A10: 1 | B10: =المدخلات!$F$5 -> 5:40–7:10 م | C10: 1 | D10: المجموعة 1 | E10: 13 ضد 8
A11: 1 | B11: =المدخلات!$F$5 -> 5:40–7:10 م | C11: 2 | D11: المجموعة 2 | E11: 26 ضد 33
A12: 1 | B12: =المدخلات!$F$5 -> 5:40–7:10 م | C12: 3 | D12: المجموعة 2 | E12: 22 ضد 37
A13: 1 | B13: =المدخلات!$F$5 -> 5:40–7:10 م | C13: 4 | D13: المجموعة 1 | E13: 11 ضد 10
A14: 1 | B14: =المدخلات!$F$5 -> 5:40–7:10 م | C14: 5 | D14: المجموعة 2 | E14: 38 ضد 21
A15: 1 | B15: =المدخلات!$F$5 -> 5:40–7:10 م | C15: 6 | D15: المجموعة 1 | E15: 17 ضد 4
A16: 1 | B16: =المدخلات!$F$6 -> 7:20–8:50 م | C16: 1 | D16: المجموعة 2 | E16: 28 ضد 31
A17: 1 | B17: =المدخلات!$F$6 -> 7:20–8:50 م | C17: 2 | D17: المجموعة 1 | E17: 9 ضد 12
A18: 1 | B18: =المدخلات!$F$6 -> 7:20–8:50 م | C18: 3 | D18: المجموعة 2 | E18: 30 ضد 29
A19: 1 | B19: =المدخلات!$F$6 -> 7:20–8:50 م | C19: 4 | D19: المجموعة 2 | E19: 32 ضد 27
A20: 1 | B20: =المدخلات!$F$6 -> 7:20–8:50 م | C20: 5 | D20: المجموعة 1 | E20: 5 ضد 16
A21: 1 | B21: =المدخلات!$F$6 -> 7:20–8:50 م | C21: 6 | D21: المجموعة 1 | E21: 3 ضد 18
A22: 2 | B22: =المدخلات!$F$4 -> 4:00–5:30 م | C22: 1 | D22: المجموعة 2 | E22: 22 ضد 35
A23: 2 | B23: =المدخلات!$F$4 -> 4:00–5:30 م | C23: 2 | D23: المجموعة 2 | E23: 26 ضد 31
A24: 2 | B24: =المدخلات!$F$4 -> 4:00–5:30 م | C24: 3 | D24: المجموعة 1 | E24: 9 ضد 10
A25: 2 | B25: =المدخلات!$F$4 -> 4:00–5:30 م | C25: 4 | D25: المجموعة 2 | E25: 36 ضد 21
A26: 2 | B26: =المدخلات!$F$4 -> 4:00–5:30 م | C26: 5 | D26: المجموعة 1 | E26: 13 ضد 6
A27: 2 | B27: =المدخلات!$F$4 -> 4:00–5:30 م | C27: 6 | D27: المجموعة 2 | E27: 28 ضد 29
A28: 2 | B28: =المدخلات!$F$5 -> 5:40–7:10 م | C28: 1 | D28: المجموعة 2 | E28: 32 ضد 25
A29: 2 | B29: =المدخلات!$F$5 -> 5:40–7:10 م | C29: 2 | D29: المجموعة 1 | E29: 5 ضد 14
A30: 2 | B30: =المدخلات!$F$5 -> 5:40–7:10 م | C30: 3 | D30: المجموعة 1 | E30: 7 ضد 12
A31: 2 | B31: =المدخلات!$F$5 -> 5:40–7:10 م | C31: 4 | D31: المجموعة 2 | E31: 30 ضد 27
A32: 2 | B32: =المدخلات!$F$5 -> 5:40–7:10 م | C32: 5 | D32: المجموعة 1 | E32: 19 ضد 1
A33: 2 | B33: =المدخلات!$F$5 -> 5:40–7:10 م | C33: 6 | D33: المجموعة 1 | E33: 3 ضد 16
A34: 2 | B34: =المدخلات!$F$6 -> 7:20–8:50 م | C34: 1 | D34: المجموعة 2 | E34: 34 ضد 23
A35: 2 | B35: =المدخلات!$F$6 -> 7:20–8:50 م | C35: 2 | D35: المجموعة 2 | E35: 24 ضد 33
A36: 2 | B36: =المدخلات!$F$6 -> 7:20–8:50 م | C36: 3 | D36: المجموعة 2 | E36: 38 ضد 20
A37: 2 | B37: =المدخلات!$F$6 -> 7:20–8:50 م | C37: 4 | D37: المجموعة 1 | E37: 15 ضد 4
A38: 2 | B38: =المدخلات!$F$6 -> 7:20–8:50 م | C38: 5 | D38: المجموعة 1 | E38: 17 ضد 2
A39: 2 | B39: =المدخلات!$F$6 -> 7:20–8:50 م | C39: 6 | D39: المجموعة 1 | E39: 11 ضد 8
A40: 3 | B40: =المدخلات!$F$4 -> 4:00–5:30 م | C40: 1 | D40: المجموعة 1 | E40: 9 ضد 8
A41: 3 | B41: =المدخلات!$F$4 -> 4:00–5:30 م | C41: 2 | D41: المجموعة 1 | E41: 3 ضد 14
A42: 3 | B42: =المدخلات!$F$4 -> 4:00–5:30 م | C42: 3 | D42: المجموعة 2 | E42: 20 ضد 37
A43: 3 | B43: =المدخلات!$F$4 -> 4:00–5:30 م | C43: 4 | D43: المجموعة 2 | E43: 22 ضد 33
A44: 3 | B44: =المدخلات!$F$4 -> 4:00–5:30 م | C44: 5 | D44: المجموعة 1 | E44: 1 ضد 18
A45: 3 | B45: =المدخلات!$F$4 -> 4:00–5:30 م | C45: 6 | D45: المجموعة 1 | E45: 5 ضد 12
A46: 3 | B46: =المدخلات!$F$5 -> 5:40–7:10 م | C46: 1 | D46: المجموعة 2 | E46: 28 ضد 27
A47: 3 | B47: =المدخلات!$F$5 -> 5:40–7:10 م | C47: 2 | D47: المجموعة 2 | E47: 32 ضد 23
A48: 3 | B48: =المدخلات!$F$5 -> 5:40–7:10 م | C48: 3 | D48: المجموعة 2 | E48: 24 ضد 31
A49: 3 | B49: =المدخلات!$F$5 -> 5:40–7:10 م | C49: 4 | D49: المجموعة 1 | E49: 15 ضد 2
A50: 3 | B50: =المدخلات!$F$5 -> 5:40–7:10 م | C50: 5 | D50: المجموعة 2 | E50: 34 ضد 21
A51: 3 | B51: =المدخلات!$F$5 -> 5:40–7:10 م | C51: 6 | D51: المجموعة 1 | E51: 11 ضد 6
A52: 3 | B52: =المدخلات!$F$6 -> 7:20–8:50 م | C52: 1 | D52: المجموعة 2 | E52: 26 ضد 29
A53: 3 | B53: =المدخلات!$F$6 -> 7:20–8:50 م | C53: 2 | D53: المجموعة 1 | E53: 17 ضد 19
A54: 3 | B54: =المدخلات!$F$6 -> 7:20–8:50 م | C54: 3 | D54: المجموعة 2 | E54: 30 ضد 25
A55: 3 | B55: =المدخلات!$F$6 -> 7:20–8:50 م | C55: 4 | D55: المجموعة 1 | E55: 13 ضد 4
A56: 3 | B56: =المدخلات!$F$6 -> 7:20–8:50 م | C56: 5 | D56: المجموعة 2 | E56: 36 ضد 38
A57: 3 | B57: =المدخلات!$F$6 -> 7:20–8:50 م | C57: 6 | D57: المجموعة 1 | E57: 7 ضد 10
A58: 4 | B58: =المدخلات!$F$4 -> 4:00–5:30 م | C58: 1 | D58: المجموعة 2 | E58: 26 ضد 27
A59: 4 | B59: =المدخلات!$F$4 -> 4:00–5:30 م | C59: 2 | D59: المجموعة 2 | E59: 30 ضد 23
A60: 4 | B60: =المدخلات!$F$4 -> 4:00–5:30 م | C60: 3 | D60: المجموعة 1 | E60: 15 ضد 19
A61: 4 | B61: =المدخلات!$F$4 -> 4:00–5:30 م | C61: 4 | D61: المجموعة 1 | E61: 11 ضد 4
A62: 4 | B62: =المدخلات!$F$4 -> 4:00–5:30 م | C62: 5 | D62: المجموعة 1 | E62: 18 ضد 16
A63: 4 | B63: =المدخلات!$F$4 -> 4:00–5:30 م | C63: 6 | D63: المجموعة 1 | E63: 17 ضد 1
A64: 4 | B64: =المدخلات!$F$5 -> 5:40–7:10 م | C64: 1 | D64: المجموعة 1 | E64: 7 ضد 8
A65: 4 | B65: =المدخلات!$F$5 -> 5:40–7:10 م | C65: 2 | D65: المجموعة 1 | E65: 9 ضد 6
A66: 4 | B66: =المدخلات!$F$5 -> 5:40–7:10 م | C66: 3 | D66: المجموعة 2 | E66: 34 ضد 38
A67: 4 | B67: =المدخلات!$F$5 -> 5:40–7:10 م | C67: 4 | D67: المجموعة 2 | E67: 28 ضد 25
A68: 4 | B68: =المدخلات!$F$5 -> 5:40–7:10 م | C68: 5 | D68: المجموعة 2 | E68: 24 ضد 29
A69: 4 | B69: =المدخلات!$F$5 -> 5:40–7:10 م | C69: 6 | D69: المجموعة 2 | E69: 36 ضد 20
A70: 4 | B70: =المدخلات!$F$6 -> 7:20–8:50 م | C70: 1 | D70: المجموعة 2 | E70: 32 ضد 21
A71: 4 | B71: =المدخلات!$F$6 -> 7:20–8:50 م | C71: 2 | D71: المجموعة 2 | E71: 22 ضد 31
A72: 4 | B72: =المدخلات!$F$6 -> 7:20–8:50 م | C72: 3 | D72: المجموعة 2 | E72: 37 ضد 35
A73: 4 | B73: =المدخلات!$F$6 -> 7:20–8:50 م | C73: 4 | D73: المجموعة 1 | E73: 3 ضد 12
A74: 4 | B74: =المدخلات!$F$6 -> 7:20–8:50 م | C74: 5 | D74: المجموعة 1 | E74: 5 ضد 10
A75: 4 | B75: =المدخلات!$F$6 -> 7:20–8:50 م | C75: 6 | D75: المجموعة 1 | E75: 13 ضد 2
A76: 5 | B76: =المدخلات!$F$4 -> 4:00–5:30 م | C76: 1 | D76: المجموعة 1 | E76: 11 ضد 2
A77: 5 | B77: =المدخلات!$F$4 -> 4:00–5:30 م | C77: 2 | D77: المجموعة 1 | E77: 5 ضد 8
A78: 5 | B78: =المدخلات!$F$4 -> 4:00–5:30 م | C78: 3 | D78: المجموعة 2 | E78: 37 ضد 33
A79: 5 | B79: =المدخلات!$F$4 -> 4:00–5:30 م | C79: 4 | D79: المجموعة 2 | E79: 32 ضد 38
A80: 5 | B80: =المدخلات!$F$4 -> 4:00–5:30 م | C80: 5 | D80: المجموعة 2 | E80: 30 ضد 21
A81: 5 | B81: =المدخلات!$F$4 -> 4:00–5:30 م | C81: 6 | D81: المجموعة 2 | E81: 24 ضد 27
A82: 5 | B82: =المدخلات!$F$5 -> 5:40–7:10 م | C82: 1 | D82: المجموعة 1 | E82: 18 ضد 14
A83: 5 | B83: =المدخلات!$F$5 -> 5:40–7:10 م | C83: 2 | D83: المجموعة 1 | E83: 9 ضد 4
A84: 5 | B84: =المدخلات!$F$5 -> 5:40–7:10 م | C84: 3 | D84: المجموعة 1 | E84: 15 ضد 17
A85: 5 | B85: =المدخلات!$F$5 -> 5:40–7:10 م | C85: 4 | D85: المجموعة 1 | E85: 3 ضد 10
A86: 5 | B86: =المدخلات!$F$5 -> 5:40–7:10 م | C86: 5 | D86: المجموعة 2 | E86: 22 ضد 29
A87: 5 | B87: =المدخلات!$F$5 -> 5:40–7:10 م | C87: 6 | D87: المجموعة 1 | E87: 13 ضد 19
A88: 5 | B88: =المدخلات!$F$6 -> 7:20–8:50 م | C88: 1 | D88: المجموعة 2 | E88: 28 ضد 23
A89: 5 | B89: =المدخلات!$F$6 -> 7:20–8:50 م | C89: 2 | D89: المجموعة 2 | E89: 34 ضد 36
A90: 5 | B90: =المدخلات!$F$6 -> 7:20–8:50 م | C90: 3 | D90: المجموعة 2 | E90: 20 ضد 35
A91: 5 | B91: =المدخلات!$F$6 -> 7:20–8:50 م | C91: 4 | D91: المجموعة 1 | E91: 1 ضد 16
A92: 5 | B92: =المدخلات!$F$6 -> 7:20–8:50 م | C92: 5 | D92: المجموعة 1 | E92: 7 ضد 6
A93: 5 | B93: =المدخلات!$F$6 -> 7:20–8:50 م | C93: 6 | D93: المجموعة 2 | E93: 26 ضد 25
A94: 6 | B94: =المدخلات!$F$4 -> 4:00–5:30 م | C94: 1 | D94: المجموعة 2 | E94: 34 ضد 20
A95: 6 | B95: =المدخلات!$F$4 -> 4:00–5:30 م | C95: 2 | D95: المجموعة 1 | E95: 13 ضد 17
A96: 6 | B96: =المدخلات!$F$4 -> 4:00–5:30 م | C96: 3 | D96: المجموعة 2 | E96: 32 ضد 36
A97: 6 | B97: =المدخلات!$F$4 -> 4:00–5:30 م | C97: 4 | D97: المجموعة 1 | E97: 7 ضد 4
A98: 6 | B98: =المدخلات!$F$4 -> 4:00–5:30 م | C98: 5 | D98: المجموعة 1 | E98: 16 ضد 14
A99: 6 | B99: =المدخلات!$F$4 -> 4:00–5:30 م | C99: 6 | D99: المجموعة 1 | E99: 3 ضد 8
A100: 6 | B100: =المدخلات!$F$5 -> 5:40–7:10 م | C100: 1 | D100: المجموعة 1 | E100: 18 ضد 12
A101: 6 | B101: =المدخلات!$F$5 -> 5:40–7:10 م | C101: 2 | D101: المجموعة 2 | E101: 26 ضد 23
...

Sheet 39 فريقًا
A1: بطولة 39 فريقًا – تحت 14
A3: اليوم | B3: الوقت | C3: الملعب | D3: المجموعة / الدور | E3: المباراة
A4: 1 | B4: =المدخلات!$F$4 -> 4:00–5:30 م | C4: 1 | D4: المجموعة 2 | E4: 34 ضد 25
A5: 1 | B5: =المدخلات!$F$4 -> 4:00–5:30 م | C5: 2 | D5: المجموعة 1 | E5: 11 ضد 10
A6: 1 | B6: =المدخلات!$F$4 -> 4:00–5:30 م | C6: 3 | D6: المجموعة 2 | E6: 26 ضد 33
A7: 1 | B7: =المدخلات!$F$4 -> 4:00–5:30 م | C7: 4 | D7: المجموعة 2 | E7: 30 ضد 29
A8: 1 | B8: =المدخلات!$F$4 -> 4:00–5:30 م | C8: 5 | D8: المجموعة 1 | E8: 13 ضد 8
A9: 1 | B9: =المدخلات!$F$4 -> 4:00–5:30 م | C9: 6 | D9: المجموعة 2 | E9: 22 ضد 37
A10: 1 | B10: =المدخلات!$F$4 -> 4:00–5:30 م | C10: 7 | D10: المجموعة 2 | E10: 28 ضد 31
A11: 1 | B11: =المدخلات!$F$5 -> 5:40–7:10 م | C11: 1 | D11: المجموعة 2 | E11: 24 ضد 35
A12: 1 | B12: =المدخلات!$F$5 -> 5:40–7:10 م | C12: 2 | D12: المجموعة 1 | E12: 9 ضد 12
A13: 1 | B13: =المدخلات!$F$5 -> 5:40–7:10 م | C13: 3 | D13: المجموعة 1 | E13: 3 ضد 18
A14: 1 | B14: =المدخلات!$F$5 -> 5:40–7:10 م | C14: 4 | D14: المجموعة 2 | E14: 36 ضد 23
A15: 1 | B15: =المدخلات!$F$5 -> 5:40–7:10 م | C15: 5 | D15: المجموعة 1 | E15: 5 ضد 16
A16: 1 | B16: =المدخلات!$F$6 -> 7:20–8:50 م | C16: 1 | D16: المجموعة 2 | E16: 38 ضد 21
A17: 1 | B17: =المدخلات!$F$6 -> 7:20–8:50 م | C17: 2 | D17: المجموعة 1 | E17: 15 ضد 6
A18: 1 | B18: =المدخلات!$F$6 -> 7:20–8:50 م | C18: 3 | D18: المجموعة 1 | E18: 7 ضد 14
A19: 1 | B19: =المدخلات!$F$6 -> 7:20–8:50 م | C19: 4 | D19: المجموعة 1 | E19: 17 ضد 4
A20: 1 | B20: =المدخلات!$F$6 -> 7:20–8:50 م | C20: 5 | D20: المجموعة 2 | E20: 20 ضد 39
A21: 1 | B21: =المدخلات!$F$6 -> 7:20–8:50 م | C21: 6 | D21: المجموعة 2 | E21: 32 ضد 27
A22: 1 | B22: =المدخلات!$F$6 -> 7:20–8:50 م | C22: 7 | D22: المجموعة 1 | E22: 19 ضد 2
A23: 2 | B23: =المدخلات!$F$4 -> 4:00–5:30 م | C23: 1 | D23: المجموعة 1 | E23: 5 ضد 14
A24: 2 | B24: =المدخلات!$F$4 -> 4:00–5:30 م | C24: 2 | D24: المجموعة 1 | E24: 19 ضد 1
A25: 2 | B25: =المدخلات!$F$4 -> 4:00–5:30 م | C25: 3 | D25: المجموعة 2 | E25: 38 ضد 20
A26: 2 | B26: =المدخلات!$F$4 -> 4:00–5:30 م | C26: 4 | D26: المجموعة 1 | E26: 15 ضد 4
A27: 2 | B27: =المدخلات!$F$4 -> 4:00–5:30 م | C27: 5 | D27: المجموعة 2 | E27: 36 ضد 21
A28: 2 | B28: =المدخلات!$F$4 -> 4:00–5:30 م | C28: 6 | D28: المجموعة 1 | E28: 7 ضد 12
A29: 2 | B29: =المدخلات!$F$4 -> 4:00–5:30 م | C29: 7 | D29: المجموعة 1 | E29: 17 ضد 2
A30: 2 | B30: =المدخلات!$F$5 -> 5:40–7:10 م | C30: 1 | D30: المجموعة 1 | E30: 13 ضد 6
A31: 2 | B31: =المدخلات!$F$5 -> 5:40–7:10 م | C31: 2 | D31: المجموعة 2 | E31: 32 ضد 25
A32: 2 | B32: =المدخلات!$F$5 -> 5:40–7:10 م | C32: 3 | D32: المجموعة 2 | E32: 39 ضد 37
A33: 2 | B33: =المدخلات!$F$5 -> 5:40–7:10 م | C33: 4 | D33: المجموعة 2 | E33: 30 ضد 27
A34: 2 | B34: =المدخلات!$F$5 -> 5:40–7:10 م | C34: 5 | D34: المجموعة 2 | E34: 26 ضد 31
A35: 2 | B35: =المدخلات!$F$5 -> 5:40–7:10 م | C35: 6 | D35: المجموعة 1 | E35: 11 ضد 8
A36: 2 | B36: =المدخلات!$F$6 -> 7:20–8:50 م | C36: 1 | D36: المجموعة 1 | E36: 9 ضد 10
A37: 2 | B37: =المدخلات!$F$6 -> 7:20–8:50 م | C37: 2 | D37: المجموعة 1 | E37: 3 ضد 16
A38: 2 | B38: =المدخلات!$F$6 -> 7:20–8:50 م | C38: 3 | D38: المجموعة 2 | E38: 22 ضد 35
A39: 2 | B39: =المدخلات!$F$6 -> 7:20–8:50 م | C39: 4 | D39: المجموعة 2 | E39: 28 ضد 29
A40: 2 | B40: =المدخلات!$F$6 -> 7:20–8:50 م | C40: 5 | D40: المجموعة 2 | E40: 34 ضد 23
A41: 2 | B41: =المدخلات!$F$6 -> 7:20–8:50 م | C41: 6 | D41: المجموعة 2 | E41: 24 ضد 33
A42: 3 | B42: =المدخلات!$F$4 -> 4:00–5:30 م | C42: 1 | D42: المجموعة 1 | E42: 9 ضد 8
A43: 3 | B43: =المدخلات!$F$4 -> 4:00–5:30 م | C43: 2 | D43: المجموعة 2 | E43: 32 ضد 23
A44: 3 | B44: =المدخلات!$F$4 -> 4:00–5:30 م | C44: 3 | D44: المجموعة 1 | E44: 3 ضد 14
A45: 3 | B45: =المدخلات!$F$4 -> 4:00–5:30 م | C45: 4 | D45: المجموعة 2 | E45: 39 ضد 35
A46: 3 | B46: =المدخلات!$F$4 -> 4:00–5:30 م | C46: 5 | D46: المجموعة 2 | E46: 24 ضد 31
A47: 3 | B47: =المدخلات!$F$5 -> 5:40–7:10 م | C47: 1 | D47: المجموعة 1 | E47: 7 ضد 10
A48: 3 | B48: =المدخلات!$F$5 -> 5:40–7:10 م | C48: 2 | D48: المجموعة 2 | E48: 22 ضد 33
A49: 3 | B49: =المدخلات!$F$5 -> 5:40–7:10 م | C49: 3 | D49: المجموعة 1 | E49: 5 ضد 12
A50: 3 | B50: =المدخلات!$F$5 -> 5:40–7:10 م | C50: 4 | D50: المجموعة 1 | E50: 17 ضد 19
A51: 3 | B51: =المدخلات!$F$5 -> 5:40–7:10 م | C51: 5 | D51: المجموعة 2 | E51: 34 ضد 21
A52: 3 | B52: =المدخلات!$F$5 -> 5:40–7:10 م | C52: 6 | D52: المجموعة 2 | E52: 28 ضد 27
A53: 3 | B53: =المدخلات!$F$5 -> 5:40–7:10 م | C53: 7 | D53: المجموعة 1 | E53: 15 ضد 2
A54: 3 | B54: =المدخلات!$F$6 -> 7:20–8:50 م | C54: 1 | D54: المجموعة 1 | E54: 1 ضد 18
A55: 3 | B55: =المدخلات!$F$6 -> 7:20–8:50 م | C55: 2 | D55: المجموعة 2 | E55: 20 ضد 37
A56: 3 | B56: =المدخلات!$F$6 -> 7:20–8:50 م | C56: 3 | D56: المجموعة 2 | E56: 36 ضد 38
A57: 3 | B57: =المدخلات!$F$6 -> 7:20–8:50 م | C57: 4 | D57: المجموعة 2 | E57: 26 ضد 29
A58: 3 | B58: =المدخلات!$F$6 -> 7:20–8:50 م | C58: 5 | D58: المجموعة 1 | E58: 13 ضد 4
A59: 3 | B59: =المدخلات!$F$6 -> 7:20–8:50 م | C59: 6 | D59: المجموعة 2 | E59: 30 ضد 25
A60: 3 | B60: =المدخلات!$F$6 -> 7:20–8:50 م | C60: 7 | D60: المجموعة 1 | E60: 11 ضد 6
A61: 4 | B61: =المدخلات!$F$4 -> 4:00–5:30 م | C61: 1 | D61: المجموعة 2 | E61: 28 ضد 25
A62: 4 | B62: =المدخلات!$F$4 -> 4:00–5:30 م | C62: 2 | D62: المجموعة 1 | E62: 13 ضد 2
A63: 4 | B63: =المدخلات!$F$4 -> 4:00–5:30 م | C63: 3 | D63: المجموعة 1 | E63: 9 ضد 6
A64: 4 | B64: =المدخلات!$F$4 -> 4:00–5:30 م | C64: 4 | D64: المجموعة 2 | E64: 26 ضد 27
A65: 4 | B65: =المدخلات!$F$4 -> 4:00–5:30 م | C65: 5 | D65: المجموعة 1 | E65: 18 ضد 16
A66: 4 | B66: =المدخلات!$F$5 -> 5:40–7:10 م | C66: 1 | D66: المجموعة 2 | E66: 30 ضد 23
A67: 4 | B67: =المدخلات!$F$5 -> 5:40–7:10 م | C67: 2 | D67: المجموعة 1 | E67: 17 ضد 1
A68: 4 | B68: =المدخلات!$F$5 -> 5:40–7:10 م | C68: 3 | D68: المجموعة 2 | E68: 34 ضد 38
A69: 4 | B69: =المدخلات!$F$5 -> 5:40–7:10 م | C69: 4 | D69: المجموعة 1 | E69: 11 ضد 4
A70: 4 | B70: =المدخلات!$F$5 -> 5:40–7:10 م | C70: 5 | D70: المجموعة 2 | E70: 24 ضد 29
A71: 4 | B71: =المدخلات!$F$5 -> 5:40–7:10 م | C71: 6 | D71: المجموعة 2 | E71: 36 ضد 20
A72: 4 | B72: =المدخلات!$F$5 -> 5:40–7:10 م | C72: 7 | D72: المجموعة 2 | E72: 39 ضد 33
A73: 4 | B73: =المدخلات!$F$6 -> 7:20–8:50 م | C73: 1 | D73: المجموعة 2 | E73: 37 ضد 35
A74: 4 | B74: =المدخلات!$F$6 -> 7:20–8:50 م | C74: 2 | D74: المجموعة 1 | E74: 7 ضد 8
A75: 4 | B75: =المدخلات!$F$6 -> 7:20–8:50 م | C75: 3 | D75: المجموعة 1 | E75: 3 ضد 12
A76: 4 | B76: =المدخلات!$F$6 -> 7:20–8:50 م | C76: 4 | D76: المجموعة 2 | E76: 32 ضد 21
A77: 4 | B77: =المدخلات!$F$6 -> 7:20–8:50 م | C77: 5 | D77: المجموعة 1 | E77: 15 ضد 19
A78: 4 | B78: =المدخلات!$F$6 -> 7:20–8:50 م | C78: 6 | D78: المجموعة 2 | E78: 22 ضد 31
A79: 4 | B79: =المدخلات!$F$6 -> 7:20–8:50 م | C79: 7 | D79: المجموعة 1 | E79: 5 ضد 10
A80: 5 | B80: =المدخلات!$F$4 -> 4:00–5:30 م | C80: 1 | D80: المجموعة 2 | E80: 32 ضد 38
A81: 5 | B81: =المدخلات!$F$4 -> 4:00–5:30 م | C81: 2 | D81: المجموعة 1 | E81: 7 ضد 6
A82: 5 | B82: =المدخلات!$F$4 -> 4:00–5:30 م | C82: 3 | D82: المجموعة 2 | E82: 24 ضد 27
A83: 5 | B83: =المدخلات!$F$4 -> 4:00–5:30 م | C83: 4 | D83: المجموعة 2 | E83: 30 ضد 21
A84: 5 | B84: =المدخلات!$F$4 -> 4:00–5:30 م | C84: 5 | D84: المجموعة 1 | E84: 3 ضد 10
A85: 5 | B85: =المدخلات!$F$4 -> 4:00–5:30 م | C85: 6 | D85: المجموعة 1 | E85: 15 ضد 17
A86: 5 | B86: =المدخلات!$F$4 -> 4:00–5:30 م | C86: 7 | D86: المجموعة 2 | E86: 37 ضد 33
A87: 5 | B87: =المدخلات!$F$5 -> 5:40–7:10 م | C87: 1 | D87: المجموعة 2 | E87: 20 ضد 35
A88: 5 | B88: =المدخلات!$F$5 -> 5:40–7:10 م | C88: 2 | D88: المجموعة 1 | E88: 9 ضد 4
A89: 5 | B89: =المدخلات!$F$5 -> 5:40–7:10 م | C89: 3 | D89: المجموعة 2 | E89: 22 ضد 29
A90: 5 | B90: =المدخلات!$F$5 -> 5:40–7:10 م | C90: 4 | D90: المجموعة 1 | E90: 13 ضد 19
A91: 5 | B91: =المدخلات!$F$5 -> 5:40–7:10 م | C91: 5 | D91: المجموعة 1 | E91: 18 ضد 14
A92: 5 | B92: =المدخلات!$F$6 -> 7:20–8:50 م | C92: 1 | D92: المجموعة 1 | E92: 11 ضد 2
A93: 5 | B93: =المدخلات!$F$6 -> 7:20–8:50 م | C93: 2 | D93: المجموعة 2 | E93: 28 ضد 23
A94: 5 | B94: =المدخلات!$F$6 -> 7:20–8:50 م | C94: 3 | D94: المجموعة 1 | E94: 5 ضد 8
A95: 5 | B95: =المدخلات!$F$6 -> 7:20–8:50 م | C95: 4 | D95: المجموعة 1 | E95: 1 ضد 16
A96: 5 | B96: =المدخلات!$F$6 -> 7:20–8:50 م | C96: 5 | D96: المجموعة 2 | E96: 26 ضد 25
A97: 5 | B97: =المدخلات!$F$6 -> 7:20–8:50 م | C97: 6 | D97: المجموعة 2 | E97: 39 ضد 31
A98: 5 | B98: =المدخلات!$F$6 -> 7:20–8:50 م | C98: 7 | D98: المجموعة 2 | E98: 34 ضد 36
A99: 6 | B99: =المدخلات!$F$4 -> 4:00–5:30 م | C99: 1 | D99: المجموعة 2 | E99: 22 ضد 27
A100: 6 | B100: =المدخلات!$F$4 -> 4:00–5:30 م | C100: 2 | D100: المجموعة 1 | E100: 7 ضد 4
A101: 6 | B101: =المدخلات!$F$4 -> 4:00–5:30 م | C101: 3 | D101: المجموعة 2 | E101: 34 ضد 20
...

Sheet بيانات الفرق
A1: 5 فرق | F1: 6 فرق | K1: 7 فرق | P1: 8 فرق | U1: 9 فرق | Z1: 10 فرق | AE1: 11 فريقًا | AJ1: 12 فريقًا | AO1: 14 فريقًا | AT1: 15 فريقًا | AY1: 16 فريقًا | BD1: 17 فريقًا | BI1: 19 فريقًا | BN1: 26 فريقًا | BS1: 28 فريقًا | BX1: 38 فريقًا | CC1: 39 فريقًا
A2: الفريق | B2: المجموعة | C2: مباريات الدوري | D2: عدد الخصوم | F2: الفريق | G2: المجموعة | H2: مباريات الدوري | I2: عدد الخصوم | K2: الفريق | L2: المجموعة | M2: مباريات الدوري | N2: عدد الخصوم | P2: الفريق | Q2: المجموعة | R2: مباريات الدوري | S2: عدد الخصوم | U2: الفريق | V2: المجموعة | W2: مباريات الدوري | X2: عدد الخصوم | Z2: الفريق | AA2: المجموعة | AB2: مباريات الدوري | AC2: عدد الخصوم | AE2: الفريق | AF2: المجموعة | AG2: مباريات الدوري | AH2: عدد الخصوم | AJ2: الفريق | AK2: المجموعة | AL2: مباريات الدوري | AM2: عدد الخصوم | AO2: الفريق | AP2: المجموعة | AQ2: مباريات الدوري | AR2: عدد الخصوم | AT2: الفريق | AU2: المجموعة | AV2: مباريات الدوري | AW2: عدد الخصوم | AY2: الفريق | AZ2: المجموعة | BA2: مباريات الدوري | BB2: عدد الخصوم | BD2: الفريق | BE2: المجموعة | BF2: مباريات الدوري | BG2: عدد الخصوم | BI2: الفريق | BJ2: المجموعة | BK2: مباريات الدوري | BL2: عدد الخصوم | BN2: الفريق | BO2: المجموعة | BP2: مباريات الدوري | BQ2: عدد الخصوم | BS2: الفريق | BT2: المجموعة | BU2: مباريات الدوري | BV2: عدد الخصوم | BX2: الفريق | BY2: المجموعة | BZ2: مباريات الدوري | CA2: عدد الخصوم | CC2: الفريق | CD2: المجموعة | CE2: مباريات الدوري | CF2: عدد الخصوم
A3: 1 | B3: ="المجموعة 1" -> المجموعة 1 | C3: =COUNTIF('5 فرق'!$D$4:$D$600,A3&" ضد *")+COUNTIF('5 فرق'!$D$4:$D$600,"* ضد "&A3) -> 16 | D3: =COUNTIF($B$3:$B$7,B3)-1 -> 4 | F3: 1 | G3: ="المجموعة 1" -> المجموعة 1 | H3: =COUNTIF('6 فرق'!$D$4:$D$600,F3&" ضد *")+COUNTIF('6 فرق'!$D$4:$D$600,"* ضد "&F3) -> 20 | I3: =COUNTIF($G$3:$G$8,G3)-1 -> 5 | K3: 1 | L3: ="المجموعة 1" -> المجموعة 1 | M3: =COUNTIF('7 فرق'!$D$4:$D$600,K3&" ضد *")+COUNTIF('7 فرق'!$D$4:$D$600,"* ضد "&K3) -> 18 | N3: =COUNTIF($L$3:$L$9,L3)-1 -> 6 | P3: 1 | Q3: ="المجموعة 1" -> المجموعة 1 | R3: =COUNTIF('8 فرق'!$D$4:$D$600,P3&" ضد *")+COUNTIF('8 فرق'!$D$4:$D$600,"* ضد "&P3) -> 21 | S3: =COUNTIF($Q$3:$Q$10,Q3)-1 -> 7 | U3: 1 | V3: ="المجموعة 1" -> المجموعة 1 | W3: =COUNTIF('9 فرق'!$D$4:$D$600,U3&" ضد *")+COUNTIF('9 فرق'!$D$4:$D$600,"* ضد "&U3) -> 16 | X3: =COUNTIF($V$3:$V$11,V3)-1 -> 8 | Z3: 1 | AA3: ="المجموعة 1" -> المجموعة 1 | AB3: =COUNTIF('10 فرق'!$D$4:$D$600,Z3&" ضد *")+COUNTIF('10 فرق'!$D$4:$D$600,"* ضد "&Z3) -> 18 | AC3: =COUNTIF($AA$3:$AA$12,AA3)-1 -> 9 | AE3: 1 | AF3: =IFERROR(INDEX('11 فريقًا'!$D$4:$D$600,MATCH(AE3&" ضد *",'11 فريقًا'!$E$4:$E$600,0)),INDEX('11 فريقًا'!$D$4:$D$600,MATCH("* ضد "&AE3,'11 فريقًا'!$E$4:$E$600,0))) -> المجموعة 1 | AG3: =COUNTIF('11 فريقًا'!$E$4:$E$600,AE3&" ضد *")+COUNTIF('11 فريقًا'!$E$4:$E$600,"* ضد "&AE3) -> 20 | AH3: =COUNTIF($AF$3:$AF$13,AF3)-1 -> 10 | AJ3: 1 | AK3: =IFERROR(INDEX('12 فريقًا'!$D$4:$D$600,MATCH(AJ3&" ضد *",'12 فريقًا'!$E$4:$E$600,0)),INDEX('12 فريقًا'!$D$4:$D$600,MATCH("* ضد "&AJ3,'12 فريقًا'!$E$4:$E$600,0))) -> المجموعة 1 | AL3: =COUNTIF('12 فريقًا'!$E$4:$E$600,AJ3&" ضد *")+COUNTIF('12 فريقًا'!$E$4:$E$600,"* ضد "&AJ3) -> 22 | AM3: =COUNTIF($AK$3:$AK$14,AK3)-1 -> 11 | AO3: 1 | AP3: =IFERROR(INDEX('14 فريقًا'!$D$4:$D$600,MATCH(AO3&" ضد *",'14 فريقًا'!$E$4:$E$600,0)),INDEX('14 فريقًا'!$D$4:$D$600,MATCH("* ضد "&AO3,'14 فريقًا'!$E$4:$E$600,0))) -> المجموعة 1 | AQ3: =COUNTIF('14 فريقًا'!$E$4:$E$600,AO3&" ضد *")+COUNTIF('14 فريقًا'!$E$4:$E$600,"* ضد "&AO3) -> 18 | AR3: =COUNTIF($AP$3:$AP$16,AP3)-1 -> 6 | AT3: 1 | AU3: =IFERROR(INDEX('15 فريقًا'!$D$4:$D$600,MATCH(AT3&" ضد *",'15 فريقًا'!$E$4:$E$600,0)),INDEX('15 فريقًا'!$D$4:$D$600,MATCH("* ضد "&AT3,'15 فريقًا'!$E$4:$E$600,0))) -> المجموعة 1 | AV3: =COUNTIF('15 فريقًا'!$E$4:$E$600,AT3&" ضد *")+COUNTIF('15 فريقًا'!$E$4:$E$600,"* ضد "&AT3) -> 18 | AW3: =COUNTIF($AU$3:$AU$17,AU3)-1 -> 6 | AY3: 1 | AZ3: =IFERROR(INDEX('16 فريقًا'!$D$4:$D$600,MATCH(AY3&" ضد *",'16 فريقًا'!$E$4:$E$600,0)),INDEX('16 فريقًا'!$D$4:$D$600,MATCH("* ضد "&AY3,'16 فريقًا'!$E$4:$E$600,0))) -> المجموعة 1 | BA3: =COUNTIF('16 فريقًا'!$E$4:$E$600,AY3&" ضد *")+COUNTIF('16 فريقًا'!$E$4:$E$600,"* ضد "&AY3) -> 21 | BB3: =COUNTIF($AZ$3:$AZ$18,AZ3)-1 -> 7 | BD3: 1 | BE3: =IFERROR(INDEX('17 فريقًا'!$D$4:$D$600,MATCH(BD3&" ضد *",'17 فريقًا'!$E$4:$E$600,0)),INDEX('17 فريقًا'!$D$4:$D$600,MATCH("* ضد "&BD3,'17 فريقًا'!$E$4:$E$600,0))) -> المجموعة 1 | BF3: =COUNTIF('17 فريقًا'!$E$4:$E$600,BD3&" ضد *")+COUNTIF('17 فريقًا'!$E$4:$E$600,"* ضد "&BD3) -> 16 | BG3: =COUNTIF($BE$3:$BE$19,BE3)-1 -> 16 | BI3: 1 | BJ3: =IFERROR(INDEX('19 فريقًا'!$D$4:$D$600,MATCH(BI3&" ضد *",'19 فريقًا'!$E$4:$E$600,0)),INDEX('19 فريقًا'!$D$4:$D$600,MATCH("* ضد "&BI3,'19 فريقًا'!$E$4:$E$600,0))) -> المجموعة 1 | BK3: =COUNTIF('19 فريقًا'!$E$4:$E$600,BI3&" ضد *")+COUNTIF('19 فريقًا'!$E$4:$E$600,"* ضد "&BI3) -> 18 | BL3: =COUNTIF($BJ$3:$BJ$21,BJ3)-1 -> 18 | BN3: 1 | BO3: =IFERROR(INDEX('26 فريقًا'!$D$4:$D$600,MATCH(BN3&" ضد *",'26 فريقًا'!$E$4:$E$600,0)),INDEX('26 فريقًا'!$D$4:$D$600,MATCH("* ضد "&BN3,'26 فريقًا'!$E$4:$E$600,0))) -> المجموعة 1 | BP3: =COUNTIF('26 فريقًا'!$E$4:$E$600,BN3&" ضد *")+COUNTIF('26 فريقًا'!$E$4:$E$600,"* ضد "&BN3) -> 20 | BQ3: =COUNTIF($BO$3:$BO$28,BO3)-1 -> 5 | BS3: 1 | BT3: =IFERROR(INDEX('28 فريقًا'!$D$4:$D$600,MATCH(BS3&" ضد *",'28 فريقًا'!$E$4:$E$600,0)),INDEX('28 فريقًا'!$D$4:$D$600,MATCH("* ضد "&BS3,'28 فريقًا'!$E$4:$E$600,0))) -> المجموعة 1 | BU3: =COUNTIF('28 فريقًا'!$E$4:$E$600,BS3&" ضد *")+COUNTIF('28 فريقًا'!$E$4:$E$600,"* ضد "&BS3) -> 18 | BV3: =COUNTIF($BT$3:$BT$30,BT3)-1 -> 6 | BX3: 1 | BY3: =IFERROR(INDEX('38 فريقًا'!$D$4:$D$600,MATCH(BX3&" ضد *",'38 فريقًا'!$E$4:$E$600,0)),INDEX('38 فريقًا'!$D$4:$D$600,MATCH("* ضد "&BX3,'38 فريقًا'!$E$4:$E$600,0))) -> المجموعة 1 | BZ3: =COUNTIF('38 فريقًا'!$E$4:$E$600,BX3&" ضد *")+COUNTIF('38 فريقًا'!$E$4:$E$600,"* ضد "&BX3) -> 18 | CA3: =COUNTIF($BY$3:$BY$40,BY3)-1 -> 18 | CC3: 1 | CD3: =IFERROR(INDEX('39 فريقًا'!$D$4:$D$600,MATCH(CC3&" ضد *",'39 فريقًا'!$E$4:$E$600,0)),INDEX('39 فريقًا'!$D$4:$D$600,MATCH("* ضد "&CC3,'39 فريقًا'!$E$4:$E$600,0))) -> المجموعة 1 | CE3: =COUNTIF('39 فريقًا'!$E$4:$E$600,CC3&" ضد *")+COUNTIF('39 فريقًا'!$E$4:$E$600,"* ضد "&CC3) -> 18 | CF3: =COUNTIF($CD$3:$CD$41,CD3)-1 -> 18
A4: 2 | B4: ="المجموعة 1" -> المجموعة 1 | C4: =COUNTIF('5 فرق'!$D$4:$D$600,A4&" ضد *")+COUNTIF('5 فرق'!$D$4:$D$600,"* ضد "&A4) -> 16 | D4: =COUNTIF($B$3:$B$7,B4)-1 -> 4 | F4: 2 | G4: ="المجموعة 1" -> المجموعة 1 | H4: =COUNTIF('6 فرق'!$D$4:$D$600,F4&" ضد *")+COUNTIF('6 فرق'!$D$4:$D$600,"* ضد "&F4) -> 20 | I4: =COUNTIF($G$3:$G$8,G4)-1 -> 5 | K4: 2 | L4: ="المجموعة 1" -> المجموعة 1 | M4: =COUNTIF('7 فرق'!$D$4:$D$600,K4&" ضد *")+COUNTIF('7 فرق'!$D$4:$D$600,"* ضد "&K4) -> 18 | N4: =COUNTIF($L$3:$L$9,L4)-1 -> 6 | P4: 2 | Q4: ="المجموعة 1" -> المجموعة 1 | R4: =COUNTIF('8 فرق'!$D$4:$D$600,P4&" ضد *")+COUNTIF('8 فرق'!$D$4:$D$600,"* ضد "&P4) -> 21 | S4: =COUNTIF($Q$3:$Q$10,Q4)-1 -> 7 | U4: 2 | V4: ="المجموعة 1" -> المجموعة 1 | W4: =COUNTIF('9 فرق'!$D$4:$D$600,U4&" ضد *")+COUNTIF('9 فرق'!$D$4:$D$600,"* ضد "&U4) -> 16 | X4: =COUNTIF($V$3:$V$11,V4)-1 -> 8 | Z4: 2 | AA4: ="المجموعة 1" -> المجموعة 1 | AB4: =COUNTIF('10 فرق'!$D$4:$D$600,Z4&" ضد *")+COUNTIF('10 فرق'!$D$4:$D$600,"* ضد "&Z4) -> 18 | AC4: =COUNTIF($AA$3:$AA$12,AA4)-1 -> 9 | AE4: 2 | AF4: =IFERROR(INDEX('11 فريقًا'!$D$4:$D$600,MATCH(AE4&" ضد *",'11 فريقًا'!$E$4:$E$600,0)),INDEX('11 فريقًا'!$D$4:$D$600,MATCH("* ضد "&AE4,'11 فريقًا'!$E$4:$E$600,0))) -> المجموعة 1 | AG4: =COUNTIF('11 فريقًا'!$E$4:$E$600,AE4&" ضد *")+COUNTIF('11 فريقًا'!$E$4:$E$600,"* ضد "&AE4) -> 20 | AH4: =COUNTIF($AF$3:$AF$13,AF4)-1 -> 10 | AJ4: 2 | AK4: =IFERROR(INDEX('12 فريقًا'!$D$4:$D$600,MATCH(AJ4&" ضد *",'12 فريقًا'!$E$4:$E$600,0)),INDEX('12 فريقًا'!$D$4:$D$600,MATCH("* ضد "&AJ4,'12 فريقًا'!$E$4:$E$600,0))) -> المجموعة 1 | AL4: =COUNTIF('12 فريقًا'!$E$4:$E$600,AJ4&" ضد *")+COUNTIF('12 فريقًا'!$E$4:$E$600,"* ضد "&AJ4) -> 22 | AM4: =COUNTIF($AK$3:$AK$14,AK4)-1 -> 11 | AO4: 2 | AP4: =IFERROR(INDEX('14 فريقًا'!$D$4:$D$600,MATCH(AO4&" ضد *",'14 فريقًا'!$E$4:$E$600,0)),INDEX('14 فريقًا'!$D$4:$D$600,MATCH("* ضد "&AO4,'14 فريقًا'!$E$4:$E$600,0))) -> المجموعة 1 | AQ4: =COUNTIF('14 فريقًا'!$E$4:$E$600,AO4&" ضد *")+COUNTIF('14 فريقًا'!$E$4:$E$600,"* ضد "&AO4) -> 18 | AR4: =COUNTIF($AP$3:$AP$16,AP4)-1 -> 6 | AT4: 2 | AU4: =IFERROR(INDEX('15 فريقًا'!$D$4:$D$600,MATCH(AT4&" ضد *",'15 فريقًا'!$E$4:$E$600,0)),INDEX('15 فريقًا'!$D$4:$D$600,MATCH("* ضد "&AT4,'15 فريقًا'!$E$4:$E$600,0))) -> المجموعة 1 | AV4: =COUNTIF('15 فريقًا'!$E$4:$E$600,AT4&" ضد *")+COUNTIF('15 فريقًا'!$E$4:$E$600,"* ضد "&AT4) -> 18 | AW4: =COUNTIF($AU$3:$AU$17,AU4)-1 -> 6 | AY4: 2 | AZ4: =IFERROR(INDEX('16 فريقًا'!$D$4:$D$600,MATCH(AY4&" ضد *",'16 فريقًا'!$E$4:$E$600,0)),INDEX('16 فريقًا'!$D$4:$D$600,MATCH("* ضد "&AY4,'16 فريقًا'!$E$4:$E$600,0))) -> المجموعة 1 | BA4: =COUNTIF('16 فريقًا'!$E$4:$E$600,AY4&" ضد *")+COUNTIF('16 فريقًا'!$E$4:$E$600,"* ضد "&AY4) -> 21 | BB4: =COUNTIF($AZ$3:$AZ$18,AZ4)-1 -> 7 | BD4: 2 | BE4: =IFERROR(INDEX('17 فريقًا'!$D$4:$D$600,MATCH(BD4&" ضد *",'17 فريقًا'!$E$4:$E$600,0)),INDEX('17 فريقًا'!$D$4:$D$600,MATCH("* ضد "&BD4,'17 فريقًا'!$E$4:$E$600,0))) -> المجموعة 1 | BF4: =COUNTIF('17 فريقًا'!$E$4:$E$600,BD4&" ضد *")+COUNTIF('17 فريقًا'!$E$4:$E$600,"* ضد "&BD4) -> 16 | BG4: =COUNTIF($BE$3:$BE$19,BE4)-1 -> 16 | BI4: 2 | BJ4: =IFERROR(INDEX('19 فريقًا'!$D$4:$D$600,MATCH(BI4&" ضد *",'19 فريقًا'!$E$4:$E$600,0)),INDEX('19 فريقًا'!$D$4:$D$600,MATCH("* ضد "&BI4,'19 فريقًا'!$E$4:$E$600,0))) -> المجموعة 1 | BK4: =COUNTIF('19 فريقًا'!$E$4:$E$600,BI4&" ضد *")+COUNTIF('19 فريقًا'!$E$4:$E$600,"* ضد "&BI4) -> 18 | BL4: =COUNTIF($BJ$3:$BJ$21,BJ4)-1 -> 18 | BN4: 2 | BO4: =IFERROR(INDEX('26 فريقًا'!$D$4:$D$600,MATCH(BN4&" ضد *",'26 فريقًا'!$E$4:$E$600,0)),INDEX('26 فريقًا'!$D$4:$D$600,MATCH("* ضد "&BN4,'26 فريقًا'!$E$4:$E$600,0))) -> المجموعة 1 | BP4: =COUNTIF('26 فريقًا'!$E$4:$E$600,BN4&" ضد *")+COUNTIF('26 فريقًا'!$E$4:$E$600,"* ضد "&BN4) -> 20 | BQ4: =COUNTIF($BO$3:$BO$28,BO4)-1 -> 5 | BS4: 2 | BT4: =IFERROR(INDEX('28 فريقًا'!$D$4:$D$600,MATCH(BS4&" ضد *",'28 فريقًا'!$E$4:$E$600,0)),INDEX('28 فريقًا'!$D$4:$D$600,MATCH("* ضد "&BS4,'28 فريقًا'!$E$4:$E$600,0))) -> المجموعة 1 | BU4: =COUNTIF('28 فريقًا'!$E$4:$E$600,BS4&" ضد *")+COUNTIF('28 فريقًا'!$E$4:$E$600,"* ضد "&BS4) -> 18 | BV4: =COUNTIF($BT$3:$BT$30,BT4)-1 -> 6 | BX4: 2 | BY4: =IFERROR(INDEX('38 فريقًا'!$D$4:$D$600,MATCH(BX4&" ضد *",'38 فريقًا'!$E$4:$E$600,0)),INDEX('38 فريقًا'!$D$4:$D$600,MATCH("* ضد "&BX4,'38 فريقًا'!$E$4:$E$600,0))) -> المجموعة 1 | BZ4: =COUNTIF('38 فريقًا'!$E$4:$E$600,BX4&" ضد *")+COUNTIF('38 فريقًا'!$E$4:$E$600,"* ضد "&BX4) -> 18 | CA4: =COUNTIF($BY$3:$BY$40,BY4)-1 -> 18 | CC4: 2 | CD4: =IFERROR(INDEX('39 فريقًا'!$D$4:$D$600,MATCH(CC4&" ضد *",'39 فريقًا'!$E$4:$E$600,0)),INDEX('39 فريقًا'!$D$4:$D$600,MATCH("* ضد "&CC4,'39 فريقًا'!$E$4:$E$600,0))) -> المجموعة 1 | CE4: =COUNTIF('39 فريقًا'!$E$4:$E$600,CC4&" ضد *")+COUNTIF('39 فريقًا'!$E$4:$E$600,"* ضد "&CC4) -> 18 | CF4: =COUNTIF($CD$3:$CD$41,CD4)-1 -> 18
A5: 3 | B5: ="المجموعة 1" -> المجموعة 1 | C5: =COUNTIF('5 فرق'!$D$4:$D$600,A5&" ضد *")+COUNTIF('5 فرق'!$D$4:$D$600,"* ضد "&A5) -> 16 | D5: =COUNTIF($B$3:$B$7,B5)-1 -> 4 | F5: 3 | G5: ="المجموعة 1" -> المجموعة 1 | H5: =COUNTIF('6 فرق'!$D$4:$D$600,F5&" ضد *")+COUNTIF('6 فرق'!$D$4:$D$600,"* ضد "&F5) -> 20 | I5: =COUNTIF($G$3:$G$8,G5)-1 -> 5 | K5: 3 | L5: ="المجموعة 1" -> المجموعة 1 | M5: =COUNTIF('7 فرق'!$D$4:$D$600,K5&" ضد *")+COUNTIF('7 فرق'!$D$4:$D$600,"* ضد "&K5) -> 18 | N5: =COUNTIF($L$3:$L$9,L5)-1 -> 6 | P5: 3 | Q5: ="المجموعة 1" -> المجموعة 1 | R5: =COUNTIF('8 فرق'!$D$4:$D$600,P5&" ضد *")+COUNTIF('8 فرق'!$D$4:$D$600,"* ضد "&P5) -> 21 | S5: =COUNTIF($Q$3:$Q$10,Q5)-1 -> 7 | U5: 3 | V5: ="المجموعة 1" -> المجموعة 1 | W5: =COUNTIF('9 فرق'!$D$4:$D$600,U5&" ضد *")+COUNTIF('9 فرق'!$D$4:$D$600,"* ضد "&U5) -> 16 | X5: =COUNTIF($V$3:$V$11,V5)-1 -> 8 | Z5: 3 | AA5: ="المجموعة 1" -> المجموعة 1 | AB5: =COUNTIF('10 فرق'!$D$4:$D$600,Z5&" ضد *")+COUNTIF('10 فرق'!$D$4:$D$600,"* ضد "&Z5) -> 18 | AC5: =COUNTIF($AA$3:$AA$12,AA5)-1 -> 9 | AE5: 3 | AF5: =IFERROR(INDEX('11 فريقًا'!$D$4:$D$600,MATCH(AE5&" ضد *",'11 فريقًا'!$E$4:$E$600,0)),INDEX('11 فريقًا'!$D$4:$D$600,MATCH("* ضد "&AE5,'11 فريقًا'!$E$4:$E$600,0))) -> المجموعة 1 | AG5: =COUNTIF('11 فريقًا'!$E$4:$E$600,AE5&" ضد *")+COUNTIF('11 فريقًا'!$E$4:$E$600,"* ضد "&AE5) -> 20 | AH5: =COUNTIF($AF$3:$AF$13,AF5)-1 -> 10 | AJ5: 3 | AK5: =IFERROR(INDEX('12 فريقًا'!$D$4:$D$600,MATCH(AJ5&" ضد *",'12 فريقًا'!$E$4:$E$600,0)),INDEX('12 فريقًا'!$D$4:$D$600,MATCH("* ضد "&AJ5,'12 فريقًا'!$E$4:$E$600,0))) -> المجموعة 1 | AL5: =COUNTIF('12 فريقًا'!$E$4:$E$600,AJ5&" ضد *")+COUNTIF('12 فريقًا'!$E$4:$E$600,"* ضد "&AJ5) -> 22 | AM5: =COUNTIF($AK$3:$AK$14,AK5)-1 -> 11 | AO5: 3 | AP5: =IFERROR(INDEX('14 فريقًا'!$D$4:$D$600,MATCH(AO5&" ضد *",'14 فريقًا'!$E$4:$E$600,0)),INDEX('14 فريقًا'!$D$4:$D$600,MATCH("* ضد "&AO5,'14 فريقًا'!$E$4:$E$600,0))) -> المجموعة 1 | AQ5: =COUNTIF('14 فريقًا'!$E$4:$E$600,AO5&" ضد *")+COUNTIF('14 فريقًا'!$E$4:$E$600,"* ضد "&AO5) -> 18 | AR5: =COUNTIF($AP$3:$AP$16,AP5)-1 -> 6 | AT5: 3 | AU5: =IFERROR(INDEX('15 فريقًا'!$D$4:$D$600,MATCH(AT5&" ضد *",'15 فريقًا'!$E$4:$E$600,0)),INDEX('15 فريقًا'!$D$4:$D$600,MATCH("* ضد "&AT5,'15 فريقًا'!$E$4:$E$600,0))) -> المجموعة 1 | AV5: =COUNTIF('15 فريقًا'!$E$4:$E$600,AT5&" ضد *")+COUNTIF('15 فريقًا'!$E$4:$E$600,"* ضد "&AT5) -> 18 | AW5: =COUNTIF($AU$3:$AU$17,AU5)-1 -> 6 | AY5: 3 | AZ5: =IFERROR(INDEX('16 فريقًا'!$D$4:$D$600,MATCH(AY5&" ضد *",'16 فريقًا'!$E$4:$E$600,0)),INDEX('16 فريقًا'!$D$4:$D$600,MATCH("* ضد "&AY5,'16 فريقًا'!$E$4:$E$600,0))) -> المجموعة 1 | BA5: =COUNTIF('16 فريقًا'!$E$4:$E$600,AY5&" ضد *")+COUNTIF('16 فريقًا'!$E$4:$E$600,"* ضد "&AY5) -> 21 | BB5: =COUNTIF($AZ$3:$AZ$18,AZ5)-1 -> 7 | BD5: 3 | BE5: =IFERROR(INDEX('17 فريقًا'!$D$4:$D$600,MATCH(BD5&" ضد *",'17 فريقًا'!$E$4:$E$600,0)),INDEX('17 فريقًا'!$D$4:$D$600,MATCH("* ضد "&BD5,'17 فريقًا'!$E$4:$E$600,0))) -> المجموعة 1 | BF5: =COUNTIF('17 فريقًا'!$E$4:$E$600,BD5&" ضد *")+COUNTIF('17 فريقًا'!$E$4:$E$600,"* ضد "&BD5) -> 16 | BG5: =COUNTIF($BE$3:$BE$19,BE5)-1 -> 16 | BI5: 3 | BJ5: =IFERROR(INDEX('19 فريقًا'!$D$4:$D$600,MATCH(BI5&" ضد *",'19 فريقًا'!$E$4:$E$600,0)),INDEX('19 فريقًا'!$D$4:$D$600,MATCH("* ضد "&BI5,'19 فريقًا'!$E$4:$E$600,0))) -> المجموعة 1 | BK5: =COUNTIF('19 فريقًا'!$E$4:$E$600,BI5&" ضد *")+COUNTIF('19 فريقًا'!$E$4:$E$600,"* ضد "&BI5) -> 18 | BL5: =COUNTIF($BJ$3:$BJ$21,BJ5)-1 -> 18 | BN5: 3 | BO5: =IFERROR(INDEX('26 فريقًا'!$D$4:$D$600,MATCH(BN5&" ضد *",'26 فريقًا'!$E$4:$E$600,0)),INDEX('26 فريقًا'!$D$4:$D$600,MATCH("* ضد "&BN5,'26 فريقًا'!$E$4:$E$600,0))) -> المجموعة 1 | BP5: =COUNTIF('26 فريقًا'!$E$4:$E$600,BN5&" ضد *")+COUNTIF('26 فريقًا'!$E$4:$E$600,"* ضد "&BN5) -> 20 | BQ5: =COUNTIF($BO$3:$BO$28,BO5)-1 -> 5 | BS5: 3 | BT5: =IFERROR(INDEX('28 فريقًا'!$D$4:$D$600,MATCH(BS5&" ضد *",'28 فريقًا'!$E$4:$E$600,0)),INDEX('28 فريقًا'!$D$4:$D$600,MATCH("* ضد "&BS5,'28 فريقًا'!$E$4:$E$600,0))) -> المجموعة 1 | BU5: =COUNTIF('28 فريقًا'!$E$4:$E$600,BS5&" ضد *")+COUNTIF('28 فريقًا'!$E$4:$E$600,"* ضد "&BS5) -> 18 | BV5: =COUNTIF($BT$3:$BT$30,BT5)-1 -> 6 | BX5: 3 | BY5: =IFERROR(INDEX('38 فريقًا'!$D$4:$D$600,MATCH(BX5&" ضد *",'38 فريقًا'!$E$4:$E$600,0)),INDEX('38 فريقًا'!$D$4:$D$600,MATCH("* ضد "&BX5,'38 فريقًا'!$E$4:$E$600,0))) -> المجموعة 1 | BZ5: =COUNTIF('38 فريقًا'!$E$4:$E$600,BX5&" ضد *")+COUNTIF('38 فريقًا'!$E$4:$E$600,"* ضد "&BX5) -> 18 | CA5: =COUNTIF($BY$3:$BY$40,BY5)-1 -> 18 | CC5: 3 | CD5: =IFERROR(INDEX('39 فريقًا'!$D$4:$D$600,MATCH(CC5&" ضد *",'39 فريقًا'!$E$4:$E$600,0)),INDEX('39 فريقًا'!$D$4:$D$600,MATCH("* ضد "&CC5,'39 فريقًا'!$E$4:$E$600,0))) -> المجموعة 1 | CE5: =COUNTIF('39 فريقًا'!$E$4:$E$600,CC5&" ضد *")+COUNTIF('39 فريقًا'!$E$4:$E$600,"* ضد "&CC5) -> 18 | CF5: =COUNTIF($CD$3:$CD$41,CD5)-1 -> 18
