Workbook
Name الحد_الأدنى: [1]المدخلات!$N$3

Sheet Sheet1
G1: عدد الملاعب (تحت 13) | I1: إجمالي الملاعب المطلوبة (تحت 13) | J1: =SUM(G2:G185) -> 65
B2: تحت 14 | C2: مجموعة نجران | D2: 1 | E2: نجران | F2: 5 | G2: =IF(B2=المدخلات!$E$5,_xlfn.XLOOKUP(F2,الملخص!$A$4:$A$15,الملخص!$L$4:$L$15,"غير موجود"),"") | I2: عدد المجموعات (تحت 13) | J2: =COUNTIF(B2:B185,المدخلات!$E$5) -> 27
B3: تحت 5 | C3: مجموعة طبرجل | D3: 1 | E3: طبرجل | F3: 5 | G3: =IF(B3=المدخلات!$E$5,_xlfn.XLOOKUP(F3,الملخص!$A$4:$A$15,الملخص!$L$4:$L$15,"غير موجود"),"") | I3: أكبر عدد ملاعب لمجموعة واحدة | J3: =MAX(G2:G185) -> 6
B4: تحت 7 | C4: مجموعة طبرجل | D4: 1 | E4: طبرجل | F4: 5 | G4: =IF(B4=المدخلات!$E$5,_xlfn.XLOOKUP(F4,الملخص!$A$4:$A$15,الملخص!$L$4:$L$15,"غير موجود"),"")
B5: تحت 9 | C5: مجموعة الخرج | D5: 1 | E5: الخرج | F5: 5 | G5: =IF(B5=المدخلات!$E$5,_xlfn.XLOOKUP(F5,الملخص!$A$4:$A$15,الملخص!$L$4:$L$15,"غير موجود"),"")
B6: تحت 12 | C6: مجموعة طبرجل | D6: 1 | E6: طبرجل | F6: 5 | G6: =IF(B6=المدخلات!$E$5,_xlfn.XLOOKUP(F6,الملخص!$A$4:$A$15,الملخص!$L$4:$L$15,"غير موجود"),"")
B7: تحت 14 | C7: مجموعة طبرجل | D7: 1 | E7: طبرجل | F7: 5 | G7: =IF(B7=المدخلات!$E$5,_xlfn.XLOOKUP(F7,الملخص!$A$4:$A$15,الملخص!$L$4:$L$15,"غير موجود"),"")
B8: تحت 7 | C8: مجموعة شرورة | D8: 1 | E8: شرورة | F8: 5 | G8: =IF(B8=المدخلات!$E$5,_xlfn.XLOOKUP(F8,الملخص!$A$4:$A$15,الملخص!$L$4:$L$15,"غير موجود"),"")
B9: تحت 9 | C9: مجموعة شرورة | D9: 1 | E9: شرورة | F9: 5 | G9: =IF(B9=المدخلات!$E$5,_xlfn.XLOOKUP(F9,الملخص!$A$4:$A$15,الملخص!$L$4:$L$15,"غير موجود"),"")
B10: تحت 9 | C10: مجموعة الدوادمي | D10: 1 | E10: الدوادمي | F10: 5 | G10: =IF(B10=المدخلات!$E$5,_xlfn.XLOOKUP(F10,الملخص!$A$4:$A$15,الملخص!$L$4:$L$15,"غير موجود"),"")
B11: تحت 11 | C11: مجموعة القريات | D11: 1 | E11: القريات | F11: 5 | G11: =IF(B11=المدخلات!$E$5,_xlfn.XLOOKUP(F11,الملخص!$A$4:$A$15,الملخص!$L$4:$L$15,"غير موجود"),"")
B12: تحت 12 | C12: مجموعة القريات | D12: 1 | E12: القريات | F12: 5 | G12: =IF(B12=المدخلات!$E$5,_xlfn.XLOOKUP(F12,الملخص!$A$4:$A$15,الملخص!$L$4:$L$15,"غير موجود"),"")
B13: تحت 13 | C13: مجموعة القريات | D13: 1 | E13: القريات | F13: 5 | G13: =IF(B13=المدخلات!$E$5,_xlfn.XLOOKUP(F13,الملخص!$A$4:$A$15,الملخص!$L$4:$L$15,"غير موجود"),"") -> 1
B14: تحت 14 | C14: مجموعة القريات | D14: 1 | E14: القريات | F14: 5 | G14: =IF(B14=المدخلات!$E$5,_xlfn.XLOOKUP(F14,الملخص!$A$4:$A$15,الملخص!$L$4:$L$15,"غير موجود"),"")
B15: تحت 12 | C15: مجموعة الباحة | D15: 2 | E15: الباحة، العقيق | F15: 6 | G15: =IF(B15=المدخلات!$E$5,_xlfn.XLOOKUP(F15,الملخص!$A$4:$A$15,الملخص!$L$4:$L$15,"غير موجود"),"")
... B185: تحت 12 | C185: مجموعة جدة | D185: 1 | E185: جدة | F185: 56 | G185: =IF(B185=المدخلات!$E$5,_xlfn.XLOOKUP(F185,الملخص!$A$4:$A$15,الملخص!$L$4:$L$15,"غير موجود"),"")

Sheet المدخلات
A1: مدخلات جداول بطولات تحت 13
A3: الخلايا الزرقاء قابلة للتعديل — كل الجداول تتحدث تلقائياً
A4: البند | B4: القيمة | C4: ملاحظة | E4: الفئة | F4: المجموعة | G4: عدد المدن | H4: المدن | I4: مجموع الفرق
A5: وقت بداية اليوم | B5: 0.66666667 | C5: قابل للتعديل | E5: تحت 13 | F5: {=INDEX(Sheet1!$C$2:$C$185,_xlfn.AGGREGATE(15,6,(ROW(Sheet1!$B$2:$B$185)-1)/(Sheet1!$B$2:$B$185=$E5),COUNTIF($E$5:$E5,$E5)))} -> مجموعة القريات | G5: {=INDEX(Sheet1!$D$2:$D$185,_xlfn.AGGREGATE(15,6,(ROW(Sheet1!$B$2:$B$185)-1)/(Sheet1!$B$2:$B$185=$E5),COUNTIF($E$5:$E5,$E5)))} -> 1 | H5: {=INDEX(Sheet1!$E$2:$E$185,_xlfn.AGGREGATE(15,6,(ROW(Sheet1!$B$2:$B$185)-1)/(Sheet1!$B$2:$B$185=$E5),COUNTIF($E$5:$E5,$E5)))} -> القريات | I5: {=INDEX(Sheet1!$F$2:$F$185,_xlfn.AGGREGATE(15,6,(ROW(Sheet1!$B$2:$B$185)-1)/(Sheet1!$B$2:$B$185=$E5),COUNTIF($E$5:$E5,$E5)))} -> 5
A6: مدة المباراة (دقيقة) | B6: 85 | C6: قابل للتعديل | E6: تحت 13 | F6: {=INDEX(Sheet1!$C$2:$C$185,_xlfn.AGGREGATE(15,6,(ROW(Sheet1!$B$2:$B$185)-1)/(Sheet1!$B$2:$B$185=$E6),COUNTIF($E$5:$E6,$E6)))} -> مجموعة نجران | G6: {=INDEX(Sheet1!$D$2:$D$185,_xlfn.AGGREGATE(15,6,(ROW(Sheet1!$B$2:$B$185)-1)/(Sheet1!$B$2:$B$185=$E6),COUNTIF($E$5:$E6,$E6)))} -> 1 | H6: {=INDEX(Sheet1!$E$2:$E$185,_xlfn.AGGREGATE(15,6,(ROW(Sheet1!$B$2:$B$185)-1)/(Sheet1!$B$2:$B$185=$E6),COUNTIF($E$5:$E6,$E6)))} -> نجران | I6: {=INDEX(Sheet1!$F$2:$F$185,_xlfn.AGGREGATE(15,6,(ROW(Sheet1!$B$2:$B$185)-1)/(Sheet1!$B$2:$B$185=$E6),COUNTIF($E$5:$E6,$E6)))} -> 6
A7: الفاصل / ترتيب الملعب (دقيقة) | B7: 10 | C7: قابل للتعديل | E7: تحت 13 | F7: {=INDEX(Sheet1!$C$2:$C$185,_xlfn.AGGREGATE(15,6,(ROW(Sheet1!$B$2:$B$185)-1)/(Sheet1!$B$2:$B$185=$E7),COUNTIF($E$5:$E7,$E7)))} -> مجموعة الباحة | G7: {=INDEX(Sheet1!$D$2:$D$185,_xlfn.AGGREGATE(15,6,(ROW(Sheet1!$B$2:$B$185)-1)/(Sheet1!$B$2:$B$185=$E7),COUNTIF($E$5:$E7,$E7)))} -> 3 | H7: {=INDEX(Sheet1!$E$2:$E$185,_xlfn.AGGREGATE(15,6,(ROW(Sheet1!$B$2:$B$185)-1)/(Sheet1!$B$2:$B$185=$E7),COUNTIF($E$5:$E7,$E7)))} -> الباحة، بلقرن، العقيق | I7: {=INDEX(Sheet1!$F$2:$F$185,_xlfn.AGGREGATE(15,6,(ROW(Sheet1!$B$2:$B$185)-1)/(Sheet1!$B$2:$B$185=$E7),COUNTIF($E$5:$E7,$E7)))} -> 6
A8: طول الفترة الكاملة (دقيقة) | B8: =B6+B7 -> 95 | C8: محسوبة تلقائياً | E8: تحت 13 | F8: {=INDEX(Sheet1!$C$2:$C$185,_xlfn.AGGREGATE(15,6,(ROW(Sheet1!$B$2:$B$185)-1)/(Sheet1!$B$2:$B$185=$E8),COUNTIF($E$5:$E8,$E8)))} -> مجموعة الرس | G8: {=INDEX(Sheet1!$D$2:$D$185,_xlfn.AGGREGATE(15,6,(ROW(Sheet1!$B$2:$B$185)-1)/(Sheet1!$B$2:$B$185=$E8),COUNTIF($E$5:$E8,$E8)))} -> 2 | H8: {=INDEX(Sheet1!$E$2:$E$185,_xlfn.AGGREGATE(15,6,(ROW(Sheet1!$B$2:$B$185)-1)/(Sheet1!$B$2:$B$185=$E8),COUNTIF($E$5:$E8,$E8)))} -> الرس، البدائع | I8: {=INDEX(Sheet1!$F$2:$F$185,_xlfn.AGGREGATE(15,6,(ROW(Sheet1!$B$2:$B$185)-1)/(Sheet1!$B$2:$B$185=$E8),COUNTIF($E$5:$E8,$E8)))} -> 7
A9: أقصى عدد فترات في اليوم | B9: 3 | C9: قابل للتعديل | E9: تحت 13 | F9: {=INDEX(Sheet1!$C$2:$C$185,_xlfn.AGGREGATE(15,6,(ROW(Sheet1!$B$2:$B$185)-1)/(Sheet1!$B$2:$B$185=$E9),COUNTIF($E$5:$E9,$E9)))} -> مجموعة جازان | G9: {=INDEX(Sheet1!$D$2:$D$185,_xlfn.AGGREGATE(15,6,(ROW(Sheet1!$B$2:$B$185)-1)/(Sheet1!$B$2:$B$185=$E9),COUNTIF($E$5:$E9,$E9)))} -> 1 | H9: {=INDEX(Sheet1!$E$2:$E$185,_xlfn.AGGREGATE(15,6,(ROW(Sheet1!$B$2:$B$185)-1)/(Sheet1!$B$2:$B$185=$E9),COUNTIF($E$5:$E9,$E9)))} -> جيزان | I9: {=INDEX(Sheet1!$F$2:$F$185,_xlfn.AGGREGATE(15,6,(ROW(Sheet1!$B$2:$B$185)-1)/(Sheet1!$B$2:$B$185=$E9),COUNTIF($E$5:$E9,$E9)))} -> 7
A10: أقل عدد مباريات للفريق | B10: 16 | C10: قيد ملزم — يتقدّم على سقف الأيام | E10: تحت 13 | F10: {=INDEX(Sheet1!$C$2:$C$185,_xlfn.AGGREGATE(15,6,(ROW(Sheet1!$B$2:$B$185)-1)/(Sheet1!$B$2:$B$185=$E10),COUNTIF($E$5:$E10,$E10)))} -> مجموعة تبوك | G10: {=INDEX(Sheet1!$D$2:$D$185,_xlfn.AGGREGATE(15,6,(ROW(Sheet1!$B$2:$B$185)-1)/(Sheet1!$B$2:$B$185=$E10),COUNTIF($E$5:$E10,$E10)))} -> 1 | H10: {=INDEX(Sheet1!$E$2:$E$185,_xlfn.AGGREGATE(15,6,(ROW(Sheet1!$B$2:$B$185)-1)/(Sheet1!$B$2:$B$185=$E10),COUNTIF($E$5:$E10,$E10)))} -> تبوك | I10: {=INDEX(Sheet1!$F$2:$F$185,_xlfn.AGGREGATE(15,6,(ROW(Sheet1!$B$2:$B$185)-1)/(Sheet1!$B$2:$B$185=$E10),COUNTIF($E$5:$E10,$E10)))} -> 8
A11: سقف أيام البطولة (شامل الإقصاء) | B11: 22 | C11: يُتجاوز فقط عند تعارضه مع أقل عدد مباريات | E11: تحت 13 | F11: {=INDEX(Sheet1!$C$2:$C$185,_xlfn.AGGREGATE(15,6,(ROW(Sheet1!$B$2:$B$185)-1)/(Sheet1!$B$2:$B$185=$E11),COUNTIF($E$5:$E11,$E11)))} -> مجموعة حائل | G11: {=INDEX(Sheet1!$D$2:$D$185,_xlfn.AGGREGATE(15,6,(ROW(Sheet1!$B$2:$B$185)-1)/(Sheet1!$B$2:$B$185=$E11),COUNTIF($E$5:$E11,$E11)))} -> 1 | H11: {=INDEX(Sheet1!$E$2:$E$185,_xlfn.AGGREGATE(15,6,(ROW(Sheet1!$B$2:$B$185)-1)/(Sheet1!$B$2:$B$185=$E11),COUNTIF($E$5:$E11,$E11)))} -> حائل | I11: {=INDEX(Sheet1!$F$2:$F$185,_xlfn.AGGREGATE(15,6,(ROW(Sheet1!$B$2:$B$185)-1)/(Sheet1!$B$2:$B$185=$E11),COUNTIF($E$5:$E11,$E11)))} -> 8
E12: تحت 13 | F12: {=INDEX(Sheet1!$C$2:$C$185,_xlfn.AGGREGATE(15,6,(ROW(Sheet1!$B$2:$B$185)-1)/(Sheet1!$B$2:$B$185=$E12),COUNTIF($E$5:$E12,$E12)))} -> مجموعة مركز الرفيعة | G12: {=INDEX(Sheet1!$D$2:$D$185,_xlfn.AGGREGATE(15,6,(ROW(Sheet1!$B$2:$B$185)-1)/(Sheet1!$B$2:$B$185=$E12),COUNTIF($E$5:$E12,$E12)))} -> 1 | H12: {=INDEX(Sheet1!$E$2:$E$185,_xlfn.AGGREGATE(15,6,(ROW(Sheet1!$B$2:$B$185)-1)/(Sheet1!$B$2:$B$185=$E12),COUNTIF($E$5:$E12,$E12)))} -> مركز الرفيعة | I12: {=INDEX(Sheet1!$F$2:$F$185,_xlfn.AGGREGATE(15,6,(ROW(Sheet1!$B$2:$B$185)-1)/(Sheet1!$B$2:$B$185=$E12),COUNTIF($E$5:$E12,$E12)))} -> 8
E13: تحت 13 | F13: {=INDEX(Sheet1!$C$2:$C$185,_xlfn.AGGREGATE(15,6,(ROW(Sheet1!$B$2:$B$185)-1)/(Sheet1!$B$2:$B$185=$E13),COUNTIF($E$5:$E13,$E13)))} -> مجموعة الخرج | G13: {=INDEX(Sheet1!$D$2:$D$185,_xlfn.AGGREGATE(15,6,(ROW(Sheet1!$B$2:$B$185)-1)/(Sheet1!$B$2:$B$185=$E13),COUNTIF($E$5:$E13,$E13)))} -> 2 | H13: {=INDEX(Sheet1!$E$2:$E$185,_xlfn.AGGREGATE(15,6,(ROW(Sheet1!$B$2:$B$185)-1)/(Sheet1!$B$2:$B$185=$E13),COUNTIF($E$5:$E13,$E13)))} -> الخرج، الدلم | I13: {=INDEX(Sheet1!$F$2:$F$185,_xlfn.AGGREGATE(15,6,(ROW(Sheet1!$B$2:$B$185)-1)/(Sheet1!$B$2:$B$185=$E13),COUNTIF($E$5:$E13,$E13)))} -> 8
E14: تحت 13 | F14: {=INDEX(Sheet1!$C$2:$C$185,_xlfn.AGGREGATE(15,6,(ROW(Sheet1!$B$2:$B$185)-1)/(Sheet1!$B$2:$B$185=$E14),COUNTIF($E$5:$E14,$E14)))} -> مجموعة سكاكا | G14: {=INDEX(Sheet1!$D$2:$D$185,_xlfn.AGGREGATE(15,6,(ROW(Sheet1!$B$2:$B$185)-1)/(Sheet1!$B$2:$B$185=$E14),COUNTIF($E$5:$E14,$E14)))} -> 2 | H14: {=INDEX(Sheet1!$E$2:$E$185,_xlfn.AGGREGATE(15,6,(ROW(Sheet1!$B$2:$B$185)-1)/(Sheet1!$B$2:$B$185=$E14),COUNTIF($E$5:$E14,$E14)))} -> سكاكا، دومة الجندل | I14: {=INDEX(Sheet1!$F$2:$F$185,_xlfn.AGGREGATE(15,6,(ROW(Sheet1!$B$2:$B$185)-1)/(Sheet1!$B$2:$B$185=$E14),COUNTIF($E$5:$E14,$E14)))} -> 8
E15: تحت 13 | F15: {=INDEX(Sheet1!$C$2:$C$185,_xlfn.AGGREGATE(15,6,(ROW(Sheet1!$B$2:$B$185)-1)/(Sheet1!$B$2:$B$185=$E15),COUNTIF($E$5:$E15,$E15)))} -> مجموعة أحد المسارحة | G15: {=INDEX(Sheet1!$D$2:$D$185,_xlfn.AGGREGATE(15,6,(ROW(Sheet1!$B$2:$B$185)-1)/(Sheet1!$B$2:$B$185=$E15),COUNTIF($E$5:$E15,$E15)))} -> 1 | H15: {=INDEX(Sheet1!$E$2:$E$185,_xlfn.AGGREGATE(15,6,(ROW(Sheet1!$B$2:$B$185)-1)/(Sheet1!$B$2:$B$185=$E15),COUNTIF($E$5:$E15,$E15)))} -> أحد المسارحة | I15: {=INDEX(Sheet1!$F$2:$F$185,_xlfn.AGGREGATE(15,6,(ROW(Sheet1!$B$2:$B$185)-1)/(Sheet1!$B$2:$B$185=$E15),COUNTIF($E$5:$E15,$E15)))} -> 8
E16: تحت 13 | F16: {=INDEX(Sheet1!$C$2:$C$185,_xlfn.AGGREGATE(15,6,(ROW(Sheet1!$B$2:$B$185)-1)/(Sheet1!$B$2:$B$185=$E16),COUNTIF($E$5:$E16,$E16)))} -> مجموعة أبها | G16: {=INDEX(Sheet1!$D$2:$D$185,_xlfn.AGGREGATE(15,6,(ROW(Sheet1!$B$2:$B$185)-1)/(Sheet1!$B$2:$B$185=$E16),COUNTIF($E$5:$E16,$E16)))} -> 2 | H16: {=INDEX(Sheet1!$E$2:$E$185,_xlfn.AGGREGATE(15,6,(ROW(Sheet1!$B$2:$B$185)-1)/(Sheet1!$B$2:$B$185=$E16),COUNTIF($E$5:$E16,$E16)))} -> أبها، خميس مشيط | I16: {=INDEX(Sheet1!$F$2:$F$185,_xlfn.AGGREGATE(15,6,(ROW(Sheet1!$B$2:$B$185)-1)/(Sheet1!$B$2:$B$185=$E16),COUNTIF($E$5:$E16,$E16)))} -> 10
E17: تحت 13 | F17: {=INDEX(Sheet1!$C$2:$C$185,_xlfn.AGGREGATE(15,6,(ROW(Sheet1!$B$2:$B$185)-1)/(Sheet1!$B$2:$B$185=$E17),COUNTIF($E$5:$E17,$E17)))} -> مجموعة القصيم | G17: {=INDEX(Sheet1!$D$2:$D$185,_xlfn.AGGREGATE(15,6,(ROW(Sheet1!$B$2:$B$185)-1)/(Sheet1!$B$2:$B$185=$E17),COUNTIF($E$5:$E17,$E17)))} -> 4 | H17: {=INDEX(Sheet1!$E$2:$E$185,_xlfn.AGGREGATE(15,6,(ROW(Sheet1!$B$2:$B$185)-1)/(Sheet1!$B$2:$B$185=$E17),COUNTIF($E$5:$E17,$E17)))} -> بريدة، عيون الجواء، المذنب، عنيزة | I17: {=INDEX(Sheet1!$F$2:$F$185,_xlfn.AGGREGATE(15,6,(ROW(Sheet1!$B$2:$B$185)-1)/(Sheet1!$B$2:$B$185=$E17),COUNTIF($E$5:$E17,$E17)))} -> 10
E18: تحت 13 | F18: {=INDEX(Sheet1!$C$2:$C$185,_xlfn.AGGREGATE(15,6,(ROW(Sheet1!$B$2:$B$185)-1)/(Sheet1!$B$2:$B$185=$E18),COUNTIF($E$5:$E18,$E18)))} -> مجموعة القطيف | G18: {=INDEX(Sheet1!$D$2:$D$185,_xlfn.AGGREGATE(15,6,(ROW(Sheet1!$B$2:$B$185)-1)/(Sheet1!$B$2:$B$185=$E18),COUNTIF($E$5:$E18,$E18)))} -> 1 | H18: {=INDEX(Sheet1!$E$2:$E$185,_xlfn.AGGREGATE(15,6,(ROW(Sheet1!$B$2:$B$185)-1)/(Sheet1!$B$2:$B$185=$E18),COUNTIF($E$5:$E18,$E18)))} -> القطيف | I18: {=INDEX(Sheet1!$F$2:$F$185,_xlfn.AGGREGATE(15,6,(ROW(Sheet1!$B$2:$B$185)-1)/(Sheet1!$B$2:$B$185=$E18),COUNTIF($E$5:$E18,$E18)))} -> 10
E19: تحت 13 | F19: {=INDEX(Sheet1!$C$2:$C$185,_xlfn.AGGREGATE(15,6,(ROW(Sheet1!$B$2:$B$185)-1)/(Sheet1!$B$2:$B$185=$E19),COUNTIF($E$5:$E19,$E19)))} -> مجموعة أبو عريش | G19: {=INDEX(Sheet1!$D$2:$D$185,_xlfn.AGGREGATE(15,6,(ROW(Sheet1!$B$2:$B$185)-1)/(Sheet1!$B$2:$B$185=$E19),COUNTIF($E$5:$E19,$E19)))} -> 1 | H19: {=INDEX(Sheet1!$E$2:$E$185,_xlfn.AGGREGATE(15,6,(ROW(Sheet1!$B$2:$B$185)-1)/(Sheet1!$B$2:$B$185=$E19),COUNTIF($E$5:$E19,$E19)))} -> أبو عريش | I19: {=INDEX(Sheet1!$F$2:$F$185,_xlfn.AGGREGATE(15,6,(ROW(Sheet1!$B$2:$B$185)-1)/(Sheet1!$B$2:$B$185=$E19),COUNTIF($E$5:$E19,$E19)))} -> 10
E20: تحت 13 | F20: {=INDEX(Sheet1!$C$2:$C$185,_xlfn.AGGREGATE(15,6,(ROW(Sheet1!$B$2:$B$185)-1)/(Sheet1!$B$2:$B$185=$E20),COUNTIF($E$5:$E20,$E20)))} -> مجموعة صامطة | G20: {=INDEX(Sheet1!$D$2:$D$185,_xlfn.AGGREGATE(15,6,(ROW(Sheet1!$B$2:$B$185)-1)/(Sheet1!$B$2:$B$185=$E20),COUNTIF($E$5:$E20,$E20)))} -> 1 | H20: {=INDEX(Sheet1!$E$2:$E$185,_xlfn.AGGREGATE(15,6,(ROW(Sheet1!$B$2:$B$185)-1)/(Sheet1!$B$2:$B$185=$E20),COUNTIF($E$5:$E20,$E20)))} -> صامطة | I20: {=INDEX(Sheet1!$F$2:$F$185,_xlfn.AGGREGATE(15,6,(ROW(Sheet1!$B$2:$B$185)-1)/(Sheet1!$B$2:$B$185=$E20),COUNTIF($E$5:$E20,$E20)))} -> 10
E21: تحت 13 | F21: {=INDEX(Sheet1!$C$2:$C$185,_xlfn.AGGREGATE(15,6,(ROW(Sheet1!$B$2:$B$185)-1)/(Sheet1!$B$2:$B$185=$E21),COUNTIF($E$5:$E21,$E21)))} -> مجموعة القنفذة | G21: {=INDEX(Sheet1!$D$2:$D$185,_xlfn.AGGREGATE(15,6,(ROW(Sheet1!$B$2:$B$185)-1)/(Sheet1!$B$2:$B$185=$E21),COUNTIF($E$5:$E21,$E21)))} -> 1 | H21: {=INDEX(Sheet1!$E$2:$E$185,_xlfn.AGGREGATE(15,6,(ROW(Sheet1!$B$2:$B$185)-1)/(Sheet1!$B$2:$B$185=$E21),COUNTIF($E$5:$E21,$E21)))} -> القنفذة | I21: {=INDEX(Sheet1!$F$2:$F$185,_xlfn.AGGREGATE(15,6,(ROW(Sheet1!$B$2:$B$185)-1)/(Sheet1!$B$2:$B$185=$E21),COUNTIF($E$5:$E21,$E21)))} -> 13
E22: تحت 13 | F22: {=INDEX(Sheet1!$C$2:$C$185,_xlfn.AGGREGATE(15,6,(ROW(Sheet1!$B$2:$B$185)-1)/(Sheet1!$B$2:$B$185=$E22),COUNTIF($E$5:$E22,$E22)))} -> مجموعة المدينة المنورة | G22: {=INDEX(Sheet1!$D$2:$D$185,_xlfn.AGGREGATE(15,6,(ROW(Sheet1!$B$2:$B$185)-1)/(Sheet1!$B$2:$B$185=$E22),COUNTIF($E$5:$E22,$E22)))} -> 1 | H22: {=INDEX(Sheet1!$E$2:$E$185,_xlfn.AGGREGATE(15,6,(ROW(Sheet1!$B$2:$B$185)-1)/(Sheet1!$B$2:$B$185=$E22),COUNTIF($E$5:$E22,$E22)))} -> المدينة المنورة | I22: {=INDEX(Sheet1!$F$2:$F$185,_xlfn.AGGREGATE(15,6,(ROW(Sheet1!$B$2:$B$185)-1)/(Sheet1!$B$2:$B$185=$E22),COUNTIF($E$5:$E22,$E22)))} -> 13
E23: تحت 13 | F23: {=INDEX(Sheet1!$C$2:$C$185,_xlfn.AGGREGATE(15,6,(ROW(Sheet1!$B$2:$B$185)-1)/(Sheet1!$B$2:$B$185=$E23),COUNTIF($E$5:$E23,$E23)))} -> مجموعة الدمام | G23: {=INDEX(Sheet1!$D$2:$D$185,_xlfn.AGGREGATE(15,6,(ROW(Sheet1!$B$2:$B$185)-1)/(Sheet1!$B$2:$B$185=$E23),COUNTIF($E$5:$E23,$E23)))} -> 4 | H23: {=INDEX(Sheet1!$E$2:$E$185,_xlfn.AGGREGATE(15,6,(ROW(Sheet1!$B$2:$B$185)-1)/(Sheet1!$B$2:$B$185=$E23),COUNTIF($E$5:$E23,$E23)))} -> الظهران، الخبر، الدمام، سيهات | I23: {=INDEX(Sheet1!$F$2:$F$185,_xlfn.AGGREGATE(15,6,(ROW(Sheet1!$B$2:$B$185)-1)/(Sheet1!$B$2:$B$185=$E23),COUNTIF($E$5:$E23,$E23)))} -> 14
... E31: تحت 13 | F31: {=INDEX(Sheet1!$C$2:$C$185,_xlfn.AGGREGATE(15,6,(ROW(Sheet1!$B$2:$B$185)-1)/(Sheet1!$B$2:$B$185=$E31),COUNTIF($E$5:$E31,$E31)))} -> مجموعة الأحساء | G31: {=INDEX(Sheet1!$D$2:$D$185,_xlfn.AGGREGATE(15,6,(ROW(Sheet1!$B$2:$B$185)-1)/(Sheet1!$B$2:$B$185=$E31),COUNTIF($E$5:$E31,$E31)))} -> 1 | H31: {=INDEX(Sheet1!$E$2:$E$185,_xlfn.AGGREGATE(15,6,(ROW(Sheet1!$B$2:$B$185)-1)/(Sheet1!$B$2:$B$185=$E31),COUNTIF($E$5:$E31,$E31)))} -> الأحساء | I31: {=INDEX(Sheet1!$F$2:$F$185,_xlfn.AGGREGATE(15,6,(ROW(Sheet1!$B$2:$B$185)-1)/(Sheet1!$B$2:$B$185=$E31),COUNTIF($E$5:$E31,$E31)))} -> 34

Sheet الملخص
A1: ملخص بطولات تحت 13 – الأعداد المطلوبة
A3: عدد الفرق | B3: عدد المجموعات | C3: توزيع الفرق في المجموعات | D3: عدد الأدوار | E3: مباريات كل فريق في الموسم (غير شاملة الإقصاء) | F3: نظام الإقصاء | G3: أيام الدوري | H3: أيام الإقصاء | I3: إجمالي الأيام | J3: وقت البداية | K3: وقت النهاية | L3: عدد الملاعب القانونية | M3: تحقق القيود
A4: 5 | B4: {=ROUND(SUMPRODUCT(1/COUNTIF('بيانات الفرق U13'!$B$3:$B$7,'بيانات الفرق U13'!$B$3:$B$7)),0)} -> 1 | C4: {=_xlfn.TEXTJOIN(" + ",TRUE,_xlfn._xlws.SORT(COUNTIF('بيانات الفرق U13'!$B$3:$B$7,"المجموعة "&_xlfn.SEQUENCE(B4))))} -> 5 | D4: {=_xlfn.LET(_xlpm.gs,_xlfn.SEQUENCE(B4),_xlpm.op,_xlfn.MAXIFS('بيانات الفرق U13'!$D$3:$D$7,'بيانات الفرق U13'!$B$3:$B$7,"المجموعة "&_xlpm.gs),_xlpm.mt,_xlfn.MAXIFS('بيانات الفرق U13'!$C$3:$C$7,'بيانات الفرق U13'!$B$3:$B$7,"المجموعة "&_xlpm.gs),_xlfn.TEXTJOIN(" + ",TRUE,_xlfn.SORTBY(_xlpm.mt/_xlpm.op,_xlpm.op,1)))} -> 4 | E4: {=_xlfn.LET(_xlpm.gs,_xlfn.SEQUENCE(B4),_xlpm.ln,_xlfn.MAXIFS('بيانات الفرق U13'!$D$3:$D$7,'بيانات الفرق U13'!$B$3:$B$7,"المجموعة "&_xlpm.gs),_xlpm.mn,_xlfn.MINIFS('بيانات الفرق U13'!$C$3:$C$7,'بيانات الفرق U13'!$B$3:$B$7,"المجموعة "&_xlpm.gs),_xlpm.mx,_xlfn.MAXIFS('بيانات الفرق U13'!$C$3:$C$7,'بيانات الفرق U13'!$B$3:$B$7,"المجموعة "&_xlpm.gs),_xlpm.t,IF(_xlpm.mn=_xlpm.mx,_xlpm.mn&"",_xlpm.mn&"–"&_xlpm.mx),_xlfn.TEXTJOIN(" + ",TRUE,_xlfn.SORTBY(_xlpm.t,_xlpm.ln,1)))} -> 16 | F4: =IF(B4=1,"—",IF(B4=2,"نهائي مباشر",IF(B4<=4,"نصف نهائي ثم نهائي – كل دور في يوم","ربع نهائي ثم نصف نهائي ثم نهائي – كل دور في يوم"))) -> — | G4: =I4-H4 -> 20 | H4: {=MAX('5 فرق'!$A$4:$A$43)-SUMPRODUCT(MAX(ISNUMBER(IFERROR(--LEFT('5 فرق'!$D$4:$D$43,1),"x"))*'5 فرق'!$A$4:$A$43))} -> 0 | I4: =MAX('5 فرق'!$A$4:$A$43) -> 20 | J4: =MOD(HOUR(المدخلات!$B$5)-1,12)+1&":"&TEXT(MINUTE(المدخلات!$B$5),"00")&IF(HOUR(المدخلات!$B$5)<12," ص"," م") -> 4:00 م | K4: =MOD(HOUR(المدخلات!$B$5+((المدخلات!$B$9-1)*المدخلات!$B$8+المدخلات!$B$6)/1440)-1,12)+1&":"&TEXT(MINUTE(المدخلات!$B$5+((المدخلات!$B$9-1)*المدخلات!$B$8+المدخلات!$B$6)/1440),"00")&IF(HOUR(المدخلات!$B$5+((المدخلات!$B$9-1)*المدخلات!$B$8+المدخلات!$B$6)/1440)<12," ص"," م") -> 8:35 م | L4: =MAX('5 فرق'!$C$4:$C$43) -> 1 | M4: =IF(I4>المدخلات!$B$11,"⚠ تجاوز السقف ("&I4&" يوماً) لضمان "&المدخلات!$B$10&" مباراة","ضمن السقف") -> ضمن السقف
A5: 6 | B5: {=ROUND(SUMPRODUCT(1/COUNTIF('بيانات الفرق U13'!$G$3:$G$8,'بيانات الفرق U13'!$G$3:$G$8)),0)} -> 1 | C5: {=_xlfn.TEXTJOIN(" + ",TRUE,_xlfn._xlws.SORT(COUNTIF('بيانات الفرق U13'!$G$3:$G$8,"المجموعة "&_xlfn.SEQUENCE(B5))))} -> 6 | D5: {=_xlfn.LET(_xlpm.gs,_xlfn.SEQUENCE(B5),_xlpm.op,_xlfn.MAXIFS('بيانات الفرق U13'!$I$3:$I$8,'بيانات الفرق U13'!$G$3:$G$8,"المجموعة "&_xlpm.gs),_xlpm.mt,_xlfn.MAXIFS('بيانات الفرق U13'!$H$3:$H$8,'بيانات الفرق U13'!$G$3:$G$8,"المجموعة "&_xlpm.gs),_xlfn.TEXTJOIN(" + ",TRUE,_xlfn.SORTBY(_xlpm.mt/_xlpm.op,_xlpm.op,1)))} -> 4 | E5: {=_xlfn.LET(_xlpm.gs,_xlfn.SEQUENCE(B5),_xlpm.ln,_xlfn.MAXIFS('بيانات الفرق U13'!$I$3:$I$8,'بيانات الفرق U13'!$G$3:$G$8,"المجموعة "&_xlpm.gs),_xlpm.mn,_xlfn.MINIFS('بيانات الفرق U13'!$H$3:$H$8,'بيانات الفرق U13'!$G$3:$G$8,"المجموعة "&_xlpm.gs),_xlpm.mx,_xlfn.MAXIFS('بيانات الفرق U13'!$H$3:$H$8,'بيانات الفرق U13'!$G$3:$G$8,"المجموعة "&_xlpm.gs),_xlpm.t,IF(_xlpm.mn=_xlpm.mx,_xlpm.mn&"",_xlpm.mn&"–"&_xlpm.mx),_xlfn.TEXTJOIN(" + ",TRUE,_xlfn.SORTBY(_xlpm.t,_xlpm.ln,1)))} -> 20 | F5: =IF(B5=1,"—",IF(B5=2,"نهائي مباشر",IF(B5<=4,"نصف نهائي ثم نهائي – كل دور في يوم","ربع نهائي ثم نصف نهائي ثم نهائي – كل دور في يوم"))) -> — | G5: =I5-H5 -> 20 | H5: {=MAX('6 فرق'!$A$4:$A$63)-SUMPRODUCT(MAX(ISNUMBER(IFERROR(--LEFT('6 فرق'!$D$4:$D$63,1),"x"))*'6 فرق'!$A$4:$A$63))} -> 0 | I5: =MAX('6 فرق'!$A$4:$A$63) -> 20 | J5: =MOD(HOUR(المدخلات!$B$5)-1,12)+1&":"&TEXT(MINUTE(المدخلات!$B$5),"00")&IF(HOUR(المدخلات!$B$5)<12," ص"," م") -> 4:00 م | K5: =MOD(HOUR(المدخلات!$B$5+((المدخلات!$B$9-1)*المدخلات!$B$8+المدخلات!$B$6)/1440)-1,12)+1&":"&TEXT(MINUTE(المدخلات!$B$5+((المدخلات!$B$9-1)*المدخلات!$B$8+المدخلات!$B$6)/1440),"00")&IF(HOUR(المدخلات!$B$5+((المدخلات!$B$9-1)*المدخلات!$B$8+المدخلات!$B$6)/1440)<12," ص"," م") -> 8:35 م | L5: =MAX('6 فرق'!$C$4:$C$63) -> 1 | M5: =IF(I5>المدخلات!$B$11,"⚠ تجاوز السقف ("&I5&" يوماً) لضمان "&المدخلات!$B$10&" مباراة","ضمن السقف") -> ضمن السقف
A6: 7 | B6: {=ROUND(SUMPRODUCT(1/COUNTIF('بيانات الفرق U13'!$L$3:$L$9,'بيانات الفرق U13'!$L$3:$L$9)),0)} -> 1 | C6: {=_xlfn.TEXTJOIN(" + ",TRUE,_xlfn._xlws.SORT(COUNTIF('بيانات الفرق U13'!$L$3:$L$9,"المجموعة "&_xlfn.SEQUENCE(B6))))} -> 7 | D6: {=_xlfn.LET(_xlpm.gs,_xlfn.SEQUENCE(B6),_xlpm.op,_xlfn.MAXIFS('بيانات الفرق U13'!$N$3:$N$9,'بيانات الفرق U13'!$L$3:$L$9,"المجموعة "&_xlpm.gs),_xlpm.mt,_xlfn.MAXIFS('بيانات الفرق U13'!$M$3:$M$9,'بيانات الفرق U13'!$L$3:$L$9,"المجموعة "&_xlpm.gs),_xlfn.TEXTJOIN(" + ",TRUE,_xlfn.SORTBY(_xlpm.mt/_xlpm.op,_xlpm.op,1)))} -> 3 | E6: {=_xlfn.LET(_xlpm.gs,_xlfn.SEQUENCE(B6),_xlpm.ln,_xlfn.MAXIFS('بيانات الفرق U13'!$N$3:$N$9,'بيانات الفرق U13'!$L$3:$L$9,"المجموعة "&_xlpm.gs),_xlpm.mn,_xlfn.MINIFS('بيانات الفرق U13'!$M$3:$M$9,'بيانات الفرق U13'!$L$3:$L$9,"المجموعة "&_xlpm.gs),_xlpm.mx,_xlfn.MAXIFS('بيانات الفرق U13'!$M$3:$M$9,'بيانات الفرق U13'!$L$3:$L$9,"المجموعة "&_xlpm.gs),_xlpm.t,IF(_xlpm.mn=_xlpm.mx,_xlpm.mn&"",_xlpm.mn&"–"&_xlpm.mx),_xlfn.TEXTJOIN(" + ",TRUE,_xlfn.SORTBY(_xlpm.t,_xlpm.ln,1)))} -> 18 | F6: =IF(B6=1,"—",IF(B6=2,"نهائي مباشر",IF(B6<=4,"نصف نهائي ثم نهائي – كل دور في يوم","ربع نهائي ثم نصف نهائي ثم نهائي – كل دور في يوم"))) -> — | G6: =I6-H6 -> 21 | H6: {=MAX('7 فرق'!$A$4:$A$66)-SUMPRODUCT(MAX(ISNUMBER(IFERROR(--LEFT('7 فرق'!$D$4:$D$66,1),"x"))*'7 فرق'!$A$4:$A$66))} -> 0 | I6: =MAX('7 فرق'!$A$4:$A$66) -> 21 | J6: =MOD(HOUR(المدخلات!$B$5)-1,12)+1&":"&TEXT(MINUTE(المدخلات!$B$5),"00")&IF(HOUR(المدخلات!$B$5)<12," ص"," م") -> 4:00 م | K6: =MOD(HOUR(المدخلات!$B$5+((المدخلات!$B$9-1)*المدخلات!$B$8+المدخلات!$B$6)/1440)-1,12)+1&":"&TEXT(MINUTE(المدخلات!$B$5+((المدخلات!$B$9-1)*المدخلات!$B$8+المدخلات!$B$6)/1440),"00")&IF(HOUR(المدخلات!$B$5+((المدخلات!$B$9-1)*المدخلات!$B$8+المدخلات!$B$6)/1440)<12," ص"," م") -> 8:35 م | L6: =MAX('7 فرق'!$C$4:$C$66) -> 1 | M6: =IF(I6>المدخلات!$B$11,"⚠ تجاوز السقف ("&I6&" يوماً) لضمان "&المدخلات!$B$10&" مباراة","ضمن السقف") -> ضمن السقف
A7: 8 | B7: {=ROUND(SUMPRODUCT(1/COUNTIF('بيانات الفرق U13'!$Q$3:$Q$10,'بيانات الفرق U13'!$Q$3:$Q$10)),0)} -> 1 | C7: {=_xlfn.TEXTJOIN(" + ",TRUE,_xlfn._xlws.SORT(COUNTIF('بيانات الفرق U13'!$Q$3:$Q$10,"المجموعة "&_xlfn.SEQUENCE(B7))))} -> 8 | D7: {=_xlfn.LET(_xlpm.gs,_xlfn.SEQUENCE(B7),_xlpm.op,_xlfn.MAXIFS('بيانات الفرق U13'!$S$3:$S$10,'بيانات الفرق U13'!$Q$3:$Q$10,"المجموعة "&_xlpm.gs),_xlpm.mt,_xlfn.MAXIFS('بيانات الفرق U13'!$R$3:$R$10,'بيانات الفرق U13'!$Q$3:$Q$10,"المجموعة "&_xlpm.gs),_xlfn.TEXTJOIN(" + ",TRUE,_xlfn.SORTBY(_xlpm.mt/_xlpm.op,_xlpm.op,1)))} -> 3 | E7: {=_xlfn.LET(_xlpm.gs,_xlfn.SEQUENCE(B7),_xlpm.ln,_xlfn.MAXIFS('بيانات الفرق U13'!$S$3:$S$10,'بيانات الفرق U13'!$Q$3:$Q$10,"المجموعة "&_xlpm.gs),_xlpm.mn,_xlfn.MINIFS('بيانات الفرق U13'!$R$3:$R$10,'بيانات الفرق U13'!$Q$3:$Q$10,"المجموعة "&_xlpm.gs),_xlpm.mx,_xlfn.MAXIFS('بيانات الفرق U13'!$R$3:$R$10,'بيانات الفرق U13'!$Q$3:$Q$10,"المجموعة "&_xlpm.gs),_xlpm.t,IF(_xlpm.mn=_xlpm.mx,_xlpm.mn&"",_xlpm.mn&"–"&_xlpm.mx),_xlfn.TEXTJOIN(" + ",TRUE,_xlfn.SORTBY(_xlpm.t,_xlpm.ln,1)))} -> 21 | F7: =IF(B7=1,"—",IF(B7=2,"نهائي مباشر",IF(B7<=4,"نصف نهائي ثم نهائي – كل دور في يوم","ربع نهائي ثم نصف نهائي ثم نهائي – كل دور في يوم"))) -> — | G7: =I7-H7 -> 21 | H7: {=MAX('8 فرق'!$A$4:$A$87)-SUMPRODUCT(MAX(ISNUMBER(IFERROR(--LEFT('8 فرق'!$D$4:$D$87,1),"x"))*'8 فرق'!$A$4:$A$87))} -> 0 | I7: =MAX('8 فرق'!$A$4:$A$87) -> 21 | J7: =MOD(HOUR(المدخلات!$B$5)-1,12)+1&":"&TEXT(MINUTE(المدخلات!$B$5),"00")&IF(HOUR(المدخلات!$B$5)<12," ص"," م") -> 4:00 م | K7: =MOD(HOUR(المدخلات!$B$5+((المدخلات!$B$9-1)*المدخلات!$B$8+المدخلات!$B$6)/1440)-1,12)+1&":"&TEXT(MINUTE(المدخلات!$B$5+((المدخلات!$B$9-1)*المدخلات!$B$8+المدخلات!$B$6)/1440),"00")&IF(HOUR(المدخلات!$B$5+((المدخلات!$B$9-1)*المدخلات!$B$8+المدخلات!$B$6)/1440)<12," ص"," م") -> 8:35 م | L7: =MAX('8 فرق'!$C$4:$C$87) -> 2 | M7: =IF(I7>المدخلات!$B$11,"⚠ تجاوز السقف ("&I7&" يوماً) لضمان "&المدخلات!$B$10&" مباراة","ضمن السقف") -> ضمن السقف
A8: 10 | B8: {=ROUND(SUMPRODUCT(1/COUNTIF('بيانات الفرق U13'!$V$3:$V$12,'بيانات الفرق U13'!$V$3:$V$12)),0)} -> 1 | C8: {=_xlfn.TEXTJOIN(" + ",TRUE,_xlfn._xlws.SORT(COUNTIF('بيانات الفرق U13'!$V$3:$V$12,"المجموعة "&_xlfn.SEQUENCE(B8))))} -> 10 | D8: {=_xlfn.LET(_xlpm.gs,_xlfn.SEQUENCE(B8),_xlpm.op,_xlfn.MAXIFS('بيانات الفرق U13'!$X$3:$X$12,'بيانات الفرق U13'!$V$3:$V$12,"المجموعة "&_xlpm.gs),_xlpm.mt,_xlfn.MAXIFS('بيانات الفرق U13'!$W$3:$W$12,'بيانات الفرق U13'!$V$3:$V$12,"المجموعة "&_xlpm.gs),_xlfn.TEXTJOIN(" + ",TRUE,_xlfn.SORTBY(_xlpm.mt/_xlpm.op,_xlpm.op,1)))} -> 2 | E8: {=_xlfn.LET(_xlpm.gs,_xlfn.SEQUENCE(B8),_xlpm.ln,_xlfn.MAXIFS('بيانات الفرق U13'!$X$3:$X$12,'بيانات الفرق U13'!$V$3:$V$12,"المجموعة "&_xlpm.gs),_xlpm.mn,_xlfn.MINIFS('بيانات الفرق U13'!$W$3:$W$12,'بيانات الفرق U13'!$V$3:$V$12,"المجموعة "&_xlpm.gs),_xlpm.mx,_xlfn.MAXIFS('بيانات الفرق U13'!$W$3:$W$12,'بيانات الفرق U13'!$V$3:$V$12,"المجموعة "&_xlpm.gs),_xlpm.t,IF(_xlpm.mn=_xlpm.mx,_xlpm.mn&"",_xlpm.mn&"–"&_xlpm.mx),_xlfn.TEXTJOIN(" + ",TRUE,_xlfn.SORTBY(_xlpm.t,_xlpm.ln,1)))} -> 18 | F8: =IF(B8=1,"—",IF(B8=2,"نهائي مباشر",IF(B8<=4,"نصف نهائي ثم نهائي – كل دور في يوم","ربع نهائي ثم نصف نهائي ثم نهائي – كل دور في يوم"))) -> — | G8: =I8-H8 -> 18 | H8: {=MAX('10 فرق'!$A$4:$A$93)-SUMPRODUCT(MAX(ISNUMBER(IFERROR(--LEFT('10 فرق'!$D$4:$D$93,1),"x"))*'10 فرق'!$A$4:$A$93))} -> 0 | I8: =MAX('10 فرق'!$A$4:$A$93) -> 18 | J8: =MOD(HOUR(المدخلات!$B$5)-1,12)+1&":"&TEXT(MINUTE(المدخلات!$B$5),"00")&IF(HOUR(المدخلات!$B$5)<12," ص"," م") -> 4:00 م | K8: =MOD(HOUR(المدخلات!$B$5+((المدخلات!$B$9-1)*المدخلات!$B$8+المدخلات!$B$6)/1440)-1,12)+1&":"&TEXT(MINUTE(المدخلات!$B$5+((المدخلات!$B$9-1)*المدخلات!$B$8+المدخلات!$B$6)/1440),"00")&IF(HOUR(المدخلات!$B$5+((المدخلات!$B$9-1)*المدخلات!$B$8+المدخلات!$B$6)/1440)<12," ص"," م") -> 8:35 م | L8: =MAX('10 فرق'!$C$4:$C$93) -> 2 | M8: =IF(I8>المدخلات!$B$11,"⚠ تجاوز السقف ("&I8&" يوماً) لضمان "&المدخلات!$B$10&" مباراة","ضمن السقف") -> ضمن السقف
A9: 13 | B9: {=ROUND(SUMPRODUCT(1/COUNTIF('بيانات الفرق U13'!$AA$3:$AA$15,'بيانات الفرق U13'!$AA$3:$AA$15)),0)} -> 2 | C9: {=_xlfn.TEXTJOIN(" + ",TRUE,_xlfn._xlws.SORT(COUNTIF('بيانات الفرق U13'!$AA$3:$AA$15,"المجموعة "&_xlfn.SEQUENCE(B9))))} -> 6 + 7 | D9: {=_xlfn.LET(_xlpm.gs,_xlfn.SEQUENCE(B9),_xlpm.op,_xlfn.MAXIFS('بيانات الفرق U13'!$AC$3:$AC$15,'بيانات الفرق U13'!$AA$3:$AA$15,"المجموعة "&_xlpm.gs),_xlpm.mt,_xlfn.MAXIFS('بيانات الفرق U13'!$AB$3:$AB$15,'بيانات الفرق U13'!$AA$3:$AA$15,"المجموعة "&_xlpm.gs),_xlfn.TEXTJOIN(" + ",TRUE,_xlfn.SORTBY(_xlpm.mt/_xlpm.op,_xlpm.op,1)))} -> 4 + 3 | E9: {=_xlfn.LET(_xlpm.gs,_xlfn.SEQUENCE(B9),_xlpm.ln,_xlfn.MAXIFS('بيانات الفرق U13'!$AC$3:$AC$15,'بيانات الفرق U13'!$AA$3:$AA$15,"المجموعة "&_xlpm.gs),_xlpm.mn,_xlfn.MINIFS('بيانات الفرق U13'!$AB$3:$AB$15,'بيانات الفرق U13'!$AA$3:$AA$15,"المجموعة "&_xlpm.gs),_xlpm.mx,_xlfn.MAXIFS('بيانات الفرق U13'!$AB$3:$AB$15,'بيانات الفرق U13'!$AA$3:$AA$15,"المجموعة "&_xlpm.gs),_xlpm.t,IF(_xlpm.mn=_xlpm.mx,_xlpm.mn&"",_xlpm.mn&"–"&_xlpm.mx),_xlfn.TEXTJOIN(" + ",TRUE,_xlfn.SORTBY(_xlpm.t,_xlpm.ln,1)))} -> 20 + 18 | F9: =IF(B9=1,"—",IF(B9=2,"نهائي مباشر",IF(B9<=4,"نصف نهائي ثم نهائي – كل دور في يوم","ربع نهائي ثم نصف نهائي ثم نهائي – كل دور في يوم"))) -> نهائي مباشر | G9: =I9-H9 -> 21 | H9: {=MAX('13 فريق'!$A$4:$A$127)-SUMPRODUCT(MAX(ISNUMBER(IFERROR(--LEFT('13 فريق'!$E$4:$E$127,1),"x"))*'13 فريق'!$A$4:$A$127))} -> 1 | I9: =MAX('13 فريق'!$A$4:$A$127) -> 22 | J9: =MOD(HOUR(المدخلات!$B$5)-1,12)+1&":"&TEXT(MINUTE(المدخلات!$B$5),"00")&IF(HOUR(المدخلات!$B$5)<12," ص"," م") -> 4:00 م | K9: =MOD(HOUR(المدخلات!$B$5+((المدخلات!$B$9-1)*المدخلات!$B$8+المدخلات!$B$6)/1440)-1,12)+1&":"&TEXT(MINUTE(المدخلات!$B$5+((المدخلات!$B$9-1)*المدخلات!$B$8+المدخلات!$B$6)/1440),"00")&IF(HOUR(المدخلات!$B$5+((المدخلات!$B$9-1)*المدخلات!$B$8+المدخلات!$B$6)/1440)<12," ص"," م") -> 8:35 م | L9: =MAX('13 فريق'!$C$4:$C$127) -> 2 | M9: =IF(I9>المدخلات!$B$11,"⚠ تجاوز السقف ("&I9&" يوماً) لضمان "&المدخلات!$B$10&" مباراة","ضمن السقف") -> ضمن السقف
A10: 14 | B10: {=ROUND(SUMPRODUCT(1/COUNTIF('بيانات الفرق U13'!$AF$3:$AF$16,'بيانات الفرق U13'!$AF$3:$AF$16)),0)} -> 2 | C10: {=_xlfn.TEXTJOIN(" + ",TRUE,_xlfn._xlws.SORT(COUNTIF('بيانات الفرق U13'!$AF$3:$AF$16,"المجموعة "&_xlfn.SEQUENCE(B10))))} -> 7 + 7 | D10: {=_xlfn.LET(_xlpm.gs,_xlfn.SEQUENCE(B10),_xlpm.op,_xlfn.MAXIFS('بيانات الفرق U13'!$AH$3:$AH$16,'بيانات الفرق U13'!$AF$3:$AF$16,"المجموعة "&_xlpm.gs),_xlpm.mt,_xlfn.MAXIFS('بيانات الفرق U13'!$AG$3:$AG$16,'بيانات الفرق U13'!$AF$3:$AF$16,"المجموعة "&_xlpm.gs),_xlfn.TEXTJOIN(" + ",TRUE,_xlfn.SORTBY(_xlpm.mt/_xlpm.op,_xlpm.op,1)))} -> 3 + 3 | E10: {=_xlfn.LET(_xlpm.gs,_xlfn.SEQUENCE(B10),_xlpm.ln,_xlfn.MAXIFS('بيانات الفرق U13'!$AH$3:$AH$16,'بيانات الفرق U13'!$AF$3:$AF$16,"المجموعة "&_xlpm.gs),_xlpm.mn,_xlfn.MINIFS('بيانات الفرق U13'!$AG$3:$AG$16,'بيانات الفرق U13'!$AF$3:$AF$16,"المجموعة "&_xlpm.gs),_xlpm.mx,_xlfn.MAXIFS('بيانات الفرق U13'!$AG$3:$AG$16,'بيانات الفرق U13'!$AF$3:$AF$16,"المجموعة "&_xlpm.gs),_xlpm.t,IF(_xlpm.mn=_xlpm.mx,_xlpm.mn&"",_xlpm.mn&"–"&_xlpm.mx),_xlfn.TEXTJOIN(" + ",TRUE,_xlfn.SORTBY(_xlpm.t,_xlpm.ln,1)))} -> 18 + 18 | F10: =IF(B10=1,"—",IF(B10=2,"نهائي مباشر",IF(B10<=4,"نصف نهائي ثم نهائي – كل دور في يوم","ربع نهائي ثم نصف نهائي ثم نهائي – كل دور في يوم"))) -> نهائي مباشر | G10: =I10-H10 -> 21 | H10: {=MAX('14 فريق'!$A$4:$A$130)-SUMPRODUCT(MAX(ISNUMBER(IFERROR(--LEFT('14 فريق'!$E$4:$E$130,1),"x"))*'14 فريق'!$A$4:$A$130))} -> 1 | I10: =MAX('14 فريق'!$A$4:$A$130) -> 22 | J10: =MOD(HOUR(المدخلات!$B$5)-1,12)+1&":"&TEXT(MINUTE(المدخلات!$B$5),"00")&IF(HOUR(المدخلات!$B$5)<12," ص"," م") -> 4:00 م | K10: =MOD(HOUR(المدخلات!$B$5+((المدخلات!$B$9-1)*المدخلات!$B$8+المدخلات!$B$6)/1440)-1,12)+1&":"&TEXT(MINUTE(المدخلات!$B$5+((المدخلات!$B$9-1)*المدخلات!$B$8+المدخلات!$B$6)/1440),"00")&IF(HOUR(المدخلات!$B$5+((المدخلات!$B$9-1)*المدخلات!$B$8+المدخلات!$B$6)/1440)<12," ص"," م") -> 8:35 م | L10: =MAX('14 فريق'!$C$4:$C$130) -> 2 | M10: =IF(I10>المدخلات!$B$11,"⚠ تجاوز السقف ("&I10&" يوماً) لضمان "&المدخلات!$B$10&" مباراة","ضمن السقف") -> ضمن السقف
A11: 16 | B11: {=ROUND(SUMPRODUCT(1/COUNTIF('بيانات الفرق U13'!$AK$3:$AK$18,'بيانات الفرق U13'!$AK$3:$AK$18)),0)} -> 2 | C11: {=_xlfn.TEXTJOIN(" + ",TRUE,_xlfn._xlws.SORT(COUNTIF('بيانات الفرق U13'!$AK$3:$AK$18,"المجموعة "&_xlfn.SEQUENCE(B11))))} -> 8 + 8 | D11: {=_xlfn.LET(_xlpm.gs,_xlfn.SEQUENCE(B11),_xlpm.op,_xlfn.MAXIFS('بيانات الفرق U13'!$AM$3:$AM$18,'بيانات الفرق U13'!$AK$3:$AK$18,"المجموعة "&_xlpm.gs),_xlpm.mt,_xlfn.MAXIFS('بيانات الفرق U13'!$AL$3:$AL$18,'بيانات الفرق U13'!$AK$3:$AK$18,"المجموعة "&_xlpm.gs),_xlfn.TEXTJOIN(" + ",TRUE,_xlfn.SORTBY(_xlpm.mt/_xlpm.op,_xlpm.op,1)))} -> 3 + 3 | E11: {=_xlfn.LET(_xlpm.gs,_xlfn.SEQUENCE(B11),_xlpm.ln,_xlfn.MAXIFS('بيانات الفرق U13'!$AM$3:$AM$18,'بيانات الفرق U13'!$AK$3:$AK$18,"المجموعة "&_xlpm.gs),_xlpm.mn,_xlfn.MINIFS('بيانات الفرق U13'!$AL$3:$AL$18,'بيانات الفرق U13'!$AK$3:$AK$18,"المجموعة "&_xlpm.gs),_xlpm.mx,_xlfn.MAXIFS('بيانات الفرق U13'!$AL$3:$AL$18,'بيانات الفرق U13'!$AK$3:$AK$18,"المجموعة "&_xlpm.gs),_xlpm.t,IF(_xlpm.mn=_xlpm.mx,_xlpm.mn&"",_xlpm.mn&"–"&_xlpm.mx),_xlfn.TEXTJOIN(" + ",TRUE,_xlfn.SORTBY(_xlpm.t,_xlpm.ln,1)))} -> 21 + 21 | F11: =IF(B11=1,"—",IF(B11=2,"نهائي مباشر",IF(B11<=4,"نصف نهائي ثم نهائي – كل دور في يوم","ربع نهائي ثم نصف نهائي ثم نهائي – كل دور في يوم"))) -> نهائي مباشر | G11: =I11-H11 -> 21 | H11: {=MAX('16 فريق'!$A$4:$A$172)-SUMPRODUCT(MAX(ISNUMBER(IFERROR(--LEFT('16 فريق'!$E$4:$E$172,1),"x"))*'16 فريق'!$A$4:$A$172))} -> 1 | I11: =MAX('16 فريق'!$A$4:$A$172) -> 22 | J11: =MOD(HOUR(المدخلات!$B$5)-1,12)+1&":"&TEXT(MINUTE(المدخلات!$B$5),"00")&IF(HOUR(المدخلات!$B$5)<12," ص"," م") -> 4:00 م | K11: =MOD(HOUR(المدخلات!$B$5+((المدخلات!$B$9-1)*المدخلات!$B$8+المدخلات!$B$6)/1440)-1,12)+1&":"&TEXT(MINUTE(المدخلات!$B$5+((المدخلات!$B$9-1)*المدخلات!$B$8+المدخلات!$B$6)/1440),"00")&IF(HOUR(المدخلات!$B$5+((المدخلات!$B$9-1)*المدخلات!$B$8+المدخلات!$B$6)/1440)<12," ص"," م") -> 8:35 م | L11: =MAX('16 فريق'!$C$4:$C$172) -> 3 | M11: =IF(I11>المدخلات!$B$11,"⚠ تجاوز السقف ("&I11&" يوماً) لضمان "&المدخلات!$B$10&" مباراة","ضمن السقف") -> ضمن السقف
A12: 17 | B12: {=ROUND(SUMPRODUCT(1/COUNTIF('بيانات الفرق U13'!$AP$3:$AP$19,'بيانات الفرق U13'!$AP$3:$AP$19)),0)} -> 1 | C12: {=_xlfn.TEXTJOIN(" + ",TRUE,_xlfn._xlws.SORT(COUNTIF('بيانات الفرق U13'!$AP$3:$AP$19,"المجموعة "&_xlfn.SEQUENCE(B12))))} -> 17 | D12: {=_xlfn.LET(_xlpm.gs,_xlfn.SEQUENCE(B12),_xlpm.op,_xlfn.MAXIFS('بيانات الفرق U13'!$AR$3:$AR$19,'بيانات الفرق U13'!$AP$3:$AP$19,"المجموعة "&_xlpm.gs),_xlpm.mt,_xlfn.MAXIFS('بيانات الفرق U13'!$AQ$3:$AQ$19,'بيانات الفرق U13'!$AP$3:$AP$19,"المجموعة "&_xlpm.gs),_xlfn.TEXTJOIN(" + ",TRUE,_xlfn.SORTBY(_xlpm.mt/_xlpm.op,_xlpm.op,1)))} -> 1 | E12: {=_xlfn.LET(_xlpm.gs,_xlfn.SEQUENCE(B12),_xlpm.ln,_xlfn.MAXIFS('بيانات الفرق U13'!$AR$3:$AR$19,'بيانات الفرق U13'!$AP$3:$AP$19,"المجموعة "&_xlpm.gs),_xlpm.mn,_xlfn.MINIFS('بيانات الفرق U13'!$AQ$3:$AQ$19,'بيانات الفرق U13'!$AP$3:$AP$19,"المجموعة "&_xlpm.gs),_xlpm.mx,_xlfn.MAXIFS('بيانات الفرق U13'!$AQ$3:$AQ$19,'بيانات الفرق U13'!$AP$3:$AP$19,"المجموعة "&_xlpm.gs),_xlpm.t,IF(_xlpm.mn=_xlpm.mx,_xlpm.mn&"",_xlpm.mn&"–"&_xlpm.mx),_xlfn.TEXTJOIN(" + ",TRUE,_xlfn.SORTBY(_xlpm.t,_xlpm.ln,1)))} -> 16 | F12: =IF(B12=1,"—",IF(B12=2,"نهائي مباشر",IF(B12<=4,"نصف نهائي ثم نهائي – كل دور في يوم","ربع نهائي ثم نصف نهائي ثم نهائي – كل دور في يوم"))) -> — | G12: =I12-H12 -> 17 | H12: {=MAX('17 فريق'!$A$4:$A$139)-SUMPRODUCT(MAX(ISNUMBER(IFERROR(--LEFT('17 فريق'!$D$4:$D$139,1),"x"))*'17 فريق'!$A$4:$A$139))} -> 0 | I12: =MAX('17 فريق'!$A$4:$A$139) -> 17 | J12: =MOD(HOUR(المدخلات!$B$5)-1,12)+1&":"&TEXT(MINUTE(المدخلات!$B$5),"00")&IF(HOUR(المدخلات!$B$5)<12," ص"," م") -> 4:00 م | K12: =MOD(HOUR(المدخلات!$B$5+((المدخلات!$B$9-1)*المدخلات!$B$8+المدخلات!$B$6)/1440)-1,12)+1&":"&TEXT(MINUTE(المدخلات!$B$5+((المدخلات!$B$9-1)*المدخلات!$B$8+المدخلات!$B$6)/1440),"00")&IF(HOUR(المدخلات!$B$5+((المدخلات!$B$9-1)*المدخلات!$B$8+المدخلات!$B$6)/1440)<12," ص"," م") -> 8:35 م | L12: =MAX('17 فريق'!$C$4:$C$139) -> 3 | M12: =IF(I12>المدخلات!$B$11,"⚠ تجاوز السقف ("&I12&" يوماً) لضمان "&المدخلات!$B$10&" مباراة","ضمن السقف") -> ضمن السقف
A13: 24 | B13: {=ROUND(SUMPRODUCT(1/COUNTIF('بيانات الفرق U13'!$AU$3:$AU$26,'بيانات الفرق U13'!$AU$3:$AU$26)),0)} -> 4 | C13: {=_xlfn.TEXTJOIN(" + ",TRUE,_xlfn._xlws.SORT(COUNTIF('بيانات الفرق U13'!$AU$3:$AU$26,"المجموعة "&_xlfn.SEQUENCE(B13))))} -> 6 + 6 + 6 + 6 | D13: {=_xlfn.LET(_xlpm.gs,_xlfn.SEQUENCE(B13),_xlpm.op,_xlfn.MAXIFS('بيانات الفرق U13'!$AW$3:$AW$26,'بيانات الفرق U13'!$AU$3:$AU$26,"المجموعة "&_xlpm.gs),_xlpm.mt,_xlfn.MAXIFS('بيانات الفرق U13'!$AV$3:$AV$26,'بيانات الفرق U13'!$AU$3:$AU$26,"المجموعة "&_xlpm.gs),_xlfn.TEXTJOIN(" + ",TRUE,_xlfn.SORTBY(_xlpm.mt/_xlpm.op,_xlpm.op,1)))} -> 4 + 4 + 4 + 4 | E13: {=_xlfn.LET(_xlpm.gs,_xlfn.SEQUENCE(B13),_xlpm.ln,_xlfn.MAXIFS('بيانات الفرق U13'!$AW$3:$AW$26,'بيانات الفرق U13'!$AU$3:$AU$26,"المجموعة "&_xlpm.gs),_xlpm.mn,_xlfn.MINIFS('بيانات الفرق U13'!$AV$3:$AV$26,'بيانات الفرق U13'!$AU$3:$AU$26,"المجموعة "&_xlpm.gs),_xlpm.mx,_xlfn.MAXIFS('بيانات الفرق U13'!$AV$3:$AV$26,'بيانات الفرق U13'!$AU$3:$AU$26,"المجموعة "&_xlpm.gs),_xlpm.t,IF(_xlpm.mn=_xlpm.mx,_xlpm.mn&"",_xlpm.mn&"–"&_xlpm.mx),_xlfn.TEXTJOIN(" + ",TRUE,_xlfn.SORTBY(_xlpm.t,_xlpm.ln,1)))} -> 20 + 20 + 20 + 20 | F13: =IF(B13=1,"—",IF(B13=2,"نهائي مباشر",IF(B13<=4,"نصف نهائي ثم نهائي – كل دور في يوم","ربع نهائي ثم نصف نهائي ثم نهائي – كل دور في يوم"))) -> نصف نهائي ثم نهائي – كل دور في يوم | G13: =I13-H13 -> 20 | H13: {=MAX('24 فريق'!$A$4:$A$246)-SUMPRODUCT(MAX(ISNUMBER(IFERROR(--LEFT('24 فريق'!$E$4:$E$246,1),"x"))*'24 فريق'!$A$4:$A$246))} -> 2 | I13: =MAX('24 فريق'!$A$4:$A$246) -> 22 | J13: =MOD(HOUR(المدخلات!$B$5)-1,12)+1&":"&TEXT(MINUTE(المدخلات!$B$5),"00")&IF(HOUR(المدخلات!$B$5)<12," ص"," م") -> 4:00 م | K13: =MOD(HOUR(المدخلات!$B$5+((المدخلات!$B$9-1)*المدخلات!$B$8+المدخلات!$B$6)/1440)-1,12)+1&":"&TEXT(MINUTE(المدخلات!$B$5+((المدخلات!$B$9-1)*المدخلات!$B$8+المدخلات!$B$6)/1440),"00")&IF(HOUR(المدخلات!$B$5+((المدخلات!$B$9-1)*المدخلات!$B$8+المدخلات!$B$6)/1440)<12," ص"," م") -> 8:35 م | L13: =MAX('24 فريق'!$C$4:$C$246) -> 4 | M13: =IF(I13>المدخلات!$B$11,"⚠ تجاوز السقف ("&I13&" يوماً) لضمان "&المدخلات!$B$10&" مباراة","ضمن السقف") -> ضمن السقف
A14: 29 | B14: {=ROUND(SUMPRODUCT(1/COUNTIF('بيانات الفرق U13'!$AZ$3:$AZ$31,'بيانات الفرق U13'!$AZ$3:$AZ$31)),0)} -> 3 | C14: {=_xlfn.TEXTJOIN(" + ",TRUE,_xlfn._xlws.SORT(COUNTIF('بيانات الفرق U13'!$AZ$3:$AZ$31,"المجموعة "&_xlfn.SEQUENCE(B14))))} -> 9 + 10 + 10 | D14: {=_xlfn.LET(_xlpm.gs,_xlfn.SEQUENCE(B14),_xlpm.op,_xlfn.MAXIFS('بيانات الفرق U13'!$BB$3:$BB$31,'بيانات الفرق U13'!$AZ$3:$AZ$31,"المجموعة "&_xlpm.gs),_xlpm.mt,_xlfn.MAXIFS('بيانات الفرق U13'!$BA$3:$BA$31,'بيانات الفرق U13'!$AZ$3:$AZ$31,"المجموعة "&_xlpm.gs),_xlfn.TEXTJOIN(" + ",TRUE,_xlfn.SORTBY(_xlpm.mt/_xlpm.op,_xlpm.op,1)))} -> 2 + 2 + 2 | E14: {=_xlfn.LET(_xlpm.gs,_xlfn.SEQUENCE(B14),_xlpm.ln,_xlfn.MAXIFS('بيانات الفرق U13'!$BB$3:$BB$31,'بيانات الفرق U13'!$AZ$3:$AZ$31,"المجموعة "&_xlpm.gs),_xlpm.mn,_xlfn.MINIFS('بيانات الفرق U13'!$BA$3:$BA$31,'بيانات الفرق U13'!$AZ$3:$AZ$31,"المجموعة "&_xlpm.gs),_xlpm.mx,_xlfn.MAXIFS('بيانات الفرق U13'!$BA$3:$BA$31,'بيانات الفرق U13'!$AZ$3:$AZ$31,"المجموعة "&_xlpm.gs),_xlpm.t,IF(_xlpm.mn=_xlpm.mx,_xlpm.mn&"",_xlpm.mn&"–"&_xlpm.mx),_xlfn.TEXTJOIN(" + ",TRUE,_xlfn.SORTBY(_xlpm.t,_xlpm.ln,1)))} -> 16 + 18 + 18 | F14: =IF(B14=1,"—",IF(B14=2,"نهائي مباشر",IF(B14<=4,"نصف نهائي ثم نهائي – كل دور في يوم","ربع نهائي ثم نصف نهائي ثم نهائي – كل دور في يوم"))) -> نصف نهائي ثم نهائي – كل دور في يوم | G14: =I14-H14 -> 18 | H14: {=MAX('29 فريق'!$A$4:$A$258)-SUMPRODUCT(MAX(ISNUMBER(IFERROR(--LEFT('29 فريق'!$E$4:$E$258,1),"x"))*'29 فريق'!$A$4:$A$258))} -> 2 | I14: =MAX('29 فريق'!$A$4:$A$258) -> 20 | J14: =MOD(HOUR(المدخلات!$B$5)-1,12)+1&":"&TEXT(MINUTE(المدخلات!$B$5),"00")&IF(HOUR(المدخلات!$B$5)<12," ص"," م") -> 4:00 م | K14: =MOD(HOUR(المدخلات!$B$5+((المدخلات!$B$9-1)*المدخلات!$B$8+المدخلات!$B$6)/1440)-1,12)+1&":"&TEXT(MINUTE(المدخلات!$B$5+((المدخلات!$B$9-1)*المدخلات!$B$8+المدخلات!$B$6)/1440),"00")&IF(HOUR(المدخلات!$B$5+((المدخلات!$B$9-1)*المدخلات!$B$8+المدخلات!$B$6)/1440)<12," ص"," م") -> 8:35 م | L14: =MAX('29 فريق'!$C$4:$C$258) -> 5 | M14: =IF(I14>المدخلات!$B$11,"⚠ تجاوز السقف ("&I14&" يوماً) لضمان "&المدخلات!$B$10&" مباراة","ضمن السقف") -> ضمن السقف
A15: 34 | B15: {=ROUND(SUMPRODUCT(1/COUNTIF('بيانات الفرق U13'!$BE$3:$BE$36,'بيانات الفرق U13'!$BE$3:$BE$36)),0)} -> 2 | C15: {=_xlfn.TEXTJOIN(" + ",TRUE,_xlfn._xlws.SORT(COUNTIF('بيانات الفرق U13'!$BE$3:$BE$36,"المجموعة "&_xlfn.SEQUENCE(B15))))} -> 17 + 17 | D15: {=_xlfn.LET(_xlpm.gs,_xlfn.SEQUENCE(B15),_xlpm.op,_xlfn.MAXIFS('بيانات الفرق U13'!$BG$3:$BG$36,'بيانات الفرق U13'!$BE$3:$BE$36,"المجموعة "&_xlpm.gs),_xlpm.mt,_xlfn.MAXIFS('بيانات الفرق U13'!$BF$3:$BF$36,'بيانات الفرق U13'!$BE$3:$BE$36,"المجموعة "&_xlpm.gs),_xlfn.TEXTJOIN(" + ",TRUE,_xlfn.SORTBY(_xlpm.mt/_xlpm.op,_xlpm.op,1)))} -> 1 + 1 | E15: {=_xlfn.LET(_xlpm.gs,_xlfn.SEQUENCE(B15),_xlpm.ln,_xlfn.MAXIFS('بيانات الفرق U13'!$BG$3:$BG$36,'بيانات الفرق U13'!$BE$3:$BE$36,"المجموعة "&_xlpm.gs),_xlpm.mn,_xlfn.MINIFS('بيانات الفرق U13'!$BF$3:$BF$36,'بيانات الفرق U13'!$BE$3:$BE$36,"المجموعة "&_xlpm.gs),_xlpm.mx,_xlfn.MAXIFS('بيانات الفرق U13'!$BF$3:$BF$36,'بيانات الفرق U13'!$BE$3:$BE$36,"المجموعة "&_xlpm.gs),_xlpm.t,IF(_xlpm.mn=_xlpm.mx,_xlpm.mn&"",_xlpm.mn&"–"&_xlpm.mx),_xlfn.TEXTJOIN(" + ",TRUE,_xlfn.SORTBY(_xlpm.t,_xlpm.ln,1)))} -> 16 + 16 | F15: =IF(B15=1,"—",IF(B15=2,"نهائي مباشر",IF(B15<=4,"نصف نهائي ثم نهائي – كل دور في يوم","ربع نهائي ثم نصف نهائي ثم نهائي – كل دور في يوم"))) -> نهائي مباشر | G15: =I15-H15 -> 17 | H15: {=MAX('34 فريق'!$A$4:$A$276)-SUMPRODUCT(MAX(ISNUMBER(IFERROR(--LEFT('34 فريق'!$E$4:$E$276,1),"x"))*'34 فريق'!$A$4:$A$276))} -> 1 | I15: =MAX('34 فريق'!$A$4:$A$276) -> 18 | J15: =MOD(HOUR(المدخلات!$B$5)-1,12)+1&":"&TEXT(MINUTE(المدخلات!$B$5),"00")&IF(HOUR(المدخلات!$B$5)<12," ص"," م") -> 4:00 م | K15: =MOD(HOUR(المدخلات!$B$5+((المدخلات!$B$9-1)*المدخلات!$B$8+المدخلات!$B$6)/1440)-1,12)+1&":"&TEXT(MINUTE(المدخلات!$B$5+((المدخلات!$B$9-1)*المدخلات!$B$8+المدخلات!$B$6)/1440),"00")&IF(HOUR(المدخلات!$B$5+((المدخلات!$B$9-1)*المدخلات!$B$8+المدخلات!$B$6)/1440)<12," ص"," م") -> 8:35 م | L15: =MAX('34 فريق'!$C$4:$C$276) -> 6 | M15: =IF(I15>المدخلات!$B$11,"⚠ تجاوز السقف ("&I15&" يوماً) لضمان "&المدخلات!$B$10&" مباراة","ضمن السقف") -> ضمن السقف
B17: {=SUMPRODUCT(COUNTIF(المدخلات!$I$5:$I$31,$A$4:$A$15)*_xlfn.VSTACK(COUNTA('5 فرق'!$D$4:$D$43),COUNTA('6 فرق'!$D$4:$D$63),COUNTA('7 فرق'!$D$4:$D$66),COUNTA('8 فرق'!$D$4:$D$87),COUNTA('10 فرق'!$D$4:$D$93),COUNTA('13 فريق'!$E$4:$E$127),COUNTA('14 فريق'!$E$4:$E$130),COUNTA('16 فريق'!$E$4:$E$172),COUNTA('17 فريق'!$D$4:$D$139),COUNTA('24 فريق'!$E$4:$E$246),COUNTA('29 فريق'!$E$4:$E$258),COUNTA('34 فريق'!$E$4:$E$276)))} -> 3260 | C17: إجمالي عدد المباريات (كل المجموعات)

Sheet 5 فرق
A1: بطولة 5 فرق – تحت 13
A3: اليوم | B3: الوقت | C3: الملعب | D3: المباراة
A4: 1 | B4: 4:00–5:25 م | C4: 1 | D4: 2 ضد 5
A5: 1 | B5: 5:35–7:00 م | C5: 1 | D5: 3 ضد 4
A6: 2 | B6: 4:00–5:25 م | C6: 1 | D6: 2 ضد 3
A7: 2 | B7: 5:35–7:00 م | C7: 1 | D7: 1 ضد 5
A8: 3 | B8: 4:00–5:25 م | C8: 1 | D8: 1 ضد 4
A9: 3 | B9: 5:35–7:00 م | C9: 1 | D9: 5 ضد 3
A10: 4 | B10: 4:00–5:25 م | C10: 1 | D10: 1 ضد 3
A11: 4 | B11: 5:35–7:00 م | C11: 1 | D11: 4 ضد 2
A12: 5 | B12: 4:00–5:25 م | C12: 1 | D12: 4 ضد 5
A13: 5 | B13: 5:35–7:00 م | C13: 1 | D13: 1 ضد 2
A14: 6 | B14: 4:00–5:25 م | C14: 1 | D14: 5 ضد 2
A15: 6 | B15: 5:35–7:00 م | C15: 1 | D15: 4 ضد 3
... A43: 20 | B43: 5:35–7:00 م | C43: 1 | D43: 2 ضد 1
B46: توزيع الفرق على مجموعة القريات — يُعبّأ بأسماء الفرق
B47: # | C47: الفرق (1-5) | F47: التصنيف
B48: 1 | C48: القريات | F48: نادي
B49: 2 | C49: اشبيلية بارك الرياضية | F49: أكاديمية
B50: 3 | C50: وولف | F50: هواة
B51: 4 | C51: اكاديمية المستقبل | F51: هواة
B52: 5 | C52: باريس الجوف | F52: هواة

Sheet 6 فرق
A1: بطولة 6 فرق – تحت 13
A3: اليوم | B3: الوقت | C3: الملعب | D3: المباراة
A4: 1 | B4: 4:00–5:25 م | C4: 1 | D4: 2 ضد 5
A5: 1 | B5: 5:35–7:00 م | C5: 1 | D5: 3 ضد 4
A6: 1 | B6: 7:10–8:35 م | C6: 1 | D6: 1 ضد 6
A7: 2 | B7: 4:00–5:25 م | C7: 1 | D7: 6 ضد 4
A8: 2 | B8: 5:35–7:00 م | C8: 1 | D8: 1 ضد 5
A9: 2 | B9: 7:10–8:35 م | C9: 1 | D9: 2 ضد 3
A10: 3 | B10: 4:00–5:25 م | C10: 1 | D10: 5 ضد 3
A11: 3 | B11: 5:35–7:00 م | C11: 1 | D11: 6 ضد 2
A12: 3 | B12: 7:10–8:35 م | C12: 1 | D12: 1 ضد 4
A13: 4 | B13: 4:00–5:25 م | C13: 1 | D13: 4 ضد 2
A14: 4 | B14: 5:35–7:00 م | C14: 1 | D14: 1 ضد 3
A15: 4 | B15: 7:10–8:35 م | C15: 1 | D15: 5 ضد 6
... A63: 20 | B63: 7:10–8:35 م | C63: 1 | D63: 6 ضد 3
B66: توزيع الفرق على مجموعة نجران — يُعبّأ بأسماء الفرق
B67: # | C67: الفرق (1-6) | F67: التصنيف
B68: 1 | C68: إيزوف | F68: أكاديمية
B69: 2 | C69: اكاديمية سهيل | F69: أكاديمية
B70: 3 | C70: الوداد الشرقي | F70: أكاديمية
B71: 4 | C71: اكاديمية موهبه اجيال المنصورة | F71: أكاديمية
B72: 5 | C72: موهبة الاجيال | F72: أكاديمية
B73: 6 | C73: رواد الكرة | F73: أكاديمية
B76: توزيع الفرق على مجموعة الباحة — يُعبّأ بأسماء الفرق
B77: # | C77: الفرق (1-6) | F77: التصنيف
B78: 1 | C78: البشائر | F78: نادي
B79: 2 | C79: الحجاز | F79: نادي
B80: 3 | C80: الصحراء الرياضية | F80: أكاديمية
B81: 4 | C81: تيم قول | F81: أكاديمية
B82: 5 | C82: اكاديمية اس اف | F82: هواة
B83: 6 | C83: شعلة الباحة | F83: هواة

Sheet 7 فرق
A1: بطولة 7 فرق – تحت 13
A3: اليوم | B3: الوقت | C3: الملعب | D3: المباراة
A4: 1 | B4: 4:00–5:25 م | C4: 1 | D4: 2 ضد 7
A5: 1 | B5: 5:35–7:00 م | C5: 1 | D5: 4 ضد 5
A6: 1 | B6: 7:10–8:35 م | C6: 1 | D6: 3 ضد 6
A7: 2 | B7: 4:00–5:25 م | C7: 1 | D7: 2 ضد 5
A8: 2 | B8: 5:35–7:00 م | C8: 1 | D8: 3 ضد 4
A9: 2 | B9: 7:10–8:35 م | C9: 1 | D9: 1 ضد 7
A10: 3 | B10: 4:00–5:25 م | C10: 1 | D10: 1 ضد 6
A11: 3 | B11: 5:35–7:00 م | C11: 1 | D11: 7 ضد 5
A12: 3 | B12: 7:10–8:35 م | C12: 1 | D12: 2 ضد 3
A13: 4 | B13: 4:00–5:25 م | C13: 1 | D13: 6 ضد 4
A14: 4 | B14: 5:35–7:00 م | C14: 1 | D14: 7 ضد 3
A15: 4 | B15: 7:10–8:35 م | C15: 1 | D15: 1 ضد 5
... A66: 21 | B66: 7:10–8:35 م | C66: 1 | D66: 5 ضد 6
B69: توزيع الفرق على مجموعة الرس — يُعبّأ بأسماء الفرق
B70: # | C70: الفرق (1-7) | F70: التصنيف
B71: 1 | C71: القصيم | F71: نادي
B72: 2 | C72: الخلود | F72: نادي
B73: 3 | C73: نادي الحزم الرياضي | F73: نادي
B74: 4 | C74: نادي البدائع | F74: نادي
B75: 5 | C75: الشنانة | F75: أكاديمية
B76: 6 | C76: أتلتيك | F76: أكاديمية
B77: 7 | C77: اكاديمية بلنسية | F77: أكاديمية
B80: توزيع الفرق على مجموعة جازان — يُعبّأ بأسماء الفرق
B81: # | C81: الفرق (1-7) | F81: التصنيف
B82: 1 | C82: سحار | F82: هواة
B83: 2 | C83: الجاردن | F83: هواة
B84: 3 | C84: العدايا | F84: هواة
B85: 4 | C85: النجوم بجازان | F85: هواة
B86: 5 | C86: سانتوس جيزان | F86: هواة
B87: 6 | C87: صقور الوادي | F87: هواة
B88: 7 | C88: فريق منشبة | F88: هواة

Sheet 8 فرق
A1: بطولة 8 فرق – تحت 13
A3: اليوم | B3: الوقت | C3: الملعب | D3: المباراة
A4: 1 | B4: 4:00–5:25 م | C4: 1 | D4: 4 ضد 5
A5: 1 | B5: 5:35–7:00 م | C5: 1 | D5: 2 ضد 7
A6: 1 | B6: 5:35–7:00 م | C6: 2 | D6: 1 ضد 8
A7: 1 | B7: 7:10–8:35 م | C7: 1 | D7: 3 ضد 6
A8: 2 | B8: 4:00–5:25 م | C8: 1 | D8: 1 ضد 7
A9: 2 | B9: 5:35–7:00 م | C9: 1 | D9: 3 ضد 4
A10: 2 | B10: 7:10–8:35 م | C10: 1 | D10: 8 ضد 6
A11: 2 | B11: 7:10–8:35 م | C11: 2 | D11: 2 ضد 5
A12: 3 | B12: 4:00–5:25 م | C12: 1 | D12: 8 ضد 4
A13: 3 | B13: 5:35–7:00 م | C13: 1 | D13: 1 ضد 6
A14: 3 | B14: 7:10–8:35 م | C14: 1 | D14: 2 ضد 3
A15: 3 | B15: 7:10–8:35 م | C15: 2 | D15: 7 ضد 5
... A87: 21 | B87: 7:10–8:35 م | C87: 1 | D87: 4 ضد 7
B90: توزيع الفرق على مجموعة تبوك — يُعبّأ بأسماء الفرق
B91: # | C91: الفرق (1-8) | F91: التصنيف
B92: 1 | C92: نيوم | F92: نادي
B93: 2 | C93: الحوراء | F93: نادي
B94: 3 | C94: الكاسر | F94: أكاديمية
B95: 4 | C95: اكاديمية E9 | F95: أكاديمية
B96: 5 | C96: اكاديمية بيتيس تبوك | F96: هواة
B97: 6 | C97: نمور تبوك | F97: هواة
B98: 7 | C98: اكاديمية الامبراطور تبوك | F98: هواة
B99: 8 | C99: اكاديمية سمارت تبوك | F99: هواة
B102: توزيع الفرق على مجموعة حائل — يُعبّأ بأسماء الفرق
B103: # | C103: الفرق (1-8) | F103: التصنيف
B104: 1 | C104: الطائي | F104: نادي
B105: 2 | C105: الجبلين | F105: نادي
B106: 3 | C106: الريان | F106: نادي
B107: 4 | C107: نادي جبة | F107: نادي
B108: 5 | C108: فيد | F108: نادي
B109: 6 | C109: اكاديمية سلمى | F109: أكاديمية
B110: 7 | C110: تكتيك | F110: أكاديمية
B111: 8 | C111: العنابي الماسي | F111: أكاديمية
B114: توزيع الفرق على مجموعة مركز الرفيعة — يُعبّأ بأسماء الفرق
B115: # | C115: الفرق (1-8) | F115: التصنيف
B116: 1 | C116: قرية العليا | F116: أكاديمية
B117: 2 | C117: نخبة الصمان | F117: هواة
B118: 3 | C118: النخبوي | F118: هواة
B119: 4 | C119: اجيال اللهابه | F119: هواة
B120: 5 | C120: نجوم الرفاع | F120: هواة
B121: 6 | C121: مواهب الشيحية | F121: هواة
B122: 7 | C122: صقور الرفيعة | F122: هواة
B123: 8 | C123: شباب السعيره | F123: هواة
B126: توزيع الفرق على مجموعة الخرج — يُعبّأ بأسماء الفرق
B127: # | C127: الفرق (1-8) | F127: التصنيف
B128: 1 | C128: الشعلة | F128: نادي
B129: 2 | C129: نادي الشرق | F129: نادي
B130: 3 | C130: اكاديمية ارتس فوتبول | F130: أكاديمية
B131: 4 | C131: نادي بدي هيلث الرياضي | F131: أكاديمية
B132: 5 | C132: اكاديمية الكأس الرياضية | F132: أكاديمية
B133: 6 | C133: اكاديمية الدلم | F133: هواة
B134: 7 | C134: اكاديمية اليمامة | F134: هواة
B135: 8 | C135: مدارس الجامعة | F135: هواة
B138: توزيع الفرق على مجموعة سكاكا — يُعبّأ بأسماء الفرق
B139: # | C139: الفرق (1-8) | F139: التصنيف
B140: 1 | C140: الجندل | F140: نادي
B141: 2 | C141: نادي القلعة | F141: نادي
B142: 3 | C142: العروبة | F142: نادي
B143: 4 | C143: أجيال الحياة | F143: أكاديمية
B144: 5 | C144: اكاديمية الجوبة الرياضية | F144: أكاديمية
B145: 6 | C145: اكاديمية المواهب | F145: أكاديمية
B146: 7 | C146: المتحد بالجوف | F146: هواة
B147: 8 | C147: الردع | F147: هواة
B150: توزيع الفرق على مجموعة أحد المسارحة — يُعبّأ بأسماء الفرق
B151: # | C151: الفرق (1-8) | F151: التصنيف
B152: 1 | C152: الوسام | F152: هواة
B153: 2 | C153: الوحوش | F153: هواة
B154: 3 | C154: تعاون الشعفولية | F154: هواة
B155: 4 | C155: السويديه | F155: هواة
B156: 5 | C156: احلام النورس | F156: هواة
B157: 6 | C157: ساحل الوحلة | F157: هواة
B158: 7 | C158: جحا | F158: هواة
B159: 8 | C159: سمبدوريا المسارحة | F159: هواة

Sheet 10 فرق
A1: بطولة 10 فرق – تحت 13
A3: اليوم | B3: الوقت | C3: الملعب | D3: المباراة
A4: 1 | B4: 4:00–5:25 م | C4: 1 | D4: 3 ضد 8
A5: 1 | B5: 4:00–5:25 م | C5: 2 | D5: 2 ضد 9
A6: 1 | B6: 5:35–7:00 م | C6: 1 | D6: 5 ضد 6
A7: 1 | B7: 7:10–8:35 م | C7: 1 | D7: 4 ضد 7
A8: 1 | B8: 7:10–8:35 م | C8: 2 | D8: 1 ضد 10
A9: 2 | B9: 4:00–5:25 م | C9: 1 | D9: 4 ضد 5
A10: 2 | B10: 4:00–5:25 م | C10: 2 | D10: 10 ضد 8
A11: 2 | B11: 5:35–7:00 م | C11: 1 | D11: 2 ضد 7
A12: 2 | B12: 5:35–7:00 م | C12: 2 | D12: 1 ضد 9
A13: 2 | B13: 7:10–8:35 م | C13: 1 | D13: 3 ضد 6
A14: 3 | B14: 4:00–5:25 م | C14: 1 | D14: 1 ضد 8
A15: 3 | B15: 4:00–5:25 م | C15: 2 | D15: 9 ضد 7
... A93: 18 | B93: 7:10–8:35 م | C93: 2 | D93: 8 ضد 5
B96: توزيع الفرق على مجموعة أبها — يُعبّأ بأسماء الفرق
B97: # | C97: الفرق (1-10) | F97: التصنيف
B98: 1 | C98: ضمك | F98: نادي
B99: 2 | C99: ابها | F99: نادي
B100: 3 | C100: الرواد الرياضية | F100: أكاديمية
B101: 4 | C101: مستقبل الخميس | F101: أكاديمية
B102: 5 | C102: اكاديمية نجوم الاوائل | F102: أكاديمية
B103: 6 | C103: غيوم الرياضية | F103: أكاديمية
B104: 7 | C104: براعم الموهوبين | F104: أكاديمية
B105: 8 | C105: اكاديمية وهب | F105: هواة
B106: 9 | C106: اكاديمية تندحة الرياضية | F106: هواة
B107: 10 | C107: زعيم الجنوب | F107: هواة
B110: توزيع الفرق على مجموعة القصيم — يُعبّأ بأسماء الفرق
B111: # | C111: الفرق (1-10) | F111: التصنيف
B112: 1 | C112: الصقر | F112: نادي
B113: 2 | C113: عيون الجواء | F113: نادي
B114: 3 | C114: التعاون | F114: نادي
B115: 4 | C115: نادي العربي | F115: نادي
B116: 5 | C116: التقدم | F116: نادي
B117: 6 | C117: تالنت | F117: أكاديمية
B118: 7 | C118: اكاديمية موهبة الرياضية | F118: أكاديمية
B119: 8 | C119: اكاديمية أبناء | F119: هواة
B120: 9 | C120: صانع الاهداف | F120: هواة
B121: 10 | C121: اف 10 شقة | F121: هواة
B124: توزيع الفرق على مجموعة القطيف — يُعبّأ بأسماء الفرق
B125: # | C125: الفرق (1-10) | F125: التصنيف
B126: 1 | C126: المحيط | F126: نادي
B127: 2 | C127: مضر | F127: نادي
B128: 3 | C128: الخويلدية | F128: نادي
B129: 4 | C129: الهدى | F129: نادي
B130: 5 | C130: نادي الجزيرة | F130: نادي
B131: 6 | C131: السلام | F131: نادي
B132: 7 | C132: الابتسام | F132: نادي
B133: 8 | C133: النور | F133: نادي
B134: 9 | C134: الاعب الموهوب | F134: أكاديمية
B135: 10 | C135: النجوم المضيئة | F135: أكاديمية
B138: توزيع الفرق على مجموعة أبو عريش — يُعبّأ بأسماء الفرق
B139: # | C139: الفرق (1-10) | F139: التصنيف
B140: 1 | C140: أمجاد الخشابية | F140: هواة
B141: 2 | C141: الكواكب ابو عريش | F141: هواة
B142: 3 | C142: مستقبل الخضراء | F142: هواة
B143: 4 | C143: شباب حاكمة ابي عريش | F143: هواة
B144: 5 | C144: الجوه | F144: هواة
B145: 6 | C145: احلام العبادلة | F145: هواة
B146: 7 | C146: صقور قامرة جازان | F146: هواة
B147: 8 | C147: الهلال الشرقي | F147: هواة
B148: 9 | C148: فريق الخليج بأبو عريش | F148: هواة
B149: 10 | C149: هواة احلام الريان | F149: هواة
B152: توزيع الفرق على مجموعة صامطة — يُعبّأ بأسماء الفرق
B153: # | C153: الفرق (1-10) | F153: التصنيف
B154: 1 | C154: حطين | F154: نادي
B155: 2 | C155: الهدف الخامس | F155: أكاديمية
B156: 3 | C156: إتحاد صامطة | F156: هواة
B157: 4 | C157: التضامن | F157: هواة
B158: 5 | C158: تعاون ديحمة | F158: هواة
B159: 6 | C159: تعاون الطرشية | F159: هواة
B160: 7 | C160: زين المباركة | F160: هواة
B161: 8 | C161: سامبا الوتد | F161: هواة
B162: 9 | C162: أبو حجر | F162: هواة
B163: 10 | C163: نجوم صامطة | F163: هواة

Sheet 13 فريق
A1: بطولة 13 فريق – تحت 13
A3: اليوم | B3: الوقت | C3: الملعب | D3: المجموعة | E3: المباراة
A4: 1 | B4: 4:00–5:25 م | C4: 1 | D4: 1 | E4: 2 ضد 5
A5: 1 | B5: 4:00–5:25 م | C5: 2 | D5: 1 | E5: 1 ضد 6
A6: 1 | B6: 5:35–7:00 م | C6: 1 | D6: 1 | E6: 3 ضد 4
A7: 1 | B7: 5:35–7:00 م | C7: 2 | D7: 2 | E7: 10 ضد 11
A8: 1 | B8: 7:10–8:35 م | C8: 1 | D8: 2 | E8: 9 ضد 12
A9: 1 | B9: 7:10–8:35 م | C9: 2 | D9: 2 | E9: 8 ضد 13
A10: 2 | B10: 4:00–5:25 م | C10: 1 | D10: 2 | E10: 9 ضد 10
A11: 2 | B11: 4:00–5:25 م | C11: 2 | D11: 2 | E11: 8 ضد 11
A12: 2 | B12: 5:35–7:00 م | C12: 1 | D12: 1 | E12: 1 ضد 5
A13: 2 | B13: 5:35–7:00 م | C13: 2 | D13: 2 | E13: 7 ضد 13
A14: 2 | B14: 7:10–8:35 م | C14: 1 | D14: 1 | E14: 2 ضد 3
A15: 2 | B15: 7:10–8:35 م | C15: 2 | D15: 1 | E15: 6 ضد 4
... A126: 21 | B126: 7:10–8:35 م | C126: 1 | D126: 2 | E126: 7 ضد 8
A127: 22 | B127: =MOD(HOUR(المدخلات!$B$5+0*المدخلات!$B$8/1440)-1,12)+1&":"&TEXT(MINUTE(المدخلات!$B$5+0*المدخلات!$B$8/1440),"00")&"–"&MOD(HOUR(المدخلات!$B$5+0*المدخلات!$B$8/1440+المدخلات!$B$6/1440)-1,12)+1&":"&TEXT(MINUTE(المدخلات!$B$5+0*المدخلات!$B$8/1440+المدخلات!$B$6/1440),"00")&IF(HOUR(المدخلات!$B$5+0*المدخلات!$B$8/1440)<12," ص"," م") -> 4:00–5:25 م | C127: 1 | D127: — | E127: أول المجموعة 1 ضد أول المجموعة 2
B130: توزيع الفرق على مجموعة القنفذة — يُعبّأ بأسماء الفرق
B131: # | C131: المجموعة أ (الفرق 1-6) | F131: التصنيف | I131: # | J131: المجموعة ب (الفرق 7-13) | M131: التصنيف
B132: 1 | C132: تضامن القنفذة بالقوز | F132: أكاديمية | I132: 7 | J132: القنفذة | M132: نادي
B133: 2 | C133: فريق بحلي | F133: هواة | I133: 8 | J133: شباب الفلحة | M133: هواة
B134: 3 | C134: ثلاثا يبه | F134: هواة | I134: 9 | J134: النجم بالحويرس | M134: هواة
B135: 4 | C135: اتحاد دوقة | F135: هواة | I135: 10 | J135: اكادمية السهم | M135: هواة
B136: 5 | C136: البرك | F136: هواة | I136: 11 | J136: وحدة عنيكر | M136: هواة
B137: 6 | C137: اكاديمية عز تن | F137: هواة | I137: 12 | J137: زد ام سي القنفذة | M137: هواة
I138: 13 | J138: اكاديمية X5 | M138: هواة
B141: توزيع الفرق على مجموعة المدينة المنورة — يُعبّأ بأسماء الفرق
B142: # | C142: المجموعة أ (الفرق 1-6) | F142: التصنيف | I142: # | J142: المجموعة ب (الفرق 7-13) | M142: التصنيف
B143: 1 | C143: الانصار | F143: نادي | I143: 7 | J143: أحد | M143: نادي
B144: 2 | C144: الكالتشيو | F144: أكاديمية | I144: 8 | J144: العلا | M144: نادي
B145: 3 | C145: اكاديمية مجتمعي | F145: أكاديمية | I145: 9 | J145: شباب طيبة | M145: أكاديمية
B146: 4 | C146: السفير | F146: أكاديمية | I146: 10 | J146: واعي | M146: أكاديمية
B147: 5 | C147: اكاديمية الفالي بارك | F147: أكاديمية | I147: 11 | J147: اكاديمية الحزام | M147: أكاديمية
B148: 6 | C148: البلاك ستارز | F148: هواة | I148: 12 | J148: اكاديمية الليجا الرياضية | M148: هواة
I149: 13 | J149: اكاديمية نجوم الدعيثة | M149: هواة

Sheet 14 فريق
A1: بطولة 14 فريق – تحت 13
A3: اليوم | B3: الوقت | C3: الملعب | D3: المجموعة | E3: المباراة
A4: 1 | B4: 4:00–5:25 م | C4: 1 | D4: 1 | E4: 3 ضد 6
A5: 1 | B5: 4:00–5:25 م | C5: 2 | D5: 2 | E5: 11 ضد 12
A6: 1 | B6: 5:35–7:00 م | C6: 1 | D6: 1 | E6: 4 ضد 5
A7: 1 | B7: 5:35–7:00 م | C7: 2 | D7: 1 | E7: 2 ضد 7
A8: 1 | B8: 7:10–8:35 م | C8: 1 | D8: 2 | E8: 10 ضد 13
A9: 1 | B9: 7:10–8:35 م | C9: 2 | D9: 2 | E9: 9 ضد 14
A10: 2 | B10: 4:00–5:25 م | C10: 1 | D10: 2 | E10: 10 ضد 11
A11: 2 | B11: 4:00–5:25 م | C11: 2 | D11: 2 | E11: 8 ضد 14
A12: 2 | B12: 5:35–7:00 م | C12: 1 | D12: 2 | E12: 9 ضد 12
A13: 2 | B13: 5:35–7:00 م | C13: 2 | D13: 1 | E13: 1 ضد 7
A14: 2 | B14: 7:10–8:35 م | C14: 1 | D14: 1 | E14: 2 ضد 5
A15: 2 | B15: 7:10–8:35 م | C15: 2 | D15: 1 | E15: 3 ضد 4
... A129: 21 | B129: 7:10–8:35 م | C129: 2 | D129: 2 | E129: 8 ضد 9
A130: 22 | B130: =MOD(HOUR(المدخلات!$B$5+0*المدخلات!$B$8/1440)-1,12)+1&":"&TEXT(MINUTE(المدخلات!$B$5+0*المدخلات!$B$8/1440),"00")&"–"&MOD(HOUR(المدخلات!$B$5+0*المدخلات!$B$8/1440+المدخلات!$B$6/1440)-1,12)+1&":"&TEXT(MINUTE(المدخلات!$B$5+0*المدخلات!$B$8/1440+المدخلات!$B$6/1440),"00")&IF(HOUR(المدخلات!$B$5+0*المدخلات!$B$8/1440)<12," ص"," م") -> 4:00–5:25 م | C130: 1 | D130: — | E130: أول المجموعة 1 ضد أول المجموعة 2
B133: توزيع الفرق على مجموعة الدمام — يُعبّأ بأسماء الفرق
B134: # | C134: المجموعة أ (الفرق 1-7) | F134: التصنيف | I134: # | J134: المجموعة ب (الفرق 8-14) | M134: التصنيف
B135: 1 | C135: وينرز | F135: نادي | I135: 8 | J135: الخليج | M135: نادي
B136: 2 | C136: الاتفاق | F136: نادي | I136: 9 | J136: القادسية | M136: نادي
B137: 3 | C137: الدمام السعودي | F137: نادي | I137: 10 | J137: الثقبة | M137: نادي
B138: 4 | C138: أشبال البراعم | F138: أكاديمية | I138: 11 | J138: اكاديمية ستاليونز ايليت | M138: أكاديمية
B139: 5 | C139: قادسية الخبر | F139: أكاديمية | I139: 12 | J139: مدريدستا | M139: أكاديمية
B140: 6 | C140: اسبايرالظهران | F140: أكاديمية | I140: 13 | J140: اكاديمية الظهران | M140: أكاديمية
B141: 7 | C141: اكاديمية اجيال التفوق | F141: أكاديمية | I141: 14 | J141: اكاديمية مروم الشرق | M141: أكاديمية
B144: توزيع الفرق على مجموعة صبيا — يُعبّأ بأسماء الفرق
B145: # | C145: المجموعة أ (الفرق 1-7) | F145: التصنيف | I145: # | J145: المجموعة ب (الفرق 8-14) | M145: التصنيف
B146: 1 | C146: الوطن | F146: نادي | I146: 8 | J146: اكاديمية ليبرو | M146: أكاديمية
B147: 2 | C147: الليث الابيض | F147: أكاديمية | I147: 9 | J147: وفاق الجنوب | M147: أكاديمية
B148: 3 | C148: جميما | F148: هواة | I148: 10 | J148: الجزيرة بالحسيني | M148: هواة
B149: 4 | C149: المحمدية | F149: هواة | I149: 11 | J149: الصمود | M149: هواة
B150: 5 | C150: الشاطئ | F150: هواة | I150: 12 | J150: جريبة | M150: هواة
B151: 6 | C151: العروبة بجخيرة | F151: هواة | I151: 13 | J151: شباب ابو القعايد | M151: هواة
B152: 7 | C152: القاضي | F152: هواة | I152: 14 | J152: الامجاد ضمد | M152: هواة

Sheet 16 فريق
A1: بطولة 16 فريق – تحت 13
A3: اليوم | B3: الوقت | C3: الملعب | D3: المجموعة | E3: المباراة
A4: 1 | B4: 4:00–5:25 م | C4: 1 | D4: 1 | E4: 2 ضد 7
A5: 1 | B5: 4:00–5:25 م | C5: 2 | D5: 1 | E5: 3 ضد 6
A6: 1 | B6: 4:00–5:25 م | C6: 3 | D6: 1 | E6: 4 ضد 5
A7: 1 | B7: 5:35–7:00 م | C7: 1 | D7: 2 | E7: 10 ضد 15
A8: 1 | B8: 5:35–7:00 م | C8: 2 | D8: 2 | E8: 9 ضد 16
A9: 1 | B9: 7:10–8:35 م | C9: 1 | D9: 1 | E9: 1 ضد 8
A10: 1 | B10: 7:10–8:35 م | C10: 2 | D10: 2 | E10: 11 ضد 14
A11: 1 | B11: 7:10–8:35 م | C11: 3 | D11: 2 | E11: 12 ضد 13
A12: 2 | B12: 4:00–5:25 م | C12: 1 | D12: 2 | E12: 11 ضد 12
A13: 2 | B13: 4:00–5:25 م | C13: 2 | D13: 1 | E13: 1 ضد 7
A14: 2 | B14: 4:00–5:25 م | C14: 3 | D14: 2 | E14: 16 ضد 14
A15: 2 | B15: 5:35–7:00 م | C15: 1 | D15: 1 | E15: 3 ضد 4
... A171: 21 | B171: 7:10–8:35 م | C171: 3 | D171: 2 | E171: 11 ضد 16
A172: 22 | B172: =MOD(HOUR(المدخلات!$B$5+0*المدخلات!$B$8/1440)-1,12)+1&":"&TEXT(MINUTE(المدخلات!$B$5+0*المدخلات!$B$8/1440),"00")&"–"&MOD(HOUR(المدخلات!$B$5+0*المدخلات!$B$8/1440+المدخلات!$B$6/1440)-1,12)+1&":"&TEXT(MINUTE(المدخلات!$B$5+0*المدخلات!$B$8/1440+المدخلات!$B$6/1440),"00")&IF(HOUR(المدخلات!$B$5+0*المدخلات!$B$8/1440)<12," ص"," م") -> 4:00–5:25 م | C172: 1 | D172: — | E172: أول المجموعة 1 ضد أول المجموعة 2
B175: توزيع الفرق على مجموعة الخفجي — يُعبّأ بأسماء الفرق
B176: # | C176: المجموعة أ (الفرق 1-8) | F176: التصنيف | I176: # | J176: المجموعة ب (الفرق 9-16) | M176: التصنيف
B177: 1 | C177: العلمين | F177: نادي | I177: 9 | J177: الايمان الرياضية | M177: أكاديمية
B178: 2 | C178: حزم الخفجي | F178: هواة | I178: 10 | J178: مدرسة الشرق الاهلية | M178: هواة
B179: 3 | C179: زعيم الخفجي | F179: هواة | I179: 11 | J179: اولمبي الحزم | M179: هواة
B180: 4 | C180: نابولي الخفجي | F180: هواة | I180: 12 | J180: القانرز | M180: هواة
B181: 5 | C181: ميلان الخفجي | F181: هواة | I181: 13 | J181: مدرسة اجيال الخفجي | M181: هواة
B182: 6 | C182: نجوم الخفجي | F182: هواة | I182: 14 | J182: الفرسان | M182: هواة
B183: 7 | C183: السهم | F183: هواة | I183: 15 | J183: افاق الخفجي | M183: هواة
B184: 8 | C184: اشبال الحديبية | F184: هواة | I184: 16 | J184: السروات | M184: هواة
B187: توزيع الفرق على مجموعة الطائف — يُعبّأ بأسماء الفرق
B188: # | C188: المجموعة أ (الفرق 1-8) | F188: التصنيف | I188: # | J188: المجموعة ب (الفرق 9-16) | M188: التصنيف
B189: 1 | C189: عكاظ | F189: نادي | I189: 9 | J189: الأغر | M189: نادي
B190: 2 | C190: الوداد الطائفي | F190: نادي | I190: 10 | J190: فالكون | M190: أكاديمية
B191: 3 | C191: نجوم مجد | F191: أكاديمية | I191: 11 | J191: نخبة بالطايف | M191: أكاديمية
B192: 4 | C192: تورنيدو | F192: هواة | I192: 12 | J192: سر النجوم | M192: هواة
B193: 5 | C193: نجوم النخبة | F193: هواة | I193: 13 | J193: برشا الشطبة | M193: هواة
B194: 6 | C194: اكاديمة السامبا | F194: هواة | I194: 14 | J194: إي إس زد الطائف | M194: هواة
B195: 7 | C195: الطموح | F195: هواة | I195: 15 | J195: اكاديمية الرواد بالطائف | M195: هواة
B196: 8 | C196: اكاديمية الجوهره | F196: هواة | I196: 16 | J196: شباب الحرمين | M196: هواة

Sheet 17 فريق
A1: بطولة 17 فريق – تحت 13
A3: اليوم | B3: الوقت | C3: الملعب | D3: المباراة
A4: 1 | B4: 4:00–5:25 م | C4: 1 | D4: 5 ضد 14
A5: 1 | B5: 4:00–5:25 م | C5: 2 | D5: 6 ضد 13
A6: 1 | B6: 5:35–7:00 م | C6: 1 | D6: 7 ضد 12
A7: 1 | B7: 5:35–7:00 م | C7: 2 | D7: 3 ضد 16
A8: 1 | B8: 5:35–7:00 م | C8: 3 | D8: 9 ضد 10
A9: 1 | B9: 7:10–8:35 م | C9: 1 | D9: 4 ضد 15
A10: 1 | B10: 7:10–8:35 م | C10: 2 | D10: 2 ضد 17
A11: 1 | B11: 7:10–8:35 م | C11: 3 | D11: 8 ضد 11
A12: 2 | B12: 4:00–5:25 م | C12: 1 | D12: 3 ضد 14
A13: 2 | B13: 4:00–5:25 م | C13: 2 | D13: 1 ضد 17
A14: 2 | B14: 4:00–5:25 م | C14: 3 | D14: 2 ضد 15
A15: 2 | B15: 5:35–7:00 م | C15: 1 | D15: 4 ضد 13
... A139: 17 | B139: 7:10–8:35 م | C139: 2 | D139: 5 ضد 16
B142: توزيع الفرق على مجموعة حفر الباطن — يُعبّأ بأسماء الفرق
B143: # | C143: الفرق (1-17) | F143: التصنيف
B144: 1 | C144: نادي الحفر | F144: نادي
B145: 2 | C145: الباطن | F145: نادي
B146: 3 | C146: القيصومة | F146: نادي
B147: 4 | C147: مواهب الحفر | F147: أكاديمية
B148: 5 | C148: فيصل الدخيل | F148: أكاديمية
B149: 6 | C149: القمة الرياضية | F149: أكاديمية
B150: 7 | C150: اف ستة عشر العالمية | F150: أكاديمية
B151: 8 | C151: مواهب اسباير | F151: أكاديمية
B152: 9 | C152: مواهب السد | F152: أكاديمية
B153: 10 | C153: اكاديمية المملكة | F153: أكاديمية
B154: 11 | C154: اكاديمية النجم | F154: أكاديمية
B155: 12 | C155: اكاديمة شرق الباطن | F155: أكاديمية
... B160: 17 | C160: فريق اكاديمية الحفر | F160: هواة

Sheet 24 فريق
A1: بطولة 24 فريق – تحت 13
A3: اليوم | B3: الوقت | C3: الملعب | D3: المجموعة | E3: المباراة
A4: 1 | B4: 4:00–5:25 م | C4: 1 | D4: 3 | E4: 15 ضد 16
A5: 1 | B5: 4:00–5:25 م | C5: 2 | D5: 1 | E5: 3 ضد 4
A6: 1 | B6: 4:00–5:25 م | C6: 3 | D6: 4 | E6: 19 ضد 24
A7: 1 | B7: 4:00–5:25 م | C7: 4 | D7: 3 | E7: 14 ضد 17
A8: 1 | B8: 5:35–7:00 م | C8: 1 | D8: 3 | E8: 13 ضد 18
A9: 1 | B9: 5:35–7:00 م | C9: 2 | D9: 2 | E9: 9 ضد 10
A10: 1 | B10: 5:35–7:00 م | C10: 3 | D10: 2 | E10: 8 ضد 11
A11: 1 | B11: 5:35–7:00 م | C11: 4 | D11: 2 | E11: 7 ضد 12
A12: 1 | B12: 7:10–8:35 م | C12: 1 | D12: 1 | E12: 1 ضد 6
A13: 1 | B13: 7:10–8:35 م | C13: 2 | D13: 1 | E13: 2 ضد 5
A14: 1 | B14: 7:10–8:35 م | C14: 3 | D14: 4 | E14: 20 ضد 23
A15: 1 | B15: 7:10–8:35 م | C15: 4 | D15: 4 | E15: 21 ضد 22
... A243: 20 | B243: 7:10–8:35 م | C243: 4 | D243: 4 | E243: 24 ضد 21
A244: 21 | B244: =MOD(HOUR(المدخلات!$B$5+0*المدخلات!$B$8/1440)-1,12)+1&":"&TEXT(MINUTE(المدخلات!$B$5+0*المدخلات!$B$8/1440),"00")&"–"&MOD(HOUR(المدخلات!$B$5+0*المدخلات!$B$8/1440+المدخلات!$B$6/1440)-1,12)+1&":"&TEXT(MINUTE(المدخلات!$B$5+0*المدخلات!$B$8/1440+المدخلات!$B$6/1440),"00")&IF(HOUR(المدخلات!$B$5+0*المدخلات!$B$8/1440)<12," ص"," م") -> 4:00–5:25 م | C244: 1 | D244: — | E244: أول المجموعة 1 ضد أول المجموعة 4
A245: 21 | B245: =MOD(HOUR(المدخلات!$B$5+0*المدخلات!$B$8/1440)-1,12)+1&":"&TEXT(MINUTE(المدخلات!$B$5+0*المدخلات!$B$8/1440),"00")&"–"&MOD(HOUR(المدخلات!$B$5+0*المدخلات!$B$8/1440+المدخلات!$B$6/1440)-1,12)+1&":"&TEXT(MINUTE(المدخلات!$B$5+0*المدخلات!$B$8/1440+المدخلات!$B$6/1440),"00")&IF(HOUR(المدخلات!$B$5+0*المدخلات!$B$8/1440)<12," ص"," م") -> 4:00–5:25 م | C245: 2 | D245: — | E245: أول المجموعة 2 ضد أول المجموعة 3
A246: 22 | B246: =MOD(HOUR(المدخلات!$B$5+0*المدخلات!$B$8/1440)-1,12)+1&":"&TEXT(MINUTE(المدخلات!$B$5+0*المدخلات!$B$8/1440),"00")&"–"&MOD(HOUR(المدخلات!$B$5+0*المدخلات!$B$8/1440+المدخلات!$B$6/1440)-1,12)+1&":"&TEXT(MINUTE(المدخلات!$B$5+0*المدخلات!$B$8/1440+المدخلات!$B$6/1440),"00")&IF(HOUR(المدخلات!$B$5+0*المدخلات!$B$8/1440)<12," ص"," م") -> 4:00–5:25 م | C246: 1 | D246: — | E246: الفائز 1 ضد الفائز 2
B249: توزيع الفرق على مجموعة مكة المكرمة — يُعبّأ بأسماء الفرق
B250: # | C250: المجموعة أ (الفرق 1-6) | F250: التصنيف | I250: # | J250: المجموعة ب (الفرق 7-12) | M250: التصنيف | P250: # | Q250: المجموعة ج (الفرق 13-18) | T250: التصنيف | W250: # | X250: المجموعة د (الفرق 19-24) | AA250: التصنيف
B251: 1 | C251: الوحدة | F251: نادي | I251: 7 | J251: المجرة | M251: نادي | P251: 13 | Q251: المملكة | T251: أكاديمية | W251: 19 | X251: المحور ستة | AA251: أكاديمية
B252: 2 | C252: الرؤية المحترفة | F252: أكاديمية | I252: 8 | J252: الكرة النارية | M252: أكاديمية | P252: 14 | Q252: اكاديمية بناء الانسان الريايضية | T252: أكاديمية | W252: 20 | X252: عصر الاحتراف | AA252: هواة
B253: 3 | C253: اوتو مكة | F253: هواة | I253: 9 | J253: اكاديمية المنصور | M253: هواة | P253: 15 | Q253: اكاديمية النوفاوي | T253: هواة | W253: 21 | X253: اكاديمية الكرة الراقية | AA253: هواة
B254: 4 | C254: العاصمة البيضاء | F254: هواة | I254: 10 | J254: اكاديمية أف 1 | M254: هواة | P254: 16 | Q254: العطا تيم | T254: هواة | W254: 22 | X254: نحن النجوم | AA254: هواة
B255: 5 | C255: نجوم الروحاء | F255: هواة | I255: 11 | J255: اكاديمية الانجاز | M255: هواة | P255: 17 | Q255: اكادمية الجوهرة المشعة | T255: هواة | W255: 23 | X255: نادي الهجرة | AA255: هواة
B256: 6 | C256: شباب الوادي | F256: هواة | I256: 12 | J256: خليج النوارية | M256: هواة | P256: 18 | Q256: أجيال الابطال الرياضية | T256: هواة | W256: 24 | X256: اكاديمية القمة هواة | AA256: هواة

Sheet 29 فريق
A1: بطولة 29 فريق – تحت 13
A3: اليوم | B3: الوقت | C3: الملعب | D3: المجموعة | E3: المباراة
A4: 1 | B4: 4:00–5:25 م | C4: 1 | D4: 1 | E4: 4 ضد 7
A5: 1 | B5: 4:00–5:25 م | C5: 2 | D5: 2 | E5: 11 ضد 18
A6: 1 | B6: 4:00–5:25 م | C6: 3 | D6: 3 | E6: 20 ضد 29
A7: 1 | B7: 4:00–5:25 م | C7: 4 | D7: 3 | E7: 23 ضد 26
A8: 1 | B8: 5:35–7:00 م | C8: 1 | D8: 2 | E8: 12 ضد 17
A9: 1 | B9: 5:35–7:00 م | C9: 2 | D9: 1 | E9: 2 ضد 9
A10: 1 | B10: 5:35–7:00 م | C10: 3 | D10: 1 | E10: 5 ضد 6
A11: 1 | B11: 5:35–7:00 م | C11: 4 | D11: 2 | E11: 10 ضد 19
A12: 1 | B12: 5:35–7:00 م | C12: 5 | D12: 3 | E12: 21 ضد 28
A13: 1 | B13: 7:10–8:35 م | C13: 1 | D13: 1 | E13: 3 ضد 8
A14: 1 | B14: 7:10–8:35 م | C14: 2 | D14: 2 | E14: 14 ضد 15
A15: 1 | B15: 7:10–8:35 م | C15: 3 | D15: 2 | E15: 13 ضد 16
... A255: 18 | B255: 7:10–8:35 م | C255: 4 | D255: 3 | E255: 28 ضد 23
A256: 19 | B256: =MOD(HOUR(المدخلات!$B$5+0*المدخلات!$B$8/1440)-1,12)+1&":"&TEXT(MINUTE(المدخلات!$B$5+0*المدخلات!$B$8/1440),"00")&"–"&MOD(HOUR(المدخلات!$B$5+0*المدخلات!$B$8/1440+المدخلات!$B$6/1440)-1,12)+1&":"&TEXT(MINUTE(المدخلات!$B$5+0*المدخلات!$B$8/1440+المدخلات!$B$6/1440),"00")&IF(HOUR(المدخلات!$B$5+0*المدخلات!$B$8/1440)<12," ص"," م") -> 4:00–5:25 م | C256: 1 | D256: — | E256: أول المجموعة 1 ضد أفضل ثانٍ 1
A257: 19 | B257: =MOD(HOUR(المدخلات!$B$5+0*المدخلات!$B$8/1440)-1,12)+1&":"&TEXT(MINUTE(المدخلات!$B$5+0*المدخلات!$B$8/1440),"00")&"–"&MOD(HOUR(المدخلات!$B$5+0*المدخلات!$B$8/1440+المدخلات!$B$6/1440)-1,12)+1&":"&TEXT(MINUTE(المدخلات!$B$5+0*المدخلات!$B$8/1440+المدخلات!$B$6/1440),"00")&IF(HOUR(المدخلات!$B$5+0*المدخلات!$B$8/1440)<12," ص"," م") -> 4:00–5:25 م | C257: 2 | D257: — | E257: أول المجموعة 2 ضد أول المجموعة 3
A258: 20 | B258: =MOD(HOUR(المدخلات!$B$5+0*المدخلات!$B$8/1440)-1,12)+1&":"&TEXT(MINUTE(المدخلات!$B$5+0*المدخلات!$B$8/1440),"00")&"–"&MOD(HOUR(المدخلات!$B$5+0*المدخلات!$B$8/1440+المدخلات!$B$6/1440)-1,12)+1&":"&TEXT(MINUTE(المدخلات!$B$5+0*المدخلات!$B$8/1440+المدخلات!$B$6/1440),"00")&IF(HOUR(المدخلات!$B$5+0*المدخلات!$B$8/1440)<12," ص"," م") -> 4:00–5:25 م | C258: 1 | D258: — | E258: الفائز 1 ضد الفائز 2
B261: توزيع الفرق على مجموعة الرياض — يُعبّأ بأسماء الفرق
B262: # | C262: المجموعة أ (الفرق 1-9) | F262: التصنيف | I262: # | J262: المجموعة ب (الفرق 10-19) | M262: التصنيف | P262: # | Q262: المجموعة ج (الفرق 20-29) | T262: التصنيف
B263: 1 | C263: الهلال | F263: نادي | I263: 10 | J263: ليجيندز | M263: نادي | P263: 20 | Q263: النصر | T263: نادي
B264: 2 | C264: ليوبارد | F264: نادي | I264: 11 | J264: الشباب | M264: نادي | P264: 21 | Q264: الفاو | T264: نادي
B265: 3 | C265: نجد الرياض | F265: نادي | I265: 12 | J265: الفذ | M265: نادي | P265: 22 | Q265: المطوع | T265: نادي
B266: 4 | C266: الرياض | F266: نادي | I266: 13 | J266: الفاو | M266: نادي | P266: 23 | Q266: البجادية | T266: نادي
B267: 5 | C267: مدارس الرياض | F267: أكاديمية | I267: 14 | J267: مواهب الشرق | M267: أكاديمية | P267: 24 | Q267: النسور الذهبية | T267: أكاديمية
B268: 6 | C268: هجوم أتاك | F268: أكاديمية | I268: 15 | J268: الوصل الرياضية | M268: أكاديمية | P268: 25 | Q268: فريق عالم المنجزون | T268: أكاديمية
B269: 7 | C269: الجوكر | F269: أكاديمية | I269: 16 | J269: صقور نجد | M269: أكاديمية | P269: 26 | Q269: النهج السعودي | T269: أكاديمية
B270: 8 | C270: هاي ليفل اوف برفورمانس | F270: أكاديمية | I270: 17 | J270: اكاديمية اسيست | M270: أكاديمية | P270: 27 | Q270: اكاديمية بلانكوس | T270: أكاديمية
B271: 9 | C271: ون فاير | F271: هواة | I271: 18 | J271: اكاديمية ستورم | M271: أكاديمية | P271: 28 | Q271: اكاديمية دايموند | T271: أكاديمية
I272: 19 | J272: اكادميه ميلانو | M272: هواة | P272: 29 | Q272: سدرة | T272: هواة

Sheet 34 فريق
A1: بطولة 34 فريق – تحت 13
A3: اليوم | B3: الوقت | C3: الملعب | D3: المجموعة | E3: المباراة
A4: 1 | B4: 4:00–5:25 م | C4: 1 | D4: 1 | E4: 7 ضد 12
A5: 1 | B5: 4:00–5:25 م | C5: 2 | D5: 1 | E5: 6 ضد 13
A6: 1 | B6: 4:00–5:25 م | C6: 3 | D6: 2 | E6: 21 ضد 32
A7: 1 | B7: 4:00–5:25 م | C7: 4 | D7: 2 | E7: 20 ضد 33
A8: 1 | B8: 4:00–5:25 م | C8: 5 | D8: 1 | E8: 4 ضد 15
A9: 1 | B9: 4:00–5:25 م | C9: 6 | D9: 2 | E9: 26 ضد 27
A10: 1 | B10: 5:35–7:00 م | C10: 1 | D10: 1 | E10: 5 ضد 14
A11: 1 | B11: 5:35–7:00 م | C11: 2 | D11: 1 | E11: 9 ضد 10
A12: 1 | B12: 5:35–7:00 م | C12: 3 | D12: 2 | E12: 25 ضد 28
A13: 1 | B13: 5:35–7:00 م | C13: 4 | D13: 2 | E13: 23 ضد 30
A14: 1 | B14: 5:35–7:00 م | C14: 5 | D14: 2 | E14: 19 ضد 34
A15: 1 | B15: 7:10–8:35 م | C15: 1 | D15: 1 | E15: 8 ضد 11
... A275: 17 | B275: 7:10–8:35 م | C275: 6 | D275: 2 | E275: 23 ضد 32
A276: 18 | B276: =MOD(HOUR(المدخلات!$B$5+0*المدخلات!$B$8/1440)-1,12)+1&":"&TEXT(MINUTE(المدخلات!$B$5+0*المدخلات!$B$8/1440),"00")&"–"&MOD(HOUR(المدخلات!$B$5+0*المدخلات!$B$8/1440+المدخلات!$B$6/1440)-1,12)+1&":"&TEXT(MINUTE(المدخلات!$B$5+0*المدخلات!$B$8/1440+المدخلات!$B$6/1440),"00")&IF(HOUR(المدخلات!$B$5+0*المدخلات!$B$8/1440)<12," ص"," م") -> 4:00–5:25 م | C276: 1 | D276: — | E276: أول المجموعة 1 ضد أول المجموعة 2
B279: توزيع الفرق على مجموعة جدة — يُعبّأ بأسماء الفرق
B280: # | C280: المجموعة أ (الفرق 1-17) | F280: التصنيف | I280: # | J280: المجموعة ب (الفرق 18-34) | M280: التصنيف
B281: 1 | C281: نادي الاهلي السعودي | F281: نادي | I281: 18 | J281: البلد | M281: نادي
B282: 2 | C282: جدة | F282: نادي | I282: 19 | J282: نادي الاتحاد السعودي | M282: نادي
B283: 3 | C283: يوفنتوس جدة | F283: أكاديمية | I283: 20 | J283: الكرة المشتعلة | M283: أكاديمية
B284: 4 | C284: اورباه ستارز | F284: أكاديمية | I284: 21 | J284: الجوهرة المتحدة | M284: أكاديمية
B285: 5 | C285: المجد النموذجية | F285: أكاديمية | I285: 22 | J285: المدرسة الاسبانية | M285: أكاديمية
B286: 6 | C286: شركة براعم المقاولون العرب | F286: أكاديمية | I286: 23 | J286: ساحة التحدي | M286: أكاديمية
B287: 7 | C287: رجال التعاون | F287: أكاديمية | I287: 24 | J287: اشبال الساحل | M287: أكاديمية
B288: 8 | C288: فيتوريا زون | F288: أكاديمية | I288: 25 | J288: اكاديمية ان زد | M288: أكاديمية
B289: 9 | C289: اكاديمية الترجي جدة | F289: هواة | I289: 26 | J289: اكاديمية التحدي جدة | M289: هواة
B290: 10 | C290: الدخيل | F290: هواة | I290: 27 | J290: مدارس رواد الخليج | M290: هواة
B291: 11 | C291: نسيم الحرازات | F291: هواة | I291: 28 | J291: مدارس الاندلس الاهلية | M291: هواة
B292: 12 | C292: جدة تالنتس | F292: هواة | I292: 29 | J292: دار الفرسان | M292: هواة
... B297: 17 | C297: اتحاد البساتين | F297: هواة | I297: 34 | J297: ودان | M297: هواة
B300: توزيع الفرق على مجموعة الأحساء — يُعبّأ بأسماء الفرق
B301: # | C301: المجموعة أ (الفرق 1-17) | F301: التصنيف | I301: # | J301: المجموعة ب (الفرق 18-34) | M301: التصنيف
B302: 1 | C302: الجيل | F302: نادي | I302: 18 | J302: العيون | M302: نادي
B303: 2 | C303: الفتح | F303: نادي | I303: 19 | J303: نادي الروضة | M303: نادي
B304: 3 | C304: هجر | F304: نادي | I304: 20 | J304: العدالة | M304: نادي
B305: 4 | C305: أحلام المنصورة | F305: أكاديمية | I305: 21 | J305: اكاديمية حلم | M305: أكاديمية
B306: 5 | C306: نجمة الهفوف | F306: أكاديمية | I306: 22 | J306: اكاديمية ون كيك | M306: أكاديمية
B307: 6 | C307: شعلة الهفوف | F307: هواة | I307: 23 | J307: أجيال الفيصل | M307: هواة
B308: 7 | C308: نجوم الاحساء | F308: هواة | I308: 24 | J308: النمور | M308: هواة
B309: 8 | C309: الوطن الاحساء | F309: هواة | I309: 25 | J309: النورس بالرميلة | M309: هواة
B310: 9 | C310: الطليعة | F310: هواة | I310: 26 | J310: الجوهرية | M310: هواة
B311: 10 | C311: الضحى | F311: هواة | I311: 27 | J311: فوارس البطالية | M311: هواة
B312: 11 | C312: انوار الفضول | F312: هواة | I312: 28 | J312: فريق الجزيرة بالعيون | M312: هواة
B313: 12 | C313: الكواسر | F313: هواة | I313: 29 | J313: المركز | M313: هواة
... B318: 17 | C318: الرابية | F318: هواة | I318: 34 | J318: فريق هلال العيون | M318: هواة

Sheet بيانات الفرق U13
A1: 5 فرق | F1: 6 فرق | K1: 7 فرق | P1: 8 فرق | U1: 10 فرق | Z1: 13 فريق | AE1: 14 فريق | AJ1: 16 فريق | AO1: 17 فريق | AT1: 24 فريق | AY1: 29 فريق | BD1: 34 فريق
A2: الفريق | B2: المجموعة | C2: مباريات الدوري | D2: عدد الخصوم | F2: الفريق | G2: المجموعة | H2: مباريات الدوري | I2: عدد الخصوم | K2: الفريق | L2: المجموعة | M2: مباريات الدوري | N2: عدد الخصوم | P2: الفريق | Q2: المجموعة | R2: مباريات الدوري | S2: عدد الخصوم | U2: الفريق | V2: المجموعة | W2: مباريات الدوري | X2: عدد الخصوم | Z2: الفريق | AA2: المجموعة | AB2: مباريات الدوري | AC2: عدد الخصوم | AE2: الفريق | AF2: المجموعة | AG2: مباريات الدوري | AH2: عدد الخصوم | AJ2: الفريق | AK2: المجموعة | AL2: مباريات الدوري | AM2: عدد الخصوم | AO2: الفريق | AP2: المجموعة | AQ2: مباريات الدوري | AR2: عدد الخصوم | AT2: الفريق | AU2: المجموعة | AV2: مباريات الدوري | AW2: عدد الخصوم | AY2: الفريق | AZ2: المجموعة | BA2: مباريات الدوري | BB2: عدد الخصوم | BD2: الفريق | BE2: المجموعة | BF2: مباريات الدوري | BG2: عدد الخصوم
A3: 1 | B3: المجموعة 1 | C3: =COUNTIF('5 فرق'!$D$4:$D$43,A3&" ضد *")+COUNTIF('5 فرق'!$D$4:$D$43,"* ضد "&A3) -> 16 | D3: =COUNTIF($B$3:$B$7,B3)-1 -> 4 | F3: 1 | G3: المجموعة 1 | H3: =COUNTIF('6 فرق'!$D$4:$D$63,F3&" ضد *")+COUNTIF('6 فرق'!$D$4:$D$63,"* ضد "&F3) -> 20 | I3: =COUNTIF($G$3:$G$8,G3)-1 -> 5 | K3: 1 | L3: المجموعة 1 | M3: =COUNTIF('7 فرق'!$D$4:$D$66,K3&" ضد *")+COUNTIF('7 فرق'!$D$4:$D$66,"* ضد "&K3) -> 18 | N3: =COUNTIF($L$3:$L$9,L3)-1 -> 6 | P3: 1 | Q3: المجموعة 1 | R3: =COUNTIF('8 فرق'!$D$4:$D$87,P3&" ضد *")+COUNTIF('8 فرق'!$D$4:$D$87,"* ضد "&P3) -> 21 | S3: =COUNTIF($Q$3:$Q$10,Q3)-1 -> 7 | U3: 1 | V3: المجموعة 1 | W3: =COUNTIF('10 فرق'!$D$4:$D$93,U3&" ضد *")+COUNTIF('10 فرق'!$D$4:$D$93,"* ضد "&U3) -> 18 | X3: =COUNTIF($V$3:$V$12,V3)-1 -> 9 | Z3: 1 | AA3: المجموعة 1 | AB3: =COUNTIF('13 فريق'!$E$4:$E$127,Z3&" ضد *")+COUNTIF('13 فريق'!$E$4:$E$127,"* ضد "&Z3) -> 20 | AC3: =COUNTIF($AA$3:$AA$15,AA3)-1 -> 5 | AE3: 1 | AF3: المجموعة 1 | AG3: =COUNTIF('14 فريق'!$E$4:$E$130,AE3&" ضد *")+COUNTIF('14 فريق'!$E$4:$E$130,"* ضد "&AE3) -> 18 | AH3: =COUNTIF($AF$3:$AF$16,AF3)-1 -> 6 | AJ3: 1 | AK3: المجموعة 1 | AL3: =COUNTIF('16 فريق'!$E$4:$E$172,AJ3&" ضد *")+COUNTIF('16 فريق'!$E$4:$E$172,"* ضد "&AJ3) -> 21 | AM3: =COUNTIF($AK$3:$AK$18,AK3)-1 -> 7 | AO3: 1 | AP3: المجموعة 1 | AQ3: =COUNTIF('17 فريق'!$D$4:$D$139,AO3&" ضد *")+COUNTIF('17 فريق'!$D$4:$D$139,"* ضد "&AO3) -> 16 | AR3: =COUNTIF($AP$3:$AP$19,AP3)-1 -> 16 | AT3: 1 | AU3: المجموعة 1 | AV3: =COUNTIF('24 فريق'!$E$4:$E$246,AT3&" ضد *")+COUNTIF('24 فريق'!$E$4:$E$246,"* ضد "&AT3) -> 20 | AW3: =COUNTIF($AU$3:$AU$26,AU3)-1 -> 5 | AY3: 1 | AZ3: المجموعة 1 | BA3: =COUNTIF('29 فريق'!$E$4:$E$258,AY3&" ضد *")+COUNTIF('29 فريق'!$E$4:$E$258,"* ضد "&AY3) -> 16 | BB3: =COUNTIF($AZ$3:$AZ$31,AZ3)-1 -> 8 | BD3: 1 | BE3: المجموعة 1 | BF3: =COUNTIF('34 فريق'!$E$4:$E$276,BD3&" ضد *")+COUNTIF('34 فريق'!$E$4:$E$276,"* ضد "&BD3) -> 16 | BG3: =COUNTIF($BE$3:$BE$36,BE3)-1 -> 16
A4: 2 | B4: المجموعة 1 | C4: =COUNTIF('5 فرق'!$D$4:$D$43,A4&" ضد *")+COUNTIF('5 فرق'!$D$4:$D$43,"* ضد "&A4) -> 16 | D4: =COUNTIF($B$3:$B$7,B4)-1 -> 4 | F4: 2 | G4: المجموعة 1 | H4: =COUNTIF('6 فرق'!$D$4:$D$63,F4&" ضد *")+COUNTIF('6 فرق'!$D$4:$D$63,"* ضد "&F4) -> 20 | I4: =COUNTIF($G$3:$G$8,G4)-1 -> 5 | K4: 2 | L4: المجموعة 1 | M4: =COUNTIF('7 فرق'!$D$4:$D$66,K4&" ضد *")+COUNTIF('7 فرق'!$D$4:$D$66,"* ضد "&K4) -> 18 | N4: =COUNTIF($L$3:$L$9,L4)-1 -> 6 | P4: 2 | Q4: المجموعة 1 | R4: =COUNTIF('8 فرق'!$D$4:$D$87,P4&" ضد *")+COUNTIF('8 فرق'!$D$4:$D$87,"* ضد "&P4) -> 21 | S4: =COUNTIF($Q$3:$Q$10,Q4)-1 -> 7 | U4: 2 | V4: المجموعة 1 | W4: =COUNTIF('10 فرق'!$D$4:$D$93,U4&" ضد *")+COUNTIF('10 فرق'!$D$4:$D$93,"* ضد "&U4) -> 18 | X4: =COUNTIF($V$3:$V$12,V4)-1 -> 9 | Z4: 2 | AA4: المجموعة 1 | AB4: =COUNTIF('13 فريق'!$E$4:$E$127,Z4&" ضد *")+COUNTIF('13 فريق'!$E$4:$E$127,"* ضد "&Z4) -> 20 | AC4: =COUNTIF($AA$3:$AA$15,AA4)-1 -> 5 | AE4: 2 | AF4: المجموعة 1 | AG4: =COUNTIF('14 فريق'!$E$4:$E$130,AE4&" ضد *")+COUNTIF('14 فريق'!$E$4:$E$130,"* ضد "&AE4) -> 18 | AH4: =COUNTIF($AF$3:$AF$16,AF4)-1 -> 6 | AJ4: 2 | AK4: المجموعة 1 | AL4: =COUNTIF('16 فريق'!$E$4:$E$172,AJ4&" ضد *")+COUNTIF('16 فريق'!$E$4:$E$172,"* ضد "&AJ4) -> 21 | AM4: =COUNTIF($AK$3:$AK$18,AK4)-1 -> 7 | AO4: 2 | AP4: المجموعة 1 | AQ4: =COUNTIF('17 فريق'!$D$4:$D$139,AO4&" ضد *")+COUNTIF('17 فريق'!$D$4:$D$139,"* ضد "&AO4) -> 16 | AR4: =COUNTIF($AP$3:$AP$19,AP4)-1 -> 16 | AT4: 2 | AU4: المجموعة 1 | AV4: =COUNTIF('24 فريق'!$E$4:$E$246,AT4&" ضد *")+COUNTIF('24 فريق'!$E$4:$E$246,"* ضد "&AT4) -> 20 | AW4: =COUNTIF($AU$3:$AU$26,AU4)-1 -> 5 | AY4: 2 | AZ4: المجموعة 1 | BA4: =COUNTIF('29 فريق'!$E$4:$E$258,AY4&" ضد *")+COUNTIF('29 فريق'!$E$4:$E$258,"* ضد "&AY4) -> 16 | BB4: =COUNTIF($AZ$3:$AZ$31,AZ4)-1 -> 8 | BD4: 2 | BE4: المجموعة 1 | BF4: =COUNTIF('34 فريق'!$E$4:$E$276,BD4&" ضد *")+COUNTIF('34 فريق'!$E$4:$E$276,"* ضد "&BD4) -> 16 | BG4: =COUNTIF($BE$3:$BE$36,BE4)-1 -> 16
A5: 3 | B5: المجموعة 1 | C5: =COUNTIF('5 فرق'!$D$4:$D$43,A5&" ضد *")+COUNTIF('5 فرق'!$D$4:$D$43,"* ضد "&A5) -> 16 | D5: =COUNTIF($B$3:$B$7,B5)-1 -> 4 | F5: 3 | G5: المجموعة 1 | H5: =COUNTIF('6 فرق'!$D$4:$D$63,F5&" ضد *")+COUNTIF('6 فرق'!$D$4:$D$63,"* ضد "&F5) -> 20 | I5: =COUNTIF($G$3:$G$8,G5)-1 -> 5 | K5: 3 | L5: المجموعة 1 | M5: =COUNTIF('7 فرق'!$D$4:$D$66,K5&" ضد *")+COUNTIF('7 فرق'!$D$4:$D$66,"* ضد "&K5) -> 18 | N5: =COUNTIF($L$3:$L$9,L5)-1 -> 6 | P5: 3 | Q5: المجموعة 1 | R5: =COUNTIF('8 فرق'!$D$4:$D$87,P5&" ضد *")+COUNTIF('8 فرق'!$D$4:$D$87,"* ضد "&P5) -> 21 | S5: =COUNTIF($Q$3:$Q$10,Q5)-1 -> 7 | U5: 3 | V5: المجموعة 1 | W5: =COUNTIF('10 فرق'!$D$4:$D$93,U5&" ضد *")+COUNTIF('10 فرق'!$D$4:$D$93,"* ضد "&U5) -> 18 | X5: =COUNTIF($V$3:$V$12,V5)-1 -> 9 | Z5: 3 | AA5: المجموعة 1 | AB5: =COUNTIF('13 فريق'!$E$4:$E$127,Z5&" ضد *")+COUNTIF('13 فريق'!$E$4:$E$127,"* ضد "&Z5) -> 20 | AC5: =COUNTIF($AA$3:$AA$15,AA5)-1 -> 5 | AE5: 3 | AF5: المجموعة 1 | AG5: =COUNTIF('14 فريق'!$E$4:$E$130,AE5&" ضد *")+COUNTIF('14 فريق'!$E$4:$E$130,"* ضد "&AE5) -> 18 | AH5: =COUNTIF($AF$3:$AF$16,AF5)-1 -> 6 | AJ5: 3 | AK5: المجموعة 1 | AL5: =COUNTIF('16 فريق'!$E$4:$E$172,AJ5&" ضد *")+COUNTIF('16 فريق'!$E$4:$E$172,"* ضد "&AJ5) -> 21 | AM5: =COUNTIF($AK$3:$AK$18,AK5)-1 -> 7 | AO5: 3 | AP5: المجموعة 1 | AQ5: =COUNTIF('17 فريق'!$D$4:$D$139,AO5&" ضد *")+COUNTIF('17 فريق'!$D$4:$D$139,"* ضد "&AO5) -> 16 | AR5: =COUNTIF($AP$3:$AP$19,AP5)-1 -> 16 | AT5: 3 | AU5: المجموعة 1 | AV5: =COUNTIF('24 فريق'!$E$4:$E$246,AT5&" ضد *")+COUNTIF('24 فريق'!$E$4:$E$246,"* ضد "&AT5) -> 20 | AW5: =COUNTIF($AU$3:$AU$26,AU5)-1 -> 5 | AY5: 3 | AZ5: المجموعة 1 | BA5: =COUNTIF('29 فريق'!$E$4:$E$258,AY5&" ضد *")+COUNTIF('29 فريق'!$E$4:$E$258,"* ضد "&AY5) -> 16 | BB5: =COUNTIF($AZ$3:$AZ$31,AZ5)-1 -> 8 | BD5: 3 | BE5: المجموعة 1 | BF5: =COUNTIF('34 فريق'!$E$4:$E$276,BD5&" ضد *")+COUNTIF('34 فريق'!$E$4:$E$276,"* ضد "&BD5) -> 16 | BG5: =COUNTIF($BE$3:$BE$36,BE5)-1 -> 16
A6: 4 | B6: المجموعة 1 | C6: =COUNTIF('5 فرق'!$D$4:$D$43,A6&" ضد *")+COUNTIF('5 فرق'!$D$4:$D$43,"* ضد "&A6) -> 16 | D6: =COUNTIF($B$3:$B$7,B6)-1 -> 4 | F6: 4 | G6: المجموعة 1 | H6: =COUNTIF('6 فرق'!$D$4:$D$63,F6&" ضد *")+COUNTIF('6 فرق'!$D$4:$D$63,"* ضد "&F6) -> 20 | I6: =COUNTIF($G$3:$G$8,G6)-1 -> 5 | K6: 4 | L6: المجموعة 1 | M6: =COUNTIF('7 فرق'!$D$4:$D$66,K6&" ضد *")+COUNTIF('7 فرق'!$D$4:$D$66,"* ضد "&K6) -> 18 | N6: =COUNTIF($L$3:$L$9,L6)-1 -> 6 | P6: 4 | Q6: المجموعة 1 | R6: =COUNTIF('8 فرق'!$D$4:$D$87,P6&" ضد *")+COUNTIF('8 فرق'!$D$4:$D$87,"* ضد "&P6) -> 21 | S6: =COUNTIF($Q$3:$Q$10,Q6)-1 -> 7 | U6: 4 | V6: المجموعة 1 | W6: =COUNTIF('10 فرق'!$D$4:$D$93,U6&" ضد *")+COUNTIF('10 فرق'!$D$4:$D$93,"* ضد "&U6) -> 18 | X6: =COUNTIF($V$3:$V$12,V6)-1 -> 9 | Z6: 4 | AA6: المجموعة 1 | AB6: =COUNTIF('13 فريق'!$E$4:$E$127,Z6&" ضد *")+COUNTIF('13 فريق'!$E$4:$E$127,"* ضد "&Z6) -> 20 | AC6: =COUNTIF($AA$3:$AA$15,AA6)-1 -> 5 | AE6: 4 | AF6: المجموعة 1 | AG6: =COUNTIF('14 فريق'!$E$4:$E$130,AE6&" ضد *")+COUNTIF('14 فريق'!$E$4:$E$130,"* ضد "&AE6) -> 18 | AH6: =COUNTIF($AF$3:$AF$16,AF6)-1 -> 6 | AJ6: 4 | AK6: المجموعة 1 | AL6: =COUNTIF('16 فريق'!$E$4:$E$172,AJ6&" ضد *")+COUNTIF('16 فريق'!$E$4:$E$172,"* ضد "&AJ6) -> 21 | AM6: =COUNTIF($AK$3:$AK$18,AK6)-1 -> 7 | AO6: 4 | AP6: المجموعة 1 | AQ6: =COUNTIF('17 فريق'!$D$4:$D$139,AO6&" ضد *")+COUNTIF('17 فريق'!$D$4:$D$139,"* ضد "&AO6) -> 16 | AR6: =COUNTIF($AP$3:$AP$19,AP6)-1 -> 16 | AT6: 4 | AU6: المجموعة 1 | AV6: =COUNTIF('24 فريق'!$E$4:$E$246,AT6&" ضد *")+COUNTIF('24 فريق'!$E$4:$E$246,"* ضد "&AT6) -> 20 | AW6: =COUNTIF($AU$3:$AU$26,AU6)-1 -> 5 | AY6: 4 | AZ6: المجموعة 1 | BA6: =COUNTIF('29 فريق'!$E$4:$E$258,AY6&" ضد *")+COUNTIF('29 فريق'!$E$4:$E$258,"* ضد "&AY6) -> 16 | BB6: =COUNTIF($AZ$3:$AZ$31,AZ6)-1 -> 8 | BD6: 4 | BE6: المجموعة 1 | BF6: =COUNTIF('34 فريق'!$E$4:$E$276,BD6&" ضد *")+COUNTIF('34 فريق'!$E$4:$E$276,"* ضد "&BD6) -> 16 | BG6: =COUNTIF($BE$3:$BE$36,BE6)-1 -> 16
A7: 5 | B7: المجموعة 1 | C7: =COUNTIF('5 فرق'!$D$4:$D$43,A7&" ضد *")+COUNTIF('5 فرق'!$D$4:$D$43,"* ضد "&A7) -> 16 | D7: =COUNTIF($B$3:$B$7,B7)-1 -> 4 | F7: 5 | G7: المجموعة 1 | H7: =COUNTIF('6 فرق'!$D$4:$D$63,F7&" ضد *")+COUNTIF('6 فرق'!$D$4:$D$63,"* ضد "&F7) -> 20 | I7: =COUNTIF($G$3:$G$8,G7)-1 -> 5 | K7: 5 | L7: المجموعة 1 | M7: =COUNTIF('7 فرق'!$D$4:$D$66,K7&" ضد *")+COUNTIF('7 فرق'!$D$4:$D$66,"* ضد "&K7) -> 18 | N7: =COUNTIF($L$3:$L$9,L7)-1 -> 6 | P7: 5 | Q7: المجموعة 1 | R7: =COUNTIF('8 فرق'!$D$4:$D$87,P7&" ضد *")+COUNTIF('8 فرق'!$D$4:$D$87,"* ضد "&P7) -> 21 | S7: =COUNTIF($Q$3:$Q$10,Q7)-1 -> 7 | U7: 5 | V7: المجموعة 1 | W7: =COUNTIF('10 فرق'!$D$4:$D$93,U7&" ضد *")+COUNTIF('10 فرق'!$D$4:$D$93,"* ضد "&U7) -> 18 | X7: =COUNTIF($V$3:$V$12,V7)-1 -> 9 | Z7: 5 | AA7: المجموعة 1 | AB7: =COUNTIF('13 فريق'!$E$4:$E$127,Z7&" ضد *")+COUNTIF('13 فريق'!$E$4:$E$127,"* ضد "&Z7) -> 20 | AC7: =COUNTIF($AA$3:$AA$15,AA7)-1 -> 5 | AE7: 5 | AF7: المجموعة 1 | AG7: =COUNTIF('14 فريق'!$E$4:$E$130,AE7&" ضد *")+COUNTIF('14 فريق'!$E$4:$E$130,"* ضد "&AE7) -> 18 | AH7: =COUNTIF($AF$3:$AF$16,AF7)-1 -> 6 | AJ7: 5 | AK7: المجموعة 1 | AL7: =COUNTIF('16 فريق'!$E$4:$E$172,AJ7&" ضد *")+COUNTIF('16 فريق'!$E$4:$E$172,"* ضد "&AJ7) -> 21 | AM7: =COUNTIF($AK$3:$AK$18,AK7)-1 -> 7 | AO7: 5 | AP7: المجموعة 1 | AQ7: =COUNTIF('17 فريق'!$D$4:$D$139,AO7&" ضد *")+COUNTIF('17 فريق'!$D$4:$D$139,"* ضد "&AO7) -> 16 | AR7: =COUNTIF($AP$3:$AP$19,AP7)-1 -> 16 | AT7: 5 | AU7: المجموعة 1 | AV7: =COUNTIF('24 فريق'!$E$4:$E$246,AT7&" ضد *")+COUNTIF('24 فريق'!$E$4:$E$246,"* ضد "&AT7) -> 20 | AW7: =COUNTIF($AU$3:$AU$26,AU7)-1 -> 5 | AY7: 5 | AZ7: المجموعة 1 | BA7: =COUNTIF('29 فريق'!$E$4:$E$258,AY7&" ضد *")+COUNTIF('29 فريق'!$E$4:$E$258,"* ضد "&AY7) -> 16 | BB7: =COUNTIF($AZ$3:$AZ$31,AZ7)-1 -> 8 | BD7: 5 | BE7: المجموعة 1 | BF7: =COUNTIF('34 فريق'!$E$4:$E$276,BD7&" ضد *")+COUNTIF('34 فريق'!$E$4:$E$276,"* ضد "&BD7) -> 16 | BG7: =COUNTIF($BE$3:$BE$36,BE7)-1 -> 16
F8: 6 | G8: المجموعة 1 | H8: =COUNTIF('6 فرق'!$D$4:$D$63,F8&" ضد *")+COUNTIF('6 فرق'!$D$4:$D$63,"* ضد "&F8) -> 20 | I8: =COUNTIF($G$3:$G$8,G8)-1 -> 5 | K8: 6 | L8: المجموعة 1 | M8: =COUNTIF('7 فرق'!$D$4:$D$66,K8&" ضد *")+COUNTIF('7 فرق'!$D$4:$D$66,"* ضد "&K8) -> 18 | N8: =COUNTIF($L$3:$L$9,L8)-1 -> 6 | P8: 6 | Q8: المجموعة 1 | R8: =COUNTIF('8 فرق'!$D$4:$D$87,P8&" ضد *")+COUNTIF('8 فرق'!$D$4:$D$87,"* ضد "&P8) -> 21 | S8: =COUNTIF($Q$3:$Q$10,Q8)-1 -> 7 | U8: 6 | V8: المجموعة 1 | W8: =COUNTIF('10 فرق'!$D$4:$D$93,U8&" ضد *")+COUNTIF('10 فرق'!$D$4:$D$93,"* ضد "&U8) -> 18 | X8: =COUNTIF($V$3:$V$12,V8)-1 -> 9 | Z8: 6 | AA8: المجموعة 1 | AB8: =COUNTIF('13 فريق'!$E$4:$E$127,Z8&" ضد *")+COUNTIF('13 فريق'!$E$4:$E$127,"* ضد "&Z8) -> 20 | AC8: =COUNTIF($AA$3:$AA$15,AA8)-1 -> 5 | AE8: 6 | AF8: المجموعة 1 | AG8: =COUNTIF('14 فريق'!$E$4:$E$130,AE8&" ضد *")+COUNTIF('14 فريق'!$E$4:$E$130,"* ضد "&AE8) -> 18 | AH8: =COUNTIF($AF$3:$AF$16,AF8)-1 -> 6 | AJ8: 6 | AK8: المجموعة 1 | AL8: =COUNTIF('16 فريق'!$E$4:$E$172,AJ8&" ضد *")+COUNTIF('16 فريق'!$E$4:$E$172,"* ضد "&AJ8) -> 21 | AM8: =COUNTIF($AK$3:$AK$18,AK8)-1 -> 7 | AO8: 6 | AP8: المجموعة 1 | AQ8: =COUNTIF('17 فريق'!$D$4:$D$139,AO8&" ضد *")+COUNTIF('17 فريق'!$D$4:$D$139,"* ضد "&AO8) -> 16 | AR8: =COUNTIF($AP$3:$AP$19,AP8)-1 -> 16 | AT8: 6 | AU8: المجموعة 1 | AV8: =COUNTIF('24 فريق'!$E$4:$E$246,AT8&" ضد *")+COUNTIF('24 فريق'!$E$4:$E$246,"* ضد "&AT8) -> 20 | AW8: =COUNTIF($AU$3:$AU$26,AU8)-1 -> 5 | AY8: 6 | AZ8: المجموعة 1 | BA8: =COUNTIF('29 فريق'!$E$4:$E$258,AY8&" ضد *")+COUNTIF('29 فريق'!$E$4:$E$258,"* ضد "&AY8) -> 16 | BB8: =COUNTIF($AZ$3:$AZ$31,AZ8)-1 -> 8 | BD8: 6 | BE8: المجموعة 1 | BF8: =COUNTIF('34 فريق'!$E$4:$E$276,BD8&" ضد *")+COUNTIF('34 فريق'!$E$4:$E$276,"* ضد "&BD8) -> 16 | BG8: =COUNTIF($BE$3:$BE$36,BE8)-1 -> 16
K9: 7 | L9: المجموعة 1 | M9: =COUNTIF('7 فرق'!$D$4:$D$66,K9&" ضد *")+COUNTIF('7 فرق'!$D$4:$D$66,"* ضد "&K9) -> 18 | N9: =COUNTIF($L$3:$L$9,L9)-1 -> 6 | P9: 7 | Q9: المجموعة 1 | R9: =COUNTIF('8 فرق'!$D$4:$D$87,P9&" ضد *")+COUNTIF('8 فرق'!$D$4:$D$87,"* ضد "&P9) -> 21 | S9: =COUNTIF($Q$3:$Q$10,Q9)-1 -> 7 | U9: 7 | V9: المجموعة 1 | W9: =COUNTIF('10 فرق'!$D$4:$D$93,U9&" ضد *")+COUNTIF('10 فرق'!$D$4:$D$93,"* ضد "&U9) -> 18 | X9: =COUNTIF($V$3:$V$12,V9)-1 -> 9 | Z9: 7 | AA9: المجموعة 2 | AB9: =COUNTIF('13 فريق'!$E$4:$E$127,Z9&" ضد *")+COUNTIF('13 فريق'!$E$4:$E$127,"* ضد "&Z9) -> 18 | AC9: =COUNTIF($AA$3:$AA$15,AA9)-1 -> 6 | AE9: 7 | AF9: المجموعة 1 | AG9: =COUNTIF('14 فريق'!$E$4:$E$130,AE9&" ضد *")+COUNTIF('14 فريق'!$E$4:$E$130,"* ضد "&AE9) -> 18 | AH9: =COUNTIF($AF$3:$AF$16,AF9)-1 -> 6 | AJ9: 7 | AK9: المجموعة 1 | AL9: =COUNTIF('16 فريق'!$E$4:$E$172,AJ9&" ضد *")+COUNTIF('16 فريق'!$E$4:$E$172,"* ضد "&AJ9) -> 21 | AM9: =COUNTIF($AK$3:$AK$18,AK9)-1 -> 7 | AO9: 7 | AP9: المجموعة 1 | AQ9: =COUNTIF('17 فريق'!$D$4:$D$139,AO9&" ضد *")+COUNTIF('17 فريق'!$D$4:$D$139,"* ضد "&AO9) -> 16 | AR9: =COUNTIF($AP$3:$AP$19,AP9)-1 -> 16 | AT9: 7 | AU9: المجموعة 2 | AV9: =COUNTIF('24 فريق'!$E$4:$E$246,AT9&" ضد *")+COUNTIF('24 فريق'!$E$4:$E$246,"* ضد "&AT9) -> 20 | AW9: =COUNTIF($AU$3:$AU$26,AU9)-1 -> 5 | AY9: 7 | AZ9: المجموعة 1 | BA9: =COUNTIF('29 فريق'!$E$4:$E$258,AY9&" ضد *")+COUNTIF('29 فريق'!$E$4:$E$258,"* ضد "&AY9) -> 16 | BB9: =COUNTIF($AZ$3:$AZ$31,AZ9)-1 -> 8 | BD9: 7 | BE9: المجموعة 1 | BF9: =COUNTIF('34 فريق'!$E$4:$E$276,BD9&" ضد *")+COUNTIF('34 فريق'!$E$4:$E$276,"* ضد "&BD9) -> 16 | BG9: =COUNTIF($BE$3:$BE$36,BE9)-1 -> 16
P10: 8 | Q10: المجموعة 1 | R10: =COUNTIF('8 فرق'!$D$4:$D$87,P10&" ضد *")+COUNTIF('8 فرق'!$D$4:$D$87,"* ضد "&P10) -> 21 | S10: =COUNTIF($Q$3:$Q$10,Q10)-1 -> 7 | U10: 8 | V10: المجموعة 1 | W10: =COUNTIF('10 فرق'!$D$4:$D$93,U10&" ضد *")+COUNTIF('10 فرق'!$D$4:$D$93,"* ضد "&U10) -> 18 | X10: =COUNTIF($V$3:$V$12,V10)-1 -> 9 | Z10: 8 | AA10: المجموعة 2 | AB10: =COUNTIF('13 فريق'!$E$4:$E$127,Z10&" ضد *")+COUNTIF('13 فريق'!$E$4:$E$127,"* ضد "&Z10) -> 18 | AC10: =COUNTIF($AA$3:$AA$15,AA10)-1 -> 6 | AE10: 8 | AF10: المجموعة 2 | AG10: =COUNTIF('14 فريق'!$E$4:$E$130,AE10&" ضد *")+COUNTIF('14 فريق'!$E$4:$E$130,"* ضد "&AE10) -> 18 | AH10: =COUNTIF($AF$3:$AF$16,AF10)-1 -> 6 | AJ10: 8 | AK10: المجموعة 1 | AL10: =COUNTIF('16 فريق'!$E$4:$E$172,AJ10&" ضد *")+COUNTIF('16 فريق'!$E$4:$E$172,"* ضد "&AJ10) -> 21 | AM10: =COUNTIF($AK$3:$AK$18,AK10)-1 -> 7 | AO10: 8 | AP10: المجموعة 1 | AQ10: =COUNTIF('17 فريق'!$D$4:$D$139,AO10&" ضد *")+COUNTIF('17 فريق'!$D$4:$D$139,"* ضد "&AO10) -> 16 | AR10: =COUNTIF($AP$3:$AP$19,AP10)-1 -> 16 | AT10: 8 | AU10: المجموعة 2 | AV10: =COUNTIF('24 فريق'!$E$4:$E$246,AT10&" ضد *")+COUNTIF('24 فريق'!$E$4:$E$246,"* ضد "&AT10) -> 20 | AW10: =COUNTIF($AU$3:$AU$26,AU10)-1 -> 5 | AY10: 8 | AZ10: المجموعة 1 | BA10: =COUNTIF('29 فريق'!$E$4:$E$258,AY10&" ضد *")+COUNTIF('29 فريق'!$E$4:$E$258,"* ضد "&AY10) -> 16 | BB10: =COUNTIF($AZ$3:$AZ$31,AZ10)-1 -> 8 | BD10: 8 | BE10: المجموعة 1 | BF10: =COUNTIF('34 فريق'!$E$4:$E$276,BD10&" ضد *")+COUNTIF('34 فريق'!$E$4:$E$276,"* ضد "&BD10) -> 16 | BG10: =COUNTIF($BE$3:$BE$36,BE10)-1 -> 16
U11: 9 | V11: المجموعة 1 | W11: =COUNTIF('10 فرق'!$D$4:$D$93,U11&" ضد *")+COUNTIF('10 فرق'!$D$4:$D$93,"* ضد "&U11) -> 18 | X11: =COUNTIF($V$3:$V$12,V11)-1 -> 9 | Z11: 9 | AA11: المجموعة 2 | AB11: =COUNTIF('13 فريق'!$E$4:$E$127,Z11&" ضد *")+COUNTIF('13 فريق'!$E$4:$E$127,"* ضد "&Z11) -> 18 | AC11: =COUNTIF($AA$3:$AA$15,AA11)-1 -> 6 | AE11: 9 | AF11: المجموعة 2 | AG11: =COUNTIF('14 فريق'!$E$4:$E$130,AE11&" ضد *")+COUNTIF('14 فريق'!$E$4:$E$130,"* ضد "&AE11) -> 18 | AH11: =COUNTIF($AF$3:$AF$16,AF11)-1 -> 6 | AJ11: 9 | AK11: المجموعة 2 | AL11: =COUNTIF('16 فريق'!$E$4:$E$172,AJ11&" ضد *")+COUNTIF('16 فريق'!$E$4:$E$172,"* ضد "&AJ11) -> 21 | AM11: =COUNTIF($AK$3:$AK$18,AK11)-1 -> 7 | AO11: 9 | AP11: المجموعة 1 | AQ11: =COUNTIF('17 فريق'!$D$4:$D$139,AO11&" ضد *")+COUNTIF('17 فريق'!$D$4:$D$139,"* ضد "&AO11) -> 16 | AR11: =COUNTIF($AP$3:$AP$19,AP11)-1 -> 16 | AT11: 9 | AU11: المجموعة 2 | AV11: =COUNTIF('24 فريق'!$E$4:$E$246,AT11&" ضد *")+COUNTIF('24 فريق'!$E$4:$E$246,"* ضد "&AT11) -> 20 | AW11: =COUNTIF($AU$3:$AU$26,AU11)-1 -> 5 | AY11: 9 | AZ11: المجموعة 1 | BA11: =COUNTIF('29 فريق'!$E$4:$E$258,AY11&" ضد *")+COUNTIF('29 فريق'!$E$4:$E$258,"* ضد "&AY11) -> 16 | BB11: =COUNTIF($AZ$3:$AZ$31,AZ11)-1 -> 8 | BD11: 9 | BE11: المجموعة 1 | BF11: =COUNTIF('34 فريق'!$E$4:$E$276,BD11&" ضد *")+COUNTIF('34 فريق'!$E$4:$E$276,"* ضد "&BD11) -> 16 | BG11: =COUNTIF($BE$3:$BE$36,BE11)-1 -> 16
U12: 10 | V12: المجموعة 1 | W12: =COUNTIF('10 فرق'!$D$4:$D$93,U12&" ضد *")+COUNTIF('10 فرق'!$D$4:$D$93,"* ضد "&U12) -> 18 | X12: =COUNTIF($V$3:$V$12,V12)-1 -> 9 | Z12: 10 | AA12: المجموعة 2 | AB12: =COUNTIF('13 فريق'!$E$4:$E$127,Z12&" ضد *")+COUNTIF('13 فريق'!$E$4:$E$127,"* ضد "&Z12) -> 18 | AC12: =COUNTIF($AA$3:$AA$15,AA12)-1 -> 6 | AE12: 10 | AF12: المجموعة 2 | AG12: =COUNTIF('14 فريق'!$E$4:$E$130,AE12&" ضد *")+COUNTIF('14 فريق'!$E$4:$E$130,"* ضد "&AE12) -> 18 | AH12: =COUNTIF($AF$3:$AF$16,AF12)-1 -> 6 | AJ12: 10 | AK12: المجموعة 2 | AL12: =COUNTIF('16 فريق'!$E$4:$E$172,AJ12&" ضد *")+COUNTIF('16 فريق'!$E$4:$E$172,"* ضد "&AJ12) -> 21 | AM12: =COUNTIF($AK$3:$AK$18,AK12)-1 -> 7 | AO12: 10 | AP12: المجموعة 1 | AQ12: =COUNTIF('17 فريق'!$D$4:$D$139,AO12&" ضد *")+COUNTIF('17 فريق'!$D$4:$D$139,"* ضد "&AO12) -> 16 | AR12: =COUNTIF($AP$3:$AP$19,AP12)-1 -> 16 | AT12: 10 | AU12: المجموعة 2 | AV12: =COUNTIF('24 فريق'!$E$4:$E$246,AT12&" ضد *")+COUNTIF('24 فريق'!$E$4:$E$246,"* ضد "&AT12) -> 20 | AW12: =COUNTIF($AU$3:$AU$26,AU12)-1 -> 5 | AY12: 10 | AZ12: المجموعة 2 | BA12: =COUNTIF('29 فريق'!$E$4:$E$258,AY12&" ضد *")+COUNTIF('29 فريق'!$E$4:$E$258,"* ضد "&AY12) -> 18 | BB12: =COUNTIF($AZ$3:$AZ$31,AZ12)-1 -> 9 | BD12: 10 | BE12: المجموعة 1 | BF12: =COUNTIF('34 فريق'!$E$4:$E$276,BD12&" ضد *")+COUNTIF('34 فريق'!$E$4:$E$276,"* ضد "&BD12) -> 16 | BG12: =COUNTIF($BE$3:$BE$36,BE12)-1 -> 16
Z13: 11 | AA13: المجموعة 2 | AB13: =COUNTIF('13 فريق'!$E$4:$E$127,Z13&" ضد *")+COUNTIF('13 فريق'!$E$4:$E$127,"* ضد "&Z13) -> 18 | AC13: =COUNTIF($AA$3:$AA$15,AA13)-1 -> 6 | AE13: 11 | AF13: المجموعة 2 | AG13: =COUNTIF('14 فريق'!$E$4:$E$130,AE13&" ضد *")+COUNTIF('14 فريق'!$E$4:$E$130,"* ضد "&AE13) -> 18 | AH13: =COUNTIF($AF$3:$AF$16,AF13)-1 -> 6 | AJ13: 11 | AK13: المجموعة 2 | AL13: =COUNTIF('16 فريق'!$E$4:$E$172,AJ13&" ضد *")+COUNTIF('16 فريق'!$E$4:$E$172,"* ضد "&AJ13) -> 21 | AM13: =COUNTIF($AK$3:$AK$18,AK13)-1 -> 7 | AO13: 11 | AP13: المجموعة 1 | AQ13: =COUNTIF('17 فريق'!$D$4:$D$139,AO13&" ضد *")+COUNTIF('17 فريق'!$D$4:$D$139,"* ضد "&AO13) -> 16 | AR13: =COUNTIF($AP$3:$AP$19,AP13)-1 -> 16 | AT13: 11 | AU13: المجموعة 2 | AV13: =COUNTIF('24 فريق'!$E$4:$E$246,AT13&" ضد *")+COUNTIF('24 فريق'!$E$4:$E$246,"* ضد "&AT13) -> 20 | AW13: =COUNTIF($AU$3:$AU$26,AU13)-1 -> 5 | AY13: 11 | AZ13: المجموعة 2 | BA13: =COUNTIF('29 فريق'!$E$4:$E$258,AY13&" ضد *")+COUNTIF('29 فريق'!$E$4:$E$258,"* ضد "&AY13) -> 18 | BB13: =COUNTIF($AZ$3:$AZ$31,AZ13)-1 -> 9 | BD13: 11 | BE13: المجموعة 1 | BF13: =COUNTIF('34 فريق'!$E$4:$E$276,BD13&" ضد *")+COUNTIF('34 فريق'!$E$4:$E$276,"* ضد "&BD13) -> 16 | BG13: =COUNTIF($BE$3:$BE$36,BE13)-1 -> 16
Z14: 12 | AA14: المجموعة 2 | AB14: =COUNTIF('13 فريق'!$E$4:$E$127,Z14&" ضد *")+COUNTIF('13 فريق'!$E$4:$E$127,"* ضد "&Z14) -> 18 | AC14: =COUNTIF($AA$3:$AA$15,AA14)-1 -> 6 | AE14: 12 | AF14: المجموعة 2 | AG14: =COUNTIF('14 فريق'!$E$4:$E$130,AE14&" ضد *")+COUNTIF('14 فريق'!$E$4:$E$130,"* ضد "&AE14) -> 18 | AH14: =COUNTIF($AF$3:$AF$16,AF14)-1 -> 6 | AJ14: 12 | AK14: المجموعة 2 | AL14: =COUNTIF('16 فريق'!$E$4:$E$172,AJ14&" ضد *")+COUNTIF('16 فريق'!$E$4:$E$172,"* ضد "&AJ14) -> 21 | AM14: =COUNTIF($AK$3:$AK$18,AK14)-1 -> 7 | AO14: 12 | AP14: المجموعة 1 | AQ14: =COUNTIF('17 فريق'!$D$4:$D$139,AO14&" ضد *")+COUNTIF('17 فريق'!$D$4:$D$139,"* ضد "&AO14) -> 16 | AR14: =COUNTIF($AP$3:$AP$19,AP14)-1 -> 16 | AT14: 12 | AU14: المجموعة 2 | AV14: =COUNTIF('24 فريق'!$E$4:$E$246,AT14&" ضد *")+COUNTIF('24 فريق'!$E$4:$E$246,"* ضد "&AT14) -> 20 | AW14: =COUNTIF($AU$3:$AU$26,AU14)-1 -> 5 | AY14: 12 | AZ14: المجموعة 2 | BA14: =COUNTIF('29 فريق'!$E$4:$E$258,AY14&" ضد *")+COUNTIF('29 فريق'!$E$4:$E$258,"* ضد "&AY14) -> 18 | BB14: =COUNTIF($AZ$3:$AZ$31,AZ14)-1 -> 9 | BD14: 12 | BE14: المجموعة 1 | BF14: =COUNTIF('34 فريق'!$E$4:$E$276,BD14&" ضد *")+COUNTIF('34 فريق'!$E$4:$E$276,"* ضد "&BD14) -> 16 | BG14: =COUNTIF($BE$3:$BE$36,BE14)-1 -> 16
Z15: 13 | AA15: المجموعة 2 | AB15: =COUNTIF('13 فريق'!$E$4:$E$127,Z15&" ضد *")+COUNTIF('13 فريق'!$E$4:$E$127,"* ضد "&Z15) -> 18 | AC15: =COUNTIF($AA$3:$AA$15,AA15)-1 -> 6 | AE15: 13 | AF15: المجموعة 2 | AG15: =COUNTIF('14 فريق'!$E$4:$E$130,AE15&" ضد *")+COUNTIF('14 فريق'!$E$4:$E$130,"* ضد "&AE15) -> 18 | AH15: =COUNTIF($AF$3:$AF$16,AF15)-1 -> 6 | AJ15: 13 | AK15: المجموعة 2 | AL15: =COUNTIF('16 فريق'!$E$4:$E$172,AJ15&" ضد *")+COUNTIF('16 فريق'!$E$4:$E$172,"* ضد "&AJ15) -> 21 | AM15: =COUNTIF($AK$3:$AK$18,AK15)-1 -> 7 | AO15: 13 | AP15: المجموعة 1 | AQ15: =COUNTIF('17 فريق'!$D$4:$D$139,AO15&" ضد *")+COUNTIF('17 فريق'!$D$4:$D$139,"* ضد "&AO15) -> 16 | AR15: =COUNTIF($AP$3:$AP$19,AP15)-1 -> 16 | AT15: 13 | AU15: المجموعة 3 | AV15: =COUNTIF('24 فريق'!$E$4:$E$246,AT15&" ضد *")+COUNTIF('24 فريق'!$E$4:$E$246,"* ضد "&AT15) -> 20 | AW15: =COUNTIF($AU$3:$AU$26,AU15)-1 -> 5 | AY15: 13 | AZ15: المجموعة 2 | BA15: =COUNTIF('29 فريق'!$E$4:$E$258,AY15&" ضد *")+COUNTIF('29 فريق'!$E$4:$E$258,"* ضد "&AY15) -> 18 | BB15: =COUNTIF($AZ$3:$AZ$31,AZ15)-1 -> 9 | BD15: 13 | BE15: المجموعة 1 | BF15: =COUNTIF('34 فريق'!$E$4:$E$276,BD15&" ضد *")+COUNTIF('34 فريق'!$E$4:$E$276,"* ضد "&BD15) -> 16 | BG15: =COUNTIF($BE$3:$BE$36,BE15)-1 -> 16
AE16: 14 | AF16: المجموعة 2 | AG16: =COUNTIF('14 فريق'!$E$4:$E$130,AE16&" ضد *")+COUNTIF('14 فريق'!$E$4:$E$130,"* ضد "&AE16) -> 18 | AH16: =COUNTIF($AF$3:$AF$16,AF16)-1 -> 6 | AJ16: 14 | AK16: المجموعة 2 | AL16: =COUNTIF('16 فريق'!$E$4:$E$172,AJ16&" ضد *")+COUNTIF('16 فريق'!$E$4:$E$172,"* ضد "&AJ16) -> 21 | AM16: =COUNTIF($AK$3:$AK$18,AK16)-1 -> 7 | AO16: 14 | AP16: المجموعة 1 | AQ16: =COUNTIF('17 فريق'!$D$4:$D$139,AO16&" ضد *")+COUNTIF('17 فريق'!$D$4:$D$139,"* ضد "&AO16) -> 16 | AR16: =COUNTIF($AP$3:$AP$19,AP16)-1 -> 16 | AT16: 14 | AU16: المجموعة 3 | AV16: =COUNTIF('24 فريق'!$E$4:$E$246,AT16&" ضد *")+COUNTIF('24 فريق'!$E$4:$E$246,"* ضد "&AT16) -> 20 | AW16: =COUNTIF($AU$3:$AU$26,AU16)-1 -> 5 | AY16: 14 | AZ16: المجموعة 2 | BA16: =COUNTIF('29 فريق'!$E$4:$E$258,AY16&" ضد *")+COUNTIF('29 فريق'!$E$4:$E$258,"* ضد "&AY16) -> 18 | BB16: =COUNTIF($AZ$3:$AZ$31,AZ16)-1 -> 9 | BD16: 14 | BE16: المجموعة 1 | BF16: =COUNTIF('34 فريق'!$E$4:$E$276,BD16&" ضد *")+COUNTIF('34 فريق'!$E$4:$E$276,"* ضد "&BD16) -> 16 | BG16: =COUNTIF($BE$3:$BE$36,BE16)-1 -> 16
AJ17: 15 | AK17: المجموعة 2 | AL17: =COUNTIF('16 فريق'!$E$4:$E$172,AJ17&" ضد *")+COUNTIF('16 فريق'!$E$4:$E$172,"* ضد "&AJ17) -> 21 | AM17: =COUNTIF($AK$3:$AK$18,AK17)-1 -> 7 | AO17: 15 | AP17: المجموعة 1 | AQ17: =COUNTIF('17 فريق'!$D$4:$D$139,AO17&" ضد *")+COUNTIF('17 فريق'!$D$4:$D$139,"* ضد "&AO17) -> 16 | AR17: =COUNTIF($AP$3:$AP$19,AP17)-1 -> 16 | AT17: 15 | AU17: المجموعة 3 | AV17: =COUNTIF('24 فريق'!$E$4:$E$246,AT17&" ضد *")+COUNTIF('24 فريق'!$E$4:$E$246,"* ضد "&AT17) -> 20 | AW17: =COUNTIF($AU$3:$AU$26,AU17)-1 -> 5 | AY17: 15 | AZ17: المجموعة 2 | BA17: =COUNTIF('29 فريق'!$E$4:$E$258,AY17&" ضد *")+COUNTIF('29 فريق'!$E$4:$E$258,"* ضد "&AY17) -> 18 | BB17: =COUNTIF($AZ$3:$AZ$31,AZ17)-1 -> 9 | BD17: 15 | BE17: المجموعة 1 | BF17: =COUNTIF('34 فريق'!$E$4:$E$276,BD17&" ضد *")+COUNTIF('34 فريق'!$E$4:$E$276,"* ضد "&BD17) -> 16 | BG17: =COUNTIF($BE$3:$BE$36,BE17)-1 -> 16
AJ18: 16 | AK18: المجموعة 2 | AL18: =COUNTIF('16 فريق'!$E$4:$E$172,AJ18&" ضد *")+COUNTIF('16 فريق'!$E$4:$E$172,"* ضد "&AJ18) -> 21 | AM18: =COUNTIF($AK$3:$AK$18,AK18)-1 -> 7 | AO18: 16 | AP18: المجموعة 1 | AQ18: =COUNTIF('17 فريق'!$D$4:$D$139,AO18&" ضد *")+COUNTIF('17 فريق'!$D$4:$D$139,"* ضد "&AO18) -> 16 | AR18: =COUNTIF($AP$3:$AP$19,AP18)-1 -> 16 | AT18: 16 | AU18: المجموعة 3 | AV18: =COUNTIF('24 فريق'!$E$4:$E$246,AT18&" ضد *")+COUNTIF('24 فريق'!$E$4:$E$246,"* ضد "&AT18) -> 20 | AW18: =COUNTIF($AU$3:$AU$26,AU18)-1 -> 5 | AY18: 16 | AZ18: المجموعة 2 | BA18: =COUNTIF('29 فريق'!$E$4:$E$258,AY18&" ضد *")+COUNTIF('29 فريق'!$E$4:$E$258,"* ضد "&AY18) -> 18 | BB18: =COUNTIF($AZ$3:$AZ$31,AZ18)-1 -> 9 | BD18: 16 | BE18: المجموعة 1 | BF18: =COUNTIF('34 فريق'!$E$4:$E$276,BD18&" ضد *")+COUNTIF('34 فريق'!$E$4:$E$276,"* ضد "&BD18) -> 16 | BG18: =COUNTIF($BE$3:$BE$36,BE18)-1 -> 16
AO19: 17 | AP19: المجموعة 1 | AQ19: =COUNTIF('17 فريق'!$D$4:$D$139,AO19&" ضد *")+COUNTIF('17 فريق'!$D$4:$D$139,"* ضد "&AO19) -> 16 | AR19: =COUNTIF($AP$3:$AP$19,AP19)-1 -> 16 | AT19: 17 | AU19: المجموعة 3 | AV19: =COUNTIF('24 فريق'!$E$4:$E$246,AT19&" ضد *")+COUNTIF('24 فريق'!$E$4:$E$246,"* ضد "&AT19) -> 20 | AW19: =COUNTIF($AU$3:$AU$26,AU19)-1 -> 5 | AY19: 17 | AZ19: المجموعة 2 | BA19: =COUNTIF('29 فريق'!$E$4:$E$258,AY19&" ضد *")+COUNTIF('29 فريق'!$E$4:$E$258,"* ضد "&AY19) -> 18 | BB19: =COUNTIF($AZ$3:$AZ$31,AZ19)-1 -> 9 | BD19: 17 | BE19: المجموعة 1 | BF19: =COUNTIF('34 فريق'!$E$4:$E$276,BD19&" ضد *")+COUNTIF('34 فريق'!$E$4:$E$276,"* ضد "&BD19) -> 16 | BG19: =COUNTIF($BE$3:$BE$36,BE19)-1 -> 16
AT20: 18 | AU20: المجموعة 3 | AV20: =COUNTIF('24 فريق'!$E$4:$E$246,AT20&" ضد *")+COUNTIF('24 فريق'!$E$4:$E$246,"* ضد "&AT20) -> 20 | AW20: =COUNTIF($AU$3:$AU$26,AU20)-1 -> 5 | AY20: 18 | AZ20: المجموعة 2 | BA20: =COUNTIF('29 فريق'!$E$4:$E$258,AY20&" ضد *")+COUNTIF('29 فريق'!$E$4:$E$258,"* ضد "&AY20) -> 18 | BB20: =COUNTIF($AZ$3:$AZ$31,AZ20)-1 -> 9 | BD20: 18 | BE20: المجموعة 2 | BF20: =COUNTIF('34 فريق'!$E$4:$E$276,BD20&" ضد *")+COUNTIF('34 فريق'!$E$4:$E$276,"* ضد "&BD20) -> 16 | BG20: =COUNTIF($BE$3:$BE$36,BE20)-1 -> 16
AT21: 19 | AU21: المجموعة 4 | AV21: =COUNTIF('24 فريق'!$E$4:$E$246,AT21&" ضد *")+COUNTIF('24 فريق'!$E$4:$E$246,"* ضد "&AT21) -> 20 | AW21: =COUNTIF($AU$3:$AU$26,AU21)-1 -> 5 | AY21: 19 | AZ21: المجموعة 2 | BA21: =COUNTIF('29 فريق'!$E$4:$E$258,AY21&" ضد *")+COUNTIF('29 فريق'!$E$4:$E$258,"* ضد "&AY21) -> 18 | BB21: =COUNTIF($AZ$3:$AZ$31,AZ21)-1 -> 9 | BD21: 19 | BE21: المجموعة 2 | BF21: =COUNTIF('34 فريق'!$E$4:$E$276,BD21&" ضد *")+COUNTIF('34 فريق'!$E$4:$E$276,"* ضد "&BD21) -> 16 | BG21: =COUNTIF($BE$3:$BE$36,BE21)-1 -> 16
AT22: 20 | AU22: المجموعة 4 | AV22: =COUNTIF('24 فريق'!$E$4:$E$246,AT22&" ضد *")+COUNTIF('24 فريق'!$E$4:$E$246,"* ضد "&AT22) -> 20 | AW22: =COUNTIF($AU$3:$AU$26,AU22)-1 -> 5 | AY22: 20 | AZ22: المجموعة 3 | BA22: =COUNTIF('29 فريق'!$E$4:$E$258,AY22&" ضد *")+COUNTIF('29 فريق'!$E$4:$E$258,"* ضد "&AY22) -> 18 | BB22: =COUNTIF($AZ$3:$AZ$31,AZ22)-1 -> 9 | BD22: 20 | BE22: المجموعة 2 | BF22: =COUNTIF('34 فريق'!$E$4:$E$276,BD22&" ضد *")+COUNTIF('34 فريق'!$E$4:$E$276,"* ضد "&BD22) -> 16 | BG22: =COUNTIF($BE$3:$BE$36,BE22)-1 -> 16
AT23: 21 | AU23: المجموعة 4 | AV23: =COUNTIF('24 فريق'!$E$4:$E$246,AT23&" ضد *")+COUNTIF('24 فريق'!$E$4:$E$246,"* ضد "&AT23) -> 20 | AW23: =COUNTIF($AU$3:$AU$26,AU23)-1 -> 5 | AY23: 21 | AZ23: المجموعة 3 | BA23: =COUNTIF('29 فريق'!$E$4:$E$258,AY23&" ضد *")+COUNTIF('29 فريق'!$E$4:$E$258,"* ضد "&AY23) -> 18 | BB23: =COUNTIF($AZ$3:$AZ$31,AZ23)-1 -> 9 | BD23: 21 | BE23: المجموعة 2 | BF23: =COUNTIF('34 فريق'!$E$4:$E$276,BD23&" ضد *")+COUNTIF('34 فريق'!$E$4:$E$276,"* ضد "&BD23) -> 16 | BG23: =COUNTIF($BE$3:$BE$36,BE23)-1 -> 16
AT24: 22 | AU24: المجموعة 4 | AV24: =COUNTIF('24 فريق'!$E$4:$E$246,AT24&" ضد *")+COUNTIF('24 فريق'!$E$4:$E$246,"* ضد "&AT24) -> 20 | AW24: =COUNTIF($AU$3:$AU$26,AU24)-1 -> 5 | AY24: 22 | AZ24: المجموعة 3 | BA24: =COUNTIF('29 فريق'!$E$4:$E$258,AY24&" ضد *")+COUNTIF('29 فريق'!$E$4:$E$258,"* ضد "&AY24) -> 18 | BB24: =COUNTIF($AZ$3:$AZ$31,AZ24)-1 -> 9 | BD24: 22 | BE24: المجموعة 2 | BF24: =COUNTIF('34 فريق'!$E$4:$E$276,BD24&" ضد *")+COUNTIF('34 فريق'!$E$4:$E$276,"* ضد "&BD24) -> 16 | BG24: =COUNTIF($BE$3:$BE$36,BE24)-1 -> 16
AT25: 23 | AU25: المجموعة 4 | AV25: =COUNTIF('24 فريق'!$E$4:$E$246,AT25&" ضد *")+COUNTIF('24 فريق'!$E$4:$E$246,"* ضد "&AT25) -> 20 | AW25: =COUNTIF($AU$3:$AU$26,AU25)-1 -> 5 | AY25: 23 | AZ25: المجموعة 3 | BA25: =COUNTIF('29 فريق'!$E$4:$E$258,AY25&" ضد *")+COUNTIF('29 فريق'!$E$4:$E$258,"* ضد "&AY25) -> 18 | BB25: =COUNTIF($AZ$3:$AZ$31,AZ25)-1 -> 9 | BD25: 23 | BE25: المجموعة 2 | BF25: =COUNTIF('34 فريق'!$E$4:$E$276,BD25&" ضد *")+COUNTIF('34 فريق'!$E$4:$E$276,"* ضد "&BD25) -> 16 | BG25: =COUNTIF($BE$3:$BE$36,BE25)-1 -> 16
AT26: 24 | AU26: المجموعة 4 | AV26: =COUNTIF('24 فريق'!$E$4:$E$246,AT26&" ضد *")+COUNTIF('24 فريق'!$E$4:$E$246,"* ضد "&AT26) -> 20 | AW26: =COUNTIF($AU$3:$AU$26,AU26)-1 -> 5 | AY26: 24 | AZ26: المجموعة 3 | BA26: =COUNTIF('29 فريق'!$E$4:$E$258,AY26&" ضد *")+COUNTIF('29 فريق'!$E$4:$E$258,"* ضد "&AY26) -> 18 | BB26: =COUNTIF($AZ$3:$AZ$31,AZ26)-1 -> 9 | BD26: 24 | BE26: المجموعة 2 | BF26: =COUNTIF('34 فريق'!$E$4:$E$276,BD26&" ضد *")+COUNTIF('34 فريق'!$E$4:$E$276,"* ضد "&BD26) -> 16 | BG26: =COUNTIF($BE$3:$BE$36,BE26)-1 -> 16
AY27: 25 | AZ27: المجموعة 3 | BA27: =COUNTIF('29 فريق'!$E$4:$E$258,AY27&" ضد *")+COUNTIF('29 فريق'!$E$4:$E$258,"* ضد "&AY27) -> 18 | BB27: =COUNTIF($AZ$3:$AZ$31,AZ27)-1 -> 9 | BD27: 25 | BE27: المجموعة 2 | BF27: =COUNTIF('34 فريق'!$E$4:$E$276,BD27&" ضد *")+COUNTIF('34 فريق'!$E$4:$E$276,"* ضد "&BD27) -> 16 | BG27: =COUNTIF($BE$3:$BE$36,BE27)-1 -> 16
AY28: 26 | AZ28: المجموعة 3 | BA28: =COUNTIF('29 فريق'!$E$4:$E$258,AY28&" ضد *")+COUNTIF('29 فريق'!$E$4:$E$258,"* ضد "&AY28) -> 18 | BB28: =COUNTIF($AZ$3:$AZ$31,AZ28)-1 -> 9 | BD28: 26 | BE28: المجموعة 2 | BF28: =COUNTIF('34 فريق'!$E$4:$E$276,BD28&" ضد *")+COUNTIF('34 فريق'!$E$4:$E$276,"* ضد "&BD28) -> 16 | BG28: =COUNTIF($BE$3:$BE$36,BE28)-1 -> 16
AY29: 27 | AZ29: المجموعة 3 | BA29: =COUNTIF('29 فريق'!$E$4:$E$258,AY29&" ضد *")+COUNTIF('29 فريق'!$E$4:$E$258,"* ضد "&AY29) -> 18 | BB29: =COUNTIF($AZ$3:$AZ$31,AZ29)-1 -> 9 | BD29: 27 | BE29: المجموعة 2 | BF29: =COUNTIF('34 فريق'!$E$4:$E$276,BD29&" ضد *")+COUNTIF('34 فريق'!$E$4:$E$276,"* ضد "&BD29) -> 16 | BG29: =COUNTIF($BE$3:$BE$36,BE29)-1 -> 16
AY30: 28 | AZ30: المجموعة 3 | BA30: =COUNTIF('29 فريق'!$E$4:$E$258,AY30&" ضد *")+COUNTIF('29 فريق'!$E$4:$E$258,"* ضد "&AY30) -> 18 | BB30: =COUNTIF($AZ$3:$AZ$31,AZ30)-1 -> 9 | BD30: 28 | BE30: المجموعة 2 | BF30: =COUNTIF('34 فريق'!$E$4:$E$276,BD30&" ضد *")+COUNTIF('34 فريق'!$E$4:$E$276,"* ضد "&BD30) -> 16 | BG30: =COUNTIF($BE$3:$BE$36,BE30)-1 -> 16
AY31: 29 | AZ31: المجموعة 3 | BA31: =COUNTIF('29 فريق'!$E$4:$E$258,AY31&" ضد *")+COUNTIF('29 فريق'!$E$4:$E$258,"* ضد "&AY31) -> 18 | BB31: =COUNTIF($AZ$3:$AZ$31,AZ31)-1 -> 9 | BD31: 29 | BE31: المجموعة 2 | BF31: =COUNTIF('34 فريق'!$E$4:$E$276,BD31&" ضد *")+COUNTIF('34 فريق'!$E$4:$E$276,"* ضد "&BD31) -> 16 | BG31: =COUNTIF($BE$3:$BE$36,BE31)-1 -> 16
BD32: 30 | BE32: المجموعة 2 | BF32: =COUNTIF('34 فريق'!$E$4:$E$276,BD32&" ضد *")+COUNTIF('34 فريق'!$E$4:$E$276,"* ضد "&BD32) -> 16 | BG32: =COUNTIF($BE$3:$BE$36,BE32)-1 -> 16
BD33: 31 | BE33: المجموعة 2 | BF33: =COUNTIF('34 فريق'!$E$4:$E$276,BD33&" ضد *")+COUNTIF('34 فريق'!$E$4:$E$276,"* ضد "&BD33) -> 16 | BG33: =COUNTIF($BE$3:$BE$36,BE33)-1 -> 16
BD34: 32 | BE34: المجموعة 2 | BF34: =COUNTIF('34 فريق'!$E$4:$E$276,BD34&" ضد *")+COUNTIF('34 فريق'!$E$4:$E$276,"* ضد "&BD34) -> 16 | BG34: =COUNTIF($BE$3:$BE$36,BE34)-1 -> 16
BD35: 33 | BE35: المجموعة 2 | BF35: =COUNTIF('34 فريق'!$E$4:$E$276,BD35&" ضد *")+COUNTIF('34 فريق'!$E$4:$E$276,"* ضد "&BD35) -> 16 | BG35: =COUNTIF($BE$3:$BE$36,BE35)-1 -> 16
BD36: 34 | BE36: المجموعة 2 | BF36: =COUNTIF('34 فريق'!$E$4:$E$276,BD36&" ضد *")+COUNTIF('34 فريق'!$E$4:$E$276,"* ضد "&BD36) -> 16 | BG36: =COUNTIF($BE$3:$BE$36,BE36)-1 -> 16
